date,NIFTY50_close,NIFTY50_ret,NIFTY50_vol5,NIFTY50_mom21,NASDAQ_close,NASDAQ_ret,NASDAQ_vol5,NASDAQ_mom21,SP500_close,SP500_ret,SP500_vol5,SP500_mom21,USDINR_close,USDINR_ret,USDINR_vol5,USDINR_mom21,INDIAVIX_close,INDIAVIX_ret,INDIAVIX_vol5,INDIAVIX_mom21,CRUDE_close,CRUDE_ret,CRUDE_vol5,CRUDE_mom21
2015-01-01,8586.25,-0.017962028054692266,0.0,0.0,4880.22998046875,0.02532301322380102,0.0,0.0,2059.68994140625,0.023321753309938232,0.0,0.0,63.02799987792969,-0.011521344739181004,0.0,0.0,15.029999732971191,-0.09484452968151458,0.0,0.0,50.09000015258789,0.16625522580536478,0.0,0.0
2015-01-04,8586.25,-0.017962028054692266,0.0,0.0,4880.22998046875,0.02532301322380102,0.0,0.0,2059.68994140625,0.023321753309938232,0.0,0.0,62.305999755859375,-0.011521344739181004,0.0,0.0,13.670000076293944,-0.09484452968151458,0.0,0.0,50.09000015258789,0.16625522580536478,0.0,0.0
2015-01-05,8586.25,-0.017962028054692266,0.0,0.0,5005.39013671875,0.02532301322380102,0.0,0.0,2108.2900390625,0.023321753309938232,0.0,0.0,63.52299880981445,0.019344300882611125,0.021825307324870084,0.0,13.670000076293944,-0.09484452968151458,0.0,0.0,59.150001525878906,0.16625522580536478,0.0,0.0
2015-01-06,8433.400390625,-0.017962028054692266,0.0,0.0,5082.93017578125,0.015372542434111361,0.007036045371388221,0.0,2111.72998046875,0.0016302966110293845,0.015338176125612809,0.0,63.73600006103516,0.0033475267292235114,0.015436257111686107,0.0,16.90999984741211,0.21270149756997833,0.21746788139651338,0.0,60.20000076293945,0.017595748767023394,0.10511812430145705,0.0
2015-01-07,8453.0498046875,0.0023272413922110482,0.014346680011226366,0.0,5013.1201171875,-0.013829402424912032,0.0203497629126873,0.0,2077.419921875,-0.016380805936269238,0.01987968946516586,0.0,63.59000015258789,-0.002293325356815125,0.012957721716424127,0.0,15.850000381469728,-0.06473562949617888,0.16953980074664354,0.0,56.959999084472656,-0.05532311395763058,0.1129260534645685,0.0
2015-01-09,7785.85009765625,-0.0822193036860631,0.04413760719033081,0.0,4636.10009765625,-0.07818498250442238,0.046630849448339146,0.0,1913.8499755859373,-0.0820097942801696,0.04543197859845672,0.0,66.3499984741211,0.042487510101920554,0.021218690678240188,0.0,28.71999931335449,0.5944241958809732,0.31986425949909725,0.0,45.40999984741211,-0.22661690928092443,0.1632594209892284,0.0
2015-01-10,7950.89990234375,0.020977121326094902,0.04490949020183553,0.0,4627.080078125,-0.0019475001481085571,0.040675687784994016,0.0,1923.8199462890625,0.005195857557302541,0.04073107879375269,0.0,65.5270004272461,-0.012481459815720608,0.021468109042532164,0.0,19.239999771118164,-0.4006022869303382,0.37418385757077727,0.0,44.7400016784668,-0.014864348171628882,0.14145276231608278,0.0
2015-01-12,7954.89990234375,0.0005029612007494414,0.039880318384842385,0.0,5156.31005859375,0.10829520227998078,0.06725997118620021,0.0,2102.6298828125,0.08887612151860604,0.061076000855958164,0.0,66.50800323486328,0.014860011851766757,0.021074430373378528,0.0,15.640000343322754,-0.2071596762726675,0.3881189032076147,0.0,41.84999847412109,-0.0667762331031875,0.09415995825924932,0.0
2015-02-01,8395.4501953125,0.053901836968050225,0.05026694314142925,0.0,4726.81005859375,-0.08697064998758697,0.07833333420513582,0.0,2058.199951171875,-0.021357095676963613,0.06173365395365766,0.0,63.02799987792969,-0.053743219653805296,0.035533197043239095,0.0,13.800000190734863,-0.12516315108422166,0.37693930070068754,0.0,52.68999862670898,0.23033389768277862,0.16477154799109545,0.0
2015-02-02,8797.400390625,0.04676635199343083,0.05471275377156855,0.0,4676.68994140625,-0.010659986559161288,0.07835321636568154,0.0,2020.8499755859373,-0.0183135877930748,0.06182765453990112,0.0,62.01300048828125,-0.016235021803974254,0.03608178414283825,0.0,20.40999984741211,0.39135636336109375,0.42213027927994135,0.0,49.56999969482422,-0.06103985228157388,0.1650398723767312,0.0
2015-02-03,8956.75,0.017951170286840845,0.021962844157391265,0.0,5008.10009765625,0.06846603893567274,0.07567252643668161,0.0,2117.389892578125,0.04666594450654497,0.047043245842137794,0.0,61.6510009765625,-0.005854582439925861,0.02491829903755149,0.0,15.850000381469728,-0.2528554449548395,0.30227917246037933,0.0,49.59000015258789,0.0004033977020102403,0.12238151687347296,0.0
2015-02-04,8956.75,0.017951170286840845,0.021962844157391265,0.0,4886.93994140625,-0.024490292397274037,0.07761385229742107,0.0,2066.9599609375,-0.024105237513229464,0.051037179945658935,0.0,62.16899871826172,0.008366996687324013,0.02703487539813148,0.0,15.850000381469728,-0.2528554449548395,0.30227917246037933,0.0,49.13999938964844,-0.009115848905665351,0.12202664214498046,0.0
2015-02-06,8236.4501953125,-0.08383798841258397,0.05521505382492328,0.0,5076.52001953125,0.038059662569056046,0.059926617360409315,0.0,2109.60009765625,0.020419492451905434,0.03148432538050562,0.0,63.61000061035156,0.022914237679467018,0.029087307469621314,0.0,16.81999969482422,0.0593991120103962,0.2624838003998697,0.0,61.2599983215332,0.22045371933319635,0.1382254406355962,0.0
2015-02-07,8444.900390625,0.024993305559160562,0.055573409689774436,0.0,5009.2099609375,-0.013347781086628516,0.03985683116723152,0.0,2076.780029296875,-0.015679770960467958,0.030581115816605005,0.0,63.57400131225586,-0.000566097913462293,0.014818582052499592,0.0,15.5600004196167,-0.07786509068327688,0.2461439927767224,0.0,56.93000030517578,-0.07330462568202786,0.11893746559238294,0.0
2015-02-09,7717.0,-0.09013706764368702,0.06493729427164616,0.0,4749.97998046875,-0.053137806834860225,0.0492172256722375,0.0,1948.8599853515625,-0.06357405266740841,0.04242666835821784,0.0,66.4229965209961,0.04383872729797429,0.02004732703477274,0.0,26.649999618530277,0.5380855905798931,0.32771881329388847,0.0,46.25,-0.2077609843651005,0.1551290798763187,0.0
2015-02-10,7717.0,-0.09013706764368702,0.06493729427164616,0.0,4707.77978515625,-0.00892398970117037,0.033033685278829224,0.0,1951.3599853515625,0.0012819791504934056,0.031438768352870045,0.0,65.61799621582031,-0.012193338784454593,0.021726331350661106,0.0,26.649999618530277,0.5380855905798931,0.32771881329388847,0.0,45.540000915527344,-0.015470383219034422,0.15492637329530667,0.0
2015-02-11,8050.7998046875,0.04234575363922792,0.06387599756637648,0.0,5127.14990234375,0.0853335165037274,0.053271214364512855,0.0,2104.050048828125,0.07533752418747057,0.0507902417138328,0.0,65.41500091552734,-0.003098386927465689,0.022844207121283808,0.0,19.479999542236328,-0.3134008615825656,0.33942904614633584,0.0,46.13999938964844,0.01308915877795544,0.15552738461573998,0.0
2015-02-12,7931.35009765625,-0.014948168047894492,0.060906143646064115,0.0,5123.22021484375,-0.0007667406440144226,0.050860233585628155,0.0,2079.510009765625,-0.011731788324718998,0.05015291430495765,0.0,66.46099853515625,0.015863683458676628,0.02206591760472115,0.0,15.489999771118164,-0.22919363506255286,0.33532505981979116,0.0,39.93999862670898,-0.144301945913538,0.0910742847523295,0.0
2015-03-02,8756.5498046875,0.09897869638671554,0.07037908941111334,0.0,4727.740234375,-0.08033585293168374,0.06318747564850334,0.0,2050.030029296875,-0.014277852253136434,0.05006726493445176,0.0,61.72800064086914,-0.07387764031172991,0.04363488691327128,0.0,19.809999465942383,0.24599219409879386,0.35408575027365025,0.0,53.04999923706055,0.2838565570746583,0.18972108492420264,0.0
2015-03-03,8996.25,0.02700585438636186,0.07047590423101727,0.0,4979.89990234375,0.05196245427721214,0.06338197978144926,0.0,2107.780029296875,0.027780833325274285,0.037288176400820806,0.0,61.9010009765625,0.002798703319645361,0.034933599939679746,0.0,15.489999771118164,-0.24599219409879372,0.37460184805066354,0.0,50.52000045776367,-0.04886554413514655,0.16018461366060952,0.0
2015-03-04,8996.25,0.02700585438636186,0.07047590423101727,0.0,4979.89990234375,0.05196245427721214,0.06338197978144926,0.0,2107.780029296875,0.027780833325274285,0.037288176400820806,0.0,62.060001373291016,0.002565330723564099,0.03574912952345126,0.0,15.489999771118164,-0.24599219409879372,0.37460184805066354,0.0,50.52000045776367,-0.04886554413514655,0.16018461366060952,0.0
2015-03-06,8135.10009765625,-0.10061977867712096,0.07434762214103047,0.0,5099.22998046875,0.02367975320561993,0.06269196553473291,0.0,2114.070068359375,0.0029797570122495217,0.03713170947188713,0.0,63.6619987487793,0.025486137459943194,0.039452328222232685,0.010059003491742047,17.510000228881836,0.12257751971657892,0.25075712236504305,0.0,59.63999938964844,0.16595717311927904,0.17098765327732052,0.0
2015-03-07,8484.900390625,0.042100113987819626,0.07432143795989694,0.0,5099.22998046875,0.02367975320561993,0.06269196553473291,0.0,2114.070068359375,0.0029797570122495217,0.03713170947188713,0.0,63.369998931884766,-0.004597272128411246,0.037713970633601844,0.017076993872092272,16.309999465942383,-0.07099377548051364,0.21639682951768863,0.0,59.63999938964844,0.16595717311927904,0.17098765327732052,0.0
2015-03-08,8543.0498046875,0.006829904884564667,0.07308481780797144,0.0,5115.3798828125,0.003162120926168679,0.04930569725717089,0.0,2098.0400390625,-0.007611437630199358,0.01716422936650559,0.0,63.97999954223633,0.009579980886372345,0.011402507924402406,0.007194256269136723,15.390000343322754,-0.05806041372978062,0.1900344085980551,0.0,45.16999816894531,-0.27789337053306046,0.2282880081050909,0.0
2015-03-09,7823.0,-0.08804995133219674,0.06686503695639509,0.0,4733.5,-0.0775867784485612,0.06019228077257804,-0.03006620201424537,1951.1300048828125,-0.07259489976801385,0.037082087152308804,-0.052706931437126125,66.22599792480469,0.034502576380245516,0.016180391189502933,0.03906736948325973,24.1200008392334,0.4493234364941131,0.2636710743072144,0.0,46.75,0.03438114660514847,0.2144491442634707,-0.06667997888627142
2015-03-11,8060.7001953125,0.02993231290992021,0.06741774878363788,0.0,5145.1298828125,0.08338572685335692,0.06085263165735838,0.02791785300982652,2109.7900390625,0.07817974056361246,0.05489888538325177,0.0007114770606548859,65.54100036621094,-0.010397197147249694,0.01913971274675618,0.03068092795945132,19.559999465942383,-0.20955476934996023,0.2541437077944126,0.30139719317717395,47.900001525878906,0.024301280537682587,0.16343293326491198,-0.1901944160572503
2015-03-12,7864.14990234375,-0.02468598110535075,0.052076189336209,-0.08409958918692673,5037.52978515625,-0.02113477349873998,0.05908430030784476,-0.008931932773997175,2049.6201171875,-0.028933967693936698,0.055066990135273546,-0.02941183951343207,66.55699920654297,0.015382804860749466,0.01769561424038232,0.0031198302514297005,16.059999465942383,-0.1971549620383957,0.2699960959613865,0.17483536037377911,41.08000183105469,-0.15359410663912315,0.17433664627055062,-0.31760795165397226
2015-04-02,8723.7001953125,0.10372903773385407,0.07055215132584902,0.03442262803153673,4716.7001953125,-0.06580639599873463,0.06431148389368342,-0.0591288289420242,2041.510009765625,-0.0039647323814393995,0.0548838856273869,-0.017285822539414242,61.61399841308594,-0.07716961977184958,0.04308174807273406,-0.059715872673047454,20.049999237060547,0.2218974404360183,0.286687955701815,0.18568890703621022,48.45000076293945,0.165010924450464,0.1740556060007324,-0.14940306282155535
2015-04-03,8922.650390625,0.022549549210307725,0.07097238165173651,0.05555398309342641,4967.14013671875,0.05173480533772868,0.07115753456439078,0.07140485151083231,2098.530029296875,0.027547378667572717,0.05699524555058448,0.09649661993720104,61.8129997253418,0.0032246021971345865,0.04261236255810014,-0.0705930607019093,15.199999809265137,-0.2769337003968501,0.3203805220009007,-0.04100949883663785,51.52999877929688,0.061631784567239535,0.11502199170279494,0.13477205356638078
2015-04-05,8331.9501953125,-0.06849548558971759,0.0645573894208719,0.07014007344177364,5016.93017578125,0.00997397860067858,0.05880039957298211,0.084254020045883,2114.489990234375,0.007576530474729824,0.040274793992133615,0.09911012946565201,63.52299880981445,0.02728833242085725,0.04095008551965253,0.007853635413521909,17.309999465942383,0.1299889230316845,0.22560950696747967,-0.3972841267481012,58.93000030517578,0.13418616537747804,0.1249929223334229,0.3171658045229484
2015-04-06,8130.64990234375,-0.02445668670950332,0.06548362916512175,0.022607503830731623,5059.1201171875,0.00837435041378377,0.04349259078482711,-0.01884873878836446,2095.840087890625,-0.008859174447426914,0.020849691528985286,-0.0032291916791332698,64.05899810791016,0.00840247785074518,0.04157166544310219,0.032993043450873616,18.1200008392334,0.04573200859457236,0.2136702033526175,-0.05821200338921184,58.0,-0.015907293482017568,0.12801949083384512,0.38590208159423556
2015-04-08,8516.900390625,0.046411611578817485,0.06603098445784426,0.07064834192516578,5105.5498046875,0.009135566775781636,0.042497242340513705,0.08012586530850085,2093.320068359375,-0.0012031145820311417,0.01434309686349779,0.017063510844757213,64.1240005493164,0.0010142132366870698,0.040325141637324306,0.04011288598045715,14.829999923706056,-0.2003641959248685,0.21435678838093541,-0.05179030702275622,45.7400016784668,-0.23746978525596518,0.1607550716564622,-0.131903532537182
2015-04-09,7655.0498046875,-0.1066869354785173,0.06308533499529563,-0.08819067154235438,4683.919921875,-0.08619279557975298,0.05086508888421335,0.001545961044955746,1921.219970703125,-0.08579096935535724,0.04335514385031094,-0.0493010397043081,66.16000366210938,0.031257388673854115,0.014055137420388155,0.06419606276649459,26.420000076293945,0.5774691509766411,0.33692504462588685,0.9144927326908288,46.04999923706055,0.006754520843229437,0.1396233743478523,-0.07101070162264311
2015-04-11,8040.2001953125,0.04908844754261349,0.06904090880277813,-0.08607090295894848,5142.47998046875,0.09340010008951069,0.06357112041884101,0.026832507376477688,2102.31005859375,0.09007638237824168,0.06247106050937516,-0.007121897595352089,65.53099822998047,-0.009552819957024087,0.017336579621509095,0.030199616431324072,19.36000061035156,-0.31091218860705977,0.3455310802304513,-0.0514453329206509,46.31999969482422,0.005846080542632499,0.13459046136549885,-0.06594072288166797
2015-04-12,7781.89990234375,-0.032653471031774337,0.06457030527879544,-0.13116924081349257,5142.27001953125,-4.082956562468086e-05,0.06360931895771549,0.05224743524298914,2091.68994140625,-0.005064444390438273,0.06236168553940833,0.011964421631821764,66.8030014038086,0.01922472461723495,0.01583159329865466,0.050791204342996776,16.09000015258789,-0.18501114288716314,0.35550493545526296,0.015141941031039163,39.970001220703125,-0.14744462341260095,0.10991079731134136,-0.1866096516655027
2015-05-01,8378.400390625,0.07385650033606844,0.07464357557427301,0.017234390052317305,4652.56982421875,-0.10007490270088301,0.07881567841672711,-0.08351197152407686,2020.5799560546875,-0.034587746489803124,0.06408935552726677,-0.0421976381687047,63.27799987792969,-0.054210295259721944,0.03296801735066865,-0.04734800909007897,14.149999618530272,-0.12848337335743595,0.35664698565024944,-0.15873960313540014,50.040000915527344,0.2246935006309052,0.17630969508999414,-0.18315373348715835
2015-05-02,8711.7001953125,0.039009960095944596,0.0737094016181907,0.031593007891920655,4765.10009765625,0.023898826424968662,0.0802908049117781,-0.048732208309264724,2062.52001953125,0.020543968455421873,0.06533360045507583,-0.0068664035499479414,61.86000061035156,-0.022663938344658543,0.03402893334971589,-0.057270807129016,20.6200008392334,0.37654692215852903,0.387599415321684,0.325192820254522,50.47999954223633,0.008754505270118835,0.13270171310493256,-0.11329704423614861
2015-05-03,8937.75,0.02561690746128208,0.039713888447374425,0.15818971102760138,4982.81005859375,0.04467545695183127,0.07165946958893359,0.04901706514182469,2101.0400390625,0.018503933207699566,0.046095321236823555,0.07808670446044652,62.30500030517578,0.007167907169342305,0.028477224025514187,-0.04754262121569963,14.4399995803833,-0.3562594148834324,0.2928821621190804,-0.45816135883383347,50.7599983215332,0.005531400614725549,0.1327327145913647,0.0975134772223396
2015-05-05,8324.7998046875,-0.071044891564511,0.05810424262821133,0.03403388565698351,4939.330078125,-0.008764290402569661,0.05552913748265751,0.04918460580905548,2089.4599609375,-0.00552683813483627,0.022413382071469087,0.07077114249683514,63.59299850463867,0.02046169358814576,0.03206174149085362,-0.043153128808326224,17.360000610351562,0.18416663998535213,0.296219870354658,-0.10882951651452588,60.400001525878906,0.17388052042420016,0.14872768964455405,0.32630655054038193
2015-05-06,8114.7001953125,-0.025561732316913787,0.056971115521609474,0.023117135846825176,5068.4599609375,0.02580730593282897,0.057626083228899665,-0.011446893990640139,2092.830078125,0.0016116136783707253,0.02232625270737918,-0.005332558847340185,64.0009994506836,0.00639532177359692,0.029983985141308452,0.03682281600271908,18.09000015258789,0.04119056345143041,0.28199511986746206,0.16785025305923829,59.130001068115234,-0.02125070230708003,0.11248208496142736,0.2815345004400047
2015-05-08,8567.9501953125,0.054351264481065656,0.0517994806592449,-0.021538118731882272,5139.93994140625,0.014004378626522632,0.019500686384784822,0.003263519009793381,2099.840087890625,0.0033439388361920655,0.011321278118964908,0.00977637906503337,63.81900024414063,-0.0028477441710725616,0.015954847502513733,0.03098494753427894,14.670000076293944,-0.20955471048656593,0.2949470495465852,-0.25946489289336905,45.150001525878906,-0.2697481142378233,0.15925012600101587,0.13044574557611166
2015-05-10,8119.2998046875,-0.053784600750859814,0.05294328730566505,-0.09747952705988605,4781.259765625,-0.07233733377321241,0.04518087651936553,0.011320319771561005,1987.050048828125,-0.05521004181699513,0.028093364887626066,-0.030721491670222534,65.35700225830078,0.023813628935239632,0.010969967306284105,0.05312602017486756,19.1299991607666,0.26545314222657684,0.26257771159460647,0.23499028040241732,46.2599983215332,0.02428730686120217,0.1601142552196852,-0.1279924790419954
2015-05-11,7955.4501953125,-0.020386666568956657,0.048094194808159546,-0.022083305698415212,5127.740234375,0.06996100093788298,0.05220578991997467,0.029687410375792922,2099.929931640625,0.055252826897890316,0.03919595929568425,-0.003724343881780001,65.58499908447266,0.0034824128888723666,0.011406793872861462,0.03020640843027622,19.290000915527344,0.008329134796732989,0.18254456160917956,0.10165623434484528,45.20000076293945,-0.023180516802586763,0.15959757876644232,-0.10530482277552444
2015-06-01,8127.35009765625,0.021377676244919323,0.04259585553269819,-0.04213959816945034,4592.740234375,-0.11018821512072834,0.0742836087149803,-0.09932671168661245,2002.6099853515625,-0.04745265581444335,0.04473836032977556,-0.052722984292716046,63.3380012512207,-0.03486151256469222,0.02144948877764931,-0.000504934214981656,17.420000076293945,-0.10196789857484571,0.17786206448354078,0.06805644676257683,47.93000030517578,0.05864451582127718,0.12950573743600155,-0.19634472173561313
2015-06-02,8661.0498046875,0.0636010106053664,0.04978810644533354,0.013812397527549702,4744.39990234375,0.03248810769806836,0.07524488447397826,-0.07252246929211059,2055.469970703125,0.026053195534243605,0.04737572514409393,-0.020290398451307534,61.733001708984375,-0.025666823098176857,0.023457849470651042,-0.035120316494666404,20.690000534057617,0.17203154176577387,0.19418637940879668,0.3443794718974369,51.68999862670898,0.07552269310146562,0.14090551235054233,0.14434360686439462
2015-06-03,8661.0498046875,0.0636010106053664,0.04978810644533354,0.013812397527549702,4927.3701171875,0.03784044634324728,0.07810133632980257,0.04095703331308753,2071.260009765625,0.0076526044571109736,0.04757244260868819,0.061569451846970935,62.44300079345703,0.011435491679395417,0.024945326926700206,-0.05712253872932205,20.690000534057617,0.17203154176577387,0.19418637940879668,0.3443794718974369,49.61000061035156,-0.041071874024167614,0.05045333688068224,0.06117648364388373
2015-06-04,8659.900390625,-0.0001327195161034922,0.044124032039723905,0.1069794695928672,4917.31982421875,-0.0020417700344164875,0.06958818480552408,-0.04427683339049571,2080.6201171875,0.004508860079339405,0.03754603061097479,-0.013825983313468404,62.060001373291016,-0.00615247217555931,0.019487058645478263,-0.053111776955948264,14.56999969482422,-0.3506859183081821,0.24160831167996494,-0.39593701542809334,52.13999938964844,0.0497399581833896,0.05238726454753583,0.08851769788522423
2015-06-05,8097.0,-0.06720959756691736,0.048562703174678666,0.004503306636886029,4919.64013671875,0.00047175398746081526,0.0597702413833349,-0.0234022732302005,2080.14990234375,-0.00022602299264056934,0.027347546836262424,0.014895338360624288,63.34400177001953,0.02047853715807069,0.023560342473030738,-0.048274373466759,19.670000076293945,0.3001300370180395,0.2514783052497244,0.005623753239006657,60.93000030517578,0.15579327246969052,0.07024876938295785,0.4832034466735433
2015-06-07,8522.150390625,0.05117507955727009,0.051698952763324334,0.08367089850171161,4991.93994140625,0.014589215140656921,0.01813314303867939,0.058354301672021824,2068.760009765625,-0.005490560861984901,0.012006597406851702,0.013347962963516702,63.40399932861328,0.0009467220398732918,0.01765969303650312,0.029051854475121486,16.020000457763672,-0.20525666606493934,0.26845890002318745,-0.002490598350487816,52.52999877929688,-0.14834125754137137,0.11668508003700793,0.0842104840476765
2015-06-08,8588.650390625,0.007772907377829405,0.051555764743072156,-0.015480793890655042,5056.43994140625,0.012838066760128905,0.015830920731939976,0.01797811260193094,2083.56005859375,0.007128598594917586,0.005546588346827496,-0.007133550863763771,63.69599914550781,0.004594812496180476,0.010173811340167788,0.03046283837595465,14.729999542236328,-0.0839517708171492,0.26749058194338227,-0.26533665322992617,44.65999984741211,-0.16230616873230586,0.13463548355526123,-0.13332037831611443
2015-06-10,8152.89990234375,-0.05206792943539424,0.04789672949502741,-0.08626926468956175,4748.35986328125,-0.06286340030781151,0.031858942363451756,-0.053532798562056394,1979.9200439453125,-0.05102153523857626,0.023967307035684948,-0.06364179868931252,65.12300109863281,0.022156053456540183,0.012418989546215125,0.025187763783141026,19.309999465942383,0.27073686938579866,0.28921546721914876,0.27039471764808853,48.52999877929688,0.08310389526819201,0.1430938459795195,-0.17648059514714565
2015-06-11,7954.2998046875,-0.024661041811762267,0.047620881237146286,-0.045325569857278314,5147.1201171875,0.08063809123981812,0.05102689168740772,0.017394329045684165,2099.199951171875,0.05849983446201003,0.03902125836197802,0.0016031105143292645,65.86000061035156,0.011253479916288289,0.009387957604597645,0.02811474664976088,19.46999931335449,0.008251715333887043,0.22125392544655983,0.1247833572532413,44.290000915527344,-0.09142319965724273,0.14366567804882116,-0.2363792945598734
2015-07-01,8102.10009765625,0.018410660997060093,0.03980394533061721,-0.003511380397681396,4650.47021484375,-0.1014690217599823,0.07157991378793373,-0.0891342964524473,2025.9000244140625,-0.03554223818954344,0.04251463251345234,-0.032207231452260676,63.56800079345703,-0.03542107466136446,0.021746841490154725,-0.008670696636149056,18.13999938964844,-0.07075537307699388,0.17765110992965535,0.0011036727090951715,48.650001525878906,0.09389290139012679,0.12479694622525782,0.06362045781869874
2015-07-04,8660.2998046875,0.0666260420650492,0.045016438320539295,0.01683704252551177,4910.22998046875,0.05435244395023857,0.07716022313957438,0.048316380802504666,2076.330078125,0.024587891517230318,0.04455724264056787,0.08073521501294212,62.060001373291016,-0.024008530405588487,0.024381845361521718,-0.061971010608732446,14.25,-0.24136250432560727,0.18770657240866773,-0.03910990739648723,53.97999954223633,0.10396175911318181,0.12357527039535605,0.1722041354301218
2015-07-05,8057.2998046875,-0.07217085288986265,0.055879671032267014,0.0525470127906531,4945.5400390625,0.007165388315688399,0.07690488080962916,-0.038296686064745455,2088.0,0.005604720185421951,0.044507722458586335,-0.006806825917639481,63.65999984741211,0.025454738308353007,0.02782298222412864,-0.028551348722052228,19.649999618530277,0.321320412187393,0.2362544748678822,-0.25624528532224466,58.93999862670898,0.08790635490012193,0.08249413579671412,0.2724524830533388
2015-07-07,8510.7998046875,0.05475743370447586,0.05749784040932423,0.05853083231053913,4997.4599609375,0.01044360731737962,0.06962434601343813,-0.028160726302534855,2081.340087890625,-0.0031947107375914986,0.03475828843985253,-0.0049480820798262215,63.3650016784668,-0.00464473443413733,0.024886940421610985,-0.05146474938393697,16.309999465942383,-0.18629893501331313,0.22112364588137218,-0.1575413764593776,52.33000183105469,-0.11895009863508402,0.11036543542229266,0.3092319297691064
2015-07-08,8564.599609375,0.0063014611146929725,0.054616218516397357,0.10057951359609718,5043.5400390625,0.009178448684742156,0.057905421702889134,0.08403317513013375,2077.570068359375,-0.001812984855288856,0.02174434558564462,0.02820482908083699,63.733001708984375,0.005790823601849343,0.024075751458042572,0.007190521696836871,14.90999984741211,-0.089746265346022,0.22081081965017993,-0.07333749496490782,43.869998931884766,-0.17633916454380974,0.13470144852354074,-0.12330139629809711
2015-07-09,7558.7998046875,-0.12492496178867771,0.08265654622117184,-0.0978230387335739,5043.5400390625,0.009178448684742156,0.057905421702889134,0.08403317513013375,2077.570068359375,-0.001812984855288856,0.02174434558564462,0.02820482908083699,66.6780014038086,0.045172575860374695,0.02675689361256007,0.07788556006982628,26.350000381469727,0.5694361709216833,0.35378101519976124,0.8621908898826276,43.869998931884766,-0.17633916454380974,0.13470144852354074,-0.12330139629809711
2015-07-10,8177.39990234375,0.07866181814251456,0.0857062777994047,-0.06133134531606599,4791.14990234375,-0.051337778494591486,0.037605778008526845,0.005466790655733078,1995.8299560546875,-0.04013899252468571,0.023536589754117494,-0.03233426238050241,65.18399810791016,-0.02266107346762523,0.02633786518415974,0.04620813399619239,19.34000015258789,-0.3092927915494959,0.3698891635028016,-0.062075685477668285,47.810001373291016,0.08600416053109912,0.1333381479894995,-0.05289219875509987
2015-07-12,7765.39990234375,-0.05169628383884103,0.08251089105386362,-0.13116836985329083,5101.81005859375,0.06282494448109,0.040417222921655324,0.02388210640194144,2077.070068359375,0.03989829779014305,0.028495146395454075,-0.011408621567164712,66.63600158691406,0.022030984844647113,0.025870195916139642,0.04785122818282317,15.869999885559082,-0.197744970587735,0.35094705871106024,0.09903049492594396,37.650001525878906,-0.23890185658804608,0.15123040706724908,-0.25827417709138945
2015-08-01,8234.599609375,0.05866678595119553,0.0832620112402239,-0.010835118853153691,4736.18994140625,-0.07436238756441692,0.054615591687916715,-0.04112706247723841,2062.139892578125,-0.007214053248073652,0.028449455366147416,-0.01307518156371712,63.27299880981445,-0.051786316800871486,0.03792882859486482,-0.011374832379455357,16.469999313354492,0.03710997517169789,0.3422116083872753,-0.05126735401532034,48.790000915527344,0.2591923978185031,0.20600506660335943,-0.19221854829551877
2015-08-04,8714.400390625,0.05663213276180244,0.08811255886353446,0.07390293921874269,4950.81982421875,0.044320181272501515,0.05946268604825633,-0.023210233014643422,2081.89990234375,0.009536664947421732,0.028936464362559648,-0.005222677127730613,62.30899810791016,-0.015352831788470394,0.0382585297177828,-0.02366069870185883,14.350000381469728,-0.13779053370998148,0.34608269744764153,-0.20674404309405892,50.41999816894531,0.03286249285133693,0.20220685968062743,-0.1473026000648363
2015-08-05,8191.5,-0.06187984333314841,0.06716761784402953,-0.043937019559060375,5003.5498046875,0.010594437547315342,0.05953182377898655,-0.02653535610796154,2116.10009765625,0.01629392661543605,0.029765588979244355,0.0077434514463237125,64.08200073242188,0.02805767741597205,0.03312194235451189,-0.019508262035028867,19.11000061035156,0.28646182140215215,0.2326734370262928,0.30265852153828243,59.38999938964844,0.16373796630702578,0.18787793985843823,0.3153930760247594
2015-08-06,8044.14990234375,-0.018151924242585243,0.05793556783642964,-0.009255712210597733,5021.6298828125,0.0036069373897313333,0.052737006760874006,0.05027338587952235,2079.280029296875,-0.017553123975839312,0.022208650020248355,0.04641552965570406,63.762001037597656,-0.005006106797174567,0.032085401868020724,-0.02779596054468192,18.88999938964844,-0.01157914098844951,0.18811569133915998,-0.012545728261733169,58.13999938964844,-0.02127196711799292,0.19035755603888685,0.2568093709286907
2015-08-07,8363.0498046875,0.03887806270747325,0.05296130382719822,0.051235266310279304,4909.759765625,-0.022529545820132415,0.04425047604980208,-0.04251004512450085,2046.6800537109373,-0.01580269966125494,0.015189393986159908,-0.025357930818236785,63.51800155639648,-0.0038340630912714014,0.028658461762388364,0.002841900622374105,17.790000915527344,-0.05999609606181396,0.1608949667800591,-0.07776049397657547,51.650001525878906,-0.11836365952444983,0.1496179616190952,0.14269912951479324
2015-08-09,7688.25,-0.08412998039358549,0.06126286814737786,-0.054027461888577544,4811.93017578125,-0.02012672546714761,0.02716548652271495,0.04772530781638662,1969.4100341796875,-0.03848497150805701,0.022203506288437622,-0.01657834097239197,66.8030014038086,0.05042465592764338,0.027458529957984965,0.08212786604359068,24.56999969482422,0.3228896209716463,0.21038073472979482,0.4104477374980251,45.93999862670898,-0.11715405774050915,0.11763613624891484,-0.04151891645725514
2015-08-10,8129.35009765625,0.05578779222729149,0.0610211165446361,-0.06138975286153947,4810.7900390625,-0.00023696765543005798,0.014776071524720383,0.013993368620961455,2013.4300537109373,0.022105739184782577,0.025344745179982187,-0.020452703075884315,64.93900299072266,-0.028299596947178842,0.030938107403054662,0.0399724895592648,19.559999465942383,-0.22803953680930922,0.236043618895262,-0.05461580661900667,49.43000030517578,0.07322136612495793,0.1227603022377566,-0.04372215866853246
2015-08-12,7701.7001953125,-0.0540398725048426,0.05956329563568143,-0.11064794652255172,5098.240234375,0.05803410818720324,0.03249381989801944,0.03467775164513753,2063.590087890625,0.02460746501998997,0.027417341155704895,-0.003703022237110609,66.76799774169922,0.027775476245310866,0.03089320563721656,0.07586200876937776,15.970000267028809,-0.20277465835553912,0.2206053440830617,0.09608789303557219,37.5099983215332,-0.275950014146153,0.12987097917503065,-0.24390248215988908
2015-09-01,8284.5,0.07294518995528249,0.07030218155093261,0.02315672471285657,4704.06982421875,-0.08046737403270014,0.04975481689694689,-0.04336712022466027,2044.81005859375,-0.0091423227695579,0.026705342358765156,-0.017211243079854777,62.667999267578125,-0.06337295118218943,0.044960867238550466,-0.010671926047485014,15.960000038146973,-0.0006263845357487822,0.22096130980057355,-0.18861210085190705,48.36000061035156,0.2540655190209789,0.20433402741269122,-0.07249710056665892
2015-09-02,8526.349609375,0.028775023562497858,0.06925433031675833,0.0004927416857862799,4726.009765625,0.004653191054118852,0.04994687179732459,-0.039358645289631955,2046.739990234375,0.000943374398808655,0.0257864107668961,-0.01606130023212815,61.9630012512207,-0.01131348593992909,0.045100576250581136,-0.022727242644807077,22.020000457763672,0.3218655576712508,0.2701270560767897,0.37453182450392863,52.86000061035156,0.08897388235511879,0.20469076994085497,-0.13244706473665813
2015-09-03,8756.75,0.026663508953156275,0.04874854395332035,0.019572296196674888,4942.43994140625,0.04477787940406128,0.054144469575508,-0.009915984683512735,2079.429931640625,0.015845506125568627,0.01448055921580295,0.005157641207598873,62.45299911499024,0.007876806773733114,0.03489895217814916,-0.01951456994462164,15.8100004196167,-0.3313084743204736,0.2586537626238276,0.07331981744355187,50.0,-0.05562391529456461,0.1972530521346719,-0.048162932383200574
2015-09-04,8778.2998046875,0.0024579132396733436,0.04638586104585117,0.07670889006793313,4974.56005859375,0.006477811738678647,0.054054383112321046,-0.0161931880456051,2091.179931640625,0.005634682443749153,0.01309311144818814,0.003657141062695324,62.18199920654297,-0.004348703641433529,0.033985819930533775,-0.04516072420611439,14.420000076293944,-0.09202654061495581,0.2471641036866624,-0.25323664033616755,50.790000915527344,0.015676497410747614,0.19481175864650263,0.13725931681727155
2015-09-06,8022.39990234375,-0.09004512797365215,0.06050049757834315,0.008561419525087377,5013.8701171875,0.007871159102436184,0.046232923145783804,0.055916202973456786,2080.14990234375,-0.005288507715026444,0.009778717845883945,0.050623184862916615,63.97600173950195,0.028442484183226046,0.03416550656560673,-0.028606116814300364,18.010000228881836,0.22231103474881675,0.25901924472646326,-0.0749871153550189,60.13999938964844,0.16897566457264393,0.1222585524292316,0.2392334824311686
2015-09-07,8328.5498046875,0.037451731139172856,0.052559772639709956,0.027949507448909117,4922.39990234375,-0.018411898764384226,0.022682439276589913,-0.04365940753808206,2051.31005859375,-0.013961317535437725,0.011231560942615815,-0.022813402101781954,63.5620002746582,-0.006492228393909233,0.015968292669686038,-9.439527315524554e-05,17.440000534057617,-0.03216072279305897,0.26015153084934806,-0.03858869234528628,52.77999877929688,-0.13054285946449773,0.11760156554333014,0.19169107446988298
2015-09-09,7818.60009765625,-0.06318382506103724,0.056387258111257735,-0.0971905968631327,4756.52978515625,-0.034277830970049765,0.030061004983572816,0.02280620354775542,1942.0400390625,-0.05473965492196178,0.027160178073044522,-0.04139394063920643,66.40599822998047,0.04377157536571587,0.021730850044234726,0.070028951990321,24.299999237060547,0.3317098698464141,0.2630497546321222,0.7052631043551261,44.150001525878906,-0.17853934633582785,0.13631434118461266,-0.09249742772579905
2015-09-10,8189.7001953125,0.046371768118979376,0.060751420900344355,0.016432352504492043,4830.47021484375,0.015425450260769252,0.020921323718047398,-0.01624359061434144,2014.8900146484373,0.03682562351438269,0.03319779717952143,-0.02959070146113052,64.99500274658203,-0.02147700107296896,0.027059690332135476,0.020970827872601516,18.93000030517578,-0.24972833760730825,0.23708304912062478,-0.0366411871415776,49.630001068115234,0.11700254950970145,0.15115788698696922,-0.0805853744166386
2015-09-11,7915.2001953125,-0.034092304839074355,0.0605665375980948,-0.06998162605669112,5095.2998046875,0.05337469196978456,0.03371832573351849,0.030281782058605877,2078.580078125,0.031120395242880898,0.03720422484165455,-0.0045114568366858565,66.13300323486328,0.01735752864354786,0.0263184821067648,0.043683444852446573,17.040000915527344,-0.10518440621320999,0.23892554202093708,0.0447579076326341,43.869998931884766,-0.12336482029007251,0.1597563492194605,-0.25568374696220575
2015-09-12,7612.5,-0.03899335313091547,0.04918795428760165,-0.11116685575503271,5022.8701171875,-0.01431700104935966,0.034659425936035,0.005084614273774601,2047.6199951171875,-0.015006865149098875,0.037720925129538445,-0.016201145103399095,66.83300018310547,0.010529058512762483,0.024747533786626363,0.048640396513508266,16.729999542236328,-0.0183600874924118,0.2143267413595421,0.12206570848088316,37.15999984741211,-0.16599778099144347,0.12147442698261199,-0.2898911036276727
2015-10-02,8565.5498046875,0.11795668870407454,0.07513591463713344,0.1331891339913085,4787.64013671875,-0.04796388136048342,0.04066071425340272,-0.05073815224262934,2068.590087890625,0.010189117549005717,0.037536601170837285,-0.004322347826199335,62.130001068115234,-0.07296799200743022,0.044748846876424685,-0.06820840816973828,21.190000534057617,0.2363259098466058,0.2408630040776677,-0.19582541831918943,50.02000045776367,0.2971900247616883,0.2098124212373339,0.1401869540828522
2015-10-03,8712.0498046875,0.01695878066572308,0.06460064242277123,0.06538140591491826,4859.7900390625,0.014957609684533812,0.03782787198466413,0.01432644315411058,2044.1600341796875,-0.011880294365635084,0.02381963493893152,0.02421552897248702,62.67300033569336,0.008701756974069155,0.03742985611564673,-0.0385216900635631,15.529999732971191,-0.31075577751728284,0.21569460025521045,-0.1970010542687034,48.290000915527344,-0.035198415756692726,0.19001171993477145,0.010039730777010147
2015-10-04,8780.349609375,0.007809123283884826,0.06319654589259148,0.13070153756343172,4995.97998046875,0.027638350003178814,0.03909915774367883,-0.020743633516252635,2102.06005859375,0.027930880280346862,0.021563970570130462,0.012031366016512779,62.31399917602539,-0.00574463181525897,0.037048289814047494,-0.06485987015969796,14.260000228881836,-0.08531518892944054,0.19688069271003453,-0.10144925446044062,51.63999938964844,0.06707203531469233,0.18474198550039359,0.3715802734869331
2015-10-06,8124.4501953125,-0.07763816803272816,0.07361107271680416,-0.013376414068401843,5076.68994140625,0.016025877735038902,0.030607474363780314,0.07189323152417737,2105.199951171875,0.0014926071380318034,0.017465251709857597,0.020881249981501204,64.03800201416016,0.027290582186429234,0.03899176569406592,0.012090515997908335,17.079999923706055,0.18044975285679576,0.21942873391378087,0.037037075639520634,61.43000030517578,0.17360176598461297,0.17964083272777992,0.2590694640800013
2015-10-07,8360.5498046875,0.028646133388089634,0.069558411902414,-0.04060527059534402,4997.7001953125,-0.015681617196281947,0.03076457717232137,0.009469213737978821,2076.6201171875,-0.013668822902944364,0.017136232391094183,-0.00253604179062894,63.36399841308594,-0.010580836830266975,0.03782055426734675,0.016931748819787984,17.06999969482422,-0.0005856649651177177,0.21919128154010314,0.1895469854388887,52.7400016784668,-0.15252410739324923,0.17531463665302102,0.046013557988394016
2015-10-08,8525.599609375,0.019549165061659244,0.043516282974223365,0.04078613311054147,5101.7998046875,0.0206155346724869,0.016639439797657567,0.01963605916502642,2104.179931640625,0.013184181659050068,0.017506883439989872,-0.00563308230495696,63.733001708984375,0.005806656842546403,0.014742697325386791,-0.005446131822487321,15.470000267028809,-0.09841983708239926,0.1776926850806837,-0.19047620235820528,44.959999084472656,-0.15960102752816638,0.14347161484214763,-0.24297020463837393
2015-10-09,7788.10009765625,-0.09047641587296112,0.05692908415609142,-0.03183056106561333,4796.25,-0.06175901777558193,0.036983628469534666,-0.04488181886600329,1952.2900390625,-0.0749227475210839,0.039791756603509566,-0.061074020067089174,66.59700012207031,0.04395702469497081,0.023011251335932785,0.0444622037944038,24.75,0.46992280716865104,0.23817754820273745,0.3102170883903146,45.91999816894531,0.02112752691414317,0.14431926213050805,-0.21018234174386385
2015-10-11,7783.35009765625,-0.0006100909148157781,0.05592705936005179,-0.0693167828208231,5083.240234375,0.058114537089392085,0.044886673465518466,0.03533379982552298,2081.719970703125,0.06419139846577743,0.05019445223010186,0.017120368632437266,66.46800231933594,-0.001938869586720233,0.02232422823827071,0.04644353869225881,16.829999923706055,-0.385662485345196,0.31871629894879683,-0.05396295348042324,44.209999084472656,-0.03794972500687736,0.137780413574998,-0.1440465096148832
2015-10-12,7683.2998046875,-0.01293773236899127,0.04725763337175182,-0.0006438650294280368,5045.169921875,-0.0075175651862395675,0.04447230867379049,0.04847114101273964,2052.22998046875,-0.0142674637239539,0.050418975430871954,0.04205317574892886,66.88999938964844,0.006328806272621232,0.020868558528284283,0.0013023065432937742,16.290000915527344,-0.03261152485374992,0.30816585821793974,-0.3369962914993887,36.7599983215332,-0.18454073530220455,0.08936432323777965,-0.19982587243349692
2015-11-02,8627.400390625,0.115894113406918,0.07411127297807191,0.06126569614861843,4801.18017578125,-0.04956957683496904,0.049518361739949036,-0.001997564475526903,2068.530029296875,0.007911226960252917,0.05042538323960193,0.027366222871454404,62.34199905395508,-0.07041412922586844,0.04157829673897544,-0.039991435303350586,20.5,0.22987340732860892,0.32651549013996317,0.04805728832939571,48.84000015258789,0.2841394005394003,0.18772927403497175,-0.011936074225071591
2015-11-03,8699.9501953125,0.00837407061055951,0.07377897071533072,0.12961423772475156,4849.93994140625,0.01010456401030442,0.048204291383186985,-0.04870313707356899,2040.239990234375,-0.013770781031961525,0.04999822100715111,-0.011315279033985992,62.7130012512207,0.005933441842548407,0.041585240554602845,-0.060732635808037894,15.130000114440918,-0.3037453507802567,0.3590371696366407,-0.05259863109220664,48.16999816894531,-0.013813269736961061,0.1702326774211302,0.2841908910801676
2015-11-05,8325.25,-0.044024235521782695,0.06065844211724289,0.004918824310459202,4993.56982421875,0.029184727967455963,0.040372390517971014,0.0615424538363607,2105.330078125,0.03140481834310325,0.033254551175656344,0.029596890565410483,63.70399856567383,0.015678549817371972,0.03495889206561317,0.016531552151078266,18.6299991607666,0.20809360420197232,0.28375512609366055,0.16729317770914154,59.25,0.20702939738545742,0.19124029438804385,0.22518608875528856
2015-11-06,7965.35009765625,-0.04419216854160069,0.06605525099178566,-0.06579597804691384,5082.509765625,0.017654138315094416,0.030737484295792344,0.07543361475742816,2108.860107421875,0.0016753065082881064,0.018783603980212362,0.030350761446932273,63.79899978637695,0.0014901804586757291,0.03516220608579848,0.02963056175591694,17.809999465942383,-0.04501307225089882,0.2184347799294687,-0.1911898684968898,60.77000045776367,0.02533047366474791,0.18590374559013734,0.14964055535525467
2015-11-08,8462.349609375,0.060525969758414566,0.06926505670600248,-0.033619823636052204,5036.7900390625,-0.009036205773253921,0.03083732494620619,0.019089781317485288,2084.070068359375,-0.01182482268060462,0.018260009644223772,0.0022314465364501324,63.8380012512207,0.00061113103160614,0.03466111992860049,0.022176711380671454,15.890000343322754,-0.11407006516034,0.22545537666135257,0.005060083591572395,43.08000183105469,-0.34403735888821085,0.24380147434206903,-0.13839996337890625
2015-11-09,7789.2998046875,-0.08287589468513179,0.055687434697588335,-0.11266418577682735,4822.33984375,-0.043509727133078865,0.028444687260277227,-0.03059973405704164,1961.050048828125,-0.060842676395915396,0.03335769339016164,-0.0622279703642753,66.31900024414062,0.03812779205700154,0.015592314543298168,0.06653052475614762,24.979999542236328,0.4523854842173852,0.29472097696212957,0.7323161865513936,44.630001068115234,0.0353474077820745,0.2010470029271782,-0.12128371207665989
2015-11-11,7789.2998046875,-0.08287589468513179,0.055687434697588335,-0.11266418577682735,5067.02001953125,0.04949362241557859,0.03607052980740895,0.010600574227392245,2075.0,0.05648108469922218,0.04461995183656651,-0.0024757361659116794,66.19300079345703,-0.0019017068291167303,0.01675132537352636,0.034653604377814506,24.979999542236328,0.4523854842173852,0.29472097696212957,0.7323161865513936,42.93000030517578,-0.03883541322869948,0.201227184407015,-0.2861656012493229
2015-11-12,7610.4501953125,-0.02322864346817302,0.05334378819294159,-0.05134993419000444,4933.47021484375,-0.02671023948015782,0.03681083670591432,0.0022489665040683615,2012.3699951171875,-0.03064802415820029,0.04349140497516343,-0.018983021758913088,66.78600311279297,0.00891879518977829,0.016530604288862286,0.05072217400653689,17.18000030517578,-0.3743295520526821,0.31618316308382677,-0.046085503229201574,35.619998931884766,-0.18666364147002817,0.16187717540229743,-0.3251231573378357
2015-12-01,8323.0,0.08950043825480358,0.07251661604136797,-0.0006663590682229881,4664.7099609375,-0.05601697903516778,0.04124342779098347,-0.019303952327869967,2028.260009765625,0.007865157929885144,0.04395796787593348,0.04439659789133232,62.34799957275391,-0.06876193657340644,0.039241600400412295,-0.06110891734768742,16.110000610351562,-0.06430569924415709,0.2998850982624213,-0.07626146117993349,46.06999969482422,0.25725472444852526,0.2273786060341865,0.043488065743777726
2015-12-02,8711.5498046875,0.04562694222013411,0.06992804367276569,0.11420838716369786,4857.60986328125,0.0405208603275213,0.04892233796084851,0.005618427861143083,2088.47998046875,0.029258231852099175,0.0467660582499495,0.03652306839842723,62.38199996948242,0.0005451839604816243,0.0392394215464503,-0.04020313357455807,20.15999984741211,0.22426020055893883,0.3198213709113426,-0.17037035060208638,51.209999084472656,0.10577283527290736,0.16506938941816737,0.03183554266277233
2015-12-03,8776.0,0.007371013988836924,0.06574488457893155,0.07158989837296814,4893.2900390625,0.00731836761458345,0.04459201504488066,-0.03964629626683758,2065.949951171875,-0.01084637389184036,0.033992171773236164,-0.00607632445150641,62.755001068115234,0.005961501398126677,0.032545933368075736,-0.05107891675131526,14.75,-0.31245735284849524,0.3520384314847447,-0.2208135360691409,47.04999923706055,-0.08472395778067242,0.17345019117918636,0.07248690181445516
2015-12-05,8126.9501953125,-0.07683499951982731,0.06369757364571708,0.026752323981066306,4976.18994140625,0.01679963933674826,0.03795927966681042,-0.009293526348913006,2099.1201171875,0.015928119697698938,0.023461892954114147,0.025151210768170396,64.0199966430664,0.019957208973204403,0.035422594896068596,-0.042090038339325564,20.549999237060547,0.3316178210304066,0.31405759980277465,0.20598580592415283,60.75,0.25555623240477315,0.20036797314759533,0.6348223963792816
2015-12-06,7982.89990234375,-0.017883981720143997,0.06307407874705961,0.04865680162151076,5051.10009765625,0.01494153447055002,0.03615187036181051,0.05502919046001331,2094.110107421875,-0.0023895717054472874,0.015635759427989893,0.012336914732716808,63.999000549316406,-0.0003280152852111662,0.0346375600821117,0.03008207708144295,17.479999542236328,-0.16180355977669947,0.26839722989403814,0.04482964856672944,59.959999084472656,-0.013089424255229383,0.15474656046089394,0.1987204825218305
2015-12-08,8349.4501953125,0.04489395008918304,0.050924102645227044,-0.025228924506018213,5044.39013671875,-0.0013292988789616335,0.015637262994412267,0.037985200219032844,2086.050048828125,-0.0038563443892873106,0.01650847616209354,0.020492531870308195,64.32599639892578,0.005096381299724761,0.008141203743645012,0.02637493106088007,17.450000762939453,-0.0017176516696421136,0.26589432663995394,-0.17649833302774354,43.29999923706055,-0.3255250405768333,0.2173958846635575,-0.10333405640632931
2015-12-10,8143.60009765625,-0.024963337141977095,0.04474204070057523,-0.06524867508509846,4838.64013671875,-0.04164304404138153,0.023936812591437602,-0.031493289477760755,2017.4599609375,-0.03343307393233656,0.017820682083710522,-0.04024627998157504,64.77200317382812,0.006909612090697149,0.007499182083117709,0.03944545415644618,19.1200008392334,0.09139525914632057,0.24575157362190175,0.23116556136446054,47.09999847412109,0.08412035123719638,0.21465169161056075,-0.08791636268759184
2015-12-11,8143.60009765625,-0.024963337141977095,0.04474204070057523,-0.06524867508509846,5005.080078125,0.03381969450152267,0.02864921869376481,-0.014105620809573005,2045.969970703125,0.014032715260795942,0.01981215198215965,-0.028135085427766215,66.06300354003906,0.019735425566743733,0.009135270647554256,0.031621872359964165,19.1200008392334,0.09139525914632057,0.24575157362190175,0.23116556136446054,41.75,-0.1205735173289271,0.21806219565123428,-0.3203646460590631
2016-01-01,8143.60009765625,-0.024963337141977095,0.04474204070057523,-0.06524867508509846,5005.080078125,0.03381969450152267,0.02864921869376481,-0.014105620809573005,2045.969970703125,0.014032715260795942,0.01981215198215965,-0.028135085427766215,66.19300079345703,0.0019658433798610347,0.007815692089777195,0.044646841285616246,14.260000228881836,-0.2932765204794451,0.2399425201109723,0.0,41.75,-0.1205735173289271,0.21806219565123428,-0.3203646460590631
2016-01-02,7555.9501953125,-0.07489699647176903,0.04997626262738695,-0.1394476835814349,4620.3701171875,-0.07997859843436263,0.04582216948130698,-0.07550074301754028,1939.3800048828125,-0.05350365346094923,0.027133778216156673,-0.06608821284586253,67.87000274658203,0.025019422026114447,0.010040843980387527,0.06491144190082077,17.889999389648438,0.2267834323669455,0.20502148098783393,0.04742385653164738,31.6200008392334,-0.27790959297431816,0.17299565205839354,-0.4004550657391518
2016-01-03,7222.2998046875,-0.0451619235191738,0.044221745540589184,-0.11104140821067576,4689.60009765625,0.014872497968291673,0.045810961938357014,-0.08079495919313096,1978.3499755859373,0.019894814732168017,0.031389749682403996,-0.0597999981667815,68.21800231933594,0.005114342459830354,0.010037873324631515,0.02434046870421147,18.670000076293945,0.0426760982363623,0.19154086479970753,0.09373171705180883,34.400001525878906,0.08426675041375029,0.1937604420663797,-0.23487539532092072
2016-01-04,7713.0498046875,0.06574023948119438,0.059943860447141596,-0.07744705971812604,4914.5400390625,0.04685085432126006,0.05374631656356945,0.02466302612718274,2072.780029296875,0.046627563951809954,0.04104606189404225,0.0617172591282773,66.24800109863281,-0.02930320132873825,0.021228639006855624,-0.0033098816426911926,17.280000686645508,-0.07736815852773853,0.1959482386903518,0.11700067151739812,36.790000915527344,0.06716948526560867,0.1621354086959839,-0.19882398992760386
2016-01-06,8179.9501953125,0.05877238783310094,0.06317470081705515,-0.04054253423799237,4952.25,0.007643852640898421,0.04976757259076126,-0.025769042645120144,2099.330078125,0.012727567849005746,0.03699665014271463,0.008459402642867042,67.23100280761719,0.014729200128102742,0.020433979569831742,0.005097973106298559,15.84000015258789,-0.08701140709298498,0.19087713341272758,-0.3599999938348327,49.0099983215332,0.28679823067211496,0.21524493663004096,0.10857270609504255
2016-01-07,8328.349609375,0.01797924842021124,0.06254545936391033,0.06936858860883577,4862.56982421875,-0.018274950182684827,0.047534955745832844,-0.036193052064416475,2102.949951171875,0.0017228142422592023,0.03690061994029471,0.024714564734864775,67.5009994506836,0.004007912002521331,0.02041592207830369,0.08275320770935757,15.739999771118164,-0.0063331675715093,0.1273761305021344,-0.06476530941943504,48.9900016784668,-0.0004080947621209535,0.20370633475959932,0.3326986919302857
2016-01-08,8636.5498046875,0.036337864478345104,0.0444011506587167,0.10961856993792018,5184.2001953125,0.0640485076492882,0.032631764941733296,0.07977622282607322,2170.840087890625,0.0317731322505308,0.01733563598303846,0.04946027234060835,66.64800262451172,-0.01271732639435118,0.01741805204998036,0.06274618172917412,15.18000030517578,-0.03622643637655444,0.053230768034744746,-0.06813999680586458,40.060001373291016,-0.20123786539337363,0.17547640215239993,-0.17977065421511162
2016-01-09,8774.650390625,0.015863752131945668,0.02285942839766856,0.14204191085602025,5227.2099609375,0.008262091232761063,0.03317420195590008,0.07778859616596812,2170.860107421875,9.221977727320959e-06,0.020149526899549474,0.06402193752338659,66.97470092773438,0.004889871938028806,0.0173901340686571,0.051342183154934995,13.34000015258789,-0.12921174014543974,0.04744857108854811,-0.34926828523961506,43.15999984741211,0.07453577233600756,0.1750175159961573,-0.1040066122477683
2016-01-11,8626.25,-0.017057047081343795,0.028001502876419535,-0.00013334151342392353,5153.580078125,-0.014186033495751687,0.03283669220467344,0.03204325953953879,2111.719970703125,-0.027620684464550058,0.021610828337657303,0.0030351024974744067,66.66549682617188,-0.004627419870794002,0.010394393266577585,0.04493012507081673,15.739999771118164,0.16543817652199422,0.11318819592476355,0.04031722749922717,46.66999816894531,0.07818738387310652,0.17542945501876792,-0.21232070600936181
2016-01-12,8192.900390625,-0.0515419067303243,0.034793544358895895,-0.05828192039084279,5251.10986328125,0.01874782282666211,0.03305465075507202,0.033172606729958254,2191.080078125,0.036891841186405455,0.0263175201338785,0.03898787331305753,68.58799743652344,0.028430024823059234,0.015423353765861163,0.07440703173976493,16.690000534057617,0.05860454122455783,0.10989308519851705,-0.10413304960284042,51.060001373291016,0.08989991798133048,0.12238450049146883,-0.15978277129060237
2016-02-02,7455.5498046875,-0.09430927793462147,0.05235135864678838,-0.10446535483168673,4516.9501953125,-0.1506024262335987,0.08111267622397789,-0.10320855936388362,1903.030029296875,-0.14094724044358808,0.07246346549245926,-0.08686849919831086,67.88200378417969,-0.010346595503613864,0.016703566060472193,0.023567959925287818,18.040000915527344,0.07778179571192702,0.1130730650404884,0.012914174984945292,29.8799991607666,-0.535812106531148,0.2731531366013096,-0.3064067341977855
2016-02-03,7368.85009765625,-0.011697026000959752,0.04239828073474957,-0.07488685276690044,4703.419921875,0.04045285650702843,0.07590133890689793,-0.024660211790989095,1986.449951171875,0.042901733311501246,0.0745901198988916,0.012952194850370358,67.74600219726562,-0.0020055095776700315,0.015093564279858607,0.02346171627200344,18.989999771118164,0.051320947387109295,0.1074180401818475,0.19509121213443414,34.65999984741211,0.14839694770721734,0.2849009308721886,-0.22339235899830479
2016-02-05,7805.89990234375,0.057618176220560195,0.056038446865760205,-0.07757298354868292,4817.58984375,0.023983883523239012,0.0776428301036397,-0.049226206886848756,2081.429931640625,0.04670602317250777,0.08009072548597902,0.0030987622364457845,66.41799926757812,-0.019797356804762405,0.01815733161564759,-0.0055101941733709525,17.09000015258789,-0.10541900671544914,0.09788720249557564,-0.3158526635001726,44.77999877929688,0.2561753040255616,0.3117153225965216,0.04309337202352781
2016-02-06,8218.9501953125,0.05156264193906757,0.06557115946504799,0.05515905169890134,4971.35986328125,0.03141964643766658,0.08057954420063981,0.0076801210481616256,2105.260009765625,0.011383854934192333,0.07965057854542848,0.04615951086222991,67.4260025024414,0.015062644268177683,0.019444956527889523,0.08144612440631671,15.09000015258789,-0.12446122316437691,0.09793670305111647,-0.12165309170327787,49.16999816894531,0.09352206027398052,0.3126602909692877,0.38040425725368143
2016-02-08,8622.900390625,0.04797901286539702,0.0647847775432946,0.13303420551074607,5137.72998046875,0.03291792684990864,0.08195767481382141,0.10140395083345832,2157.030029296875,0.02429330951313612,0.07835628771858014,0.06348792507432521,66.7509994506836,-0.010061467111521697,0.013074019501217773,0.07003622011699706,15.6899995803833,0.038991257109115565,0.09492684147393209,-0.026070826446672357,39.5099983215332,-0.2187298822433586,0.3233334613626164,-0.1423920429074369
2016-02-09,8809.650390625,0.02142625560542021,0.028749169923823377,0.058470550357443196,5249.89990234375,0.021597666326359326,0.00752590687425661,0.08075783154753258,2179.97998046875,0.010583404389429603,0.01704212754736051,0.043811767819514014,66.79299926757812,0.0006290034547773262,0.012963007658754617,0.06434544069372228,12.9399995803833,-0.19270028335584877,0.10701737502271991,-0.35813493659106466,44.43999862670898,0.11758617192806736,0.17786872224870243,-0.13220075334499282
2016-02-11,8514.0,-0.03413588851125344,0.03785405300837923,-0.022676769245031814,5105.56982421875,-0.02787694400723439,0.025216116502495178,0.04338181130929253,2097.93994140625,-0.03835981051703865,0.03117816958722858,0.015484397488055857,66.67849731445312,-0.001715751814379382,0.012970521177424105,0.04152609826284093,16.799999237060547,0.2610555843512703,0.1805578843211054,0.13898299912274892,45.34000015258789,0.020049714575506715,0.1746524180333605,-0.03634429568971631
2016-02-12,8086.7998046875,-0.051478788799939494,0.0473949641607593,-0.07853238323980172,5255.64990234375,0.0289716036264025,0.02568501719325746,0.05615942402281493,2191.949951171875,0.04383565335994417,0.030370519416173702,0.04422321201359014,68.21649932861328,0.022803939377007847,0.013310721561525808,0.06589944753976207,17.93000030517578,0.06509646364129236,0.177532694530127,-0.12749387003186707,51.68000030517578,0.13088121693465324,0.1447757049219688,-0.1493004064991641
2016-03-02,7361.7998046875,-0.093928637079579,0.05694933212378851,-0.09414975756420008,4504.240234375,-0.15428444240062478,0.07909313647645433,-0.1082654971607071,1912.530029296875,-0.13636454814209872,0.07219217823901887,-0.08670990005800072,67.98600006103516,-0.0033846587053735716,0.012473632508443475,0.05689773757115857,18.59000015258789,0.036148505303973795,0.16097042775015893,0.06350118074485667,32.279998779296875,-0.4706230597937852,0.2575202210582499,-0.46164110620114807
2016-03-03,7475.60009765625,0.015339955150900995,0.04810210970747716,-0.06354831087617152,4707.419921875,0.044120743230295106,0.08109102591827198,-0.06680098202375373,1993.4000244140625,0.04141474761024413,0.07511786646082377,-0.04441409469830804,67.38800048828125,-0.008834834754468512,0.012194548665864518,0.04038777845780972,18.040000915527344,-0.030032244557086498,0.1641902633471016,0.03381089551817906,34.56999969482422,0.06853843952010431,0.2519791249391256,-0.2016166211560647
2016-03-05,7747.0,0.0356612749724223,0.05205847845335847,-0.07215447499174543,4763.22021484375,0.011783984582828685,0.08001998638237706,-0.01558700786666578,2063.3701171875,0.03449888946379489,0.07792501624475023,0.02275641506593562,66.37100219726562,-0.01520672057127647,0.01445409898367283,0.004662195793745383,17.459999084472656,-0.03267906740857559,0.12011806336984236,-0.08682017164740352,43.650001525878906,0.23321707213697507,0.2729658057318316,-0.07324834522314827
2016-03-06,8220.7998046875,0.059361832525329034,0.06375323716984935,0.009479800838141372,4942.52001953125,0.036951371308081515,0.08349140840704214,-0.012499312222230441,2099.1298828125,0.017182292085893374,0.07700223380700581,0.025982743085474436,67.29199981689453,0.013781108937355287,0.01592102647280809,0.016602949107364484,15.0,-0.15186229687354352,0.08367735993357267,0.051893391251101706,48.619998931884766,0.10783162967659314,0.27764890824513644,0.16455087261999446
2016-03-08,8544.849609375,0.038661212398493496,0.06070634287410507,0.13087691005109936,5159.740234375,0.04301090950959336,0.08520078234348943,0.11673742654967745,2163.7900390625,0.0303384144659023,0.07530414530375713,0.1157122552644072,66.6760025024414,-0.009196250523647883,0.011078120916611358,-0.0175924590514438,16.239999771118164,0.07942711953761256,0.08758892047253215,-0.09223027807843309,40.83000183105469,-0.17461779674203798,0.27909957248162215,0.2912713708847763
2016-03-10,8738.099609375,0.022364013452938473,0.016962585831047372,0.2098777184109275,5300.8701171875,0.026984744086526517,0.013461818181680366,0.1303458731666156,2161.199951171875,-0.001197731419545348,0.016838066510918084,0.09242549490354057,66.54650115966797,-0.0019441367637291556,0.011135182691149619,-0.024502346929531682,15.619999885559082,-0.03892518355484602,0.08184690303571668,-0.16336369460477784,48.810001373291016,0.1785180878571998,0.15722682027831042,0.41889532582059785
2016-03-11,8484.9501953125,-0.029398701090916746,0.03334160273168795,0.10007719516550884,5058.41015625,-0.046818744578240847,0.036194270815537916,0.02927438092760859,2088.659912109375,-0.034140930446744266,0.028004641122399216,0.007661151973703095,66.77749633789062,0.003465173767611143,0.011235617818683331,0.007992622124092241,16.469999313354492,0.05298836541389097,0.0909720060649769,-0.04687507761021148,44.65999984741211,-0.08885699503914449,0.17546857910809704,0.213916790868119
2016-04-01,7791.2998046875,-0.0852863274278242,0.058417044271489395,-0.04751256197717624,4903.08984375,-0.031186648817689087,0.04165512241397745,-0.009926832500378624,2012.6600341796875,-0.037065422709655044,0.030135930822771603,-0.0412846197215071,66.19300079345703,-0.008791413458259859,0.009567178703743994,-0.015439335586446945,16.84000015258789,0.022216515376351643,0.09209491180430741,0.0631313125231645,36.7599983215332,-0.1946679911680112,0.16872786067937612,-0.24994899856215247
2016-04-02,7404.0,-0.05098730679653448,0.05133805037284758,-0.11098832934852831,4509.56005859375,-0.08366598596864494,0.05258760815935892,-0.07259736690397378,1915.449951171875,-0.049504690757366625,0.03253840367311406,-0.08916046713119119,67.927001953125,0.025858898714372712,0.014393459976061179,0.0063110547385694105,18.209999084472656,0.07821382558822015,0.049298927635169104,0.15692499042387364,31.71999931335449,-0.14746287670778105,0.15282000539341917,-0.3525209588368562
2016-04-03,7485.35009765625,0.010927395300474867,0.04430677670690923,-0.13329393485422092,4717.02001953125,0.044977647643941306,0.053165364253893066,-0.09011615257521677,1999.989990234375,0.04318961918366261,0.037475324402191514,-0.07870229530460837,67.14299774169922,-0.011608988200296414,0.014889463709336595,0.007427006027116212,17.8799991607666,-0.018288120655063293,0.048521315749983175,0.17786553368317315,35.91999816894531,0.12434681733852473,0.1670211308301865,-0.10334505897211343
2016-04-04,7758.7998046875,0.035879867877243836,0.048266806757882356,-0.1157710610354179,4891.7998046875,0.03638304557150579,0.05527511340367832,-0.06416619166945503,2066.1298828125,0.03253505985859489,0.043328056210032675,-0.04824365432453093,66.35800170898438,-0.0117602876875674,0.016042464874795468,-0.009207942853159068,17.450000762939453,-0.024343030438482228,0.044415664310774365,0.30809599425336165,35.70000076293945,-0.0061434823016413625,0.1259658024433033,-0.17284520646076784
2016-04-05,7706.5498046875,-0.006757066619495682,0.0486675044189494,-0.10661645504274742,4725.64013671875,-0.03455726354833787,0.05382235749598348,-0.08303740990126329,2051.1201171875,-0.007291192966214142,0.04103598218974052,-0.028696917373683517,66.59200286865234,0.0035201413049169416,0.016045937547042217,-0.0011024287077791017,17.450000762939453,0.0,0.041442325244506605,0.10864047119994402,43.77999877929688,0.2040263540556043,0.17079837668663878,-0.06192413762663196
2016-04-07,8370.7001953125,0.08266694508693846,0.049641027031907245,0.021701692466681743,4725.64013671875,-0.03455726354833787,0.05382235749598348,-0.08303740990126329,2051.1201171875,-0.007291192966214142,0.04103598218974052,-0.028696917373683517,67.18199920654297,0.00882084940629946,0.01571595507536275,-0.02049918764987546,15.579999923706056,-0.11335165682420721,0.06834368329159289,-0.06650692479526843,43.77999877929688,0.2040263540556043,0.17079837668663878,-0.06192413762663196
2016-04-08,8551.099609375,0.021322347606417047,0.03388001719644736,0.146944200412785,5166.25,0.08914405640387028,0.0688129860677509,-0.016160367139647636,2164.25,0.053687838556757024,0.04258960592944561,-0.012245138090963614,66.76000213623047,-0.0063012119032622325,0.009258978483416256,-0.016528705480121753,15.140000343322754,-0.028647764859848275,0.044098303095028726,-0.16075390382649646,41.93000030517578,-0.0431754957511588,0.13898992321734704,-0.17880926013627274
2016-04-10,8769.150390625,0.02518004094676146,0.03257392996561957,0.1900296890846147,5289.66015625,0.023606914287895714,0.044590770110378534,0.1710689574880382,2150.489990234375,-0.006378162505396509,0.028376063284458082,0.130034711553622,66.38030242919922,-0.005703768481930249,0.008286111410790418,-0.02015911970849149,14.989999771118164,-0.009956973840300505,0.04512404978577972,-0.21063718000058052,48.68999862670898,0.1494720735289316,0.10560030590045415,0.6295180720968865
2016-04-11,8433.75,-0.038998411950093154,0.04499294561350818,0.08043276310367942,5046.3701171875,-0.04708480497261092,0.055515371566437204,0.07291507052506252,2085.179931640625,-0.03084056893207507,0.03405107499253537,0.04970172060489397,66.68450164794922,0.004572204510445966,0.0066806430249943755,0.004012502383539784,16.850000381469727,0.11696738259198547,0.08246962508938983,-0.014043286657421161,44.06999969482422,-0.09969437006072412,0.12985247167358938,0.27149451496938504
2016-05-01,7784.64990234375,-0.08008767948195922,0.06292272833461146,-0.05284133406921532,4891.43017578125,-0.03118446594825347,0.05676178796534569,0.015327235075241141,2016.7099609375,-0.03338769829860225,0.03508875468284018,-0.03109399443108396,66.60099792480469,-0.0012530055307956153,0.006567287470228271,-0.012235703541921383,16.700000762939453,-0.00894191432981777,0.08237683990751443,0.10669321365616113,35.970001220703125,-0.20309398028486644,0.17103183593540008,-0.19673956674306292
2016-05-02,7489.10009765625,-0.03870519034206136,0.044845952207280416,-0.1314871147301483,4363.14013671875,-0.11429271723639381,0.07661961968324744,-0.1223447393247159,1880.050048828125,-0.07016905317307831,0.045814267753099214,-0.10697489141142824,67.56400299072266,0.014355779793117331,0.008578635678478776,0.01217964594881793,18.11000061035156,0.08105554049007634,0.06465783258083185,0.15423843815737937,30.88999938964844,-0.15225280447261472,0.1362429052418007,-0.37177139434676887
2016-05-04,7603.2001953125,0.015120593858798525,0.04340178767791384,-0.13694643281149643,4843.93017578125,0.10453439803390992,0.08201676211079285,-0.05718475003637591,2045.1700439453125,0.0841825389068146,0.05804395675802762,-0.051858334762277414,66.13300323486328,-0.021407426321241898,0.013243544959851115,-0.009881215695537904,17.829999923706055,-0.015581878001697809,0.06189518539269694,0.3778980295127572,35.88999938964844,0.15002620098172437,0.16909915208443818,-0.09162235094077043
2016-05-05,7735.5,0.01725088618271017,0.04127106855368469,-0.09143763213530653,4717.08984375,-0.02653436008880289,0.0794652432504563,-0.10148956523073593,2050.6298828125,0.0026660687527860815,0.05837637980297675,-0.05933545207531521,66.62000274658203,0.007336959231234247,0.01358375741446366,-0.0008772628392513804,17.170000076293945,-0.03771874824325521,0.06765641784556137,0.022023860478349366,44.31999969482422,0.2109773473999509,0.18682728423037975,-0.0027002460754496083
2016-05-07,8335.9501953125,0.07475738716556474,0.059160397947791696,0.0308095163281501,4822.89990234375,0.022183335720884968,0.08023185669507045,-0.05536500951061896,2088.550048828125,0.018323062810529072,0.05802468276165111,-0.004475768058370133,67.23699951171875,0.009218809990042584,0.014063583998540305,-0.014358693666997935,15.359999656677246,-0.11139697398504478,0.06893907587361767,-0.1433352261436751,46.59999847412109,0.05016447283412381,0.18257919900787753,0.02778999376472835
2016-05-08,8683.150390625,0.04080690070861892,0.04150880466237912,0.179487437989845,5221.1201171875,0.07933657407140934,0.08750687387319903,-0.006570031451457847,2182.8701171875,0.04417050972840231,0.05711960161456395,-0.004142354609657395,66.84100341796875,-0.0059069681309414255,0.014452405611802567,-0.016841653311541638,14.350000381469728,-0.06801673657889797,0.07188703586692397,-0.22807959851081105,41.79999923706055,-0.10870418710884659,0.15813018569493895,-0.19117649012718263
2016-05-09,8683.150390625,0.04080690070861892,0.04150880466237912,0.179487437989845,5221.1201171875,0.07933657407140934,0.08750687387319903,-0.006570031451457847,2182.8701171875,0.04417050972840231,0.05711960161456395,-0.004142354609657395,66.57279968261719,-0.004020634903171475,0.012292963450640288,-0.012097121145563938,14.350000381469728,-0.06801673657889797,0.07188703586692397,-0.22807959851081105,41.79999923706055,-0.10870418710884659,0.15813018569493895,-0.19117649012718263
2016-05-10,8743.9501953125,0.006977643936820831,0.02751885714627594,0.16966532199253193,5316.02001953125,0.018012946033352586,0.05229369562203167,0.18022568577958875,2159.72998046875,-0.010657373563579505,0.037574794852454844,0.12925284695412387,66.5780029296875,7.815569971618366e-05,0.006724700059875706,0.003118842952026357,14.93000030517578,0.03962266320265345,0.056599774105169504,-0.1723947035764689,49.83000183105469,0.17572092776077236,0.12893611585127812,0.5436804124978374
2016-05-12,8128.75,-0.07295489478676626,0.05483863999929168,0.049277139537885706,5308.89013671875,-0.0013421071383897102,0.039168078190681,0.12777067370785566,2204.7099609375,0.02061275841771813,0.020639091993728993,0.10600478275079261,68.0114974975586,0.021302535081233198,0.011229234982277724,0.010692172659779065,17.290000915527344,0.14675572065492168,0.1017058265242471,-0.009736436303510065,51.790000915527344,0.03857984907414281,0.12679841549218138,0.49811979672309015
2016-06-01,7741.0,-0.04887628197864814,0.06126533313186132,-0.058364127102805474,4835.759765625,-0.09334454434437016,0.06265460284423147,0.015229098699907517,1990.260009765625,-0.1023306748822187,0.0572673938535631,-0.03543237677665345,66.52400207519531,-0.02211395572742204,0.015581704844300694,-0.002279687166916289,16.549999237060547,-0.04374229692245085,0.10220766736426819,0.10333328247070317,33.970001220703125,-0.4217192800062536,0.22934674636943644,-0.22176403131250222
2016-06-04,7614.35009765625,-0.016496240539705057,0.04488240709845844,-0.10889594952003023,4920.72021484375,0.017416649659365804,0.06236278075722018,-0.004410665935869584,2066.659912109375,0.03766844666837551,0.05991196746374709,-0.015468299969900068,66.46800231933594,-0.0008421522695895346,0.015438933842079988,-0.0011796088293760665,17.350000381469727,0.0472064726555854,0.0850103035066822,0.0683497922411076,37.75,0.1055076575878015,0.23679639357586305,-0.22357053004285998
2016-06-05,7733.4501953125,0.015520463669929624,0.03738221527593968,-0.11497344491067873,4736.16015625,-0.03822819113611208,0.04717926198149743,-0.08209329518238984,2057.139892578125,-0.0046171186256745,0.054190394924733924,-0.04928858371609057,66.60199737548828,0.0020139039865910953,0.015391212774646348,-0.002628115338651371,16.950000762939453,-0.023324649541960278,0.07457786700440243,0.08514730391323355,44.65999984741211,0.16809276730032133,0.2493614019914682,0.09380352301244277
2016-06-06,8201.0498046875,0.05870706968480078,0.05207945699688905,-0.033459287808411675,4968.7099609375,0.04793352742624668,0.054461834662274576,-0.06266144027430642,2109.409912109375,0.025091629449971033,0.056690203343698065,-0.023963557390614287,66.99199676513672,0.005838593269898237,0.015604437728486603,0.012070701767590286,15.359999656677246,-0.09850117346985134,0.0945573330263097,-0.06739524608098901,49.68999862670898,0.10672543498170288,0.2398496067057075,0.018029035620955813
2016-06-07,8201.0498046875,0.05870706968480078,0.05207945699688905,-0.033459287808411675,4859.16015625,-0.022294625588413285,0.05409610256603176,-0.03938984658130451,2099.72998046875,-0.004599490134718389,0.054969317657701196,0.0053000817869841566,67.4260025024414,0.006457576334255412,0.011775299878558623,-0.007375556645784598,15.359999656677246,-0.09850117346985134,0.0945573330263097,-0.06739524608098901,47.43000030517578,-0.046548731653332245,0.23939743828810203,0.0620241931757235
2016-06-09,8943.0,0.0866089323264425,0.054833511617881275,0.14781874965453135,5275.91015625,0.08228559032423342,0.049529266106347315,0.0760378300991642,2186.47998046875,0.040484180124620954,0.02214556377080477,0.08636329203004589,66.45999908447266,-0.014430488172901055,0.00849423591495786,-0.010172299125726814,12.75,-0.1862354337633489,0.08734431934159438,-0.2428741161240049,44.83000183105469,-0.05637734731197314,0.1009113778516474,0.2195322056038902
2016-06-10,8709.5498046875,-0.026451001012556152,0.04842705740492257,0.17633033558718259,5306.85009765625,0.005847251344227885,0.04979912409254369,0.17679996024071687,2160.77001953125,-0.011828287165469664,0.02266241230491049,0.12807438179697028,66.56320190429688,0.0015516517383918622,0.008515899788296857,0.0030923202933750282,14.84000015258789,0.15179497641700201,0.13021282083094973,-0.1850631027630476,50.43999862670898,0.11790688485873625,0.10258658180821946,0.5901639255544735
2016-06-12,8143.14990234375,-0.06724303129913392,0.06226590444083227,0.08787829508381506,5333.0,0.004915474326480032,0.04125109955327805,0.13058667928442724,2212.22998046875,0.023536399033988138,0.0219486854056675,0.1061205262379854,68.01249694824219,0.0215395660522742,0.012870029683632048,0.02133130133345973,17.110000610351562,0.14233687555487706,0.14848640727752138,-0.043064797905842056,50.93000030517578,0.009667663018087648,0.08258205746558354,0.41787313199830245
2016-07-01,7568.2998046875,-0.07320862530313262,0.07320384891061034,-0.024552766509700286,4689.43017578125,-0.12860285424294682,0.07615068927690354,-0.041369155931592294,1943.0899658203125,-0.12972157587043787,0.0667694817053129,-0.05955091110956712,66.7239990234375,-0.019126773285541354,0.01642345657970809,-0.006817305059609868,18.959999084472656,0.10266832496325314,0.15469062285091448,0.0865328513188468,33.27000045776367,-0.4257960430991389,0.20521883562270332,-0.0680672339844427
2016-07-03,7568.2998046875,-0.07320862530313262,0.07320384891061034,-0.024552766509700286,4708.25,0.004005211717201015,0.07613299949852104,-0.003679953660378543,2001.760009765625,0.029747326609770787,0.0699800094594765,-0.024064952124577488,66.93000030517578,0.003082608016218693,0.016117012919891437,0.002546407482109103,18.959999084472656,0.10266832496325314,0.15469062285091448,0.0865328513188468,37.900001525878906,0.1302950485595993,0.2266001622324008,-0.1343078441609863
2016-07-04,7546.4501953125,-0.002891165860471484,0.06462643481445268,-0.020774485785794772,4848.3701171875,0.02932630106456813,0.06333399320671829,-0.06153010071376719,2041.9100341796875,0.019858862607944627,0.06682986704852664,-0.0565276496801721,66.53299713134766,-0.00594927961174756,0.014805821187646416,0.002300301393042048,16.93000030517578,-0.11324423436878349,0.15768316577791577,-0.02979945186409705,37.2599983215332,-0.017030832223013725,0.22678336438493468,-0.11137614952667008
2016-07-06,8266.4501953125,0.09112789822030903,0.0664375094477438,-0.01245415527584881,4961.75,0.023115910932943337,0.0653242540305154,-0.061990779476174374,2112.1298828125,0.033811200423499145,0.07017914582985287,-0.01783784514044362,66.8010025024414,0.0040200658911367475,0.014902182338952507,0.001747045439542072,14.869999885559082,-0.1297414613948143,0.14032783976989682,-0.04557124785775257,50.36000061035156,0.301276901169892,0.2689934247572366,0.03429866565505524
2016-07-07,8337.900390625,0.008606254843190551,0.06687208902865614,-0.024932374605513785,4876.81005859375,-0.017267171482493602,0.06451354116318088,-0.03360040081409077,2097.89990234375,-0.006760063650648949,0.06843372327002879,0.00610017893905046,67.4010009765625,0.008941781140726008,0.011073981716084234,0.012011877849954278,15.3100004196167,0.029160484301636768,0.12360579478458551,0.011228538470206884,45.13999938964844,-0.10942846342782746,0.273129357152364,0.024279548496340952
2016-07-09,8917.9501953125,0.06725468850011172,0.0644539609799278,0.016968554313606,5283.93017578125,0.0801788426919911,0.03635898207973052,0.08024238022314423,2186.159912109375,0.04120974207306059,0.018627179698585197,0.08402296535149922,66.25520324707031,-0.017145867731611978,0.010308383817547846,-0.019371258151061,13.149999618530272,-0.152084507462938,0.11215916517317102,-0.12274851105288842,45.5,0.007943568088817063,0.1584861739541443,0.26494296513428317
2016-07-10,8697.599609375,-0.025019040829544106,0.04916119529193367,0.031284969245590544,5292.39990234375,0.0016016384342230293,0.036701586260071285,0.21297958271031825,2153.739990234375,-0.014940678668790345,0.024666281810967215,0.14557588058724646,66.68710327148438,0.006497578614945647,0.01078269355626015,0.008378570600419799,14.489999771118164,0.09703701092207474,0.11022115217203211,-0.14005938023282782,49.810001373291016,0.09050346869887536,0.15520283035951693,0.6124960297015372
2016-07-11,8497.0498046875,-0.02332805917484616,0.05304840422335653,0.09151341566809124,5166.169921875,-0.024140224252231352,0.04195322546139307,0.06652444077433017,2131.52001953125,-0.010370511844797493,0.026687894380249617,0.042221416180808546,66.7853012084961,0.0014714345652471748,0.010387679889290211,0.0024812136760612447,16.510000228881836,0.13050753125851808,0.1295521737703865,-0.01137727696870916,44.88999938964844,-0.10400075545854377,0.16946338142236023,0.25076623441224744
2016-07-12,8102.0498046875,-0.04760192947734371,0.044588812906360034,0.081845575441444,5393.759765625,0.04311109991085382,0.0440929778861083,0.14345071734674875,2241.35009765625,0.05024305706512332,0.031200336151421513,0.09300567422833583,67.72200012207031,0.013928077463192018,0.011987613895184752,0.007213299431469089,16.850000381469727,0.020384407642262386,0.10922305868706052,-0.06957483083471705,49.77000045776367,0.10319736287080865,0.10206204384500102,0.12296933214049455
2016-08-01,7601.35009765625,-0.06379121602679093,0.050788510401600685,-0.00024333144054133893,4643.6298828125,-0.1497463236631024,0.08777298775578231,-0.037170586817307005,1922.030029296875,-0.15369647206100928,0.08161313270808715,-0.07972996367728102,66.9209976196289,-0.011898308351178534,0.012881278519540528,0.0011967833750181622,17.799999237060547,0.05484773499874812,0.11006846308108441,-0.0016825960052652134,33.15999984741211,-0.4060680764025158,0.20951490851326804,-0.2884119971414326
2016-08-02,7387.25,-0.028570334731784015,0.017532133224710946,-0.04501971430418206,4283.75,-0.08066756852278992,0.07511394657142817,-0.1795342945858982,1853.43994140625,-0.03633859412831684,0.07474359808597708,-0.15091606833928417,67.802001953125,0.013078938189767353,0.010541431575224242,0.018464031501874256,20.26000022888184,0.12945009568149382,0.048128797586362466,0.17996506341628704,29.690000534057617,-0.11053401890206667,0.20634722914032527,-0.2897128929195293
2016-08-03,7485.2998046875,0.013185529923862939,0.028996640694443958,-0.10204600203865666,4648.81982421875,0.08178459193631767,0.09313832923288586,-0.125507464768978,1979.260009765625,0.06567970212792935,0.08726592287677701,-0.08356135828792621,67.0459976196289,-0.011212806370474818,0.012537445871540279,0.007029268967944979,18.46999931335449,-0.09250075308287681,0.0921820734629187,0.20247394050723644,36.5,0.2065019538249831,0.23552375691304622,-0.2675095593263106
2016-08-04,7555.2001953125,0.00929502262454155,0.034100348034099254,-0.129901031834059,4850.68994140625,0.042507564649024554,0.09809603647203889,-0.08630809519740756,2047.5999755859373,0.03394532126856731,0.0902924339156142,-0.07126106750329897,66.77899932861328,-0.003990265665926679,0.0127305456821179,-0.018121909005011316,16.43000030517578,-0.11703880641140996,0.10299378402928071,0.14494772602180372,39.720001220703125,0.08454260932123273,0.24215431816825667,-0.233056564615844
2016-08-06,8273.0498046875,0.09076712657784221,0.05765688187325641,-0.053854422784503364,4974.64013671875,0.025232082874389238,0.09585778713167088,0.02871945212849103,2119.1201171875,0.03433259979083744,0.0879758468850008,0.06474536331413794,66.76300048828125,-0.00023960762053149834,0.010169240524561605,0.003592664386243394,15.140000343322754,-0.08176867993764013,0.10772179948372963,0.0140656419192553,51.22999954223633,0.25447041910597135,0.2699479417063128,0.5080953106064077
2016-08-07,8323.2001953125,0.00604359939993076,0.04389093899646539,0.023921291134860745,4956.759765625,-0.003600779464874883,0.06082932369863219,0.007324039816881678,2129.89990234375,0.00507402094338843,0.038346779930115274,0.0306000952860348,67.49700164794922,0.010934134675782591,0.010218001956450378,0.015481123137560227,15.079999923706056,-0.003970913165308496,0.10026692967480931,-0.12781959946783972,45.40999984741211,-0.1205929472660166,0.17431162271764433,0.20291390324270497
2016-08-08,8711.349609375,0.045579908534357456,0.0359738738646504,0.12535197124079578,5213.14013671875,0.0504301333866932,0.03153366366340104,0.10071027261172971,2180.889892578125,0.023658016699325324,0.022003964475282044,0.06015633669176945,66.83499908447266,-0.009856295136389031,0.008904195460589261,0.003498419239152284,14.59000015258789,-0.03303298452744698,0.046069954654125944,-0.11842895316173874,43.02000045776367,-0.05406720726933159,0.1616361385244482,-0.03672188524970332
2016-08-09,8952.5,0.02730609461786358,0.0345584115395379,0.1757405274490389,5259.47998046875,0.008849771245361062,0.02253660791540153,0.05852022392476042,2181.300048828125,0.00018805061527251438,0.016023455050992823,0.03408068593309155,66.47160339355469,-0.005452041899148859,0.007867658866288766,-0.007767993144113139,13.119999885559082,-0.1061985981997709,0.04841260711872601,-0.24380405780442516,47.619998931884766,0.10158768414844369,0.1462393161153209,-0.041658276354058166
2016-08-11,8543.5498046875,-0.04675623345978712,0.05064982600760803,0.10475267686679213,5193.490234375,-0.012626195504883026,0.024989961229111988,0.06880408699741558,2139.56005859375,-0.019320823923960208,0.0209254791708267,0.01896914293527785,66.73500061035156,0.003954722246048036,0.008093778109151975,-0.010248299861241539,16.770000457763672,0.24545382833838658,0.14074345413882783,-0.010619486553023916,44.97999954223633,-0.057034882274624735,0.15223412638088824,-0.05165508638363003
2016-08-12,8246.849609375,-0.035345327543585256,0.03966453466704589,0.00558462706339391,5417.35986328125,0.042202623350471764,0.02793413138051861,0.02681048441730649,2246.18994140625,0.048635193684836805,0.0257191985072705,0.027308716050854942,67.43150329589844,0.010382754596193169,0.009354339489767815,0.014617878796401529,15.529999732971191,-0.07681798316548873,0.1400038408492901,0.011067713547769698,50.84000015258789,0.12246551296846822,0.10726728243362982,0.13406196912911894
2016-09-02,7298.2001953125,-0.12220349271816108,0.06659220801602711,-0.18392036281868496,4268.759765625,-0.23828525464351713,0.11924351246470292,-0.19561327584695087,1852.2099609375,-0.1928559218529574,0.09564106638802256,-0.14280097178536755,68.07599639892578,0.009512358566369686,0.00903059054460979,0.022727189368143108,21.729999542236328,0.3359201532361515,0.20289644422803202,0.7043136895871629,27.940000534057617,-0.5986240763793272,0.2926897839139687,-0.44607451834340783
2016-09-03,7531.7998046875,0.03150626196944684,0.0629955822691482,-0.13522512947410115,4674.3798828125,0.09077317651910817,0.1271401657981055,-0.12349899065957248,1989.260009765625,0.07138321555750371,0.10408647249230266,-0.10078968853675863,67.35700225830078,-0.010617809582065143,0.009277437654766296,-0.009637856560982372,17.510000228881836,-0.21592161383310846,0.23991386792114328,0.17991914075744364,38.290000915527344,0.31512941645629255,0.3476761508134281,-0.2481837681898441
2016-09-05,7866.0498046875,0.04342197449213179,0.06689463996137265,-0.03402861312629102,4750.2099609375,0.016092310817516192,0.1276172634240816,0.012961017197814284,2058.68994140625,0.03430711453307696,0.10669497608734632,0.05949285808654503,66.59400177001953,-0.011392355675349838,0.01067442220268823,-0.001948283306165588,16.610000610351562,-0.05276719899801999,0.23306157367618746,-0.02922267575475712,43.43999862670898,0.12619185461261212,0.3500515670856978,0.3056807342655776
2016-09-06,8203.599609375,0.042017029070653085,0.07158351630150843,0.08394220909351668,4958.6201171875,0.04293868047920302,0.13083868606602653,0.05317689527690761,2115.47998046875,0.02721189814561979,0.10787283710691042,0.05680999228096262,66.51000213623047,-0.0012621655618956671,0.010489544183853419,-0.006275185522639726,15.670000076293944,-0.058256899134513415,0.20653279979194666,-0.17352316281877178,50.560001373291016,0.1517801329880458,0.3566796893392165,0.3340369218393724
2016-09-08,8678.25,0.05624686074127038,0.0745335125453715,0.14997777437006343,5225.47998046875,0.052419156070971355,0.13191853571224366,0.0777807498533154,2181.739990234375,0.030840991227163723,0.10605198302854277,0.06847997889919899,66.79399871826172,0.004260892544540153,0.009147545815276074,0.003922889365690185,14.539999961853027,-0.07484459175493464,0.2063835469625388,-0.1411695392936343,42.77000045776367,-0.1673238440584797,0.3600836750059048,0.1478798278164748
2016-09-09,8866.7001953125,0.02148281309619647,0.013125331824964098,0.07261278853895137,5125.91015625,-0.019238555202073394,0.04112075856379421,0.03308513251373002,2127.81005859375,-0.025029409782119864,0.034432407940269964,0.0074238691042856075,66.44999694824219,-0.005163497726178102,0.0065583557004533785,-0.005254495307707274,13.229999542236328,-0.09441652595535005,0.06721669553056185,-0.11028919676828186,45.880001068115234,0.07019238260006609,0.17463901671008691,-0.08895948149205257
2016-09-11,8432.0,-0.05026871673960941,0.04258457133078125,0.011285767995118379,5251.06982421875,0.024123731165292185,0.027819757334638016,0.07674273985009772,2163.260009765625,0.016523038366532277,0.024299321300643707,0.031155017143027486,66.22949981689453,-0.0033237589788388065,0.0057063617824950445,-0.0173810647126047,16.6200008392334,0.22811989639625693,0.13433994184209738,0.08556501526532911,45.27000045776367,-0.013384743982076083,0.12889598120355694,0.0028799528106562278
2016-09-12,8261.75,-0.02039756229943409,0.04430541209229075,-0.07358195335710838,5444.5,0.03617409291829695,0.027974158985016373,0.03038833195690538,2259.530029296875,0.043540492338150584,0.026238675973494344,0.03356118497146299,67.40599822998047,0.017608028213791774,0.00919406817655268,0.017369126144233027,15.06999969482422,-0.09790084753483731,0.13931969066768837,0.14600761460010903,51.5,0.12893723610996843,0.12939447741356427,0.13186813186813184
2016-10-02,7215.7001953125,-0.13537719481515026,0.07348864479164958,-0.17038027508936893,4283.58984375,-0.23981451822354732,0.1206612635078858,-0.19061485851569837,1851.8599853515625,-0.19896630851668806,0.09973886150656851,-0.14016548248702998,67.9280014038086,0.00771433289460712,0.009170736883355287,0.01860776779091,22.46999931335449,0.39947506325106014,0.22898547652471904,0.5507246147886256,27.450000762939453,-0.6292156119203641,0.304559716549954,-0.44890584207735806
2016-10-03,7486.14990234375,0.03679539895529848,0.06840776167604666,-0.11897069283812778,4662.16015625,0.0846874869930431,0.1268279584048683,-0.097559657008354,1989.5699462890625,0.07172797648538733,0.10703670848143754,-0.06659570256975778,67.1449966430664,-0.011593931325338244,0.011577866131481436,0.0053858473056427325,17.899999618530273,-0.22738036410336346,0.26133103939497787,0.08419136101626679,37.84000015258789,0.32100055246680076,0.35975157558417387,-0.15705055319484507
2016-10-05,7887.7998046875,0.05226260360825631,0.07519665938058726,-0.026443925323199613,4809.8798828125,0.031193217844126552,0.12916714173924812,-0.10825099896618084,2084.389892578125,0.04655768697199167,0.11066151650492172,-0.0700293119054699,66.72100067138672,-0.006334654027485367,0.011745584715627491,-0.014781008370681192,16.420000076293945,-0.08630058286486557,0.2602983251573006,-0.025519305367414757,44.65999984741211,0.165711494779228,0.3684673088060657,-0.1026723038648164
2016-10-06,8170.0498046875,0.035157767650335445,0.07724183005225711,0.07481561824215932,4894.5498046875,0.017450189893555124,0.128724879638049,0.05403529743051472,2096.070068359375,0.005588000499416407,0.11025879252047587,0.09055011441531335,66.74099731445312,0.00029966048040382093,0.011536384604710445,-0.0026897433029746676,15.970000267028809,-0.02778812972311295,0.23914868955167592,-0.10280893530723212,49.06999969482422,0.09416960088726427,0.3710145844691918,0.4797949312612486
2016-10-08,8575.2998046875,0.048410950188284896,0.0801786275905374,0.1608243669413516,5204.580078125,0.06141672086819644,0.13164944742624984,0.21495887437992423,2175.489990234375,0.03718972657384141,0.10957541698012749,0.17375801698962956,66.78299713134766,0.0006290976907038095,0.007370540969124851,-0.015029125872740967,14.920000076293944,-0.06800937905842287,0.23669990967634336,-0.26357354848275905,41.709999084472656,-0.16250695762359416,0.37175246692165986,0.4048500617784365
2016-10-10,8708.7998046875,0.015448031184173256,0.014397821667658026,0.16345370685537675,5328.669921875,0.02356263924226642,0.028481724475913624,0.14624143833548153,2163.659912109375,-0.005452730466790977,0.031279462525477995,0.09316608299764817,66.59120178222656,-0.002876050733785165,0.005106226805907796,-0.006783340595251208,14.289999961853027,-0.04314261061686111,0.07974207685262585,-0.2263129132051006,41.709999084472656,-0.16250695762359416,0.37175246692165986,0.4048500617784365
2016-10-11,8525.75,-0.021242990431309255,0.030079410197445495,0.1284611631191006,5208.7998046875,-0.02275219597774455,0.030265257381572163,0.07382658294119526,2167.47998046875,0.0017640018307870037,0.02317160307404828,0.05854659421379815,66.50749969482422,-0.0012577447789895277,0.0028401518192055454,-0.0040656439377451115,15.460000038146973,0.07869605635444978,0.06442929047395564,-0.05903835964770121,44.65999984741211,0.06833735673632987,0.17540691985503654,0.22356163965512632
2016-11-01,7563.85009765625,-0.11971066310633072,0.06754349913855404,-0.0857240949558189,4637.990234375,-0.11606833218088392,0.06774285976476811,-0.0676732171758263,1923.6700439453125,-0.11933035069297228,0.059998214886702164,-0.09223171053729096,66.83999633789062,0.004986930269305672,0.002939965777443225,0.0011532712587249971,18.690000534057617,0.1897326044152438,0.10735084377742442,0.23447821071553232,31.40999984741211,-0.35195193430273974,0.21467404514267419,-0.20921452965514065
2016-11-02,6976.35009765625,-0.08085446136849028,0.06876050362636066,-0.1618187795620698,4266.83984375,-0.08340766345030833,0.07332482816213326,-0.13918768600802012,1829.0799560546875,-0.05042175853091682,0.06017709904764564,-0.141236659036436,67.89299774169922,0.015631254266070427,0.007431027042088417,0.005866869402813446,25.96999931335449,0.3289533491927239,0.16553282935275215,0.722148504293368,26.209999084472656,-0.1809853262877605,0.18692769121965153,-0.4883857247965824
2016-11-03,7510.2001953125,0.07373625122155342,0.07661137586753516,-0.13788327502891684,4748.47021484375,0.10694903632850294,0.08839862690692993,-0.08913436233990668,2022.18994140625,0.10036796940349486,0.08034415156554957,-0.07276843810957778,67.30899810791016,-0.008638974035802507,0.009238248458475441,0.007092077952128184,17.100000381469727,-0.4178635134179214,0.28423289774995364,0.17203565473826443,38.5,0.3845172588888838,0.28451183513137324,-0.1521691228943245
2016-11-04,7671.39990234375,0.02123699274167829,0.07744349413364007,-0.1430997037314996,4833.39990234375,0.017727627421095418,0.08774318136946596,-0.08101182620853431,2041.989990234375,0.009743764210175124,0.08106160208000754,-0.06386561017526793,66.54399871826172,-0.01143056542923034,0.01090844442753368,0.001089116570250459,16.010000228881836,-0.06586494451198226,0.2858174754947022,0.22027441833316774,40.36000061035156,0.047180969314354455,0.27890809817633955,-0.0618317019783311
2016-11-05,7848.85009765625,0.02286792136156141,0.08048357368645431,-0.08131277079348165,4760.68994140625,-0.015157530148978996,0.08773876640061715,-0.08333515101349454,2064.4599609375,0.010943854295096415,0.08154179030137809,-0.03510071958700256,66.66600036621094,0.0018317195841053406,0.01091692781099395,-0.0010339438601866258,16.959999084472656,0.05764403507738758,0.2849406517001348,0.01132967331679624,46.22999954223633,0.1357897174901662,0.2850024193088688,-0.029189404049266843
2016-11-07,8467.900390625,0.07591555347963595,0.06356535547922043,0.02680426971757921,4988.64013671875,0.04677075151879884,0.07082389028177906,-0.07913812952843569,2137.159912109375,0.034609131640731844,0.054344658724387394,-0.048539986439711136,67.13200378417969,0.0069658034920235725,0.011154627204708237,-0.00444153692383964,14.850000381469728,-0.13285768544528495,0.2727422987939297,-0.04378617921401384,44.7599983215332,-0.03231408215379359,0.21049251642144556,-0.004891089883105604
2016-11-08,8592.150390625,0.014566451008616343,0.030441051933333282,0.17729716377793814,5228.39990234375,0.046941930319121944,0.045034791340205514,0.22480537425564084,2185.7900390625,0.022499533412838352,0.03756314337216776,0.18009841495299894,66.75800323486328,-0.005586698072441747,0.007608141330874697,-0.019360615103436007,14.210000038146973,-0.04405394614338024,0.17968166848616948,-0.3460653319146568,43.4900016784668,-0.02878378074060344,0.17255791518548927,-0.1445711733292936
2016-11-10,8592.150390625,0.014566451008616343,0.030441051933333282,0.17729716377793814,5246.7900390625,0.00351118322723271,0.027182848166526066,0.12245691847911822,2136.72998046875,-0.02270072326699067,0.021371409456366165,0.07413307962718263,66.48509979248047,-0.004096329457814426,0.007074415803821386,-0.01294449628973593,14.210000038146973,-0.04405394614338024,0.17968166848616948,-0.3460653319146568,50.790000915527344,0.1551684376350314,0.08840880767640857,0.8178239063960142
2016-11-11,8296.2998046875,-0.03503943244062434,0.039354560946554124,0.10150296341177367,5237.10986328125,-0.0018466751156289974,0.02893742642699323,0.1025007118311998,2164.449951171875,0.01288965118074551,0.02137078409952913,0.05137248093483304,67.2145004272461,0.010911145134351426,0.007050161686744365,0.009317635834071636,17.360000610351562,0.20022279959717826,0.12970790911314756,-0.008566511511682195,50.790000915527344,0.1551684376350314,0.08840880767640857,0.8178239063960142
2016-12-01,7510.2998046875,-0.09953422302713652,0.06622504930557267,-0.045226004008772414,4685.919921875,-0.11120754222498715,0.06466023521733755,-0.05499517786556596,1938.6800537109373,-0.11015890822740004,0.058587889131914817,-0.0835743795214915,66.79299926757812,-0.006290730752274248,0.00797520350073556,0.004254955980425246,18.709999084472656,0.07488934696277896,0.12624859260973334,0.1264297650183317,30.440000534057617,-0.5119419523008089,0.2695177857254111,-0.20501436912440496
2016-12-02,6980.9501953125,-0.07309034706704949,0.07018912101534638,-0.14903816279200988,4337.509765625,-0.0772618544264735,0.06450477815521126,-0.16993084236523948,1864.780029296875,-0.03886425744164548,0.052715463089390784,-0.14527852189364254,68.4739990234375,0.024855823243688194,0.013657188655288362,0.025151964808426186,24.670000076293945,0.2765298422803625,0.16857764091223462,0.5743458810581294,29.440000534057617,-0.033403238536865304,0.24920901519651645,-0.32228357585728595
2016-12-04,7708.9501953125,0.09919697822348533,0.07868573673814738,-0.11169300316163977,4872.08984375,0.11622257436158635,0.08784014513600863,-0.049517120816196525,2061.719970703125,0.10039747228801409,0.0770122763637657,-0.031060144501010245,66.29000091552734,-0.03241502684643647,0.021412926190621635,-0.0024077658399211943,16.020000457763672,-0.4317499634191211,0.2781028747011401,0.10178820493765861,42.16999816894531,0.35935471233645877,0.3226961912645814,-0.16594151456605444
2016-12-05,7900.39990234375,0.024531361875280183,0.07985895587247811,-0.10898082394616182,4737.330078125,-0.028049268721906006,0.0873895605017542,-0.09783525325149978,2064.110107421875,0.0011586211457420654,0.07689836459790582,-0.04583355763808172,66.59100341796875,0.004530414543178259,0.02148947589994198,0.005458347142492048,16.329999923706055,0.01916593209563823,0.2761676475414896,0.234315985542787,46.70000076293945,0.10203515667420664,0.32627070961539845,0.0918868427195072
2016-12-07,8521.0498046875,0.07562617102166999,0.0884131047781798,0.010560935091022294,5022.81982421875,0.058517791619968965,0.09448042990518171,-0.07745067054481591,2152.139892578125,0.04176345321604183,0.07978735830893002,-0.047527643061317404,67.1449966430664,0.008284925430429333,0.02119592989342695,-0.003872082511463759,14.779999732971191,-0.09972900485720858,0.2615439925896584,-0.1107100489380648,46.79999923706055,0.002139005609591015,0.3167858562070691,0.020052269998412697
2016-12-08,8521.0498046875,0.07562617102166999,0.0884131047781798,0.010560935091022294,5232.89013671875,0.04097223887777609,0.07571195625267303,0.22161325607628668,2184.050048828125,0.014718327718578665,0.0517488414178341,0.17938184641615784,66.73999786376953,-0.006049968722870137,0.021178920224391575,-0.017489157865499205,13.770000457763672,-0.07078255146904165,0.25465842333045374,-0.08626405198316178,44.4900016784668,-0.05061870407669328,0.16913344219866308,-0.017229926472490442
2016-12-09,8715.599609375,0.02257492883561382,0.0662992403414929,0.054933834765636735,5211.89013671875,-0.004021152718802353,0.05627784627373355,0.11791314799252284,2159.0400390625,-0.011517277200726796,0.04438693680405126,0.08517925850736363,66.77799987792969,0.0005692418374914033,0.01620971419964501,-0.005465735102909042,15.239999771118164,0.10143118925589491,0.20348192517127248,-0.32176233926003517,46.290000915527344,0.03966149227647683,0.1602518509997688,-0.10116503076645933
2016-12-10,8715.599609375,0.02257492883561382,0.0662992403414929,0.054933834765636735,5239.02001953125,0.005191881539270543,0.03492297725120099,0.08922055169240894,2139.179931640625,-0.009241150472950889,0.021841177436635578,0.026285887903021665,66.79850006103516,0.0003069429619099026,0.0053503817935371695,0.0011615441745267407,15.239999771118164,0.10143118925589491,0.20348192517127248,-0.32176233926003517,50.18000030517578,0.08069057219863865,0.06126426133395177,0.8280509621305494
2016-12-12,8170.7998046875,-0.0645476792078589,0.06301462633258051,0.13236409267605898,5412.5400390625,0.03258402914930882,0.025773367177638534,0.10583000583198099,2256.9599609375,0.05359621165359989,0.029393105908762613,0.07675787895013264,67.46050262451172,0.009861654195661701,0.0065048808404404085,0.01078055976102088,16.190000534057617,0.06047026543641819,0.0855073549465779,-0.09553067714607355,52.83000183105469,0.05146269881569901,0.05063825798031543,0.3961416918081493
2017-01-02,8716.400390625,0.06463955406450914,0.055132214221476246,0.1643368760083317,5642.64990234375,0.04163530519184264,0.021266347762384463,0.08417006130042459,2279.550048828125,0.009959318755554274,0.026195480013939208,0.047832929161185866,67.50160217285156,0.0006090531808470511,0.005679614015000532,0.010760299363183234,13.970000267028809,-0.14748160829310894,0.10698000229157906,-0.14920827027292627,53.880001068115234,0.019680125530530973,0.04927664872532297,0.20644875172872146
2017-01-03,8945.7998046875,0.02597777311191827,0.05513578905512767,0.13413119326016099,5904.02978515625,0.04528133618632457,0.022228500735696308,0.10797438605069343,2395.9599609375,0.04980589283388588,0.03144579651229628,0.10736440025902838,66.7051010131836,-0.011869906534250687,0.007727894147686175,0.0017104246192991557,13.579999923706056,-0.02831407587087682,0.10009194395570899,-0.14965562325362491,53.83000183105469,-0.0009284047777567571,0.03105424322422705,0.09700432373820744
2017-01-05,8945.7998046875,0.02597777311191827,0.05513578905512767,0.13413119326016099,6091.60009765625,0.031275656829961106,0.015696519579302945,0.16948247697565577,2388.330078125,-0.0031895596707645353,0.02962490201790632,0.10189256631956889,64.25830078125,-0.03737051648735933,0.018298159677969324,-0.033818726066907834,13.579999923706056,-0.02831407587087682,0.10009194395570899,-0.14965562325362491,48.84000015258789,-0.09728131422162715,0.06788980303671238,0.17094224945139147
2017-01-06,9616.099609375,0.07225460988374989,0.05437497799921112,0.17699400116971642,6246.830078125,0.025163358558528272,0.008155116628361297,0.34688297354011177,2430.06005859375,0.01732156286893397,0.025058251977365307,0.26324161788674894,64.5000991821289,0.0037558510386900396,0.018734898098237442,-0.03500743991566113,11.3100004196167,-0.18291078928302285,0.12470702124147937,-0.24195708030947616,48.36000061035156,-0.009876613999152179,0.055508593209049134,0.08284820366280976
2017-01-08,10114.650390625,0.05054617011339951,0.055593800541697005,0.17950982717782615,6362.93994140625,0.018416377897995995,0.011184633479699821,0.491253521204126,2476.35009765625,0.01886976877769588,0.01952530632239637,0.35387744502854845,64.18949890136719,-0.004827132705372126,0.0164404838983448,-0.054549054593554636,11.90999984741211,0.05169104332604647,0.11200511353226536,-0.16655004344256807,49.15999984741211,0.016407243226338734,0.04791085038124906,0.565106656677123
2017-01-09,9974.400390625,-0.013963056811005901,0.03488289029230067,0.1453243402444837,6435.330078125,0.011312608441287139,0.012972211915536094,0.35524280177816303,2476.550048828125,8.074104709158555e-05,0.021052398437226755,0.22468715629448166,63.91189956665039,-0.004334063055897552,0.015782980762090355,-0.05047019918218831,11.68000030517578,-0.019500367027319027,0.09713210544168978,-0.2445019226160534,47.290000915527344,-0.03878140557829568,0.044528840136769506,0.8042732761308227
2017-01-11,10440.5,0.04567062427434274,0.03246618853399701,0.22458434741811573,6716.52978515625,0.042768486211209274,0.012069789114860442,0.3896077131750173,2579.360107421875,0.04067486544976563,0.017554906917148935,0.2631600153563054,64.67009735107422,0.011793355062055972,0.018707266759628416,-0.02816033606758961,12.140000343322754,0.03862781038350066,0.09335361470614473,-0.3504547888481442,54.29999923706055,0.13822533687380426,0.08721457145643464,0.4103895905730013
2017-01-12,10121.7998046875,-0.03100097966844668,0.04462808420804377,0.3381809097226638,6847.58984375,0.01932512259778076,0.011893210267337827,0.4383608107288972,2642.219970703125,0.024078114002925314,0.014569653857591925,0.27986011872240724,64.49939727783203,-0.0026430415804251993,0.007061438663029681,-0.03249937114087065,14.800000190734863,0.19812137974591543,0.1376340923745227,-0.43011164489618237,58.36000061035156,0.07210652122353416,0.0704161955352956,0.4459861181316074
2017-02-01,8179.5,-0.213060470307444,0.10718578005023739,0.17246122764795824,6847.58984375,0.01932512259778076,0.011893210267337827,0.4383608107288972,2642.219970703125,0.024078114002925314,0.014569653857591925,0.27986011872240724,67.9448013305664,0.05203975116555881,0.024263600655132462,0.01210745249016787,15.829999923706056,0.06727967541578111,0.08017832590901605,-0.07426903096095228,58.36000061035156,0.07210652122353416,0.0704161955352956,0.4459861181316074
2017-02-02,8734.25,0.065621054370806,0.11026855380273809,0.16298497681213497,5636.2001953125,-0.19468662851306157,0.09805154678868373,0.12980692951319583,2280.85009765625,-0.14707123847084277,0.07651328284016391,0.06723417594196435,67.39540100097656,-0.008118849210576814,0.024818553565977744,0.009547885425374991,13.520000457763672,-0.15773676460026403,0.12972727742681392,-0.15552777860841227,53.540000915527344,-0.0862016789208915,0.08865475348583465,0.1581224625929858
2017-02-03,8899.75,0.018771108033030448,0.11236210314918442,0.16012072285280898,5861.22021484375,0.039147695481124414,0.10051970909838412,0.12103517793585827,2381.919921875,0.04335862902308966,0.07975244991120146,0.08972951624238412,66.85800170898438,-0.00800578832893646,0.025387173971226192,0.005608804343647522,13.359999656677246,-0.01190496206238883,0.12911368825608763,-0.21226412866326794,52.61000061035156,-0.01752282784792988,0.09031514094637065,0.17537986110785586
2017-02-05,9313.7998046875,0.045473963852163055,0.11233217372828491,0.18664513767038304,6095.3701171875,0.03917167611113722,0.10317863586150755,0.1617331876837642,2391.169921875,0.003875900887152264,0.07986389852033807,0.11907912732634185,64.18000030517578,-0.040879352417667,0.03355844543701699,-0.0451465100950188,11.449999809265137,-0.15427542906850655,0.15158935654742137,-0.22895626160705107,47.65999984741211,-0.09881375887514833,0.10221959698093051,0.09588406548648187
2017-02-06,9653.5,0.03582339358564594,0.11506045889875298,0.14001104815635323,6305.7998046875,0.03394032800754782,0.10210152328595015,0.20406101252507902,2439.070068359375,0.019834093901168817,0.0772537691699874,0.12687755475187368,64.37229919433594,0.002991763404343837,0.03360594453058046,-0.03624182324175429,10.8100004196167,-0.05751804287360971,0.09607245244159725,-0.23926809355404077,47.65999984741211,0.0,0.06946006100640331,-0.0616263243097982
2017-02-08,10081.5,0.04338151720225887,0.016952068594946232,0.17333840094326658,6362.64990234375,0.008975128068640821,0.10139441672531418,0.3578230120069641,2477.570068359375,0.01566142156699733,0.07638006298188105,0.2779674828845109,64.05580139160156,-0.004928803618777048,0.0168787185473414,-0.0645237271788911,11.9399995803833,0.09942240235210605,0.10736668354052294,-0.3122120299198826,49.59000015258789,0.039696735109027825,0.05868197306781808,0.6291064153269119
2017-02-10,10081.5,0.04338151720225887,0.016952068594946232,0.17333840094326658,6516.72021484375,0.02392627295219188,0.01282164742389493,0.5024104997962451,2529.1201171875,0.020593193779476528,0.01434055442488307,0.35625654364237147,65.29329681396484,0.01913477863121275,0.021987378846844628,-0.015035511959527459,11.9399995803833,0.09942240235210605,0.10736668354052294,-0.3122120299198826,50.58000183105469,0.01976707386494715,0.05336401844066607,0.7180706832033272
2017-02-11,10423.7998046875,0.03338957331260969,0.01055847221111041,0.25643962369801776,6714.93994140625,0.02996367114866799,0.011610922329599602,0.37824632893834864,2579.85009765625,0.01985983307970009,0.00703203859414939,0.2513096513181772,64.55509948730469,-0.01137026410329904,0.022102381290179992,-0.03057325804036015,12.010000228881836,0.005845582328818802,0.09268871566811586,-0.3580972305418828,54.540000915527344,0.07537811676081023,0.06548469602794178,0.2933365730068138
2017-03-01,8192.25,-0.24090304899897758,0.12550894524703388,0.09080199366833064,5429.080078125,-0.21256518110613926,0.10630931021991011,0.14602106853271857,2257.830078125,-0.13332708593229742,0.0681447290630855,0.0938515682891965,68.13390350341797,0.0539558233217043,0.02610119129235234,0.01472793074379708,15.960000038146973,0.284345939262327,0.16700060534134806,-0.3530603976980382,52.33000183105469,-0.041364538829138243,0.04362295603782089,0.12055676608431942
2017-03-02,8740.9501953125,0.06483031634758746,0.1281712589620571,0.25211467647796537,5666.77001953125,0.04284958907898499,0.10757262411284099,0.12820491633156683,2297.419921875,0.01738251054926664,0.06787139939501527,0.06750491907979028,67.2656021118164,-0.012825944835471626,0.028323386473133136,0.00787540103192308,13.130000114440918,-0.1951858973811314,0.17918467370493246,-0.18039951690027523,53.83000183105469,0.02826111121372071,0.04240899541552077,0.15021373308970354
2017-03-03,8897.5498046875,0.017757034233995713,0.126707809767879,0.15418436742498853,5870.75,0.035363100029196265,0.11005230137287947,0.12189437320792207,2383.1201171875,0.03662388253707072,0.07059731899375384,0.09114720995802639,66.84510040283203,-0.00627098477789938,0.02849180871074926,0.0010048298095930441,13.350000381469728,0.01661671639007708,0.17337623192908838,-0.18248619449840286,53.33000183105469,-0.009331907641439811,0.0436235402673983,0.19869633218886706
2017-03-04,9237.849609375,0.03753319631930955,0.12604429859291602,0.1692888617745134,5894.68017578125,0.004067885053551521,0.10859569926144233,0.13100622253184402,2358.840087890625,-0.010240592680299617,0.06882440791980726,0.09254115033220156,64.79669952392578,-0.0311233396701871,0.03240890463969354,-0.029967746809887785,11.489999771118164,-0.15003934148019565,0.18806718520803298,-0.22259810698871008,50.2400016784668,-0.05968750337801601,0.05438786691690822,0.08533161989233151
2017-03-05,9311.9501953125,0.007989410222733929,0.12397648606309387,0.09281724772808153,6072.5498046875,0.02972830449286296,0.10856863972953083,0.15910032449748646,2388.1298828125,0.012340573803089613,0.06797816584152126,0.11637634940831987,64.06999969482422,-0.011278437900567208,0.03240195748577767,-0.05025908194842832,11.529999732971191,0.0034752391809131683,0.18802753971668912,-0.162672523625774,47.81999969482422,-0.04936759992049726,0.0358420523788894,-0.0470307013949568
2017-03-07,9615.0,0.03202583650749106,0.02172448738058889,0.10319432178338639,6110.06005859375,0.006158019154070629,0.01755131018684406,0.12887110570956017,2429.010009765625,0.01697318711375419,0.016737566799623183,0.07623088216268514,64.60679626464844,0.00834337970220989,0.014179296188662826,-0.04288499554114855,11.199999809265137,-0.029038549850336808,0.09572516777029792,-0.2650918649952585,47.06999969482422,-0.015808106718812935,0.03496793667921819,-0.1090289974747759
2017-03-08,10013.650390625,0.04062482219695474,0.01386096033475047,0.22554102780492502,6340.33984375,0.036995767435408056,0.01608284188978986,0.12364579647524376,2472.159912109375,0.01760845591529348,0.016747205816630303,0.08449468498411217,63.64059829711914,-0.015068005889927228,0.014300990689560962,-0.045941055024544264,11.640000343322754,0.038533710527223035,0.07454249300648352,-0.2810376800892248,49.02999877929688,0.04079648183647068,0.03954880091486045,-0.09001488850542094
2017-03-10,9859.5,-0.015513743848094147,0.023882434264666404,0.13114354069880396,6531.7099609375,0.029736401198853193,0.015122704118004112,0.10631385657290315,2534.580078125,0.024935746799083145,0.01339550007091913,0.057855773655441256,65.57170104980469,0.0298926117401915,0.023516497962208706,0.020439386858762454,12.460000038146973,0.06807604462248856,0.0844605076170764,-0.10808877594982236,50.41999816894531,0.027955554677657937,0.044904975861902494,-0.06334764157749173
2017-03-11,10452.5,0.05840572685897954,0.028895210092462053,0.16842543184601633,6764.43994140625,0.03501069919821228,0.012369557805444202,0.11045371215501754,2587.840087890625,0.020795611221353476,0.004683708205424061,0.0835353586980967,64.50050354003906,-0.016471185846677706,0.01990307680967414,6.269105246037299e-06,11.90999984741211,-0.04514514586539881,0.04678357860931319,-0.12297496949014675,55.63999938964844,0.09851447064185381,0.05646573461695673,0.1392301231739499
2017-04-01,8190.5,-0.2438662381860341,0.12500528849354844,-0.14825133549834946,5477.0,-0.21112196472316225,0.10718929101522917,-0.12323531591178905,2270.75,-0.13071341148806234,0.06750990924188299,-0.06555807459587693,68.2697982788086,0.056794446076269274,0.0311484607690263,0.0635664625410326,15.890000343322754,0.28831163159937623,0.13374376611329492,0.4049513486986478,53.2599983215332,-0.04371680721438717,0.05475027895460955,0.10132335916746826
2017-04-04,8190.5,-0.2438662381860341,0.12500528849354844,-0.14825133549834946,5898.60986328125,0.07415920095517779,0.11543685750625604,-0.07297414126187396,2360.159912109375,0.03861920271014985,0.07031426304542637,-0.04691993497076341,64.87750244140625,-0.05096656264977274,0.04246061691471609,0.015108342598218139,15.890000343322754,0.28831163159937623,0.13374376611329492,0.4049513486986478,51.02999877929688,-0.04277187771660482,0.060387391765904526,0.038039034533951854
2017-04-05,9359.900390625,0.13345970234308124,0.14356174987651635,-0.07461948469316915,6075.33984375,0.02952122226321534,0.11477043738818353,-0.05593966898429659,2389.52001953125,0.012363141016297888,0.06991662691843199,-0.03514163961194994,64.20999908447266,-0.010341966472434032,0.042068860016897275,-0.007114544208953744,11.329999923706056,-0.33823593384872336,0.22674753968806766,-0.04869856684608431,45.52000045776367,-0.11426187128020082,0.08090034377885472,-0.03742864080136876
2017-04-07,9613.2998046875,0.02671288761371197,0.14257871741810382,-0.036202736184212214,6075.33984375,0.02952122226321534,0.11477043738818353,-0.05593966898429659,2389.52001953125,0.012363141016297888,0.06991662691843199,-0.03514163961194994,64.84269714355469,0.009805345363337077,0.0395998816501591,0.0053225282748594616,11.279999732971191,-0.0044228459089700614,0.22584382952015214,-0.034246623437786616,45.52000045776367,-0.11426187128020082,0.08090034377885472,-0.03742864080136876
2017-04-08,10066.400390625,0.04605564808111405,0.14443156216416478,-0.03583157984531393,6351.56005859375,0.04446253222929836,0.11617852017010971,-0.05433903194609435,2476.830078125,0.03588703115871747,0.071316857203516,-0.03975018028768229,63.696998596191406,-0.017826849242118005,0.039726153374214646,-0.06251843630697373,11.390000343322754,0.00970458520441637,0.22252337071987577,-0.061779240427494275,49.58000183105469,0.08543576366396541,0.09184809260450388,-0.08692444700412427
2017-04-09,9912.849609375,-0.015371328215417956,0.14123669434122005,-0.020643581116446597,6351.56005859375,0.04446253222929836,0.11617852017010971,-0.05433903194609435,2476.830078125,0.03588703115871747,0.071316857203516,-0.03975018028768229,64.0155029296875,0.004987843633449734,0.024059214700587174,-0.05015027763155655,13.170000076293944,0.14520571394663775,0.23275684431245627,-0.11013514144826408,49.58000183105469,0.08543576366396541,0.09184809260450388,-0.08692444700412427
2017-04-10,9914.900390625,0.00020685970494014385,0.0582697197332705,0.21216460549238958,6534.6298828125,0.02841524808109451,0.1156384300491882,-0.04570366626487532,2537.739990234375,0.02429436904265739,0.07164485935646124,-0.03954249896951112,65.44309997558594,0.022055775135279034,0.015946507671996655,-0.021162788256178233,11.800000190734863,-0.10984197391260937,0.18024651893866,-0.25457989591876795,49.97999954223633,0.008035352709508694,0.07392298179272384,-0.14359151782854573
2017-04-12,10127.75,0.021240465462952184,0.02386884430741513,0.15954432263789098,6775.3701171875,0.03617828578641219,0.018794535982489695,0.2021166534897787,2639.43994140625,0.039292833917897514,0.01160685013488307,0.1572176286896183,64.50900268554688,-0.014376271855637794,0.01679015763395754,0.0051262446059003874,14.859999656677246,0.23057346855020322,0.1338991038031764,0.09911236342777618,57.470001220703125,0.1396401775124824,0.1007358748985608,0.07340306757514514
2017-05-01,8273.7998046875,-0.20218530901739376,0.09897509709866924,-0.07033345827832238,5487.93994140625,-0.21074104837439037,0.10992609089766162,-0.06368644407731927,2269.0,-0.15122754544820113,0.08083056789434935,-0.04740710249659097,67.885498046875,0.051017643069674254,0.028363778121245697,0.05457625246432385,15.050000190734863,0.01270498768250383,0.13223171461878083,0.12649704921309368,53.7599983215332,-0.06673342876693855,0.10467703444692689,0.021858918415510686
2017-05-04,9265.150390625,0.11316621969363015,0.11510545061259052,-0.005223369095609609,5864.47998046875,0.0663608665503702,0.11473796985639292,-0.03787959258908569,2352.949951171875,0.03633063350110878,0.08301225181331753,-0.01598379536037131,65.05000305175781,-0.04266618177906577,0.03554172866408275,0.015520868345370475,11.550000190734863,-0.26469255038665407,0.19779960023544718,0.008733657915767745,51.150001525878906,-0.049767142764323355,0.08813870132074304,0.07322706021066638
2017-05-05,9285.2998046875,0.002172391696653005,0.11541879865114929,-0.038141626903454684,6100.759765625,0.039499501872382305,0.1142009726156614,-0.03251610349413259,2399.2900390625,0.01950303723529845,0.08139696582978873,-0.01630950656683383,64.16999816894531,-0.013620468644557005,0.036402927249226696,-0.017203889217296875,11.989999771118164,0.03738749646838517,0.18377194407736136,0.10915812263616043,46.220001220703125,-0.10134989097214299,0.09457928057815504,-0.030213987228688066
2017-05-06,9675.099609375,0.04112305097966235,0.11801757200801274,-0.0403115003347716,6295.68017578125,0.03145039665798783,0.11445110121374082,-0.01052544577972625,2436.10009765625,0.015225563461219454,0.08064061871175304,-0.016738162618579744,64.40499877929688,0.0036554676665164847,0.03456018286908324,-0.002325156481825741,11.020000457763672,-0.08436110468590781,0.1809467688647314,-0.0770518555236076,47.400001525878906,0.025209629635621688,0.0958840577500327,-0.04416210163279655
2017-05-07,9637.599609375,-0.00388345996633373,0.11715825336458108,-0.07542357010338518,6150.85986328125,-0.023271824610252623,0.11184387607670242,-0.056141792113331035,2432.5400390625,-0.0014624450065246384,0.07660172052403365,-0.038187224667052044,64.7688980102539,0.005634268264180902,0.034097633015953074,-0.0493881213336802,11.149999618530272,0.011727618429474826,0.1248750356524213,-0.0716070436271451,45.130001068115234,-0.049075023386137576,0.04626146270867329,-0.10775011003643953
2017-05-09,9952.2001953125,0.03212157744382369,0.04670785038662675,0.2148311142009216,6375.56982421875,0.03588158402825762,0.03273734819475557,-0.05053956106068003,2457.85009765625,0.010351028801549755,0.013811706963617387,-0.04728956930902106,64.02629852294922,-0.011531605780142755,0.019357737801929363,-0.04815691062249694,12.890000343322754,0.14501237989231422,0.15406368117947455,-0.19235587014325972,48.65999984741211,0.07531009671314852,0.06978027695608388,-0.10781079885242939
2017-05-10,9888.7001953125,-0.006400941041996985,0.021995579317783644,0.1313072348376385,6585.35986328125,0.032375511402631355,0.026164790421819753,0.2129789519618921,2552.070068359375,0.03761779756894455,0.014289358091121862,0.13031981152395877,65.01950073242188,0.015393322790741262,0.01225268248276331,-0.027310897274571366,11.710000038146973,-0.09600866271864313,0.09856540536176893,-0.10814928133413881,50.790000915527344,0.04284216861931435,0.07213315565180262,-0.029428642492678958
2017-05-12,10118.25,0.022948013163923708,0.021386447315892423,0.1371950955160035,6762.2099609375,0.026500771283734136,0.024746089969990306,0.19330940511626116,2629.570068359375,0.02991553936064953,0.01558273277555329,0.14457528783562412,64.35140228271484,-0.010328510869399775,0.011403114459801465,-0.0068722210310497855,15.010000228881836,0.24827348002672717,0.1492040114810555,0.12434455430549995,57.619998931884766,0.12617020828025788,0.06471012685599181,0.07040678008380863
2017-06-01,8243.7998046875,-0.20487934503094252,0.09806117816550257,-0.10760619047951292,5521.06005859375,-0.20277987247542575,0.10155244114831909,-0.05956478157071077,2276.97998046875,-0.14397036574166674,0.0745557316018852,-0.044538307554557455,67.73300170898438,0.051214805695572956,0.02561072493537505,0.05717187500558185,14.90999984741211,-0.0066845423512763985,0.13582036402640546,0.29765014311755067,53.9900016784668,-0.06507083580048087,0.08166909596026495,0.012375770199726244
2017-06-02,8801.0498046875,0.06540963138221975,0.10747601865302348,-0.05486502611259447,5663.5498046875,0.0254809881446682,0.10421648887022256,-0.03920999345195475,2292.56005859375,0.006819127686910388,0.07498105805738906,-0.028098568290886305,67.15730285644531,-0.008535859562096293,0.026972966473926042,0.03947737295855447,13.399999618530272,-0.10677744005374222,0.15538216813429645,0.16218559660601106,53.0099983215332,-0.018318331982167115,0.0755245865757239,0.05513528165851245
2017-06-03,8963.4501953125,0.01828420895273447,0.10602596525730927,-0.06776389024310969,5849.18017578125,0.032250640934273295,0.10377187062655703,-0.03678349887453003,2375.31005859375,0.03545885728721411,0.07763370306816943,-0.00536814363030047,66.77300262451172,-0.005738824909993333,0.026074417413749183,0.049220221229981265,13.640000343322754,0.01775199909663046,0.14315981684350243,0.21785719425094463,53.20000076293945,0.003577867352062103,0.07201663445693501,0.11250525099224418
2017-06-04,9261.9501953125,0.032759411420626564,0.10877797656772563,-0.07506754939400107,5878.9501953125,0.00507669722751309,0.10119535767688594,-0.03782448307626629,2357.489990234375,-0.007530490359859613,0.07369703942530677,-0.02944410243008877,65.04000091552734,-0.026296367207439105,0.029693890456145056,-0.00810868294957745,11.289999961853027,-0.1890893028028634,0.16499158819454493,-0.030068760407769513,51.70000076293945,-0.028600614417132988,0.07289791028994748,0.09836416184690022
2017-06-06,9637.150390625,0.03971083156158519,0.11041260348128658,-0.02255181392311978,6275.06005859375,0.06520484830415059,0.10720132293240994,-0.010295944186745731,2429.330078125,0.030018041736578658,0.07371296932919563,-0.01732486388707366,64.34400177001953,-0.010758762205465284,0.029732131522025893,-0.002426365089109428,11.130000114440918,-0.014273199213085945,0.08635805787162765,-0.10674156658380318,48.18999862670898,-0.0703062941166191,0.03144640912543491,-0.017132371476676456
2017-06-07,9674.5498046875,0.003873243726838726,0.023213542179152457,-0.07442718921908631,6089.4599609375,-0.03002365463780061,0.035170514381783986,-0.06770815033809674,2409.75,-0.008092523647186786,0.020522822920366272,-0.0492507927456548,64.79139709472656,0.006929116550410087,0.011903499209511038,-0.050950805067220384,10.979999542236328,-0.013568781178953045,0.08534818720764188,-0.07808566894128532,45.52000045776367,-0.05699970228041856,0.029724626773802578,-0.0971836154131328
2017-06-09,9916.2001953125,0.024671097071041894,0.01379914974844481,0.21069534159239356,6393.31005859375,0.04869273888545765,0.03758989888001127,-0.0548648352305936,2465.5400390625,0.02288785860156002,0.020893733703511122,-0.04725950780359578,64.0999984741211,-0.010728493538912493,0.011928008311267453,-0.0119841846252845,13.119999885559082,0.1780623804026088,0.13045570180636373,-0.17432349892476073,49.15999984741211,0.07692848171953558,0.05874455025319075,-0.11646296932637823
2017-06-10,9979.7001953125,0.0063832462332931664,0.01587199799767502,0.06621863255172022,6590.18017578125,0.030328548616552948,0.03749721368485973,0.20324633481490784,2549.330078125,0.033419743910560726,0.020397555144759952,0.12268196768688755,65.20999908447266,0.017168477243472726,0.01697729467326451,0.015573898368763883,11.119999885559082,-0.16539249626232524,0.14735920888996756,-0.018534866686767182,49.290000915527344,0.0026409576976574685,0.058671606010407364,-0.07453994613441017
2017-06-11,10451.7998046875,0.04622114437225662,0.01908106665326789,0.08722291169897178,6786.43994140625,0.029345806074403635,0.03599947896019294,0.15051513809240502,2591.1298828125,0.016263418578963372,0.016476382518235452,0.0978620005865185,64.69339752197266,-0.00795366863962519,0.012561562535239578,-0.0023024893805928537,13.020000457763672,0.15774139340793597,0.14165616071048698,0.15425538705524056,57.34999847412109,0.15145157767735853,0.0934118920253284,0.12384871342360793
2017-06-12,10044.099609375,-0.03978883514701663,0.031787687340778435,-0.00221536799497557,6776.3798828125,-0.0014834762341557719,0.031121173586770516,0.11539108216039873,2629.27001953125,0.014612219776395645,0.01527391349635831,0.10033395746440799,64.35690307617188,-0.005214946526122527,0.011708098841062648,0.010360056117619365,15.09000015258789,0.14754561095268962,0.14778923462745874,0.32484632991553997,55.959999084472656,-0.024535683532054972,0.08403023469661963,0.22934970390424048
2017-07-02,8768.2998046875,-0.13584243587358316,0.07226228236989714,-0.1154612295948736,5674.22021484375,-0.1775098719168823,0.09309447053685287,-0.10664149240524767,2293.080078125,-0.1368103224203802,0.07131487218869124,-0.0741875680624412,67.19529724121094,0.04315906135099718,0.022899689020166158,0.04967225384476026,13.510000228881836,-0.11060211397784436,0.16533796505421272,0.02581626048733998,52.16999816894531,-0.07012955150043818,0.0875558682183572,0.05223873017827052
2017-07-03,8946.900390625,0.020164224558601597,0.07159593138590732,-0.09763083458864485,5833.93017578125,0.027757756025405464,0.08998160020871007,-0.10722867547161974,2368.389892578125,0.03231442792127845,0.07251373209537895,-0.06673264333932394,66.66470336914062,-0.00792763556729084,0.022377144120131438,0.018666649257299994,13.880000114440918,0.02701879440991326,0.1469144182871066,0.17627117712584717,53.13999938964844,0.018422346909486353,0.0830541662843601,0.06322528764214375
2017-07-04,9198.2998046875,0.027711515905791115,0.0741917546181413,-0.09177262425637478,5877.81005859375,0.007493350647568545,0.08743921617432647,-0.13247395242908633,2355.5400390625,-0.005440336920714658,0.06895430391568444,-0.10756066008173415,64.58000183105469,-0.031770834299985784,0.027415986494384908,0.0011006083267772748,11.6899995803833,-0.17171522373505982,0.1488298073203185,-0.2133243707626552,52.2400016784668,-0.017081411747848975,0.08428098176473872,-0.09100399218979416
2017-07-06,9663.900390625,0.049378670739507,0.07486739868815899,0.16801235451091556,6297.3798828125,0.06894940175028691,0.09483383478483844,0.14749431481548547,2433.139892578125,0.03241254299587106,0.07117479043037875,0.07234019064703623,64.42050170898438,-0.002472861717163779,0.027224413375406865,-0.05104177530667953,10.890000343322754,-0.07088877111732915,0.12536079377987275,-0.27641194649107736,45.720001220703125,-0.13331265147193783,0.05841813235776642,-0.14955352216984186
2017-07-07,9665.7998046875,0.00019652804227907655,0.07377533767209891,0.0432426239371031,6153.080078125,-0.023180873115049377,0.09455910543065166,0.0492115411114733,2425.179931640625,-0.003276839873918556,0.06990430849889458,0.030697627220152457,64.71330261230469,0.004534852924746765,0.027182338230498627,-0.0051760249601406905,10.869999885559082,-0.0018382778663175927,0.08055650226262609,-0.0588744843243606,44.22999954223633,-0.03313258409553711,0.05777618376415834,-0.13528840229147332
2017-07-08,10057.400390625,0.03971485888306919,0.018889114550013186,0.08315300552252713,6383.77001953125,0.03680605283062375,0.03426413274651983,0.046389345717378294,2480.909912109375,0.022719672678075228,0.018785951391709504,0.03401834364250811,63.66510009765625,-0.01633025161117202,0.013992040383596136,-0.00786813286108845,11.899999618530272,0.09053167745622873,0.10027513306910021,-0.007506268082230205,49.38999938964844,0.11034468066412127,0.08814393629781728,0.06858498669890545
2017-07-09,9929.900390625,-0.01275827395202163,0.026329310322956868,0.02633572692141617,6397.8701171875,0.002206305798804325,0.03537007738830144,0.016231755513782753,2465.10009765625,-0.006392978690984564,0.01821818138308557,0.011904272746386946,64.0154037475586,0.005487204675816978,0.015842673575759504,-0.006049142754793735,13.010000228881836,0.0891799420559724,0.11160841186225354,0.1805807339795702,49.09000015258789,-0.006092611016446497,0.08677266638408318,0.03565397831867778
2017-07-11,10350.150390625,0.04145060324980081,0.027894977597684344,0.07393446606319531,6767.77978515625,0.05620794333244499,0.03819256803810864,0.10029815921475027,2590.639892578125,0.04967249372929583,0.023851579971163165,0.0649937312343507,64.59089660644531,0.008949743497978007,0.010044385079817354,-0.002748254320776189,13.239999771118164,0.017524223104538397,0.06779427387546869,0.18744396628628612,57.20000076293945,0.15289856054556397,0.11490819784207436,0.2674495769811047
2017-07-12,10166.7001953125,-0.0178833572615722,0.028563692897137772,0.021553023029121654,6812.83984375,0.006635959945889287,0.031073749718832012,0.06858524517607845,2636.97998046875,0.017729407591586848,0.022665959714144784,0.07288071920387429,64.51519775390625,-0.0011726613153125653,0.009979891540432788,0.007635912777025355,14.270000457763672,0.07491693034577397,0.04318010406914294,0.10705974225639037,56.68999862670898,-0.008956107612215068,0.0829437924020726,0.16502258126751568
2017-08-02,8769.0498046875,-0.14788923842694698,0.07706041927236353,-0.11322523370217485,5682.4501953125,-0.18142653193333116,0.09514754737154683,-0.1371086298568447,2294.669921875,-0.13904530728188005,0.07426363844838442,-0.10085935714525562,67.34049987792969,0.04286101676175572,0.02178644705458634,0.03569696966852365,13.350000381469728,-0.0666430501467186,0.06719958786050999,0.14005126712042903,52.34000015258789,-0.07983690409431878,0.09536289091569393,0.030517802896646185
2017-08-03,8924.2998046875,0.017549416919321142,0.07335261517592785,-0.11799967339337336,5837.5498046875,0.026928642677967227,0.09387331547266925,-0.13673934432550605,2362.97998046875,0.029334517808605045,0.07507045981734221,-0.10138162549779639,66.61620330810547,-0.01081399603013747,0.020340653918204856,0.0351942761937134,14.079999923706056,0.05323893189052286,0.06222739876378466,-0.061958713590576586,50.27999877929688,-0.04015354057337918,0.08862526170819933,-0.127386329202554
2017-08-05,9314.0498046875,0.042746120507159584,0.07941115992660255,0.12982484113593418,6102.66015625,0.044413612496795374,0.09794174996088952,0.10534210667586685,2399.3798828125,0.015286795719765383,0.07593327229630917,0.053755370444035444,64.30799865722656,-0.03526382144955325,0.02861319704720981,-0.0505662375111231,11.670000076293944,-0.1877338924752148,0.10732699785805419,-0.21730380981060338,46.43000030517578,-0.0796615508392965,0.09639718851162027,-0.14002595181074462
2017-08-06,9647.25,0.0351489088058553,0.07837807447099651,0.09614764307569401,6321.759765625,0.035272846020793024,0.09483134757046344,0.11621862323744825,2433.7900390625,0.014239407355119802,0.07100133850669539,0.061603612057770984,64.41829681396484,0.0017136853558540805,0.028286155037010374,-0.04078493218131973,11.06999969482422,-0.05278273368335351,0.10548671091998939,-0.17388059627136077,45.63999938964844,-0.01716129698394199,0.03358778919194671,-0.13903035588082624
2017-08-08,9978.5498046875,0.03376486896847912,0.08110512307412714,0.1132487588212241,6370.4599609375,0.007674061017313402,0.09488794293422746,0.08912014495888299,2474.919921875,0.01675831153810653,0.07089926091726294,0.04193552034222514,63.8301010131836,-0.009172822974903986,0.02855621052490194,-0.04407322563996552,12.770000457763672,0.14285998673852596,0.12574556532189612,-0.06378298120681325,49.16999816894531,0.0744991325638787,0.06349442416830381,-0.07575192737218062
2017-08-09,9934.7998046875,-0.004394044322082812,0.01880333930396309,0.07264664516502495,6360.18994140625,-0.0016134324387065847,0.019132595214734042,0.08185810903406865,2461.429931640625,-0.005465586604056942,0.012483721708549653,0.044089239757881815,63.95009994506836,0.001878209084994956,0.015143971355113703,-0.0167573947588735,12.960000038146973,0.014768987976317802,0.12381004071800346,0.1479185192149326,47.47999954223633,-0.034975084084303915,0.0572860479638892,-0.08162478062724099
2017-08-11,10303.150390625,0.03640598634526935,0.01883565046051751,0.0691075653076747,6789.1201171875,0.06526310616909745,0.027279545226178672,0.08192113761361375,2594.3798828125,0.05260506780481402,0.02102881979406594,0.06794046069478066,65.16449737548828,0.018811710961252656,0.019943242458275875,0.012751703078732746,13.609999656677246,0.04893709757003466,0.12331001750939871,0.22282116053337564,56.810001373291016,0.1794038306421603,0.10322022182107407,0.1788753474212481
2017-08-12,10265.650390625,-0.0036463031508085072,0.02145258830549333,0.061098510821774976,6840.080078125,0.007478090817984583,0.02746933186640379,0.12326546557536422,2651.5,0.021777995695044593,0.020966874765271124,0.10032161012553176,64.54239654541016,-0.009592483198396028,0.011552638520488694,-0.003843111284548506,13.670000076293944,0.004398864879377925,0.07215085485123464,0.24499095138484273,57.36000061035156,0.00963481618964442,0.08718993815626823,0.26010544889106035
2017-09-01,8236.0498046875,-0.22028257214467314,0.1072614351390611,-0.16943490021704344,5531.81982421875,-0.21228259535834573,0.10709477853406273,-0.13474870239040004,2268.89990234375,-0.15583042808832356,0.08193148894497033,-0.07975540190112695,68.1426010131836,0.05428026446041395,0.02668386213657981,0.06306712379555846,15.479999542236328,0.12434518227330345,0.06327803225195455,0.1798780241816047,51.959999084472656,-0.09887303274953259,0.1066113693298851,0.05695686016581525
2017-09-02,8778.400390625,0.06377336685189772,0.11254476684996965,-0.1203743380238772,5715.18017578125,0.032608980034880816,0.10964556940461391,-0.132773304623082,2307.8701171875,0.017029982506885463,0.08195709800267519,-0.09471506377671213,66.96430206298828,-0.017442910739678158,0.028462595138893133,0.026902361649217443,13.239999771118164,-0.1563063053685697,0.10279156426767905,0.19064747368497792,53.0,0.019817739369571964,0.10313242936014481,0.07526879723193369
2017-09-03,8927.0,0.01678618900434577,0.11393385196542201,-0.14588873047526674,5838.81005859375,0.021401195418047848,0.11117253919769446,-0.1396357870981375,2364.8701171875,0.02439802968541115,0.08379986726854936,-0.08732088928688131,66.76499938964844,-0.00298069037576442,0.028871597134275256,0.03202184375881911,14.390000343322754,0.0832910115359882,0.10845964631780888,0.10522272176589431,49.27999877929688,-0.07277361909761916,0.10893377609965901,-0.14071490687947885
2017-09-05,9316.849609375,0.04274415461186128,0.11476988234335747,-0.07240569371904637,6120.58984375,0.047131452588994226,0.10806636191359045,-0.09677586711539521,2396.919921875,0.013461445550205807,0.07837496854319605,-0.08837057279406912,64.41179656982422,-0.03588218910854032,0.03395599491535159,0.0008529542446653604,11.109999656677246,-0.2586879720083024,0.1624277578180004,-0.2637508585596725,45.880001068115234,-0.07148897891270455,0.05370295964591879,-0.18012863083041653
2017-09-06,9668.25,0.037022774200100424,0.11763506293772136,0.10263679565694028,6207.919921875,0.014167412037493556,0.10854327747333495,0.09405692532607257,2431.77001953125,0.014434848045725628,0.07755855850618577,0.06048194423269049,64.243896484375,-0.0026100699748477538,0.03372511293904617,-0.04392272789926499,10.859999656677246,-0.022759289857124443,0.16099489827431926,-0.1961510382908349,45.83000183105469,-0.0010903770675764392,0.051246141008507655,-0.12152571516984578
2017-09-08,9908.0498046875,0.024500217319816085,0.01812902175404903,0.1074282010638723,6352.330078125,0.022995803419847586,0.012714235713154212,0.08885946295617586,2474.02001953125,0.017224970611581493,0.004283797223933462,0.04459997371384694,63.70289993286133,-0.008456636520170256,0.013885132778327378,-0.04442835993552663,13.449999809265137,0.21389280897454174,0.18748644539637357,-0.030979848820635314,49.560001373291016,0.07824514599638498,0.06417873053710853,-0.06736917684373922
2017-09-10,9988.75,0.008111921377532602,0.014220196230623261,0.08593438049384772,6579.72998046875,0.03517202105722053,0.013011787104061631,0.11941861252368069,2544.72998046875,0.028180180419513905,0.006454144633400886,0.08031701362272203,65.41419982910156,0.02650927127397336,0.022179846776650032,0.012917280495426287,11.390000343322754,-0.1662432842652552,0.18922959146377932,-0.025662895451593393,49.58000183105469,0.0004034790677538773,0.06253086092062471,-0.05091883158396904
2017-09-11,10308.9501953125,0.03155300921091247,0.01338017496683554,0.06674839129274002,6750.0498046875,0.025556175237155834,0.012597214807229463,0.07188226378251006,2584.6201171875,0.015553994234585321,0.00598469859395915,0.062257096302370085,64.9104995727539,-0.007729966257575654,0.022190354530626847,0.007606241037722228,13.270000457763672,0.15277007523868535,0.20177339698295144,0.21854913125877218,57.16999816894531,0.14244168970927523,0.08232991966227499,0.250437371883913
2017-10-01,8288.599609375,-0.21813143932621726,0.10940579246040825,-0.14248176282780212,5551.81982421875,-0.19542411306169485,0.09862526311467065,-0.097716955780213,2268.89990234375,-0.13028345105390876,0.06691845944891063,-0.06444059150330839,68.09700012207031,0.047923769707291855,0.02509196892110364,0.05228751080805205,15.199999809265137,0.13578953246363687,0.15494537813755485,0.3983440634124116,50.81999969482422,-0.11773928136065082,0.09770411911074868,0.14899390053791284
2017-10-02,8793.5498046875,0.059137446394085226,0.11285135879359816,-0.12566374379562317,5734.1298828125,0.032310248281942296,0.10049002700254933,-0.10176433905531768,2316.10009765625,0.02058968932889484,0.06755636401292021,-0.0664311967349901,66.74530029296875,-0.02004927390861528,0.028464297629840138,0.04838129824013104,13.18000030517578,-0.14259486307506372,0.17888575560025477,0.10756308635945966,53.86000061035156,0.058098126828654395,0.09802661001276165,0.09050417647180575
2017-10-03,8934.5498046875,0.015907285759308724,0.11208678224158976,-0.1002377211031471,5861.72998046875,0.022008759980849776,0.10039549454499729,-0.083799784443645,2372.60009765625,0.024101662569260492,0.06830855583341629,-0.03752383121802905,66.68049621582031,-0.0009713876017955689,0.027589499576450124,0.041632049666848525,13.960000038146973,0.05749554783799703,0.1522960393732721,0.0730207373214462,48.4900016784668,-0.10503047298367907,0.11007253276121372,-0.012222417442576905
2017-10-04,9181.4501953125,0.02725940375688778,0.11363300607598882,-0.1129162525378462,5880.93017578125,0.003270164028856408,0.09729006816409297,-0.13103996251771144,2357.159912109375,-0.0065289741394924635,0.0653656136370006,-0.09012444421073051,64.26000213623047,-0.03697511267259752,0.0318713585535269,-0.005122927341154493,11.619999885559082,-0.1834683584916685,0.15731912558120584,-0.12235648893989881,53.08000183105469,0.09044261822817798,0.11811883759230885,-0.07202795239391258
2017-10-05,9407.2998046875,0.024300797362880253,0.11290459214793443,-0.07469487405314978,6129.14013671875,0.04133952621515788,0.09946896377806864,-0.10035458380229889,2399.6298828125,0.017857042701289422,0.06564502131372374,-0.09000830473277188,64.63999938964844,0.005896017839258818,0.032007963429933,0.0019344532774780987,10.949999809265137,-0.05938830273134838,0.13405208945832447,-0.23265595949524098,47.33000183105469,-0.11465586135500391,0.10302871667039637,-0.16510843221725557
2017-10-07,9771.0498046875,0.03793794927932719,0.016645563280336742,0.11426551591306744,6176.39013671875,0.007679511758292506,0.016077164411557827,0.08692376077729724,2427.429931640625,0.011518546388392708,0.012111238998474527,0.05785581991554811,64.61170196533203,-0.0004378654125535392,0.017698801850729758,-0.040522388719184343,10.90999984741211,-0.003659652984879179,0.09854726021947446,-0.18277157036223202,44.400001525878906,-0.06390487880031373,0.09509039657063179,-0.1517003936484781
2017-10-08,9820.25,0.005022668147071589,0.012372222239934725,0.10039445277733727,6216.8701171875,0.006532602978701561,0.015803240747363372,0.0649793706591435,2438.2099609375,0.0044310911507233625,0.01190310033826064,0.0318369097878799,63.88769912719727,-0.011268698427145831,0.01693446964040316,-0.04095856631589523,13.800000190734863,0.23498882012560435,0.15435662711793835,-0.01988634477900575,48.59000015258789,0.09017824775330588,0.10302015023017691,-0.03361174756839613
2017-10-10,10016.9501953125,0.019832097310152976,0.012001179600773607,0.07546667726333722,6587.25,0.05786937897165377,0.02473256326739386,0.07940632959115557,2550.639892578125,0.0450801184507336,0.019357809030209408,0.06304129281450899,65.41459655761719,0.02361858158377424,0.022435793395118954,0.017207780112844073,11.109999656677246,-0.2168230332351257,0.17958576139896434,-0.047986325274689934,50.91999816894531,0.046837986171638785,0.09388473719752043,0.0967046701326213
2017-10-11,10321.75,0.029974641719898134,0.012306955812980015,0.06991629739044813,6750.93994140625,0.02454578328548077,0.022107685158794497,0.06788935228367055,2582.300048828125,0.012336227628053564,0.015742116591965723,0.06102005817347789,64.96800231933594,-0.006850545834819242,0.013626191458629656,0.00853337533835452,13.479999542236328,0.193361498776031,0.18624700253359802,0.2177055026061927,56.7400016784668,0.10822372123265979,0.0979526208031109,0.2432077659347196
2017-11-01,8380.650390625,-0.20832779559210532,0.10426640616518464,-0.1601334307427994,5563.64990234375,-0.19342739562393296,0.09949009383689217,-0.12664863503435586,2275.320068359375,-0.12655976168875313,0.06668614688399448,-0.08064901484344111,68.31800079345703,0.0502784099815352,0.025726254436663685,0.0703100842554909,14.8100004196167,0.09409558508761141,0.18045197266174176,0.1597494039722438,52.25,-0.08243956811750457,0.08798059270344517,0.06263986060101079
2017-11-04,9237.0,0.09729163388173595,0.11570578098552696,-0.0702379331648193,5866.77001953125,0.05304988004162624,0.10451492561769396,-0.0775794318126769,2353.780029296875,0.0339018270776025,0.06924753419534554,-0.04373470110197197,64.57499694824219,-0.05634599493852995,0.04010759283887379,0.009771634504255555,11.399999618530272,-0.26168933467485017,0.23268535537893073,-0.12037040239389929,53.400001525878906,0.021770883695739623,0.07499204978862971,0.12468412048690891
2017-11-05,9422.400390625,0.019872717054755174,0.11641603533523412,-0.08548356246468147,6115.9599609375,0.041597511249709895,0.10707076979840237,-0.09915278336964628,2394.43994140625,0.017126799619141066,0.06996214136813046,-0.07706656327811956,64.55000305175781,-0.0003871271527051384,0.039643517656368796,-0.009429894320977517,10.84000015258789,-0.05037031185031861,0.19533054587725573,-0.20352678721269157,47.83000183105469,-0.11015767856589863,0.09118858731805289,-0.1580707503108465
2017-11-07,9786.0498046875,0.037868007570267155,0.11777600622268614,-0.04671896739981429,6193.2998046875,0.012566289599595763,0.1024190173381556,-0.09455741249374305,2425.530029296875,0.012900710696417069,0.06571290593936831,-0.08522344737059206,64.55000305175781,-0.0003871271527051384,0.039643517656368796,-0.009429894320977517,10.890000343322754,0.004601958383418543,0.17117410561108679,-0.20336501224986614,45.040000915527344,-0.060102091816343114,0.08904817918590974,-0.2147838138725694
2017-11-08,9710.7998046875,-0.007719234149596212,0.11620033549305983,0.1790603547784102,6256.56005859375,0.010162491632852303,0.10132032157462437,0.13101298621513835,2441.320068359375,0.00648883534479266,0.06526521305743253,0.07599284826867714,64.13860321044922,-0.006393747741301555,0.03779265585642567,-0.00625624948210346,15.199999809265137,0.333450446832592,0.21690930811226827,-0.01808783858211538,48.81999969482422,0.08058905455535552,0.07904340266069551,-0.060431090165026013
2017-11-09,10006.0498046875,0.02995124244998719,0.03862222564827226,0.13984887444568872,6432.259765625,0.027695394839296075,0.0184642461866019,0.12546928841936755,2488.110107421875,0.01898452465855678,0.010161670398553275,0.07809797825799025,63.930999755859375,-0.0032420438827335933,0.03775761353671748,-0.061805701495154186,12.359999656677246,-0.20682999105126182,0.2337023101025062,-0.06646526659015184,48.06999969482422,-0.015481783156474973,0.07342467149204185,-0.0930188736825619
2017-11-10,9984.7998046875,-0.0021259734747623516,0.01986246807710651,0.11849443314523356,6603.5498046875,0.026281436130592147,0.012749154769506915,0.13097527380055474,2555.239990234375,0.026622719593852977,0.0074529382939068625,0.08049908181565524,65.23889923095703,0.02025153205494077,0.028333610095139516,-0.025766009334470374,11.729999542236328,-0.05231580061227516,0.19943687655416031,-0.18485064194739365,51.29999923706055,0.06503246174731081,0.08122277161441432,0.040990270044655386
2017-11-12,10322.25,0.03323784248449053,0.02142429605056301,0.1079120553382471,6875.080078125,0.04029593757365371,0.012296612397554278,0.12327083722910182,2659.989990234375,0.0401762108305543,0.013034287277185813,0.10975338222963549,64.4729995727539,-0.011809380116547252,0.012253846036033763,-0.03432936175911794,14.149999618530272,0.18756497348990744,0.21077545198971767,0.2736273677583734,57.9900016784668,0.12257987352781223,0.07446691855037373,0.2639494404625795
2017-12-01,8407.2001953125,-0.20521325474478977,0.09945546214118227,-0.13043206419853648,5547.490234375,-0.21455767575404028,0.1081600602625147,-0.10638502039512909,2270.43994140625,-0.15834874021464707,0.08204650870115555,-0.06634265445714238,68.13999938964844,0.05531787839106954,0.027727053100839498,0.057880745738596806,14.609999656677246,0.03199160513319109,0.20954592922490892,0.34530387831958365,53.0099983215332,-0.0897900674959183,0.08476788465038658,0.15666585650479514
2017-12-04,9203.4501953125,0.09048993018090433,0.11372266105921358,-0.07111385421595817,5836.16015625,0.05072745763781635,0.11260787582413123,-0.08125678538848169,2344.929931640625,0.032281902052345074,0.08437298713007188,-0.052178271344418437,64.62999725341797,-0.05288574649771476,0.04001692296025772,0.006009921411551877,11.630000114440918,-0.2281182258927253,0.1727889903058423,-0.1353159643593822,53.11000061035156,0.0018847025900196224,0.08084207440634467,0.07163032967496497
2017-12-05,9400.900390625,0.021227035943722692,0.11300708519409756,-0.05885116850206484,6121.22998046875,0.04768998043594928,0.11478870413751359,-0.06968371063265666,2390.89990234375,0.019414301697333734,0.08440763438585537,-0.06045045223095291,64.36000061035156,-0.004186325170207415,0.04004727026227293,0.010315082644318796,10.630000114440918,-0.08990777325102055,0.15371655828663322,-0.06672521562542155,47.84000015258789,-0.10450313309460063,0.09777162035963512,-0.035094828846435
2017-12-06,9616.400390625,0.022664543960734744,0.11411317832734656,-0.06717946944805342,6175.4599609375,0.008820313809392986,0.11367247137077138,-0.08512379321275265,2429.389892578125,0.01597032956345899,0.08344514373724946,-0.06005920312122759,64.37699890136719,0.0002640777892739548,0.03866086862025825,-0.015855898726027773,11.420000076293944,0.0716860077888945,0.15915466394977773,-0.13941223192553676,46.08000183105469,-0.03748305670785759,0.09098675549504746,-0.19398280029882353
2017-12-07,9816.099609375,0.020553840125276578,0.113117265262675,0.1842892734584849,6261.169921875,0.013783688787773673,0.11113121520858066,0.12776893345166673,2443.25,0.005688967421574002,0.07958643958506469,0.07684345064149722,64.52559661865234,0.0023055824828178604,0.03833975619745194,-0.005929748756133835,11.050000190734863,-0.032935765683759444,0.11740799961200245,-0.27302629411880963,45.4900016784668,-0.012886497644663387,0.0468228522524192,-0.10487993011342456
2017-12-09,10093.0498046875,0.02782319381026656,0.030286752249209598,0.14777877294870012,6454.27978515625,0.030376387220666556,0.019064768862965004,0.12559009249203257,2496.47998046875,0.02155261165041142,0.009610634693577178,0.0778808666322468,63.97999954223633,-0.008491464513094628,0.02290345082016279,-0.060457884671187734,11.760000228881836,0.06227351670838655,0.12329332653356467,-0.10773900177652573,48.22999954223633,0.058488666110214735,0.05943567553830382,-0.10453028229326056
2017-12-10,10096.400390625,0.0003319145331692024,0.010559328362431175,0.13004019355602403,6591.509765625,0.021038978413363957,0.015369227769615603,0.12449904509212661,2550.929931640625,0.021576239878618456,0.006640210068531961,0.07516219617479414,65.20539855957031,0.018971738131708063,0.010478905852948223,-0.023071313285568662,11.039999961853027,-0.06317892453961435,0.07354337755887175,-0.2091690593348695,50.59999847412109,0.047970321548093435,0.06660563928007454,0.043514059035210995
2017-12-12,10240.150390625,0.01413734273308857,0.010580950470284642,0.11530860297570511,6862.31982421875,0.04026312960503036,0.012670568937564282,0.16687660269782545,2664.110107421875,0.04341211167299523,0.013789644229834,0.13022035277946697,64.3499984741211,-0.013205355168333282,0.01236723330970021,-0.03495021593954928,15.260000228881836,0.323710003461513,0.1522637530456384,0.3132530446791497,57.13999938964844,0.12155283998323087,0.0627631552557329,0.07648827088431687
2018-01-01,10240.150390625,0.01413734273308857,0.010580950470284642,0.11530860297570511,6862.31982421875,0.04026312960503036,0.012670568937564282,0.16687660269782545,2664.110107421875,0.04341211167299523,0.013789644229834,0.13022035277946697,63.84080123901367,-0.007944406530730305,0.01285351649139685,-0.006523512033630108,13.350000381469728,-0.13371862743435092,0.1780074384439092,0.2191781382657081,57.13999938964844,0.12155283998323087,0.0627631552557329,0.07648827088431687
2018-01-02,11016.900390625,0.0731141868044498,0.027591661243243384,0.17110123195345195,7385.85986328125,0.07352179159251106,0.023317773954211984,0.20504013589666226,2821.97998046875,0.05756867587334112,0.02045270719617746,0.17600635026316325,63.665000915527344,-0.0027575283934373673,0.012659717869340448,-0.015083516140583897,14.109999656677246,0.055367328112077854,0.17439356586489335,0.2933088775454189,65.80000305175781,0.14111549858962802,0.061634626822335066,0.3902387599018511
2018-01-03,10458.349609375,-0.052029827834909774,0.0453419453345828,0.07034042589341616,7180.56005859375,-0.028189960352789596,0.03685188227943505,0.1625820098224029,2677.669921875,-0.05249177510093704,0.04244241078029006,0.10308845045230441,65.23999786376953,0.024437769602844186,0.016779176792949074,0.009724181213716099,14.06999969482422,-0.0028388920963708696,0.17557148381391283,0.019565181185333014,60.9900016784668,-0.07590994088184325,0.08511431250593819,0.3736486392442637
2018-01-05,10458.349609375,-0.052029827834909774,0.0453419453345828,0.07034042589341616,7130.7001953125,-0.00696794889210121,0.03976737452538581,0.14699198485723142,2654.800048828125,-0.008577643529211438,0.043980436627320665,0.08883159832853171,66.44999694824219,0.018376994224997684,0.01664721410915894,0.04010627798543043,14.06999969482422,-0.0028388920963708696,0.17557148381391283,0.019565181185333014,67.25,0.0977070746532232,0.08688513789686084,0.3840296313812275
2018-01-06,10696.2001953125,0.02248789140619547,0.04495749064795053,0.08919836005320647,7554.330078125,0.057711485426841826,0.04325152597785403,0.14681089652358725,2734.6201171875,0.029623188721278445,0.04454842497869277,0.07213100726006916,67.43499755859375,0.014714395531347927,0.013996354025859569,0.03088608823257033,13.56999969482422,-0.03618339807870275,0.17214581983422403,0.22142215249021047,65.80999755859375,-0.02164525311172192,0.09572263560275142,0.29241948006843077
2018-01-08,11346.2001953125,0.05899434685686413,0.04877173376152681,0.13270007078821577,7707.2900390625,0.02004572014397214,0.04267407014165139,0.14166176946569586,2813.360107421875,0.028387007347283614,0.04252121311667081,0.08947839299256,68.4968032836914,0.015622942022880788,0.010149298433891257,0.054315983844022586,12.529999732971191,-0.07973570376095507,0.07219916499958874,-0.0704747656918342,67.66000366210938,0.027723452107509924,0.08767568372512197,0.19245684985213507
2018-01-10,11008.2998046875,-0.030233387336271057,0.05455837373083744,0.06651486469712009,8037.2998046875,0.04192654230766735,0.035016367934339335,0.4446091946406796,2924.590087890625,0.03877479322048567,0.03794957875163461,0.28535326900158164,72.50499725341797,0.05686841033072364,0.017666760127020467,0.061286870390415915,16.84000015258789,0.2956312702784004,0.1477762915493628,0.13706952568902975,75.30000305175781,0.10698495785610289,0.07802951356870821,0.44114838376569976
2018-01-11,10380.4501953125,-0.058725267769697206,0.05086171782099871,0.2386210749137767,7434.06005859375,-0.07802103084482113,0.05335112364025673,0.26714700488425236,2740.3701171875,-0.06506133942796619,0.04297163721658425,0.16424223295245977,74.06999969482422,0.021355100786517887,0.017788457643603196,0.14703837700824685,19.190000534057617,0.13063231997438463,0.15266449545833954,0.6833334365086285,63.68999862670898,-0.1674526325126788,0.1116855649611029,0.19269656941570124
2018-02-01,10442.2001953125,0.00593105871335475,0.04578059861044866,0.13047528367570638,7006.89990234375,-0.05917678684274573,0.06127419159606366,0.14567458699806135,2695.81005859375,-0.016394253018840243,0.04370809828893284,0.12586246661526457,63.86759948730469,-0.14819840539199342,0.08031062563046099,-0.010571704604040888,13.6899995803833,-0.33772372920057614,0.23771677708936115,0.2629150726639995,60.369998931884766,-0.05353526770564069,0.10156247703273472,0.2621784783768961
2018-02-02,10760.599609375,0.030035972031386846,0.04683262293363264,0.1420231749100227,7240.9501953125,0.032857076326005506,0.055833254125011056,0.1691586752884251,2762.1298828125,0.024303341271208243,0.04295832392206111,0.13877373169987117,63.97499847412109,0.0016801756815725212,0.07960034529170157,-0.002550799801350756,15.25,0.10791389440439293,0.24176359247977483,0.40036726530964684,65.44999694824219,0.08079417061307242,0.1114029401392873,0.4531526558135257
2018-02-03,10760.599609375,0.030035972031386846,0.04683262293363264,0.1420231749100227,7257.8701171875,0.002333973273846979,0.054106645837125794,0.16004162818167034,2691.25,-0.025996309099039647,0.04146651737456565,0.10237491383445829,65.1500015258789,0.01819996879718812,0.07982009278212863,0.019067459834425815,15.25,0.10791389440439293,0.24176359247977483,0.40036726530964684,61.25,-0.06632259630375577,0.1132445102106962,0.25460877474142185
2018-02-04,10211.7998046875,-0.05234738370025964,0.038147867286933076,0.043505807603397395,6870.1201171875,-0.05490482311823555,0.046809449798476635,0.06807255420598746,2581.8798828125,-0.041487999340757926,0.03310064045706194,0.037687148615696664,65.10549926757812,-0.0006833071887365556,0.07147689149033833,-0.00204479175693395,15.350000381469728,0.006535995831233369,0.23556693755433072,0.009868458821503445,63.0099983215332,0.028329567891025656,0.09524344344831169,0.31079672813722947
2018-02-05,10718.0498046875,0.048385322629361155,0.048281951358912355,0.10372472095591867,7100.89990234375,0.03303993243637266,0.04547704838100672,0.07531556698538244,2635.669921875,0.020619619124945542,0.029060914589410607,0.03147646872623011,66.7886962890625,0.02552482919101701,0.07212372343772347,0.03591731006241572,12.84000015258789,-0.17855018873904685,0.1999883931410465,0.03883499265724777,67.93000030517578,0.07518435037985248,0.06967225835204498,0.3241715656030899
2018-02-07,10657.2998046875,-0.005684132861100418,0.03844631704018983,0.06508562446840016,7567.68994140625,0.06366633839841128,0.044886092917067986,0.10074207942464297,2726.7099609375,0.03395835043430472,0.03369003746434062,0.02508279014134418,68.43499755859375,0.024350504994263812,0.01249799771460637,0.004329295150979018,13.369999885559082,0.04044807240871439,0.1824439265633326,0.1398124814427817,73.94000244140625,0.0847762188315192,0.0639260915059455,0.275047427164709
2018-02-08,11244.7001953125,0.05365183887354467,0.04415298578290604,0.12618183792062831,7802.68994140625,0.03058067730341834,0.044675792015459924,0.4065261247432064,2827.219970703125,0.036198146417868574,0.03597639704572555,0.2452300187037848,68.30709838867188,-0.001870663256010396,0.013426281588294463,0.056894650959612214,12.5600004196167,-0.06249618810529667,0.10911668981097243,-0.11236743758150869,68.95999908447266,-0.06972737344800459,0.07476136136027466,0.30088664908446905
2018-02-10,11244.7001953125,0.05365183887354467,0.04415298578290604,0.12618183792062831,7999.5498046875,0.024916727155929214,0.0442215647949485,0.3706871625379755,2923.429931640625,0.03346367472799783,0.033015692791323645,0.2467024673932383,73.75499725341797,0.07673506156034679,0.03185396611656641,0.14597570779940816,12.5600004196167,-0.06249618810529667,0.10911668981097243,-0.11236743758150869,75.2300033569336,0.08702351911517323,0.06637792139116575,0.41649411584210494
2018-02-11,10553.0,-0.06348674421195317,0.054650894896566736,0.02235462229649543,7356.990234375,-0.08373435212534222,0.056513036061983817,0.20188103662976875,2723.06005859375,-0.07100129157356679,0.046050997368749305,0.13892683500651382,73.30999755859375,-0.006051760359751122,0.03299806778504516,0.13876071904055243,18.229999542236328,0.37255136913108716,0.20608709501412012,0.24777549422491774,63.13999938964844,-0.17519565873119516,0.11828711104377077,0.31981603654390667
2018-03-01,10443.2001953125,-0.010459112087776086,0.048196244845080984,0.24217336957613878,7065.52978515625,-0.0404229129486194,0.05968645224386687,0.144130126314288,2713.06005859375,-0.0036790987190244103,0.04601768648822468,0.11676601062770842,63.459999084472656,-0.1442872202047868,0.0818801068785652,-0.01651433834044791,13.619999885559082,-0.2915292712611628,0.25413880793584337,0.17110917897990308,61.630001068115234,-0.02420569115796277,0.11068745955366911,0.3374565672560572
2018-03-04,10245.0,-0.01916128591031399,0.041864155416309,0.11316949432920076,6941.27978515625,-0.017741836007497437,0.04749525461212515,0.10862344765714016,2614.449951171875,-0.03702343909678423,0.04610333896263243,0.07007058269594801,65.13999938964844,0.026129018750036346,0.08207149850096665,0.01813066357786286,15.1899995803833,0.10909799666419588,0.24268209327989843,0.42897454532927015,63.5099983215332,0.030048565081252834,0.09999138184354395,0.39613092939489536
2018-03-05,10679.650390625,0.04155031634517913,0.0477262647318838,0.1360242047958753,7088.14990234375,0.02093819722882706,0.04520669469753961,0.09820927172157834,2629.72998046875,0.0058274402241403145,0.040405787204575314,0.05337515263189907,67.08000183105469,0.029347173773344757,0.08399695638294986,0.02874920348461285,12.989999771118164,-0.15645747592048612,0.25685825462345435,0.1374780809400591,68.43000030517578,0.07461398203758748,0.10643165020384315,0.4188264763562719
2018-03-07,10699.900390625,0.0018943341011033435,0.037894126413170616,0.11267209724922655,7502.669921875,0.056834584946663096,0.05432855500560031,0.13823239115896313,2713.219970703125,0.03125493873883511,0.0397574279142861,0.0636199517084044,68.6948013305664,0.02378756006928378,0.07408596080735906,0.06751830550847049,13.0,0.0007695443988775948,0.2549159816094807,0.17647056792814908,74.13999938964844,0.0801438600660823,0.105035747173788,0.4652174234267352
2018-03-08,11360.7998046875,0.059934384019729475,0.034317008503712665,0.1573639486947762,7812.009765625,0.04040331631731583,0.04040271754540621,0.1383919674006695,2840.35009765625,0.045791207763750355,0.03215686668615845,0.06615341826277854,68.6155014038086,-0.0011550471304052584,0.07425302540800129,0.07479073056929408,12.079999923706056,-0.07339817127059162,0.15238865116488526,0.02721085787382216,68.48999786376953,-0.07926747147075319,0.06789592968108055,0.19863490716412713
2018-03-09,11582.349609375,0.019313537770063165,0.03129924059452003,0.14755696578410094,7812.009765625,0.04040331631731583,0.04040271754540621,0.1383919674006695,2840.35009765625,0.045791207763750355,0.03215686668615845,0.06615341826277854,70.99500274658203,0.03409101352283084,0.013744145955579256,0.11513393113400494,13.390000343322754,0.10295699915237128,0.11435835162494437,0.21286235412950916,68.48999786376953,-0.07926747147075319,0.06789592968108055,0.19863490716412713
2018-03-10,10858.25,-0.06455719421067253,0.04792402139797524,0.07545754723459797,8025.08984375,0.026910601342620372,0.02782362512127717,0.08654780787903626,2925.510009765625,0.029541509399368063,0.032458898601995405,0.036687017630677055,73.27999877929688,0.031678212994509375,0.014328152572791908,0.12323729581224119,18.1200008392334,0.30250816158682486,0.17731063321224314,0.1874181236864323,76.41000366210938,0.10942590756715612,0.07400774519621071,0.16124620240527676
2018-03-12,10883.75,0.002345691444422726,0.04491711962225642,0.0628506012923622,7441.509765625,-0.07549911069063667,0.05185753509807297,0.03634113563592356,2790.3701171875,-0.047294582272454457,0.036636754047690116,0.04208890513046626,69.76000213623047,-0.049226893484514554,0.03481824902338201,0.04981196899928286,18.21999931335449,0.0055035072153086124,0.14546022407967668,0.36479391705819664,52.95000076293945,-0.3667655391304773,0.1988408759885292,-0.13182490070935604
2018-04-01,10504.7998046875,-0.03543857419072123,0.048286751287073826,-0.04648318200038182,7077.91015625,-0.050095065283828524,0.05872816991591164,-0.007403205522117262,2723.989990234375,-0.024076531901528093,0.04035722556153962,0.02606220435953044,63.41910171508789,-0.09529570527698146,0.0556653570553484,-0.05955210185951998,13.420000076293944,-0.30577371691682137,0.22406710521351356,-0.04890145975707205,62.0099983215332,0.15794754883801437,0.2134266384886026,-0.07791824057199703
2018-04-04,10128.400390625,-0.036488879309963515,0.03352798026005536,-0.03154888018413815,7042.10986328125,-0.005070866703068492,0.04947039618763893,-0.06780484960896549,2644.68994140625,-0.029543879605664375,0.04039784224919776,-0.03288580202274727,64.90499877929688,0.02315953859110962,0.05828484843339856,-0.05243754937757383,16.34000015258789,0.19686996154153266,0.23245877350885577,0.16133621229563433,63.369998931884766,0.02169491118609951,0.2081254666650582,-0.03707641266110884
2018-04-05,10618.25,0.04723082114801323,0.043245260211441656,-0.0072876529878956875,7209.6201171875,0.023508439826527353,0.04534393020590103,-0.06457132394819487,2663.419921875,0.007057147906028529,0.03075907837351439,-0.05329576727533758,66.66000366210938,0.02668048427930477,0.05692620263382515,-0.08061504465518832,13.25,-0.20961854633792976,0.2587057519754784,-0.023581407665489662,69.72000122070312,0.09549669168026427,0.21270010627306954,0.03044631166266676
2018-04-06,10628.5,0.0009648535230263285,0.03439855223780375,-0.06325467407220664,7606.4599609375,0.05358161952615563,0.05264248734734123,-0.05360504824004775,2746.8701171875,0.030851142377762136,0.031212678146799774,-0.06076748035185553,66.92500305175781,0.003967507189357209,0.05273202852842441,-0.09646276053063996,13.880000114440918,0.04645141089145013,0.20259051733005445,0.10774145333118912,64.75,-0.0739535375808236,0.20557265113489295,-0.14010627654963326
2018-04-07,10769.900390625,0.01321617001314681,0.03525465858104772,-0.02165633370204778,7606.4599609375,0.05358161952615563,0.05264248734734123,-0.05360504824004775,2746.8701171875,0.030851142377762136,0.031212678146799774,-0.06076748035185553,68.83000183105469,0.028067088006755773,0.05267105784836462,0.07769827555107045,12.65999984741211,-0.09200155866040725,0.20019212856571073,-0.24821854318887393,64.75,-0.0739535375808236,0.20557265113489295,-0.14010627654963326
2018-04-09,11520.2998046875,0.06735543729737502,0.0405323361199004,0.10980733859594283,8091.25,0.06178534976615703,0.0457570761806855,0.08840256013892978,2896.719970703125,0.05311692799200562,0.03534013532291729,0.05705428348346242,71.06999969482422,0.03202557953194745,0.010985237291140638,0.11090271809186802,13.779999732971191,0.08477084154424044,0.15840271317223611,-0.2819176993499808,69.87000274658203,0.07610271129460162,0.08720765560094461,0.09703256795614701
2018-04-10,10599.25,-0.08332743574375755,0.05803793826967959,0.015039915128039816,7879.509765625,-0.026517541427209104,0.03764259461065893,0.12453579692059957,2901.610107421875,0.0016867400828408017,0.031227588129253407,0.07634070811928018,73.8499984741211,0.03837068577073424,0.013032173501055642,0.13353793928594726,18.920000076293945,0.3170013214486671,0.1987079347289726,0.3820307272620247,74.33000183105469,0.061878251497080435,0.06729020445287959,0.23124073457282868
2018-04-12,10869.5,0.0251774580172895,0.05518227398149885,0.010120290186257153,7158.43017578125,-0.09597498170900039,0.06538685545775291,-0.011396297075026207,2700.06005859375,-0.07199177569000073,0.04723028696459128,-0.022471725390244224,70.48500061035156,-0.0466360584333211,0.03483446487331605,0.08262744934439614,18.11000061035156,-0.043755262058399816,0.1586548000669265,0.18754102362961045,53.25,-0.3335168587817947,0.17985277643316216,-0.18640179552475666
2018-05-01,10558.849609375,-0.028996368077366615,0.05727331828086817,0.03398517512340904,7136.56005859375,-0.003059831996007289,0.0644038249428189,-0.016714277967922464,2743.14990234375,0.01583284282561328,0.047527727269005934,0.019284682710171808,63.36959838867188,-0.10641570412923848,0.06361790991264368,-0.05119276300277986,13.109999656677246,-0.32308903401002687,0.23547281465698025,-0.14592838235343464,61.43999862670898,0.14306326189814014,0.18946869333433913,0.003102018395248596
2018-05-02,10666.5498046875,0.010148324423324489,0.05709488339177641,-0.004804978605107535,6967.52978515625,-0.023970120510605413,0.05651587202023489,0.014178743065212718,2648.93994140625,-0.034947321655021554,0.047998665462441525,0.02597334563864373,64.13249969482422,0.011967025204601479,0.06152440365078099,-0.06286984755257352,16.049999237060547,0.20233353045310024,0.2468082472488281,0.24999992572630014,64.1500015258789,0.04316304836007986,0.18918697612267843,0.018092417627570523
2018-05-03,10358.849609375,-0.029271469161408527,0.04218803673134466,-0.028004297597148398,7330.7099609375,0.050811612854443064,0.052752629036162825,0.03236351191458109,2720.93994140625,0.026817849449868418,0.04059882516527109,0.032352313475804806,65.18669891357422,0.01630419277028402,0.05892206125896234,-0.04568192104050994,15.399999618530272,-0.041341317392033776,0.24847938349269583,0.15183244206036162,62.56999969482422,-0.024938189714832176,0.18410528650077207,-0.0789047635252722
2018-05-04,10325.150390625,-0.0032584846806620665,0.024019914747854094,-0.08177628471329335,7076.5498046875,-0.03528589488257603,0.0531782012596321,-0.0648996114430509,2662.840087890625,-0.021584131887445325,0.03989067324439443,-0.023423786894046894,64.99500274658203,-0.0029450576095068283,0.05160951438119895,-0.11877153864892831,14.800000190734863,-0.03974029099126154,0.18605454631604035,0.1783439248632226,63.540000915527344,0.01538371811712488,0.17993202936271324,-0.14065460079096404
2018-05-06,10593.150390625,0.025624898264897285,0.02416198184464793,0.0038046423410404984,7637.85986328125,0.07633096812296894,0.04846844139416075,-0.021124776117310784,2748.800048828125,0.031771215151715326,0.030010258435353564,-0.027737467437136565,67.05999755859375,0.031277318513444785,0.05528116980558331,-0.08525440196617962,13.31999969482422,-0.10536055145641175,0.18764363939316983,-0.26933625730688215,65.5199966430664,0.030685745059515386,0.06231151414996762,-0.04988402678475112
2018-05-07,10749.75,0.014674895805416446,0.021084360145452074,0.02935401016492012,7586.43017578125,-0.006756293134756033,0.04880103278976286,-0.0516428597849562,2736.610107421875,-0.0044445031912999505,0.029301925531157232,-0.06390432765183707,68.9800033569336,0.0282289515422258,0.013725394956046256,0.0869839954632392,12.579999923706056,-0.057158396993555204,0.12067993562955538,-0.07635829446340225,72.94000244140625,0.10728183054240312,0.04817922720284733,-0.03043999486032567
2018-05-09,11476.9501953125,0.06545819467838365,0.035184267928164786,0.12024892096754525,7995.169921875,0.052476451383047566,0.046549110893553104,0.08674466965011751,2888.60009765625,0.05405202211246381,0.030147608769499835,0.06079191626349534,71.75,0.03937119846571938,0.016434146252423627,0.10147375916926982,13.649999618530272,0.08163124847687507,0.06905282897871583,-0.10138248876858558,68.72000122070312,-0.059596923412532705,0.0630758237000133,0.0883750694487575
2018-05-10,10316.4501953125,-0.10660096560908974,0.0642802116175524,-0.034008622195285554,7788.4501953125,-0.026195707458158194,0.04955657917953616,0.10231651866715086,2885.570068359375,-0.0010495117005153512,0.03052688941002779,0.0635850316763873,74.22000122070312,0.03384581743981237,0.016665613091507693,0.10644005955204028,19.729999542236328,0.36840080314865303,0.191083593013022,0.5188606535701266,74.33999633789062,0.07860882016804464,0.06418136587014835,0.20623065146028385
2018-05-11,10524.0,0.01991863561945452,0.06489319107358622,-0.01643944188294688,7328.85009765625,-0.0608232646999318,0.056493531473740734,0.0558355698798958,2738.31005859375,-0.05238151460745892,0.04043357048542341,0.04737520692119479,72.90499877929688,-0.01787646505504477,0.023196899220450845,0.06128844348017792,19.479999542236328,-0.012752022117894179,0.188291412691762,0.49846150324894833,63.09999847412109,-0.1639283702422266,0.11073052778790012,-0.006455674039485881
2018-05-12,10782.900390625,0.024303219048228682,0.06478474247338609,-0.05086784592613425,7328.85009765625,-0.0608232646999318,0.056493531473740734,0.0558355698798958,2738.31005859375,-0.05238151460745892,0.04043357048542341,0.04737520692119479,70.62999725341797,-0.03170226249057196,0.03270727620439229,0.029359194473474348,18.38999938964844,-0.05758126928831582,0.17911005994522353,0.5223509524664403,63.09999847412109,-0.1639283702422266,0.11073052778790012,-0.006455674039485881
2018-06-02,10498.25,-0.02675300561989614,0.06564977535114806,-0.09359928217824709,7115.8798828125,-0.02948973763325477,0.041989733520341056,0.003912160556816202,2695.139892578125,-0.01589085197839058,0.038278868955364254,0.02487324272650815,64.314697265625,-0.09366676607138849,0.05434357736852738,-0.0940954323898332,20.020000457763672,0.08492479132548139,0.16575451757121945,0.49514562691905595,63.38999938964844,0.004585365302309013,0.10944817980176368,-0.07365192010887855
2018-06-03,10249.25,-0.02400404443077746,0.05263820771019122,-0.05608638592775084,7372.009765625,0.035361474711555624,0.04768421730417173,-0.017415154553053647,2728.1201171875,0.01216265903292806,0.038939260901958164,0.005491683919941703,65.00370025634766,0.01065601683355125,0.04849508355743133,-0.11294075683428428,16.25,-0.20863888797664604,0.2143944679140131,-0.10320092453773377,62.59999847412109,-0.012540856936570028,0.08959350085580048,-0.1556514838215468
2018-06-04,10331.599609375,0.008002589826937325,0.02420189431856079,-0.05073163115883772,6915.10986328125,-0.06398151183133825,0.0399591239821097,-0.11481039185208874,2604.469970703125,-0.0463835818765072,0.028073957386067744,-0.08304614531418664,64.86150360107422,-0.002189912430391293,0.04056881245487676,-0.07021930024586642,14.75,-0.09684982598991766,0.10802346199430349,-0.19045002437574876,62.060001373291016,-0.008663572582315622,0.08835569749502402,-0.0938822702735097
2018-06-06,10684.650390625,0.03360104659125166,0.02752150236623105,0.01712080089877066,7689.240234375,0.10611312679883068,0.0726985342895038,-0.04184995008330805,2772.35009765625,0.06246618284609222,0.047109710619709734,-0.05235323468322206,67.08999633789062,0.03378066412407198,0.04913276445130635,0.0578831065645542,12.550000190734863,-0.161522402010039,0.11276731002814244,-0.06482860511274591,64.7300033569336,0.042123143269295976,0.0791643370597565,-0.1528595700220824
2018-06-07,10772.650390625,0.008202382422326416,0.025259094500932694,0.06360826736236924,7688.39013671875,-0.000110562893840177,0.06522073372077591,0.03317611329816139,2759.820068359375,-0.004529886228031791,0.04019385947933434,-0.010948385893308377,69.06999969482422,0.02908553169275703,0.0519113311980684,0.06417072635175636,12.4399995803833,-0.008803627196002983,0.11803632265533222,-0.23867812336506722,73.80000305175781,0.13113394854018742,0.05982627658173109,0.39376774293479544
2018-06-08,11387.099609375,0.05547055041394346,0.02996865991075172,0.07240831675417314,7859.68017578125,0.022034498937332263,0.061467157482459615,0.11045209705592618,2850.39990234375,0.03229381606843398,0.04073510616758038,0.04640615881943777,68.50499725341797,-0.008213783470616874,0.01854807699801704,0.027677670116260655,12.5600004196167,0.009600140869237996,0.09446959325338417,-0.05207544002892839,69.01000213623047,-0.06710732037027227,0.07460404222578182,0.1128850831183863
2018-06-09,11536.900390625,0.013069526571692152,0.020657841501130335,0.08546835307192935,7922.72998046875,0.007989925427378464,0.060960826922110696,0.12505060759974818,2878.050048828125,0.009653697406831563,0.04073576463726067,0.0882372272712586,71.88999938964844,0.04823046929379459,0.024278214187408078,0.07418746524450426,13.720000267028809,0.08833744731145529,0.097100757070843,-0.01152736643320651,67.7699966430664,-0.018131882974077924,0.07519685047615574,0.06943345092858721
2018-06-11,10530.0,-0.091322301855868,0.05637265620916162,-0.022275079798679376,7375.9599609375,-0.07150978298628713,0.06342420882865243,0.023071929040124006,2755.449951171875,-0.04353224752694755,0.03974476428568238,0.03455333067873401,72.86000061035156,0.013402635451759438,0.021540149545142738,0.05855003155729421,18.51000022888184,0.2994564971902332,0.168393045275374,0.46208534375816424,62.209999084472656,-0.08560382580360251,0.08821774019237431,-0.10771660936231309
2018-06-12,10601.150390625,0.006734196500916077,0.054055237840884264,-0.07978519913939275,7188.259765625,-0.025776950891507666,0.03680913524060649,-0.05497960910333333,2695.949951171875,-0.021830122156472502,0.029034605995572064,-0.018537522286551256,70.87000274658203,-0.027692548380085526,0.029938448051992434,-0.002814083989038707,19.309999465942383,0.04231192983266025,0.12480213406779163,0.4013062293273959,51.4900016784668,-0.18912809715423776,0.11688929744354834,-0.20478761886537766
2018-07-02,10476.7001953125,-0.011808760194375878,0.053891449670409465,-0.0115621204035663,7051.97998046875,-0.019140681371549728,0.03605803873052668,-0.12844369158427316,2681.659912109375,-0.005314655790079387,0.029029570407750505,-0.07424261259936293,63.97999954223633,-0.10227672421079945,0.05618874795284889,-0.13364927739766252,19.46999931335449,0.008251715333887043,0.12175284961153507,0.029069727000142764,61.790000915527344,0.18235390723367656,0.13681463914209097,-0.11564335928768732
2018-07-03,10154.2001953125,-0.03126633021528456,0.04197205368520718,-0.06580797687911133,7396.64990234375,0.04771875611673164,0.04401145195425292,-0.061280444804797995,2726.800048828125,0.016692805430964217,0.02438575892620919,-0.06024588146650456,64.88999938964844,0.014122991860556685,0.05775997655264817,-0.07937860782087347,15.699999809265137,-0.2152140839117158,0.1841837300094398,-0.1330756885623119,61.150001525878906,-0.010411666803414545,0.13588889082070088,-0.17731736822948985
2018-07-05,10715.5,0.0538038591554536,0.053164737797664466,0.014835933498466902,7265.2099609375,-0.017929984863696857,0.04254932155514632,0.014916648278209488,2672.6298828125,-0.02006581593435843,0.0222736477194056,-0.010159098385217447,66.81050109863281,0.02916675103585487,0.05334625996083837,0.0542989508763565,13.760000228881836,-0.13189485106649304,0.19700522997352815,0.04958051786626316,70.7300033569336,0.14553997142290936,0.15594483660582067,0.3282629738391285
2018-07-06,10768.349609375,0.004919948420965596,0.03154854122065875,0.00954383624991495,7635.06982421875,0.04965488696940487,0.03826414584635897,0.06985294897430316,2770.3701171875,0.03591796510767535,0.024851329731477113,0.009922977530499866,66.8301010131836,0.0002933227534385524,0.05192575108860254,0.042062937374903075,12.779999732971191,-0.0738844210839363,0.104387520087408,-0.2037382965438841,65.94999694824219,-0.06997302561962683,0.1537264003887471,0.07340492223859907
2018-07-08,11389.4501953125,0.05607626565627018,0.03921652812496347,0.09948986854725472,7883.66015625,0.032040198953369986,0.03446614081711336,0.13148567703944236,2858.449951171875,0.03129857520887257,0.02394842112298058,0.0790920196002638,68.80999755859375,0.029195454717560246,0.05520217022178203,0.05558340436633191,12.579999923706056,-0.015773182847522504,0.09050435711745622,-0.18311686783621794,69.16999816894531,0.04767038325117697,0.10522087206946736,0.07825403778114137
2018-07-09,11589.099609375,0.017377462011160798,0.036423049204640255,0.12241460617344968,7902.5400390625,0.0023919488642681636,0.029592768418019968,0.07800473367137162,2871.679931640625,0.004617697765331321,0.0225550601095994,0.055399969672417226,71.93890380859375,0.04446815283877129,0.01681278546815327,0.10683746085966406,13.890000343322754,0.09906093627591986,0.11876984982906907,-0.06148647538408747,67.75,-0.0207427563808786,0.08245208528694618,0.08278728352949427
2018-07-11,10598.400390625,-0.08936188429531822,0.059128029055532,0.0004956032725302872,7570.75,-0.042892093888245046,0.03725207379379235,0.06983631981013438,2813.889892578125,-0.020329371071159154,0.026968785989443567,0.056725075371369504,73.2300033569336,0.017788018341178418,0.01637881535366964,0.09200724758375944,17.719999313354492,0.24352472494367472,0.14940842184010109,0.33033030925969076,61.66999816894531,-0.09402690044758305,0.09696333416674982,-0.029430322940474762
2018-07-12,10693.7001953125,0.008951718097734498,0.05370190828007212,-0.005214056576897108,6969.25,-0.08278452287346186,0.054417308478149934,-0.08753890163598954,2633.080078125,-0.06641353617356859,0.04204346439168323,-0.042098358792033275,70.75,-0.03445268239059164,0.030318300566896394,0.02565956156754079,18.59000015258789,0.047929903514227906,0.12146937357422244,0.4777424694221535,52.61000061035156,-0.15889133196807512,0.07772961289600565,-0.19703902158366537
2018-08-01,10623.599609375,-0.006576896630091208,0.05366290318922402,-0.07435342764544117,7157.39013671875,0.02663779351372262,0.04898997921793013,-0.05655361337565035,2747.7099609375,0.0426135299633768,0.04366745635324953,0.004056059533479539,63.26499938964844,-0.11182029252965915,0.063710073522863,-0.11825784822789631,13.739999771118164,-0.30231253980527906,0.20125051864623913,0.006593417956269665,61.72999954223633,0.15986380164607383,0.12396786378121118,-0.15368799731224414
2018-08-02,10576.849609375,-0.0044102910550769935,0.04282106130631726,0.025241183656449673,6777.16015625,-0.05458725028191226,0.04419761930471527,-0.15234319939748775,2581.0,-0.06259090254293562,0.046081207699930404,-0.10648760204149765,64.19999694824219,0.014670919167058165,0.06172127041482784,-0.13500409738158192,17.770000457763672,0.2572003977908998,0.22643920148005062,-0.09934106081841787,61.150001525878906,-0.009440141903996386,0.11950506142633952,-0.11015715309014895
2018-08-03,10242.650390625,-0.03210720026738744,0.03907871283713739,-0.026734094391391072,7427.9501953125,0.09169178027775002,0.07075054790688773,-0.04628648716492634,2738.969970703125,0.05940500588565062,0.05839259976016277,-0.05080455306344411,64.89119720458984,0.010708815056949844,0.055251597161495004,-0.10992115367791133,14.59000015258789,-0.19717529493395347,0.253742535873075,-0.25102666861187506,60.119998931884766,-0.016987339967843584,0.11954753130843415,-0.1912832675074806
2018-08-05,10717.7998046875,0.0453454791467164,0.028305581137931288,-0.0060373910153246335,7266.89990234375,-0.021920161210391875,0.06909216707636925,-0.008452921602573271,2671.919921875,-0.024784640754976994,0.058633367437815186,-0.024244930376089102,67.1187973022461,0.03375216516101987,0.058397720371658184,-0.049712587961370125,14.0600004196167,-0.03700245676584899,0.21759134962363177,-0.23545400292231966,69.05999755859375,0.13863310949150148,0.13022850989258644,0.0944532365863211
2018-08-06,10767.650390625,0.004640412459483226,0.028115057744033462,0.02566145696901856,7645.509765625,0.05078873950423923,0.05796843151335481,0.07442928935489102,2779.030029296875,0.03930467062716056,0.05205658992706065,0.031126449855076732,67.41000366210938,0.004329285812537038,0.05814620178236249,0.048127512498434166,12.699999809265137,-0.10173193778118152,0.21160461658232643,-0.36563438966655315,65.73999786376953,-0.04926812086895389,0.09702129051355544,0.037072069675786246
2018-08-08,11450.0,0.06144342506319837,0.038016466995155686,0.11715491377417853,7888.330078125,0.03126594526001754,0.05816702806942352,0.07003793116329748,2857.699951171875,0.027915131907826133,0.05019179460522624,0.04749784775531163,68.59600067138672,0.017440804590196982,0.010988872010621927,0.05526301427261093,12.539999961853027,-0.012678446283300962,0.16973443212655137,-0.2283076946551983,66.94000244140625,0.018089196513806846,0.0725229730528941,0.06932913854749256
2018-08-10,10348.0498046875,-0.10119165271090298,0.06524570475141882,0.0015922215275911977,7735.9501953125,-0.01950614193994508,0.04827964363010153,0.11870242819855314,2884.429931640625,0.009310194681394142,0.031949741701606735,0.10749210552883426,73.76300048828125,0.07262302371057588,0.0273624899439711,0.1372385219737584,20.149999618530277,0.47428073729844067,0.26102677097385074,0.3661016690529002,74.29000091552734,0.1041796332326702,0.07990341231861772,0.19706734243644086
2018-08-11,10348.0498046875,-0.10119165271090298,0.06524570475141882,0.0015922215275911977,7530.8798828125,-0.026866434796526773,0.0357140221654529,-0.020595058384903164,2806.830078125,-0.027271522582418165,0.030203526697704423,0.012437094614384803,72.37999725341797,-0.018927277303128365,0.03431021728842937,0.07884932485142637,20.149999618530277,0.47428073729844067,0.26102677097385074,0.3661016690529002,60.66999816894531,-0.20252705371376614,0.1358562867939232,-0.06272215321233088
2018-09-01,10637.0,0.02754041198018219,0.06435415421014559,-0.004459705173583406,7163.580078125,-0.05000201837237666,0.04218572080795021,-0.06826007125826328,2751.2900390625,-0.019985853704402028,0.029079995153826782,-0.0030907918217819574,63.45199966430664,-0.13164627093319722,0.07525749496618779,-0.08133777407470533,13.850000381469728,-0.37491900928490407,0.30693807583860233,0.10358567099422045,62.959999084472656,0.037050277794090904,0.1164984213631754,-0.14688351651805198
2018-09-02,10454.9501953125,-0.017262920119789617,0.06117546935137184,-0.029491367842864546,6874.490234375,-0.0411923738437815,0.031689454877126065,-0.12534733212707638,2619.550048828125,-0.04906734086070957,0.030488362341073137,-0.08098858455819058,64.44049835205078,0.015458582605583825,0.075993938073335,-0.059331422003150225,19.229999542236328,0.3281862756197371,0.3406287602389556,0.5458199510360284,59.20000076293945,-0.06157803479028427,0.11743762130269896,-0.14215332661380597
2018-09-03,10226.849609375,-0.022058992687236906,0.061292463525307796,-0.1018916176903174,7560.81005859375,0.09516084198258061,0.05915073609467675,-0.0456812137693966,2786.570068359375,0.06180890742733383,0.04280984229084336,-0.03178540293487897,65.09040069580078,0.010034791731115078,0.07541949408087796,-0.0945833739265095,14.529999732971191,-0.2802560765915905,0.3702339687369911,0.15684707384863383,62.040000915527344,0.04685779828793657,0.12049388552158428,-0.08455062728891694
2018-09-04,10379.349609375,0.014801641255784963,0.0501856350437042,-0.10033464293326455,6950.33984375,-0.08418777829635532,0.06849895779012007,-0.05770369137597686,2613.159912109375,-0.06425129003329019,0.04885784364090856,-0.05163949321670136,64.90450286865234,-0.002860080645816221,0.06075171934327626,-0.10918882342925684,14.869999885559082,0.02313029357153533,0.3696222548400426,0.08381921254723967,63.41999816894531,0.02199988717293249,0.10470932043976676,0.01945023472560492
2018-09-05,10741.7001953125,0.03431516379744377,0.02579203328283283,0.02010448198599235,7339.91015625,0.05453604549608684,0.07612886258008988,0.02109695469690842,2697.7900390625,0.031872750471974395,0.05351982375545769,0.0006825378526871262,67.1624984741211,0.03419803038914722,0.06657446124668685,-0.05231415449098098,14.270000457763672,-0.041186289208481455,0.27623997754645546,-0.22906535487246182,71.13999938964844,0.11487051770240571,0.06318723204597324,0.3816274435935647
2018-09-07,10852.900390625,0.010298979856181294,0.023486926505041264,0.023747422753537473,7756.2001953125,0.05516594645869178,0.07515640706236336,0.09986134628773291,2784.169921875,0.031516841963834696,0.0555363181623545,0.03822632739622511,68.75499725341797,0.023434387891798397,0.013946359715464216,0.074632662478052,12.390000343322754,-0.14126974021677213,0.2269120794752444,-0.3583635066808073,73.8499984741211,0.03738623037479547,0.0631943356212044,0.19517717073804364
2018-09-08,11470.7001953125,0.055363613704971955,0.028874738882708657,0.09487720193088434,7891.77978515625,0.017329135500330058,0.06828597467822094,0.06693974831167959,2853.580078125,0.024624597959243273,0.04769595586976001,0.0464940688817137,68.45500183105469,-0.00437279939351218,0.01670488440122392,0.05493916589518344,12.68000030517578,0.023136249725853965,0.12901727944012792,-0.3487416151844157,66.80999755859375,-0.10018325492066324,0.0780775718900926,0.09255921327033012
2018-09-10,10301.0498046875,-0.10755016224987324,0.06349094972347054,0.014461957273876669,7738.02001953125,-0.019675840771377635,0.05849174061306519,0.06507865032612759,2880.340087890625,0.009333999524279796,0.04065656538716832,0.07771753448313024,73.88999938964844,0.07640087070626714,0.033043159492557546,0.10596385560054578,19.76000022888184,0.44363373082624064,0.22395883598272026,0.2585987559834715,74.95999908447266,0.11510189232176347,0.08832416787110632,0.059804828598589266
2018-09-11,10585.2001953125,0.02721100469504413,0.0643798695848207,-0.012159936977975794,7406.89990234375,-0.04373385843326117,0.044181480003556185,-0.029884457788615815,2781.010009765625,-0.0350941986636364,0.02810324187787622,0.0038406032869451323,72.9000015258789,-0.013488832594547546,0.035558641932552454,0.09082584674678107,17.770000457763672,-0.1061480359757744,0.23660008980083694,0.2914244303909941,60.18999862670898,-0.21944842297287567,0.14619269176065694,-0.0873388716917406
2018-10-01,10632.2001953125,0.00443033321805968,0.062203910022684286,-0.012643480106177774,7153.56982421875,-0.034800476789400514,0.04099448024404283,-0.09260804214809404,2748.22998046875,-0.011857113600550247,0.02734214221831595,-0.03855934950266948,63.63610076904297,-0.1359077284814153,0.07822478308036661,-0.07519106195498781,14.039999961853027,-0.2356012720463921,0.2664703882096259,0.09859156926515067,63.56999969482422,0.05463545340394559,0.13536422064592007,-0.08095993382048805
2018-10-04,10402.25,-0.02186502183839528,0.062270754306782264,-0.08667672085864142,7094.2998046875,-0.008319891038690453,0.0239218548357234,-0.10227600624354238,2656.8701171875,-0.033808278658831216,0.02631834627708039,-0.07480283999839832,64.87000274658203,0.019204378100430266,0.0777837853380667,-0.09826256292172297,14.5,0.03223825354588448,0.25505625317523783,0.1526232184370564,65.51000213623047,0.03006117920531998,0.13459146600166882,-0.033062699096229275
2018-10-05,10716.5498046875,0.029767128359553103,0.05649398730411059,-0.07529056044885929,7404.97021484375,0.04285980822344278,0.033934737529441865,-0.02189740582587585,2723.070068359375,0.02461116307950874,0.026314009501245364,-0.032275542997718176,67.62000274658203,0.04151852833288285,0.08147457333189975,-0.0766079523854124,14.43000030517578,-0.0048392554920467365,0.25559055873694897,0.03887688614151941,71.36000061035156,0.08553466147187519,0.13392421469609617,0.15712668605665314
2018-10-07,10947.25,0.021299025907405712,0.021433122759256365,0.03291530764242312,7759.2001953125,0.04672783586059691,0.0424614638104139,0.11334794925027802,2793.840087890625,0.025657079678808193,0.029971837830883145,0.06105397671008217,68.65979766845703,0.015260003265598789,0.07053440730745947,-0.0295434958521974,12.399999618530272,-0.15161295208717906,0.1088579616292552,-0.3002257280458729,74.11000061035156,0.03781298737413241,0.12325411458412372,0.4086675489558853
2018-10-08,11429.5,0.04310944914928815,0.025089980435461814,0.06880684807397452,7839.10986328125,0.010246028800700652,0.03450524919822192,0.0952469704096679,2833.280029296875,0.014018036377176727,0.025858962628273165,0.031142321997544187,69.0999984741211,0.006390867528207664,0.07117591076723309,0.09223107785925921,12.850000381469728,0.03564739918028555,0.12228138767290984,-0.3087681400755182,67.62999725341797,-0.09149885322406018,0.0676205966480119,0.09557747861547927
2018-10-09,11438.099609375,0.0007521217729267223,0.025540008732886088,0.07666892860695063,7924.16015625,0.01079105010331449,0.02354700900613703,0.16924493055431467,2877.1298828125,0.01535816731360407,0.024592593311854673,0.1147345535887252,72.09500122070312,0.04243000199903937,0.016212769877429853,0.12297515027650019,15.199999809265137,0.16795157427629587,0.11431019501168137,0.10625910207188882,67.54000091552734,-0.001331602462202293,0.06574484825679192,0.10449712559605029
2018-10-10,10460.099609375,-0.08938187261465881,0.05287175187291015,-0.011038258490176145,7422.0498046875,-0.0654610671437531,0.04505297388474122,-0.000794349782894832,2785.679931640625,-0.03230124456868192,0.02393464215683655,0.017053841932231473,74.55000305175781,0.03348537145598555,0.01620308196547778,0.14884616501550374,17.90999984741211,0.16406379224903253,0.13274347626044855,0.007878412270230006,73.16999816894531,0.08006544735851719,0.07260266079425283,0.21706585942967238
2018-10-12,10488.4501953125,0.002706688864885107,0.050538373104914505,0.023997675925020223,7020.52001953125,-0.055617980878721114,0.047997266225143706,-0.033904400242672494,2637.719970703125,-0.05457708766782274,0.035035238889827104,-0.012799766524393186,71.36499786376953,-0.04366255899860141,0.033617642913387674,0.06326395484117753,20.440000534057617,0.13213458391064994,0.1347172565659557,0.4009595832959665,51.0,-0.36095984314694823,0.17602468822389522,-0.26151170282435643
2018-11-01,10651.2001953125,0.01539790986031885,0.04985530835342343,-0.006213925487381533,7211.77978515625,0.026878478220290027,0.042578786644581375,-0.056730027658697724,2767.56005859375,0.04805119021512007,0.0410653758661583,-0.004127328809767183,63.7599983215332,-0.112681514990666,0.0641670497502399,-0.054146345383271566,14.010000228881836,-0.3777224147776181,0.2310566538994507,-0.003556201226360023,63.79999923706055,0.2239275456681197,0.21836437248060334,-0.029510171733336032
2018-11-04,10417.150390625,-0.022219056265324225,0.04185539229176037,-0.032551205442662545,7069.02978515625,-0.01999252970146315,0.040245232457465516,-0.10386232381942773,2642.18994140625,-0.046357990200174296,0.043990684619182326,-0.07541379901597067,64.92530059814453,0.018111379309961113,0.06533844657947778,-0.053511867125124346,14.720000267028809,0.04943575475532541,0.23130637541555005,0.15905515654338864,66.81999969482422,0.04624925396903265,0.21734635950177592,-0.0017926910995719192
2018-11-05,10806.5,0.03669428100572249,0.048549982253145954,-0.05620087336244539,7402.8798828125,0.046145857185561925,0.04925449127211219,-0.04305486773968892,2727.719970703125,0.031857988122931086,0.04723924105860986,-0.05432961266227243,67.38999938964844,0.03725924243396189,0.06428483098285939,-0.08639834410810465,13.979999542236328,-0.051579427379792965,0.21837752449253844,0.11483250277223389,70.69999694824219,0.056443097376156645,0.21894787186450912,-0.048324187953197484
2018-11-06,10786.9501953125,-0.0018107166619653941,0.021785945129013842,0.042413826654195796,7659.93017578125,0.03413377042283989,0.04275224525625818,0.017136150752221857,2782.0,0.01970400882442228,0.04700922390014701,-0.008846306129648873,67.51000213623047,0.0017791367958288722,0.05990634142225417,-0.06728371514213516,13.18000030517578,-0.05892715183266052,0.19358628897329247,-0.34590567966784325,66.0999984741211,-0.06727680596439552,0.21692242079088092,0.08950058462265109
2018-11-07,10948.2998046875,0.01484708694885308,0.021981366607151404,0.029265752062376693,7716.60986328125,0.007372262429483618,0.025901630853607072,0.0772001958692421,2774.02001953125,-0.002872554788491829,0.03661191388063788,0.008261571897558051,68.9000015258789,0.020380433468946284,0.06038377539227242,0.08586020756469415,12.779999732971191,-0.03081912417370504,0.16438797634500243,-0.07725636238466238,70.37999725341797,0.0627403690951631,0.10390300033967528,0.11785257745938016
2018-11-09,11287.5,0.030511743514380192,0.024090954395418286,0.0796321158048916,7972.47021484375,0.03261925320092972,0.026464417283657306,0.1597180217055867,2887.889892578125,0.04022855575241293,0.03470072061232058,0.10243737998823255,72.44499969482422,0.05017144889427308,0.01864425561447024,0.12421538547146715,15.329999923706056,0.1819302598518334,0.10124688481108998,-0.202808097315052,69.25,-0.01618594780095446,0.05635935833548339,0.16976349843819727
2018-11-10,10234.650390625,-0.09791685843260162,0.05483243854902533,0.0007627746127065738,7329.06005859375,-0.084147108347441,0.0529921386038871,-0.030651477580314168,2728.3701171875,-0.056821690230938984,0.03889870668573148,-0.020885873939692767,74.5999984741211,0.029312837695405426,0.01819602348313713,0.14609831367859138,20.549999237060547,0.2930492159092867,0.1610855047774054,0.4143151833945937,70.97000122070312,0.024534124669713008,0.05428196033322865,0.14393939673428968
2018-11-12,10549.150390625,0.030266264674409495,0.05371743946946109,0.016359481821156763,7031.830078125,-0.04140027955891352,0.051355020920521355,0.01172464026320652,2636.780029296875,-0.03414591737058691,0.03930502305233536,0.009038909971810227,72.7300033569336,-0.025386486433019852,0.028619838044282326,0.12056945423521337,17.950000762939453,-0.1352707463783578,0.1797224382477851,0.2071285071341189,51.650001525878906,-0.31776704462884375,0.15048981585614413,-0.18558809496828066
2018-12-01,10681.25,0.012444542896852366,0.054292341825996855,-0.005627618925622135,7261.06005859375,0.03207883575640999,0.05091703531238888,-0.010742651609857656,2786.239990234375,0.055134526289519856,0.04759356194653372,0.03278607671137079,63.67210006713867,-0.13300752321673132,0.07321563730506077,-0.05196945447655332,13.729999542236328,-0.26800697099839704,0.22897484260455928,-0.037841688731940715,64.30000305175781,0.21906945359649663,0.1959688306663975,-0.09614838904378609
2018-12-02,10539.75,-0.013336044214936935,0.05356813332142765,-0.02885407396676254,6981.9599609375,-0.03919615770398155,0.05104484908646362,-0.0998221055257078,2656.0,-0.04787178153897882,0.052360458489217714,-0.046035236882626784,64.2113037109375,0.00843278835536686,0.07209300229207964,-0.06608528432825433,17.8799991607666,0.2640995363688954,0.25312962930234456,0.4430991658852157,59.290000915527344,-0.08111900554402397,0.19399177662969874,-0.19715636911889634
2018-12-03,10421.400390625,-0.01129240187797513,0.049217079416732895,-0.09147652600285872,7588.31982421875,0.08328052581495332,0.06672330163895221,-0.038452664569820105,2783.02001953125,0.046715444411149214,0.05393250629697492,-0.02472685421889853,64.96489715576172,0.01166781480078321,0.065243034735473,-0.050983924942496706,14.489999771118164,-0.21022398227163297,0.26893833455435884,0.14274443394165925,61.36000061035156,0.034317493845270296,0.19646928620354343,-0.0815745718814378
2018-12-04,10458.650390625,0.003568002770518386,0.017994893929099687,0.015299468396491323,7140.25,-0.060862410125018314,0.06079271326413581,-0.07725103036984149,2663.989990234375,-0.04371168077378192,0.05117730375345167,-0.07511269192336623,65.19000244140625,0.0034590401250992656,0.06107091868296028,-0.11774255000820866,14.5600004196167,0.004819331051624666,0.21233485315678416,-0.26315788203608703,67.06999969482422,0.08897867855547725,0.20248678794131808,-0.10525612974937704
2018-12-06,10842.849609375,0.03607641599910989,0.020147316914331994,0.024340532943023296,7703.7900390625,0.07596463088376171,0.06578377274706881,0.040082914665122704,2786.85009765625,0.04508696552840047,0.05206870529676191,0.0020999880871039878,67.48999786376953,0.03467328671569417,0.06707123986094925,-0.07421129696669304,12.729999542236328,-0.13431669497849333,0.21226073414270935,-0.2836241297520833,66.36000061035156,-0.010642371041711264,0.11315849092930054,0.10250875767431378
2018-12-07,11023.2001953125,0.016496319857388315,0.020573833522669165,0.03677507880000075,7823.919921875,0.015473277118081087,0.06532887198094811,0.09370847201165877,2798.2900390625,0.0040965695129761065,0.04590926609904865,0.018215381881981907,68.72000122070312,0.018060888336666428,0.01207785097039963,0.07989019424856592,12.510000228881836,-0.017433033835144687,0.18067855311086542,-0.1089743402512986,70.33000183105469,0.058104001835287404,0.06625236026659123,0.10633950241753509
2018-12-09,11369.900390625,0.03096738658920358,0.019514479209212725,0.09302318158331135,7954.22998046875,0.01651816243455928,0.05814484157024099,0.12121424234327649,2888.919921875,0.03187417252213441,0.03789906598721665,0.08733953654202042,72.98999786376953,0.06028212075666737,0.02250742114758001,0.12517334320007167,14.25,0.1302285639399297,0.13155098589184772,-0.017241379310344862,70.37000274658203,0.0005685986539251587,0.04096952166653696,0.07418715389819419
2018-12-10,10472.5,-0.08221677316601905,0.04821866537185208,-0.022773169456157483,7496.89013671875,-0.059215574066191226,0.058017726084129535,0.012413273680796255,2767.1298828125,-0.0430720631724563,0.041306583554484556,0.01618019857993258,74.16000366210938,0.01590255444269278,0.021922828320988148,0.0967169572594837,18.6299991607666,0.26801623285141846,0.15372744198438942,0.2910602055971099,71.33999633789062,0.01369005358852132,0.04198882528387181,-0.00028032892782847707
2018-12-11,10482.2001953125,0.000925825319853314,0.04819766222915538,-0.04248097053483757,7200.8701171875,-0.04028641778467117,0.053380901362887215,-0.07195716878941971,2726.219970703125,-0.014894616042336729,0.035482362911892856,-0.024203288327269257,72.47000122070312,-0.023052270673348467,0.030434842158187154,0.0554939525258249,19.3700008392334,0.03895238117927874,0.1519525451496739,0.5620968899295222,59.93000030517578,-0.17427990903526194,0.08876461678883074,-0.19133720399936338
2018-12-12,10737.599609375,0.024072964883758565,0.04623862292386985,-0.060536365599982545,7098.31005859375,-0.014345132529998332,0.03356882431833494,-0.0945005003893925,2651.070068359375,-0.027952665726275368,0.029121194616119558,-0.0643106078655834,72.62000274658203,0.002067703842033845,0.030311997884401712,0.05094072865687882,15.8100004196167,-0.2030828429827558,0.17497561434816167,0.2303501906829064,51.150001525878906,-0.1584146973332081,0.10662782686612687,-0.2436787874733527
2019-01-01,10737.599609375,0.024072964883758565,0.04623862292386985,-0.060536365599982545,7098.31005859375,-0.014345132529998332,0.03356882431833494,-0.0945005003893925,2651.070068359375,-0.027952665726275368,0.029121194616119558,-0.0643106078655834,69.70999908447266,-0.04089663744254276,0.0389041289617933,-0.03308138006585648,15.329999923706056,-0.030830989855652115,0.1762369394487625,0.008552639215276825,51.150001525878906,-0.1584146973332081,0.10662782686612687,-0.2436787874733527
2019-01-02,10893.650390625,0.014428522483996911,0.046041208682218185,-0.04759962208265378,7263.8701171875,0.023056024996345847,0.03548379434130849,-0.08332618549382942,2706.530029296875,0.020704024570362273,0.03194016598890225,-0.059295151927189815,71.19999694824219,0.021149009191226694,0.026386962468206675,-0.044936364404838725,15.720000267028809,0.025122116080676944,0.1690018936325725,-0.12227803456401165,55.2599983215332,0.07728676689218826,0.11180239502369417,-0.18181821776035811
2019-01-03,10863.5,-0.0027715403335030575,0.04225122873522451,0.03856563567171456,7595.35009765625,0.044623469996625156,0.04310396402804861,0.02334938427108102,2803.68994140625,0.03526900336930837,0.03298335408153039,0.006465211441221808,70.81600189208984,-0.005407784969128579,0.02376427314631177,-0.007692790417056838,16.270000457763672,0.03438914537876422,0.10229230454951184,-0.20401174008512335,55.79999923706055,0.009724566593237047,0.11287134419784564,-0.23739236526668261
2019-01-04,11669.150390625,0.07154009459515176,0.029887056133935334,0.11257146416542829,7828.91015625,0.03028708130411024,0.03497618849638522,0.11514676042085048,2867.18994140625,0.022396049819560164,0.027041559634054028,0.08699557695730542,69.43000030517578,-0.019765935426406048,0.02332777480814157,0.08892726055370193,18.010000228881836,0.10160422253007194,0.1154019315291193,0.28551034508578654,61.59000015258789,0.09872566646191519,0.12938698172336421,0.2076470618154489
2019-01-05,11669.150390625,0.07154009459515176,0.029887056133935334,0.11257146416542829,8049.64013671875,0.027804074821299592,0.021999214886714132,0.11617941430866185,2923.72998046875,0.019527756049234932,0.02428162745460076,0.05642873815513605,69.55599975585938,0.0018131248492083538,0.023299010254471494,0.07132349199854437,18.010000228881836,0.10160422253007194,0.1154019315291193,0.28551034508578654,63.59999847412109,0.032113924177839204,0.10153146827048462,-0.0031348082340302286
2019-01-07,11865.599609375,0.01669478380018216,0.027922288083387217,0.1140152651150943,8091.16015625,0.0051447400820432325,0.014247005419050739,0.14459273792282623,2964.330078125,0.013790871941397456,0.007918885049101852,0.12192164222201884,68.94049835205078,-0.008888390167859308,0.015205804295207917,0.023007849479822262,14.600000381469728,-0.2099056170541078,0.11819492949733727,-0.008152165990639726,59.09000015258789,-0.07355173841438979,0.06725191465851084,-0.11568392064561894
2019-01-08,10980.0,-0.07756798850710826,0.05368818870614892,0.05403105343295622,8111.1201171875,0.0024638471496556736,0.017888016641594895,0.09567090721265692,2953.56005859375,-0.003639821346054677,0.014181549463274892,0.08279445482536474,69.40499877929688,0.0067151035969809005,0.010209358845824204,0.028069864954861634,14.5600004196167,-0.002743483253986206,0.11797659102683228,0.04148790388927237,53.95000076293945,-0.09100400209413348,0.0781810334211409,-0.23691650506809803
2019-01-10,11359.900390625,0.03401420874227994,0.05528756505469984,0.05120995610280854,7908.68017578125,-0.025275061439802616,0.022554991205061582,0.03247418635570387,2940.25,-0.0045166305287971265,0.012790579860625784,0.05688353702372395,70.92250061035156,0.021628846738670465,0.015695788297123314,0.02935412249175351,16.760000228881836,0.1407170371220032,0.13652329518336062,0.27162366015273864,53.619998931884766,-0.006135592958023128,0.0777651290506504,-0.18880483858289943
2019-01-11,11890.599609375,0.04565849432784363,0.05705898235889351,0.10231338738748352,8386.400390625,0.058650480024675995,0.03137655573951416,0.08679854744644855,3066.909912109375,0.04217589965837796,0.019216483017110916,0.10558319352995049,70.97000122070312,0.00066952955953285,0.011173425472162619,-0.020360252333971318,15.729999542236328,-0.0634254207414991,0.1396312329036816,0.23082941086879805,56.20000076293945,0.04699465758735759,0.061829511577986086,-0.20147765052363475
2019-02-01,10792.5,-0.09689669070401258,0.06653252499136852,-0.01423050222106581,6665.93994140625,-0.22960042257968458,0.11148135488217069,-0.1638802326291421,2510.030029296875,-0.20037579447196394,0.09682181715008148,-0.13084289129317206,69.70999908447266,-0.017913503372225397,0.01510187701409824,-0.06554959101433211,16.389999389648438,0.04110166754760019,0.13019646557680045,0.0691454319124436,46.540000915527344,-0.18860459292909687,0.08944691992702268,-0.3279422250465366
2019-02-04,11713.2001953125,0.08186497921385082,0.07955482289410627,0.03771430301771872,7848.68994140625,0.16333566126723212,0.1443039571657937,0.07089993514287052,2867.239990234375,0.13305517425266364,0.12190652110461159,0.050898473111128606,69.19529724121094,-0.007410864992663629,0.014886575425730101,-0.04860038433348546,18.07999992370605,0.09813499522776029,0.08063905971175032,-0.12019461825088618,62.58000183105469,0.29613358995417505,0.18243908658414107,-0.1182189551266477
2019-02-05,11724.75,0.000985564482059991,0.06795607102562365,0.14559360139355038,8036.77001953125,0.02368063218576463,0.1449287860459693,0.14291300134405582,2917.52001953125,0.017384055845693858,0.12239832910516904,0.10647076628126517,69.63289642333984,0.0063042040650176535,0.014846409146611804,0.09361708424750947,22.979999542236328,0.23981790175628687,0.1129227075617926,0.28022276130940815,61.810001373291016,-0.012380581611034515,0.17461859207375002,0.19670860691691372
2019-02-07,11910.2998046875,0.01570156342482212,0.0670360552178866,0.12902929275443364,8109.08984375,0.008958371803537628,0.14435247531158663,0.116791457213272,2973.010009765625,0.018840963867068967,0.12274524189240348,0.06703299794198236,69.1675033569336,-0.00670595778106038,0.009157088589385007,0.07718578131208198,14.25,-0.4778673457858597,0.2720056009044816,0.037873304814325826,56.25,-0.09425914480459452,0.18306746330196175,-0.12519444276352554
2019-02-08,10997.349609375,-0.07974925640394466,0.07327784155288253,0.02959387799882962,8004.06982421875,-0.013035495062516465,0.1412182589939654,0.14639297117137962,2932.050048828125,-0.013873057162608506,0.12072629312134939,0.10393450633589052,69.29720306396484,0.0018733978978014417,0.009357437030955188,0.06668687395618988,15.1899995803833,0.06388038226848579,0.27432931818971923,-0.15044741088611813,55.65999984741211,-0.010544287728212965,0.18193226685088154,-0.06122450686561853
2019-02-09,10997.349609375,-0.07974925640394466,0.07327784155288253,0.02959387799882962,8004.06982421875,-0.013035495062516465,0.1412182589939654,0.14639297117137962,2932.050048828125,-0.013873057162608506,0.12072629312134939,0.10393450633589052,71.72989654541016,0.034503082305427035,0.017105753784598,0.10032050711889551,15.1899995803833,0.06388038226848579,0.27432931818971923,-0.15044741088611813,55.65999984741211,-0.010544287728212965,0.18193226685088154,-0.06122450686561853
2019-02-10,10997.349609375,-0.07974925640394466,0.07327784155288253,0.02959387799882962,7785.25,-0.027719222540704583,0.07654932398065059,0.025951749576069716,2887.610107421875,-0.015272646176875768,0.060948845469327204,0.037581507555321636,71.0999984741211,-0.008820312511288113,0.01738541515204064,0.05348941657456341,15.1899995803833,0.06388038226848579,0.27432931818971923,-0.15044741088611813,52.63999938964844,-0.05578547793407943,0.15566188585389426,-0.14211214364349345
2019-02-12,12048.2001953125,0.09126098823200308,0.0693092479295712,0.14312011151236992,8567.990234375,0.09580227555772752,0.04800935734002172,0.19995661697769695,3113.8701171875,0.07543715566378854,0.03678271868867679,0.1688745560615057,71.7229995727539,0.008724155893357058,0.017449372225983868,0.043699043927637016,14.199999809265137,-0.0673953378079629,0.27386526771874564,-0.02001380030599187,55.959999084472656,0.06116085801465457,0.05809837165364467,-0.16564784047865322
2019-03-01,10672.25,-0.12126837271029194,0.0835309129485971,0.024070623905848798,6463.5,-0.28186222662410454,0.14155445015775261,-0.16099738346626002,2447.889892578125,-0.24063997810864587,0.1206425298313829,-0.12162843109616539,69.95999908447266,-0.024887834177565415,0.02203024990879521,-0.04151252045454423,16.790000915527344,0.167541574442398,0.28349028396354226,0.15315937030511084,47.09000015258789,-0.17257646594108264,0.0877980402341777,-0.29038577879032934
2019-03-04,11643.9501953125,0.08713983390486953,0.09646871995385342,0.11333200369236818,7895.5498046875,0.20012831814677848,0.17991079851744285,0.00915524232453202,2873.39990234375,0.1602695784916678,0.1495644859377008,0.02684134318914766,68.91020202636719,-0.015119399956765403,0.023377870687822256,-0.0707902019484995,18.780000686645508,0.11200898472512942,0.2595423936290276,0.4752554094237109,62.459999084472656,0.2824656697013048,0.1690710465884509,-0.11190107410329941
2019-03-05,11712.25,0.0058485540286921,0.0961325276189996,0.08018190991723206,8164.0,0.0334349600589546,0.18061264090398405,0.026372134077884413,2945.639892578125,0.02483011090452212,0.15010847140808697,0.019633625104537922,69.42440032958984,0.007434158375907875,0.01452343206595002,-0.04202567738115637,24.030000686645508,0.24651056798017867,0.11768133502836853,0.9208633290963055,61.93999862670898,-0.008360184823368694,0.16897214551692244,-0.11979542121422626
2019-03-06,12088.5498046875,0.03162340482807899,0.08641785601030443,0.09664612730412259,7333.02001953125,-0.10734680577948937,0.18748381223578206,-0.021858412514928927,2744.449951171875,-0.0707454017171252,0.1536139909666042,-0.008196193384884864,69.5696029663086,0.002089337469201355,0.014908450604976056,-0.04200495269765059,15.970000267028809,-0.4085910993753158,0.2609458636785005,0.12070177312482877,53.25,-0.15116834778421073,0.18453004812552037,-0.2535743939796439
2019-03-07,11916.75,-0.014313733993186235,0.07667207381626778,0.04809625331686296,8170.22998046875,0.10810961869179586,0.18932422230453957,0.13461704592720247,2995.820068359375,0.08763733376596088,0.15540024638069394,0.09889154233827901,69.0824966430664,-0.007026338997054157,0.012996161423839532,-0.009001613106404682,13.699999809265137,-0.15331616003574633,0.26999036757303474,-0.26462692289775724,57.34000015258789,0.07400065852679655,0.18563987704979953,-0.04321708892706633
2019-03-09,10797.900390625,-0.09859326649947632,0.0680545933746721,0.031071892158032854,7874.16015625,-0.03691052566078201,0.12036202936426887,0.10930067737981486,2906.27001953125,-0.030347527790869168,0.09221811074417251,0.09626299742798072,71.96209716796875,0.04083815822616283,0.02148328030524269,0.01070365523021799,18.059999465942383,0.2763036995057159,0.29113845081045403,-0.06763042418860632,53.93999862670898,-0.061126170864351174,0.16449328509475,0.05454539623852206
2019-03-10,11314.0,0.04668918996599122,0.056952559554085076,0.07935355070393224,7872.259765625,-0.00024137431157748442,0.0801399131390449,0.08375557913651988,2910.6298828125,0.0014990335645675191,0.05956471781712409,0.0754101566605001,71.1416015625,-0.011467273087694334,0.0206466739505527,0.004597826221625745,17.700000762939453,-0.020134835733835812,0.2860365144520358,0.11954461057304488,52.45000076293945,-0.028011942863640345,0.08187993614521707,-0.05085048215607302
2019-03-12,11994.2001953125,0.058382318974408466,0.06403272127922469,0.11702807253497904,8520.6396484375,0.0791462562432969,0.08728110663951733,0.12182316007615945,3093.199951171875,0.06083662563187674,0.06486847573355811,0.10326035182778281,71.625,0.006771895941184015,0.020640292689819897,0.031614571297367444,14.5600004196167,-0.19528661109533865,0.25255362123014885,-0.05022827840322708,56.09999847412109,0.06727543594104314,0.09409254234981983,0.005376330486780434
2019-04-01,10727.349609375,-0.11162669727812534,0.07924671513944169,-0.015265845266442257,6738.85986328125,-0.23460066326630719,0.1350220332346407,-0.13923397653229397,2531.93994140625,-0.20022035379025419,0.11301957760729633,-0.11692633095509963,70.30000305175781,-0.01867233280779019,0.023565449616380532,0.010696464697651953,16.15999984741211,0.10426097206226152,0.1931542296813947,0.027989794714326832,47.959999084472656,-0.1567684742594635,0.09605988488671938,-0.2213021762355447
2019-04-02,10912.25,0.01708949277860099,0.08141053675113447,0.00448750402724718,7347.5400390625,0.08647481777656815,0.13027774345332838,-0.08722130253420801,2724.8701171875,0.07343497938498504,0.10989528808827244,-0.06801581014993985,71.45169830322266,0.01624983098066498,0.02361362777519834,0.036425613553708436,15.720000267028809,-0.027605239663003583,0.17516782419165425,-0.0338045590203051,54.560001373291016,0.12893372763557706,0.11152730140376195,-0.14213832260559656
2019-04-03,10912.25,0.01708949277860099,0.08141053675113447,0.00448750402724718,7577.56982421875,0.030826975943762422,0.13175264346705004,-0.06347548708877404,2792.81005859375,0.02462751485657354,0.11121328759291804,-0.05786130930457645,70.98999786376953,-0.0064826812484756885,0.014098759294609345,0.022836958610327862,15.720000267028809,-0.027605239663003583,0.17516782419165425,-0.0338045590203051,56.59000015258789,0.03653125514531168,0.1088409552047372,-0.04230834309602738
2019-04-04,11598.0,0.06094665805840053,0.07251471482686311,-0.0060973068512478745,7891.77978515625,0.04062913963275186,0.13358452192190326,-0.027041928717892683,2879.389892578125,0.03053015043275689,0.11258030063508717,-0.025112123858737068,68.8499984741211,-0.030608788947005156,0.018861906066001185,-0.02922206800937266,18.649999618530277,0.17091232164805792,0.14069382756126156,0.0355357790957771,62.09999847412109,0.09291367051730573,0.11179138775725707,0.1510657571070919
2019-04-06,12021.650390625,0.03587655394008304,0.07146075594542986,0.013151529327410039,7527.1201171875,-0.04730917011698475,0.12676789695565138,-0.048245731286770344,2803.27001953125,-0.026791828974519462,0.10700468663432151,-0.04658786853796448,69.16190338134766,0.004519978843223884,0.018487498704341895,-0.02547693121397354,15.630000114440918,-0.17665397388042267,0.16362548923860132,0.07054792507255425,53.47999954223633,-0.1494382206939015,0.1351314368546241,-0.0026109547265430466
2019-04-07,11946.75,-0.006249948533611655,0.06668978904360653,0.08804644808743167,7527.1201171875,-0.04730917011698475,0.12676789695565138,-0.048245731286770344,2803.27001953125,-0.026791828974519462,0.10700468663432151,-0.04658786853796448,69.00749969482422,-0.0022349919353892955,0.017317156612719653,-0.010077455155280801,13.529999732971191,-0.1442827293086183,0.1514851164079013,-0.07074180336271052,53.47999954223633,-0.1494382206939015,0.1351314368546241,-0.0026109547265430466
2019-04-09,10844.650390625,-0.0967873680194377,0.06057407586074125,-0.0453569117934538,7976.8798828125,0.058034828774972964,0.04999028221806245,-0.04883149965869682,2937.780029296875,0.04686760417243545,0.036828030689725746,-0.04210423080985981,72.45999908447266,0.048819482911864505,0.02893275650000472,0.04718097867086479,17.239999771118164,0.24232282951269576,0.1870030179403895,0.028639590434441864,56.2599983215332,0.05067602955339218,0.10769836079370451,0.0010675722024777734
2019-04-10,11174.75,0.029984862043453943,0.06163310978149659,-0.06020298663581247,7982.47021484375,0.0007005714174684206,0.0413334686343574,0.19750107036814435,2952.010009765625,0.00483209352540528,0.028258760476238227,0.17608553495774726,71.0199966430664,-0.02007319258449611,0.030612753190223385,0.019920185587190886,17.579999923706055,0.019529635957877593,0.18563122748357294,0.11760969073790029,52.810001373291016,-0.06328318050438855,0.09831013130146878,0.1347228262660345
2019-04-11,11941.2998046875,0.06634619451886348,0.06289815549064239,0.10644427191915673,8433.2001953125,0.0549284055305782,0.04468064686463784,0.07447233337918346,3078.27001953125,0.04188145963820813,0.030535447044449958,0.07360040666830425,70.51210021972656,-0.00717715083440024,0.02621739877848865,0.019439719485815132,15.93000030517578,-0.09855774483795963,0.17019791639651147,-0.028065839023958872,56.540000915527344,0.06824777573478817,0.10270729709608138,-0.09651647073826153
2019-04-12,12043.2001953125,0.008497238112188594,0.06078512868850336,0.028173342425416914,8566.669921875,0.01570276339474864,0.04336966939756858,0.06593443647833253,3112.760009765625,0.011142038363179337,0.030005273056995848,0.06691984594016387,71.95999908447266,0.020326066946506148,0.02711708008792124,0.03842573585617748,13.31999969482422,-0.17893750087810806,0.17068706082129448,-0.2632743500535437,58.43000030517578,0.032881093331271136,0.0920616150253795,-0.05468372420350376
2019-05-02,10934.349609375,-0.09659102703659506,0.07500418253509887,-0.06741298455190947,7402.080078125,-0.1461180308686162,0.08355626145654556,-0.0871873143901496,2737.699951171875,-0.12839166157668902,0.07153758214400381,-0.07914876095970513,71.68499755859375,-0.0038289097187972146,0.027275389201435164,-0.0006259452331425219,15.779999732971191,0.1694766562946021,0.17665176436740873,-0.31331592483419435,53.65999984741211,-0.08516161963540311,0.06993209117425903,-0.046044447157118085
2019-05-03,10987.4501953125,0.004844555671999277,0.0606056555485049,-0.07748332321675033,7576.35986328125,0.02327180283899379,0.07846257798569606,-0.05343656044120626,2789.64990234375,0.018797970929516437,0.06746103894382979,-0.04856675162870738,70.9000015258789,-0.01101103158116344,0.01507282889187923,-0.0028128966601170813,15.65999984741211,-0.007633617676892158,0.13138337449978113,0.09894735771313057,56.560001373291016,0.052634203714696126,0.07028671670555048,0.016169628608447617
2019-05-04,11665.9501953125,0.05992062895397063,0.0652834128375623,0.060796520042204705,7938.68994140625,0.04671541167202191,0.0826620268442116,0.019709057693233945,2892.739990234375,0.03628804154556285,0.07062317782138791,0.0017765150493533888,68.97039794921875,-0.02759305774446264,0.017251298435056645,-0.03837822790363066,18.38999938964844,0.16069732460805308,0.1548633954890379,0.21066490438865393,63.08000183105469,0.10910174525376871,0.07305698379377167,0.19832831615608382
2019-05-06,11665.9501953125,0.05992062895397063,0.0652834128375623,0.060796520042204705,7575.47998046875,-0.04683155371451475,0.07780300764850878,-0.11583933066639984,2826.14990234375,-0.023288819618804812,0.06587999506685376,-0.09239955554203516,69.55999755859375,0.008512257073051298,0.018343423085608622,-0.005717574772920231,18.38999938964844,0.16069732460805308,0.1548633954890379,0.21066490438865393,51.68000030517578,-0.19933292574288647,0.12361759598553847,-0.0764831817247913
2019-05-07,11811.150390625,0.012369674541864564,0.05732575833211407,-0.019675121665037376,8161.7900390625,0.07454679930436028,0.08853811559333069,0.26275083763634255,2990.409912109375,0.056495145501520766,0.07342867946629422,0.22162762352021725,68.73999786376953,-0.011858414043510655,0.013145479078597592,-0.002469941425110478,13.06999969482422,-0.34148750114011367,0.2210231412574481,-0.07957747391683911,57.5099983215332,0.10688795116056078,0.13512431830486638,0.2212783634568043
2019-05-08,10862.599609375,-0.08371837307454683,0.0670383391363312,0.017835939879125684,7726.0400390625,-0.05486706584068122,0.05726636647846667,-0.02146902620060276,2844.739990234375,-0.04993880078843879,0.04360029045237343,-0.009974216288515247,69.65689849853516,0.013250500181537506,0.0166323542074529,0.0033489402550332947,16.59000015258789,0.23848060911313787,0.2336942257771876,-0.011911897083608403,54.68999862670898,-0.05027796429178957,0.13065964793058416,-0.12439962490641909
2019-05-09,10847.900390625,-0.001354111696742472,0.051877159643870116,-0.06836595754316821,8116.830078125,0.04934324687640384,0.06005886664549188,-0.005777795428098975,2976.0,0.045108445402299274,0.046752703996159925,0.010306795307318817,71.95570373535156,0.032468963262788704,0.023240995674211864,0.034298036316212865,17.270000457763672,0.040170805264944015,0.22324543977440653,-0.08040469508372272,56.29999923706055,0.02901366934610048,0.12886743290316172,-0.09105585267508254
2019-05-11,11917.2001953125,0.09401120222856404,0.06758802705862033,0.017498789328480813,8434.6796875,0.038412047575942306,0.05902647672449479,0.15023273699437834,3074.6201171875,0.03260123753003316,0.04631933441884836,0.12030467739979844,71.0,-0.013370826747734725,0.01906200459284973,0.0277567176942215,15.920000076293944,-0.08139473345630938,0.22775804682314357,-0.33749481392477176,57.22999954223633,0.01638370682802231,0.11500248791789836,0.07474177544105776
2019-05-12,12018.400390625,0.00845609016402019,0.06303973981275966,-0.005802963564355612,8570.7001953125,0.015997691280167068,0.049210416845508344,0.049015782395488205,3117.429931640625,0.013827568001630298,0.04198192694473965,0.04059317999957468,71.4801025390625,0.006739247762907789,0.019015381737880938,-0.0066978958073055095,14.3100004196167,-0.10661756231689168,0.21243106704189832,-0.10394488538859303,58.43000030517578,0.02075123336693078,0.0558565254530012,0.019009420120112974
2019-06-02,11062.4501953125,-0.08288233306305365,0.07404723011419174,-0.07168899277802254,7375.27978515625,-0.15021559386584396,0.08319817685273473,-0.06335664517793316,2731.610107421875,-0.13211770422082805,0.07348305704895741,-0.06009762029529031,71.7699966430664,0.004047389864263234,0.01656997876631971,0.008833018469711407,15.630000114440918,0.08823352886358257,0.1395216583193025,0.140875936645674,54.0099983215332,-0.07866027826143947,0.048650894162731224,0.0012977326030105818
2019-06-03,11053.0,-0.0008546238764508809,0.06269224455494553,0.023624927082720903,7505.919921875,0.01755819363079143,0.08196354266696168,-0.04653553803568056,2771.449951171875,0.014479413042900222,0.07214101205664385,-0.04781780482035647,70.74250030517578,-0.014419986517527543,0.019071677222466207,-0.01232111266770286,15.609999656677246,-0.001280439221690729,0.08162630778854733,-0.13565890817911463,56.220001220703125,0.040103403663518854,0.047917361516291945,0.0718779867097259
2019-06-05,11598.25,0.04815234033370844,0.06558165242047571,0.025123740498497416,8123.2900390625,0.07904321722848139,0.08782387195023277,-0.04663377701319238,2932.469970703125,0.0564744299990442,0.07427099091622204,-0.05196236357363726,69.16799926757812,-0.022508210814710727,0.01267761473668421,-0.01610247133767917,26.43000030517578,0.5265880276291951,0.258292081579397,0.4932202918609665,62.25,0.10188594815346236,0.06491707155402136,0.10962569863020422
2019-06-06,11843.75,0.02094607762017296,0.049222602758805016,-0.012543578801636035,7615.5498046875,-0.06454306537348982,0.08867815879150615,0.13009469839002952,2843.489990234375,-0.030812893792156914,0.0720646921006685,0.12304796165705612,69.625,0.006585380911199898,0.013631148212003273,-0.025565498743929327,15.529999732971191,-0.5317261201965554,0.38047952771071825,0.06662083004115926,52.59000015258789,-0.16863254484210205,0.10678740734682289,0.09653880643242596
2019-06-08,10948.25,-0.07862067614394186,0.05930714973602021,0.020592261711312787,7833.27001953125,0.02818786587389048,0.09008650024628577,0.06610783716542024,2881.77001953125,0.013372527948244334,0.07201846367559014,0.05758069030669821,71.5199966430664,0.026853385680818617,0.019334853442359325,0.007465823288429263,16.1200008392334,0.037287169173896254,0.37628701833374417,-0.002475186173044208,53.630001068115234,0.019582642408494604,0.10668560324103046,-0.017045459709813082
2019-06-09,10946.2001953125,-0.00018724422629511775,0.04721504541488504,0.0031112002852298204,8103.06982421875,0.03386293068756201,0.05218207396969191,0.0693494104561656,2978.7099609375,0.03308561229550949,0.03210159985929025,0.06656374706604828,72.22000122070312,0.009739948823608268,0.019786863933793877,0.04894702717892918,16.270000457763672,0.009262160226283844,0.37456083674083146,0.0349872888926368,56.52000045776367,0.05248593300426216,0.10386472520840148,-0.00123696226604475
2019-06-11,11966.0498046875,0.08908107523019367,0.06247819714707171,0.03173390280112942,8410.6298828125,0.037253387542503326,0.052802511402610205,0.06574563809195011,3076.780029296875,0.03239329731794576,0.032699431517219345,0.06855276432953383,70.8949966430664,-0.018517170913135393,0.020663470006671496,0.025058495746751674,15.779999732971191,-0.03057965087063964,0.37497179518439344,-0.15388739647519933,56.34999847412109,-0.003012352508283195,0.10242551202100877,-0.09259259486771476
2019-06-12,11921.5,-0.003729964496331628,0.060037910052431705,-0.008330835398698833,8656.5302734375,0.02881761295592316,0.043349970646994224,0.15004545412675085,3145.909912109375,0.022219563439766644,0.026356740377927266,0.12222864375919795,71.38500213623047,0.006887931327924625,0.01620643004276836,0.03445281240329545,13.640000343322754,-0.14573662091014475,0.2339168927474441,-0.1273192422615248,59.20000076293945,0.04933934137026216,0.09153398584423533,0.10695589509468295
2019-07-01,10771.7998046875,-0.10141190265545873,0.07519134900848023,-0.09834893969594238,6823.47021484375,-0.23794580942060817,0.12079473192131654,-0.14459408752712455,2549.68994140625,-0.2101314083608506,0.10558514484092169,-0.13210318132073018,69.5250015258789,-0.026401371099438277,0.021811232115474317,-0.040505073084146415,16.299999237060547,0.17815838342100854,0.11717770861892997,0.20473019650836788,48.52000045776367,-0.1989454612670657,0.1047178796805766,-0.1375755082596064
2019-07-02,11069.400390625,0.027252990007494822,0.06883360974547624,0.020724503963197582,7288.35009765625,0.06590902475108552,0.12578494667784576,-0.08695555367018515,2706.050048828125,0.0595182649073664,0.11129204142540332,-0.08331948744205919,71.54049682617188,0.028577256472154595,0.0223543696835894,0.007328924355226363,15.4399995803833,-0.054203543587231735,0.11891907921961427,-0.10440836511786789,52.63999938964844,0.08150018191185221,0.11330309053499435,-0.0032191247722359595
2019-07-03,11058.2001953125,-0.0010123281306987,0.06884175499223463,-0.010429746051365818,7421.4599609375,0.018098601705924658,0.12446275396396017,-0.1199710917496497,2748.929931640625,0.0157216951067993,0.10977124933225435,-0.10698869358470897,70.36499786376953,-0.016567728450126093,0.022600284718450846,-0.0020862001769715866,15.289999961853027,-0.009762499973308306,0.11850753274007353,-0.13026165937378853,56.65999984741211,0.073592216287089,0.11627511698682028,0.0021223723017629315
2019-07-05,11497.900390625,0.03899219210448661,0.05532603836938224,-0.037131587123241494,7963.759765625,0.07052542264872554,0.1289359639330771,-0.07037859071825192,2884.050048828125,0.0479838530484699,0.11169607781164057,-0.07347497404874481,69.40029907226562,-0.01380477318714085,0.021996505173456617,-0.03557115126144239,26.479999542236328,0.5491906963355855,0.2756953760450705,0.6622723813528599,61.400001525878906,0.08034136829521822,0.12150434106523443,0.050830073681174426
2019-07-06,11870.650390625,0.031904555955854626,0.05822963539093891,-0.014327570902180953,7742.10009765625,-0.02822823946269178,0.1270508690691006,0.045935739135826825,2873.340087890625,-0.0037204264559913395,0.11024791199304483,0.049545289526958136,69.36000061035156,-0.0005808356300640985,0.021292383583519172,-0.032433522039835294,14.859999656677246,-0.5777166975958661,0.40886214040772206,0.11561561540060894,53.9900016784668,-0.12861098468587376,0.13503295314085484,0.006149866418059702
2019-07-08,10855.5,-0.0893971359358485,0.053061067539335906,-0.007211184221455169,7862.830078125,0.015473621220191624,0.04080881011604937,0.037811062306071896,2883.97998046875,0.003696131034843116,0.027766546581335812,0.033814306965812335,71.2300033569336,0.02660378384629835,0.02163575363931125,0.0046544686029976745,16.739999771118164,0.1191280352027855,0.40387186326244956,0.06083650534803997,51.09000015258789,-0.055210088989315294,0.0969136145045314,-0.09671147609423836
2019-07-10,11126.400390625,0.024648833947191036,0.05275759075973266,0.012646263950464087,7956.2900390625,0.011816213249764998,0.03514089642890297,0.0022170027783112722,2938.7900390625,0.018826667487237818,0.019811971361236053,0.01591918007964277,70.81500244140625,-0.005843247976153588,0.017222985953091685,0.026744872395047414,17.829999923706055,0.06308137620750504,0.4029548402571492,0.13856961030893933,52.75,0.031974986026820515,0.09011245372921171,-0.1637603286493432
2019-07-11,12012.0498046875,0.0765895984175228,0.06251910597753312,0.02966750273921681,8434.51953125,0.05836993733901303,0.03963009497470329,0.11339737587532972,3085.179931640625,0.04861203503663931,0.024414006128204928,0.0916547381588142,71.0,0.0026089998991213237,0.015194396059127964,0.020701588440874552,15.210000038146973,-0.15892931881686334,0.41194379983384616,-0.1729200357283024,57.150001525878906,0.0801156445841869,0.09147371398319067,0.10584367624617252
2019-08-01,10802.150390625,-0.1061650718034529,0.08058391726245692,-0.08542774976439937,6897.0,-0.20124621860454653,0.10117614175692485,-0.15496478505440447,2574.409912109375,-0.18098963282886724,0.09072273299523557,-0.13911136340053187,69.80999755859375,-0.01690264603116258,0.01602981151336774,0.015565896538791923,15.699999809265137,0.03170759142632412,0.284403809258676,0.20122419096018862,49.77999877929688,-0.13806614452287605,0.09655205095880959,-0.13441140267503737
2019-08-02,10943.599609375,0.013009550256840448,0.07839523222407066,0.007456778571686806,7298.2001953125,0.05654123471976297,0.10815011528731598,-0.05537634306667605,2707.8798828125,0.05054565013688173,0.0966175833490094,-0.0481098827631693,71.58000183105469,0.025038499908261392,0.019123413316416208,0.027608225085703042,15.56999969482422,-0.008314733959880829,0.1049620294160288,-0.06148284800374515,52.720001220703125,0.057381640931224734,0.09045808065485568,-0.036021163932590805
2019-08-03,11035.400390625,0.00835354793979796,0.06695064002217173,0.017284450746067215,7408.14013671875,0.014951644939713574,0.10811744298152938,-0.08731117130518495,2743.070068359375,0.012911758409333113,0.09707538902722508,-0.07826946627709175,70.48750305175781,-0.015380298490093458,0.017089246102748337,-0.020404229371360105,14.9399995803833,-0.04130381462778695,0.0857759905307215,-0.1349160866022402,56.06999969482422,0.06160599134410568,0.08924807638672823,-0.004085249473412489
2019-08-04,11604.5,0.05028463117095791,0.0699116378101304,-0.026239401049543254,7953.8798828125,0.07108043108088076,0.11443334557947249,-0.05700273424728075,2895.77001953125,0.054173302169996385,0.10091234553713918,-0.058169819632824304,69.16000366210938,-0.019012718661969102,0.018745817715812373,-0.025915441378741244,20.149999618530277,0.29916211784331487,0.16922210685244707,0.265703487560601,64.4000015258789,0.1385127521112624,0.10463087364253813,0.1252839776514596
2019-08-05,11359.4501953125,-0.02134294009919849,0.0588855746834446,-0.05482844421013933,7943.31982421875,-0.001328543434264422,0.10983471820351706,-0.07320059701036774,2879.419921875,-0.005662200379492773,0.0968153494488778,-0.07634815055502031,69.91000366210938,0.010786039140738666,0.019869137355611202,-0.02196553755774333,26.3700008392334,0.26902276272931186,0.16131603509835038,0.8427673002080689,62.119998931884766,-0.03604567571797897,0.10635383615343391,0.06315246632614047
2019-08-07,11558.599609375,0.017379701026721043,0.025538751670849347,0.0448498664674426,8098.3798828125,0.019332725449991928,0.03037837906183389,0.09804375138575572,2975.949951171875,0.032974441501561355,0.02536732824393159,0.08944901876227518,68.44000244140625,-0.021251268210885434,0.020702379708298402,-0.04639813790463454,13.850000381469728,-0.643941772014216,0.37919769417644855,-0.1138835393434583,57.65999984741211,-0.07450429152218319,0.08486022118191211,0.06758010811534665
2019-08-08,11032.4501953125,-0.046588767058138414,0.03712592413779936,-0.0018592060696190904,8039.16015625,-0.007339407648360386,0.030964937427948612,0.07104262234678815,2938.090087890625,-0.012803559066424422,0.027628146137730448,0.06012742053966669,71.16510009765625,0.03904504638277881,0.025902456843120227,0.005973775179805907,16.09000015258789,0.14991271031140302,0.3874584494958753,0.030749551983835,52.540000915527344,-0.09298888788118406,0.09807631556182675,-0.06545713669996533
2019-08-10,11032.4501953125,-0.046588767058138414,0.03712592413779936,-0.0018592060696190904,7823.77978515625,-0.027156833289457203,0.03749443094506248,-0.036870560138317576,2893.06005859375,-0.015444954531737234,0.031183980072339065,-0.013439152831265178,71.36000061035156,0.0027349657459031012,0.024653427950372817,0.031690975103871644,16.09000015258789,0.14991271031140302,0.3874584494958753,0.030749551983835,52.630001068115234,0.0017115179777524394,0.0920381414390639,-0.15453813545196415
2019-08-11,11908.150390625,0.07638212466069282,0.05032934132075531,0.026719581887353794,8475.3095703125,0.07998939380248186,0.0411059625037163,0.11289529813012367,3093.080078125,0.06685259773386507,0.035784526989331,0.08777596852734226,71.37650299072266,0.00023122859294262573,0.02180008040134438,0.02515623685059465,15.859999656677246,-0.014397775928073205,0.3868136299592989,-0.39992434833338286,57.2400016784668,0.08396666435108344,0.07030685571191234,0.08841988044090332
2019-09-01,10855.150390625,-0.09258341471427355,0.06411475152685121,-0.08347015171503958,6957.080078125,-0.19739732275551786,0.10369918436030769,-0.11185493915332723,2584.9599609375,-0.17945736464116088,0.09465257300299033,-0.10299574795424837,70.33000183105469,-0.014770249062716127,0.023423548257446573,-0.016638630702831336,15.270000457763672,-0.037910045351102414,0.3520553637413173,-0.01674174370109771,52.36000061035156,-0.08911003131304097,0.0764013700063524,-0.023680783749205014
2019-09-04,11671.9501953125,0.07254888645198962,0.07415275758685608,0.06610190626926671,7909.27978515625,0.1282768691385084,0.12499867193162945,-0.023915632379631346,2878.199951171875,0.1074550629477192,0.1100002223393923,-0.033742798420693165,69.55249786376953,-0.011116643982560718,0.021341217541057365,-0.03693579772702782,20.280000686645508,0.2837450633727263,0.35549249717510506,0.2580644932280254,63.97999954223633,0.20042757466805064,0.1241456696701514,0.1319886593073787
2019-09-05,11301.7998046875,-0.03222655640228078,0.0754608557050289,0.03248612331494538,7910.58984375,0.00016562192072053575,0.12500449672634112,-0.0594533401219276,2870.719970703125,-0.0026022226057514477,0.10995283673610468,-0.06697263263270725,70.01000213623047,0.006556287129772148,0.009201897124793018,-0.012483172984570468,25.489999771118164,0.22865099682750278,0.14360588073683825,0.5666870961245067,61.70000076293945,-0.0362865840899294,0.11326558494364984,0.09494236794479005
2019-09-07,11555.900390625,0.02223417506977433,0.07206317863354704,-0.03427609117102548,8141.72998046875,0.028800337373005826,0.12483097004352392,-0.05946958847338768,2979.6298828125,0.03723623322194346,0.11117581780681839,-0.05285594118789694,68.8499984741211,-0.01670791649002737,0.010093319743788446,-0.03551171235200912,13.6899995803833,-0.6216206007597168,0.3590371280708433,-0.13244614625822737,57.83000183105469,-0.06477623944380989,0.12134594618744181,-0.02314187355116415
2019-09-08,11109.650390625,-0.03938202769043691,0.06315727011627217,-0.06809961912301299,7959.14013671875,-0.02268171475051881,0.11829510492864267,0.16643582900156417,2918.64990234375,-0.020677945258535432,0.105946388817249,0.1447077760106017,70.47090148925781,0.023269676770108917,0.017122708448056037,0.013605177168199312,15.850000381469728,0.14650391574175245,0.3681389683070413,0.16202345912907878,54.5,-0.059307002163640925,0.11901741781601177,0.12324813449748162
2019-09-09,11003.0498046875,-0.00964164582395735,0.045835380267215835,0.02146809300144703,8087.43994140625,0.01599126270210708,0.05814081844811369,0.10963933305110674,2978.429931640625,0.020275145949542783,0.04940535922622531,0.10065589249927442,71.66999816894531,0.016872344675009164,0.01732504939482557,0.0018101823235601167,15.850000381469728,0.0,0.3675561717589384,-0.027607293046227666,57.84999847412109,0.05965272559401475,0.1126623522938833,0.09897414788908954
2019-09-10,11313.2998046875,0.02780651815179524,0.030639885498192,0.02203366085384939,7903.740234375,-0.022976138876845503,0.023062265234592667,0.06498455505735512,2919.39990234375,-0.020018210832776988,0.02545729010955158,0.062013210573681254,71.20999908447266,-0.006438979320106641,0.016422696887425245,0.01200882891148658,17.15999984741211,0.07941156077696784,0.3394413154930487,0.11139898405269966,52.59000015258789,-0.09532743676049814,0.05913770723980535,-0.07183197504032668
2019-09-12,11937.5,0.053705698313148795,0.0360446018488243,0.07951563447551169,8621.830078125,0.08696127336748255,0.045297173299268405,0.08263311951479424,3135.9599609375,0.07155725258491481,0.03932056173098483,0.08734588784675679,71.28679656982422,0.0010778837858693385,0.01645147333440644,0.027182843918211574,14.600000381469728,-0.16155953032539394,0.3074794576043795,-0.045127507004890544,59.02000045776367,0.11535038676815562,0.09120081539670175,-0.038762231416429316
2019-10-01,10821.599609375,-0.09814060511079017,0.05931051685950758,-0.05881950254164947,6986.06982421875,-0.21037922697600503,0.11003725537086562,-0.0976518339857646,2596.639892578125,-0.18871707463259438,0.09770909029682581,-0.09629914554097596,70.55049896240234,-0.010382378184413298,0.014641653855441895,0.017164047600557675,15.350000381469728,0.05009394404230003,0.11593179342439476,-0.42031719611678786,52.59000015258789,-0.11535038676815554,0.10120549226383505,-0.02593075536867928
2019-10-04,11584.2998046875,0.06810661554191136,0.06646520775215575,-0.024122569237120195,7964.240234375,0.13104340957370636,0.1320772489619427,0.012897411649799073,2888.2099609375,0.10641865932775703,0.11494491312258731,0.0014667163078097012,69.26180267333984,-0.018435184477734887,0.013370175848929453,-0.027631624186946868,21.1299991607666,0.31957829302568647,0.17357514622231254,0.42193806520526866,64.61000061035156,0.2058432165140635,0.13769273498233073,0.26463105142658394
2019-10-05,11278.900390625,-0.02671695802046396,0.0680418358322954,0.039003306215743105,7916.93994140625,-0.005956790655297048,0.13178262596796994,-0.004945784714113666,2881.39990234375,-0.002360666290332797,0.11428737879895333,-0.019528491643131418,70.41000366210938,0.016441784281221485,0.013206863960897822,-0.005719109868448813,26.34000015258789,0.2203949101978048,0.18304705996642115,0.5734767331378814,61.65999984741211,-0.04673378703343979,0.14092603713537594,0.16890994971397366
2019-10-06,11922.7001953125,0.05551040421884584,0.07141266310880087,0.07156850164752782,7823.169921875,-0.011914926856964832,0.1314824218890089,-0.07248185354363601,2886.72998046875,0.0018481136002037775,0.11406485518731246,-0.06432362311728901,69.34500122070312,-0.015241286830620366,0.014235300325270674,-0.02330984196192787,14.979999542236328,-0.5643727545773949,0.3514753995186709,-0.15984298337996516,53.2599983215332,-0.14644987111213784,0.15213679038583458,-0.06806654594023442
2019-10-07,11498.900390625,-0.03619274984538139,0.06909224834897522,-0.04271955431472252,8202.5302734375,0.047352843329414473,0.1258515364322299,0.18928958582535893,2993.070068359375,0.03617527248790381,0.10934089616962131,0.16262373535804397,68.76499938964844,-0.008399178020864517,0.013796658419765092,-0.014969176414427077,13.640000343322754,-0.0937092699451448,0.34626089647883335,-0.10322154443699072,60.43000030517578,0.12630012655233733,0.15423115386243427,0.21394137780308964
2019-10-09,11498.900390625,-0.03619274984538139,0.06909224834897522,-0.04271955431472252,8084.16015625,-0.014536065748179797,0.062331545694602426,0.10769229945792769,2979.389892578125,-0.004581093819144248,0.04712295191999634,0.1002666371905776,72.09249877929688,0.04725511406559586,0.027625085684455566,0.007159778361724545,13.640000343322754,-0.0937092699451448,0.34626089647883335,-0.10322154443699072,57.400001525878906,-0.05144134551476144,0.14410853846418234,0.08877086868006279
2019-10-10,11234.5498046875,-0.023257578545363092,0.050010112723713876,0.040029012597137426,7950.77978515625,-0.01663660081623854,0.026959423400883063,0.07324910685043395,2938.1298828125,-0.013945260846925463,0.01919872604804091,0.0711100371452742,71.41000366210938,-0.009512032912480409,0.02602934776419247,0.013087434941115417,17.229999542236328,0.23364534638640458,0.36397892980205915,0.09745221347507815,53.54999923706055,-0.06942854726225431,0.09999949887018161,-0.044943828633483895
2019-10-12,11856.7998046875,0.053907692142345684,0.04594548444357423,0.08344605320996878,8616.1796875,0.08037178469251333,0.04443891649502206,0.08326751402402488,3132.52001953125,0.06406451400414818,0.032539507386818246,0.08175718320280279,70.96019744873047,-0.006318846310768808,0.025759357497834645,0.02602940560003697,14.289999961853027,-0.1870920346997213,0.3297227611368796,-0.08220936146817592,59.2400016784668,0.10098123508641088,0.11698548737753574,-0.0801242193346623
2019-11-01,10794.9501953125,-0.09382307591292793,0.06375026728695884,-0.02178898696931486,6971.47998046875,-0.21181425670762952,0.11335584374386543,-0.12234681030806704,2596.260009765625,-0.1877658470080928,0.09827888807407369,-0.09833922102094406,70.72000122070312,-0.003390684942651874,0.024333072238061988,0.011586289746295053,15.350000381469728,0.07155550961236509,0.3015367264675361,0.0274431601473919,51.59000015258789,-0.13826915951867172,0.11459804207885796,-0.16951060786145744
2019-11-02,10888.7998046875,0.0086562698236928,0.054746984776471386,-0.06167436729824638,7307.89990234375,0.04712840340049288,0.11332103293303102,-0.0976096443865786,2709.800048828125,0.04280289777789814,0.09928590316239483,-0.08943359488923697,71.1500015258789,0.006061910391343554,0.023340928717925747,0.03959671227061645,15.84000015258789,0.03142289713469978,0.1611360953347569,-0.21389575918298476,52.40999984741211,0.01576955168838642,0.09079633892087312,-0.09105098879454177
2019-11-03,11168.0498046875,0.025322285500135187,0.05655839963249796,-0.016849441419619193,7558.06005859375,0.03365860983171137,0.11624330493822865,-0.05984457185894243,2783.300048828125,0.02676244216900404,0.10145941368319433,-0.05268389818966723,69.98690032958984,-0.016482259593690738,0.00828532386946802,-0.01655586469280057,14.899999618530272,-0.06117720866993577,0.15643090626363781,-0.4349640066616157,56.790000915527344,0.08026286010797057,0.10099983803762608,0.08089074849528566
2019-11-04,11596.7001953125,0.037663586124024775,0.05839988502828431,0.0032962977544959138,7947.35986328125,0.05022522958586409,0.11958410033285014,0.015795444340018783,2888.320068359375,0.03703775026567998,0.10394940667185307,-0.0016384002192747493,69.14019775390625,-0.012171791703379732,0.008650276157455847,-0.03110710254286775,20.959999084472656,0.34125462842368276,0.19597705835768348,0.5133572929366541,63.58000183105469,0.11293871427126223,0.10352113869064805,0.20805625196107536
2019-11-06,11965.599609375,0.031315241994433855,0.05454681867455152,0.08458224578788309,7822.56982421875,-0.015826658246546083,0.11082069358871662,-0.07701662584458047,2885.719970703125,-0.0009006164884230088,0.09724975100168061,-0.06704000613769268,69.52349853515625,0.0055285091597553045,0.010185154587033618,-0.025960986850354084,14.489999771118164,-0.3691570752363578,0.2561948832632951,-0.09944066912966343,53.27000045776367,-0.17692565475969957,0.1300099150576019,-0.06935711223426821
2019-11-07,11582.900390625,-0.03250592742205426,0.028192610013957814,-0.027313225759733606,8196.0400390625,0.04663799296455552,0.027680198515977323,0.17808620096714645,2999.909912109375,0.03880783352480379,0.017679964553751232,0.16052471119180622,68.36759948730469,-0.016765783149415254,0.011611784831442087,-0.02790277680447162,12.470000267028809,-0.1501329594311006,0.26046415736490247,-0.21374523726557637,60.20000076293945,0.12229903546600711,0.12343141282531854,0.14973262148965527
2019-11-09,11035.7001953125,-0.04839441637369288,0.04000983307635576,0.01663263964020545,8169.68017578125,-0.0032213536257684446,0.0300256381661671,0.03292340108055192,3000.929931640625,0.0003399589282944857,0.019443924508483056,0.042641228042124,71.85900115966797,0.0498068610838976,0.028251252776331403,0.033162048333851724,15.369999885559082,0.20909176899912899,0.28396836917925217,0.006548750805345671,55.75,-0.07679495464795999,0.13284495911643604,-0.12863394187433996
2019-11-10,11305.0498046875,0.024114021343777,0.039842187255134144,-0.03143436910588848,8057.0400390625,-0.013883513676462452,0.032915937936099045,0.0185131827341809,2970.27001953125,-0.010269353499523728,0.023123712134725187,0.03467772887779863,70.9800033569336,-0.012307687266545783,0.027623833726077893,0.013855180561423541,17.139999389648438,0.10899732745508556,0.2858969880710587,-0.15483240585217428,54.70000076293945,-0.01901368696458787,0.12746831147266527,-0.1134521866036119
2019-11-11,11913.4501953125,0.05241851909324217,0.04348348397489528,0.054119733245612256,8464.2802734375,0.04930873990107576,0.03265686424856351,0.039616923398653414,3087.010009765625,0.038550123720110414,0.02352314158668691,0.03603807559204908,71.37650299072266,0.005570530905403167,0.02632597842586807,0.03669578173703525,16.25,-0.05332196878411053,0.22599971641457622,-0.3624950903917892,56.86000061035156,0.038728393581500466,0.11349331518567059,-0.016773321632202243
2019-11-12,11910.150390625,-0.00027701981459092047,0.04099879231919634,0.03065533519892516,8654.0498046875,0.02217240873306514,0.02855005374897947,0.08730964099536953,3141.6298828125,0.01753874813959952,0.022144153178841174,0.07639833071095348,71.01000213623047,-0.005147983140311773,0.026838926302478854,0.007649975175283208,13.380000114440918,-0.19433184552253127,0.1713749145509674,-0.022644227570801978,58.7599983215332,0.03286920578374988,0.07394603049320597,0.07816510681712296
2019-12-02,10831.400390625,-0.09494165127689966,0.05870528220418004,-0.025045792641216202,7414.6201171875,-0.15457365428187267,0.07907466171233676,-0.08319317720976604,2744.72998046875,-0.13505903385670662,0.06811683219515731,-0.07846414269787594,71.2300033569336,0.003093382840830036,0.024304610576453913,-0.006139177106919025,15.75,0.16307930201842677,0.1672549927041913,-0.006309172180628986,53.09999847412109,-0.10128442322894736,0.06314263719434823,-0.0821089044993647
2019-12-03,11301.2001953125,0.04245957278566687,0.0592303998539752,0.02709706816904367,7591.02978515625,0.023513516162701042,0.081366872340495,-0.039564869282862736,2791.52001953125,0.016903554993970577,0.06960487394538957,-0.0438034825958018,69.79010009765625,-0.02042195782099018,0.010781336497759395,-0.01993960125083072,15.100000381469728,-0.04214559618786779,0.14212389538971115,-0.0473186108485415,56.869998931884766,0.06859104302506555,0.06675689546428543,0.08138427014410765
2019-12-04,11643.4501953125,0.02983487486220316,0.059750831406562725,0.02918250168604275,7984.16015625,0.050492339685540594,0.08646072881089989,-0.0739599268481147,2907.409912109375,0.0406763629274204,0.07396527988786669,-0.07288041036078774,69.43000030517578,-0.005173112136730048,0.010166382516647633,-0.026046846737316054,21.0,0.3298276686396488,0.20586097454665947,0.22377623465812557,63.88999938964844,0.11639490252408033,0.08103664082481575,0.08251438316016069
2019-12-06,11906.2001953125,0.022315482332395924,0.05523774887910932,-0.0026219731675393154,7792.72021484375,-0.024269606353264958,0.0817149092796996,0.11546554943218124,2879.840087890625,-0.009527852705206202,0.0700258170789673,0.10906410092595431,69.3864974975586,-0.0006267671311393452,0.00894943647661254,-0.016498840999892406,14.119999885559082,-0.3969302137632079,0.286586711712479,-0.03287674543624408,51.13999938964844,-0.2225958871329639,0.13864711112534694,-0.027571796134860826
2019-12-07,11552.5,-0.030157425485074794,0.05685152960934545,0.0675408827722479,8244.1396484375,0.056312610182384794,0.08701231109319997,0.035144521740367196,3013.77001953125,0.04545702565410752,0.07415032182128398,0.043473314022154375,68.66999816894531,-0.01037989206145407,0.009178229807352504,-0.008544457140188255,12.0,-0.16268557417221474,0.2823153090964038,-0.21824106177311853,60.209999084472656,0.1632714783426615,0.16170860736335016,-0.06810093614476698
2019-12-08,11552.5,-0.030157425485074794,0.05685152960934545,0.0675408827722479,7863.41015625,-0.04728222781916067,0.045845914024318694,-0.00676142367536281,2882.699951171875,-0.04446445519154853,0.037394619762195914,0.0004511865316116914,71.03500366210938,0.03386036890959662,0.020597172246243602,0.008876579569564003,12.0,-0.16268557417221474,0.2823153090964038,-0.21824106177311853,54.93000030517578,-0.0917787833605363,0.16019733612418163,-0.10914692764986744
2019-12-09,10982.7998046875,-0.05057146886621634,0.0406796109127783,-0.051923725226500794,8194.4697265625,0.04123912868589325,0.04763313536087525,0.047461554382102644,3009.570068359375,0.043069896096009766,0.04034988593240379,0.04255336963337264,71.56009674072266,0.007364845644627001,0.017394013152663527,0.03194311747099965,14.899999618530272,0.2164545375614177,0.291898831752753,-0.2948414476894047,55.09000015258789,0.0029085613441675153,0.15651185115092986,0.03435978011127361
2019-12-11,10982.7998046875,-0.05057146886621634,0.0406796109127783,-0.051923725226500794,8486.08984375,0.03496883086054605,0.045210011195239326,0.03456976821295732,3091.840087890625,0.026969177243616346,0.03860057687726341,0.032999568094104204,71.5739974975586,0.00019423404261036085,0.01676268702581163,0.04084924209761587,14.899999618530272,0.2164545375614177,0.291898831752753,-0.2948414476894047,56.79999923706055,0.03056809804065496,0.14387973952980193,-0.06006951927492088
2019-12-12,11971.7998046875,0.08622347299395458,0.053909516447813145,0.061433241722609555,8717.3203125,0.026883553066152095,0.04043100777401078,0.07832108023744344,3168.570068359375,0.024513992213891653,0.03674548791905466,0.06349628031313115,70.72930145263672,-0.011871909818578741,0.018547290413577677,-0.018909003706938154,13.350000381469728,-0.10984477392864837,0.2952500386840406,-0.4931662754695125,59.18000030517578,0.04104733983372897,0.09143918494362953,0.031010430870709316
2020-01-01,12182.5,0.01744662784550175,0.0531369999826403,0.021790349537568865,8717.3203125,0.026883553066152095,0.04043100777401078,0.07832108023744344,3168.570068359375,0.024513992213891653,0.03674548791905466,0.06349628031313115,71.27580261230469,0.0076969607719930755,0.016759759540659096,-0.0018793032197517157,13.350000381469728,-0.10984477392864837,0.2952500386840406,-0.4931662754695125,59.18000030517578,0.04104733983372897,0.09143918494362953,0.031010430870709316
2020-01-04,8253.7998046875,-0.3893268190380808,0.18434580582365334,-0.2822096440267641,7360.580078125,-0.16917314248338738,0.08934637464828046,-0.07423167575753087,2470.5,-0.24885984428071445,0.12164456160199685,-0.15915902341419474,75.32499694824219,0.055255148983540545,0.025592394340521296,0.0615105320509477,60.04999923706055,1.503661122400153,0.7555064817422561,3.0086783092181477,20.309999465942383,-1.0694703028318127,0.47922425419552,-0.6207282958860181
2020-01-05,8253.7998046875,-0.3893268190380808,0.18434580582365334,-0.2822096440267641,8604.9501953125,0.15619889717138072,0.11730263587628888,-0.0013033029248207262,2830.7099609375,0.13610699047818772,0.14454530153136305,-0.09634736784185427,75.72000122070312,0.005230297960576363,0.025700942270438273,0.07070135624568197,60.04999923706055,1.503661122400153,0.7555064817422561,3.0086783092181477,19.780000686645508,-0.02644198838829303,0.48436733251631114,-0.6661039816642111
2020-01-06,9826.150390625,0.17437356230793008,0.21623972398985428,-0.1253632267022271,9552.0498046875,0.10441812892616163,0.1236591976891765,0.37016097463500675,3055.72998046875,0.07649096044223735,0.14797730980464682,0.17697378882502734,75.51319885253906,-0.002734882247594827,0.026048431892678366,0.06132392456904112,30.739999771118164,-0.6696128051562057,0.8175749006732258,1.2536656156439498,35.439998626708984,0.5831697260784368,0.6017170225792449,-0.31304519244256646
2020-01-07,10430.0498046875,0.059643805133730105,0.21951334945402354,-0.12033179470871602,10154.6298828125,0.06117397687946881,0.12444036989901977,0.3895414576704537,3115.860107421875,0.019486721854225498,0.1477124675302698,0.14984871624360396,75.75,0.003130984174674087,0.023539386976455808,0.08234540525826906,28.1200008392334,-0.08908363387753755,0.8110481809217085,0.6320372365827485,39.81999969482422,0.11652820398503529,0.6071630383652774,-0.24022133541772095
2020-01-09,11470.25,0.09506568275418445,0.2205189586805964,0.06255700975635214,11939.669921875,0.16193671527355027,0.13610440132240756,0.5797267856186488,3526.64990234375,0.12384315208369844,0.15790135380632617,0.2670749974759652,73.66999816894531,-0.02784280854957791,0.030226976628007857,0.0655161622644207,21.799999237060547,-0.25457116198935914,0.8314479620984733,0.5255422879814813,42.7599983215332,0.0712337559314763,0.6087042443496422,-0.24705057876056669
2020-01-10,11416.9501953125,-0.004657616535625318,0.2200884107635029,0.048504004123359534,11326.509765625,-0.052720487726519515,0.08788202262145814,0.4251915051634003,3380.800048828125,-0.04223600183958901,0.0744919566441281,0.17050741220258492,73.70500183105469,0.0004750285023592406,0.01346800632354936,0.060145179457330666,18.350000381469727,-0.1722803395087001,0.8353983729745112,0.19543973455672026,38.720001220703125,-0.0992467529688451,0.26740484519090757,-0.39100345854675755
2020-01-12,13109.0498046875,0.13820370612514574,0.06949428095735,0.1737993681927632,12355.1103515625,0.08692379601206297,0.07911079304620595,0.5794183534560422,3662.449951171875,0.08001992671834408,0.06419258485382107,0.2691633243538507,74.02519989013672,0.004334909947547561,0.013313875022041805,0.08275265542828669,20.18000030517578,0.0950624347590276,0.2837293311388725,0.27398990598360795,44.54999923706055,0.14025584285655407,0.25318572947766865,-0.1636944085933879
2020-02-01,12282.2001953125,-0.06515174081327099,0.08063267056692011,0.05911164283414738,9092.1904296875,-0.30665392061057645,0.18292805472468346,0.10933943542905222,3257.85009765625,-0.11706481046079523,0.09590052455069327,0.08598264384729659,71.0250015258789,-0.0413736250658685,0.021005245462828122,-0.011606056587621483,11.489999771118164,-0.5632149581075737,0.24237632787179797,-0.22885905602113488,61.18000030517578,0.3172082069195664,0.1493126472547947,0.016279061957082952
2020-02-03,11132.75,-0.09825986093725014,0.10149997410020505,-0.06960366689208497,8952.169921875,-0.015519898251040012,0.1786471988646509,0.09577972812368052,3090.22998046875,-0.052821983103733795,0.10000610232004942,0.029757458808544746,72.1500015258789,0.015715357144643484,0.023868509595179103,0.01648348990717574,25.200000762939453,0.7853669528521783,0.5087072194684996,0.20229016525138244,46.75,-0.26900608797622394,0.22496259243273928,-0.16143497757847536
2020-02-04,11132.75,-0.09825986093725014,0.10149997410020505,-0.06960366689208497,7487.31005859375,-0.17868635695287435,0.15246948724706644,-0.07071207015312819,2526.89990234375,-0.20125229911561437,0.10363246907940869,-0.1492692968222027,77.56999969482422,0.0724334441999992,0.04090282821507068,0.08677220716328149,25.200000762939453,0.7853669528521783,0.5087072194684996,0.20229016525138244,25.31999969482422,-0.6132196705114765,0.3618108387180125,-0.5371115294027725
2020-02-06,9979.099609375,-0.1093983479804417,0.10137901826003838,-0.13846279663667738,9608.3798828125,0.2494260268545911,0.21826741990552556,0.13516797322572116,3080.820068359375,0.1982026011458633,0.15886911422308486,-0.002005157542952052,75.7300033569336,-0.02400632311519268,0.04374221456086987,0.06646952652737492,30.1200008392334,0.17834540600193485,0.49589184276603504,1.0786750389927091,36.810001373291016,0.37417499947526234,0.4207702802198146,-0.3526204541301108
2020-02-07,10551.7001953125,0.055794136139795704,0.1082112846482771,-0.043857661175462415,10207.6298828125,0.060499846209751504,0.21493528159610292,0.17952058437235907,3130.010009765625,0.015840385048643803,0.15132429680279372,-0.0036986766361136736,75.45490264892578,-0.0036392655708947885,0.043936638239237324,0.05931347877131521,26.51000022888184,-0.12766740185996045,0.49093947869459326,1.1259021380276444,40.650001525878906,0.09922928883233352,0.4174920568708573,-0.30820281335878974
2020-02-09,11535.0,0.08909888873407582,0.0917153174386803,0.02034048494126517,12056.4404296875,0.16646352426460817,0.16570146003986022,0.6260361608735696,3580.840087890625,0.1345612317507511,0.15743838639164354,0.304623811220615,73.2699966430664,-0.02938395952655821,0.04108789233650342,0.04986232346050201,21.11000061035156,-0.22777513816158645,0.5083291046353826,0.3734548319798954,41.5099983215332,0.02093544809889151,0.37702891183132853,-0.21826742910805186
2020-02-10,11535.0,0.08909888873407582,0.0917153174386803,0.02034048494126517,11075.01953125,-0.08490691317458718,0.17583034357726843,0.45896141165279825,3348.419921875,-0.0671088648498296,0.1591855930102555,0.19949701182414015,73.21700286865234,-0.0007235287350076459,0.040795188370802336,0.054544181864194075,21.11000061035156,-0.22777513816158645,0.5083291046353826,0.3734548319798954,37.04999923706055,-0.11366599047976925,0.3634674934802765,-0.34851415627004567
2020-02-11,11669.150390625,0.011562749162593625,0.08983868280720544,-0.020506217819555195,10957.6103515625,-0.01065785534313765,0.13407178429667363,0.3724186560792977,3310.239990234375,-0.011467878092886626,0.10919484707152075,0.13855290113967444,74.55049896240234,0.018049060557392218,0.019130964286962406,0.0744237229300333,25.209999084472656,0.17749381411064866,0.3952239777053116,0.47082847037311026,36.810001373291016,-0.006498746451455901,0.18388344136457013,-0.4238534712013938
2020-02-12,13113.75,0.1167126572752476,0.08861575711980248,0.10105662564281359,12349.3701171875,0.11957083498589913,0.10049025202814968,0.5847316183204088,3669.010009765625,0.10290118220620567,0.08287878079480207,0.27403254965210144,73.65499877929688,-0.012084721484674446,0.017281647719288737,0.07259357424311008,19.90999984741211,-0.23601859447156595,0.20981709688488612,0.22523075984074525,45.27999877929688,0.2070958222374543,0.1199561164728846,-0.1145874204202223
2020-03-01,12226.650390625,-0.07004327053635637,0.0732482639676636,0.12881529162264593,9020.76953125,-0.3140754147951048,0.19034031989141395,0.09420387280311204,3234.85009765625,-0.12593928435435403,0.11065046410205251,0.07335665186535567,71.41500091552734,-0.030884068559235856,0.020518140777175318,0.005349436669638052,12.699999809265137,-0.4496201319661706,0.2282492691908104,-0.0508221449446673,63.04999923706055,0.3310626433744461,0.17843757526435802,0.047168247729143076
2020-03-02,11707.900390625,-0.04335416653824666,0.08111343848245979,0.03598734543975168,9273.400390625,0.027620484675805104,0.16374548429702385,0.1793102745955979,3248.919921875,0.004340020161427722,0.08545587468761105,0.1270406136282929,71.49649810791016,0.0011405268543681066,0.018078870938085793,-0.000888744366052685,15.779999732971191,0.21714132004969805,0.2892112922499029,0.0019047449505518177,50.11000061035156,-0.22970744915851415,0.22974361368225338,-0.08774803692054689
2020-03-03,11303.2998046875,-0.03516915978571294,0.07364731556272525,-0.029213882905767874,8684.08984375,-0.06565753113984821,0.163017442039087,0.05975006724356913,3003.3701171875,-0.07858757882312173,0.08719266847990066,-0.0020600786926535664,72.82499694824219,0.018410789951359505,0.02097694441723171,0.01747840688549318,24.540000915527344,0.44156117809456713,0.3629601230152299,0.6251655824884683,47.18000030517578,-0.06025052070400961,0.2220614089914115,-0.14358322427850878
2020-03-04,8083.7998046875,-0.3352326663564988,0.16361141693971534,-0.321042845569646,7373.080078125,-0.16365705791254023,0.1683770370786404,-0.1311569622898503,2488.64990234375,-0.18799467501864414,0.11369831110958337,-0.19509100354488096,77.13999938964844,0.0575626839276862,0.03361698852747276,0.09063708824135053,55.29999923706055,0.8124684181415981,0.5090880162355989,1.633333297002883,28.34000015258789,-0.5096958408011358,0.33726869032847073,-0.5010563286399348
2020-03-06,10061.5498046875,0.21885917409138073,0.19638237052684912,-0.12905866222138063,9682.91015625,0.2725269521380499,0.2196237417212928,0.11076681929026,3122.8701171875,0.2270121327843716,0.16104109629396654,-0.014422894298038225,75.06580352783203,-0.02725683563359085,0.036326593805908254,0.0531737388653839,30.040000915527344,-0.6102430373590397,0.6006145961686227,1.1274788356230858,37.290000915527344,0.2744509790955578,0.3512738315062071,-0.3698884636155363
2020-03-07,10607.349609375,0.05282591129233839,0.20133956429161548,-0.034185289906882965,9682.91015625,0.2725269521380499,0.2196237417212928,0.11076681929026,3122.8701171875,0.2270121327843716,0.16104109629396654,-0.014422894298038225,74.72100067138672,-0.0046039231203088785,0.03165549156157719,-0.008018537023911088,25.770000457763672,-0.15331881494516902,0.5472642559875157,1.1475000381469727,37.290000915527344,0.2744509790955578,0.3512738315062071,-0.3698884636155363
2020-03-08,10891.599609375,0.0264446938406566,0.20246135276858102,-0.09022872190775799,10902.7998046875,0.11865712698407446,0.16809714341241175,0.481241925088169,3294.610107421875,0.05353534408225687,0.1548147007452301,0.3335802903954159,74.91780090332031,0.002630338432666723,0.03156931672342129,-0.010594298790944534,25.190000534057617,-0.02276393086201234,0.5494891385039851,0.6906041059712689,41.0099983215332,0.09509067973345459,0.3014762727983361,1.0192023338209548
2020-03-09,11527.4501953125,0.056739350507535875,0.20427457818453526,-0.05376973566078391,11458.099609375,0.04967725031645629,0.16804941382755378,0.33157070631469066,3455.06005859375,0.047552007762388784,0.1560631814229807,0.22056307649741425,73.24849700927734,-0.022533795504602452,0.03385838135329635,-0.029990807933910846,20.5,-0.20602222542133192,0.5226136657806928,0.5355804804661073,41.369998931884766,0.008740056178990867,0.2917682616017371,1.0915064456906602
2020-03-11,11813.5,0.024511780742738076,0.08127644656484984,0.43128017150244835,11160.5703125,-0.026309810465269975,0.16256115406046867,0.16839532254355993,3369.159912109375,-0.025176411116453072,0.14999656420693772,0.10257121330875729,74.45680236816406,0.016361394190415823,0.01799892414057173,-0.017071915931827553,24.239999771118164,0.16757926561443115,0.2876198410941098,-0.5963363850276593,37.65999984741211,-0.0939574354774425,0.2927888947545056,0.0626411203929913
2020-03-12,13133.900390625,0.10595375833342965,0.03291823611414373,0.33662725161991003,12377.1796875,0.10346737039015577,0.11016722690922405,0.21887058714462237,3666.719970703125,0.08463409244183376,0.09276098970362719,0.17679223209319317,73.66259765625,-0.01072394734381445,0.014554811213174526,-0.00010045490537868851,19.0,-0.24356517259235325,0.16726279170564548,-0.3819128125742053,45.63999938964844,0.19218599244341966,0.1455961996364508,0.14615770314987464
2020-04-02,11979.650390625,-0.09198729414584848,0.07288179091220098,0.14857077530359208,9467.9697265625,-0.26793993510955927,0.15782591053911615,-0.20701578950553978,3297.590087890625,-0.106105596195126,0.07679465292696461,-0.06495110679993943,71.31410217285156,-0.032401081589992185,0.019440006964389186,-0.03243877075918811,14.380000114440918,-0.2786006189152006,0.18703189906914408,-0.48862021033876535,49.61000061035156,0.08340792699524906,0.10670128500667904,0.16019650509127392
2020-04-03,11251.0,-0.06275239592003952,0.08251531348514925,-0.019114666201695663,9018.08984375,-0.048681951535916125,0.14214732359336785,-0.2038068186619023,3130.1201171875,-0.05212054537999451,0.07666208077652416,-0.07414810932918592,73.34200286865234,0.028039377334278297,0.025671608895281757,-0.00922924926239077,24.229999542236328,0.5217531556847606,0.34619166288198044,0.11146790780821303,46.77999877929688,-0.058736703554470894,0.11487048932362683,0.20816108740937156
2020-04-05,9293.5,-0.1911417825226643,0.11344704482916051,-0.18599101852825217,8710.7099609375,-0.03467924410551932,0.13391336245937577,-0.2949710918740688,2842.739990234375,-0.09630300755325616,0.07654316401290884,-0.2238146519040396,75.60050201416016,0.030329451929507797,0.027105502329750206,0.06442098401946672,43.66999816894531,0.589069809632119,0.4092297624954439,1.3798363630032582,20.38999938964844,-0.8304111804089854,0.401758195412574,-0.542312014840928
2020-04-06,10029.099609375,0.07617559712478793,0.1230860225952618,-0.2349483937585758,9615.8095703125,0.09885527561947287,0.15116492291011113,0.05758998831736939,3112.35009765625,0.09060972687474157,0.09665019084503751,-0.04466135507728708,75.54499816894531,-0.0007344426085133609,0.026595820085682235,0.047054699532455,29.690000534057617,-0.38585101880465666,0.47350470843961456,0.4712586761677453,37.40999984741211,0.6068934896287594,0.5256510016727834,-0.3885256675252541
2020-04-08,11095.25,0.10102626061201696,0.12170987114977584,-0.09663986716040496,10941.169921875,0.1291241569418192,0.15713700739995137,0.2221807692836344,3306.510009765625,0.06051515619199948,0.09080602450242775,0.06998832794446841,75.33000183105469,-0.0028499948091561785,0.02580877653334586,-0.02887711579969221,23.81999969482422,-0.22028475564805441,0.47011468165420717,1.0731070643447147,41.70000076293945,0.1085631028194105,0.5192458591659819,-0.10802137405477108
2020-04-09,11333.849609375,0.021276699875817373,0.11865979826948657,0.01806378562125266,11313.1298828125,0.03343125660607626,0.07873264934273792,0.5109738736981473,3426.9599609375,0.03578030398198017,0.07881479900369524,0.3561914176968095,73.4478988647461,-0.025302190268291058,0.023351150948044748,-0.030134747009469942,22.149999618530277,-0.07268807184637326,0.4428868044977333,-0.12103178778052581,39.77000045776367,-0.04738827637079069,0.5161416466461258,0.5706951396959632
2020-04-11,11908.5,0.04945864217224799,0.11704477702490308,0.1933441358589505,11590.7802734375,0.024245990349561507,0.06472180031608815,0.2063199430916678,3443.43994140625,0.0047973952929136,0.0718148755094281,0.11770238605332772,74.65560150146484,0.016309262151854825,0.02104580172347037,-0.01059309759075433,23.200000762939453,0.046314832288549976,0.3713020500504907,-0.22974767209435676,39.150001525878906,-0.015712409317868124,0.5161976791997627,0.06356968392524354
2020-04-12,13258.5498046875,0.1073901817633306,0.03601743916936022,0.256532081017379,12464.23046875,0.0726530016366729,0.0440233560600762,0.22106998508411246,3699.1201171875,0.07162403050192892,0.033306428159235325,0.18182373399645768,73.86489868164062,-0.010647826925035771,0.01516862754125136,0.008119313031666575,18.030000686645508,-0.2521152362588597,0.16724613693826848,-0.3198792708042918,46.2599983215332,0.1668771591079567,0.2627820420906543,0.1380072960657288
2020-05-02,12089.150390625,-0.09233422418537193,0.08090621191971621,0.04804077942132645,9508.6796875,-0.270657946913837,0.15563390045132394,-0.21131948165346992,3334.68994140625,-0.10371528125134007,0.0705335847367228,-0.06874089332187283,71.0999984741211,-0.03815041575507279,0.020902604993336158,-0.028914108903488556,14.170000076293944,-0.24091001621194832,0.13050618753145157,-0.32875416074855524,50.75,0.09263399740193329,0.08959037813922797,0.2225970140228497
2020-05-03,11269.0,-0.07025279545888702,0.08343302940928367,-0.0342913046134431,8738.58984375,-0.08445620125574715,0.1389847019184507,-0.21096393382489098,3023.93994140625,-0.09781910647894848,0.07931364841872889,-0.09690540255985947,74.0425033569336,0.04055198265715711,0.031859255643794035,-0.006814114090972656,23.25,0.4951780729465883,0.30582361989010737,-0.07774689233050625,45.900001525878906,-0.10044646761184864,0.10859241124944512,0.23886646345638352
2020-05-05,9205.599609375,-0.20224364087651156,0.12215878402258257,-0.29801928438661707,8809.1201171875,0.008038730228226675,0.13583250091193252,-0.19607288135306222,2868.43994140625,-0.05279228991549533,0.07405306214400346,-0.1334646581913972,75.8499984741211,0.02411838767215578,0.031039708535493607,0.029801096072262778,43.61000061035156,0.6289813638169888,0.4101146906347644,1.1903566521634086,24.559999465942383,-0.6253460687761235,0.3127936698280243,-0.3327900421171165
2020-05-06,10142.150390625,0.09688809366701626,0.1324085483103669,-0.1704882313146311,9814.080078125,0.10803053544567082,0.15154619673071945,-0.2052971135373095,3193.929931640625,0.10748380449859773,0.09831538301425907,-0.12948454129601783,75.49089813232422,-0.004745591228537863,0.03079265754772349,0.05707340425043217,28.68000030517578,-0.4190864694782168,0.4819385931966277,1.2582677744808013,39.54999923706055,0.47644659338923373,0.40760180701731263,-0.12654592969768874
2020-05-08,11101.650390625,0.09039373534531495,0.12807924019019928,-0.05178127416299594,10998.400390625,0.11393174597478314,0.15966650813912744,0.21923083751602745,3327.77001953125,0.041050303805881524,0.09234709681195616,0.028724645368366053,75.25,-0.003196190819959377,0.030188245711710356,0.05249910123464585,23.56999969482422,-0.19622532237173348,0.4739821323985134,0.4936628703216246,42.18999862670898,0.06461751866293403,0.39975266085418887,-0.3308485465942741
2020-05-10,11503.349609375,0.035544482232625185,0.12665530148869442,0.017698354298674612,11332.490234375,0.02992399890643218,0.08152621594760041,0.22204259031365114,3408.60009765625,0.023999262595993973,0.08073622041997704,0.049148695449870106,73.32240295410156,-0.025949707679769476,0.02618594863496231,0.006830154846596104,19.700000762939453,-0.17935602952857052,0.46513771251163477,-0.19722901271472437,39.220001220703125,-0.07299634169338642,0.3950848116403199,-0.21732187701069028
2020-05-11,12120.2998046875,0.052243453356927316,0.12388793336677802,0.4993320093923381,11890.9296875,0.04810205625609359,0.04729899381111759,0.3692775986257195,3510.449951171875,0.029442542020083135,0.05704515482874581,0.1688369445652036,74.37999725341797,0.01432085562135612,0.019292295856543008,-0.035779130905733925,20.96999931335449,0.0624741376978122,0.4011534770769455,-0.620795667221258,38.790000915527344,-0.011024346838681606,0.39434101100694396,-0.1778295747218982
2020-06-01,11993.0498046875,-0.010554417641524098,0.04378595864027072,0.191968438013411,9071.4697265625,-0.2706416047329738,0.15885128653440414,0.23035008848966765,3246.280029296875,-0.07823448606974659,0.06659386275135713,0.3044341939135784,71.73100280761719,-0.036264001220218764,0.02001741111093362,-0.04442503195184477,14.779999732971191,-0.3498179147164916,0.18603239159641402,-0.5079893714207055,63.27000045776367,0.48924878533985133,0.272441446571969,1.2325335256565308
2020-06-02,12137.9501953125,0.012009625147403415,0.038618522868784706,0.1442962325466035,9572.150390625,0.05372358781860086,0.15182077912269928,-0.011438685667604642,3345.780029296875,0.0301901246006362,0.04931671907910954,0.07137982168471702,71.18000030517578,-0.0077111659809252974,0.01982256791107778,-0.047389627205125295,13.779999732971191,-0.07005665124563916,0.15362619420114854,-0.4652697133026351,50.95000076293945,-0.21656651575086386,0.26601729035534555,0.36631803464837587
2020-06-03,10989.4501953125,-0.09940118476142945,0.05938933791863213,0.008984041779618313,8575.6201171875,-0.10993457412761719,0.14057474633111072,-0.21344789679614795,2972.3701171875,-0.11834020518833653,0.0705834558948946,-0.09780823215118972,73.8551025390625,0.03689321550565962,0.029766191453569846,-0.014184857956912045,25.63999938964844,0.6209353620402914,0.36996473389288553,0.017864186028198503,41.27999877929688,-0.21046668304100113,0.2897915474960408,0.006583771490229706
2020-06-04,10989.4501953125,-0.09940118476142945,0.05938933791863213,0.008984041779618313,7913.240234375,-0.0803859716882665,0.13341534665566093,-0.3093758560188813,2663.679931640625,-0.10965105414207975,0.07376494806597794,-0.22904960073985692,76.2300033569336,0.03165003016200358,0.030166167687152856,0.0407039935205582,25.63999938964844,0.6209353620402914,0.36996473389288553,0.017864186028198503,26.07999992370605,-0.4592093574689396,0.35646201329787697,-0.36959147698682626
2020-06-05,9270.900390625,-0.17005523506177678,0.09010286016570107,-0.1957544614337262,8854.3896484375,0.11237600590077228,0.14993348387838176,-0.20663645311024514,2848.419921875,0.06705582747992787,0.08488493604333414,-0.1545607818621908,76.16999816894531,-0.0007874696914475214,0.030103530784031548,0.02300925833895029,41.25,0.47549750453288403,0.3979975933959881,1.0121951219512195,23.989999771118164,-0.08353166682218599,0.35434146259531657,-0.36298460254065323
2020-06-07,10763.650390625,0.14929424845549388,0.12096023034437464,-0.08886863413679269,10433.650390625,0.1641228557711126,0.11946119545621355,-0.1570252146244443,3179.719970703125,0.11002870622785643,0.10423071301624798,-0.1328162510066493,74.6792984008789,-0.019764736455420547,0.024945275672849175,0.013802129940806429,25.200000762939453,-0.49280708798793776,0.4937218429522116,0.039604001686713186,40.630001068115234,0.526869668977582,0.3699347283788602,-0.10977209440255853
2020-06-08,11200.150390625,0.039752453111521105,0.1243753645249828,-0.1472334906225049,11108.0703125,0.06263570202782981,0.12000656472286889,0.17322621779579395,3349.159912109375,0.05191640849633012,0.10644912823848945,0.01563863998988957,74.8822021484375,0.0027133168802972387,0.02370271298898647,0.05003358195462604,23.149999618530277,-0.08484926073868307,0.454520311514085,0.21842103255422507,41.95000076293945,0.03197171481162426,0.3651044998046569,-0.15440434898551048
2020-06-10,11662.400390625,0.04044281919493056,0.12647584717495042,-0.02648240888968456,11154.599609375,0.004180034541013179,0.09505392450876643,0.23691378137086438,3360.969970703125,0.003520072187805979,0.08413449474007208,0.07375111653001043,73.1082992553711,-0.02397434755394628,0.022104652226038912,-0.0031864907439164147,19.63999938964844,-0.16442649220471306,0.4646611956233355,0.3657857603161798,40.66999816894531,-0.030987776203203574,0.35262605094648825,-0.13061138883688117
2020-06-11,12263.5498046875,0.05026140707055732,0.11677222998732059,0.08999642740089775,11895.23046875,0.06428558496703454,0.06002173962472371,0.3655867916729214,3509.43994140625,0.04322684982223256,0.03863834945484695,0.23452723550594845,74.12000274658203,0.013743545256467506,0.015848500434693328,-0.019583193604995164,20.5,0.04285661429500636,0.3517875610168801,-0.15394137898081295,37.13999938964844,-0.09079613540613422,0.25971111810364644,0.8214811427853013
2020-07-01,12052.9501953125,-0.017321972753429723,0.060326445823353926,0.29692260131409043,9068.580078125,-0.27132181843299613,0.16470497615747828,-0.05690935206090153,3237.179931640625,-0.08075390456896758,0.07058707581746458,0.04010790241058615,71.78700256347656,-0.031982001598271505,0.019248766596913672,-0.04974512802375808,14.609999656677246,-0.3387186838809165,0.211065986780745,-0.665445379682504,62.70000076293945,0.5236669203162149,0.3071834919398041,0.6760224811194917
2020-07-02,12098.349609375,0.0037595879231737887,0.028824547765037904,0.20632460346347603,9520.509765625,0.048632693782101,0.14350639638901236,-0.12984536081554066,3327.7099609375,0.0275818086757727,0.05348907297886596,0.006411579311498272,71.47000122070312,-0.0044256385629449155,0.018891584348943287,-0.051241212219913734,13.75,-0.06066737815086569,0.14237542548046078,-0.5368811130795611,50.31999969482422,-0.21995885347948477,0.2844666162488288,0.20671459890105615
2020-07-04,8792.2001953125,-0.3192040603709388,0.15382492036130482,-0.20757078972420628,7887.259765625,-0.18819962438252727,0.15173921368300236,-0.3028224861443747,2659.409912109375,-0.22418010736932048,0.11043534547251553,-0.2239740345895811,75.96489715576172,0.06099355574584939,0.03703069357573622,0.03426916671436264,51.79999923706055,1.326351310424296,0.6664756365416737,1.1746431528425259,23.6299991607666,-0.755885550644258,0.4575176909484446,-0.4058335708127032
2020-07-05,9199.0498046875,0.045235209612280884,0.15453030149704441,-0.18835610831836536,8979.66015625,0.1297132672858801,0.1753209124430511,-0.22527561178701516,2881.18994140625,0.08009912228318129,0.12357010537775581,-0.1632814887343107,76.15129852294922,0.002450777310785349,0.03400343484981494,0.020034625552578733,39.93000030517578,-0.26026220581897713,0.6794293193705797,0.8027088484358749,23.549999237060547,-0.0033912676173791256,0.45894564692309003,-0.3984674758826371
2020-07-07,10799.650390625,0.1604135657459416,0.17801149770832903,-0.09311412935088381,10343.8896484375,0.1414339361590926,0.18994954381016455,-0.17011405763304555,3145.320068359375,0.08771227260332207,0.1315752106486272,-0.14971129114055048,74.60759735107422,-0.02047978817698907,0.035984295111714366,0.010054825535395828,25.100000381469727,-0.46426006738216413,0.7336034130489973,0.08189653258828344,40.619998931884766,0.5451347417910882,0.5453326692047447,-0.1219195761843147
2020-07-08,11214.0498046875,0.03765367661930899,0.1803198602914322,-0.154202384885048,11010.98046875,0.0624970260940044,0.13321599585597668,0.15799257421878532,3351.280029296875,0.06342671563593028,0.13125333691889096,0.004975001628975795,74.8998031616211,0.003908919312510449,0.030903657641432207,0.053443105049897355,22.57999992370605,-0.10580330599304778,0.7105366133809156,0.2523571305480119,41.220001220703125,0.014663075219718685,0.46956299717908395,-0.18778322717826357
2020-07-09,11355.0498046875,0.012495122706776393,0.18058226614916506,-0.060723918738473714,11010.98046875,0.0624970260940044,0.13321599585597668,0.15799257421878532,3351.280029296875,0.06342671563593028,0.13125333691889096,0.004975001628975795,73.29029846191406,-0.021723016232938604,0.033564497440233695,-0.01015909593701081,22.01000022888184,-0.02556764940532396,0.7088835425357289,0.5532815885939211,41.220001220703125,0.014663075219718685,0.46956299717908395,-0.18778322717826357
2020-07-10,11738.849609375,0.033241258924860136,0.0586279701731249,0.041693993200372814,11364.599609375,0.03161022720103461,0.1331198619921396,0.30050726863020927,3419.43994140625,0.020134406688090797,0.13100237579367008,0.13078963460368098,73.81500244140625,0.0071337497896713726,0.014130127886821754,-0.026829216528055144,20.059999465942383,-0.0927691500265861,0.17588058709758977,-0.13720432404548888,39.95000076293945,-0.031294913767011746,0.4634353812853832,-0.12962964194205484
2020-07-12,13355.75,0.1290431831083915,0.06568983105791877,0.45082890487638405,12519.9501953125,0.09682016111732838,0.045841378270379776,0.4212486637439292,3691.9599609375,0.07668069392362921,0.026897033750683128,0.2870968318505285,73.79029846191406,-0.00033473025117207347,0.013776864005556616,-0.02252721470380792,18.020000457763672,-0.10724547832749631,0.1738409918613306,-0.5867920154652251,45.7599983215332,0.13578161908211886,0.23950909902495704,0.8631921545840866
2020-08-01,12025.349609375,-0.10493011461322913,0.08371080628684055,0.18568046678648686,9129.240234375,-0.31584091289793553,0.18301890880353852,-0.06978135885364001,3253.050048828125,-0.12656443895496455,0.0881379344585822,0.018510148454362607,72.16000366210938,-0.022341339305321943,0.014272148138627818,-0.04106307425768274,15.640000343322754,-0.14165052051453347,0.04262625613263512,-0.45467223929909595,59.61000061035156,0.26441304507915486,0.2314202542226991,0.507206112775185
2020-08-04,8748.75,-0.3181060560922838,0.17160184722734273,-0.2119414958889312,8090.89990234375,-0.12074251348817569,0.17069277219097181,-0.26435666869880403,2749.97998046875,-0.1679994009879042,0.11285183443349048,-0.17362679382029156,76.66000366210938,0.06049418121898617,0.03381441045592297,0.04551952164056994,52.2400016784668,1.2060167600293434,0.5819344896654083,1.216376850014906,25.09000015258789,-0.8653539890109625,0.44496018506234875,-0.405309292029597
2020-08-05,9251.5,0.055874867518021516,0.17655453226259996,-0.19575599158872714,9121.3203125,0.11987460344762542,0.18165059430762595,-0.19511774342128507,2929.800048828125,0.06334054615712262,0.11283460395928159,-0.14046823772531936,76.08000183105469,-0.007594665418580636,0.031576299488048125,0.022855668733687606,38.40999984741211,-0.30753067871288575,0.617902543173123,0.949746109638268,24.739999771118164,-0.014048008747099784,0.44335162175482207,-0.3691994135365141
2020-08-06,10167.4501953125,0.09440575982739993,0.18490384987406347,-0.1611222198166864,9924.75,0.08441707262376075,0.1881050456716846,-0.16535121636173578,3232.389892578125,0.09828759048332916,0.12566009189013497,-0.07920923598438623,75.5177001953125,-0.00741837385331879,0.03227805134976349,0.05279024744504479,29.649999618530277,-0.2588557258072286,0.6358241945876578,0.4139246823745977,38.18999862670898,0.43415230756513107,0.5063269730187999,-0.015467962739289076
2020-08-07,10705.75,0.051589519939764766,0.17111022527057018,-0.10733715157126733,10492.5,0.0556290788864775,0.18212842587598685,0.15664829584080842,3169.93994140625,-0.019509126681803192,0.11580970593702837,-0.02351617457572197,75.125,-0.0052136755959348545,0.032535771943377416,0.055422867068144255,26.100000381469727,-0.12752678363363043,0.6373654149030016,0.7658999223962029,40.900001525878906,0.06855643507832404,0.502398241710854,-0.3535640709662712
2020-08-09,11317.349609375,0.05555593160728538,0.17192835674279217,-0.06760619155072856,10847.6904296875,0.033291477478911174,0.09263999320646844,0.13325532790539607,3331.840087890625,0.04981208854187389,0.10564513585870734,-0.004166424954476056,73.6500015258789,-0.019829229228756934,0.0320511061138899,-0.0027770730272171917,22.71999931335449,-0.1386897653134694,0.6371161958318258,0.6487663101322636,36.7599983215332,-0.10671984852896416,0.4761498094394514,-0.2785083852585125
2020-08-10,11834.599609375,0.04469049941705354,0.01952398379793741,0.07690552293717068,11420.98046875,0.051499862245160025,0.03386011577005654,0.33179645467967367,3446.830078125,0.03393026041358634,0.04325192857237578,0.15962344601500744,73.5425033569336,-0.001460647580433522,0.006901086380652322,-0.03525514733898483,20.3799991607666,-0.10869157701556259,0.08900297322310333,-0.2051482197384702,41.18999862670898,0.11378522328024623,0.2052881424075255,-0.00218023631902442
2020-08-12,13392.9501953125,0.1237010523565993,0.03386756960612379,0.4446223808914864,12582.76953125,0.09687632460987303,0.02581889453982833,0.5900906782269333,3702.25,0.07148575219893019,0.044249184971296165,0.38990047416083295,74.0199966430664,0.00647176556011742,0.00960114566081055,-0.028226356538832986,18.6200008392334,-0.09031766969478291,0.06636367371863991,-0.5486060402610085,45.59999847412109,0.10171220795049277,0.1956314660855194,0.7484662042760153
2020-09-01,12215.900390625,-0.09199004981373618,0.07869466886810135,0.13492169917232633,9203.4296875,-0.3127521738547109,0.16801442856201437,0.03941999990073786,3274.699951171875,-0.12271449600822854,0.07769869652461742,0.14965491078867044,71.41190338134766,-0.03587071213152155,0.016778618062164012,-0.04375235292104451,14.0,-0.2851789873052725,0.07774101083351169,-0.44444446126409676,59.560001373291016,0.26707654781499524,0.13342722114888925,1.4827012064000096
2020-09-03,10451.4501953125,-0.15599767042044202,0.11518193051947831,-0.06684733411608412,7950.68017578125,-0.14631872499632362,0.17101035143026083,-0.2379771337819394,2746.56005859375,-0.17587700604602477,0.1124985281535232,-0.13622580481940716,73.99530029296875,0.035537012158099276,0.02711497426657871,-0.011843960647827445,30.799999237060547,0.7884573355935084,0.4291604341350831,0.33045355268199983,31.1299991607666,-0.648812273378553,0.35779449244002337,-0.23381741712046977
2020-09-04,9111.900390625,-0.13715944903820496,0.12197617436473722,-0.21869425800628994,8153.580078125,0.025199622481512755,0.16999550094224458,-0.2659769114938252,2789.820068359375,0.01562786124491336,0.10746236796766864,-0.1670089988022445,75.95899963378906,0.026192134579794503,0.02778959572052169,0.038992842227943525,49.75,0.4794957983958347,0.4555276891194415,1.5330958017351817,22.76000022888184,-0.31316733818007514,0.37672520766743806,-0.4574493488689263
2020-09-06,10046.650390625,0.09765799006961226,0.13330780189210004,-0.18077142828703108,9953.75,0.19949226039948606,0.2032602388021106,-0.10765510654149646,3207.179931640625,0.1394149229170306,0.13204536921817886,-0.04575763556445189,75.625,-0.0044067998616652915,0.028022203309887417,0.020304873146909985,30.209999084472656,-0.4988374985114616,0.538265082665506,0.47365849192549536,38.93999862670898,0.5370173453627561,0.47129156049998033,-0.04253748758605358
2020-09-07,10813.4501953125,0.07355146324712925,0.11979481250284738,-0.1028378927909328,10547.75,0.05796320244506708,0.19798390051545656,-0.11327905518854553,3152.050048828125,-0.01733897473827573,0.12328421399584653,-0.10183673137170635,74.93990325927734,-0.009100413895326707,0.02875474753230523,0.04392021651848288,24.90999984741211,-0.19290364194461876,0.5481831054457951,0.7049966073084353,39.619998931884766,0.01731204963420726,0.4677328765428603,0.06677435603102211
2020-09-09,11278.0,0.04206317765289515,0.12102468035624796,-0.06780673694032713,11141.5595703125,0.05476965500089468,0.12338607938555209,0.2285892029765375,3398.9599609375,0.07541644068024894,0.11866374736943278,0.04997560614892471,73.78679656982422,-0.015506695123209789,0.022790046078744037,0.03241633286064616,22.229999542236328,-0.11382661576457438,0.5262671153199437,0.6167272394353693,38.04999923706055,-0.04043295005468978,0.43851955563052597,-0.39314196532592327
2020-09-10,11914.2001953125,0.05487705704716766,0.09368661723210156,0.35508745600043,11579.9404296875,0.03859210585498953,0.07071641922303232,0.21631516743970303,3477.139892578125,0.022740594932158742,0.06135979417042179,0.0449047343051876,73.28050231933594,-0.006885232195656767,0.01625795307643667,-0.03533730626820408,20.3799991607666,-0.08688872076863302,0.3543888152567319,-0.6065637169703733,40.59999847412109,0.0648669647677384,0.3076099030881765,-0.1931637774175683
2020-09-11,12461.0498046875,0.0448767813657421,0.023154451373200095,0.3546018414138603,11713.7802734375,0.0114916219981138,0.07335611423407074,0.48515208342567884,3550.5,0.020878352722712972,0.060726652412665484,0.3350706048861176,73.97979736328125,0.009497472189416796,0.009231654620248341,-0.028515615646574455,20.11000061035156,-0.013336752480104366,0.18884014887338682,-0.49636863369257544,40.290000915527344,-0.007664707097767496,0.23945661661411632,0.7050360705226644
2020-09-12,13529.099609375,0.0822351284523651,0.017702968935690486,0.2527349608575653,12338.9501953125,0.05199499165630782,0.01907572014108395,0.37409990808219784,3672.820068359375,0.03387133934699266,0.03321469682853327,0.27475804894929845,73.72640228271484,-0.0034310723552521643,0.009264989012164876,-0.011811063479404305,18.920000076293945,-0.06099766647902786,0.06674666878722434,-0.24621514785865162,45.52000045776367,0.1220484779477009,0.0636818797762478,0.9329087869408086
2020-10-01,12256.7998046875,-0.09876202316589033,0.07101365798187836,0.09298603253608939,9178.8603515625,-0.2958578893290511,0.1508242055448489,-0.11262971053166482,3265.35009765625,-0.11759279354726176,0.07308658859488525,0.03816146741450188,71.19429779052734,-0.0349482469718935,0.016472843019127867,-0.049472831899142644,14.079999923706056,-0.29546422234488945,0.10794280828309614,-0.3764393281098334,59.040000915527344,0.2600633959247213,0.11896307807828653,0.453471257213248
2020-10-02,12031.5,-0.018552658591422765,0.07254243409423941,0.0595726312916085,9628.3896484375,0.047812937226497355,0.1499013230435182,-0.12556473278981817,3352.090087890625,0.026217073681303146,0.06437613474133269,0.00024171617610835305,71.5155029296875,0.004501522389344218,0.017288126835416927,-0.024215968135930743,14.210000038146973,0.009190599482232858,0.1212241079347893,-0.35438437572115944,49.56999969482422,-0.17482938992309507,0.16075614420086598,0.20257152418344004
2020-10-03,12031.5,-0.018552658591422765,0.07254243409423941,0.0595726312916085,8344.25,-0.14314331054361748,0.15138183294318816,-0.2657682376142335,2882.22998046875,-0.151019764813964,0.08925154614323877,-0.15710466337846296,74.40599822998047,0.0396223095715956,0.026772568522851512,0.008006445424740605,14.210000038146973,0.009190599482232858,0.1212241079347893,-0.35438437572115944,34.36000061035156,-0.36649269099653364,0.24591680978774466,-0.13992490727994134
2020-10-04,12031.5,-0.018552658591422765,0.07254243409423941,0.0595726312916085,8344.25,-0.14314331054361748,0.15138183294318816,-0.2657682376142335,2882.22998046875,-0.151019764813964,0.08925154614323877,-0.15710466337846296,76.6500015258789,0.029713065264895592,0.02938861014437475,0.03875445856125448,14.210000038146973,0.009190599482232858,0.1212241079347893,-0.35438437572115944,34.36000061035156,-0.36649269099653364,0.24591680978774466,-0.13992490727994134
2020-10-06,10116.150390625,-0.17339501518591405,0.1043882947447073,-0.13823324028736717,10020.349609375,0.1830453073045069,0.1881758495189917,-0.1996494033077988,3190.139892578125,0.10150047600090281,0.10779746113572856,-0.1359224026448943,75.50980377197266,-0.014987126115482162,0.03084150900745063,0.04642183952136114,29.440000534057617,0.7284083672076941,0.3856181698373073,0.4675972740697467,39.59999847412109,0.1419359648486507,0.2586006318789755,-0.1346153862185221
2020-10-07,10768.0498046875,0.06245020283421978,0.10789113814915521,-0.19375176948598916,10617.4404296875,0.05787998640826854,0.18884375842488121,0.163014682175727,3185.0400390625,-0.001599909228650738,0.10436272733017748,-0.02090653655640029,75.33999633789062,-0.002251345453312765,0.02270497475898998,-0.01721898331804006,24.940000534057617,-0.1658813503356316,0.39997895422166385,0.38401775252522574,40.54999923706055,0.02370668201850031,0.25027464377660824,-0.31974502899067503
2020-10-08,11270.150390625,0.04557427415369058,0.09933055173585768,-0.06280060399751242,10968.3603515625,0.032516823919396386,0.1165593698696604,0.3556415830067574,3360.469970703125,0.0536159763476435,0.09553662454177954,0.22199797619265338,75.0248031616211,-0.004192385970308059,0.02367004284638978,-0.013869593113007506,22.51000022888184,-0.10251329657893976,0.40309763001551974,0.43925829506085146,41.93999862670898,0.03370423098295186,0.20207461512265062,0.6715822388061288
2020-10-09,11449.25,0.015766553376532513,0.09448094163363953,0.30867266752393197,10919.58984375,-0.0044563870156841,0.11753257526244425,0.19715013502876588,3339.18994140625,-0.006352591367233105,0.09489985587493298,0.1397330485887167,73.55000305175781,-0.019853279146082002,0.019348770033267473,-0.02605610523712465,21.26000022888184,-0.05713228140700225,0.3667397713363774,-0.593032167959421,37.29999923706055,-0.11724668653396184,0.19604314535209927,0.5076798537647971
2020-10-11,12631.099609375,0.09823777019289605,0.10661738633066709,0.3653028816273036,11553.8603515625,0.056461201182845165,0.07060029520361633,0.16414623557898178,3545.530029296875,0.05995941835939957,0.04537358382203731,0.09687573192755905,73.95320129394531,0.005466989659067086,0.01018240725764367,-0.015597986103889405,21.57999992370605,0.014939572614942108,0.366461715824847,-0.43816714372728605,41.36000061035156,0.10332093876159405,0.09923407034620853,0.08300607744524968
2020-10-12,13478.2998046875,0.06491897441637193,0.03009549020750084,0.32563224267392044,12405.8095703125,0.07114526592952641,0.029817600804183646,0.18235020922682876,3668.10009765625,0.0339861800400886,0.03069870360850431,0.15715129165160335,73.93499755859375,-0.0002461823943321966,0.009459184186276455,0.0038695998209137272,18.709999084472656,-0.1427088649411051,0.07208192244837296,-0.36897135496826383,46.77999877929688,0.12314149010425823,0.09451312340070867,0.14376520865647135
2020-11-02,12107.900390625,-0.1072228058957012,0.0789569302632719,0.13097171058776835,9638.9404296875,-0.2523536879789354,0.13335988557675943,-0.11142924918763764,3357.75,-0.0884027366521846,0.06107897455222799,0.007776457280630922,71.27999877929688,-0.03657052976737999,0.017068620537803593,-0.030764584755237467,13.880000114440918,-0.29860912802980133,0.11709469515432382,-0.46819923710440514,49.93999862670898,0.0653665222913266,0.09528632253254152,0.3585419180352687
2020-11-03,10458.400390625,-0.14645264376917563,0.10716954683131635,-0.07589667620044793,7952.0498046875,-0.19238145614905686,0.14855890524756846,-0.30373317540942846,2741.3798828125,-0.20280970630857162,0.1065893915732123,-0.2046663686120116,74.20500183105469,0.04021579198631646,0.02895976127265312,0.002499394709248648,31.559999465942383,0.8214415157320143,0.4373063104525059,0.38908452551721107,32.97999954223633,-0.4149209541013936,0.22608929194663507,-0.199320207773666
2020-11-05,9239.2001953125,-0.12395019765758493,0.11508095971535455,-0.21930606017346843,9192.33984375,0.14494077905076902,0.17608280694074535,-0.2694501937017666,2930.18994140625,0.06660584684787402,0.11696034870193191,-0.2085380670116146,75.5250015258789,0.017632189452956804,0.028085248413658274,0.05759681439334896,38.040000915527344,0.18674778268898434,0.43350217440222044,0.8665359412162239,24.13999938964844,-0.3120311128658551,0.25581644472863685,-0.47061403075817265
2020-11-06,9902.0,0.06928143398094408,0.10662079934874256,-0.26065580356853146,9492.73046875,0.032155780314815044,0.1732588786621705,0.03143401873791962,3002.10009765625,0.024244828965345428,0.11134390937888528,-0.08324422315946023,75.875,0.004623501903300222,0.028086525222119865,0.025402960723032164,29.65999984741211,-0.24883893017946207,0.4639143305642918,0.5929107685600532,36.34000015258789,0.4090488767813623,0.3365010340100353,-0.3898589772550922
2020-11-08,11322.5,0.13405513950900066,0.12747952751543767,-0.0731342235985023,10782.8203125,0.1274278639341278,0.18373954623724675,0.35621356589663833,3333.68994140625,0.1047677047139045,0.12561807033917613,0.21376917682008112,75.0999984741211,-0.010266710927534943,0.02891151972806292,-0.011308747663994478,21.36000061035156,-0.328279288898713,0.4911688051051418,0.5257143293108257,41.61000061035156,0.1354214704963148,0.3379024859927527,0.3366528021880899
2020-11-09,11464.4501953125,0.012459063658332095,0.12159519398910157,0.09692434839849629,10853.5498046875,0.00653804161736935,0.13464399210148206,0.33113916840115043,3340.969970703125,0.0021813941922316036,0.119511440966531,0.19755750867039534,73.52729797363281,-0.02116380018380944,0.02403218779012461,-0.02773820861311982,20.709999084472656,-0.03090341146603111,0.4605043949729233,-0.32759741566639233,37.33000183105469,-0.10854319568625778,0.33541962408007553,0.6401582361885876
2020-11-11,12749.150390625,0.10621367324818053,0.10213402866689397,0.3991757859581382,11786.4296875,0.08245664578401353,0.0594770343726419,0.1841195215371092,3572.659912109375,0.06704921656430371,0.04022368954551433,0.1139568057479674,74.28160095214844,0.010206550920765329,0.015728504808969444,-0.008784402948203818,22.030000686645508,0.06178856078243427,0.21417851887584163,-0.5571859158463215,41.45000076293945,0.10469055801058474,0.2717143470120101,0.06445819786210416
2020-11-12,13513.849609375,0.05825042320769231,0.04658564419186092,0.3451099703823084,12377.8701171875,0.04896136702439454,0.04691732126842593,0.17350810525349014,3663.4599609375,0.025097653592864238,0.04098203694345916,0.16224676137344574,73.72669982910156,-0.007498278407635659,0.012439218223606706,-0.0008144646944495681,18.790000915527344,-0.1590803298333552,0.15833043357698776,-0.37802047385082405,46.56999969482422,0.11646865045366737,0.1841291300677918,0.17541648032065793
2020-12-02,12201.2001953125,-0.10218073299693362,0.09290059514710693,0.12833554276705983,9725.9599609375,-0.2411116149558935,0.14447655719353278,-0.12705578608105894,3379.449951171875,-0.08069508546274884,0.07038192782909199,-0.005739993995175996,71.27529907226562,-0.0338151799583252,0.016393522378801983,-0.027363393857921414,13.619999885559082,-0.32178556983060347,0.17338894511849734,-0.45323163512688425,51.16999816894531,0.09419683659201522,0.10011722823933093,0.3448094400776214
2020-12-03,9590.150390625,-0.24079775276757046,0.1394088144221216,-0.14965859278019156,7201.7998046875,-0.3004676276119219,0.17682783321017745,-0.37807971911286853,2480.639892578125,-0.3091964118162481,0.14981058132213196,-0.2865861112252074,74.76000213623047,0.04773318033875059,0.03172581507652899,0.01054618694233489,41.15999984741211,1.1059276149397108,0.5636151131373871,0.8515519880785132,31.5,-0.4851658412016585,0.2574245251939785,-0.22413790187508342
2020-12-05,9196.5498046875,-0.04190817831060497,0.13705654842855128,-0.22810178997111585,9002.5498046875,0.22317688118574144,0.22384548855053701,-0.23145649017320757,2870.1201171875,0.1458373334782998,0.1759921661745759,-0.1916293149732432,76.30999755859375,0.020520948146400576,0.0305264101569084,0.03504301303041646,38.209999084472656,-0.07436966976026378,0.5670649365775785,0.8748773629996249,25.780000686645508,-0.20038852168573235,0.2652970965193157,-0.3601389898030465
2020-12-06,9972.900390625,0.08104306097768069,0.13045942173512518,-0.19967414086785273,9588.8095703125,0.06308889995025313,0.22140726828050075,-0.2228828694068936,3041.31005859375,0.05793448134260472,0.1747736559970304,-0.1719414504418444,76.38999938964844,0.0010478302550540732,0.030592822321481233,0.07297918176548679,30.81999969482422,-0.21493341750830144,0.58760293657008,0.5325707985786794,36.2599983215332,0.34111613489108616,0.3204530511219595,-0.2034271099101258
2020-12-08,11308.400390625,0.12567439347074885,0.14679401622519364,-0.16414242505917875,11012.240234375,0.1384106539388493,0.2337883613152799,0.19973938077186326,3380.35009765625,0.10569092040230618,0.18480791606740096,0.03521827570113922,74.9000015258789,-0.019697878667939022,0.032335269879001816,0.04732538341398462,20.850000381469727,-0.3908098534493744,0.6182469156454657,0.10200847237807364,42.66999816894531,0.16278089525097478,0.32624471903025287,-0.27726968991758216
2020-12-10,11930.9501953125,0.05359003355580621,0.14566523066622938,-0.02658521103121725,11876.259765625,0.0755340270882449,0.20059435636160408,0.23346272837558923,3534.219970703125,0.044513332756409,0.18233096073616228,0.054333230324101756,73.01480102539062,-0.025491736526291362,0.030092431769504956,-0.018697379750081566,21.1299991607666,0.013339825369619977,0.5893093561152802,0.5007101757998367,39.43000030517578,-0.07896909865869516,0.32056597668332487,-0.2045591981455508
2020-12-11,12690.7998046875,0.06174142562276789,0.06145416042447378,0.05479780614948271,11709.58984375,-0.014133278977013991,0.08887712295143155,0.4033124419510441,3537.010009765625,0.0007891241594431929,0.056137985845843785,0.22717827298097326,74.56999969482422,0.021076103094132197,0.02181140357661829,-0.02713635733395814,20.6200008392334,-0.02443227262155647,0.16559096632198655,0.4510908363039181,41.119998931884766,0.041967639542123486,0.21024128805213493,0.19674034346485536
2021-01-01,14018.5,0.0995005797540076,0.029178316172900797,0.38575440841522557,11709.58984375,-0.014133278977013991,0.08887712295143155,0.4033124419510441,3537.010009765625,0.0007891241594431929,0.056137985845843785,0.22717827298097326,73.08920288085938,-0.02005762502493585,0.019451989150091126,-0.0320567763415609,20.6200008392334,-0.02443227262155647,0.16559096632198655,0.4510908363039181,41.119998931884766,0.041967639542123486,0.21024128805213493,0.19674034346485536
2021-01-02,14281.2001953125,0.018566114802115112,0.04164251333550952,0.32625688535501296,13403.3896484375,0.13509948296345725,0.06247791964820756,0.337616966567448,3773.860107421875,0.06481663856849472,0.037825325433511164,0.1829763692187223,72.90660095214844,-0.0025014694824626676,0.019071814324299358,-0.03229885192492854,23.31999969482422,0.12304982910706765,0.20376454671334776,-0.2078804595181133,53.54999923706055,0.2641211874751781,0.16862542815733633,0.35227276011275355
2021-01-03,14761.5498046875,0.033081813307306265,0.030907333795683573,0.30979173241262137,13588.830078125,0.013740503684044815,0.06926716667535189,0.27985931902468475,3901.820068359375,0.03334474966355169,0.0388911291031668,0.22504584573695197,73.59590148925781,0.009410154941202663,0.019554057092247598,-0.01904572370933233,25.6299991607666,0.09445215923594516,0.20662103246493896,0.027666343702227758,60.63999938964844,0.12433894862242953,0.12925433209216808,0.49543774428056464
2021-01-04,14867.349609375,0.007141693175374136,0.03714732976609485,0.2985435386051487,13480.1103515625,-0.008032845722491102,0.06370386780643167,0.22899958785929098,4019.8701171875,0.029806464484527426,0.023340060842410405,0.196222597503648,73.20349884033203,-0.005346119706881634,0.015560908130180193,-0.0047111379612309046,19.989999771118164,-0.24853137056930474,0.1468420496377775,-0.11195026353355364,61.45000076293945,0.013269117158705386,0.12921723359917645,0.4651884304976055
2021-01-06,15574.849609375,0.046489901574887756,0.035933302820947303,0.23305571890313503,13736.48046875,0.01883981001167729,0.06087906171124593,0.2579667061956812,4202.0400390625,0.044320537998476225,0.02331985133367347,0.2584010232412457,72.48719787597656,-0.009833252942799985,0.010745835146551233,-0.019823393609990636,17.389999389648438,-0.1393368437941481,0.15672644476443687,-0.18203202246329153,67.72000122070312,0.09715772686301734,0.09758638227757438,0.8155496677173617
2021-01-07,15680.0,0.006728606194239745,0.01723029067430259,0.16335147809568618,14522.3798828125,0.05563579796083604,0.05631639727984703,0.25692880482570035,4319.93994140625,0.027671368757006345,0.015286660412327572,0.21841865834174046,74.37100219726562,0.025656145204215015,0.014299206111005274,0.005897134686808414,12.84000015258789,-0.3033299831227368,0.1951771810260474,-0.4050046247459482,75.2300033569336,0.10516855690372758,0.09071890125100542,0.8189072109951823
2021-01-09,17076.25,0.08530259429729803,0.03255226881357645,0.4103394848888857,15309.3798828125,0.05277480504653375,0.027171763044707052,0.23404924088536205,4524.08984375,0.04617491771074239,0.008473328636951445,0.23336051997073048,72.99669647216797,-0.0186519241330786,0.017461757423864688,0.02408386254588013,14.1899995803833,0.09997215145504712,0.18891165884307667,-0.2415820270050405,68.58999633789062,-0.0924034340744752,0.09002829648343784,0.4662248424052129
2021-01-10,17532.05078125,0.02634206982208476,0.032828689382928065,0.6763606408649148,14566.7001953125,-0.04972758961890703,0.04417875304910294,0.5112345907282219,4357.0400390625,-0.0376234807304523,0.03438994531634636,0.2976070401496538,74.25440216064453,0.017082877965684005,0.01875740601519913,0.0006657277591921584,17.209999084472656,0.19295309542538716,0.2171938859180645,0.23991346848528972,75.87999725341797,0.10100641075049625,0.08567938179369633,0.5194232947542718
2021-01-11,17929.650390625,0.022425109814466288,0.030267671630227425,0.9406063308078974,15595.919921875,0.06827122140899611,0.04774429977844384,0.9612452518445826,4613.669921875,0.05723068211655747,0.03793638952524317,0.6829735823192942,74.92829895019531,0.00903457798189774,0.018491911094830504,-0.007900729078160085,17.239999771118164,0.0017416949332969048,0.19638699237963422,-0.45373890802113237,84.05000305175781,0.10225878729303843,0.08671829077764508,1.5485143789683176
2021-01-12,17166.900390625,-0.0434726549593491,0.0461356946982471,0.7336801040825085,15254.0498046875,-0.022164307816017834,0.05317279775888533,0.6594305763248016,4513.0400390625,-0.022052626059063413,0.041998234056250465,0.5401868579538609,75.0509033203125,0.001634951987634604,0.016886746249145806,-0.010861241247940745,19.450000762939453,0.12061485733079506,0.194472840166745,-0.4886961016081295,65.56999969482422,-0.248293626542132,0.15945180728374495,1.7162386641542966
2021-02-02,14647.849609375,-0.1586895935505649,0.09302992072208757,0.29369393767939944,13612.7802734375,-0.11383595129744833,0.07505349027831731,0.434021572428573,3826.31005859375,-0.16507008512703505,0.08889986468722624,0.27454446358432993,73.11979675292969,-0.026067446748849525,0.018343608385801114,-0.02636753344107945,23.350000381469727,0.18274989116180607,0.07688538158921887,-0.21274442004061378,54.7599983215332,-0.18015829985241144,0.16057053353072187,0.5068794191414874
2021-02-03,14919.099609375,0.018348704711292407,0.0789908537317199,0.3013358124644312,13358.7900390625,-0.018834479395294125,0.06561889524121958,0.23889572967995232,3870.2900390625,0.011428542109732251,0.08319151380392491,0.16096280910572514,73.30940246582031,0.0025897269106304878,0.016268721989708895,-0.0029634640986078153,23.61000061035156,0.01107337649688204,0.09145866775887751,0.10533707564173,59.75,0.08720922104270175,0.1721654598843565,0.4359528748753645
2021-02-04,14919.099609375,0.018348704711292407,0.0789908537317199,0.3013358124644312,13358.7900390625,-0.018834479395294125,0.06561889524121958,0.23889572967995232,3870.2900390625,0.011428542109732251,0.08319151380392491,0.16096280910572514,73.28730010986328,-0.00030153960813810224,0.013566807449919747,-0.013385560213297953,23.61000061035156,0.01107337649688204,0.09145866775887751,0.10533707564173,59.75,0.08720922104270175,0.1721654598843565,0.4359528748753645
2021-02-06,15576.2001953125,0.04310187573621354,0.08211462881969091,0.22174417259728552,13756.330078125,0.029324489424598043,0.06831954708884544,0.26744985057182213,4208.1201171875,0.08368657025941263,0.09734214031571098,0.2595504162229505,72.8550033569336,-0.005916124264616665,0.0119006871674208,-0.011823348585906612,17.209999084472656,-0.31617981992278005,0.19238035127272138,-0.16900049032953013,68.83000183105469,0.14147053220121936,0.1804724253159516,0.8438253001583105
2021-02-07,15722.2001953125,0.009329617947530075,0.08046971268680772,0.1634138790774684,14639.330078125,0.06221266030192365,0.06658386027329909,0.24204958297512436,4352.33984375,0.03369757561479785,0.09397342679932569,0.218235138754163,74.54499816894531,0.022931734774552494,0.01759278963317651,0.04587422486104975,12.09000015258789,-0.3531118797783401,0.24876773929987855,-0.45120291530826884,75.16000366210938,0.08797950025660402,0.17816212407956553,0.8132690537682721
2021-02-08,15885.150390625,0.010310996396871991,0.08118788375978182,0.3019334275596768,14681.0703125,0.0028471823041970917,0.06663078038839189,0.1860740315988898,4387.16015625,0.007968532925244498,0.09410254881236313,0.1975455452029291,74.37909698486328,-0.0022279974578740362,0.011339201678406534,-0.005095039332303486,12.8100004196167,0.05784747141790422,0.23803502743952482,-0.31825440151889506,71.26000213623047,-0.05328403311377939,0.13159686755344027,0.5301696930041055
2021-02-09,17234.150390625,0.08150816803254075,0.030592793155181715,0.7970677923333205,15331.1796875,0.04332971269375108,0.03218764760965489,0.57631531993498,4536.9501953125,0.03357289464521033,0.030232896211856156,0.3425114325895682,72.98509979248047,-0.018919639976570292,0.01516526754870765,-0.04357093267576506,14.239999771118164,0.10582874124506135,0.21818110048608183,0.045521284197399314,69.98999786376953,-0.017982845976154682,0.08136159971397972,0.36779363627661676
2021-02-11,17888.94921875,0.037290256948619184,0.029554416170619727,0.9451804860157411,15649.599609375,0.020556689800197456,0.02251978932626965,1.1730123071720215,4630.64990234375,0.020442202752089578,0.028779025529634676,0.8667158889923048,74.82990264892578,0.024962265245408836,0.019105736416592207,-0.020422787710272727,17.059999465942383,0.18068162084819872,0.25036631923186786,-0.5855199336932211,83.91000366210938,0.18139249534576854,0.10094279073920348,1.6638096400669644
2021-02-12,17401.650390625,-0.027618108360842206,0.04041660332868136,0.7448936326470661,15381.3203125,-0.017291526134134098,0.03156027831450283,0.7085515377533558,4577.10009765625,-0.011631594783394254,0.01914728177634363,0.5947416521861326,75.01789855957031,0.00250915939722421,0.018350849183703003,0.0015740591627446676,18.09000015258789,0.05862279708326842,0.20905690257209747,-0.5265637114359655,66.5,-0.23254289186346946,0.15624116394970816,1.5795189382771495
2021-03-02,14789.9501953125,-0.16261714249828071,0.0930057564129747,0.30787288072801244,13610.5400390625,-0.1223093110046591,0.0642354751801617,0.4194191613942888,3830.169921875,-0.1781564629077479,0.08691482233658207,0.25938159808868866,72.91629791259766,-0.028414553167306584,0.02062834070001604,-0.0013490841775862794,23.75,0.27222322263851606,0.09158870991111763,-0.22939648815154023,55.68999862670898,-0.17740137471979384,0.16096195823385007,0.5358522119301137
2021-03-03,15245.599609375,0.030343001949740243,0.09463640546502902,0.27781939910911535,12997.75,-0.0460682298956753,0.0646426412311361,0.18030025892707813,3819.719970703125,-0.0027320544004137146,0.08600985188246815,0.1299776237235042,73.27749633789062,0.004941374729324377,0.02106322483263089,-0.017332752611279756,22.09000015258789,-0.07245750614106937,0.12966767052878012,0.059472409996702114,61.27999877929688,0.09565293257023089,0.175620678867113,0.4361378347537801
2021-03-05,14634.150390625,-0.04093304600537358,0.08038210077671866,0.15313066283022603,13895.1201171875,0.06676144223204275,0.0712845225513297,0.1699912591509618,4192.66015625,0.09315830080873158,0.09966591084098224,0.1863042456341164,74.09480285644531,0.011091838864767604,0.01961314188814253,0.01375852979577763,23.690000534057617,0.06992801637470171,0.13087413567993475,0.12115482607516292,64.48999786376953,0.05105663438505199,0.1794904703738629,0.6355566158923982
2021-03-06,15690.349609375,0.06968798359779438,0.08834636826205061,0.11926023535863317,13614.509765625,-0.020401589245198647,0.06777305849141224,0.16268032845674374,4192.85009765625,4.530228943294632e-05,0.09821939811512843,0.18542217468422817,72.96510314941406,-0.01536410515008243,0.016353978826626214,0.0008024266184625262,15.75,-0.40821267544264056,0.25151691917798635,-0.23617849859478734,68.80999755859375,0.06483890783669126,0.1529996843641093,0.6733949257288998
2021-03-08,16130.75,0.027681539464020015,0.0915327257066325,0.1295094095309004,14761.2900390625,0.08087209782780948,0.08390004271029673,0.10131022273035972,4423.14990234375,0.05347137293500974,0.10374335508980081,0.1720492483664,74.33200073242188,0.018560267462614723,0.019483959199812485,0.01000190538153145,13.75,-0.13580154115906176,0.252128341340513,-0.41037735077450466,70.55999755859375,0.025114329364117678,0.10881169661574092,0.3176470320052036
2021-03-09,17323.599609375,0.07134232291496703,0.04557444705635442,0.17356238596803197,15363.51953125,0.0399876212473623,0.05522538668199876,0.13059913494553554,4535.43017578125,0.02506784604511092,0.040188903610940865,0.1623883460336739,73.0542984008789,-0.017338576898049667,0.016030412920723415,-0.002038159948864693,14.539999961853027,0.055864645369204824,0.19377005384293677,-0.432696042217969,69.29000091552734,-0.01816276824583732,0.04293166065001903,0.14264514533216688
2021-03-11,17829.19921875,0.028767807668919444,0.045590960355488916,0.19921840053504414,15811.580078125,0.0287467502969918,0.03923785425319593,0.1729562789738035,4660.56982421875,0.027217784626160972,0.035319254262652804,0.15938318611137503,74.71199798583984,0.022437716481684782,0.01892401430150162,0.030692317747884834,16.1299991607666,0.10377737062598212,0.21452572497496736,-0.19309658101790206,80.86000061035156,0.1544186629086063,0.06372076192603694,0.3158665517725803
2021-03-12,17196.69921875,-0.036120059333720936,0.043695741877699326,0.10413260160141502,15085.4697265625,-0.04701057713989539,0.05059822188274194,0.0982048684800596,4538.43017578125,-0.026556544538023086,0.03032188318820995,0.08005400557625353,74.9834976196289,0.00362736273906968,0.01850232687494041,0.008235675253355668,18.450000762939453,0.13438357173050008,0.2261251476876618,0.060954652702402745,66.26000213623047,-0.1991328426490045,0.13087884382860057,-0.02155934817122107
2021-04-01,14132.900390625,-0.19621201915467534,0.10523979424595385,-0.09866706692442606,12698.4501953125,-0.1722520566251389,0.09984494333685824,-0.12559440685466805,3700.64990234375,-0.2040727224914808,0.10423615269815176,-0.14335616871120327,73.09200286865234,-0.025549096698002413,0.021294782805999963,0.0013056261596813279,20.030000686645508,0.08216677212031329,0.10675372767187943,0.5599688822907436,47.619998931884766,-0.330333610483126,0.1913641526019397,-0.36700788505952053
2021-04-02,14895.650390625,0.05256380988035402,0.10864506346637258,-0.12769780305248513,13777.740234375,0.08157430918781551,0.10001198587166175,-0.10004583204294493,3871.739990234375,0.04519556236939343,0.10273398630039715,-0.14419471673774165,72.85800170898438,-0.003206596133383483,0.018708554437494303,-0.018805625135047688,23.1200008392334,0.1434668961446181,0.03631296555643824,0.62931652733769,56.22999954223633,0.16619759553444985,0.2180962267752812,-0.18020115841333506
2021-04-03,15080.75,0.012349845848921629,0.0996268990957689,-0.139818256964644,12723.4697265625,-0.07960596538020272,0.09821988562459855,-0.12653726952814914,3768.469970703125,-0.02703494010872619,0.09874422075581056,-0.1350848427103316,72.88069915771484,0.00031148142228529653,0.01716546277327152,-0.02732745599685249,24.149999618530277,0.04358628419953544,0.04054474509597747,0.4032539746221766,63.83000183105469,0.12677291379119837,0.23182158177971582,-0.15880331916881418
2021-04-05,14496.5,-0.039511855111579605,0.09449397687562655,-0.19147893661217819,13633.5,0.06908170128429077,0.10636156517075773,-0.12582905860669935,4164.66015625,0.0999656013832749,0.11465839205349322,-0.09732160584269145,73.8375015258789,0.013042907120324597,0.014306341847149217,-0.016167717385823788,23.01000022888184,-0.048355450308399876,0.07808784800773262,0.33468680593778455,65.69000244140625,0.028723416115556958,0.21485945734919729,-0.21844140325664851
2021-04-06,15670.25,0.07785676931348473,0.1087536479160211,-0.0871823309141081,13814.490234375,0.013188059019814017,0.10730699399480981,-0.09437228727745006,4229.89013671875,0.015541343162296488,0.1158258180711975,-0.06274039226174677,73.04419708251953,-0.010802055868302119,0.014253194746704783,-0.001033915215404746,15.9399995803833,-0.3670972669570269,0.2012807377656538,-0.18046277865675986,69.62000274658203,0.05810517776439094,0.19781632008613712,0.06176609837741842
2021-04-08,16258.7998046875,0.036870278352529026,0.04463892534955052,0.1099786138083676,14780.5302734375,0.06759273438164251,0.06688785583776281,0.08578335773762702,4402.66015625,0.04003291889069785,0.04630454756396799,0.15062817409733675,74.21440124511719,0.015893520771917746,0.01121759919065106,0.012344920963157868,13.210000038146973,-0.18785752561533867,0.20013597187258367,-0.43426124957881085,68.1500015258789,-0.02134074130179368,0.07525158892754431,0.24452161458668953
2021-04-10,17691.25,0.08443587842038848,0.0508609718437371,0.18581217789329663,14255.48046875,-0.03616936557077952,0.0650536891302868,0.06712362624650003,4300.4599609375,-0.023486954565912477,0.05223518850118465,0.11114668862884503,74.152099609375,-0.0008398343163080675,0.010934050028390646,0.01180012769218286,16.739999771118164,0.2368269299666107,0.2288686105658384,-0.2909784270069572,77.62000274658203,0.13011398079319078,0.0649472818966033,0.2990795438758498
2021-04-11,17916.80078125,0.012668696710851267,0.05082660135699089,0.15026775186427566,15940.3095703125,0.11170966707119033,0.05731704090292538,0.15876178310524947,4680.06005859375,0.0845889582412971,0.05039215855696627,0.11214982658852213,74.43550109863281,0.0038146094500624487,0.010788224921749608,0.021693743310339242,15.75,-0.06096068611693709,0.22116206074951134,-0.08483434992102401,78.80999755859375,0.015214700061438064,0.05685307049266552,0.14499484907809923
2021-05-01,14199.5,-0.23253211105708466,0.13105007442245656,-0.09685032478892397,12818.9599609375,-0.21792577223698326,0.1277327192969944,-0.12434791124134914,3726.860107421875,-0.22774485798895888,0.12139972275131881,-0.1437111436107913,73.31999969482422,-0.015099574526829142,0.012274450828120677,-0.016433006965065777,20.459999084472656,0.2616313505046553,0.27182061098780574,0.6923075952230777,49.93000030517578,-0.4564178307625857,0.23144070545973566,-0.33568390270918613
2021-05-02,14924.25,0.049780654040069476,0.12720337617929084,-0.06049048117240985,13856.2998046875,0.07781466685064611,0.13407179851996706,-0.05617918109895981,3886.830078125,0.04202785059379514,0.12400886887353765,-0.11404417899178443,72.9457015991211,-0.005118068138206864,0.011420247309996613,-0.01927148142217827,23.420000076293945,0.13511864565091453,0.1950601242240497,0.8282591185890624,56.84999847412109,0.1297941627315161,0.24216114240374065,-0.20221727799784828
2021-05-03,14938.099609375,0.0009275633397338137,0.12490456098263956,-0.13322680429312028,12920.150390625,-0.06995185033236419,0.1309656727643223,-0.15726312951904076,3841.93994140625,-0.011616503377780942,0.12017084494854201,-0.15318886564466205,73.13179779052734,0.0025479117983204782,0.0076281034508461415,0.0020099718773280983,25.559999465942383,0.08743824718784894,0.129443302102909,0.7949438115710967,66.08999633789062,0.15060120071530808,0.25730196072146344,-0.0557222695372841
2021-05-04,14637.7998046875,-0.020307759425534942,0.11174056466135171,-0.18174065867741762,13705.58984375,0.059015628981462044,0.13609962328632424,-0.1242210544773572,4077.909912109375,0.05960714860676253,0.12640469828973205,-0.11936553224518487,73.3759994506836,0.0033336367197980255,0.00812723319896579,-0.01942944126311863,21.21999931335449,-0.18608450778763666,0.1742482016777312,0.24384525074088614,58.650001525878906,-0.11942979295523985,0.2483107061158164,-0.30103683749017573
2021-05-05,14617.849609375,-0.001363852712519038,0.11032037161464071,-0.15997337716598137,13582.419921875,-0.009027463667048706,0.11924719892604001,-0.11695357447065713,4167.58984375,0.02175331288491659,0.11737256160539634,-0.08946936819580231,73.77890014648438,0.005475885664183619,0.008456970876234614,-0.016516037330772115,21.21999931335449,-0.18608450778763666,0.1742482016777312,0.24384525074088614,65.62999725341797,0.11244526551996578,0.2588694573195716,-0.01308274806890275
2021-05-07,15834.349609375,0.07993824820649753,0.04155796814999326,0.07061547877243757,13582.419921875,-0.009027463667048706,0.11924719892604001,-0.11695357447065713,4167.58984375,0.02175331288491659,0.11737256160539634,-0.08946936819580231,74.48179626464844,0.009481965233987281,0.005344636256417637,0.021469800262313044,21.21999931335449,-0.18608450778763666,0.1742482016777312,0.24384525074088614,65.62999725341797,0.11244526551996578,0.2588694573195716,-0.01308274806890275
2021-05-08,16294.599609375,0.02865213444046094,0.03899614795413988,0.06880673944466809,14895.1201171875,0.09225734665268871,0.06803976642669199,0.094381271752497,4429.10009765625,0.06085853159629999,0.030294455565835265,0.15637169838356746,74.18399810791016,-0.004006282094780631,0.004921318555234839,0.012370807073423418,12.869999885559082,-0.5000450881114571,0.3044954561439579,-0.28855722625751634,69.08999633789062,0.05137708285964959,0.10951806439291756,0.24061766998778467
2021-05-10,17822.30078125,0.08961678540359239,0.04853746297251074,0.2178568830799641,14433.830078125,-0.03145888814869768,0.06637993830796018,0.11048682103633323,4345.72021484375,-0.019004923057730078,0.03786590329426147,0.13770649371550658,74.57279968261719,0.005227357214239526,0.004955644787440898,0.006451151872256977,16.399999618530273,0.2423822988538362,0.2998079257924335,-0.3094737002724095,78.93000030517578,0.13315143809093155,0.11002407833015487,0.28802222384902954
2021-05-11,17822.30078125,0.08961678540359239,0.04853746297251074,0.2178568830799641,15971.58984375,0.10123674691976835,0.05984044660249878,0.14943877483966617,4697.52978515625,0.07784529078797983,0.038942530536432915,0.12041749392772516,74.47810363769531,-0.0012706539249805497,0.005487071035929867,0.020735946678277273,16.399999618530273,0.2423822988538362,0.2998079257924335,-0.3094737002724095,81.2699966430664,0.029215515872452833,0.09947357779239356,0.2601953688189509
2021-06-01,14146.25,-0.23100095471396437,0.1307403809729693,-0.09841078419644633,12740.7900390625,-0.2260028484595315,0.1321392107527271,-0.06417562891383255,3748.139892578125,-0.22577710465176914,0.1226287154133816,-0.10606394092808435,73.37480163574219,-0.01492459656832609,0.009375613233904453,-0.012877348749502748,21.0,0.2472411261536197,0.32008443109491175,-0.049343600953311695,50.630001068115234,-0.47323259638086795,0.2517395173723604,-0.2642057424140687
2021-06-04,14683.5,0.037274843089443274,0.1322772425562674,-0.08971994482587609,13698.3798828125,0.07246890840558123,0.13789899789029,-0.0720065897653418,4073.93994140625,0.0833508874995059,0.13033054371782377,-0.07895051459876135,73.27950286865234,-0.0012996383682793446,0.007356210997147346,0.0030826997548816237,20.84000015258789,-0.007648213516381089,0.3147509253670788,-0.12030393909753023,59.33000183105469,0.15857080405445095,0.2589784585526509,-0.1591552737542764
2021-06-05,14724.7998046875,0.0028087194508106404,0.1250552846132064,-0.15001500053609584,13632.83984375,-0.004795992666628438,0.12847400355059635,-0.11264864694445365,4201.6201171875,0.03085961732434563,0.12722033318356413,-0.0736005286502398,73.79940032958984,0.007069669612884868,0.008630601687417616,-0.012214874194944714,22.040000915527344,0.055984801617024064,0.305298103612831,0.39936513749379965,64.70999908447266,0.08680062378825845,0.26189362910860714,-0.06609902973790183
2021-06-07,15818.25,0.07163120291342821,0.13013923953108358,-0.11278965443580857,14663.6396484375,0.07288935989720643,0.1340371829315301,-0.07260124693519099,4343.5400390625,0.03321949973436006,0.12848965085878197,-0.06802382479258184,74.31780242919922,0.0069999190737014385,0.008981644660481443,-0.008877889289808594,12.279999732971191,-0.5848871248500868,0.34085285112991975,-0.1069091103293679,73.37000274658203,0.12559943523956024,0.2608590390373792,-0.09262920859798607
2021-06-08,16238.2001953125,0.026202166428453806,0.12128829251633984,-0.055737383741202184,14835.759765625,0.011669530488675393,0.12319967038673235,-0.016553011968716502,4436.52001953125,0.02118059691183689,0.12224313727591626,-0.02245493536373666,74.08200073242188,-0.0031779273315025018,0.009052951065994495,0.013544544203400344,12.609999656677246,0.02651822177661911,0.31357028349366556,-0.13273729781563326,68.27999877929688,-0.07189829011223813,0.26053136949729816,0.030485912736816667
2021-06-09,17377.80078125,0.06782707132318475,0.028936474482715246,0.2295990420181191,14835.759765625,0.011669530488675393,0.12319967038673235,-0.016553011968716502,4436.52001953125,0.02118059691183689,0.12224313727591626,-0.02245493536373666,72.99449920654297,-0.014788512726140839,0.009000927521863579,0.0018734729797258431,15.109999656677246,0.18086663081249088,0.2987606427808878,-0.0632361783731723,68.27999877929688,-0.07189829011223813,0.26053136949729816,0.030485912736816667
2021-06-10,17646.0,0.015315554296577858,0.03124574058444119,0.18464112255924126,14501.91015625,-0.022760091167399847,0.0444106341835771,0.14202205254962763,4363.5498046875,-0.016584388256634178,0.03572284741432266,0.1791306715947143,74.56320190429688,0.021263028476508603,0.0134124753941107,0.02308571084013722,17.329999923706055,0.13708234576200515,0.3125026029958483,-0.060704650022733064,77.43000030517578,0.12575742629160597,0.09129958249497334,0.6259975229300401
2021-06-12,16912.25,-0.04247091737826239,0.046421191507048834,0.12144621454503257,15225.150390625,0.048668315756697986,0.03913242825413867,0.10505424921851558,4591.669921875,0.05095787382191649,0.025068881016159242,0.18594480348796472,75.23400115966797,0.008956158399936428,0.013564607645429846,0.018913148534686064,20.07999992370605,0.14728519169893467,0.32181461452644083,0.002496217441164683,69.48999786376953,-0.10819147975526089,0.11291830738311903,0.23581715151132365
2021-07-01,14137.349609375,-0.1792180077459838,0.09607323197606343,-0.024774972622702007,13067.48046875,-0.15282195446011398,0.08850342749866093,0.02703749445556647,3803.7900390625,-0.18824582692757771,0.0973157817986319,0.009372522173179298,73.36000061035156,-0.025224435582443264,0.018464477332365725,0.004323458131455071,20.6200008392334,0.026537228264754794,0.07224930836079914,-0.10813148396420624,50.83000183105469,-0.31269605910276255,0.18342992185528142,-0.20366598193759122
2021-07-04,14819.0498046875,0.047093298393688185,0.099124920431551,-0.05431950321867873,13688.83984375,0.04645415395321913,0.08304957670702501,0.004059107620933755,4079.949951171875,0.07008677308985976,0.10354363229313486,-0.020340244317654244,73.48999786376953,0.0017704772043047419,0.01855775703009712,-0.009760954332233673,20.25,-0.018106725736235695,0.08567039932576759,-0.16149066998484796,59.77000045776367,0.16201710301299524,0.1925565703430985,-0.09012028868354915
2021-07-05,14823.150390625,0.00027667217255381666,0.08848570275608243,-0.08829983955203102,13752.240234375,0.004620846064079035,0.08256847843191971,-0.00450613804374056,4232.60009765625,0.03673176304542516,0.1050319049804049,0.0006406693436256106,73.61519622802734,0.0017021614397699503,0.017031543590905973,-0.007240568833195571,20.81999969482422,0.027759254976455986,0.07371525551055029,-0.09517603269333141,64.9000015258789,0.08234377672635937,0.19862885501069225,-0.06779662502864314
2021-07-06,15751.650390625,0.06075497224633892,0.09650458468569682,-0.10963609747050096,13881.7197265625,0.009371110034062734,0.08307864264141031,-0.06081043983180201,4226.52001953125,-0.0014375204720568611,0.10499170249642258,-0.04000766138369827,72.90969848632812,-0.009629806525185048,0.013366655558588958,-0.02049831854134876,15.56999969482422,-0.29056808228334013,0.16250508033809732,-0.023212038600955998,69.2300033569336,0.06458669595823714,0.1898549387879108,0.015847421964393815
2021-07-07,15879.650390625,0.008093293384677378,0.09656581099042393,-0.11370056604954193,14665.0595703125,0.0548949174829942,0.08419352126939303,0.028731343181336744,4358.1298828125,0.03066407534089333,0.1025856205197052,0.01341017528330335,74.76290130615234,0.025100121715781642,0.01841983967642548,0.019679509238050175,12.210000038146973,-0.2430906749988105,0.15478247623927274,-0.07570022688207911,72.19999694824219,0.04200566045115335,0.18469708924230246,-0.06982743631220123
2021-07-09,17362.099609375,0.08925120728648848,0.03707007860978832,0.2227261248195358,15374.330078125,0.047231476093836856,0.023587384622969377,-0.035506179455986886,4520.02978515625,0.03647554407331196,0.025404338065251213,-0.0341940640577133,73.11000061035156,-0.02235662544920607,0.017509064064472966,0.0022523467130850516,14.899999618530272,0.1991058961025645,0.2019606577968048,-0.10991637859891012,68.3499984741211,-0.054798462785197795,0.07814617329953064,-0.13272426606403387
2021-07-10,17790.349609375,0.02436650634181416,0.037540890708952925,0.1920431250732868,14654.01953125,-0.047984572024717786,0.04101070299965103,0.14315198548902353,4399.759765625,-0.02696864274670669,0.028329964446121656,0.18055404249359275,74.76000213623047,0.022317846508248033,0.02040121866682232,0.022263972647941888,16.15999984741211,0.08117785630121135,0.21233580235428165,0.02603173634362599,78.30000305175781,0.13590610112648416,0.07000897534354827,0.5681955251989288
2021-07-12,17176.69921875,-0.03510238469709779,0.0479717216045782,0.1498583934980644,15686.919921875,0.06811257055260138,0.04692778723677301,0.13211464409626972,4686.75,0.06318943778310349,0.03505486689682182,0.20580264786385505,75.39129638671875,0.008408824652302731,0.020479807302240284,0.027465342225282408,18.459999084472656,0.13306713582887825,0.22614594562821286,-0.09775171502905022,72.05000305175781,-0.08318727717031077,0.08964485220519573,0.2673703603449695
2021-08-01,14347.25,-0.17999548259399895,0.10063714033889355,-0.019849281214684766,13201.98046875,-0.17246038526721255,0.10176512400593675,0.021813219630129055,3824.679931640625,-0.2032645927203149,0.10760028956455758,-0.004492524617474181,73.44599914550781,-0.02614140512703709,0.0243477941868852,-0.0045121437201639525,20.63999938964844,0.11162473156255763,0.17291703024961266,-0.11870199306529727,52.2400016784668,-0.3215118477035505,0.171515080360103,-0.20956264831086646
2021-08-02,15115.7998046875,0.05218225525500249,0.10538855132921733,0.03406453128325704,13987.6396484375,0.05780720354122084,0.10223694546874892,0.02057918031277728,3915.590087890625,0.023491257186341773,0.10680111801813028,-0.03980466163235741,72.78479766845703,-0.009043320526586466,0.020554577363424933,-0.022784071830942887,23.959999084472656,0.14915482399452568,0.04403616701810851,-0.06259782530909908,57.970001220703125,0.10407713931104796,0.1823170811688641,-0.011594207800245893
2021-08-03,14956.2001953125,-0.010614598821204857,0.0902911583706457,-0.05545850860477253,12609.16015625,-0.10375051103946509,0.10359490460843365,-0.07165584418852555,3821.35009765625,-0.02436225407809543,0.10191048809271583,-0.08307913184235116,73.1333999633789,0.004778060088336859,0.01841710272038548,-0.014162058817630996,24.68000030517578,0.029607476365903416,0.04730183909053639,0.16305377491901196,65.05000305175781,0.11523059546340696,0.1951799438423677,-0.008837333931626112
2021-08-04,14873.7998046875,-0.005524679866636864,0.08672456391717934,-0.08719452080737544,13829.3095703125,0.09236667546988533,0.1186889869651647,-0.0715543438716657,4097.169921875,0.06969268352868967,0.11213431352347865,-0.07494302871070757,74.40149688720703,0.017190890839470944,0.01695286312438226,-0.0022971216869853706,20.309999465942383,-0.19487986210550481,0.14214396357709505,0.5780885506247309,59.59999847412109,-0.0875007034032371,0.17829924741259712,-0.13735704684883587
2021-08-06,15740.099609375,0.056610308614749125,0.09610352291306944,-0.11683122159320669,13924.91015625,0.006889111996540004,0.1113420896861923,-0.03525882729119045,4227.259765625,0.031257501182217734,0.1074319659160848,-0.027259106284413526,72.80940246582031,-0.021630959475197577,0.018086947815671255,-0.022405258597782418,15.229999542236328,-0.28784621244662795,0.19301462773857184,-0.07134146972613153,70.05000305175781,0.16155376787912845,0.20067231123025878,-0.11250471581254595
2021-08-07,15727.900390625,-0.0007753412584932897,0.033102856518990816,0.11180704360696292,14559.7802734375,0.0445836177269378,0.07542525058709054,-0.08839505547814763,4320.81982421875,0.021891184781895598,0.03347883554655964,-0.08019320327204049,74.8218994140625,0.027265513432916368,0.019637647352086035,0.019721999188552664,13.5600004196167,-0.11614282339292806,0.1747488280436937,-0.3542856943039667,72.94000244140625,0.04042790250352852,0.09645927882681173,-0.10249777957103967
2021-08-09,17353.5,0.0983579850213687,0.04798710723960921,0.1818367555419349,15286.6396484375,0.04871626977789884,0.07437562373673628,0.19981881826555314,4514.06982421875,0.04375398826905176,0.034551429945997025,0.20434934489966095,73.3904037475586,-0.019317427106793662,0.021731856741174924,0.0015133956231256906,14.40999984741211,0.060798085964969426,0.14763872737258799,-0.3085412791792763,69.30000305175781,-0.05119226861919981,0.10596617285319601,0.36875373473772655
2021-08-10,17895.19921875,0.030738261649889947,0.043062870694922234,0.21531018799000812,14579.5400390625,-0.04736004262902558,0.05236090101336472,0.0643258665468609,4391.33984375,-0.0275647625353114,0.03578285843112805,0.07790981381875484,74.83000183105469,0.01942571062250845,0.023195707592044364,0.013964903466181955,15.649999618530272,0.08254849318869661,0.16072748870457698,-0.2899274515227116,79.3499984741211,0.13542347750992417,0.11006051650375251,0.33743462034729754
2021-08-11,18068.55078125,0.009640424320251114,0.03983018777715255,0.14225978102824266,15982.3603515625,0.09186645734301616,0.05220991481123016,0.17234270590288214,4701.7001953125,0.06828980287641341,0.035375495005371016,0.11902077393416177,74.19110107421875,-0.008574687195132538,0.022548554497567184,-0.0017048587396158998,16.34000015258789,0.04314520615906149,0.1575244079876504,0.33061893386819863,81.93000030517578,0.03199680013586883,0.08582907003024441,0.266110361062192
2021-08-12,17469.75,-0.03370208732762106,0.04917953244671944,0.07584275288359921,15786.990234375,-0.012299438073592326,0.05487320639594099,0.07660789632519371,4701.2099609375,-0.00010427290430257256,0.03727757242102975,0.08234525724602237,75.40859985351562,0.016277113555985375,0.019914384523841873,0.017907171890312767,17.270000457763672,0.05535481989471833,0.08025769925371362,0.3695480513846694,72.36000061035156,-0.12421155891653424,0.09853471635951902,-0.013765872951088554
2021-09-02,15109.2998046875,-0.1451603784483592,0.09027378081132938,-0.1305401647261446,14007.7001953125,-0.11957900559898514,0.08247311043160309,-0.055815110475915364,3911.22998046875,-0.18396801654227996,0.09899268061643306,-0.11840136790772349,72.92990112304688,-0.03342260370629556,0.02277535689524742,-0.0008849719389582011,24.270000457763672,0.3402701199349272,0.12594453547816734,0.6062211124563817,58.36000061035156,-0.21502293484905116,0.1357396011474199,-0.14528409997501568
2021-09-03,15098.400390625,-0.0007216315353382375,0.06958813856286962,-0.14437264022299667,13073.8203125,-0.06899541114881345,0.07906175730717283,-0.09847598201637764,3875.43994140625,-0.009192707912443641,0.09313749711478217,-0.11186072925234014,73.33000183105469,0.0054711058594195845,0.021579479677514255,-0.01653899030281747,22.5,-0.07572572938943214,0.15292763892543837,0.2983266069852544,64.01000213623047,0.0924086204143244,0.1485807783332027,-0.17331781113331934
2021-09-04,14834.849609375,-0.017609687677108184,0.0624012683668303,-0.12283406351165571,13900.1904296875,0.06129075880521564,0.08796506280192223,-0.08702442517437159,4128.7998046875,0.06332757092044627,0.10227724622260048,-0.10080648763151678,74.54450225830078,0.0164264657187921,0.020930715689401292,-0.00916472460242912,19.790000915527344,-0.12833850333378174,0.1815882731660914,-0.014442181737079562,59.31999969482422,-0.07609284240213472,0.12256582995773162,-0.14635197124171606
2021-09-06,15635.349609375,0.05255523521233647,0.07262227403769705,0.1059604552048865,13911.75,0.0008312667724401802,0.06913323298572059,0.06460844026275869,4219.5498046875,0.021741680455914944,0.09496126299718868,0.10930144970027578,72.97530364990234,-0.02127521505033344,0.022802459440020652,-0.0052439607040425384,14.75,-0.2939337230907638,0.23735735443907885,-0.28467510185861034,69.95999908447266,0.16497712493879796,0.15670130041144553,0.3763524801159943
2021-09-07,15689.7998046875,0.0034764558937627316,0.07390325638205456,0.05875882809467092,14701.919921875,0.05524428539385983,0.07882665421992592,0.07400773839775376,4369.5498046875,0.034931543274924926,0.09818548332976038,0.07098122697128773,74.72139739990234,0.023645417820302658,0.024555094140845293,0.01675601540246996,12.9399995803833,-0.1309198261409496,0.2370983192363966,-0.36098767504279994,74.55999755859375,0.06368050056919153,0.15137502113451926,0.2474485023850952
2021-09-08,16258.25,0.03558966500857237,0.02862297459891221,0.096814750680978,14860.1796875,0.010707039055456929,0.0524074089718118,0.08056428874443333,4432.35009765625,0.01426995520036184,0.02675130281133072,0.04719321348374228,74.49140167236328,-0.0030827906334838988,0.017544552044450705,0.011902507759700143,12.609999656677246,-0.025833133894280932,0.10083376223023463,-0.39433238033081963,66.4800033569336,-0.11470293659057022,0.11764864687834067,0.024345174020137028
2021-09-09,17369.25,0.0661009291766007,0.034618956820235275,0.10269397613965303,15248.25,0.025779611128227495,0.026712644440682793,0.09844099292846709,4493.27978515625,0.013652960016273792,0.02071861948651357,0.06311569906028391,73.78900146484375,-0.009474016072623393,0.018527295667245793,0.012060164789743366,13.9399995803833,0.10027225248015068,0.14567841891487487,-0.10468851293444559,68.13999938964844,0.024663202232921153,0.1118547489306331,-0.015744675927073848
2021-09-11,18044.25,0.038125673043326425,0.02341141802346764,0.1363128001012499,15886.5400390625,0.0410074699161416,0.022052733546264424,0.08329188592064973,4685.25,0.04183637656470433,0.012611448484984312,0.07505974488681244,73.91850280761719,0.0017534840439264717,0.016582010900655822,-0.011294351660823931,16.0,0.13782634700903215,0.17622164533620424,0.3104013063073019,84.1500015258789,0.21103653549415616,0.1275955238357273,0.16551253577203462
2021-09-12,17516.849609375,-0.029663821948461337,0.03673978320641414,0.008913092510795195,15517.3701171875,-0.02351216310199788,0.030329523987332227,0.009303822562390707,4667.4501953125,-0.003806350210426168,0.018299470645761998,0.03261492006985822,75.38330078125,0.019622602532603842,0.014454205960080709,0.031094243631788032,16.600000381469727,0.03681399610282006,0.10656090822265583,0.11409401385656825,70.94000244140625,-0.17076645500909793,0.15122759544657546,0.037893255670895076
2021-10-02,15106.5,-0.14803813774859587,0.08601989807645795,-0.15085985763656318,13972.5302734375,-0.10486677038077802,0.058079364066351655,-0.046505278388582094,3909.8798828125,-0.1771062728321479,0.08810565377859673,-0.11134241615642193,72.85489654541016,-0.03411603097686891,0.019514739694558265,-0.0254829526000917,23.950000762939453,0.366565637369832,0.14969956292715608,0.4820545166511774,58.68000030517578,-0.189735525285103,0.1673242825049424,-0.2505747379551547
2021-10-03,15174.7998046875,0.004511029642029688,0.08319745493306978,-0.11654738716488888,13068.830078125,-0.06686326717665601,0.061373070701140175,-0.16689636058504653,3898.81005859375,-0.002835259619063831,0.08665418868735078,-0.16812075348722466,72.7759017944336,-0.0010848633616608613,0.019585655954690327,-0.03469093539484347,20.75,-0.14342210903572597,0.18421060243706236,0.12405206008127823,64.44000244140625,0.09363563771981705,0.1723940296015219,-0.1056211004583143
2021-10-05,14942.349609375,-0.015436707373298482,0.0706704899018683,0.0414783048580738,13401.8603515625,0.02516351789970919,0.06124438232686401,0.015140143805365325,4188.43017578125,0.07165461061546599,0.09654871597994741,0.0951060613285335,73.29029846191406,0.00704336517461713,0.0199600421770774,-0.002119934174838911,20.229999542236328,-0.025379618125015505,0.1924829729725362,-0.01986433427986145,64.91999816894531,0.007421118246328524,0.17179289598326225,0.24272580557180912
2021-10-06,15737.75,0.05186284782489809,0.07416654793954776,0.04114570206993817,14020.330078125,0.04511489517811442,0.062381737311571615,0.0023370940708464794,4239.18017578125,0.012043891766369856,0.0930948732852497,0.08264146160022245,72.98529815673828,-0.004170220518544428,0.01990504086668203,0.0027547028322392197,15.0,-0.29911642744948175,0.2477787602952743,-0.3739565704023423,70.29000091552734,0.07947383977121085,0.1358506613113548,0.21252370942549348
2021-10-08,16280.099609375,0.03388119419985305,0.07896105814099985,0.08851843361106049,14788.08984375,0.05331369180078095,0.07161562338024323,0.17280529872720884,4436.75,0.045552230652687146,0.09774354635124494,0.1610425338210162,74.46620178222656,0.020087329342184736,0.02003506583695538,0.01822425621556012,12.710000038146973,-0.165661112899512,0.2540862937261303,-0.48500810855008425,68.29000091552734,-0.028866197833354684,0.11366809319215052,0.04980780494647452
2021-10-09,16280.099609375,0.03388119419985305,0.07896105814099985,0.08851843361106049,15115.490234375,0.021897944833651005,0.048022620796204875,0.09300396795105059,4458.580078125,0.004908220776134255,0.031374316987940465,0.08820970649042703,73.53800201416016,-0.012543048285762028,0.012365134219486786,-0.011605880381088785,12.710000038146973,-0.165661112899512,0.2540862937261303,-0.48500810855008425,69.72000122070312,0.020723881781010017,0.05113215650175268,0.16979870814889786
2021-10-11,18017.19921875,0.10138333477013842,0.04518159040585402,0.2113380209051794,15622.7099609375,0.0330055610418626,0.013300907575975187,0.12192536868365123,4646.7099609375,0.04132908668711949,0.027052808702603223,0.09922508162932453,74.17479705810547,0.00862212337642932,0.012546600318145102,0.018752998184899727,16.309999465942383,0.2493892956860413,0.20664153853138628,-0.196947321771601,81.33999633789062,0.15415061729636223,0.07167204482110155,0.16117048956858682
2021-10-12,17511.30078125,-0.028480382392331565,0.0525924370218104,0.11252795190826181,15630.599609375,0.0005048840403507017,0.020698323385344067,0.07354639395836737,4712.02001953125,0.01395726107164466,0.018521074789509408,0.09053841891757974,75.59919738769531,0.019021236378904398,0.01433485238976168,0.010388642626288691,16.059999465942383,-0.01544670862402331,0.20424422072775128,0.054497698532706584,71.66999816894531,-0.12656563099941737,0.10654013848521633,-0.017411629146587337
2021-11-01,14484.75,-0.18975005960677957,0.11262660436482234,-0.07904109002152693,13036.4296875,-0.18148278438306878,0.09524792484075147,-0.14720108622220984,3799.610107421875,-0.215218236809208,0.1094578517237478,-0.1582739622155771,73.37339782714844,-0.029884224059521833,0.021704947057589286,-0.00023171858365367282,22.3799991607666,0.33183599011980414,0.26805910987964465,0.6504423649124944,52.25,-0.3160323336124952,0.17558997595376938,-0.24603177923417618
2021-11-02,15173.2998046875,0.046440919600198326,0.11195163819237695,-0.12563460946278848,14025.76953125,0.07314859640344695,0.09911562959317854,-0.037982714566358045,3916.3798828125,0.030269269673438112,0.10729559091823798,-0.10815832475673448,72.80729675292969,-0.0077452622021349175,0.019006707342781336,-0.02703066990017866,23.049999237060547,0.029498070958811295,0.20245282465439818,0.5995835864772818,58.2400016784668,0.10853254186333787,0.19157123318443592,-0.2660365116773006
2021-11-03,15173.2998046875,0.046440919600198326,0.11195163819237695,-0.12563460946278848,13398.669921875,-0.045740875973118995,0.09818528711181393,-0.16165887721552397,3939.340087890625,0.0058454910670061085,0.10736159718221958,-0.16214562301993063,72.70600128173828,-0.0013922505904518248,0.018474639697132048,-0.020017222698916592,23.049999237060547,0.029498070958811295,0.20245282465439818,0.5995835864772818,66.0199966430664,0.12538524286956532,0.20406113347804367,-0.19419020630840023
2021-11-05,14850.75,-0.021486922415003266,0.10957232313018271,-0.17012658990463358,13389.4296875,-0.0006898760924601133,0.09436689538605074,-0.1518693881025206,4152.10009765625,0.05260103497302685,0.10919899085518919,-0.11680181652038968,73.5,0.010861476506645177,0.018828628796333256,-0.02531010862452243,23.049999237060547,0.029498070958811295,0.20245282465439818,0.5995835864772818,65.27999877929688,-0.011271983621468707,0.1829257591078084,-0.09784413724896857
2021-11-06,15799.349609375,0.061918406198177844,0.09977169728246844,-0.1255884436636603,14069.419921875,0.04953807588839065,0.10077066068765485,0.0044061284651961685,4247.43994140625,0.022702180840959797,0.10999618970334785,0.08596016153905794,73.01229858398438,-0.006657505507298288,0.01478878784429873,0.001129817258335164,14.100000381469728,-0.4914909119046186,0.3212584251092877,-0.09904148721034334,70.91000366210938,0.08272582700401901,0.1832519424189408,0.21504460110529489
2021-11-08,16282.25,0.030106782190923317,0.10284055536056873,-0.06797464188096569,14765.1396484375,0.04826533095878526,0.0477647243150028,0.12936687942088465,4442.41015625,0.04488062243789407,0.01844638317236702,0.14629828443116533,74.43550109863281,0.01930509262459595,0.011785582361036866,0.015075674893955338,12.710000038146973,-0.10378573623601482,0.2962767509891408,-0.22215422769540227,69.25,-0.023688373892926197,0.06921603816466779,0.08186217292443465
2021-11-10,17945.94921875,0.09728886178932052,0.04370845917054502,0.1877419503703579,14486.2001953125,-0.019072487629174316,0.041926621685530525,0.042158398375134576,4361.18994140625,-0.01845211468525378,0.02896811629226241,0.05628515493895181,75.30580139160156,0.011624182215213023,0.010539801641074948,0.010212679811890668,16.09000015258789,0.23580888228499275,0.32362215174988085,-0.06832659374049499,80.5199966430664,0.1507824140134615,0.07906013622367994,0.3573836321191337
2021-11-11,17873.599609375,-0.004039677222710097,0.04826533700359614,0.18380749926814732,15704.2802734375,0.08073681848484765,0.040694443233120506,0.1288500924353515,4649.27001953125,0.06396527976348072,0.032547912124453786,0.10184029925808047,74.40489959716797,-0.012035381079942929,0.013306487058511115,0.019590133589907133,16.350000381469727,0.016029950187053072,0.26895914528371406,-0.3263287979774403,81.58999633789062,0.013201101475506528,0.0732697721675748,0.1662378131162554
2021-12-01,14563.4501953125,-0.20480976331880313,0.1184192360173337,-0.018294719610166266,13072.4296875,-0.18342789567093498,0.10629761504262644,-0.11083519996258995,3801.18994140625,-0.20139606203998256,0.10719455365509167,-0.1300728653262021,73.51349639892578,-0.012052780634297452,0.014510718188660295,-0.016165396298893908,22.850000381469727,0.3347232133599873,0.32412267141536755,0.01555557250976558,53.209999084472656,-0.4274603291540646,0.22620651490332838,-0.2863465554346749
2021-12-02,15163.2998046875,0.040363043084657796,0.1157868562788107,-0.0301911896107816,14095.4697265625,0.07534804136083621,0.11015236232782576,-0.05146034415591583,3934.830078125,0.03455353856903094,0.10843402004102165,-0.11224745531593494,72.70950317382812,-0.010996920181137447,0.015127840553003112,-0.023920861448848973,22.040000915527344,-0.03609210821066514,0.18713042376723485,0.11369377948005233,59.470001220703125,0.11122567284251896,0.23041988046048223,-0.10544527349966437
2021-12-03,15030.9501953125,-0.008766600064516239,0.11385918572308922,-0.041992225367857294,13319.8603515625,-0.0565972688286778,0.10872699487095566,-0.12646629275080745,3943.340087890625,0.0021604034683746247,0.1041042479489022,-0.122391598912308,72.63899993896484,-0.0009701268177224005,0.010340937086346518,-0.015584999160434765,21.709999084472656,-0.015086084104633135,0.16741077766749998,0.4718643447100106,65.61000061035156,0.09825612841463721,0.23826154917113296,-0.03712942180743872
2021-12-04,14310.7998046875,-0.04909693836153514,0.09464808150214948,-0.11978227640198058,13850.0,0.03902905169299255,0.11198735162134679,-0.12819279931658933,4127.990234375,0.045762560246530144,0.10878966234624232,-0.11893917413691901,74.72949981689453,0.028372957877991906,0.01735810085693654,0.010971502106692732,23.0,0.05772127420971664,0.15134930060031432,0.7774343698486201,59.70000076293945,-0.09439609948139602,0.22132085477200966,-0.29055258846810916
2021-12-05,14696.5,0.026594886878032787,0.09888119599880314,-0.15387826187083498,13031.6796875,-0.06090194055678739,0.10099319646646034,-0.160187609815034,4063.0400390625,-0.015859190959336595,0.10058783687072011,-0.12949472002015283,73.3750991821289,-0.01829029485329052,0.01849225265910867,-0.0266398735304596,20.07999992370605,-0.13576992490512071,0.17810764029830836,0.5923870317532713,66.08000183105469,0.10153412374427592,0.23188187098072993,-0.0685086050619429
2021-12-07,15692.599609375,0.06557986857044071,0.04474733518737506,-0.1303268570666556,14733.240234375,0.12272288938519454,0.08110630371843124,0.05444325015231133,4384.6298828125,0.07617374546051014,0.03629367213065752,0.12142316752158067,74.4905014038086,0.015086989458603272,0.01906691189395793,0.022450170626197696,12.989999771118164,-0.43554447796136986,0.19313279854673238,-0.06814919927271723,74.0999984741211,0.11454935478749546,0.09004466730079459,0.26278115352336173
2021-12-08,16364.400390625,0.0419190287722001,0.04497322731737749,-0.06579089530649451,14816.259765625,0.0056190290654369885,0.07587919122026725,0.13370972589389618,4460.830078125,0.01722964791212503,0.036404984242402086,0.1441516798933169,74.10299682617188,-0.005215644838989901,0.01818820652491552,0.01823536361647382,12.369999885559082,-0.04890563590975167,0.19193925468896955,-0.22687500715255737,69.08999633789062,-0.07000556221409301,0.10295645267634072,0.07216005152564198
2021-12-10,17991.94921875,0.09481612467799529,0.05408160066910023,0.1910071306225798,14465.919921875,-0.023929677724783938,0.06988360834483323,0.0793964078418743,4350.64990234375,-0.025009628107287418,0.04224346780473044,0.03873043592811998,75.40260314941406,0.017385824463474447,0.018826803409529424,0.028821068160851837,15.850000381469728,0.24789534723787254,0.2527414749574779,-0.04518072185330846,80.63999938964844,0.1545848472584247,0.1147055174822913,0.24214420308198403
2021-12-11,18102.75,0.0061394682146212595,0.03443603046090875,0.19294819259546703,15860.9599609375,0.09206520874394199,0.07773997659496874,0.13128292076976944,4682.85009765625,0.07358168301416611,0.04798306394894805,0.10465936890574246,74.32209777832031,-0.014433478542740404,0.016537612663308145,0.0183160123386934,15.220000267028809,-0.04055915441264062,0.24470735591442414,-0.36450940366647344,80.79000091552734,0.0018584100695890392,0.09209726963483279,0.14938113335093872
2022-01-02,17576.849609375,-0.0294811873416702,0.04885838331642542,0.1763109597132626,14346.0,-0.10038958384210699,0.08996194495949567,-0.029894993093840583,4546.5400390625,-0.02954040707961787,0.05119412512785417,0.024745599608384516,74.55580139160156,0.003139536580597231,0.013456449782975142,0.0012032251844538155,19.979999542236328,0.27212138033117317,0.28689412778759416,-0.03710845579583966,88.19999694824219,0.08775372158851263,0.09075892675317698,0.29155067749000185
2022-01-03,17576.849609375,-0.0294811873416702,0.04885838331642542,0.1763109597132626,13532.4599609375,-0.058379916753228074,0.07266529575184473,-0.1047290063961962,4306.259765625,-0.05429678915664154,0.050230288420004786,-0.034163412976997876,75.28479766845703,0.009730367246298423,0.01244821141124433,0.023753645821931846,19.979999542236328,0.27212138033117317,0.28689412778759416,-0.03710845579583966,103.41000366210938,0.1590947761980603,0.09949451444845137,0.48321861519707077
2022-01-04,17670.44921875,0.005311035597125831,0.04707492116959428,0.12280657773506376,14261.5,0.052472357843937965,0.07905220107132503,-0.08713020752103984,4545.85986328125,0.05414717501959861,0.05639399981327752,-0.02170354907107286,75.9092025756836,0.00825969887816679,0.01190969675770691,0.023382679648175753,18.43000030517578,-0.08075196206893828,0.1743472324823729,-0.08897673147755125,99.2699966430664,-0.04085832782494097,0.08987435293968561,0.22043276509005016
2022-01-06,16522.75,-0.0671554895580066,0.060034262424365256,0.014904723954223709,11994.4599609375,-0.173118725531197,0.10916234862179539,-0.23262956887825326,4101.22998046875,-0.10292997461928012,0.07427050693227423,-0.12962382089439028,77.5989990234375,0.022016604815158918,0.01323755445324509,0.026452683425812085,20.850000381469727,0.12337417830034608,0.16153621867403317,0.3900000254313152,115.26000213623048,0.14934708775709862,0.08870107624905094,0.6082043404624051
2022-01-07,15752.0498046875,-0.047767715997422217,0.03237015493069519,-0.12572150568803286,11127.849609375,-0.07499393334797368,0.08171987706792976,-0.14640358778255402,3825.330078125,-0.0696421654670233,0.059193133116997025,0.00676910787580165,78.96299743652344,0.017424827936700894,0.007538978896251598,0.07618019302503698,21.25,0.019002928829705303,0.1419564213878637,0.6719118753911584,108.43000030517578,-0.06108565824394795,0.10416390440637847,1.0752153168454694
2022-01-08,17340.05078125,0.09604839677652949,0.06431112418085845,-0.00977939915139625,12368.98046875,0.10574082342741646,0.11015842247310788,-0.11812464612430751,4118.6298828125,0.07387579684815987,0.07878482954137328,0.05164207917817132,79.1948013305664,0.0029313010402485205,0.007601269491855459,0.08773165414055417,17.489999771118164,-0.1947276194263553,0.18042090975755853,0.07234827368570995,93.88999938964844,-0.14398092852883926,0.13506053737067217,0.6121221958062304
2022-01-09,17542.80078125,0.011624753948134394,0.06359932986494134,0.21112209608381227,11785.1298828125,-0.04835320598804551,0.10959462221111435,-0.12042538912225864,3966.85009765625,-0.037548201851293816,0.07729170821699491,0.006983405634408024,79.54879760742188,0.004459982840442965,0.008337074803745539,0.09411597674265604,19.8700008392334,0.12758182285585917,0.13810598314830203,0.23723546077138358,86.61000061035156,-0.08070858837966798,0.11029925501924977,0.31187526528672693
2022-01-11,18145.400390625,0.03377345273257304,0.06548280667341246,0.1958770092329769,10890.849609375,-0.07891560606367488,0.10099479511360383,-0.18660840203355378,3856.10009765625,-0.028316018139690792,0.06651667609988457,-0.07128922546137173,82.72899627685547,0.03919952087046975,0.014774409865162775,0.1255645751953125,16.1299991607666,-0.20853025869216266,0.1656120567332275,-0.27926721333200955,88.37000274658203,0.020117287220313498,0.11289315643620873,0.35370717523064665
2022-01-12,18812.5,0.0361044359191492,0.05176296532359851,0.26677103849973904,11482.4501953125,0.052896848474078925,0.08334921169209242,-0.18387181141280062,4076.570068359375,0.055599629988401456,0.06245673158056733,-0.040228908567051636,81.3052978515625,-0.01735898195480341,0.020824724973006886,0.11358359383849392,13.359999656677246,-0.18841569769707878,0.15323316404306156,-0.4203904512414647,81.22000122070312,-0.08437103932265322,0.059150167370479054,0.1453955299131211
2022-02-02,17780.0,-0.056447312423335935,0.0549037393390685,0.12536278008872737,14417.5498046875,0.22762640119663183,0.12343315316411951,-0.02354125000008267,4589.3798828125,0.11848894782609393,0.0673946475081592,0.033083331208337174,74.74549865722656,-0.08412218683136942,0.045662820128140914,0.004164646627191848,18.649999618530277,0.33358098322499535,0.2454847100053174,0.32269497262143165,88.26000213623047,0.08312549075749635,0.0911114937650573,0.27451266622715487
2022-02-03,16605.94921875,-0.06831321225673774,0.05014493115737763,0.019880496783307056,13752.01953125,-0.04726051263468526,0.12566241894229627,-0.05068138325881133,4386.5400390625,-0.0452041428243139,0.07174907488272374,0.005812656177977882,75.80120086669922,0.01402514326626458,0.046763896422177396,0.006578503461127871,29.229999542236328,0.44934943782672243,0.2982044553496784,1.2997639224632018,110.5999984741211,0.22563304724662517,0.12892956809694547,0.37357182172268355
2022-02-05,17069.099609375,0.027508770625115808,0.05221119901671823,-0.04886058679241467,12536.01953125,-0.09257962526207468,0.13311745386729198,-0.2017450457469454,4155.3798828125,-0.054136918336120006,0.07495963937283853,-0.10622960908786816,76.52310180664062,0.009478544553484783,0.047170648768393,0.028468585011749425,20.280000686645508,-0.3655603508811647,0.36253533442447106,0.260410223388575,105.16999816894533,-0.05034200417035153,0.12281874548181952,0.2890060410519235
2022-02-06,16628.0,-0.026181767063745566,0.04762737633236533,-0.06968935394086273,12316.900390625,-0.017633728284597493,0.12519895804895118,-0.057795629040364616,4176.81982421875,0.005146297371331726,0.07220638846377112,0.09881902472717163,77.58409881591797,0.013769814380891242,0.04192107739760242,0.055372178122270244,20.31999969482422,0.001970395110546306,0.34338923531457977,0.24281340799562856,116.87000274658205,0.10548415832472864,0.12547156169658066,1.1963917451125492
2022-02-08,17345.44921875,0.04224215773025175,0.04939940239635903,0.19102609519912628,12348.759765625,0.002583299414311511,0.12437628700533598,-0.12391995405771228,4091.18994140625,-0.020714282413279595,0.0697618340243284,0.03973738641231428,78.95570373535156,0.017524488972602035,0.04384011741378923,0.08590624731117358,18.530000686645508,-0.09221453033863737,0.3293670772788989,-0.1890590644509369,94.41999816894533,-0.21330933372075442,0.1676653397918034,0.5876912095316245
2022-02-09,17539.44921875,0.011122405890792065,0.04466517188011369,0.15670397899327626,11630.8603515625,-0.059893693482197405,0.03702351855920433,-0.12680313122065656,3924.260009765625,-0.041658066043147125,0.023783022658077378,-0.004838557593242365,79.716796875,0.009593331847545352,0.0033928775468006983,0.09743797329234027,19.549999237060547,0.05358417005318746,0.2943143395803763,-0.11297647799608634,86.87000274658203,-0.08334011583650239,0.17100259169109866,0.324035999671614
2022-02-11,18082.849609375,0.03051136867126292,0.026595867879094615,0.20304101699533628,10524.7998046875,-0.09992758225770454,0.04515346683109346,-0.2400866567012635,3759.68994140625,-0.042841309306449415,0.02345928458747918,-0.08922024328008438,82.68450164794922,0.03655186512247951,0.011221406590846557,0.10645062325515875,16.65999984741211,-0.15996461982657847,0.1638530856046826,-0.232611674344675,90.0,0.035396890441284086,0.12130984280719317,0.5075376691765501
2022-02-12,18696.099609375,0.03335097138385735,0.027290017677591528,0.30643289435514953,11461.5,0.08525923431835311,0.06991683648106449,-0.12048943230289166,4071.699951171875,0.07972409906212294,0.05074322722551554,0.002131387342019231,81.16220092773438,-0.01858254699834345,0.01985742445349727,0.10612730793421643,13.449999809265137,-0.21403153571294226,0.11073521721048506,-0.41521739959716797,79.9800033569336,-0.11803302493943066,0.12625831170693755,0.21035110685100666
2022-03-01,17625.69921875,-0.05895690516931964,0.04107364372348224,0.19931270838294823,15832.7998046875,0.32309013248509777,0.16779782053927184,0.07463121165614695,4796.56005859375,0.16383841586288547,0.09133828739027874,0.09394867680758945,74.51380157470703,-0.08546526870601524,0.04758866227618166,0.0003127938523614926,16.450000762939453,0.20134643172386057,0.16910462112413016,-0.1807768513226483,76.08000183105469,-0.04999120308620913,0.09120661979755099,0.026720693626263614
2022-03-02,17560.19921875,-0.0037230867232981744,0.03750478459700527,0.11901148667931771,13878.8203125,-0.13171976568686183,0.18698289136826143,-0.06327099200163455,4477.43994140625,-0.06884756509315085,0.09985232593271914,0.003723491590209127,74.82240295410156,0.004132980607750996,0.046142553027702676,0.009708192094001866,19.15999984741211,0.15249924098815928,0.18563558585154485,0.4749807686688541,90.2699966430664,0.17101969981773865,0.11562126506169709,0.30655668588536544
2022-03-03,16498.05078125,-0.06239269371552553,0.046573908738877665,0.008167142543247019,13537.9404296875,-0.024867813725003584,0.18371150760363109,-0.06414935912815556,4363.490234375,-0.02577919184843887,0.09770834638148648,0.002951359525465991,75.63099670410156,0.010748863596329218,0.04627265069995083,0.003028987662865301,28.15999984741211,0.38507776129240046,0.253399428015438,1.276475352298629,107.66999816894533,0.17626583469908835,0.13113505359087524,0.3351934397802918
2022-03-05,16498.05078125,-0.06239269371552553,0.046573908738877665,0.008167142543247019,12563.759765625,-0.07467968520447377,0.17953433987477935,-0.20788150297541075,4175.47998046875,-0.044042932516514775,0.09790657711960611,-0.1083464357403704,76.52410125732422,0.01173953186213821,0.04099112313229542,0.02962784346550329,28.15999984741211,0.38507776129240046,0.253399428015438,1.276475352298629,102.41000366210938,-0.05008657697481187,0.13776768544746132,0.2676074081146198
2022-03-06,16584.30078125,0.005214272344291277,0.041908813808004354,-0.07823768399885456,12012.73046875,-0.044849500785969144,0.1799326069680482,-0.16264251577094657,4108.5400390625,-0.016161573313844813,0.09277975406755841,-0.09633699389796113,77.3604965209961,0.010870529111062833,0.042522429499478695,0.03761873760383816,19.979999542236328,-0.34317077556192505,0.303748437239625,0.26056776412415683,118.87000274658205,0.1490460822516553,0.11846569313567794,0.34773250407636325
2022-03-08,17388.150390625,0.047332450390706535,0.04636316616913281,-0.03947464387316846,12668.16015625,0.05312481132376841,0.06788630420873965,-0.06386863934438891,4155.169921875,0.011285579466628,0.03004921784766904,-0.035086096049310456,78.60449981689453,0.015952677933926258,0.00423756561278387,0.04409525231185407,18.450000762939453,-0.07966733847104526,0.2811638163199545,0.21222079101455837,90.66000366210938,-0.2709141961917109,0.19511990082389244,-0.12329561501284181
2022-03-10,16887.349609375,-0.029224164387160613,0.040810718299975436,-0.03922773507900068,10815.4296875,-0.15811798186626863,0.07679744726526015,-0.2416344923395155,3678.429931640625,-0.12186731109977073,0.050291538322714206,-0.19081756977314845,81.52130126953125,0.03643540399191013,0.01098908382035454,0.07393173032284506,21.3700008392334,0.1469236967643558,0.27547553328500957,0.06956963607825428,83.62999725341797,-0.08071401135521747,0.1833949413168368,-0.1575501150250198
2022-03-11,18052.69921875,0.0667304169974556,0.05318453681748814,0.021632160861784877,10342.9404296875,-0.04466958641585263,0.07568782331308566,-0.1376901950257472,3719.889892578125,0.011208056948127014,0.05525523408793951,-0.0929818834122147,82.88839721679688,0.016630739781919812,0.010433392140571006,0.06816322710247591,15.9399995803833,-0.29315646156531594,0.30543188210657946,-0.13510584284109872,88.16999816894531,0.052864473780247306,0.15767288907612703,-0.23503386660765802
2022-04-01,17805.25,-0.01380185717281839,0.04062694453733748,0.07762025086622981,15622.7197265625,0.41242204457452136,0.21933159784371786,0.4039298044970574,4793.5400390625,0.2535751172047619,0.13770907902027504,0.25310494549847373,74.4032974243164,-0.10799483007286606,0.05805531034240744,-0.057744768565459625,16.1200008392334,0.011229142102799065,0.20586947480852816,-0.22685848708377376,76.98999786376953,-0.13559123278851307,0.16357214850524177,-0.28995667576241346
2022-04-02,17516.30078125,-0.016361437039099522,0.04303390818564882,0.1120013584541546,14098.009765625,-0.10269261142533573,0.22656806970822163,0.1397875355404885,4500.52978515625,-0.06307406640108394,0.14293570629942423,0.09272498700052179,74.6438980102539,0.003228518245167067,0.05761149656440702,-0.057464672476626455,18.899999618530277,0.1591011127419072,0.18620944158708183,-0.11058825324563404,92.30999755859376,0.18147693601105194,0.1740928681494484,-0.016828222828052075
2022-04-03,16245.349609375,-0.0753252306573606,0.05127075366490886,-0.06313137058737528,13313.4404296875,-0.05725955246701009,0.22935745755700176,0.12968126461668428,4328.8701171875,-0.038888554831304364,0.14528663571261455,0.09126133093487554,75.8917007446289,0.01657855449857473,0.05767488566046524,-0.045972999879155485,27.959999084472656,0.3916129827394132,0.250880564288178,0.5986277558816187,115.68000030517578,0.22567530949440437,0.15785955278537986,0.3356425296151053
2022-04-04,18053.400390625,0.10552736439404992,0.07216201341822889,0.029105934436691294,14532.5498046875,0.08761686413183811,0.20984172546037957,0.334381643850602,4582.64013671875,0.05696871605832779,0.12599661524509476,0.18841316891750126,75.99479675292969,0.0013575403453561213,0.05301175865642793,-0.08140071591572984,17.90999984741211,-0.4454156770685096,0.337970512233252,-0.09864121333861542,103.27999877929688,-0.11338402632952711,0.16506899804421232,0.1687223669718798
2022-04-05,16677.599609375,-0.07926757606452119,0.07465924753396277,-0.08089106603612639,12964.8603515625,-0.11414829996627562,0.2204616093192592,0.12910225004547948,4300.169921875,-0.06362074247451481,0.1349827058831958,0.05484999638571475,76.46730041503906,0.006198329731213978,0.05169167505665978,-0.059504086011173296,21.8799991607666,0.20021373164467474,0.31512522925170094,0.35647862983067413,107.80999755859376,0.04292666118654313,0.16496841082633984,0.32738236811442945
2022-04-07,15835.349609375,-0.051821720248996075,0.07631678077895818,-0.15825384136212628,12964.8603515625,-0.11414829996627562,0.2204616093192592,0.12910225004547948,4300.169921875,-0.06362074247451481,0.1349827058831958,0.05484999638571475,78.95069885253906,0.03196038860302131,0.012680190416465814,0.05626024671528396,20.96999931335449,-0.042480127027946096,0.3182459537086705,0.5696107673830524,107.80999755859376,0.04292666118654313,0.16496841082633984,0.32738236811442945
2022-04-08,17382.0,0.09319043000030962,0.09280539130274268,-0.02238470191226094,12720.580078125,-0.01902148724742731,0.0813116333592765,-0.11770167258314401,4151.93994140625,-0.035078857854126386,0.04971079509321328,-0.09531569679914464,79.11830139160156,0.002120625823070206,0.012876982395194672,0.04376052736599334,19.26000022888184,-0.08506239391587359,0.3165479267964565,0.03270780819456309,88.54000091552734,-0.19691595826131075,0.18264044218894365,0.0031724311411718276
2022-04-10,17274.30078125,-0.0062152949404688605,0.08377594190982267,0.04024771807355365,11176.41015625,-0.1294158394810582,0.08704809595788536,-0.18728953730375397,3790.929931640625,-0.09096432723338715,0.05572744050878802,-0.13578129963887664,81.49500274658203,0.029597484051412035,0.01522637276485938,0.06497254845346512,19.56999969482422,0.015967347560151616,0.2357529477311383,-0.3304823810706444,86.5199966430664,-0.023078875358915698,0.16132056673890682,-0.21772153854675758
2022-04-11,18117.150390625,0.047639131962337745,0.070638033753027,0.061400472504968606,10475.25,-0.06478998914543,0.08734660359809986,-0.16438786858243792,3770.550048828125,-0.005390461183108941,0.05703857258734794,-0.09261002479607461,82.68180084228516,0.014457813071749856,0.013481059509592469,0.0657055002786382,15.65999984741211,-0.2228880849950652,0.15447910694112077,-0.22781068455661813,92.61000061035156,0.06802157148738815,0.11038458018522398,-0.11942567060253584
2022-05-01,17925.25,-0.01064869164731687,0.056459080726321435,0.07801599711330276,15100.169921875,0.36569066499001424,0.2048010665419708,0.2259715872484025,4700.580078125,0.22046502961469677,0.12455659375488393,0.1253968990640424,74.53489685058594,-0.10373208563010645,0.056436512501972055,-0.0559909756435526,17.229999542236328,0.09554234315315215,0.11904403099340133,-0.15206693892692114,77.8499984741211,-0.17361325509297118,0.1224136481716706,-0.33387527471074796
2022-05-04,17957.400390625,0.0017919746104804683,0.04457069261326812,0.0352802146636535,14204.169921875,-0.06117041889320415,0.19818717287316331,0.15025072893675273,4525.1201171875,-0.03804179994356503,0.12151760414855875,0.10606453916732517,75.47799682617188,0.01257375119856281,0.05385930238742666,-0.053173235942668096,18.489999771118164,0.07057800904834087,0.13049039460910328,-0.0021587109576403085,101.95999908447266,0.26979669184887073,0.1912098190776759,0.07985597396471067
2022-05-05,16682.650390625,-0.07363302737193943,0.043328003537495996,-0.048849813779161644,12317.6904296875,-0.14249910255984005,0.2112560698831861,0.059052387988884236,4146.8701171875,-0.08729026096460843,0.12842786381597016,0.05672664575433428,76.00160217285156,0.006913240271593857,0.05414848373511373,-0.08082408845555888,20.290000915527344,0.0928981659394681,0.13428596613320531,0.03785174973633709,108.26000213623048,0.059955190572604566,0.1609342032477661,0.24622998403773
2022-05-07,15810.849609375,-0.05367289211745787,0.047753043350878425,-0.12564391393390162,11322.240234375,-0.0842675216503573,0.2055739669696515,0.0757677527825602,3831.389892578125,-0.07912622747362962,0.1264308836388295,0.019070708566211403,78.93949890136719,0.03792730108688292,0.05570173821534603,-0.027385925972439384,20.790000915527344,0.024343946947010787,0.13442466290411562,0.24789922604691794,99.5,-0.08437811693669245,0.1690896484676606,0.10555555555555562
2022-05-08,17397.5,0.09563012922596482,0.06564250273484923,-0.06945831678837588,12657.5498046875,0.11148490589228306,0.2062432618332588,0.10435368884417406,4145.18994140625,0.07872097816468311,0.13070470687601954,0.01804896999181471,79.15489959716797,0.0027249647189707634,0.05484541084516704,0.062285079064283266,18.920000076293945,-0.09425257825064806,0.07915701221506978,0.40669147543487383,89.01000213623047,-0.11140889719381428,0.17730175706242499,0.1129032058050552
2022-05-09,17665.80078125,0.015304093563922504,0.0664127933412739,0.0022751756967087644,12657.5498046875,0.11148490589228306,0.2062432618332588,0.10435368884417406,4145.18994140625,0.07872097816468311,0.13070470687601954,0.01804896999181471,79.72450256347656,0.007170286380450096,0.014116442399205436,0.06551646854194337,19.65999984741211,0.038366539301501426,0.07259161753142845,0.19513671341004013,89.01000213623047,-0.11140889719381428,0.17730175706242499,0.1129032058050552
2022-05-10,17665.80078125,0.015304093563922504,0.0664127933412739,0.0022751756967087644,11148.6396484375,-0.12693637381223047,0.10158941762954442,-0.29585166325814305,3783.280029296875,-0.09135724577340618,0.07149275765206346,-0.2112514003616891,81.46549987792969,0.021602642770599947,0.014545397333282278,0.07714433801071019,19.65999984741211,0.038366539301501426,0.07259161753142845,0.19513671341004013,87.76000213623047,-0.014142906662025487,0.15268026240484145,0.1535226080976273
2022-05-12,18701.05078125,0.056949102491761716,0.07175624374618637,0.06496803073178414,11239.9404296875,0.008156058763115601,0.10613464429161264,-0.19013718914105293,3998.840087890625,0.055412975053372525,0.084316260305208,-0.10689140664727914,81.42250061035156,-0.0005279611567216877,0.01592879279658502,0.0640111974207409,13.729999542236328,-0.3590029205182026,0.18079173426724648,-0.28340294094048213,76.93000030517578,-0.1317099188709359,0.07874723820470175,-0.14777885049268213
2022-06-01,17745.900390625,-0.05242518845584934,0.06612154265130779,0.07563618429355179,15080.8603515625,0.2939528688416263,0.16876404788546942,0.11397006286802047,4696.0498046875,0.16071734719697237,0.10794824088436555,0.07621412045170617,74.43009948730469,-0.08979123205913123,0.04443047282132172,-0.03787975989652648,17.979999542236328,0.2696768171443897,0.22892958858176563,-0.3615056946142462,79.45999908447266,0.03235781742681697,0.06891133437692265,-0.2620042682661541
2022-06-04,17807.650390625,0.00347363685108858,0.05602242932483304,0.07376552231602695,13888.8203125,-0.08234219098936832,0.1684100859848454,0.10546688026465012,4481.14990234375,-0.046842000115863675,0.10090837674622377,0.07320593639648698,75.45069885253906,0.013619024603153866,0.04557111215943181,-0.040122397212654426,19.020000457763672,0.0562310776008643,0.23105336537417803,-0.04804800332669101,96.2300033569336,0.1914874553882013,0.12985627536483915,-0.06034567019024839
2022-06-05,16411.25,-0.08166108692160856,0.05528392692310239,-0.05618196120225105,12144.66015625,-0.134194642585584,0.1782090704612046,0.010982489604940637,4123.33984375,-0.08321621146608142,0.10765725027211012,0.003602205295990535,76.54180145263672,0.014357568184551018,0.04633866376386329,-0.06108219249875524,21.25,0.11086581418569122,0.23229090654241602,0.15176146998784468,109.7699966430664,0.13164604286491355,0.12629629819326169,-0.07655426847188573
2022-06-06,16569.55078125,0.009599645439678133,0.05464319881370407,-0.018818751045964865,12061.3701171875,-0.006881786631873323,0.16588563455129482,-0.04789882915737631,4121.43017578125,-0.00046324348608310406,0.09559578087760932,-0.008119943763581383,77.69419860839844,0.01494357478691924,0.04535509506676121,-0.06266496618112749,20.200000762939453,-0.05067425319398763,0.23424500047041205,-0.0547496504607492,118.5,0.07652572345748246,0.1226906376876376,0.3070813502462513
2022-06-07,15989.7998046875,-0.035615713970425934,0.038350754732263584,-0.11427096796250391,11361.849609375,-0.05974657547012452,0.16940370797669763,0.05052225733634308,3845.080078125,-0.06940580386852778,0.0993215400669628,0.04530469509583579,79.36840057373047,0.021319720776606065,0.04743772137856366,0.06673229979443596,20.270000457763672,0.003459340870779077,0.12288956863936168,0.27164372593266095,98.52999877929688,-0.18455190262995458,0.1437992931826877,0.17816575409811986
2022-06-09,17655.599609375,0.09910198464962063,0.06681547308846984,-0.008404846358517903,11544.91015625,0.015983442961362122,0.05996603921245891,0.11621160681854725,3908.18994140625,0.016279906923986984,0.04317480868514137,0.050619790979248735,79.78299713134766,0.005210101845823274,0.005743332009594554,0.06884821476482639,19.520000457763672,-0.03770237861126345,0.06727514736688414,0.21091807949880748,86.87999725341797,-0.12583323337311983,0.1644336852909232,-0.014630837499344573
2022-06-10,17331.80078125,-0.01850998184705064,0.06716819761253941,-0.010533045892743176,11073.3095703125,-0.04170699118110278,0.05778297716838472,-0.2912047476928664,3744.52001953125,-0.04278089314917135,0.04297474363533374,-0.21884035827025505,81.6488037109375,0.02311675465759259,0.007052688957772463,0.07585945379826065,19.31999969482422,-0.010298791447429973,0.06393283070575431,0.02222222670746299,88.44999694824219,0.017909561531050097,0.1341450710226438,0.14885049230356695
2022-06-12,18642.75,0.07291432102647791,0.058288507090183836,0.1475745643074058,11014.8896484375,-0.0052897076413574015,0.03054979429216538,-0.21869186987691225,3941.260009765625,0.051207028541781864,0.04776725018389874,-0.12426754228695946,81.89900207519531,0.0030596382291863513,0.009130073784194979,0.07769223123868696,14.039999961853027,-0.31923041710787975,0.1338490385221878,-0.49785406217520156,74.25,-0.1749996084203525,0.11845559622827605,-0.19564508759877475
2022-07-01,17812.69921875,-0.04554568838763045,0.06666418131204645,-0.01333273326170703,14935.900390625,0.30451977523223045,0.14932030055705234,0.12186631768897205,4677.02978515625,0.171162775537622,0.09438310563771901,0.08042737678508871,74.41929626464844,-0.095771539503456,0.04956481801627356,-0.026782744248518564,17.600000381469727,0.22598852783787796,0.19411433795850078,-0.01730873638098751,78.9000015258789,0.06074346950842249,0.11340486594548406,-0.31794604670009896
2022-07-02,17213.599609375,-0.034211895812561434,0.06640295405071939,0.032138917623294905,14015.669921875,-0.06359175331524991,0.1499885723686536,-0.03556704706050828,4483.8701171875,-0.04217670820189392,0.08813160257646944,-0.02155308219378771,74.64219665527344,0.002990719499734202,0.047429343343877335,-0.05457205901765194,20.440000534057617,0.1495948677450446,0.21028021916856493,-0.06581346809606237,91.31999969482422,0.14618857112853478,0.13293377268324777,-0.11580169660952899
2022-07-03,15863.150390625,-0.08170091239128541,0.057634411913046385,0.001755615249160014,12830.9599609375,-0.08831498640849113,0.16133213677600322,-0.01032794700398465,4201.08984375,-0.06514256071789241,0.09839576721184523,-0.023040968130347284,76.41799926757812,0.023512274825466698,0.049765244557891206,-0.03412993045260293,29.32999992370605,0.36111708892456723,0.2611088976860924,0.39866480133967386,119.4000015258789,0.26810939541829076,0.16406592691284558,0.10750398135373374
2022-07-04,17639.55078125,0.10614475036584442,0.08130367892303039,0.01481709706880685,13897.2998046875,0.07983356519671206,0.15863249174364683,0.09250519389332346,4500.2099609375,0.06878007543829653,0.09475394916861078,0.08388127584843907,75.94509887695312,-0.006207564888605227,0.04672532883435072,-0.06810115568542241,19.0,-0.4341719012216935,0.3515012446101964,-0.013499492512567546,96.02999877929688,-0.21781858379986083,0.20836337331605764,0.08459450854213846
2022-07-06,16416.349609375,-0.07186581870988097,0.07602035617680435,-0.04966633282235333,12175.23046875,-0.13229096414946662,0.17779469089540048,0.08936861644626082,4160.68017578125,-0.07844548897248196,0.10679005574580423,0.097535499417845,77.82099914550781,0.024400610616790847,0.04961386293406332,-0.05878925769951826,20.43000030517578,0.07256544460072015,0.30392715767625794,0.043944845363437235,119.41000366210938,0.2179023502754609,0.1915209475594218,0.38014341533933393
2022-07-07,16132.900390625,-0.017417076226404794,0.07519646455270437,-0.10952329462511834,11621.349609375,-0.0465597083964234,0.07951885984098059,0.10941023931409743,3902.6201171875,-0.06403041221931728,0.06011119329650977,0.03502673791597655,79.04389953613281,0.015592081798447678,0.013340508034160689,0.06049518918079011,19.200000762939453,-0.06209410499699563,0.2953373669344864,0.22605370051215834,102.7300033569336,-0.15045876030823818,0.22185968955205881,0.1092754851515556
2022-07-09,17624.400390625,0.08842363832699016,0.08820046893052952,-0.016783565605779538,11791.900390625,0.014568998147406542,0.08379212204013599,-0.2190882320110481,3979.8701171875,0.019601032409226657,0.06474668249039454,-0.15332362154438217,79.89510345458984,0.01071117901330069,0.012445477799027672,0.058521778719044404,19.3700008392334,0.008815201975191879,0.2861519333098892,0.1242020518776703,81.94000244140625,-0.22611691799164615,0.24404219040912867,0.05253698198394652
2022-07-10,17314.650390625,-0.017731341206648158,0.07637858473349711,-0.03579304275776796,10652.400390625,-0.10162763266165419,0.08610705380368038,-0.2500511857282227,3639.659912109375,-0.08935893834681932,0.06935004129984972,-0.19567661899513633,82.3489990234375,0.030251733927841612,0.01404883915017031,0.0835166189806098,18.809999465942383,-0.029336905824635946,0.1994356657156412,0.017306635953780125,92.63999938964844,0.12273370532248862,0.20668695278637286,-0.0914083932768841
2022-07-11,18202.80078125,0.05002248479980345,0.06305919243211126,0.09112163565324516,10564.51953125,-0.0082840829181831,0.06172795168564529,-0.14232951448528797,3806.800048828125,0.04489870749806184,0.061315772001086566,-0.08200644311233407,81.9749984741211,-0.004551997283503141,0.013431474125499696,0.038453494321603054,15.59000015258789,-0.1877589220634866,0.09680843651138463,-0.23164122971244816,91.79000091552734,-0.00921763803111069,0.18438331340225717,-0.1521337603520263
2022-07-12,18560.5,0.019460195327650816,0.045561888007814924,0.1739090851256091,10958.5498046875,0.0366187830425411,0.0545455545554176,-0.03212177291410179,3933.919921875,0.03284741032181647,0.06110608537428397,0.026760531340203286,82.37220001220703,0.0048336973811080285,0.012951960372307095,0.04064562562030183,14.079999923706056,-0.10187434754594185,0.07535243845541616,-0.3227513562450022,72.01000213623047,-0.24269834127862835,0.1554505468208904,-0.27628138556552295
2022-08-02,17266.75,-0.0722529798098533,0.061870635215578874,-0.007515447621784688,14194.4501953125,0.2587311012220951,0.13312700900971616,0.12142163486141966,4521.5400390625,0.13921628805574404,0.08141162161117327,0.090792003014601,74.6583023071289,-0.09832626725832419,0.05022542646509778,-0.06354633887259387,19.68000030517578,0.33484756181971437,0.19910493602884125,0.04016914512775749,89.36000061035156,0.21586813366467766,0.20487235041718355,0.003932125218752525
2022-08-03,16013.4501953125,-0.07535368053125883,0.05535424640625036,-0.09353386276671138,12795.5498046875,-0.10375361793169818,0.14841652521610577,0.1477229696343103,4170.7001953125,-0.08076871816022498,0.09558494665204782,0.10240324877236939,77.08080291748047,0.03193252592959576,0.05336150633299397,-0.05382274664759168,28.59000015258789,0.37345410454032085,0.25873128214182434,0.45422178913959943,123.6999969482422,0.32518609313660485,0.21935607885969807,0.40952591086109846
2022-08-04,17784.349609375,0.10488982880623532,0.07848282058127781,-0.049018698606716815,13711.0,0.06910099140948646,0.13336849527121294,0.2198463226536158,4488.27978515625,0.07338557273844205,0.0800005562430438,0.12239541629778028,75.91320037841797,-0.015263672860317665,0.04909278128006515,-0.067663117573586,17.690000534057617,-0.48005747330983084,0.36294769158014817,0.28841960115435583,98.26000213623048,-0.2302422062467119,0.25673440595977814,0.27726506884752533
2022-08-06,16356.25,-0.08370874781916517,0.08215546457125004,-0.0783082492314191,12086.26953125,-0.1261283715709594,0.15500732833390632,-0.19856896427014759,4115.77001953125,-0.08664356533708487,0.09830858109959999,-0.12356763860916187,77.67060089111328,0.02288623155622332,0.05216803263625129,0.04353751272845363,19.84000015258789,0.11470057118615205,0.3514106038855834,0.10344831244196007,122.11000061035156,0.2173052343622123,0.2716559305108255,0.5367480747204436
2022-08-07,16220.599609375,-0.008328072006567004,0.07960111240084414,-0.08912185192525557,11635.3095703125,-0.03802565558654169,0.15741479576469705,-0.16225357456452438,3899.3798828125,-0.054008405575289305,0.10210125356732999,-0.1298260563046485,79.22160339355469,0.019772212880971866,0.05369184487215189,0.049978391166203506,18.399999618530277,-0.07534946566475906,0.3487686732556798,-0.03259730937494909,104.79000091552734,-0.15296392661967348,0.24891165281095123,0.0889535203157299
2022-08-08,17525.099609375,0.07735210145925679,0.0861623456149861,0.06787110118820938,12644.4599609375,0.08317476827741102,0.09635607445729863,0.041153873246118744,4140.06005859375,0.05989275855269321,0.07804865611671012,0.004055017407573969,79.41059875488281,0.0023828131765378257,0.0187845426150002,0.03748013827478669,19.299999237060547,0.04775441249740785,0.31263451487368543,-0.09176474178538607,90.76000213623048,-0.14373967277485492,0.24999487860473482,-0.1731802413062813
2022-08-09,17798.75,0.0154941133640587,0.07427539531762187,0.07418422110398759,11862.1298828125,-0.0638682086510316,0.08941329324690195,-0.016518872436480647,4006.179931640625,-0.032872142866896846,0.07098104196782468,-0.02796365320414007,79.6498031616211,0.0030077201388144215,0.015390326847851242,0.02517053510107581,18.309999465942383,-0.05265772686141639,0.23164016438896962,-0.09356441710955865,83.54000091552734,-0.08289311342059824,0.17345519905921516,-0.29502108932044435
2022-08-11,17798.75,0.0154941133640587,0.07427539531762187,0.07418422110398759,10616.2001953125,-0.1109698081057946,0.08303208620828337,-0.06562746733130864,3828.110107421875,-0.04546691490043956,0.05499209950052281,-0.0044134245212911205,81.82599639892578,0.026955432446062855,0.011520711833793475,0.030964411622636856,18.309999465942383,-0.05265772686141639,0.23164016438896962,-0.09356441710955865,88.91000366210938,0.06229909329381618,0.15814026299252346,-0.09763518965158913
2022-08-12,18609.349609375,0.04453589148196606,0.060975677574774824,0.16382630406164078,11082.0,0.042941015707556235,0.07920910703824445,-0.04009647108422032,3963.510009765625,0.03475876190698944,0.05141945943512467,0.014154907818904494,82.25350189208984,0.00521096742733248,0.011203659037838015,0.030965304006754346,13.399999618530272,-0.31219265102990595,0.16272898715159567,-0.33892455274228184,71.45999908447266,-0.21848682353847684,0.10622499685700093,-0.17748617238058984
2022-09-02,17463.80078125,-0.06353390980766839,0.0535121432838519,-0.010863342643042007,14490.3701171875,0.26816212850031373,0.1478475337042201,0.3085852991987261,4587.18017578125,0.14613549572107554,0.07749330205683956,0.22503822969425236,74.69519805908203,-0.09639015787318174,0.048392320073576175,-0.08516481976237433,18.559999465942383,0.32575402009442284,0.23098768700551214,-0.049180377526039876,89.66000366210938,0.22688693978817978,0.17731656595486212,0.013680121601080897
2022-09-03,16345.349609375,-0.06618678246245499,0.0644444900561184,-0.056915676814273564,13255.5498046875,-0.08906798102378648,0.15623371554871118,0.20342102624403924,4277.8798828125,-0.06980796211734865,0.08713530860849374,0.08540920218732095,76.91449737548828,0.029278574119975375,0.05173754202605375,-0.06086160482310299,27.46999931335449,0.39208577652758786,0.28733490284757823,0.4218426370220718,108.6999969482422,0.19256698648041684,0.18744450864239343,0.46397302287194875
2022-09-05,16301.849609375,-0.002664854981972137,0.048991829920693515,-0.1255662598396159,11623.25,-0.13140891541460067,0.16672416779483124,-0.22179114107538456,3991.239990234375,-0.06935557526586938,0.09261688635833529,-0.14662934093308622,76.9574966430664,0.0005588966201637991,0.05163786394771334,0.034106750611987424,22.030000686645508,-0.22068928312807792,0.31831082287196183,0.5690883722579401,103.08999633789062,-0.052989408467242025,0.18312701107867374,0.30659054935604146
2022-09-06,16478.099609375,0.010753628523996762,0.04830806349191227,-0.07492405238450184,11754.23046875,0.011205813177890975,0.15573044243783113,-0.16135079277198527,4017.820068359375,0.0066375268799301265,0.08919537730662579,-0.10393923923926107,77.72429656982422,0.009914627858647728,0.049358673692378494,0.041291656096150486,19.13999938964844,-0.14062483784689653,0.3261124079258214,0.08749994175000775,121.51000213623048,0.16439422391634448,0.1914512437945361,0.33059573524196306
2022-09-08,16478.099609375,0.010753628523996762,0.04830806349191227,-0.07492405238450184,12493.9296875,0.06102968566927048,0.15659368753036298,-0.02626695699024495,4122.47021484375,0.025713066406632828,0.08864944506163606,-0.018714103204246713,79.60189819335938,0.0238700335558868,0.05148285988653093,0.0416642539231209,19.13999938964844,-0.14062483784689653,0.3261124079258214,0.08749994175000775,90.5,-0.2946467307953367,0.2202558393907763,-0.24204356077512346
2022-09-09,17833.349609375,0.0790380750417337,0.06005031234097656,0.0360035096704856,12112.3095703125,-0.031020646010175366,0.07679014503766352,-0.1284415145000276,4067.360107421875,-0.013458383649759164,0.04380826285484776,-0.09618436856787282,79.706298828125,0.0013106751775880292,0.013077553204603907,0.04952524924966917,17.719999313354492,-0.07708644770882388,0.28224595057688334,-0.13307246328937195,86.79000091552734,-0.0418584325009617,0.1970231731093879,-0.09621991024914589
2022-09-11,18157.0,0.01798588337986166,0.05189146256751359,0.14460239945343067,10353.169921875,-0.1569295098796573,0.09286231120516371,-0.14965306419058422,3748.570068359375,-0.0816197145939542,0.047088035243031845,-0.09904873482482779,81.40519714355469,0.021090503548937906,0.010850401977754692,0.046056951689160686,15.920000076293944,-0.10711772121861753,0.24234200020303076,-0.4572110426967113,85.83000183105469,-0.011122801141285863,0.16383345513676714,-0.28121598527100733
2022-09-12,18496.599609375,0.018530749002909918,0.031540045447290034,0.048586771780832594,11004.6201171875,0.061022449807581924,0.0902286487290699,-0.05306866353026518,3934.3798828125,0.048378827155079594,0.04961718062814538,0.00813806229438696,82.2791976928711,0.010679195857040438,0.009144180844273476,0.040930396598909624,13.479999542236328,-0.1663691136831391,0.05526657723579706,-0.2905263398822985,71.0199966430664,-0.1894071368161322,0.1759409138648788,-0.3086732763328287
2022-10-01,18003.30078125,-0.027031792470622647,0.03804303444616842,0.09666894343969923,14942.830078125,0.3059163960865296,0.16963238983589154,0.2672113555169704,4670.2900390625,0.17146789730374454,0.09316231862279704,0.1734780034386918,74.2699966430664,-0.10241125731766815,0.05292702239703709,-0.07040615217077217,17.68000030517578,0.27122700294513985,0.1794137552177165,-0.13460596959968274,78.2300033569336,0.09669176836056526,0.15422098789232158,-0.04527701945244156
2022-10-02,17605.849609375,-0.022323906828412333,0.04262191587307164,0.0913009553822044,14185.6396484375,-0.05200143081600381,0.17491192664647615,0.3316847966888332,4504.080078125,-0.03623750660351184,0.09789057881179658,0.23750025741131608,74.80889892578125,0.007229791017964502,0.05081731697611505,-0.09156274134565068,17.709999084472656,0.001695325628667765,0.17135944366314715,-0.07760425100309642,89.87999725341797,0.13882216815073958,0.12880445394463072,-0.02979276936975961
2022-10-03,16594.900390625,-0.059135768211184055,0.03300348081423956,-0.05841333476216448,13129.9599609375,-0.07733352166601486,0.1798043401830659,0.24283550445421498,4259.52001953125,-0.055827187552539834,0.10296500426068693,0.11892402146061998,76.13490295410156,0.017569958136241494,0.05241087485085422,-0.07124239864259596,25.57999992370605,0.3676813930688955,0.23502898467283936,0.3205988030673943,106.0199966430664,0.16515230713764345,0.14481371568552706,0.1550277327117
2022-10-05,16240.0498046875,-0.021615041261289523,0.027599285932490274,-0.06206308309403352,11737.669921875,-0.11209331760985257,0.16985842198755577,0.07109700928258156,4001.050048828125,-0.06259964358521307,0.09904613716204548,0.01706443656360168,77.3655014038086,0.01603415730035086,0.05172536592509372,-0.06078141178281604,22.299999237060547,-0.13722414891459314,0.24111745436435153,0.1855395996920255,99.76000213623048,-0.06086040111097037,0.1507906452298714,0.38536313257569166
2022-10-06,16201.7998046875,-0.0023580663978520727,0.020551833574461328,-0.10992819185406089,11340.01953125,-0.03446530063607933,0.17017781771353632,-0.20109483810828632,3900.860107421875,-0.025359769691888592,0.09795185438532959,-0.13727179816576773,77.8187026977539,0.005840833930164351,0.0512809336152999,0.042331533037327285,19.57999992370605,-0.1300780110477011,0.23272113831661656,0.25593327338459537,120.66999816894533,0.19029220912596367,0.09951193570810733,0.3503804537235733
2022-10-08,17534.75,0.07906229116854128,0.051429397488170166,-0.05526521376040516,12854.7998046875,0.12537924662392805,0.09168755956069495,0.004630516148535824,4210.240234375,0.07632263967844992,0.056271688030656325,0.009480431872552098,79.57839965820312,0.02236089808053499,0.007053522802682335,0.03240231868622967,19.59000015258789,0.0005106065396799875,0.2054499661923014,0.39133524564903,91.93000030517578,-0.2720321107161251,0.19701214223075975,-0.25683102204407837
2022-10-10,17241.0,-0.01689435809690651,0.051035208853929745,-0.0014913055438922074,10542.099609375,-0.19834054005423155,0.11954891834470768,-0.23112102622894026,3612.389892578125,-0.1531501354522923,0.08249924478193069,-0.19515046621533927,82.8322982788086,0.04007536621502977,0.012549914053657294,0.09114485841592468,19.6200008392334,0.0015302571660795433,0.20545375998771923,-0.0030487533034541103,91.12999725341795,-0.008740392826446503,0.18790297325660618,-0.0725626371646857
2022-10-11,18028.19921875,0.044646887092268814,0.043674450102649,0.12581604831338988,11114.150390625,0.052842379203931214,0.12849876574059724,-0.08043169466902167,3956.3701171875,0.09095739441296924,0.10127318347472854,-0.03872905958965711,81.34380340576172,-0.018133402423682353,0.021506818202489224,0.047292057387297914,15.56999969482422,-0.23120353066593533,0.0998911484162317,-0.45540400098896583,86.47000122070312,-0.05248948127946094,0.1646502159537056,-0.29186798142254
2022-11-01,18055.75,0.0015270383203712101,0.03965787826372098,0.015260630643581852,15153.4501953125,0.3100091352875378,0.18847837095257775,0.30236759956748704,4713.06982421875,0.17501249524642581,0.125957233544358,0.20867162622261892,74.05699920654297,-0.09384960248434926,0.05218880865516511,-0.06519186643263397,17.760000228881836,0.13160278420585067,0.1390444664741814,0.003957020503727593,81.22000122070312,-0.06263600980167025,0.16470629628546657,-0.22492603768392294
2022-11-02,17374.75,-0.03844619074822236,0.047520969852219874,0.06226977455101257,13791.150390625,-0.09420113127567538,0.19695933303352833,0.09068718104450224,4418.64013671875,-0.06450747569399781,0.13156478657035034,0.06728889778947433,75.53839874267578,0.01980606332940495,0.05352100400245629,-0.04876175312768227,18.68000030517578,0.050504698686215106,0.13498597550209282,-0.05846773379489123,93.0999984741211,0.13651263060560498,0.14657406318803023,0.02578224198781176
2022-11-03,16630.44921875,-0.04378269746551223,0.03576102547558432,0.025267229279127168,12843.8095703125,-0.07116516065245312,0.19504815927186273,0.08275745563386505,4204.31005859375,-0.04972178384769149,0.13133036391880487,0.049456122873638986,76.310302734375,0.010166838875043365,0.05216930007112649,-0.0419272903973128,25.350000381469727,0.3053252959475779,0.1957440775006862,0.37771744059930534,109.33000183105467,0.16069668030101064,0.1063065643240055,0.30871439589287597
2022-11-04,17674.94921875,0.06091303333072687,0.047374896962753266,0.008550571050383038,13411.9599609375,0.04328489351959377,0.16055828106426817,0.2633484405144739,4412.52978515625,0.04833796888509038,0.09983281196622765,0.15266532605770977,75.91729736328125,-0.005163403272365811,0.045108285358053675,-0.07221053571823177,18.270000457763672,-0.32751834963990956,0.2611515213871369,-0.0533678145084604,94.29000091552734,-0.1479956990070722,0.13491466161234578,0.06051059534159875
2022-11-05,16167.099609375,-0.08917004984525528,0.05631308580519749,-0.09167218993609105,11364.240234375,-0.1656752395661873,0.18659235613431369,0.025468348165944787,3935.179931640625,-0.11449156563276296,0.11478453008051603,-0.007147724631752617,77.27140045166016,0.01767935072651199,0.0477363264010971,-0.060570083046018075,22.799999237060547,0.2215001070527399,0.24511666142261726,0.24522118525835102,105.70999908447266,0.11432433793254375,0.13718860590917498,0.47928911893090254
2022-11-07,16216.0,0.0030201202716076984,0.05647139045578509,-0.1286100621253996,11372.599609375,0.0007353154997878158,0.081829843294569,-0.21516155091955935,3854.429931640625,-0.020733488355440664,0.0600388806714313,-0.15973871007057816,79.3313980102539,0.02631008396407379,0.012046024213998448,0.06206824630821317,18.3700008392334,-0.21604155758610738,0.2731989646336243,0.37089562404392384,104.08999633789062,-0.015443612774594405,0.12976926417922122,0.16094124566581303
2022-11-08,17659.0,0.08524715928128826,0.07211475669273966,0.011177361743588854,12779.91015625,0.11666749968048604,0.1082108437131827,-0.035882302540879984,4207.27001953125,0.08759086751549798,0.07990403360365217,-0.016505807833675612,79.0978012084961,-0.0029489131068167417,0.013411675847986918,0.028386115849514892,18.36000061035156,-0.0005445264761376048,0.27210689133758453,-0.01077580071905826,94.33999633789062,-0.09835063530732155,0.1329215413507442,-0.13210672505528342
2022-11-10,16983.55078125,-0.039000293905851594,0.07136286477414706,0.03904481623990197,10426.1904296875,-0.20355346783351488,0.13754077379290253,-0.1029883698890155,3588.840087890625,-0.15898493094241428,0.10465722540661884,-0.10082077332566519,82.42070007324219,0.04115154307718906,0.01966534607337447,0.07098987971911885,20.489999771118164,0.10976253264449902,0.22693187612476767,-0.2540953664619501,89.3499984741211,-0.05434401451002181,0.09961423201703797,-0.13328158261578493
2022-11-11,18349.69921875,0.0773679084923303,0.07492261067096749,0.12562069080782745,11323.330078125,0.08254425496264323,0.1445479547830184,-0.03665917490477999,3992.929931640625,0.10669622513006201,0.11818812552006969,-0.006194935635560617,80.48290252685547,-0.023791848951824634,0.02545024844684585,0.03549219586121355,14.40999984741211,-0.35201455165798884,0.2347513268428724,-0.3458919928156249,88.95999908447266,-0.0043744043170662345,0.07949314103270147,-0.26787920730397574
2022-12-01,18212.349609375,-0.0075132690799960935,0.05477561588452403,0.10524575291517957,15188.3896484375,0.29366609103363944,0.18115757115526113,0.21566152750429435,4726.35009765625,0.1686279749563237,0.1289239328860011,0.14648495958518115,73.81529998779297,-0.08647874386861155,0.050050561000732796,-0.07269422384263124,17.18000030517578,0.17582353489713945,0.2222221723457662,-0.1024032992149777,82.63999938964844,-0.07369300278510711,0.039341365852816765,-0.08685083547349792
2022-12-04,17530.30078125,-0.03816905706538681,0.061385110577970116,-0.016993376721874287,13371.5703125,-0.1274004623942056,0.19942771481068583,0.10396536968258907,4397.4501953125,-0.07212838320171809,0.1364697859913904,0.08115585519174862,75.83699798583984,0.027020246616263694,0.05017719896380274,-0.04854448016246171,18.15999984741211,0.05547543045118803,0.20611122882938793,0.024830730875142537,100.5999984741211,0.19665842507214085,0.11886740308201899,0.15911968444423708
2022-12-05,15808.0,-0.10341471586657093,0.06569350149923213,-0.1293715922233849,11370.9599609375,-0.16206810118525836,0.20871948554665434,0.09830709306837826,3930.080078125,-0.11236507009642317,0.14317393332862974,0.048421132980199566,77.41840362548828,0.020638251628027404,0.05196632279325413,-0.048974680462180564,24.270000457763672,0.29001967382907623,0.24417681732146534,0.5244975088852855,106.12999725341795,0.05351248939646194,0.10859066376464176,0.23651398100073684
2022-12-07,16058.2998046875,0.01570969669650212,0.06673245455112249,-0.13182421937985012,11264.73046875,-0.009386086314054094,0.18333138858550277,0.023636468028210178,3818.800048828125,-0.028723551858821913,0.12010565425379614,-0.029376887191114975,79.47779846191406,0.026253192757344983,0.04905479731067426,-0.03404747870067959,18.549999237060547,-0.2687712906751747,0.279408462821387,0.3761127497770751,95.83999633789062,-0.10198463573783688,0.11874915940835329,0.34947903221630705
2022-12-08,17698.150390625,0.09723429871270159,0.07356599834163813,-0.016949691300097935,13047.1904296875,0.14689617067909846,0.19130283217323704,-0.1268594796652711,4280.14990234375,0.11405178296448441,0.12158499434901157,-0.08353659696841131,79.61399841308594,0.0017122188211072904,0.04822655035706839,0.07195370959422864,17.610000610351562,-0.05200279075714438,0.2150590169144796,-0.003959258688684852,92.08999633789062,-0.039913776189841106,0.12116477255001397,0.17716978635063052
2022-12-09,17936.349609375,0.01336922177323648,0.07413649895246179,0.018772169894261115,12266.41015625,-0.06170817273277761,0.1212855533108578,-0.13529382810727864,4110.41015625,-0.040465214655461844,0.08573121673007399,-0.08740295799511644,79.65579986572266,0.0005249137507331818,0.013121926771933839,0.06479043281669039,17.940000534057617,0.01856592923226022,0.20130894988398854,0.0129870955095992,87.77999877929688,-0.04793264961294489,0.1173684981779784,-0.023364469718441527
2022-12-10,17123.599609375,-0.04637175201842743,0.07519106271788896,0.031859137825779316,10417.099609375,-0.16341599596225803,0.12843003986985843,-0.20661604145278734,3577.030029296875,-0.13898996288861143,0.09859844497874232,-0.16022697090398497,82.2739028930664,0.032339109506966994,0.014463713251544177,0.08063318794358709,20.18000030517578,0.11765914364840005,0.20677116802831436,-0.2111024094853834,87.2699966430664,-0.005826947644542393,0.05733233039980123,-0.17685342948203375
2022-12-12,18497.150390625,0.07715908111127376,0.05711345367438592,0.13898359999401078,11143.740234375,0.06742927714630076,0.11900051682986185,-0.050600305806275725,3990.56005859375,0.10939873126539124,0.10806240318650558,-0.0026218093016475708,82.41300201416016,0.0016892557941957627,0.01548702368845102,0.06524226585188364,13.31999969482422,-0.41542538784699934,0.21778146291127762,-0.40269057620918625,73.16999816894531,-0.17622124683787913,0.06655929555503086,-0.2665397293293392
2023-01-02,17616.30078125,-0.04879203312459938,0.06782857520038355,0.08730517557396666,11816.3203125,0.05860372693475537,0.12208113263796821,0.04200176022073365,4119.2099609375,0.03172980130590402,0.1069946914184122,0.055974797224895845,81.76840209960938,-0.007852329320076719,0.015427866531753782,0.0507551432358877,16.780000686645508,0.23092109975838232,0.24534881755178503,-0.1430030259433508,76.41000366210938,0.043328149715295784,0.08153125938106318,-0.3667854079592283
2023-01-03,17450.900390625,-0.00943340852229129,0.051751000544039256,-0.004781910741527562,11379.48046875,-0.03766987858527176,0.09509481283265504,-0.1147679744805925,3951.389892578125,-0.04159399936017084,0.09271340919593954,-0.06148113347154427,82.6353988647461,0.010547259825320506,0.015365261678692482,0.03841493696371212,13.0,-0.25523838449799374,0.2677747286660353,-0.33639612563848476,77.69000244140625,0.016612954800733496,0.08624969024956966,-0.15490044399540592
2023-01-05,17450.900390625,-0.00943340852229129,0.051751000544039256,-0.004781910741527562,12212.599609375,0.07065639903520692,0.10135750175553748,0.15845989526739412,4167.8701171875,0.05333775350280789,0.09595507467782659,0.15377083900900157,81.74479675292969,-0.01083598693737419,0.01735629147619388,-0.013128955111428198,13.0,-0.25523838449799374,0.2677747286660353,-0.33639612563848476,75.66000366210938,-0.026476912780235423,0.08591679945860628,-0.16975742409262895
2023-01-06,18487.75,0.05771710496201964,0.058569223157139944,0.07231309088799964,13100.98046875,0.07021889866751573,0.046939038923743556,0.17876580829794508,4221.02001953125,0.012671667567637091,0.05529342280958638,0.06689209919821248,82.66680145263672,0.011215928501468124,0.010178821553954082,0.016264275722092547,11.600000381469728,-0.11394422646389685,0.2645053686765762,-0.40876657057661125,70.0999984741211,-0.07632689533369776,0.08679647610358782,-0.1893142421127043
2023-01-08,19733.55078125,0.06521192188531186,0.05473123247578933,0.09459356099894722,14283.91015625,0.08644666754603193,0.04980781452423732,-0.05738231411691841,4576.72998046875,0.08090795542880934,0.04618362991540567,-0.028928033921627683,82.2332992553711,-0.005257767509574092,0.010521532009585013,0.11040550030962826,10.279999732971191,-0.12080489694618612,0.238557494851797,-0.33975594512127905,81.37000274658203,0.14908391618942934,0.08463091272122379,0.0018468545139675996
2023-01-09,19435.30078125,-0.01522923202976515,0.04948711407487386,0.07640506659928281,14031.8095703125,-0.017806875458280462,0.05750216523727426,0.017450261426421365,4515.77001953125,-0.013409045769792825,0.04942620455881383,0.021981849575246848,82.68240356445312,0.005446484617238548,0.00983686865755089,0.09457448053821804,11.369999885559082,0.10077806364582664,0.19441802592381155,-0.3597973119916489,85.55000305175781,0.050094347547615284,0.08512496529897282,-0.08109554829328969
2023-01-11,18989.150390625,-0.02322325645830962,0.04277207920805508,0.09291646732327075,13061.4697265625,-0.07166021043009588,0.06900638340815818,0.016946697555614954,4237.85986328125,-0.06351732670001224,0.05653779605251631,0.007979859767697883,83.2771987915039,0.007167982633345994,0.00921863371415104,0.09129692593907857,12.050000190734863,0.058086378068002945,0.14519425886365533,-0.3549250538611557,80.44000244140625,-0.06158944075531435,0.09329193339315732,-0.2642458511460699
2023-01-12,20267.900390625,0.06517058899548532,0.04506512297451,0.21872236426265368,14305.0302734375,0.09094458877670984,0.07267231728646369,0.06658760651695039,4594.6298828125,0.08082981216440761,0.06235741884971569,0.04126886537261121,83.35269927978516,0.000906205840871941,0.006313112438196487,0.09794081421159984,12.380000114440918,0.02701760073518276,0.1016854312685077,-0.5116370837023569,74.06999969482422,-0.08250100735000225,0.10132954702217835,-0.2144448088277976
2023-02-01,18197.44921875,-0.10775694154415803,0.07216735714941555,0.029561612513473,14305.0302734375,0.09094458877670984,0.07267231728646369,0.06658760651695039,4594.6298828125,0.08082981216440761,0.06235741884971569,0.04126886537261121,82.74980163574219,-0.007259376449722568,0.006364091259235443,0.07089817386588249,14.6899995803833,0.17108468512053396,0.10836224750696391,-0.19594968733890106,74.06999969482422,-0.08250100735000225,0.10132954702217835,-0.2144448088277976
2023-02-02,17610.400390625,-0.032791772646012685,0.06146916279872257,0.08927394623170737,12200.8203125,-0.15910805457517935,0.1066514874350976,0.0736151349207208,4179.759765625,-0.09463443220683149,0.08097867996172999,0.062152134904389644,81.71029663085938,-0.012641593424791576,0.008459198722283753,0.029986848590491055,15.729999542236328,0.06840272634787185,0.05482076287356858,-0.31008771628957765,75.87999725341797,0.024142520965325275,0.0930893458189767,-0.28218713545932006
2023-02-03,17321.900390625,-0.016518039360784272,0.06143234799391244,0.06819810006320925,11462.98046875,-0.062380434928398315,0.09117142321817324,0.007947247109666433,3981.35009765625,-0.04863279025582938,0.06742418537104919,0.03292838844306134,82.4198989868164,0.008646876640887537,0.009184984099080628,0.04199987518696635,12.970000267028809,-0.1929306690523308,0.13398527389208023,-0.2939575571859331,78.16000366210938,0.02960494571811221,0.059675042325756544,-0.2491112843506006
2023-02-05,18147.650390625,0.04656947783115161,0.06885623548043232,0.02767146444447599,12080.509765625,0.05247063747755388,0.10109641542666749,-0.054726549879770436,4119.580078125,0.03413025309104014,0.0730877219167476,-0.02084248004030409,81.77469635009766,-0.007859040138037652,0.008419682079720568,-0.00783788201957114,11.899999618530272,-0.08610065085533755,0.14078621795638632,-0.3518518941758134,71.66000366210938,-0.08682529160777468,0.05770593865661524,-0.24040697006760514
2023-02-06,18534.099609375,0.02107116029445162,0.0591037402922823,0.09129709376420991,13240.76953125,0.09170727975802868,0.1102313766549769,0.269952780983961,4282.3701171875,0.038755386638316264,0.07158788942901805,0.19324628913864594,82.27670288085938,0.006120131861652819,0.009390604541864316,0.022287967974382594,11.130000114440918,-0.06689419249154727,0.14212097550718086,-0.4568081874686356,71.73999786376953,0.001115679345978119,0.0574135081466385,-0.19709010532834015
2023-02-08,19526.55078125,0.05216286042455346,0.037709243158639306,0.06413465138967922,13973.4501953125,0.053858444008382356,0.10387590694850234,0.23404070171081037,4513.39013671875,0.05254194240036566,0.06458460221771606,0.1303454390606542,82.30729675292969,0.0003717721344815904,0.009057968964069086,0.11504385630812397,11.279999732971191,0.013387046827489613,0.10001875621015412,-0.21721028088720173,79.48999786376953,0.10258275838407814,0.06805321127578526,-0.10645235294697797
2023-02-10,19526.55078125,0.05216286042455346,0.037709243158639306,0.06413465138967922,13307.76953125,-0.04881107457815763,0.06861042004971697,-0.1238195859283191,4288.39013671875,-0.05113716141410416,0.05068531504820878,-0.09266346163283168,83.03479766845703,0.008800004776499228,0.007068515729973669,0.09491145316644989,11.279999732971191,0.013387046827489613,0.10001875621015412,-0.21721028088720173,88.81999969482422,0.11098064571724883,0.08108268010032213,0.074782192047667
2023-02-11,19133.25,-0.02034745874062212,0.03407637153193684,0.05056461194611361,13294.1904296875,-0.0010209099451205343,0.05489713278414316,-0.005786895705148676,4317.77978515625,0.006829928516721895,0.041149316123927276,-0.018117410457809235,85.19400024414062,0.02567124273213853,0.012416069124503975,0.1004360236652102,11.079999923706056,-0.017889547963743042,0.07913546698986106,-0.3550640438365994,82.45999908447266,-0.07429853025199618,0.0939766466117336,-0.1803180881192048
2023-03-01,18232.55078125,-0.04821915816986588,0.04343885574307985,0.040059209979506516,10386.98046875,-0.2467739861119307,0.13231523853750357,-0.08653442590315608,3824.139892578125,-0.12140775421587288,0.07168775718838873,-0.02695624095207183,82.70600128173828,-0.02963884539996401,0.020167177485301946,0.04061766785564869,14.390000343322754,0.2613918703242996,0.14013769959186595,-0.20759909337921056,76.93000030517578,-0.06941739473829825,0.08968425600422732,-0.27513424765778727
2023-03-02,17854.05078125,-0.02097808407364987,0.039657711888410226,0.1294313500284665,12006.9501953125,0.14493252118034816,0.14600819849306335,0.06588881364019539,4136.47998046875,0.07851160260207707,0.08075571856730515,0.08318841719353998,82.0458984375,-0.008013338573424402,0.020479791703574408,0.03054613601738576,14.399999618530272,0.0006946353332987231,0.12847933048324728,-0.40667493420158174,73.38999938964844,-0.04710824319734946,0.09393447761407425,-0.2342445513989081
2023-03-03,17594.349609375,-0.014652611427436032,0.03732737766643252,0.09565457261167332,11689.009765625,-0.02683660098944537,0.14020826893107535,-0.10409755812041366,4045.639892578125,-0.02220544844206076,0.07359448879297818,-0.05479013939142896,82.35569763183594,0.0037688145181171326,0.02057463475960715,0.03389455344952341,12.18000030517578,-0.1674328927537679,0.15429984634170757,-0.34339618295823526,79.68000030517578,0.08223093886593817,0.08893217070636203,-0.1347594367055993
2023-03-04,17398.05078125,-0.011219629697050468,0.01462490436083456,-0.01695655211145497,12189.4501953125,0.04192177546885054,0.14391017094318723,-0.00627404105660756,4124.509765625,0.019307436559880067,0.07333617657056275,0.0034302195739666086,82.18479919433594,-0.002077281912357411,0.019993949910844553,-0.0010830129068543082,12.59000015258789,0.033107572838791316,0.15440349568076184,-0.2850653199190011,80.41999816894531,0.009244261594119353,0.06601434137459615,-0.08384598670201204
2023-03-05,18089.849609375,0.03899281002603428,0.03161197128185801,0.008558040144342804,12025.330078125,-0.013555574608984513,0.1436590876667405,0.15438370842711846,4090.75,-0.008218840700216147,0.07289348734954167,0.143616342746808,81.77870178222656,-0.004953520022080679,0.01275673637003741,-0.0076966038905439405,11.84000015258789,-0.06141921783267437,0.1583888777053145,-0.34002230768551966,68.5999984741211,-0.1589703662117729,0.08997804043785365,-0.2139337560113066
2023-03-07,19322.55078125,0.06592186217918965,0.038640964635377736,0.12841640905169815,13816.76953125,0.13886777290986907,0.08165239798258908,0.23986823460129925,4455.58984375,0.08543112522456348,0.04930721970698136,0.11653246119045346,82.09629821777344,0.0038760864461172104,0.005275990800073718,0.004010059017230505,11.539999961853027,-0.025664384569027074,0.07716603710860145,-0.4281466904193634,69.79000091552734,0.01719823365867059,0.09046597868280055,-0.046193758890272885
2023-03-08,19381.650390625,0.0030539142272812095,0.03488579463263568,0.047818176385066025,13959.7197265625,0.010292982389586553,0.06616282798007095,0.18139313740463558,4501.89013671875,0.01033788641871986,0.041549849083630616,0.09290135230061325,82.7332992553711,0.007729245458690799,0.005096553386169301,0.0011847270294567114,11.1899995803833,-0.03079877294974835,0.07380326214765828,-0.15990992216528188,81.55000305175781,0.15572562034156795,0.11666422697562734,0.06726867089783028
2023-03-10,19528.75,0.007560976432243753,0.031154428106867846,0.10856134000536177,13059.4697265625,-0.06666250008149024,0.07634968253648446,0.1476332124674793,4229.4501953125,-0.062425331827261746,0.053262914234743455,0.07037025206159853,83.3593978881836,0.0075391827474669635,0.0057251334392458665,0.01975172976616446,11.789999961853027,0.052231226489168225,0.04741292255665434,-0.29737786177588243,89.2300033569336,0.09000097704424609,0.11772920975023314,0.14853907263332644
2023-03-11,19230.599609375,-0.015384998694665322,0.03226273911917063,0.10198323174809332,13478.2802734375,0.03156600103375404,0.07581863188501992,0.10363728481615819,4358.33984375,0.030019207924722565,0.05399722240209886,0.04569953506397417,83.24729919433594,-0.0013456687243257454,0.005589102418934705,0.0070221386517757,10.880000114440918,-0.08032545936747999,0.05073951069630116,-0.16307691427377558,80.51000213623047,-0.10283591668757387,0.13085581454902134,0.0641025408322835
2023-04-01,18042.94921875,-0.06374775658423998,0.046667208719059536,-0.02405921657584076,10458.759765625,-0.25363963883616775,0.1460028373714186,-0.20168114206623966,3852.969970703125,-0.12324694319828554,0.0816639653381864,-0.08719457551139442,82.78569793701172,-0.005560369981914881,0.005796055511148429,0.0067174573638979496,15.199999809265137,0.3343691633576212,0.16591342510192963,0.3103447680524374,72.83999633789062,-0.10011622226228739,0.11459228039258716,0.03908698892170537
2023-04-04,18042.94921875,-0.06374775658423998,0.046667208719059536,-0.02405921657584076,12126.330078125,0.14793924561722588,0.14862627586411495,-0.15104968139140384,4100.60009765625,0.06228905641259504,0.07515985445706305,-0.10403276681044982,82.14089965820312,-0.007819255032172553,0.007252427193015466,-0.0065492037350834975,15.199999809265137,0.3343691633576212,0.16591342510192963,0.3103447680524374,80.70999908447266,0.102597267409532,0.12170532030849592,-0.008111142187924969
2023-04-05,18255.80078125,0.011727897086890864,0.031062408545890922,-0.0748851545462409,11966.400390625,-0.01327637287345067,0.1475533259465879,-0.14719478406101982,4061.219970703125,-0.009649914410116386,0.07388937262887253,-0.10065836985987797,81.77999877929688,-0.0044033612003048185,0.005984040882532324,-0.017978510732037045,11.729999542236328,-0.2591457916635371,0.21739065494513685,0.1410505687674808,68.55999755859375,-0.16315323331311435,0.12229359317874279,-0.1985973686393102
2023-04-07,19389.0,0.0602230143969067,0.04506098452038838,-0.0023823033032073226,11966.400390625,-0.01327637287345067,0.1475533259465879,-0.14719478406101982,4061.219970703125,-0.009649914410116386,0.07388937262887253,-0.10065836985987797,81.95010375976562,0.0020778713142405782,0.003854561665310345,-0.016827235736080026,11.699999809265137,-0.0025607981387621697,0.21664997661754015,0.02902374028386623,68.55999755859375,-0.16315323331311435,0.12229359317874279,-0.1985973686393102
2023-04-08,19517.0,0.006579985700196664,0.04502236514408865,0.027797431613138412,13909.240234375,0.15045062924242453,0.16525158715187344,0.06490621082927817,4478.02978515625,0.09769975572440813,0.0850836566890174,0.05667245487656203,82.7843017578125,0.010127879795305961,0.0072821432545313,0.0004169209035953525,10.56999969482422,-0.10156905449132007,0.21985675184359735,-0.12282161597379904,82.81999969482422,0.18896033575286572,0.1519360021964289,0.02958723497244531
2023-04-09,19528.80078125,0.0006044584243727409,0.04422792512573464,-0.03646651084376129,13909.240234375,0.15045062924242453,0.16525158715187344,0.06490621082927817,4478.02978515625,0.09769975572440813,0.0850836566890174,0.05667245487656203,82.6969985961914,-0.0010551424183163132,0.00686121933322459,0.012075613551981501,10.960000038146973,0.03623251399016751,0.21827973461635758,-0.11470113595859788,82.81999969482422,0.18896033575286572,0.1519360021964289,0.02958723497244531
2023-04-10,19436.099609375,-0.0047581975493451705,0.026097244733225954,0.0680672535878677,13236.009765625,-0.0496122564742091,0.1669029032318178,-0.07473039115460844,4263.75,-0.049034114845494775,0.08805701478592053,-0.07201448021966883,83.22979736328125,0.006422116394381494,0.005786872291753549,0.009826490767653073,11.65999984741211,0.06191188283547348,0.13092586879966137,-0.2062627514991482,84.22000122070312,0.016762862795387322,0.14383107985596869,0.13703255795460945
2023-04-12,20686.80078125,0.062363711948331305,0.03337925020526297,0.17469224562677965,14185.490234375,0.06927849985129882,0.09135154925790412,0.162666924931405,4569.77978515625,0.06931596193883627,0.06104311785756155,0.09331158760339187,83.21859741210938,-0.00013457565876667403,0.0047023585139260755,0.01765706418315549,12.989999771118164,0.10801564522675308,0.07914236306601206,-0.1741894374352041,73.04000091552734,-0.14242518840668553,0.15281983625229942,-0.037427470225200876
2023-05-01,17992.150390625,-0.13956028010062135,0.07469017033336939,0.03869379137884632,10305.240234375,-0.3195671012385478,0.1781149090317646,-0.10099818607657873,3808.10009765625,-0.18233461395668524,0.11067749880134717,-0.043515389440880625,82.66649627685547,-0.0066564531089931,0.006597461980101698,0.004737591351473336,14.979999542236328,0.14253613446809113,0.09385056671501138,0.15497295557635127,73.66999816894531,0.008588387018585502,0.14256467585401617,-0.05744633166311808
2023-05-04,17557.05078125,-0.024479950224045102,0.07373698096283983,-0.032544136384735634,11996.8603515625,0.15199245170546372,0.19692627006277785,-0.006924328168710581,4090.3798828125,0.07150744389193071,0.11737043714654484,-0.007088148490559276,82.11479949951172,-0.006696134244699516,0.005439073977520533,-0.002338762916680448,12.40999984741211,-0.18821336060979396,0.12981056180127,0.04285716346475188,80.61000061035156,0.09002708302726956,0.12166283060811112,0.12489529013203993
2023-05-05,18069.0,0.02874213958193637,0.07682300446576931,-0.025094265120909398,12235.41015625,0.019689241339227868,0.17998983268702134,-0.07592907441121277,4136.25,0.011151733628884882,0.10539445636995116,-0.034121319080067325,81.71610260009766,-0.004867185389098876,0.005604063991502688,-0.015881234198036887,12.300000190734863,-0.008903309035685343,0.1310148491101224,0.10512129957446237,71.33999633789062,-0.1221655902696104,0.09901530762874913,-0.0055757114272360075
2023-05-06,18593.849609375,0.028633097144717217,0.07940248176441887,-0.04776579244966339,13229.4296875,0.07810965015251368,0.1847383841608272,-0.05324529714659065,4273.7900390625,0.03271145027573436,0.10530577185303769,-0.053086502694943194,82.40979766845703,0.008453256896467849,0.006416880386806149,-0.032680735353486146,11.140000343322754,-0.09905701256721502,0.13863935895656201,-0.01241129370235905,72.1500015258789,0.011290177771022657,0.09839965952797336,-0.09233861536227439
2023-05-07,19398.5,0.042364883617929304,0.0753163115132646,0.01386330079834841,13791.650390625,0.041619495215547,0.18254263104521806,0.036360778433885965,4446.81982421875,0.03968816392439935,0.10121756564540259,0.03694386062113786,82.0071029663086,-0.004898468537173926,0.006427990903090349,-0.008450394222891844,11.880000114440918,0.06431405824951651,0.130549741789356,0.0722021837764848,71.79000091552734,-0.005002103027337543,0.07615110147244807,-0.19173608238921513
2023-05-09,19574.900390625,0.009052409770047174,0.02598191709565674,0.07362379655376827,14020.9501953125,0.01648928869076194,0.05620069042358922,0.05466747068720035,4496.830078125,0.011183527013786339,0.02490298475347359,0.04146813915436187,82.7345962524414,0.0088319838695586,0.007775740765984184,0.008394055377016096,10.81999969482422,-0.09346007835402316,0.09620334239758731,-0.24808898980708394,86.69000244140625,0.1885933617017936,0.11559865932394985,0.05129764011518301
2023-05-10,19545.75,-0.0014902817682749907,0.01747970799358594,0.09475156307534371,13219.830078125,-0.058834672636774644,0.05017406657389129,0.2727308112206275,4258.18994140625,-0.054528547863881664,0.03723128577065953,0.11350265968839879,83.44979858398438,0.008607387569070807,0.007402993294927977,0.01328506689409048,10.9399995803833,0.011029513424096546,0.07018764461314461,-0.24027778679206058,82.30999755859375,-0.0518459877195998,0.11537468625843271,0.06993366998668793
2023-05-12,20855.099609375,0.06484063242605598,0.02641191860253903,0.1853293854217002,14229.91015625,0.07362811744949804,0.05573799723223613,0.18513943380937326,4567.18017578125,0.07005181149189661,0.04660059962221833,0.10412239327789341,83.41709899902344,-0.00039192417253679094,0.006379788162782949,0.014994254616033986,13.460000038146973,0.20729656841303454,0.12664168026090497,0.10509028743022841,72.31999969482422,-0.1293918654593155,0.11738076614545183,-0.014579638966111474
2023-06-01,17859.44921875,-0.15506576776313077,0.08631897621135566,0.02652012247241231,10569.2900390625,-0.2973934683134048,0.14937395110218385,-0.09579252212239298,3895.080078125,-0.15918174677371963,0.09110130515242142,-0.03721532772339242,82.64520263671875,-0.009296534059691173,0.008078333921791168,0.010595678772202133,15.029999732971191,0.11032585894781438,0.11202191484783189,0.1938045711525871,73.7699966430664,0.019851387526683563,0.11759911290316419,-0.07417173242311692
2023-06-02,17764.599609375,-0.005325045110002872,0.08187466585973617,-0.017979696184507787,11887.4501953125,0.11753060811141232,0.16355092712480002,-0.02477552269881178,4111.080078125,0.05397154839342511,0.09357468893685045,-0.0032560687846898695,82.22599792480469,-0.005085249744817485,0.008110314768019905,0.0015798484200493235,14.6899995803833,-0.022881224377495107,0.1178011967931432,0.2407094080292289,74.11000061035156,0.004598384808212535,0.11748470636548455,-0.07846304031663598
2023-06-03,17711.44921875,-0.0029964120666310505,0.08106753393406586,-0.0833793416169134,11675.740234375,-0.017970033276319124,0.16183415227041825,-0.02907112249550059,4048.419921875,-0.01535912446927312,0.09241393720676479,-0.010347754843243906,81.7125015258789,-0.006264520902157553,0.006979704413680785,-0.012338414383080698,12.270000457763672,-0.18000966559062798,0.14579881202303854,0.06325827541800311,80.45999908447266,0.08220967094395844,0.07983032971764399,0.17288631011887956
2023-06-04,17599.150390625,-0.006360651361431904,0.08081829381136853,-0.09196843220648554,12087.9599609375,0.034696707748955856,0.16401361474341228,-0.12512400720026307,4105.02001953125,0.01388395751155106,0.09126784258759853,-0.0786809011853965,81.94999694824219,0.002902260337973391,0.004856016404019936,-0.01690752303455867,11.800000190734863,-0.039057748394781655,0.14870347659424799,0.05451301458678581,80.69999694824219,0.002978382316842812,0.07721193870829333,0.15632606232403012
2023-06-06,18599.0,0.05525718821401818,0.07835004487234166,-0.04760929398963065,13276.419921875,0.09377961084117756,0.1670446429675028,-0.04894796013614222,4283.85009765625,0.04264154100566683,0.08613710329305999,-0.048432998682953365,82.51119995117188,0.0068247731598188935,0.006758033730855332,-0.008842319814432398,11.380000114440918,-0.03624210888108594,0.10283737077166578,-0.03477522041888703,71.73999786376953,-0.11769009513308148,0.07249226539950882,-0.12029435709232417
2023-06-07,19497.30078125,0.04716821868121595,0.03088775201434102,0.013868583262738321,13679.0400390625,0.02987521364126619,0.05413788016016463,0.04744222586923397,4411.58984375,0.029382972514653844,0.027028524070110447,0.043064615972866926,82.39409637451172,-0.0014202527020501015,0.005483379230543959,-0.004730304536394114,11.84000015258789,0.03962620358884577,0.08055069213524466,0.08823529669570251,71.80000305175781,0.000836076231029278,0.07157788176219444,-0.19533788691515708
2023-06-09,19611.05078125,0.005817188207996194,0.02917963364062467,0.08690938180275154,13872.4697265625,0.01404154380392544,0.04074861086469768,0.02924627215994713,4465.47998046875,0.012141573698248878,0.021738141749773593,0.0245827862350827,83.08609771728516,0.008363603636677834,0.006011560742706077,0.011507033195583327,10.68000030517578,-0.10311078023679071,0.08233864722402112,-0.29736839215841293,87.54000091552734,0.19821132366336955,0.11657531454651834,0.08731832806812578
2023-06-10,19653.5,0.0021622167804562584,0.028249482211701243,0.07656192327567113,13431.33984375,-0.03231551040890932,0.04529933116303136,0.28421917557519905,4308.5,-0.03578689127848818,0.029695133073525594,0.11822828435222554,83.22489929199219,0.0016691813461536644,0.003952399874080325,0.017668140551025502,10.300000190734863,-0.036228948353021755,0.05056596454457439,-0.12190958289064302,82.79000091552734,-0.05578855001199434,0.11842469296035134,0.1366008385211961
2023-06-11,19411.75,-0.012376886674392951,0.02978256647148776,0.0011733457114859736,13518.7802734375,0.0064890795392859545,0.04601014165040654,0.11482865684353882,4365.97998046875,0.013252857094028231,0.029688868794963373,0.06471732831596566,83.15850067138672,-0.0007981400084971289,0.00444709661301451,0.014745520215123431,11.109999656677246,0.07570165899586223,0.07041436118368671,-0.05042736429112371,80.81999969482422,-0.024082836334809236,0.11919657091538526,0.0013629118027425058
2023-06-12,20937.69921875,0.07567277163712638,0.036527860795482536,0.0727929097069222,14146.7099609375,0.045402235376367193,0.029288204115699455,0.18220262561335065,4549.33984375,0.04113946035896334,0.029310617431933965,0.12019045423987862,83.31590270996094,0.0018910064524240502,0.0038770842746401763,0.006421518824953676,13.739999771118164,0.21246569738673632,0.11967043300137302,0.29990540849742775,69.37999725341797,-0.15262585392024983,0.1285025739926182,0.011960322695802494
2023-07-02,17721.5,-0.16677273275820864,0.0893130206439032,-0.09254540519381127,12113.7900390625,-0.1551376091410964,0.07819714078433572,-0.12908326875218268,4164.0,-0.08850598239795372,0.05114269675815775,-0.07012677454651917,82.75499725341797,-0.006755037631914636,0.005448831192419372,0.0007013393256236622,14.130000114440918,0.02798893465944459,0.11973652800257846,0.28923358259676646,77.13999938964844,0.10602334291373958,0.1382808943848775,-0.06858247194041889
2023-07-03,17721.5,-0.16677273275820864,0.0893130206439032,-0.09254540519381127,11530.330078125,-0.049363514682887445,0.07551940636414814,-0.12886660841923747,3986.3701171875,-0.0435950789859328,0.05076017877445929,-0.06505538148636758,81.85440063476562,-0.010942335203748816,0.0056513614624923054,-0.01652529228819688,14.130000114440918,0.02798893465944459,0.11973652800257846,0.28923358259676646,77.58000183105469,0.005687740746145505,0.09399792167259455,-0.0788411219829831
2023-07-04,17721.5,-0.16677273275820864,0.0893130206439032,-0.09254540519381127,11530.330078125,-0.049363514682887445,0.07551940636414814,-0.12886660841923747,3986.3701171875,-0.0435950789859328,0.05076017877445929,-0.06505538148636758,81.831298828125,-0.00028227031279853023,0.0053062509607016825,-0.016670535518813034,14.130000114440918,0.02798893465944459,0.11973652800257846,0.28923358259676646,77.58000183105469,0.005687740746145505,0.09399792167259455,-0.0788411219829831
2023-07-06,18726.400390625,0.05515572211596398,0.09528037569723523,-0.03651448762938403,13104.900390625,0.1280052742427652,0.10591527166920425,-0.07617571376782306,4267.52001953125,0.06815179507005988,0.06369523798676771,-0.06614317972319206,82.51719665527344,0.00834691923884635,0.0075283636667409,-0.001806047532025734,11.4399995803833,-0.21118425552371126,0.15542039624627346,-0.01886794767648614,72.52999877929688,-0.06730943306896882,0.09510187059062318,-0.006982504515851473
2023-07-07,19331.80078125,0.03181713497779035,0.09707304917064799,-0.06550070329038693,13660.7197265625,0.04153830549712745,0.10799856488784293,0.3256090509170946,4398.9501953125,0.03033305364534084,0.0651531589683178,0.15515613626330294,82.76840209960938,0.0030396554768970874,0.007675639477848637,0.007959619996411815,11.529999732971191,0.007836361849617342,0.1531101283789917,-0.11239415426265997,73.86000061035156,0.01817116514304443,0.09721984366333176,0.0025791020242802443
2023-07-08,19597.30078125,0.013640392709572482,0.09716217924194438,0.08921392695013153,13994.400390625,0.024132736131248275,0.10627107916683977,0.1665052339133326,4518.43994140625,0.02680086807887943,0.0632605680739309,0.104650440999974,82.69529724121094,-0.0008836362712359053,0.007060481478377081,0.01198288476758691,11.100000381469728,-0.03800716843655694,0.15168193207766134,-0.2590119679127416,81.94000244140625,0.10381588422572775,0.07310052767052375,0.016499216238486047
2023-07-09,19727.05078125,0.006598988448243278,0.08858293375787116,0.12359706804046189,13748.830078125,-0.017703542241515147,0.06752288706478556,0.12369180130033697,4451.14013671875,-0.01500651470063013,0.0433572940369469,0.0761293772665459,83.25740051269531,0.0067742848258686116,0.004119960724428507,0.010285219333364681,10.869999885559082,-0.020938452079955358,0.09532420369681387,-0.12409347145754945,86.87000274658203,0.05842547797520824,0.06376151506730662,0.21769003652784025
2023-07-11,19406.69921875,-0.016372502944767033,0.02693407726604971,0.07403283074602918,13639.8603515625,-0.00795732105769041,0.05793113566218223,0.031024063301103633,4378.3798828125,-0.016481507667015054,0.03542697392874458,0.024472386990012973,83.2228012084961,-0.00041565668877927063,0.004150078286180387,0.014824304215294015,11.1899995803833,0.029013794219600354,0.09552627476416896,-0.09024395066169877,77.37000274658203,-0.11581363582830322,0.09008794890770816,0.07234928773814109
2023-07-12,20901.150390625,0.07418587305562657,0.03390892682224695,0.12408946128544907,14339.990234375,0.05005573995765106,0.029865353331259503,0.03975882713230172,4585.58984375,0.04623997764207337,0.028459778291640467,0.031206575714056495,83.28959655761719,0.0008022868398991477,0.003137141833090901,0.006708201046661921,12.670000076293944,0.12421651553009416,0.06350230973301516,0.13734288023503183,69.33999633789062,-0.10957725661760888,0.09941934957921995,-0.034127379111187794
2023-08-02,17871.69921875,-0.15658578763203942,0.08556697801104346,-0.07870715680336104,11910.51953125,-0.18563015031792304,0.09241730353391579,-0.1505198031990772,4117.85986328125,-0.10758516609518703,0.05927851960594993,-0.08427496886912955,82.74189758300781,-0.006597555049629118,0.004769575449236758,-0.00848295637603158,13.600000381469728,0.07083282043658162,0.06655643594840455,0.14478116586362977,78.47000122070312,0.12369451425261613,0.11638131459163326,-0.09482063662714768
2023-08-03,17754.400390625,-0.006585017909602817,0.08430150419977288,-0.09300175038805769,11576.0,-0.02848801451820915,0.08796795713763356,-0.12434577966664362,3992.010009765625,-0.031038711837918342,0.05500929481104205,-0.06251011234898562,82.07460021972656,-0.008097502596795073,0.006009409067115389,-0.016093808049025937,12.449999809265137,-0.0883492132006035,0.08200328075184153,0.1506469649181812,76.66000366210938,-0.023336293972479192,0.10463164160187903,-0.06864286312804624
2023-08-05,18264.400390625,0.028320436854380876,0.08652915877987133,-0.06555643090569563,12256.919921875,0.057156679751997015,0.09806528053418558,-0.13865092700591874,4138.1201171875,0.03594674083617417,0.06159644266794298,-0.09394419358994444,81.72979736328125,-0.004209940279932703,0.003842242956373792,-0.011076326807029857,12.640000343322754,0.01514580828967405,0.07869574174683541,0.15539312871526545,73.16000366210938,-0.04673123414437247,0.09688669829579893,0.011615099154173247
2023-08-06,18634.55078125,0.020063595073712942,0.08795016127887927,-0.10647510056134168,13238.51953125,0.077040057294177,0.10816580026419582,0.25254577008696244,4293.93017578125,0.03696083170580581,0.06568582593915555,0.1023984333200787,82.61810302734375,0.010810169311968404,0.007643429690246472,0.004768626862973857,11.260000228881836,-0.11560977284179355,0.1022739602807441,-0.16344723648069237,71.29000091552734,-0.025892795606999492,0.08568354313408044,-0.033617945511620895
2023-08-08,19570.849609375,0.04902376787645411,0.08262179127235418,0.09582604534233119,13884.3203125,0.04762944197891877,0.10785660088759765,0.16798136558964627,4499.3798828125,0.04673714501663821,0.06578100005323836,0.09445201682001714,82.74829864501953,0.001574632371030889,0.007708072293796025,0.012676115646913289,11.329999923706056,0.006197425267587974,0.07739058455315742,-0.2461743097139566,82.91999816894531,0.15112018751356077,0.09372658900588823,0.11887731056587225
2023-08-09,19819.94921875,0.012647772444447012,0.020432953123113447,0.11569918008680147,13761.5302734375,-0.008883130300267892,0.04524280551916541,0.17864306649454598,4457.490234375,-0.009353703538314032,0.03404900844236404,0.10104443718638301,83.24150085449219,0.005942577946119211,0.007594384077530266,0.015759657771136748,10.779999732971191,-0.04976152759602657,0.05726119149890537,-0.2661674580735479,87.51000213623047,0.05387683147361742,0.08179402726720426,0.08762121715109905
2023-08-11,19443.5,-0.019176142797872123,0.024918874717008686,0.09779271926638211,13650.41015625,-0.008107468797550428,0.039310010123467215,0.12925673152141393,4382.77978515625,-0.016902702696852186,0.029459929444102508,0.06766343752367798,83.23269653320312,-0.00010577400504610941,0.005768944714168812,0.008744226025778401,11.039999961853027,0.02383249668351827,0.05871163784354628,-0.10024453545414325,75.33000183105469,-0.1498746108142978,0.11291081299850574,-0.06654269294002091
2023-08-12,20969.400390625,0.07555142685043967,0.03614792100404701,0.19150072163684206,14403.9697265625,0.05373427478973028,0.03881013044963137,0.08492875423665103,4604.3701171875,0.04932270075615716,0.03192437869436612,0.07482054979155572,83.35489654541016,0.0014670964609913323,0.00445219110411247,0.011661031714350623,12.470000267028809,0.12180074371203481,0.08838407180329819,0.05677966656475286,71.2300033569336,-0.055964361026366524,0.11386606191584668,-0.007108928380572199
2023-09-01,18101.19921875,-0.14708605957297222,0.08675351866187068,-0.026764921837195588,10635.650390625,-0.30329224158690954,0.14807231706856286,-0.2224856159311367,3892.090087890625,-0.16805956698609223,0.08846390139747368,-0.1177579453800226,82.27339935302734,-0.013059514466826306,0.0071939567770489075,-0.00978140009683881,14.649999618530272,0.16111452831854423,0.08663542803102983,0.2873461749740944,74.62999725341797,0.046628409222294206,0.11520564368210884,0.03941495935063011
2023-09-02,17893.44921875,-0.011543510824503734,0.08123639085368217,-0.08226018465296381,11789.580078125,0.10300449467241765,0.15833413278928077,-0.15014555371126592,4081.5,0.04751825691336408,0.08861101653081493,-0.08598851235437466,82.65950012207031,0.004681921867153526,0.0075782342980414185,-0.006793629968096293,13.039999961853027,-0.11641875585106114,0.11558437725534314,0.10135133393582363,78.05999755859375,0.044935196135804954,0.08938806608488459,-0.10829338882554296
2023-09-03,17589.599609375,-0.017126884342169135,0.07950827236669729,-0.10307714739118912,11338.349609375,-0.039025346515791814,0.1577730293407119,-0.15582884944638864,3918.320068359375,-0.040801559952363245,0.0888270494772595,-0.09056050403635252,81.9645004272461,-0.008443529759483625,0.007384561307809763,-0.014358126162698603,12.729999542236328,-0.0240601769632511,0.11176365014328121,0.19194748862198718,75.72000122070312,-0.03043538801404734,0.08143380965600454,-0.08539678242107895
2023-09-05,18265.94921875,0.0377308320788336,0.08427917965042928,-0.07060069612282804,12179.5498046875,0.07156754913442405,0.16547557211082306,-0.09906444528737546,4119.169921875,0.049988659832597114,0.0953005553227973,-0.05653027721104009,81.78710174560547,-0.002166681103410652,0.007232156482360402,-0.01834944968042329,12.68000030517578,-0.003935403533304403,0.11303154072811025,0.23106796799691254,73.70999908447266,-0.026903879681868713,0.047119518158034605,-0.08797328182626674
2023-09-06,18563.400390625,0.01615329311008005,0.07206743951981066,-0.04370289177302411,13259.1396484375,0.08492879967745617,0.16961882255968375,-0.06274040500941891,4298.85986328125,0.04269817167791595,0.09426828700811393,-0.05505853356127388,82.48829650878906,0.008536871973683167,0.008937180785635617,-0.0032227751009670236,11.119999885559082,-0.1312806945455833,0.11695563251935187,0.0009001106382415802,70.16999816894531,-0.049217619610885305,0.045334662134260226,0.011386580380535083
2023-09-08,19632.55078125,0.05599702157585756,0.031335908186249366,-0.0623348546497039,13722.01953125,0.03431470819291162,0.05626190577621054,0.13276022508245178,4467.7099609375,0.03852612489154228,0.038484076105952295,0.07293707035002406,82.84500122070312,0.004314983978087291,0.00670481558509601,0.012101983256313398,11.140000343322754,0.001796986787069242,0.06399517255081022,-0.18922849134689768,84.4000015258789,0.1846465765113998,0.09638336377742181,0.09411462527448111
2023-09-10,19512.349609375,-0.0061413644419139185,0.030211333544649093,0.10105519337386792,13484.240234375,-0.017480194153139478,0.05416007481712697,0.16945830197497114,4335.66015625,-0.030002080541893898,0.043707257170159046,0.08762107601512281,83.12460327148438,0.003369319534712987,0.006567737452025338,0.01580452054263226,11.399999618530272,0.02307105662013622,0.06072764721623775,-0.19320597832979314,86.37999725341797,0.023188716055005203,0.09572501940576703,0.11343123504336794
2023-09-11,19395.30078125,-0.006016769455966089,0.02731378505519909,0.03571964588345944,13521.4501953125,0.0027557143619016877,0.043658243541298596,0.03178580471969794,4347.35009765625,0.0026926027097041645,0.03374333508289308,0.018706433188278027,83.21769714355469,0.0011193049700210264,0.003960684827508266,0.008489145495425454,10.979999542236328,-0.03753792754748914,0.060870054693578715,-0.0402097950192023,75.73999786376953,-0.13144974146718774,0.11732144750521666,0.04425753672270738
2023-10-01,17914.150390625,-0.07943988379415581,0.049258414718574096,-0.07333255740975697,10742.6298828125,-0.23005740067816968,0.12091110615874687,-0.2136117204773581,3919.25,-0.10366617756027255,0.06013819073392783,-0.10904878982800625,82.18009948730469,-0.012546857203853646,0.00801452257600778,-0.007107816478040485,15.510000228881836,0.3454095975547935,0.1805338350602536,0.3451865210828613,75.12000274658203,-0.008219522806262218,0.11654316313973352,0.0170593301627171
2023-10-02,17856.5,-0.0032233375636509937,0.04803437197050506,-0.08882859944240562,11718.1201171875,0.08691644457481278,0.12136573839931104,-0.16265650616673832,4090.4599609375,0.04275711465198729,0.06015109564690809,-0.09471852808019221,82.533203125,0.00428750043876676,0.00719324836554983,-0.001960137052753219,12.75,-0.19595372034106162,0.1974260417459484,0.1486486091734529,79.72000122070312,0.05943363919437595,0.11429642633950178,-0.027093008964584886
2023-10-03,17412.900390625,-0.025156254320948174,0.03220603470503777,-0.11730848246330539,11138.8896484375,-0.05069381468674165,0.11690220030059573,-0.1898300011606101,3861.590087890625,-0.05757838509764697,0.056004785249118366,-0.1324492221587802,82.01840209960938,-0.006257036560013026,0.0072015748357502,-0.014881540925566261,13.40999984741211,0.05046941431048742,0.19705025810905683,0.23367065212461013,76.68000030517578,-0.038879588499671026,0.07260838953521376,-0.11730173960201906
2023-10-04,17624.05078125,0.012053157587022424,0.035578936585056106,-0.09185737447704012,12084.3603515625,0.08146952659344614,0.1297042469531182,-0.11404075700978944,4109.10986328125,0.06212738825376958,0.06924799806723717,-0.061499921600745466,81.88480377197266,-0.0016302104222270493,0.006589827011155866,-0.01607729392779489,12.270000457763672,-0.08884338988455054,0.2052275036910227,0.09651482733508532,79.73999786376953,0.03913039300595526,0.0752367069805895,0.03063196372048993
2023-10-05,18315.099609375,0.038461344028255164,0.044501976797476826,-0.1237276768464356,12306.4404296875,0.018210653878263518,0.13062028278013113,-0.1418097063840944,4137.64013671875,0.006919183256808483,0.06947827910258063,-0.0976863876392674,82.1050033569336,0.0026855293162094704,0.0068663371054116535,-0.014222583007280298,13.079999923706056,0.0639270441658103,0.20378113324034508,0.032359893049980215,72.55999755859375,-0.09435754300310324,0.061599753646148094,0.04643786257230542
2023-10-07,19355.900390625,0.055271467848924276,0.03211061479076004,0.08304756888017994,13685.48046875,0.10621271351761785,0.06451821059852908,0.14902464437785268,4409.52978515625,0.06364244906139499,0.05080090739976157,0.07083046328890541,82.61530303955078,0.006195973360141985,0.005005335067827223,-0.0015299932338393996,11.460000038146973,-0.1322216255808826,0.11411764425610271,-0.1573529620071591,72.98999786376953,0.0059086440359430005,0.061943415197181564,-0.06983564765751238
2023-10-08,19543.099609375,0.009624960226408989,0.030723706059228872,0.10074681089734239,13737.990234375,0.0038295539151012806,0.0628023870662475,0.18676487857420532,4468.830078125,0.01335858778722979,0.04971521496466084,0.11944360540001986,82.86630249023438,0.003033565481379111,0.004831358426140799,0.009646130086388593,11.399999618530272,-0.005249392677107334,0.08592433529860595,-0.08433736600971409,82.81999969482422,0.1263471582365133,0.08314686138947323,0.08035475787173141
2023-10-10,19689.849609375,0.0074809917342356655,0.021257992478369014,0.07804522394732838,13562.83984375,-0.01283131635335993,0.05166269644692011,0.10654552124015404,4358.240234375,-0.025058286962989316,0.03819926447431181,0.053193264321458544,83.27030181884766,0.004863469150830741,0.002967373831707404,0.01884874923547164,11.270000457763672,-0.011468953268613621,0.0767728180682125,-0.10838606395155692,85.97000122070312,0.03732883795291472,0.07938980582515645,0.1750956385644391
2023-10-11,19425.349609375,-0.013524360702497065,0.02725667331231182,0.0424372359392049,13798.1103515625,0.017197963150623254,0.046287840081075685,0.04226989422733918,4415.240234375,0.012993885880491005,0.03178362533383417,0.028251521014003966,83.31939697265625,0.0005894140584451947,0.0021492014385388267,0.008488381112798038,11.109999656677246,-0.014298795920178641,0.07064030391381322,-0.013321542553777155,77.16999816894531,-0.10798765564356226,0.09713648576495464,0.08247997163564724
2023-11-01,17895.69921875,-0.0820184771313689,0.05001537728482701,-0.08559415784496938,10931.669921875,-0.2328675778856445,0.1256752127938961,-0.21266078023039703,3969.610107421875,-0.10639436563875114,0.0632486845168147,-0.11774284216683506,81.63739776611328,-0.020393915943223866,0.010965638621683475,-0.013425060056786009,15.4399995803833,0.32911594466998234,0.1736810037827115,0.36275372324387956,77.41000366210938,0.003105261782617435,0.08400246856032183,-0.06644952518703151
2023-11-04,17722.30078125,-0.009736639192343959,0.03741133537549846,-0.1058352074643859,12031.8798828125,0.09589571015833699,0.12306679047690815,-0.12568735861908975,4108.93994140625,0.03449719328283251,0.055875020695649494,-0.07819429199885197,81.98390197753906,0.004235447707161799,0.010668670355784296,-0.015107835202916808,11.979999542236328,-0.2537229629427369,0.2077632983139098,0.11131723923840875,81.52999877929688,0.05185501717779469,0.08553996487938967,-0.06833508411557654
2023-11-05,18297.0,0.031913334305768315,0.04245879351166966,-0.05896572119217214,12328.509765625,0.02435466337832649,0.12463268196906552,-0.09683960961566807,4130.6201171875,0.005262471700085461,0.05498990835910352,-0.05753418613975836,81.9198989868164,-0.0007809824250470395,0.010393185905629454,-0.015772618226576607,13.220000267028809,0.09849230014574548,0.2111525585356527,0.19746379644098067,70.87000274658203,-0.14012378412500007,0.08736692307313,-0.05920614597189655
2023-11-07,19439.400390625,0.06056484247052273,0.053987330593610695,-0.07296345968404672,13760.7001953125,0.10990227010570953,0.13815640861992481,-0.04465918378485201,4439.259765625,0.0720600979493564,0.06676667540898838,-0.03585948726106203,82.52529907226562,0.00736297353352463,0.010872765126608386,-0.009952594358899836,11.010000228881836,-0.1829268830992615,0.23235270896088248,-0.11708099493849033,74.83000183105469,0.05437164698441555,0.09096554211694338,0.050540478793486665
2023-11-08,19428.30078125,-0.0005711482460797105,0.05363934045678839,0.07331567077198575,13644.849609375,-0.008454585063662494,0.13796873109154814,0.28293513872950515,4464.0498046875,0.0055687388897454225,0.06659017449231804,0.1469543879717483,82.79989624023438,0.003321906500289479,0.011089243319917185,0.0063993574028451405,11.520000457763672,0.04528072348104483,0.23326128795380605,-0.21365182541080574,83.19000244140625,0.10590827908135483,0.09404467631228358,0.11469925637168954
2023-11-09,19996.349609375,0.02881893115715241,0.02805572287129348,0.11752347828061205,13917.8896484375,0.01981290526315097,0.05163857066629591,0.18052462905455613,4487.4599609375,0.005230449440015349,0.029418084071301705,0.0994634229909348,83.03130340576172,0.0027908779074606927,0.0029265978838912453,0.0044980103090670465,11.350000381469728,-0.01486691746709542,0.1507219683220084,-0.1296011951938031,87.29000091552734,0.04810874159245169,0.09476965517246973,0.11824242436089394
2023-11-10,19811.349609375,-0.009294751292423412,0.027930393901927513,0.12631043624300808,13659.6796875,-0.018726632768061843,0.050661208477220575,0.2047326249497221,4376.9501953125,-0.024934652003680054,0.03571391387563158,0.11704764259984413,83.25029754638672,0.0026340168243139655,0.0028978890938717574,0.01568724401952437,10.989999771118164,-0.03223202994792173,0.10604874034815279,-0.13668498300766563,83.48999786376953,-0.04450908061635387,0.0974553180844418,0.10261485100111112
2023-11-12,20997.099609375,0.05812932827394193,0.03230718917798409,0.14952140498789257,14432.490234375,0.05503352638225483,0.05233644428386506,0.18497731573135967,4622.43994140625,0.05457051211263096,0.03974818310703812,0.12217753311379953,83.43009948730469,0.0021574463927323457,0.0021149342392431554,0.02008871456051442,12.760000228881836,0.1493295482649345,0.12126518368162131,0.006309142096266429,71.31999969482422,-0.15755004990327137,0.10402205831594066,-0.032424357879986765
2023-12-01,17858.19921875,-0.16192157159821682,0.08525744130396691,-0.037988792841593066,11001.099609375,-0.27148669902057126,0.1299319276789815,-0.17030064536114864,3983.169921875,-0.14884472645894353,0.07658698821257752,-0.07343573678749538,81.63179779052734,-0.021790284507193565,0.010971918940672705,-0.010383275622263044,15.279999732971191,0.1802294704085753,0.09566797163885056,0.37410070955256636,78.38999938964844,0.09451957169856642,0.11049435462891918,0.11714409911928714
2023-12-04,17812.400390625,-0.0025678768393556243,0.08516606606358554,-0.09271084592651757,11929.33984375,0.08100566647477561,0.1417994045645028,-0.13064255472144026,4091.949951171875,0.026943652047328376,0.07904545873336122,-0.0841057304639301,82.07009887695312,0.005354881558442248,0.011260523230952155,-0.009353640320260537,12.270000457763672,-0.21938747023229482,0.16076157537887084,0.10143627285597279,83.26000213623047,0.06027190700963185,0.10208334612180844,-0.01350710152888901
2023-12-05,18314.80078125,0.027814652909021294,0.08503098650644583,-0.06137389151481887,12284.740234375,0.029356962040899114,0.14264666771246617,-0.088955697848081,4124.080078125,0.007821366434107881,0.07923921334697837,-0.048799968286259765,82.10030364990234,0.00036796855980295436,0.01106559725754522,-0.012322460273725189,12.850000381469728,0.04618654499721638,0.16047077837530418,0.12719305363682065,70.04000091552734,-0.17290174693502944,0.12203465691639023,-0.1891641219894119
2023-12-06,18601.5,0.015532703811808274,0.08634958928491389,-0.040927479816007306,13461.919921875,0.09150709230749705,0.15205959236566596,-0.004402654491759916,4338.93017578125,0.05078483089690149,0.08438557887136988,-0.001936794066698111,82.4448013305664,0.00418727964047962,0.011257312406180118,-0.009287637600148835,11.25,-0.13297571237715938,0.17508514211367587,0.024590206650289215,67.12000274658203,-0.04258441740972251,0.12203581873196313,-0.11381034275564594
2023-12-07,19384.30078125,0.041221277750696034,0.08315923818622643,0.08206643120481849,13918.9599609375,0.03338698355098095,0.15029512057712496,0.295675278099911,4472.16015625,0.03024373387728362,0.0809586215727508,0.14107550073355868,82.39990234375,-0.0005447428631423873,0.01107453267313248,0.0026746482155239892,10.9399995803833,-0.027942370012782925,0.15530102963975048,-0.2946486512610452,75.75,0.12095634131005745,0.12060186771167888,0.008386544600421209
2023-12-09,19993.19921875,0.030928676285604105,0.016783020756099762,0.1196594639907036,13773.6103515625,-0.010497468634225685,0.04158978802586963,0.17541126168864918,4461.89990234375,-0.0022968859286327014,0.020675421826128342,0.09080639951334946,82.94329833984375,0.006572970043515594,0.003124015995070003,0.00496885131457514,11.6899995803833,0.06630798095097519,0.12122249615273874,-0.0831372878130745,88.83999633789062,0.1593985134153451,0.13439441788350595,0.11440033840364583
2023-12-10,19794.0,-0.01001331519060037,0.019656985891183674,0.13674342332176725,13574.2197265625,-0.01458208256904382,0.042824786100451206,0.21863310931234636,4349.60986328125,-0.025488507921330967,0.029428389513491436,0.12637793351525906,83.21800231933594,0.0033064766425841895,0.0028946513596139743,0.0146259886686122,10.619999885559082,-0.09599473455080972,0.08665581617461746,-0.20805369079787484,82.91000366210938,-0.06908123150700267,0.13830711905703125,0.08124678315256961
2023-12-12,20906.400390625,0.05467648940062519,0.024918581247415156,0.1862426323048869,14533.400390625,0.06827709024829119,0.046962419671433435,0.2026619504726901,4643.7001953125,0.06542534984897831,0.037459161254135113,0.13009881697452674,83.34349822998047,0.0015069020629397553,0.002695554319140262,0.017813982458453337,12.710000038146973,0.17965008316488637,0.12681207018919632,0.03585978516446575,68.61000061035156,-0.18931742069906513,0.14350954050604142,-0.1395785998443695
2024-01-01,21741.900390625,0.03918594146968754,0.024566022209935565,0.18710249216968022,14533.400390625,0.06827709024829119,0.046962419671433435,0.2026619504726901,4643.7001953125,0.06542534984897831,0.037459161254135113,0.13009881697452674,83.24859619140625,-0.001139334362410504,0.0031295163300992996,0.013928418338906123,12.710000038146973,0.17965008316488637,0.12681207018919632,0.03585978516446575,68.61000061035156,-0.18931742069906513,0.14350954050604142,-0.1395785998443695
2024-01-02,21697.44921875,-0.0020465862306913185,0.027588174848345845,0.120973386970886,15361.6396484375,0.05542399425745475,0.037702304764643785,0.24826018833031327,4906.18994140625,0.05498615690614283,0.03825629740436542,0.18574592745926388,83.05359649658203,-0.0023451258343738907,0.003560800690791886,0.00530523330310162,14.460000038146973,0.1289971311660237,0.1125887530993322,0.10550459652066335,73.81999969482422,0.07319138786904383,0.14508445073099813,0.017364969385686546
2024-01-03,22338.75,0.029128132514749057,0.0274628715241193,0.1430505112548217,16274.9404296875,0.0577530578861599,0.04031509429891076,0.18921220682389506,5137.080078125,0.04598717863211009,0.039468295046707035,0.16499498323333572,82.910400390625,-0.0017256289819098953,0.002395180532182165,0.0005321572106564698,15.239999771118164,0.05253731587128499,0.1040530682031856,0.3298429075382796,79.97000122070312,0.08002188614051194,0.13891891260671052,0.09562958708344205
2024-01-04,22462.0,0.005502153911974546,0.023506605488566742,0.14079083617302413,16396.830078125,0.007461500374748874,0.036259029789432844,0.193539214862527,5243.77001953125,0.020555869151397375,0.03632053621331578,0.17341002630634672,83.36479949951172,0.0054656405812014905,0.003213184779087208,0.0011348305290119765,12.079999923706056,-0.23237234904906184,0.16931559474317007,0.05964915157281836,83.70999908447266,0.04570685412675984,0.11592601239089351,0.010746189240858683
2024-01-05,22462.0,0.005502153911974546,0.023506605488566742,0.14079083617302413,15605.48046875,-0.04946586356922422,0.0491993225316035,0.15060567318733664,5018.39013671875,-0.043931516640152574,0.04381831377872005,0.15147166444311888,83.49839782714844,0.0016012920562969463,0.0032219281120926214,0.00214836953933939,12.079999923706056,-0.23237234904906184,0.16931559474317007,0.05964915157281836,79.0,-0.05791058126805006,0.11464901776943669,-0.08107480658060784
2024-01-07,24141.94921875,0.07212596629581583,0.029493279495142678,0.2428064206936431,17879.30078125,0.13602149812742548,0.06860346602451951,0.29577893825333446,5475.08984375,0.08709949301030301,0.04912257463113296,0.24004347512588464,83.36750030517578,-0.0015688951461905443,0.0032775287408182163,0.02119252433816121,13.829999923706056,0.13528895396916754,0.16584986399093501,0.2271516736433541,83.37999725341797,0.053960587045091095,0.05592921371533486,0.08047167593392124
2024-01-08,25010.900390625,0.0353607866293493,0.029204041647961525,0.3975928006445333,17194.150390625,-0.039074430380469066,0.07636516455452014,0.5728750056949998,5446.68017578125,-0.00520240437100978,0.04974012183723417,0.37209449502300895,83.7177963256836,0.0041930264457462054,0.0032698788412261898,0.02114920498196793,12.93000030517578,-0.06728992377419846,0.15505601572827374,0.16381644507114723,76.30999755859375,-0.08860448020383888,0.07481418094533566,-0.014210128555439572
2024-01-10,25796.900390625,0.03094259934593087,0.023972790782771675,0.455618020991825,17910.359375,0.04081004907095525,0.07477122917399215,0.4885753140359128,5708.75,0.04699380450280493,0.049868910288263776,0.3893486109330253,83.82730102539062,0.0013071670497167137,0.0027384637433744683,0.02328374500170205,11.989999771118164,-0.07547726643588573,0.13988180603434106,-0.22344558957426408,69.83000183105469,-0.08874021622872498,0.07141999806920743,-0.14350542283110146
2024-01-11,24304.349609375,-0.059599014212782436,0.04891295087156638,0.3283242941124227,18239.919921875,0.018233312911351367,0.07450494595464233,0.47949105517460877,5728.7998046875,0.0035059651004297754,0.05049468033408008,0.3869103529637059,84.09149932861328,0.0031467414092151715,0.0021881239707878812,0.018978425694357925,15.899999618530272,0.2822461352843503,0.20113935816362977,0.32721203890481876,69.48999786376953,-0.004880916494865522,0.06140544005182748,-0.01947234131974207
2024-02-01,21665.80078125,-0.11492031411251781,0.07731139714810958,0.11453030164956735,14765.9404296875,-0.21128938804870726,0.12850893296872262,0.07305153226995165,4742.830078125,-0.18887203018608126,0.1059113437317103,0.06838309279638666,83.20259857177734,-0.010626903559099673,0.005959567147582095,0.004863560823489044,14.579999923706056,-0.08666836388664746,0.16479218110452204,0.1028744046298653,70.37999725341797,0.012726266283719197,0.06354774789125225,-0.05946818747490601
2024-02-02,21853.80078125,0.008639838726248033,0.06530336420664232,0.12484365088380867,15628.9501953125,0.0568017698310104,0.10928782647511162,0.14541022017379213,4958.60986328125,0.04449141152283168,0.09738635136401758,0.1107873075417829,82.92759704589844,-0.0033106778215474596,0.006072182820716688,-0.0012490031543462843,14.699999809265137,0.008196759461798434,0.15550067967292164,0.3351498186806172,72.27999877929688,0.02663835596709282,0.05598908501903724,-0.13114561055330765
2024-02-04,22453.30078125,0.027062776285840875,0.06363144137493247,0.12286998476577415,16240.4501953125,0.038380079564768896,0.11257145155234549,0.16687591334191554,5205.81005859375,0.048649888857201826,0.10226250861445235,0.16007944447624123,83.40969848632812,0.005796689056832777,0.006449518743721527,0.0019147191618456016,11.649999618530272,-0.23254133354200338,0.19028951456416948,0.011284648923689078,85.1500015258789,0.16386697619309515,0.09113136703666813,-0.024515973962692117
2024-02-05,22648.19921875,0.00864271257869932,0.05968962253114123,0.1431931526781276,15840.9599609375,-0.024906067591043805,0.1087203325989836,0.1596875126898909,5064.2001953125,-0.02757910371139539,0.0973668918922101,0.15701572312520518,83.40640258789062,-3.9515351536300134e-05,0.006370424920243113,-0.00028403297562495933,13.449999809265137,0.143672944599291,0.19957340477421964,0.18502196979868968,78.94999694824219,-0.07559972298125049,0.08724896507121317,-0.05437778214984812
2024-02-07,24123.849609375,0.063120617425183,0.0671965671934988,0.14891342414758735,18028.759765625,0.12936925944049651,0.1291048763543293,0.2491787261137015,5509.009765625,0.0841886740564033,0.10904263839103052,0.1917969374306323,83.44129943847656,0.0004183078420736576,0.006033650948296212,0.02216662742859743,13.640000343322754,0.01402758571878822,0.13945591890725867,0.24112835554090006,82.80999755859375,0.047734095516246335,0.08597552410852628,0.16110485015332077
2024-02-08,24717.69921875,0.02431859308009342,0.02227055551352439,0.3841092775355508,16776.16015625,-0.0720094072826119,0.0774328302145647,0.5249530276004015,5346.56005859375,-0.0299315167507481,0.050545022909403,0.3422877164318816,83.743896484375,0.0036199063518393758,0.0035154005323458446,0.020394731215462425,14.31999969482422,0.048650462635735955,0.13899951489521178,0.1222570092445121,73.5199966430664,-0.11899136517629699,0.11105602118172322,-0.06212530660161131
2024-02-09,25278.69921875,0.02244255841759065,0.020293072443955517,0.41916297996841867,16776.16015625,-0.0720094072826119,0.0774328302145647,0.5249530276004015,5346.56005859375,-0.0299315167507481,0.050545022909403,0.3422877164318816,83.86380004882812,0.0014307646651988862,0.002435346801728492,0.02147977925204514,14.0600004196167,-0.018323223994107678,0.13894286284500762,-0.07984288839495046,73.5199966430664,-0.11899136517629699,0.11105602118172322,-0.06212530660161131
2024-02-10,25278.69921875,0.02244255841759065,0.020293072443955517,0.41916297996841867,17925.119140625,0.06624419277906773,0.07849413525113233,0.5026078035672945,5709.5400390625,0.06568509243834456,0.053499166695811395,0.39531033057414855,83.87210083007812,9.89744141032094e-05,0.0015185867773115994,0.017312183139224224,14.0600004196167,-0.018323223994107678,0.13894286284500762,-0.07984288839495046,70.0999984741211,-0.047634660113919175,0.11301181303744841,-0.15805913192960175
2024-02-12,24276.05078125,-0.04047181319949592,0.03732792212411749,0.32548811593423954,19403.94921875,0.07927358024748991,0.08197543956574244,0.5795164446745176,6047.14990234375,0.05744860367899656,0.05447567544067181,0.4663027360741907,84.55699920654297,0.008132824451416557,0.0033142177966404367,0.026178391010636792,14.699999809265137,0.04451356458229602,0.06063756940598236,0.19804394953904958,68.0999984741211,-0.028945581524348687,0.06179578257770819,-0.02769849251923928
2024-03-01,21517.349609375,-0.12063073150761938,0.07201441212560968,0.15675346662231537,14592.2099609375,-0.2849887913300914,0.16767864808183536,0.08396202366542305,4704.81005859375,-0.25100166841883215,0.13920904164227552,0.08432490682950933,83.25700378417969,-0.015493598920113327,0.008949542281433708,0.003782167463977526,14.100000381469728,-0.04167265637081686,0.03928091616653543,0.09727626170366155,72.69999694824219,0.06536415181303999,0.07492746114160147,0.08313459435822668
2024-03-04,22434.650390625,0.041747087800732614,0.06703289518909383,0.15736185915591738,16277.4599609375,0.10929350434740488,0.16350320810405436,0.16944513143359496,5211.490234375,0.10228044623056913,0.14261611368924584,0.1653183366189961,83.35030364990234,0.001119997398823238,0.008733082830541358,0.0015898162282088624,11.369999885559082,-0.21519652674143253,0.10735845876973718,0.01066665649414067,85.43000030517578,0.16135598817369787,0.10883477564462464,0.1277887829066109
2024-03-05,22475.849609375,0.001834725968632516,0.06448182545747407,0.12417474379471605,16156.330078125,-0.007469398170141255,0.160941455806936,0.17299166055559279,5127.7900390625,-0.016191073575225274,0.14229464259881844,0.14923914728991816,83.40630340576172,0.0006716346530819388,0.008687997132173476,0.0007535701898178093,14.619999885559082,0.2514121487966559,0.1684380063589341,0.3363802967391747,78.11000061035156,-0.08957923329955307,0.10087870811524374,-0.1207788852976649
2024-03-06,23263.900390625,0.034461437583428976,0.0666028303541843,0.1753006158747601,16828.669921875,0.04077204671193262,0.15840559523122724,0.23975228490990763,5283.39990234375,0.029895036628933867,0.1384882252319266,0.21468363104135268,83.45079803466797,0.0005333261764323789,0.00870506283872542,0.0024288919274604304,20.940000534057617,0.35927078445263844,0.22944402805251868,0.7912747036532417,74.22000122070312,-0.051084425356663354,0.10139995134213992,-0.10481247204886646
2024-03-07,24286.5,0.043017820766805555,0.06952705496516895,0.16167774204165375,18188.30078125,0.07769459828403369,0.15817799807567776,0.2514828114817955,5537.02001953125,0.04688664203749513,0.1371713776415255,0.19237241566983498,83.4791030883789,0.0003391250314267478,0.007232517593471852,0.005123277133632476,13.210000038146973,-0.4606871095246062,0.33551376664271226,0.2438794896890475,83.87999725341797,0.12235350120999339,0.1086573972494982,0.22256225779369165
2024-03-09,25279.849609375,0.04008697985193934,0.01730271774800872,0.1627249299824567,17136.30078125,-0.05957950702677386,0.06723795292781237,0.11552550205752343,5528.93017578125,-0.0014621148746212502,0.04638717438082097,0.12692949963459932,83.92729949951172,0.0053546038274070755,0.0021164146277430386,0.012265036763731585,13.84000015258789,0.04658883979269164,0.33649924324958475,0.08890638167186538,70.33999633789062,-0.17604659830667205,0.1435398780597208,-0.04714174168680729
2024-03-10,25250.099609375,-0.0011775196253890586,0.021531870223594242,0.16373585460704532,17918.48046875,0.04463354253551274,0.053505381303710034,0.100985932708207,5699.93994140625,0.030461299638225567,0.025879450083157642,0.10956805319777896,83.91960144042969,-9.172715187855018e-05,0.0022507656435607356,0.006655110361312833,13.170000076293944,-0.04962143966646024,0.3181310058139461,-0.08921161538380884,73.70999908447266,0.04679788779766644,0.11665350400451768,-0.07827938027603587
2024-03-12,24457.150390625,-0.031907477959157854,0.03254668660714553,0.09483074883890108,19480.91015625,0.08360241104221006,0.05750442162667996,0.18809001882866783,6049.8798828125,0.05958277957547734,0.02293021864528924,0.15372715818557392,84.73709869384766,0.009694292074673618,0.004270350215206072,0.014835025568556093,14.369999885559082,0.08720117057885635,0.29727321770356896,-0.05708660752133654,69.94000244140625,-0.05250069623814886,0.11300175579680899,-0.16449643762593946
2024-04-01,21658.599609375,-0.12152003650422966,0.06749376851623526,-0.035767090669797885,14510.2998046875,-0.2945762911046494,0.15886215020107955,-0.07017923390795955,4688.68017578125,-0.2548872873241716,0.13114291664694547,-0.06570034452384754,83.31809997558594,-0.01688769468036627,0.010092846735288263,-0.0005925610028969519,13.329999923706056,-0.07512556365991552,0.2175527726521711,0.10347682184558393,72.19000244140625,0.03166379942786244,0.11375184800022402,-0.086202500741693
2024-04-03,22405.599609375,0.03390832400600109,0.0656577254463245,-0.07192251104672409,16207.509765625,0.11061597198586212,0.16498736454832968,-0.0935042726826435,5130.9501953125,0.09013973484786067,0.1382141434985543,-0.06285552534454697,82.84609985351562,-0.005681144218242628,0.010350623430548505,-0.010412319846270779,14.920000076293944,0.1126854714220092,0.08308903764781021,0.0788141835575511,78.73999786376953,0.08684969241516564,0.10450416171524991,-0.05564883116445807
2024-04-04,22514.650390625,0.004855315608483413,0.05974130850168883,-0.09980648281401683,16049.080078125,-0.009823168675510701,0.16372980759863281,-0.06659650442073262,5147.2099609375,0.003163947426763576,0.13834479502990263,-0.05498215521729166,83.37329864501953,0.006343429997928816,0.010522880257001491,-0.005415925060423654,11.220000267028809,-0.2850046759952409,0.1587664918763865,-0.13225057987527433,86.58999633789062,0.09503303478177827,0.05891372110282898,0.1347136562467257
2024-04-06,21884.5,-0.028387602107210537,0.05846294957019696,-0.15166164660800985,16857.05078125,0.04911748133746961,0.1641369220728468,-0.05881002003903113,5291.33984375,0.02761667967675349,0.1381203279665469,-0.07311761002846506,83.09339904785156,-0.0033628331050109452,0.010528753863327306,-0.011869217325538917,26.75,0.8688365494481064,0.43635700139473316,1.2310258974679984,73.25,-0.16730604527001144,0.10990511907772506,0.048976057271480355
2024-04-07,24302.150390625,0.10478621618933047,0.08324420486552178,-9.048663244837218e-05,16857.05078125,0.04911748133746961,0.1641369220728468,-0.05881002003903113,5291.33984375,0.02761667967675349,0.1381203279665469,-0.07311761002846506,83.49120330810547,0.004776011837790095,0.009326671947188225,0.003468698589733865,12.859999656677246,-0.7324127812294908,0.5891540185724647,-0.19119497074139113,73.25,-0.16730604527001144,0.10990511907772506,0.048976057271480355
2024-04-09,25198.69921875,0.03622753500898849,0.04921386047444099,0.1630633676165545,17084.30078125,0.013390945578292195,0.15672650960898465,-0.06335659068541599,5520.06982421875,0.0423190171317101,0.1359930365787216,-0.03643520241324549,83.95030212402344,0.0054837056701921745,0.005596343816305346,0.012332505879302902,14.380000114440918,0.11171666813871514,0.5908811121275003,-0.013717408114656604,69.19999694824219,-0.056877429374100175,0.11043150455159427,-0.004173275643148955
2024-04-10,25014.599609375,-0.007332736090852282,0.051839261122515974,0.1446338263885376,18137.849609375,0.059840934679702786,0.04622414036299562,0.2283572249084891,5751.06982421875,0.04099538436479292,0.03172938853893646,0.21258188243849996,84.0093994140625,0.0007037079958662237,0.004063161343275143,0.007189822510060617,14.130000114440918,-0.017538155455658844,0.5883726229658337,-0.038775489946942576,74.37999725341797,0.07218623304749527,0.1149268520845043,0.056834330152033985
2024-04-11,23995.349609375,-0.04159959349388973,0.05931137331548417,0.06867804618787776,18179.98046875,0.0023201208983814827,0.030152629669884246,0.16322467226254367,5712.68994140625,-0.0066958880844748,0.022260571367572545,0.15207489577048605,84.13359832763672,0.0014773013188792475,0.003549153304111883,0.008718704046488446,16.690000534057617,0.16650956487682103,0.5701489946027178,0.43261811850283793,71.47000122070312,-0.039909253258747,0.10628304161514185,-0.011206385891995296
2024-04-12,24467.44921875,0.01948358556165079,0.054697213216662065,0.08032647463176135,19735.119140625,0.08207873169580339,0.03303830429747775,0.215183009293743,6086.490234375,0.06338159358890164,0.025870763587772655,0.16917255256507557,84.68309783935547,0.006510036801685139,0.0025550553737565306,0.014882299403720545,14.449999809265137,-0.14411536831360555,0.36119923818880584,0.07434944343353389,68.54000091552734,-0.04186026850779945,0.08493064470825926,-0.19506753156432333
2024-05-01,21710.80078125,-0.11953376228460473,0.0616885791942044,-0.1000275191231188,14524.0703125,-0.3065924514529708,0.15816413042377703,-0.08313193466083124,4697.240234375,-0.25909644731287357,0.13400351061477153,-0.07246158263592417,83.2406005859375,-0.017180811878665526,0.00959820619336645,-0.006009941256213236,12.630000114440918,-0.13461945593535823,0.14083690595823617,-0.07404693573752474,73.80999755859375,0.07407666090103159,0.06570136216678588,-0.06510449130248985
2024-05-02,21771.69921875,0.002801056853539352,0.05519571612969304,-0.1191858503466724,15597.6796875,0.07131487054672611,0.1641267838412308,-0.13484455446349009,4942.81005859375,0.05095885516462874,0.1351206211251865,-0.10277703818283468,82.99929809570312,-0.0029030655290161428,0.008982023277068327,-0.010308404253344783,15.619999885559082,0.21247719166153825,0.1663602285655336,0.09078213815917402,72.77999877929688,-0.014053015293551203,0.05859154338572209,-0.12112062643402399
2024-05-03,22356.30078125,0.026497270051759548,0.060381782202835375,-0.11560715257580845,15939.58984375,0.021683776561040854,0.16043609495775335,-0.04986661457141217,5078.64990234375,0.027111451767879886,0.13363453644257303,-0.05010888371474975,82.9104995727539,-0.0010704434900922918,0.008869090240779197,-0.011465090868206462,14.380000114440918,-0.08271377683373683,0.17215086477497252,0.022759579322469303,78.1500015258789,0.07118890098098166,0.05832839485721091,0.06297613022604986
2024-05-04,22513.69921875,0.0070157826214044955,0.06044552428717319,-0.07259630400267492,16248.51953125,0.01919585708296044,0.16135148442440564,-0.09353352667961912,5204.33984375,0.024447403838381204,0.13540731628699632,-0.08848351913746333,83.47779846191406,0.0068190022265425055,0.009764557066230205,-0.012762997206095306,11.34000015258789,-0.23750204849591167,0.17132909812685843,-0.22857140818188992,86.91000366210938,0.10624306619368148,0.06352373966751959,0.23980036453487297
2024-05-06,22620.349609375,0.004725948231696576,0.05881661123363673,0.051260960110042,17187.900390625,0.05620387175386763,0.15752996845294195,-0.1142060723382865,5354.02978515625,0.028356645391011216,0.13093547906053507,-0.11461930469407766,83.62940216064453,0.0018144489257009859,0.00898875013522472,0.004472877470226733,18.88999938964844,0.5102963374472606,0.3051892518959052,0.3397162325239187,74.06999969482422,-0.15986255468107066,0.10769422863165076,0.08766521812730743
2024-05-07,24323.849609375,0.07260740809837775,0.029454173913908026,0.08420898858934112,18352.759765625,0.06557428852910845,0.024671333710574263,0.257709408976041,5567.18994140625,0.03904091954472468,0.010995042566154117,0.18329749173131593,83.49340057373047,-0.0016275650564838177,0.0038786131821473865,0.0017168134675211721,12.699999809265137,-0.39703067075653636,0.3627757381664656,0.11697448875045935,83.16000366210938,0.11575591912162227,0.11474235060414537,0.14387905299795345
2024-05-08,24055.599609375,-0.01108953298936448,0.03231945119797215,0.07028655323183264,16200.080078125,-0.12476377381885198,0.07677294041010363,-0.004753805753366702,5186.330078125,-0.0708640947736445,0.04533250676020051,-0.00482782373533841,83.73529815673828,0.0028930172100678775,0.0034046674427279378,0.003944483061142812,20.3700008392334,0.4724612929921409,0.4154530473874358,0.3932969219345812,72.94000244140625,-0.1311292881747549,0.13463361730435694,-0.14620154300775323
2024-05-09,25145.099609375,0.044295229573714956,0.03414897046977756,0.0808634488268396,17127.66015625,0.0556785243556384,0.07978070222052801,0.060120712651206665,5503.41015625,0.05934159549599849,0.050444953548553016,0.07325185203101126,83.98249816894531,0.002947811104464304,0.0030204101104030026,0.006371420607103939,14.210000038146973,-0.36011732664466783,0.4547853353478022,-0.32139447584849457,69.1500015258789,-0.053359138674981585,0.12970268310337196,-0.11471001170732587
2024-05-11,24213.30078125,-0.03776092977764525,0.044005034310215976,-0.003013987966565823,18439.169921875,0.07378249235664239,0.08421640354586253,0.09569977945235997,5782.759765625,0.04951310832455529,0.0526821888158322,0.09451487158103067,84.15249633789062,0.002022163528453735,0.0018794532011899327,0.008066608583453538,16.1200008392334,0.12611484434658085,0.4364924971363266,0.2202877208692744,71.98999786376953,0.040249110630238165,0.11567487680393847,-0.03004585449011754
2024-05-12,24708.400390625,0.020241181363243,0.04368446721691104,-0.022604929522131334,19700.259765625,0.06615461969680449,0.08524077016278836,0.0831281053991395,6075.10986328125,0.04931903671995647,0.05421798707769498,0.09718040423403651,84.70700073242188,0.006567665986543739,0.002921799609573609,0.009290198035201813,14.529999732971191,-0.10384532993567167,0.3617505238557361,0.04985546046069089,68.30000305175781,-0.0526173795488124,0.09554401217713102,-0.18574147248228834
2024-06-02,21929.400390625,-0.11931506251333177,0.06326318799310485,-0.131512321540192,15609.0,-0.23278415075306622,0.1391316237142244,-0.08912663244806751,4954.22998046875,-0.2039583203771144,0.11435107559226386,-0.10394419481546335,83.10369873046875,-0.019109041254950485,0.010308498000682788,-0.009722433090201266,15.789999961853027,0.08316136664722182,0.3070112395783114,0.1989369681382991,73.30999755859375,0.07078718067458528,0.0810289884163774,0.04222350547810949
2024-06-03,22474.05078125,0.02453312495141014,0.06654067053989203,-0.08108465531353026,16031.5400390625,0.026710363336369905,0.1301925667299173,-0.10530694458039236,5104.759765625,0.02993163868913335,0.11274969682001346,-0.10441867491579415,82.88480377197266,-0.0026374728621191466,0.010089356685611934,-0.02185931487420023,14.300000190734863,-0.0991172752476925,0.19240447502828775,-0.0048712383703332085,79.12999725341797,0.07639504297836251,0.06472215104759935,0.07353138293671546
2024-06-05,22442.69921875,-0.00139598557738175,0.059350796699537,0.03620269193376657,16349.25,0.019623990418851163,0.12715601565083923,-0.16075533078957704,5180.740234375,0.01477455658496476,0.10824392298051014,-0.14366229830557398,83.37999725341797,0.005956702111420501,0.010540984929069734,0.0007429031368955119,16.600000381469727,0.14914316773863737,0.12332799404821727,0.24531136357685224,78.4800033569336,-0.008248176879867652,0.054999682439286296,0.12210466996597424
2024-06-06,22821.400390625,0.01673334990071284,0.06088638854075718,0.018557895726924345,17173.119140625,0.04916329591721565,0.12356022804100279,0.18351235824068124,5352.9599609375,0.032701723189789055,0.10609196517243381,0.14167735060870612,83.38079833984375,9.607610984846529e-06,0.010413382938061008,0.006454117783136981,16.799999237060547,0.01197612265354822,0.11132112941811734,0.12600530503707508,75.55000305175781,-0.0380491289188598,0.060550461915287394,0.04654384951820356
2024-06-08,23992.55078125,0.05004468869226809,0.06605208619171747,0.06564172061229923,16366.849609375,-0.048087396816598446,0.11526462634419196,0.009831235399774263,5240.02978515625,-0.021322489133683266,0.09982980495457788,0.021259140255035502,84.00260162353516,0.0074297229493546415,0.010593025868026225,0.007548015836521316,18.739999771118164,0.10928142360058149,0.09762320023697396,0.6702316689053647,73.19999694824219,-0.03159934983604565,0.055680376021961867,-0.07035815425233138
2024-06-09,24852.150390625,0.03520088557847551,0.019342927227444216,0.13560512648792522,16690.830078125,0.019601547663300446,0.03644885559449754,0.039986715554787944,5408.419921875,0.03162980149497439,0.02291229887094213,0.05074787368687872,83.98359680175781,-0.00022626646756195525,0.004344674742101129,0.01071321866847219,15.220000267028809,-0.20804989461859158,0.14762128910571418,-0.43102802740079216,67.66999816894531,-0.07855245609103925,0.057530964941461205,-0.21850096973229893
2024-06-11,24484.05078125,-0.014922366587477549,0.026365969030733783,0.007484950413901181,18983.470703125,0.12870916604018331,0.06393723815430029,0.12614424370366173,5929.0400390625,0.0919053337891665,0.04095124716446666,0.1205177165223541,84.11630249023438,0.0015788910832662192,0.0035257159083338617,0.007487006503213545,14.869999885559082,-0.02326461720216978,0.13950806102643473,0.15629862228170377,71.69000244140625,0.05770837873428102,0.05016245211091468,-0.02129689499786691
2024-06-12,24677.80078125,0.007882168671795841,0.025028541056374674,-0.020671639951652998,19859.76953125,0.04512741634390226,0.06353943596380668,0.16245726328150778,6090.27001953125,0.02683010113030802,0.0401829738354749,0.10329583021048117,84.68379974365234,0.006723922367410363,0.003701608089459077,0.008737283858076816,14.140000343322754,-0.050338068027291905,0.11543446826528204,-0.01668983096023402,67.19999694824219,-0.06467809980378617,0.053185220123641956,-0.028901735378628612
2024-07-02,21930.5,-0.11802572372955084,0.06641031220419744,-0.12329198378290807,15756.6396484375,-0.23143421246125076,0.1354426752821135,-0.13128402827349017,4995.06005859375,-0.19824298315064398,0.11063914703960515,-0.13145550110369242,83.07060241699219,-0.019233439310908075,0.0108409275212683,-0.011174904279974696,15.510000228881836,0.09247730719681896,0.12804081246267646,0.09766455083256176,73.86000061035156,0.09449821557200498,0.07666497039178563,-0.0069910817728957575
2024-07-03,22493.55078125,0.02535027419165646,0.06177415502572019,-0.06258707843699207,16273.3798828125,0.03226879535034658,0.13563117569988511,-0.1048736322470093,5157.35986328125,0.03197535838010837,0.11229316071013586,-0.09720991053617356,82.81909942626953,-0.003032173554149452,0.009831182172538784,-0.015623947239819747,13.609999656677246,-0.13068020050789408,0.11349866140871268,-0.18454168836575657,78.93000030517578,0.06638996989867638,0.08044491241840873,0.10437944532050292
2024-07-05,22302.5,-0.008529856373341305,0.056095574916875786,-0.08848283281981628,16332.5595703125,0.0036299983055995176,0.13520781409264876,-0.172411402539156,5187.7001953125,0.005865682528806528,0.11087868965969669,-0.14766967570018508,83.4728012084961,0.007862140573461383,0.010968055205719782,-0.014292068449778705,17.010000228881836,0.22299662842589002,0.13780360756510926,0.1771626611354875,78.37999725341797,-0.0069926298571100715,0.06438654968398355,0.14356574564418234
2024-07-06,23290.150390625,0.04333176137423698,0.06341413270677816,0.07274488054530748,17133.130859375,0.04785343110278002,0.11920485863786649,0.17963700882317668,5346.990234375,0.030243352910684453,0.09982017527872881,0.1383259036327431,83.47309875488281,3.5645845364319436e-06,0.010889897992039094,0.002793086153977109,16.8799991607666,-0.007671980413301098,0.13668835280969727,0.3365003173251211,75.52999877929688,-0.03703884556608637,0.0678178607069385,0.023303092773275136
2024-07-08,24297.5,0.04234292321545016,0.06757919606602848,0.11601302938609193,16195.8095703125,-0.05626152589833219,0.11374639066291876,0.03834736286396767,5199.5,-0.027971362472173716,0.09624597566379603,0.051931985725399255,83.93489837646484,0.005517069684264497,0.010672272800640878,0.011272387866255507,16.170000076293945,-0.04297176114293563,0.13570468933064408,0.03521128007455032,75.2300033569336,-0.003979779969122879,0.05528542344607349,0.03366315771818407
2024-07-10,24795.75,0.02029880312202376,0.02110883880444739,0.1091168544661889,17923.900390625,0.10138249931141127,0.05802265318606374,0.12448943582152827,5695.93994140625,0.09119116294124673,0.043650765170592014,0.12154609018779317,84.02780151367188,0.0011062354527766008,0.004370850509973887,0.013476000587085313,15.079999923706056,-0.06978832078672588,0.13548298285365235,0.048678706793762405,77.13999938964844,0.025071812673421897,0.03903602769630775,-0.012923891446067537
2024-07-11,24199.349609375,-0.02434651036168947,0.03032935581221507,0.07487220888254331,19269.4609375,0.07238646826226817,0.061796270325565075,0.1859210250164618,5973.10009765625,0.04751244190565948,0.04469969772199714,0.147715229402144,84.2511978149414,0.0026550720338853594,0.003230347411892597,0.009264731069545284,14.9399995803833,-0.00932720590265289,0.1171021917493496,0.31746026272970185,72.36000061035156,-0.06396827590579919,0.03408283073473812,-0.16741459485291976
2024-08-01,21513.0,-0.11766835358727544,0.06756738107424108,-0.04895369118946147,14843.76953125,-0.26094129082880024,0.147679345301977,-0.13638261835945864,4763.5400390625,-0.22627497444836422,0.12451454241647517,-0.11028884219711477,83.19110107421875,-0.012662402655274494,0.007013597023187817,-0.005240992702349456,13.460000038146973,-0.10431982456719627,0.041191198958895454,-0.28745365415295154,70.7699966430664,-0.022218534308748126,0.033599325576757655,-0.044552491769328406
2024-08-02,21717.94921875,0.009481668013187264,0.06276244315101642,-0.10713355132818381,15793.7099609375,0.06203154000693479,0.14941266117591648,-0.13943678429663964,4997.91015625,0.04802875879412319,0.12644282884794242,-0.10225621743605395,83.01260375976562,-0.002147935068692478,0.007027459904451322,-0.005758500799596278,15.829999923706056,0.16218454202266058,0.10388157019362876,0.24645670562589017,76.22000122070312,0.07418877680795992,0.051762613120231594,-0.08345360913648392
2024-08-03,21717.94921875,0.009481668013187264,0.06276244315101642,-0.10713355132818381,16085.1103515625,0.01828226416311033,0.14813955793040806,-0.007096861620933814,5123.68994140625,0.02485501484796723,0.1271367499342807,-0.012077930979162876,82.7522964477539,-0.0031406832888755806,0.005975314384526997,-0.011739394623571542,15.829999923706056,0.16218454202266058,0.10388157019362876,0.24645670562589017,78.01000213623047,0.023213139523044213,0.05242536536745706,0.06950917912152565
2024-08-04,22666.30078125,0.042740202792302166,0.0628517579002578,-0.05775365614181405,16253.9599609375,0.010442547798463372,0.13757584255575844,-0.051011065571246794,5202.39013671875,0.015243290502404576,0.1172302541057891,-0.0546969989488052,83.29679870605469,0.006558352028016443,0.007238891944174623,-0.008164790019835055,11.609999656677246,-0.31004010293483814,0.1705271163830959,-0.43004422295771616,86.43000030517578,0.10249779031116714,0.0680957056205584,0.2498915169630178
2024-08-05,22302.5,-0.01618049456823547,0.05993945560039561,-0.11304785638292625,16302.759765625,0.002997835263773969,0.12922871071955688,-0.11586259930906684,5187.669921875,-0.0028335206167410245,0.11223873158088789,-0.10290758528262722,83.46990203857422,0.002075994714964205,0.007154991423378169,-0.008111396916564928,17.079999923706055,0.3860414177550621,0.26425570288741623,0.20197043475401277,78.98999786376953,-0.09001360616343591,0.0768238465568973,0.0972357300697031
2024-08-07,24320.55078125,0.08662292429106487,0.07668574821800361,0.004429383708108414,18403.740234375,0.12121951330919162,0.04937514299060786,-0.06581230636929458,5572.85009765625,0.0716219692189229,0.02902641480405765,-0.08267500949418594,83.47209930419922,2.632370053610795e-05,0.0038576481774339776,-0.014578504935188863,13.600000381469728,-0.22783836310231445,0.28830689075530175,-0.15632756368290057,82.33000183105469,0.041414348418753355,0.07380354641145158,0.20541724966929986
2024-08-08,24117.0,-0.008404718082932994,0.042253861451299446,-0.02393519536980604,16660.01953125,-0.09954210848304952,0.0782380400765348,0.06733420022102643,5319.31005859375,-0.04656300355431983,0.04295092638574472,0.07369057947738988,83.94239807128906,0.005618390421320104,0.003998122676945888,0.010092202316294818,16.600000381469727,0.19933289755135056,0.29761863927271753,0.14246391510946355,76.19000244140625,-0.07750533102219044,0.08195927305386577,0.03928529503101719
2024-08-10,25013.150390625,0.03648471618154404,0.041841402914021074,0.1406217199316735,18182.919921875,0.08747087853499874,0.08568312837652539,0.13419670708930287,5751.1298828125,0.07805273015504222,0.052348336640569364,0.1266210648226973,83.96410369873047,0.00025854421756760167,0.0030284976493963143,0.013021686456869963,14.59000015258789,-0.1290663453495184,0.2967002433994904,-0.07599745485523812,73.56999969482422,-0.0349929227325029,0.0819575958678069,-0.07026409391608557
2024-08-11,24148.19921875,-0.035191891388503635,0.0489985486229775,0.07449250932977036,19286.779296875,0.05893716304237375,0.08643297216686952,0.17967364233068794,5995.5400390625,0.04161952913668306,0.05268602946874911,0.15727478464972622,84.306396484375,0.0040683691722216715,0.0024220957088368117,0.011110569218914845,14.470000267028809,-0.008258813895730013,0.24884717740584766,0.011888117064787984,70.37999725341797,-0.044328236927669865,0.051415521716383326,-0.10321108253112732
2024-09-01,21544.849609375,-0.11407302006638963,0.07569267091762462,-0.04000631121166043,14857.7099609375,-0.2609009308540167,0.15974502999864548,-0.13482752671354448,4756.5,-0.23150376233639983,0.129624776752213,-0.11142619509394536,83.05069732666016,-0.015006507269250473,0.008190096676549113,-0.003958957215043246,13.260000228881836,-0.08732555707856292,0.1606069703429794,-0.20120482384544225,72.23999786376953,0.026084786669030562,0.049990655692720376,-0.043812111903167805
2024-09-02,21782.5,0.010970104382720346,0.057757638659792394,-0.04552307802512323,15990.66015625,0.07348589175744012,0.15045932748478177,-0.022984842049841858,5026.60986328125,0.05523366977523615,0.12699295826159743,-0.040728761214214426,82.98529815673828,-0.0007877710265609432,0.00817249238097123,-0.012110380477928673,15.449999809265137,0.15285698897966582,0.1450841975945733,-0.08035711244660848,76.83999633789062,0.06173141070402846,0.056425332550834026,0.04972676969129086
2024-09-04,22642.75,0.03873281726632313,0.06404506904398265,-0.056259161168676575,16306.6396484375,0.01956755370433624,0.14567530246647892,-0.023018054098520868,5209.91015625,0.03581683769521105,0.12812653906396326,-0.03670383744096928,83.26959991455078,0.003420074093834854,0.0077649765835195285,-0.008501623107336154,11.359999656677246,-0.30751060792752444,0.16845307933118558,-0.39381004293366506,85.2300033569336,0.10362823367950465,0.0630578417239766,0.2594946898645967
2024-09-05,21957.5,-0.030730945580492577,0.057924171690397486,-0.11647484604458824,16346.259765625,0.0024267453942735957,0.13698913188122921,-0.13892143216286945,5214.080078125,0.0008000625487309207,0.12014397779076924,-0.12058612460484408,83.46430206298828,0.0023354846810191036,0.007943391123744262,-0.007751177927985964,18.200000762939453,0.47132325293156746,0.29068533848645356,0.19579503571798496,79.26000213623047,-0.07261990920648874,0.07307307727124543,0.10559351983578646
2024-09-07,24433.19921875,0.10683406439961392,0.08210298991127457,-0.002076926034598081,18429.2890625,0.11994208526277919,0.148181217153979,-0.07202905685783978,5576.97998046875,0.06728473405788173,0.12390322120750974,-0.08428034182661848,83.45760345458984,-8.026038741001839e-05,0.007458131970667339,-0.014479703234554164,14.279999732971191,-0.24256169779055725,0.31878700995948067,-0.03967721298780014,81.41000366210938,0.026764545854940546,0.0651551049031882,0.21145844284504678
2024-09-08,24367.5,-0.0026925539795213897,0.05233150674264247,-0.012574085673216273,16745.30078125,-0.09582352738780898,0.08138862730318627,0.06274568403362202,5344.16015625,-0.04264300259800356,0.04462570471836461,0.06988906911252069,83.98899841308594,0.006347059140191682,0.0028644542840542495,0.011055607752591623,15.34000015258789,0.07160386767422779,0.3161449615941902,0.08486561387049796,76.83999633789062,-0.05777287032795651,0.07601828915374938,0.04034654350004718
2024-09-09,24936.400390625,0.023078321837129427,0.05181943749235573,0.13706483621554466,16884.599609375,0.008284272220232841,0.07654059397261041,0.037559482477764305,5471.0498046875,0.023466113294281485,0.04106138411123553,0.060823745040485155,83.98259735107422,-7.621600527993459e-05,0.0026882497273558238,0.014048666706892865,14.239999771118164,-0.0744089159755025,0.31019274102511546,-0.0818826846564934,68.70999908447266,-0.11183055452299062,0.0867054868929591,-0.12948183429859883
2024-09-10,24981.94921875,0.0018249337617403279,0.05236405265913818,0.11062719539923682,18291.619140625,0.08004104373267043,0.08278026233253456,0.11994810500330022,5792.0400390625,0.05701404944337358,0.04445129168757426,0.11649475123795106,83.91459655761719,-0.0008100289896711722,0.002936860405252998,0.005292686272952318,14.119999885559082,-0.00846266595045183,0.26563908277097686,0.037472464492798396,73.23999786376953,0.06384695492030112,0.07299481771534831,-0.06557794807047268
2024-09-12,24619.0,-0.014635030280939133,0.04886965589740087,0.10386727945297602,19736.689453125,0.07603632790983376,0.084734904170086,0.1519604685868241,6052.85009765625,0.044044683755055374,0.04369417005262412,0.13201068869424581,84.66600036621094,0.008914534630948722,0.00445961249942859,0.014290850934275845,14.109999656677246,-0.0007084824273675901,0.11896868137846708,-0.17048797961099282,68.37000274658203,-0.06880751854074241,0.0724604919912477,-0.09479671850170124
2024-10-01,21618.69921875,-0.12995985779135735,0.060521401377341945,-0.0717664396253882,14969.650390625,-0.2764544682398979,0.14934866969163302,-0.07570842163611835,4783.4501953125,-0.23536716732127072,0.1206708070496915,-0.08001727179296081,83.131103515625,-0.018295186596679412,0.010630814528513133,-0.009576408340124076,12.970000267028809,-0.08424472261630638,0.06320878010922217,-0.23163501706952816,71.37000274658203,0.042943479368651005,0.07588484115449705,-0.05130932391478893
2024-10-04,22753.80078125,0.05117355399466197,0.06949725764964905,-0.06353325316390579,16170.3603515625,0.07715511437402825,0.15361687486883363,-0.09783250301813107,5160.64013671875,0.07589854498773888,0.12908841307825294,-0.09397918696371332,83.22429656982422,0.0011204092431055025,0.009992101949737146,-0.009562370184312385,11.109999656677246,-0.15479344616714102,0.06294935431266831,-0.3129251945418925,86.20999908447266,0.18890851813541834,0.11853243294327274,0.11757842580487932
2024-10-05,22055.19921875,-0.031183832418667772,0.06648918343309317,-0.1105250206688646,16340.8701171875,0.010489380226764876,0.15367483445456293,-0.15198094175085175,5222.68017578125,0.011950084461110443,0.128510632258257,-0.12563324062984527,83.45939636230469,0.0028209112030834057,0.010200991162513532,-0.009398103210068509,18.46999931335449,0.5083021842854883,0.26266506884764645,0.22480102167104699,78.26000213623047,-0.09674952552325117,0.1143618886816899,0.0815367810408072
2024-10-06,23259.19921875,0.053152352769267976,0.074998307427969,-0.0388502338203659,17192.529296875,0.050805607500177916,0.15007059767364264,0.15823202864206753,5360.7900390625,0.026100645804845304,0.1252247502576078,0.1253794436705402,83.52760314941406,0.0008169113895324365,0.010244384166802265,0.0040449287345663,16.399999618530273,-0.11886644546508517,0.2734399678308622,0.09772423555245613,77.73999786376953,-0.006666746133938152,0.11287034245520365,0.09848808183299518
2024-10-07,24324.44921875,0.04478126611445239,0.07950202437632808,0.13068606046344078,18647.44921875,0.08123441936306933,0.15085231772560392,0.18068834142646906,5633.91015625,0.04969236305097555,0.12591938041580455,0.1272531878558616,83.49299621582031,-0.0004144031840447041,0.008744108102179763,0.005786982148456854,14.43000030517578,-0.12797191763532131,0.2827696749998282,0.07206539853489824,82.0999984741211,0.05456809992785904,0.1039411904846828,0.0771450690008757
2024-10-09,25041.099609375,0.029036474164605752,0.03516169023778266,0.15301400501277485,17025.880859375,-0.09097477575571333,0.07107451988946202,0.0584870409497138,5495.52001953125,-0.02487050420403437,0.03814782023376675,0.07257076099006632,83.98090362548828,0.005826684522318557,0.002414245015691622,0.014846804626262644,13.359999656677246,-0.0770442515237935,0.2822226250412371,-0.15603286664138805,65.75,-0.22207832681489445,0.15495355381991102,-0.15715936162673827
2024-10-10,24998.44921875,-0.001704667685938358,0.03492391480670291,0.10289056251425022,18282.05078125,0.07118515702410248,0.07003747749482825,0.12477518249008424,5780.0498046875,0.050479080959597356,0.03118628924660447,0.11103736028784095,83.94219970703125,-0.0004609719374440159,0.0026554060048586546,0.0077482089468301485,13.5,0.010424543033695458,0.2680152963219206,0.16279073205964822,75.8499984741211,0.14289801461960833,0.14039494382513132,-0.12241122056806375
2024-10-12,24610.05078125,-0.015658863853688917,0.029660737834676796,0.10346601418002477,19687.240234375,0.07405097516276828,0.07257045350233945,0.20760168937079637,6034.91015625,0.043148667946758576,0.031623198113661474,0.16331806902409451,84.84729766845703,0.010724679565405189,0.0048892080447299185,0.016501704162133368,13.779999732971191,0.020528560763130862,0.07037473533765629,-0.19320844294353035,68.58999633789062,-0.10061098755755529,0.14089386795135656,-0.13166225860412506
2024-11-01,21647.19921875,-0.12827884810003398,0.06804463910156422,-0.10992150574817694,14970.1904296875,-0.27390980294972295,0.1554197588672657,-0.18656804328688703,4780.240234375,-0.23307016384395268,0.12164697384604246,-0.1422270201767305,83.02559661865234,-0.021704189585252057,0.012381005961161387,-0.005349124908428093,12.770000457763672,-0.07611954031626454,0.06347960003364636,-0.0610294044430284,72.0199966430664,0.04879711348967091,0.14495847950412344,-0.125227802243281
2024-11-03,22332.650390625,0.03117367099057921,0.065304574947162,-0.07398721272857323,16019.26953125,0.06773142419573816,0.15315486685717636,-0.03846033906491608,5117.93994140625,0.06826119941284516,0.12466414198399633,-0.03785643532137617,82.7520980834961,-0.0032995848299745244,0.012402126111608009,-0.014179961677793562,14.0,0.09195862372400858,0.07164747904390366,-0.1566265254049065,77.93000030517578,0.07886718016189598,0.14825564245504425,0.02283761396526618
2024-11-04,22332.650390625,0.03117367099057921,0.065304574947162,-0.07398721272857323,16442.19921875,0.026058809810974002,0.1504997427036196,-0.09573383761267196,5199.06005859375,0.015725848395197323,0.1255223889777104,-0.09599328053234102,83.4126968383789,0.007951169626570468,0.012759247881529911,-0.006567173780953506,14.0,0.09195862372400858,0.07164747904390366,-0.1566265254049065,85.0199966430664,0.08707549167510333,0.09153303854929147,0.15563404914690682
2024-11-06,23264.849609375,0.040893870301180316,0.0675740775050501,-0.06989526524836587,17343.55078125,0.0533695712829025,0.14838262045413741,-0.10075443316447641,5375.31982421875,0.03334022313782267,0.12364059674362488,-0.10344693068561872,83.52980041503906,0.0014029213387077328,0.012819087442598418,-0.0092115913112224,14.770000457763672,0.05354079792083044,0.06251787996406358,0.012337238059853872,77.9000015258789,-0.08746051098223244,0.09194156287640527,0.10684860139143781
2024-11-07,24315.94921875,0.04418886046377157,0.07270518152189624,0.006946687762528825,18283.41015625,0.05277337545041538,0.14562968422761882,0.23056717383224123,5584.5400390625,0.03818399822649937,0.1230803667306259,0.1740859958083676,83.49590301513672,-0.00040589441830311845,0.01113279868741441,0.005360649612915935,14.0,-0.05354079792083046,0.07095898054099455,-0.03248101301696216,82.62000274658203,0.058825842747802295,0.07135497438292701,0.14368777948176503
2024-11-09,24918.44921875,0.024475980099631048,0.07351918142810825,0.1565849690548322,17395.529296875,-0.04978086359934634,0.047087520639369884,0.0878556061411826,5554.1298828125,-0.005460298584924383,0.027400903079370174,0.10494548689460004,83.98200225830078,0.0058049520907945094,0.004574438245257265,0.012010610598518046,13.630000114440918,-0.026784075510565185,0.0718979052366979,0.027903459967759225,67.30999755859375,-0.20494303746062392,0.12845110271617263,-0.12402393588607619
2024-11-10,24964.25,0.0018363398467960775,0.016837751071993413,0.1460690921611385,18342.939453125,0.05303149326505805,0.044534833941359084,0.1248755015496168,5815.02978515625,0.04590413401705269,0.020571510658331228,0.1161478050020357,83.94599914550781,-0.0004287922567247259,0.0038143784363094103,0.008123003252701322,13.220000267028809,-0.03054239948230259,0.062449920502665394,-0.14433654173244914,75.55999755859375,0.11561823257093601,0.1358955685913897,-0.11345776624979065
2024-11-11,24141.30078125,-0.03352070233454791,0.032164283068121614,0.06618236659637189,19298.759765625,0.050796103487199304,0.04574907478584063,0.18062235901872148,6001.35009765625,0.03153855210932921,0.01988996913747549,0.15098924599070496,84.38289642333984,0.0051910072531307265,0.0030089329433462845,0.011005835281032272,14.270000457763672,0.07642860894509734,0.05734067690581248,0.2561620500909054,68.04000091552734,-0.10483122933909592,0.1299437304053295,-0.141559436264188
2024-11-12,24641.80078125,0.02052012054159481,0.02931957621936126,0.12224983633154962,20034.890625,0.03743445187922269,0.04442749567561343,0.08712227352096202,6084.18994140625,0.01370913354149883,0.02066769130688985,0.09094706502691596,84.8740005493164,0.005803078195926209,0.0033051571444379885,0.016971456597088208,13.270000457763672,-0.07265358072724068,0.057755881068650754,-0.27087912629183564,70.29000091552734,0.03253377322943205,0.13111475546789503,-0.13659258379025974
2024-12-01,21894.55078125,-0.11820643656250537,0.0589901277161159,-0.10390159777160268,14972.759765625,-0.2912427503550418,0.14672547411229955,-0.10585304132665951,4783.830078125,-0.24045209650228705,0.11868726612786273,-0.10484904301935893,83.07610321044922,-0.021410716404269992,0.011703002943106186,-0.010869223587436916,13.100000381469728,-0.012893623513315489,0.05489388850100511,-0.08263300935342133,72.68000030517578,0.033436693514051555,0.1277193817344796,-0.05413842049682016
2024-12-02,21616.05078125,-0.012801652628260654,0.05394936186535186,-0.11291471093669847,15942.5498046875,0.06275908870056705,0.15332436408487918,-0.05579343463758757,5021.83984375,0.048554872066015047,0.12393009030172018,-0.08210672119135609,83.0145034790039,-0.0007417606028121914,0.011100929641635067,-0.011527315212976452,16.059999465942383,0.20371941593778412,0.10992898397435921,0.04693606950408191,76.91999816894531,0.05669964918904895,0.08091092464602706,0.11948769020327332
2024-12-03,22335.69921875,0.032750129821333816,0.05974578477570814,-0.10429336757252061,16265.6396484375,0.020063262608935217,0.15021321510412128,-0.11075998666995401,5175.27001953125,0.030095146180464365,0.1220103883505666,-0.10648580040394207,82.7782974243164,-0.002849414609281076,0.011050641332944,-0.013541138013105747,13.640000343322754,-0.16332499767911046,0.1407721034700973,-0.04213479195500691,77.55999755859375,0.008285901980888676,0.06386127737649444,0.05898415921392641
2024-12-04,22519.400390625,0.008190916998666448,0.06068366040227078,-0.09857312600238388,16175.08984375,-0.005582490977496502,0.14522465103996,-0.18045577592097517,5123.41015625,-0.010071251993719447,0.11870835266782664,-0.15355409871560222,83.34929656982422,0.006874251054148328,0.011375854099263732,-0.015551742029758064,11.529999732971191,-0.16805436646411856,0.15229269166110326,-0.1834277743328282,85.66000366210938,0.09933421604210528,0.03435306889178925,0.25288869710322937
2024-12-06,23322.94921875,0.03506064356361657,0.0630484219163379,-0.05264433085218734,17608.439453125,0.0849059066421623,0.15253733011958348,0.1762759312102964,5421.02978515625,0.056465531181958496,0.12420396375375224,0.13328864393080564,83.5968017578125,0.0029650931863856116,0.010921935335897578,0.00560197353930203,14.390000343322754,0.2215812336362154,0.1899804711098338,0.019844131357792394,78.5,-0.08728739015054669,0.06972662817779686,0.09990187724575117
2024-12-07,24502.150390625,0.049323063902630596,0.02466408377124064,0.13337764417269704,18398.44921875,0.043888077977447246,0.03541747183498372,0.13778844866448536,5615.35009765625,0.03521814200957705,0.02577104664459663,0.08811115460312147,83.51850128173828,-0.0009370833236677545,0.0038714685989200827,0.0035350819897554953,13.729999542236328,-0.04695035831822184,0.19188554598494598,0.058596704669276134,82.20999908447266,0.046178313239231814,0.0704736530884692,-0.046398330152870204
2024-12-08,24347.0,-0.006352246091917106,0.02242283977127704,0.07001903699811152,16780.609375,-0.09204236353947574,0.0661734844115329,0.026910394284939354,5344.39013671875,-0.04945649848008774,0.04215070522758053,0.02330411911912522,83.94979858398438,0.005150804733150186,0.004076482061809839,0.005875937797954034,15.869999885559082,0.14484734088768905,0.17830614746713164,0.42844287812565485,80.05999755859375,-0.02650061495787452,0.07083357871482023,0.02300019643789364
2024-12-09,25388.900390625,0.04190344736733663,0.02367545653449972,0.1511526211488894,17569.6796875,0.04595065545009471,0.0681177431626343,0.021936876425364238,5595.759765625,0.04596168802700104,0.04435102490782451,0.043831175041429526,83.99259948730469,0.0005097093377074252,0.0032132903795910753,0.00556697810493656,13.18000030517578,-0.18572997509834915,0.18356595755918437,-0.28641035218414146,68.97000122070312,-0.14910467792747542,0.09974677819800358,-0.11281189714508122
2024-12-11,23883.44921875,-0.06112636828021881,0.046105876264325385,0.02683884316605245,19281.400390625,0.0929662495291759,0.07448032145381213,0.0339966697020182,5983.990234375,0.06707848249264285,0.046543068390909395,0.06213802996780804,84.39649963378906,0.004797233588004085,0.0026596577640640223,0.010821307881122122,14.59000015258789,0.10163582076426221,0.16280944674988534,-0.1103658236611953,68.12000274658203,-0.012400749027998186,0.07473460327646696,-0.17028009728825666
2024-12-12,24548.69921875,0.027473150116995255,0.04526450681671915,0.009219119330650338,19902.83984375,0.03172150635186688,0.06920608375433633,0.16897563234097546,6051.25,0.011177253556971974,0.04473285784269811,0.10112418451641858,84.85710144042969,0.0054427550229122585,0.0029801412182771177,0.010433298251335765,13.1899995803833,-0.10087743807710493,0.13844711264421922,-0.08593213434290181,70.0199966430664,0.027509971469775806,0.07642609399102421,0.06494291472344349
2025-01-01,23742.900390625,-0.0333753129862989,0.04243584530173779,-0.05184274009532608,19902.83984375,0.03172150635186688,0.06920608375433633,0.16897563234097546,6051.25,0.011177253556971974,0.04473285784269811,0.10112418451641858,84.85710144042969,0.0054427550229122585,0.0029801412182771177,0.010433298251335765,13.1899995803833,-0.10087743807710493,0.13844711264421922,-0.08593213434290181,70.0199966430664,0.027509971469775806,0.07642609399102421,0.06494291472344349
2025-01-02,23482.150390625,-0.011042980176688923,0.042489230799570024,-0.06065571567486294,19902.83984375,0.03172150635186688,0.06920608375433633,0.16897563234097546,6051.25,0.011177253556971974,0.04473285784269811,0.10112418451641858,84.85710144042969,0.0054427550229122585,0.0029801412182771177,0.010433298251335765,13.1899995803833,-0.10087743807710493,0.13844711264421922,-0.08593213434290181,70.0199966430664,0.027509971469775806,0.07642609399102421,0.06494291472344349
2025-01-04,23165.69921875,-0.013567872005231966,0.03252536563927043,-0.05868949947882385,17449.890625,-0.13152904654455172,0.09614019262579926,-0.04551787795620066,5633.06982421875,-0.0716103068708184,0.05980996277639893,-0.02542884325141148,85.46810150146484,0.007174542244684611,0.00247033105546897,0.018178005815420395,13.779999732971191,0.04375931129153671,0.1395481171321374,0.03143713226699307,71.19999694824219,0.016711907972140054,0.07069224758110328,-0.06130522899701074
2025-01-05,23165.69921875,-0.013567872005231966,0.03252536563927043,-0.05868949947882385,17710.740234375,0.014837867737468535,0.08470305761535196,-0.10039497544957687,5604.14013671875,-0.005148920686607221,0.05348135639613839,-0.07137969056343396,84.53119659423828,-0.011022567782696512,0.007354272167905045,-0.0037255290728753776,13.779999732971191,0.04375931129153671,0.1395481171321374,0.03143713226699307,59.2400016784668,-0.18389575782322903,0.09886597608302694,-0.13631717682799593
2025-01-07,25541.80078125,0.09764365370121827,0.051980040965811256,0.17991249228799266,20202.890625,0.1316544459588681,0.10074899678728758,0.3495413248007515,6198.009765625,0.1007226002590412,0.06677255088942978,0.296589598375147,85.71399688720703,0.013895479812448363,0.009170283266277742,0.0323803787993584,12.529999732971191,-0.09509249861069578,0.11703759231280261,-0.07185187163176365,65.44999694824219,0.09968942799565908,0.1053525687284751,-0.09122465983142658
2025-01-08,24565.349609375,-0.03897945885879455,0.05584249156123532,0.09997466398736354,20650.130859375,0.02189596198588142,0.0940717401841697,0.28908067993307873,6238.009765625,0.006432948716774553,0.06148217431974814,0.21885169365840396,87.4894027709961,0.020501538334496087,0.011799479786885109,0.05724694354842952,11.979999542236328,-0.04488719312017335,0.08896041211600843,-0.1306241092609045,67.33000183105469,0.028319484023824774,0.1067315523698939,-0.13601948457091284
2025-01-09,24625.05078125,0.00242735170742097,0.05267693923098443,0.05846593443384562,20650.130859375,0.02189596198588142,0.0940717401841697,0.28908067993307873,6238.009765625,0.006432948716774553,0.06148217431974814,0.21885169365840396,88.17430114746094,0.0077978755056047335,0.011758814712865969,0.05708488622910912,11.289999961853027,-0.059321179693903194,0.05813226313240271,-0.11589666741247928,67.33000183105469,0.028319484023824774,0.1067315523698939,-0.13601948457091284
2025-01-10,24836.30078125,0.008542074886711921,0.05169128045333351,0.02139959899647903,22755.16015625,0.0970702833294235,0.10144899671714024,0.3839486952755664,6711.2001953125,0.07311661796226059,0.0680882268914749,0.2908487533663453,88.8406982421875,0.00752930819669582,0.011756152455848993,0.06358087533742318,10.289999961853027,-0.09274482864397278,0.05648827345788875,-0.26500000272478375,61.77999877929688,-0.08602626202085355,0.11079526446480893,-0.27334743332602573
2025-01-12,26175.75,0.05252708551575231,0.052218261769449846,0.0504566223288061,23275.919921875,0.022627406683249352,0.05331140432358375,0.3420504379667424,6812.6298828125,0.015000423522175232,0.046245505140544735,0.26739061220466986,89.3499984741211,0.00571636598518784,0.0061000062568915756,0.0701123677639981,11.630000114440918,0.12241543023195134,0.09001208372852193,-0.21259311076542664,59.31999969482422,-0.04063315560640016,0.10833347636828104,-0.23851093025822712
2025-02-01,24188.650390625,-0.07894987861272817,0.04999462181820086,-0.031068412204452334,19280.7890625,-0.18831013159222446,0.12426260475814645,0.05455103275189921,5868.5498046875,-0.1491706738693145,0.09693334070402847,0.050856429292013505,85.78569793701172,-0.04070892263923218,0.023598537064915198,0.02147716927685739,13.739999771118164,0.1667232937654157,0.11749258044274229,-0.018571444920131186,73.12999725341797,0.20929212960016777,0.11696234766179468,-0.11486329191094902
2025-02-04,23332.349609375,-0.03604273813420936,0.04959774777920488,-0.03350901342082169,17601.05078125,-0.09115061108111196,0.11222939144077444,0.011814615173102005,5670.97021484375,-0.03424733447484575,0.08285182600402181,0.0210366582158652,85.61009979248047,-0.0020490374711121893,0.02072007479113511,0.019823465846039667,13.720000267028809,-0.0014566283756563656,0.11316644487604109,0.006603092577566194,71.70999908447266,-0.01960844659792805,0.11442521012314187,0.06536921238258375
2025-02-05,24346.69921875,0.04255549174764869,0.05511204000804698,-0.011975649227898288,17977.73046875,0.021175192014550353,0.11215039983518185,-0.019910057780449186,5686.669921875,0.0027646089930213856,0.08259974265513588,-0.022073810113390713,84.69670104980469,-0.010726612162626905,0.01963420919958897,0.003718817909384331,18.26000022888184,0.2858582459409446,0.1473668814330183,0.3812405340431788,58.290000915527344,-0.2071996273635225,0.1516687479023358,-0.22856004765847449
2025-02-06,24716.599609375,0.01507878223076125,0.05550884695270035,0.12889274853456856,19242.609375,0.06799326268633313,0.10455896558639954,-0.002909533633607686,5935.93994140625,0.042900562302814596,0.07497375019062534,-0.01089924020189137,85.52429962158203,0.00972388940926796,0.02008875308140196,0.007661934963083983,17.15999984741211,-0.062131802533676714,0.13788752201455173,0.20252272578422503,62.52000045776367,0.07005594511127114,0.15301136106336385,-0.08112875343162962
2025-02-07,25453.400390625,0.029374277832317316,0.05068710012597374,0.17752315851809342,20393.130859375,0.05807106312381524,0.11035892578373788,0.01788081807284625,6227.419921875,0.04793672115360465,0.08055652281180462,0.023541339413812645,85.6427993774414,0.001384609255915433,0.019453791344138736,0.030895721727464798,12.449999809265137,-0.32086047757710084,0.23205447156451545,-0.061793565954158636,67.44999694824219,0.07590002453387087,0.15369503360619008,-0.04040409631944941
2025-02-09,24579.599609375,-0.034932529984792196,0.03663719126713582,0.10046250930623768,21279.630859375,0.042552195922367336,0.0644531433507331,0.4212230205035108,6415.5400390625,0.029761069042208876,0.03397172610123019,0.3410886119050953,88.00140380859375,0.027167615801251085,0.014350562167284323,0.06007263936537477,11.399999618530272,-0.08810728565245476,0.21755489796171318,-0.129771046827155,65.58999633789062,-0.027963347936729027,0.11445371796633118,-0.09755096226630389
2025-02-10,24579.599609375,-0.034932529984792196,0.03663719126713582,0.10046250930623768,22844.05078125,0.07094040626892993,0.020559084596141388,0.43289819138801056,6715.35009765625,0.04567278695171956,0.018729244457871504,0.3372290448517452,88.68299865722656,0.007715431812604967,0.01378781615462567,0.07133151341157729,11.399999618530272,-0.08810728565245476,0.21755489796171318,-0.129771046827155,60.47999954223633,-0.08111046516985965,0.11743038678672243,-0.21372853637620415
2025-02-12,26032.19921875,0.057417388567904536,0.03542761820521679,0.15598989170188582,23413.669921875,0.02462931273168153,0.019276227908838053,0.43945583622493145,6829.3701171875,0.01683648109672771,0.013113915648716973,0.3196161922786147,89.61270141601562,0.010428868275545433,0.009568007397324546,0.07514646318513751,11.229999542236328,-0.015024593950412366,0.21707952960499136,-0.30074720325793214,58.63999938964844,-0.030895677132488704,0.06887829998612817,-0.24394015941854486
2025-03-01,24004.75,-0.08108247585644097,0.05509448752848265,0.029233043165136197,19621.6796875,-0.1766849750332194,0.10242503356547583,0.21308010509022002,5942.47021484375,-0.13910753835742506,0.07890466790408779,0.15986618943528974,85.80400085449219,-0.043431431396994624,0.02642178428131976,0.026402913152995255,13.539999961853027,0.18705953667899486,0.18159279974567777,-0.007331406081575342,73.95999908447266,0.23210734697029664,0.12480253161213932,-0.13658655238666617
2025-03-02,23361.05078125,-0.027181588409271266,0.05490170721746392,-0.046571406639133506,19391.9609375,-0.011776465933213326,0.09785101639860598,0.10128787898114822,5994.56982421875,0.008729122131796926,0.07481953531026467,0.10579909386090347,86.55400085449219,0.008702871074221148,0.02667393973996185,0.03634523520140842,14.350000381469728,0.05810170412211123,0.1890178846874115,0.24457942010479505,73.16000366210938,-0.010875520561408268,0.12347751137605244,-0.0680254310559315
2025-03-03,22119.30078125,-0.054619573118805956,0.05213247344614689,-0.09149789373434103,18350.189453125,-0.05521869665501894,0.09441553775607106,-0.002623034422695736,5849.72021484375,-0.024460196567296907,0.07191998157785148,0.0417374007161766,87.46399688720703,0.010458738056034561,0.023623077577988656,0.04186071155021298,13.760000228881836,-0.04198411964983432,0.10737384076713835,-0.043780409965956,68.37000274658203,-0.06771470148080411,0.12822460406601063,-0.1683493065566113
2025-03-04,23250.099609375,0.049858850394765966,0.062170590571302455,-0.08424156810035632,16550.609375,-0.10321697748134841,0.07888981272896195,-0.013706296050407851,5396.52001953125,-0.08063952857616845,0.06567109630678691,0.009754131243963737,85.65119934082031,-0.020944017058994225,0.024376365098875814,0.019746976086462364,13.600000381469728,-0.011696028347801124,0.09255390441820419,-0.009468256744415426,66.94999694824219,-0.02098814554348973,0.12031890723739314,-0.1637521984778566
2025-03-06,24542.5,0.054096892286157924,0.061266597281900204,0.027594455692463438,19398.9609375,0.1587965833253028,0.12569716317187135,0.1041157996352915,5970.3701171875,0.10105461666020149,0.0910030745846807,0.0669453956661521,85.36370086669922,-0.0033622654472282958,0.022635389815361284,0.011460205542966895,16.559999465942383,0.1969202959160064,0.11053621223171772,0.04347823474221735,63.40999984741211,-0.054324451248968786,0.12323335270370059,-0.08061477852521826
2025-03-07,25405.30078125,0.03455153584196562,0.04920672495186043,0.034893969528362545,20601.099609375,0.060124948754577856,0.10271121824692307,0.06844415820500593,6279.35009765625,0.05045756582889971,0.06951099750858543,0.049358346473320935,85.69409942626953,0.0038630096947134414,0.012744372853414752,0.009863617441934647,12.390000343322754,-0.290100393356541,0.17792940794155804,-0.0599392976905162,67.0,0.055071044085395336,0.047891758052950845,-0.016441613350319906
2025-03-09,24715.05078125,-0.027545442996417813,0.049278155499300764,0.04094488771931415,21497.73046875,0.04260291650199206,0.10274210754400454,0.08013382198324015,6448.259765625,0.02654380313448621,0.06981956491380001,0.06560789351373675,87.99829864501953,0.026533508980732142,0.017489411899633857,0.029603993760307423,10.93000030517578,-0.12537839324133793,0.17729373280302113,-0.25085673811750586,63.970001220703125,-0.04627837684648873,0.04885603821408856,-0.08640382337068231
2025-03-10,24894.25,0.00722445167881395,0.033998278566718616,0.060135021106872966,22780.509765625,0.05795796557094069,0.09394825068458416,0.3054815216427753,6715.7900390625,0.0406511853056442,0.06671823709697813,0.1922078455673879,88.72019958496094,0.008170111932654572,0.017284283653306837,0.049555704396691214,10.0600004196167,-0.08294412372638432,0.17752001960064204,-0.23730092951797077,60.880001068115234,-0.04950951144644731,0.045620121122616715,-0.1449437685738797
2025-03-11,25763.349609375,0.034316071093736515,0.03162942185813452,0.11213347657222861,23834.720703125,0.0452380351178405,0.04859983848793635,0.34577778160078765,6851.97021484375,0.020074757592941268,0.032073072288042764,0.22266218325789588,88.77539825439453,0.0006219722842142326,0.011626339269502224,0.03571646963582942,12.670000076293944,0.2306697939716753,0.22234005851539618,-0.08055150059410876,61.04999923706055,0.002788456961722928,0.04712351864389735,0.030553637868171668
2025-03-12,25986.0,0.008605007257907131,0.025510439268629836,0.0173910689600274,23454.08984375,-0.016098483989468095,0.03117711344673165,0.16092742761903667,6849.72021484375,-0.00032842663199415296,0.01956061939812958,0.10514834178436194,89.91719818115234,0.012779661713639135,0.010115176339672252,0.027749594045247017,11.210000038146973,-0.12243075986765917,0.19007029011552062,-0.10534714468914141,58.95000076293945,-0.035003548134227874,0.044144394373532236,-0.09931239860015462
2025-04-02,23739.25,-0.09042813502743646,0.048269301327988935,-0.03362865265551651,19654.01953125,-0.17676301297390773,0.0978288821722957,-0.04823753103108175,6037.8798828125,-0.1261548693436844,0.06776375629229484,-0.03208232919341203,86.94339752197266,-0.03363192291772838,0.022492749955292452,-0.013959890914584494,14.020000457763672,0.22367867377019474,0.1855898090021213,0.17028388927187987,72.69999694824219,0.20965170263653643,0.11005275709941191,0.07975634889572647
2025-04-03,22082.650390625,-0.07233754642064308,0.055175039902368564,-0.10324447300473527,18285.16015625,-0.07219206324414172,0.09602349923012647,-0.1964389601877733,5778.14990234375,-0.0439693922018315,0.06613620303404427,-0.13902882730579957,87.32959747314453,0.00443213342819517,0.018503850735665614,-0.01700910504916986,13.829999923706056,-0.01364477409709203,0.1689822266284386,0.22497785389151925,68.26000213623047,-0.06301736778800615,0.11265720792694844,0.10488836977939697
2025-04-04,22904.44921875,0.03653893070444418,0.06043329702739574,-0.07778338567869325,15587.7900390625,-0.15960189245983056,0.09413254815407127,-0.3303040184283801,5074.080078125,-0.1299383022428939,0.06967780596904279,-0.25519510594193084,85.28289794921875,-0.023715495731892685,0.01977761145912556,-0.045518753154543345,13.760000228881836,-0.005074291021060934,0.15718082281005227,0.33722062972718714,61.9900016784668,-0.09635086598381531,0.12080588257291684,0.045010148303752384
2025-04-06,24620.19921875,0.07223603175117682,0.07004494905212369,-0.059427171379998645,19460.490234375,0.22189835035037866,0.16062811973219637,0.009320218757255638,5970.81005859375,0.16273736330315167,0.11981879440085125,0.017425131814433836,85.70880126953125,0.004981577503822647,0.0203356169166973,-0.0008963809740981654,15.75,0.13507451613259022,0.13602228528324678,0.3542562205518207,62.84999847412109,0.013777801967910916,0.12088705513466624,-0.14057157343618543
2025-04-07,25461.0,0.03358065718756334,0.07246973916651843,0.052601099640852134,19460.490234375,0.22189835035037866,0.16062811973219637,0.009320218757255638,5970.81005859375,0.16273736330315167,0.11981879440085125,0.017425131814433836,85.31909942626953,-0.004557180625110063,0.01737599005491351,-0.0033991359304138546,12.31999969482422,-0.24561643193703003,0.17820893200855434,-0.1033478966483552,66.5,0.0564510369036575,0.12008374012385967,-0.07265373240815975
2025-04-08,24722.75,-0.029423997298839256,0.05798645254822619,0.059591100506497297,21053.580078125,0.07868435229699136,0.16957891790216026,0.19615472620264818,6329.93994140625,0.05840814177521484,0.12587861306521955,0.11620052682302018,87.24530029296875,0.022325356494958263,0.016760600551801563,0.030090891517314144,11.970000267028809,-0.028820391456559423,0.13658070484196494,-0.1275510179256708,66.29000091552734,-0.0031628775975664014,0.0611090977399639,0.13724480827498065
2025-04-09,24734.30078125,0.0004671035283161254,0.03864884821753905,0.01592008670323164,21707.689453125,0.03059592981931146,0.14583827633999638,0.2074766328741353,6502.080078125,0.026831389546325468,0.10992600290966932,0.14338974609961963,88.072998046875,0.009442299079139748,0.01718441808182788,0.029800868718833806,10.850000381469728,-0.09823842673308442,0.13901571392542075,-0.40580502489215287,63.47999954223633,-0.043314181617181716,0.058077606327991534,0.015355071616181437
2025-04-11,25597.650390625,0.03430958977198923,0.03846139669779082,0.03564611617998681,23348.640625,0.07287221461855475,0.13711152537515403,0.21338224821705087,6771.5498046875,0.04060784540338523,0.10501679027561217,0.14077127995390226,88.72339630126953,0.007357629558945486,0.009675507835300464,0.035970296933562906,12.649999618530272,0.15349206987285077,0.16673251185239188,-0.2628205284956333,60.560001373291016,-0.04709025664133132,0.04292791890886255,-0.10214967956541521
2025-04-12,26033.75,0.01689320751397335,0.02661229872795669,0.022800474611194055,23505.140625,0.006680382152363416,0.08363787231427086,0.15260088247775672,6857.1201171875,0.012557562472306846,0.0597583385771118,0.10111734927342186,90.17050170898438,0.016178718097939287,0.010114149505490565,0.024648446576017058,10.81999969482422,-0.15626093980426953,0.15049458001312258,-0.13092370597691816,59.66999816894531,-0.014805280958091993,0.04174434281866135,-0.09025763835155753
2025-05-02,23696.30078125,-0.09407482239188757,0.05036544376815791,-0.03593625779762899,19692.330078125,-0.1769899234306559,0.10461800426339135,-0.07459249607004792,6061.47998046875,-0.12333355414004506,0.07263583864298423,-0.055187880745498186,87.13009643554688,-0.034299978487459554,0.02231433899817025,-0.017510709439155225,14.079999923706056,0.2633591000977428,0.17624598455033091,0.23508775393461812,71.02999877929688,0.1742729549763413,0.09195828148359338,0.17443781939338376
2025-05-03,22337.30078125,-0.05906098891204908,0.054180146311111524,-0.1419357007239982,18552.73046875,-0.05961225049499105,0.0974320872592849,-0.18785286171847604,5842.6298828125,-0.03677297358870951,0.06672052970028355,-0.12995900469110933,87.21700286865234,0.0009969358899597105,0.019890349436303783,-0.026733917285246767,13.670000076293944,-0.029551688994311827,0.1763038776920887,0.21727521224562008,66.30999755859375,-0.06876162726127312,0.09926229517070853,0.13079806017698004
2025-05-05,24461.150390625,0.09082819879144674,0.07420562536159607,0.01901291996896437,17844.240234375,-0.03893619309298835,0.09228757131764509,-0.23787085519201645,5650.3798828125,-0.033458239080699045,0.06234413447049696,-0.17263528175282683,84.52629852294922,-0.03133658786696925,0.023116302716158898,-0.014890941201095242,18.34000015258789,0.2938808188312886,0.1933044771369565,0.35450518495259686,57.130001068115234,-0.14901128713011086,0.11991521418129734,-0.22755541136682833
2025-05-06,24750.900390625,0.011775707113577321,0.0720863538648075,0.05949431052521481,19298.44921875,0.07834396111320742,0.09396590556810262,-0.016473129410827902,5939.2998046875,0.049868469633523066,0.06497683051799073,-0.0005335172144962375,85.9041976928711,0.016169983934504795,0.024870377120620197,-0.007507488448899036,15.079999923706056,-0.1957151176277393,0.2308377074196754,0.050871046887147386,63.369998931884766,0.1036611550476121,0.13024686898620422,-0.1338163510138668
2025-05-08,24649.55078125,-0.004103191333915374,0.07096925216806797,0.11439104811779721,20916.55078125,0.08051600766739765,0.10757894141997226,0.07861968413940867,6299.18994140625,0.05882979597345092,0.07448190296701293,0.05081600950860565,87.89330291748047,0.022890916997986434,0.02652391527051581,0.004908374251717085,11.710000038146973,-0.2529261766532632,0.2537831890122387,-0.14898256952292577,65.16000366210938,0.027855293455437816,0.12968785590890353,-0.046950401572612654
2025-05-09,24741.0,0.0037031100810673346,0.05370036716179828,0.06412447325704496,21700.390625,0.03678951254667835,0.06549426922004047,0.18257038601334252,6481.5,0.028530920656850728,0.045650252592895534,0.10800170981735158,88.19290161132812,0.003402867178035683,0.020920198065454483,0.029675034209316387,10.779999732971191,-0.08275064015717729,0.21336497851684375,-0.207352983044092,61.869998931884766,-0.05181044765661039,0.0965995671293318,-0.07587749436769464
2025-05-11,24741.0,0.0037031100810673346,0.05370036716179828,0.06412447325704496,23499.80078125,0.07966168218409404,0.05162716673405016,0.4198752595023407,6796.2900390625,0.04742491574900965,0.0372772088346834,0.25938382781221225,88.73200225830078,0.006094137157970058,0.020957382104629708,0.03945823994746167,10.779999732971191,-0.08275064015717729,0.21336497851684375,-0.207352983044092,59.59999847412109,-0.03737984380972523,0.09424853837656416,-0.06008518187130252
2025-05-12,26186.44921875,0.056780285059657876,0.04058259947441027,0.06698377177345427,23578.130859375,0.003327680196529564,0.03465259004151254,0.21543266855062715,6870.39990234375,0.010845433681298597,0.019264961494945373,0.1507494120951136,89.8364028930664,0.012369654258487394,0.007822328915898876,0.04833825776255307,10.31999969482422,-0.04360881022796959,0.21306437291172584,-0.37681159253365115,60.08000183105469,0.00802148946351238,0.06156398062280858,-0.10328355476037776
2025-06-01,23616.05078125,-0.10331547287317816,0.058779386753652706,-0.07042821556832457,19864.98046875,-0.1713612178501075,0.10415203836215858,-0.03573203152175486,5975.3798828125,-0.13957463997834602,0.08080137446084776,-0.048407910072924,85.75900268554688,-0.046449202471488434,0.026845281383105785,-0.02544703697631534,15.649999618530272,0.41638716212897964,0.2642782955300949,0.2631153498687677,73.55999755859375,0.2024243286139805,0.10179714922206036,0.14991396208988883
2025-06-02,23603.349609375,-0.0005379641450863316,0.0580477922512372,-0.04498073589710727,19791.990234375,-0.00368108382971719,0.09549598602985808,-0.07934513072691718,6083.56982421875,0.017943991308887665,0.07540094383652683,-0.05655633530000981,87.33409881591797,0.01819991200054637,0.025895675161776224,-0.015623282809633432,14.18000030517578,-0.09863834998555411,0.25252301111412245,0.2973467437563564,70.61000061035156,-0.04092958037456419,0.10666103709828718,0.15982259151654699
2025-06-03,22544.69921875,-0.04588866414948078,0.06005088740655406,-0.0943812639967061,18069.259765625,-0.09106518329650644,0.09659411559374943,-0.20681056080268723,5738.52001953125,-0.05839032505143122,0.07519075769550597,-0.14551825084568504,86.88929748535156,-0.005106114407468486,0.02579065933279794,-0.02124575959251873,13.729999542236328,-0.03224935618606477,0.21669800549920268,0.36481103076926713,66.36000061035156,-0.06207731165241138,0.10837939610693702,0.08697791055937576
2025-06-05,24379.599609375,0.07824673059377872,0.07430240694214812,-0.05371001911554496,17689.66015625,-0.021231842019176113,0.0741627036278749,-0.2578197002354349,5606.91015625,-0.023201547251635198,0.0641612100346939,-0.18170832907249324,84.2208023071289,-0.031192916701017995,0.027822299264800173,-0.06335157221588639,19.0,0.32485579272695986,0.2384011971159552,0.49960535797862615,59.09000015258789,-0.11603276657994646,0.12249245729926568,0.0023748835934953583
2025-06-06,25003.05078125,0.025251147667974143,0.0691241844700229,-0.03782610708650813,19529.94921875,0.09896884779721128,0.10101982656045239,-0.16731157129278662,6000.35986328125,0.06781965112729167,0.07855495918499147,-0.12399927660138377,85.87750244140625,0.019479941615367136,0.029415438185351268,-0.012259643756123428,14.630000114440918,-0.26136475631206185,0.2888043295231184,0.30508475153040915,64.58000183105469,0.08884308574352717,0.12924565664938606,-0.11169182198134653
2025-06-08,24574.19921875,-0.017300768369044588,0.047035116016812754,0.035171676390366224,21169.419921875,0.08060853910192671,0.07784729424779328,0.07710384067826448,6345.06005859375,0.055857121977926846,0.05307673279235456,0.050875502948588336,87.72309875488281,0.021263357819597834,0.02269005279881609,0.004505932617624664,11.960000038146973,-0.20150647114234677,0.2295405438303751,-0.14693297805678462,64.3499984741211,-0.003567883353453245,0.0763538863098706,-0.05728103632792092
2025-06-10,25077.650390625,0.020279946487766126,0.04701686656314857,0.13562683586529545,22941.669921875,0.08039722043049283,0.08236839130069862,0.25466059503084915,6740.27978515625,0.06042486859246817,0.05748212589430681,0.16651175533231455,88.73509979248047,0.011470276149470634,0.02186081916083488,0.04047941529047616,10.1899995803833,-0.16016094565666314,0.2341489888046868,-0.26319597710795484,61.68999862670898,-0.042215089369567506,0.07641569597925972,-0.004839539339164589
2025-06-11,25509.69921875,0.01708171457316808,0.0343117877693491,0.11374427628092865,23053.990234375,0.004883962329657903,0.05329195573171095,0.47897746740252733,6720.31982421875,-0.0029656889211831677,0.04162072715321691,0.3244410259094841,88.55690002441406,-0.0020102410516012396,0.021609752834204465,0.033229945031272745,12.40999984741211,0.1970957808655878,0.2631076289522091,-0.098110491207414,59.43000030517578,-0.03732266644677077,0.07434969783794494,-0.05441524665038
2025-07-01,23707.900390625,-0.0732503989571021,0.041380879697536704,-0.03705489220534908,19489.6796875,-0.1679537879065636,0.11080444832936034,0.0014999341112917897,5909.02978515625,-0.1286540932989617,0.08273525520842495,-0.010347050539412206,85.68070220947266,-0.03301766171863997,0.02235119309166889,0.004238239569272606,14.65999984741211,0.16662009912909795,0.21663791136457536,-0.06920635889446924,74.25,0.2226386231691938,0.11204658579990472,0.11654135338345872
2025-07-02,23559.94921875,-0.006260139027821569,0.03775028480486573,-0.07466520487215744,19523.400390625,0.0017286874789142171,0.10148490460893675,-0.07268026064079625,6025.990234375,0.0196001671318645,0.07699413425072764,-0.04801778687393443,87.58830261230469,0.0220198353751271,0.022830671419038807,0.003931470442352092,13.6899995803833,-0.06845707740102677,0.1848443543449724,0.11120129216680374,71.0,-0.044757900641493605,0.115068010220271,0.07105142584738466
2025-07-03,22552.5,-0.04370227883130275,0.04044649699440339,-0.08778351922824124,18196.220703125,-0.07039984730793487,0.0936405105111328,-0.1617615157791239,5770.2001953125,-0.04337504431231654,0.0718914886569281,-0.11256088421223376,87.12879943847656,-0.005259980023385156,0.02079106112218732,-0.010720636623450797,13.470000267028809,-0.016200598402790218,0.15360831032202577,0.1253132804125099,67.04000091552734,-0.05739040721105379,0.12010886500547198,0.056080677362361664
2025-07-04,22161.599609375,-0.017484880736169155,0.03484258615761856,-0.10401349909293789,15603.259765625,-0.1537340670838234,0.08232164810260933,-0.3317272719972322,5062.25,-0.13089572731559196,0.06994191586292269,-0.25242372189365925,85.529296875,-0.01852850642060719,0.020489362298140457,-0.03600064424296423,22.790000915527344,0.5258568731836821,0.2337229288181029,1.100460840024435,60.70000076293945,-0.09934575919579018,0.12852538668148397,0.0023117468043880596
2025-07-05,24414.400390625,0.09681209434262512,0.06443565180592475,-0.04622494572522795,17738.16015625,0.1282384081434641,0.12196865575836854,-0.2453497539434525,5631.27978515625,0.10652568312521245,0.10130063057602307,-0.17876897459600538,84.79319763183594,-0.008643647784554802,0.020270005101778153,-0.059634847042363215,19.059999465942383,-0.17873001322367593,0.2758429962696565,0.5067193708071314,58.06999969482422,-0.04429453650582179,0.12902450014672331,-0.026814119712069928
2025-07-07,25461.30078125,0.04198654484146552,0.05561485495805199,-0.02198873457531092,20412.51953125,0.14043015521911945,0.1268177322002499,0.036572079092103804,6229.97998046875,0.10103638776383937,0.1004935617644085,0.0277984915471039,85.49629974365234,0.008257774179556808,0.015794153792483945,-0.018751232452762223,12.5600004196167,-0.4170746757572187,0.3473432787199511,0.16081338020968827,67.93000030517578,0.1568285935670646,0.10017602685895036,-0.04364351017030643
2025-07-08,24596.150390625,-0.03456974048979046,0.05953068638159601,0.037974265168300825,21242.69921875,0.03986485503752514,0.12739757759955797,0.1449904505717341,6340.0,0.017505649062841078,0.10045090899730189,0.0851277810101636,87.76249694824219,0.026161170416271366,0.01730241150758315,0.006254446514418088,11.6899995803833,-0.0717834548604035,0.3474363188365475,-0.16974434348531398,63.880001068115234,-0.061471427628251064,0.10156993842406085,-0.03664600482500835
2025-07-10,25108.30078125,0.020608557375310147,0.05185565813285527,0.12405258930505991,22788.359375,0.07023658169381702,0.11852640111618477,0.27707086856523544,6714.58984375,0.05740397905744307,0.09707777007236801,0.18834308188280335,88.72109985351562,0.010863472300989777,0.017485955626115303,0.04962717407325612,10.050000190734863,-0.15116108610494358,0.3511646713699925,-0.26481345028203496,61.72999954223633,-0.03423631107723745,0.10001970228684849,0.08051808836195518
2025-07-11,25492.30078125,0.015177976545139972,0.04760445843431656,0.042154615549896635,23004.5390625,0.00944169514617912,0.05620405553922464,0.19204081124556027,6728.7998046875,0.0021140451331631885,0.04734025087437212,0.13292812721406988,88.6729965209961,-0.0005423329714085467,0.013086528703644889,0.03223124017785661,12.5600004196167,0.22294454096534697,0.2305460170947281,-0.31515810713641657,59.75,-0.03260083817860574,0.0901680690296474,-0.0571248065788329
2025-08-01,23688.94921875,-0.07336781471727151,0.04694112701804786,-0.0429055571763054,19478.880859375,-0.1663607011883097,0.11429717606864978,-0.06873360416401708,5918.25,-0.1283559955526236,0.08630707990873465,-0.06047443321278989,85.80650329589844,-0.03286060728899648,0.021923172362859802,-0.023742418959283418,14.470000267028809,0.14156036464832783,0.2532369451534302,-0.040450905819854555,73.31999969482422,0.2046642279976396,0.12411824165832769,0.12523013465482502
2025-08-04,22535.849609375,-0.049901304508578805,0.041060239125796656,-0.08575008894210012,15267.91015625,-0.24357759539545643,0.1385203840811651,-0.2964223354274297,4982.77001953125,-0.1720548318669302,0.0996291829502535,-0.23123196489527886,86.0270004272461,0.002566405824176757,0.021687919485694748,-0.02455867926454325,20.440000534057617,0.34541623236621394,0.20593037409755502,0.7455166923545209,59.58000183105469,-0.2075134407914167,0.14792099008685847,-0.03701304574695774
2025-08-05,24273.80078125,0.07429025436539302,0.05918676881637205,-0.01888360287579327,17928.140625,0.16061832992555988,0.1673849143568238,-0.23709393148113456,5663.93994140625,0.12813378754973298,0.12575090571241063,-0.16661297430626576,84.81719970703125,-0.014162856470059335,0.017119064090424716,-0.044119398318922864,21.01000022888184,0.02750473428728976,0.18968452969968133,0.9489796613465267,59.90999984741211,0.005523455531038865,0.146962024706647,0.005201365456840135
2025-08-07,25522.5,0.05016280449425301,0.06341362982089244,-0.025354686815446503,20418.4609375,0.13006785920496888,0.17846519552966247,-0.13400849883817956,6225.52001953125,0.09453722336590424,0.13256535992141635,-0.09386351478499921,85.89199829101562,0.012592324242831944,0.017577041948164153,-0.04390652870135359,12.199999809265137,-0.5435625896456511,0.3455995455611989,0.1821705591119145,68.33000183105469,0.13150550204103445,0.1591168122447941,0.13731690660061968
2025-08-08,24363.30078125,-0.046482482347326326,0.06644274762384679,0.03164161556568468,21450.01953125,0.04928611637306312,0.1810883051651261,0.07979061771510199,6389.4501953125,0.025991247129700017,0.13376625407547618,0.06929606495664409,87.43319702148438,0.017784365957975137,0.02074964701450358,0.019522082621183046,12.029999732971191,-0.01403242831552677,0.3299218319317837,-0.23130990247902916,63.880001068115234,-0.06734259552245268,0.16272297335241376,-0.13159321386284684
2025-08-09,24773.150390625,0.016682487433891946,0.05604433869192326,0.04956079542139924,21798.69921875,0.016124743228710024,0.15984597588018817,0.10138995424976116,6495.14990234375,0.016407506243325234,0.11637527114912638,0.06765436906575739,88.1863021850586,0.008576607761585467,0.012307538607353612,0.00975796831586817,10.84000015258789,-0.10416049770180506,0.3201134220234239,-0.23554302402721172,62.2599983215332,-0.02568720201299282,0.12271257805739237,-0.11825523603797039
2025-08-10,25046.150390625,0.010959717552793407,0.04572630229474214,0.11095518053284081,23043.380859375,0.05552826460066637,0.060417987743385096,0.2752808448308868,6753.72021484375,0.03903776649191572,0.048290719758671684,0.17690975928588393,88.74259948730469,0.006288391892627902,0.012200001046440853,0.021329462380168973,10.3100004196167,-0.050128671359035204,0.2324332991545871,-0.24908952925300554,62.54999923706055,0.00464708666117614,0.07427544529974978,-0.05741412504894838
2025-08-12,25960.55078125,0.035857969445483195,0.036940827902023,0.06484729844648696,23545.900390625,0.021573160480289375,0.04554003476007932,0.3310544229028567,6846.509765625,0.013645503155856165,0.03317036719429932,0.22108426474307308,89.93800354003906,0.013380544589100405,0.004463128804767297,0.06788348099631225,11.130000114440918,0.07652983684081781,0.24194073486521092,-0.4142105202925833,58.880001068115234,-0.060464732154482,0.0807867335203108,-0.0035538853262883086
2025-09-01,23526.5,-0.09845066275177285,0.055251930255142946,-0.059054824715921383,23545.900390625,0.021573160480289375,0.04554003476007932,0.3310544229028567,6846.509765625,0.013645503155856165,0.03317036719429932,0.22108426474307308,85.90750122070312,-0.045849433194386696,0.02603165730978332,0.00034932058390202414,14.65999984741211,0.27547851048039823,0.1487920220143377,0.002050562729769112,73.91999816894531,0.22748191000150234,0.12184393734057969,0.14462675864154728
2025-09-04,22399.150390625,-0.04910441624238637,0.05562136743904253,-0.08850944882327838,17124.970703125,-0.3184140508506603,0.15924598860326783,-0.12314310133054862,5456.89990234375,-0.22685815410339777,0.11252392023045266,-0.09057122794637074,86.435302734375,0.00612503860499083,0.02452282033075457,-0.014680238600624396,21.43000030517578,0.37966913767601823,0.20771417817807294,0.7918060398682112,62.34999847412109,-0.17021975490941918,0.14572461554972638,-0.03108003181700658
2025-09-05,24008.0,0.06936407898634943,0.06731308300052956,-0.04265353308477726,17928.919921875,0.04587737382071591,0.15880065039788843,-0.15307457700583915,5659.91015625,0.03652717358182004,0.1138402084936249,-0.10798162602350514,86.08219909667969,-0.004093545605873416,0.02376126947267014,-0.029896858199347953,21.6299991607666,0.009289377439384109,0.18237432298859682,1.1226692886628147,61.02000045776367,-0.021561960862861357,0.14558875246347414,-0.010860725950076922
2025-09-06,25103.19921875,0.044608188791817514,0.0710454103996858,-0.015935115365892538,19591.240234375,0.08866749231619413,0.16779681457399884,-0.14604122973216294,6005.8798828125,0.059330951194383495,0.11916633570604661,-0.10895688691752514,85.7853012084961,-0.00345496598240304,0.02300913441666646,-0.03129737846688252,14.6899995803833,-0.38691423954445675,0.2960625563572439,0.18372278493191496,65.29000091552734,0.06763721243062977,0.1492069582757926,0.09860340872051476
2025-09-07,25476.099609375,0.01474544550152617,0.06901358841798139,0.07458269984334898,20611.33984375,0.05075886267281201,0.16726320658814925,-0.105953475549879,6263.259765625,0.04196180908317665,0.11950857613852467,-0.06801165280059929,85.7073974609375,-0.0009085372557755241,0.020645312236710796,0.00031156667460052745,11.9399995803833,-0.20727288880032177,0.3208586238339641,-0.1855389014556479,68.37999725341797,0.046241444823685626,0.1444177963913615,-0.07905727604824286
2025-09-09,24868.599609375,-0.024134794630305347,0.04846868392177885,0.055545552262206144,21879.490234375,0.05970827684613239,0.1706005083649158,0.12261928288168544,6512.60986328125,0.03903949762631899,0.12155648852125898,0.10214537751040287,87.98049926757812,0.02617605071357337,0.012634411552919948,0.004477728687236171,10.6899995803833,-0.11058538703692433,0.2868715117888249,-0.21913806369276778,62.630001068115234,-0.08783593045300973,0.09794643309988901,-0.11788730889978538
2025-09-10,25181.80078125,0.012515594590332567,0.03540978036911333,0.11658577901563016,23024.630859375,0.05101487081047335,0.01720706840100226,0.17933507476654875,6735.10986328125,0.03359384548156338,0.010120549305033645,0.11767686327487015,88.7771987915039,0.009014655971620785,0.012777238614474384,0.018919110140973583,10.119999885559082,-0.054795033232825606,0.15443374662927098,-0.2487008400192604,61.5099983215332,-0.018044677659121502,0.06160752188481907,-0.08248810439251231
2025-09-12,25839.650390625,0.025788606656861727,0.025151400629419386,0.16596504070464646,23576.490234375,0.023685489161710416,0.023290897097523553,0.2956806041776574,6840.509765625,0.01552813397512171,0.015780726807506768,0.18548915706286584,90.12999725341795,0.015123195433734228,0.012099949295326247,0.0537909295003538,10.949999809265137,0.07882578629287237,0.17423255858042058,-0.5195261356130683,58.25,-0.05445564348676052,0.06574112162154613,-0.04036245028246044
2025-10-01,23431.5,-0.09782887809126249,0.050602049389266816,-0.04025904281484749,19161.630859375,-0.2073401521665999,0.11423295638687865,0.22805305732263226,5827.0400390625,-0.1603530965587241,0.086868999769962,0.1510770979431082,85.91999816894531,-0.047836432645360555,0.028652304060457413,0.01328880816597855,14.920000076293944,0.3093631610453492,0.2000402913853253,-0.21720878833423118,76.56999969482422,0.27346125869364313,0.14391488474459807,0.31858102457763415
2025-10-02,23381.599609375,-0.0021318994017117594,0.04875239269357297,-0.08168086892899507,19714.26953125,0.028432828381090555,0.11194969357531737,0.11140441610590157,6066.43994140625,0.040262772983721516,0.08663727256578468,0.0772755346656826,87.51309967041016,0.018371883227644062,0.02972403057008577,0.023589324132212486,14.449999809265137,-0.032008198530353346,0.16650395279756908,0.15047765338419605,72.31999969482422,-0.057104639275329966,0.14867794194909772,0.06462534034927647
2025-10-03,22460.30078125,-0.04020003047138482,0.04984429633473425,-0.086836743777152,17468.3203125,-0.12095374266560972,0.11341541229839114,-0.14423497374945105,5614.56005859375,-0.07740869839619988,0.08702418213005753,-0.09878361147296899,87.07379913330078,-0.005032467696637816,0.02710944813279273,-0.00784729057273248,13.989999771118164,-0.0323516290417954,0.1520829135661754,0.19674938180446455,66.02999877929688,-0.09099154614474197,0.14920920916515348,0.03365682021340444
2025-10-04,22460.30078125,-0.04020003047138482,0.04984429633473425,-0.086836743777152,16387.310546875,-0.06388168436575664,0.09992779399194932,-0.22856740670645848,5268.0498046875,-0.06370299599529375,0.07992868108530954,-0.16907731787263403,86.20929718017578,-0.009977997208274234,0.026491233109653362,-0.028311221090439487,13.989999771118164,-0.0323516290417954,0.1520829135661754,0.19674938180446455,60.06999969482422,-0.09459862193764706,0.1566233875559418,-0.02689129855373351
2025-10-06,25104.25,0.11128781342949015,0.07784472331998053,-0.00016133235320425765,19714.990234375,0.18487198379806022,0.15023959367215137,-0.13486574834328102,6038.81005859375,0.13654674434196212,0.11502348748450061,-0.10064349437296927,85.75599670410156,-0.005272011761888599,0.023893395155027235,-0.032896145741548755,14.020000457763672,0.0021421419402034786,0.14382572679452385,0.3950248946949044,64.9800033569336,0.07856903812024668,0.1573631186742992,0.08753143693612708
2025-10-07,25355.25,0.00994865467311154,0.07681699657861454,-0.005376163667063061,20630.66015625,0.04539905439977811,0.11690436096822823,-0.10319176140849917,6280.4599609375,0.039236237614455424,0.08765378232137881,-0.0666299870353807,85.70850372314453,-0.0005539686880170063,0.01106004553296783,-0.001142099596063928,11.670000076293944,-0.18346346142112704,0.18071321807927995,-0.07085989757872291,66.56999969482422,0.024174439126347487,0.07637002498905866,-0.0920621935092083
2025-10-09,24973.099609375,-0.01518657926376205,0.05814459803684169,0.054208837157225354,21886.060546875,0.05907160306902727,0.11859016055278453,0.12357895224465354,6532.0400390625,0.039276084782791675,0.08758373433340272,0.10371140777467991,88.21829986572266,0.0288623756399975,0.015597602098773424,0.025472228807161157,10.539999961853027,-0.1018439133421187,0.07408109119038074,-0.271596422436193,63.66999816894531,-0.04454055575791037,0.07537276860512232,0.06864713347086226
2025-10-10,25285.349609375,0.012425931263628096,0.05757519367455719,0.12200560651843362,22204.4296875,0.014441874988221783,0.09014840878219442,0.45432016957543464,6552.509765625,0.003128841812265355,0.07249456923928296,0.3150335536139037,88.86540222167969,0.007308467449806801,0.015257375267066418,0.04772855657380126,10.100000381469728,-0.04264207787746582,0.07287836204500175,-0.5058708357350155,58.900001525878906,-0.07787234870661403,0.07270303109131666,-0.01685859329169792
2025-10-11,25574.349609375,0.01136471960944177,0.04905719316901947,0.053578293726856074,23527.169921875,0.05786411574553395,0.06543518904529275,0.31230395912152775,6832.43017578125,0.04183227276265614,0.04991176295684487,0.20630342949662106,88.65799713134766,-0.002336651793016642,0.013812307736283055,0.0322032191050019,12.300000190734863,0.19706381626877806,0.14262987953964437,-0.41456449039793875,60.130001068115234,0.020667786251106258,0.06170984342649835,-0.12000586189378248
2025-10-12,25758.0,0.00715537767462959,0.011534585460282566,0.009227152512488956,23654.150390625,0.005382671552817535,0.024999608357051492,0.1584688220639794,6886.68017578125,0.007908717311505376,0.019053317232493306,0.10620159507571247,89.91690063476562,0.014099678902592283,0.012669324949156156,0.0284068717362691,10.90999984741211,-0.11991949202634954,0.14704043740691053,-0.10573770344433553,58.459999084472656,-0.028166158792558738,0.04363714421245363,-0.08484661698523188
2025-11-02,23071.80078125,-0.1101341320597785,0.05223409598558043,-0.053010058513661584,19643.859375,-0.18577380226803308,0.10137392580857187,-0.0842031940166138,6068.5,-0.1264776790904686,0.06914795128359853,-0.050231269593111305,87.49009704589844,-0.027360307181294653,0.020944232027041532,-0.007894708383385574,14.869999885559082,0.30966596691704806,0.1933611643655568,0.2360764934020878,73.31999969482422,0.2264906747869081,0.12114140852763808,0.1776421726864359
2025-11-03,22497.900390625,-0.025189137526754116,0.052249062321162554,-0.09184338544447024,17436.099609375,-0.11922204226012251,0.10244252870183947,-0.20013118973734634,5572.06982421875,-0.08534487045841037,0.07079801098249067,-0.14211836401064581,87.3551025390625,-0.001544160594401746,0.01572663307708032,-0.0156350721779418,14.06999969482422,-0.05530090333949306,0.18526704744916792,0.2979704332813331,66.25,-0.101397953942928,0.13090893395944658,0.05915269077648877
2025-11-04,22828.55078125,0.01458999094162988,0.05260165615802092,-0.0885405371599568,16724.4609375,-0.04167037266368769,0.09717784639972632,-0.27421843871075025,5363.35986328125,-0.038175968240979165,0.06806178469863393,-0.20586584983290823,86.2603988647461,-0.012610834554218813,0.015307067809925622,-0.040890441532380195,20.11000061035156,0.35717238469873297,0.21498931883850764,0.9505334424709171,61.5,-0.07439829005385938,0.13034759912651228,0.044497263660947084
2025-11-06,25141.400390625,0.0965039254695005,0.07463710615770912,-0.03155365991759429,19615.880859375,0.15946711153695758,0.13163349744726371,-0.16690886591938403,6022.240234375,0.11586870318789684,0.09359421173412343,-0.12039266129269222,85.65280151367188,-0.007068682098666709,0.015173477974711785,-0.002964813356366891,13.670000076293944,-0.38601357781822904,0.3113197806305085,0.22821203375887067,68.1500015258789,0.10267400572007505,0.1372177450940438,-0.07805731582783582
2025-11-07,25149.849609375,0.0003360114862722561,0.07445775599107586,0.06900089725947334,20585.529296875,0.04824888154711477,0.13634377708965628,0.2020767599397124,6259.75,0.038680926159516946,0.09725922467667798,0.14712567795341536,85.73480224609375,0.0009569039636486193,0.011260752219934165,-0.008104333138439501,11.81999969482422,-0.14541067015762263,0.31440039505837813,-0.19372443261581795,68.44999694824219,0.004392326618157635,0.13481304526949314,0.09783478144996205
2025-11-08,24585.05078125,-0.02271335038164948,0.0496719996049302,0.0975885403019523,21385.400390625,0.038120096832230846,0.10454435153243066,0.19278799190422857,6373.4501953125,0.018000706659335435,0.07665860847076332,0.12606914586348483,87.48829650878906,0.02024619317574238,0.01247204639688451,0.01633435747302614,12.220000267028809,0.033280989435875735,0.2711937267487746,-0.42977134423663865,63.959999084472656,-0.06784563349901275,0.08253839816767392,0.0481809014200838
2025-11-09,25005.5,0.016957234272050446,0.04498900296345363,0.04154865044985012,22043.0703125,0.03028981648779157,0.07223376893026137,0.12514930391303114,6587.47021484375,0.033028437519775536,0.05520266809647523,0.09683682380921943,88.05339813232422,0.006438397177190629,0.012733791252204127,0.026439225506892594,10.359999656677246,-0.16512177190315921,0.2771989988733754,-0.5210355959944443,62.369998931884766,-0.02517350023912595,0.0717715713181483,-0.0447235708791075
2025-11-11,25694.94921875,0.0271986434618701,0.04488369010026844,0.023572692661340655,23468.30078125,0.06265232667881951,0.05267709367923597,0.13861112179790291,6846.60986328125,0.03858422690422014,0.03841322025736639,0.09313841665291989,88.70709991455078,0.007396502835048192,0.010006185154829176,0.034999341276001905,12.489999771118164,0.18697610212020457,0.21686021026542207,-0.1497617339760151,61.040000915527344,-0.021554971437555238,0.06374033759319164,-0.10734127862989551
2025-11-12,25898.55078125,0.007892568614475081,0.018904635049625095,0.016582254676047015,23593.859375,0.005335874564068032,0.021409415551645924,0.078355076935547,6901.0,0.007912709342830154,0.013711318136174508,0.05963663490861526,89.79299926757812,0.012167082866157145,0.007234625167900303,0.020601156109464558,10.399999618530272,-0.18312253634473438,0.16051614559336755,-0.1289782257935047,57.59999847412109,-0.058006860764119296,0.02927437720217102,-0.08031298911401274
2025-12-02,23045.25,-0.11672733829426202,0.0585305339687622,-0.07331935203491036,19649.94921875,-0.18291172817574336,0.09918215239518666,-0.1465683276850852,6051.97021484375,-0.13128245426383325,0.07066371222695476,-0.10142962213012574,86.81120300292969,-0.03377133291888468,0.020996881078956423,-0.022145278464929086,14.899999618530272,0.3595554178818731,0.2320679222034961,0.39382602464012595,71.37000274658203,0.21435511025578854,0.11690299959224541,0.16029921466600117
2025-12-03,22470.5,-0.02525633661275384,0.05859840359779193,-0.10766905849198816,17648.44921875,-0.10742683746560938,0.1030667665615924,-0.25143865591078507,5599.2998046875,-0.07774231932827202,0.07511185545736324,-0.18144992163812723,87.20010375976562,0.004469840627871839,0.01872501113321435,-0.032507417984429354,13.6899995803833,-0.08469557870039028,0.23959964179724333,0.3527667722524874,67.68000030517578,-0.05308693165961404,0.11466283276479484,0.16188841725623648
2025-12-05,24924.69921875,0.1036559104816537,0.0803238221410979,-0.03540880615811104,18708.33984375,0.05832148883100405,0.1083643310356462,-0.02365618140499892,5844.18994140625,0.04280644026570469,0.0771298471596926,0.002943158486775843,85.4083023071289,-0.02076220803939778,0.020051474049367548,-0.005955492000945473,18.38999938964844,0.2951413967778834,0.23779925518079859,0.6794520283085383,61.95000076293945,-0.08846309941650807,0.12289460678898845,-0.19093638487859377
2025-12-06,24888.19921875,-0.0014654841487777859,0.07884892426166495,0.06216841511426918,19662.490234375,0.04974336633205061,0.10564101507862661,-0.0026264882293975944,6045.259765625,0.03382645981239872,0.07618918924350296,-0.003491368246586579,85.46980285644531,0.0007198178129726564,0.019129067160485607,-0.02334846807689661,14.020000457763672,-0.27132209116970646,0.2863742124365314,-0.060321689941561174,68.04000091552734,0.09376816059282493,0.1288332135656897,-0.05918139929974564
2025-12-08,24487.400390625,-0.016235048675734578,0.0784945734635365,0.0472936325881923,21681.900390625,0.09776505740214583,0.12145234479571086,0.24121266399665475,6445.759765625,0.06414805882234677,0.08578913323620492,0.1480436041928166,87.66449737548828,0.025353867843834782,0.023020557533140543,0.006783880433231193,12.229999542236328,-0.13659300198769697,0.2786488944364538,-0.15363323850048605,63.16999816894531,-0.07426630505891811,0.1315255617104538,-0.0433136553570298
2025-12-09,25114.0,0.025266744068551727,0.05198206392588688,0.11815065366200805,22141.099609375,0.020957763109942403,0.07836478211730848,0.35111246876304714,6584.2900390625,0.021264000563176462,0.05515032427390642,0.2498534150538616,88.2676010131836,0.006856122398305704,0.01647749251511817,0.02387565959047322,10.119999885559082,-0.18937825971857938,0.21936786040245904,-0.2766261578894771,62.68999862670898,-0.007627552544650116,0.07356445294149078,0.04361576402855394
2025-12-11,25875.80078125,0.029882739607512355,0.04625889733602013,0.03073387100789704,23406.4609375,0.055576500458973735,0.027458489795569235,0.1872418225543202,6850.919921875,0.039696423911592935,0.015649607027228656,0.1344817696535341,88.46649932861328,0.0022508208547924735,0.01646891368441506,0.03160714968848444,12.109999656677246,0.17951787666372085,0.24721687808928935,-0.13623400418854836,58.4900016784668,-0.06934609522823548,0.0754011504009823,-0.09987690586621512
2025-12-12,26046.94921875,0.006592449642891989,0.019056772630494736,0.02728031546721099,23195.169921875,-0.009068028718447125,0.03999935174114758,0.12430575397016996,6827.41015625,-0.0034375232416689588,0.02481478225957487,0.08708760165885288,90.25299835205078,0.019992877708229308,0.011026120733687073,0.053022680731726,10.109999656677246,-0.18050653014099904,0.17418270166905803,-0.13367612762793646,57.43999862670898,-0.018114927319880913,0.0677504476855348,-0.13714888252921376
2026-01-01,26146.55078125,0.0038166317033840945,0.018482616864733157,0.046988607350706424,23195.169921875,-0.009068028718447125,0.03999935174114758,0.12430575397016996,6827.41015625,-0.0034375232416689588,0.02481478225957487,0.08708760165885288,90.25299835205078,0.019992877708229308,0.011026120733687073,0.053022680731726,10.109999656677246,-0.18050653014099904,0.17418270166905803,-0.13367612762793646,57.43999862670898,-0.018114927319880913,0.0677504476855348,-0.13714888252921376
2026-01-04,22679.400390625,-0.14226023981362473,0.0718518614943305,-0.10306162497289728,21840.94921875,-0.060157451645239446,0.06037182170511095,-0.0020611899536867595,6575.31982421875,-0.03762219583235846,0.03923437419468648,0.0066257685037800496,93.48429870605467,0.03517667451708714,0.01346555240962267,0.05969281711784746,25.01000022888184,0.9057507549674905,0.46709627267621795,1.37286530544587,100.12000274658205,0.5556285931647755,0.2690689281621984,0.5724832044272781
2026-01-05,22679.400390625,-0.14226023981362473,0.07871804413419657,-0.11319737404734531,25114.439453125,0.13965634541706176,0.0748553077279479,0.13105537077870522,7230.1201171875,0.09493243040399492,0.049573295490779705,0.10341233753168888,94.75910186767578,0.013544407361241467,0.0128590297554835,0.06632164485447256,25.01000022888184,0.9057507549674905,0.5141706333428705,1.476237552898235,101.94000244140624,0.018014934864864558,0.2590559369602439,0.7307300475470588
2026-02-01,26328.55078125,-0.14226023981362473,0.08515014260691534,0.022150430206149485,23235.630859375,-0.07775604432443146,0.08926667180632288,-0.012391590806207997,6858.47021484375,-0.05277123363375751,0.06013968727714739,0.0038112411532287283,89.96189880371094,-0.0519516672085114,0.033362804083319715,0.014707095970502682,9.449999809265137,0.9057507549674905,0.5533212834745793,-0.23170734449390717,57.31999969482422,-0.575734831225439,0.40126405739008597,-0.04673210250084392
2026-02-02,25088.400390625,-0.04824832791445746,0.07403541043665174,0.08740538410915244,23592.109375,0.015225394185837918,0.08583468897609936,-0.0026228384702241536,6976.43994140625,0.017054333495538254,0.05798521195506316,0.013033822296650621,91.68699645996094,0.01899432990387064,0.034002270684261725,0.019685907907182942,13.869999885559082,0.38371350475370497,0.5432651329137271,0.2713107313974066,62.13999938964844,0.08074029650680094,0.4020673260628638,0.06294903118041972
2026-02-03,24865.69921875,-0.008916291115818773,0.06851503162565775,0.10524532454200375,22748.859375,-0.03639730083028541,0.0875355566553004,0.158064662382567,6881.6201171875,-0.013684643240298546,0.05847651095354462,0.13399029697412868,91.07959747314452,-0.006646742273222317,0.033571434776259734,0.041027505379985785,17.1299991607666,0.21110303726822896,0.36167497282346356,0.151983812548802,71.2300033569336,0.13652423097564723,0.40509758859444994,-0.028505132932210908
2026-02-04,22713.099609375,-0.09054747902627334,0.04082458030643949,-0.005057314981633643,21879.1796875,-0.03897952135697339,0.0845950127872177,0.25482075565432405,6582.68994140625,-0.04441063888923993,0.05968069840535236,0.18137247900140907,92.6426010131836,0.017015268298728257,0.02983517033086372,0.06052878790631255,25.520000457763672,0.39863121307003513,0.10423029648053288,0.8137882737233775,111.54000091552734,0.4484691540511229,0.3727412579342801,0.6836226553287146
2026-03-02,25727.55078125,0.1246205991919319,0.0931007281833658,0.023314150425907565,23255.189453125,0.06099282399195839,0.05398827095512273,0.3904896271413829,6917.81005859375,0.049655786538874674,0.04275209754331263,0.2898276891607834,90.24559783935548,-0.026214271377655328,0.030017905826629603,0.04619963537217209,12.899999618530272,-0.6822351946177077,0.5137894952973624,-0.3585281339131319,63.209999084472656,-0.5679207771691637,0.45678363988066806,0.027804863162157023
2026-03-03,25727.55078125,0.1246205991919319,0.0931007281833658,0.023314150425907565,22516.689453125,-0.03227152169293616,0.043703502009625264,0.14788061849201228,6816.6298828125,-0.014734056380947224,0.03579708502595406,0.1319093256863313,91.56340026855467,0.014496812827535297,0.019554773732422787,0.06900648490685213,12.899999618530272,-0.6822351946177077,0.5137894952973624,-0.3585281339131319,74.55999755859375,0.16514163563284584,0.3749197228066672,0.09405716638584005
2026-03-04,25727.55078125,0.1246205991919319,0.0931007281833658,0.023314150425907565,22516.689453125,-0.03227152169293616,0.043703502009625264,0.14788061849201228,6816.6298828125,-0.014734056380947224,0.03579708502595406,0.1319093256863313,92.97360229492188,0.0152839751225041,0.018879929536723856,0.08443245752232365,12.899999618530272,-0.6822351946177077,0.5137894952973624,-0.3585281339131319,74.55999755859375,0.16514163563284584,0.3749197228066672,0.09405716638584005
2026-04-02,25776.0,0.0018813938963879184,0.08070022773699782,0.024896784686600837,22904.580078125,0.017080106254298677,0.04393896703148378,0.1126544160126135,6882.72021484375,0.009648756225933499,0.03499599383540605,0.09951998320120614,90.4228973388672,-0.027818082097498628,0.023365774911793775,0.03354278168832936,12.25,-0.051701344805593255,0.4487081639902857,-0.10387710814694584,65.13999938964844,-0.13506534715490806,0.38319944580325394,-0.04835643106159049
2026-04-03,24480.5,-0.051566944162476015,0.08116495193213007,-0.004252616038106227,22807.48046875,-0.0042483210887016305,0.04058765942173587,0.06649770647962328,6869.5,-0.0019226304857838327,0.03446472081962728,0.07783065521596622,92.00859832763672,0.01738450829231514,0.023439182082062533,0.04491820053745954,21.13999938964844,0.5456410145794744,0.48316436725232803,0.7884940723733938,74.66000366210938,0.13640573205867923,0.38318962380899557,0.16729213150089484
2026-05-01,26250.30078125,0.06980056503317734,0.08757379339687142,0.049781079412529294,23395.8203125,0.025468814400380027,0.034718969575951206,0.061368492720040635,6902.0498046875,0.004727117246974847,0.024254136658988085,0.04775423335272144,90.00700378417969,-0.02199454563824831,0.022372877904264357,0.01465388757924746,10.020000457763672,-0.7465838102284955,0.596788033283149,-0.18003271368176887,58.31999969482422,-0.246999440069302,0.30148351742119267,-0.06493505381463316
2026-05-02,25642.80078125,-0.023414586380397534,0.07188460632147656,-0.0020295209403233816,22540.58984375,-0.03723971026064846,0.028248297234345857,-0.039530383820595816,6798.39990234375,-0.015131164615023838,0.0112310930742172,-0.007041435381918371,90.125,0.001310108478434864,0.02088659737451309,0.003697401079482132,12.170000076293944,0.19439077192673843,0.5593193412749052,0.17471047100374304,63.290000915527344,0.08178227078518446,0.18153351949407526,0.03686107415223927
2026-05-03,24765.900390625,-0.03479513816122145,0.04744341725851577,-0.04373412242993202,22748.990234375,0.00920308208492497,0.02454007786820826,-0.03580885717748328,6830.7099609375,0.004741339595346057,0.009614072331520276,-0.010185486025576007,92.1230010986328,0.0219270569607967,0.022502468431638625,0.06118793326160743,17.860000610351562,0.3835896963541187,0.5053574511323516,0.42994403023537053,81.01000213623047,0.24684527695955336,0.20254756944662108,0.40642368545595
2026-06-01,26178.69921875,0.055478350416050724,0.055497739905078586,0.13596941750469194,23547.169921875,0.03448488096255829,0.02817044813302482,0.19833235494605095,6944.81982421875,0.01656741702357171,0.011573875196552532,0.14753040376588356,90.23300170898438,-0.020729419807244052,0.020599261497931908,0.034780898398633964,10.020000457763672,-0.5779804682808571,0.584385606884582,-0.03653838218316219,57.130001068115234,-0.34924323877976543,0.25776143828103376,-0.1995236251990864
2026-06-02,25693.69921875,-0.018700277922420717,0.04896606167684542,0.14344136618010284,23031.2109375,-0.022155346749220282,0.030745574537314052,0.3049991334667108,6932.2998046875,-0.0018044123367170083,0.011564495353892671,0.23806548077387601,90.3147964477539,0.0009060730200036145,0.018219175199602644,0.057447508123755986,11.9399995803833,0.17531093147896343,0.5103530682443874,-0.19865772576703888,63.54999923706055,0.10649759419752729,0.2533527477796654,-0.06102247413552975
2026-06-03,24450.44921875,-0.04959720655022008,0.04073498312604833,-0.019027310854898394,22387.6796875,-0.02833949972610001,0.02986078492920513,0.1966684310034692,6740.02001953125,-0.02812872511935098,0.017374749231091564,0.1532855857024802,91.78690338134766,0.016168316978998443,0.01656626460468017,0.07391032053171487,19.8799991607666,0.5098200861927891,0.42301294004437257,0.45215484076808043,90.9000015258789,0.3579330323396581,0.2690981346182869,0.46731235522854586
2026-06-04,22968.25,-0.06253576123842519,0.046320210912982836,-0.07714295445303132,21996.33984375,-0.017634724818409848,0.026264974042705953,0.11869552541696082,6611.830078125,-0.019202414561271933,0.018064518435777627,0.09372141718734306,92.97100067138672,0.012818001031615955,0.016909489160719385,0.06053195369579778,25.46999931335449,0.24778710301890647,0.42548996442128273,0.3849918520221003,112.41000366210938,0.2123929160820714,0.27453552822308996,0.6521164337088714
2026-07-01,26140.75,0.1293825719760834,0.08055154258633407,0.06751838018738754,23584.279296875,0.06970428980052706,0.04299071481885531,0.08774041352355666,6920.93017578125,0.04568969844632979,0.029541524043139505,0.07371829348811865,90.16609954833984,-0.030634103857847934,0.020630631655952806,0.02150844152740361,9.949999809265137,-0.9399287300312057,0.6126037500858631,-0.2902996088166847,55.9900016784668,-0.6969798007130749,0.4373296893617264,-0.11366149594109431
2026-07-04,23123.650390625,-0.1226394792358643,0.09410223604032349,-0.07925259255295847,22017.849609375,-0.06872688830320814,0.05070789032411352,-0.005566570864791842,6616.85009765625,-0.04493073841320261,0.034646337013365475,0.004945113049483085,92.81659698486328,0.028971950689180525,0.022610669896415747,0.049172259434515864,24.700000762939453,0.9092307425209997,0.6890963681416917,1.0196240136917383,112.9499969482422,0.7017720825565745,0.517183095247174,0.8017227535895979
2026-08-01,25876.849609375,0.11249281130979988,0.11268921685915705,4.053316586660749e-05,23480.01953125,0.06429635650865528,0.060736543815289576,0.0031426619319518956,6921.4599609375,0.04500728374262565,0.04269497485169036,0.01029643316035056,89.8644027709961,-0.032323572285293416,0.028475218965862584,-0.004305625166478033,10.600000381469728,-0.8459492374164369,0.8282930543678875,0.04743087957892089,57.7599983215332,-0.6706487503701085,0.6323440984183818,-0.012480822978029549
2026-08-04,23997.349609375,-0.0754053402116336,0.1161482181082853,-0.07868866300470945,22634.990234375,-0.0366528773358212,0.061940238264519484,-0.024150704193449446,6782.81005859375,-0.020235245385442052,0.04153962889367609,-0.006532505977456471,92.86019897460938,0.032793226991711964,0.031762013460148834,-0.0066759845244993565,19.700000762939453,0.6197646373661021,0.8472435868085758,0.6267548572618835,94.41000366210938,0.4913505730086048,0.6546532853280245,0.643628236756429
2026-09-01,25683.30078125,0.06789761435016695,0.11427416440449502,-0.017717442116005677,23671.349609375,0.044768490169333326,0.06321895647533071,0.08380589929001991,6966.27978515625,0.026689856523763135,0.04095236698848525,0.05945869879933219,89.90540313720703,-0.03233708401803855,0.03434702217897307,-0.05122145139415302,10.93000030517578,-0.589107344362455,0.8680167839530983,0.08110788094408639,59.119998931884766,-0.4680777799608026,0.6719326756679879,-0.4095086165596111
2026-09-02,25867.30078125,0.007138647302390572,0.09749355098028585,0.14056369814533487,23238.669921875,-0.018447741549461633,0.05590570119489693,-0.07468888703453014,6964.81982421875,-0.00020959737332753496,0.0359106249962848,-0.03669376008540659,90.58799743652344,0.0075636843382996906,0.03185169101942179,0.006959597797936645,12.1899995803833,0.10910457896077441,0.7545105716452806,-0.5125949832536927,64.36000061035156,0.08492307303453708,0.5928966934572317,-0.36864823357891485
2026-09-03,24028.05078125,-0.07375772255418647,0.08388601751374679,0.0594658750847088,22695.94921875,-0.023631238018246802,0.045267010929991705,-0.02322646817257612,6795.990234375,-0.024538971314085684,0.030028960487775258,-0.009109900387629488,91.93620300292967,0.014773165236790748,0.029253997190394013,0.002718014032421223,23.36000061035156,0.6504092750179368,0.6857659178432979,-0.06597359469932518,94.7699966430664,0.38696053645262,0.5150443700152193,0.6533495664275759
2026-09-04,23775.099609375,-0.010583132313994922,0.06013331317558077,-0.09698411405512875,22822.419921875,0.005556922664735687,0.0320776397360955,-0.03262486795439423,6824.66015625,0.004209779033164037,0.020628063796046443,-0.02175605128561542,92.2748031616211,0.0036762248584304214,0.023821887028437117,0.013122650095472643,20.43000030517578,-0.13402076032092866,0.5239147357406303,1.161904837833482,97.87000274658205,0.03218722744110078,0.3751300892988078,0.5749920133228337
2026-10-02,25935.150390625,0.08696040844679073,0.06436085408673702,0.03375065714896719,23102.470703125,0.01219618593846379,0.02738164757437604,0.01554413442432212,6941.81005859375,0.017020009996410776,0.019458781466424737,0.008746478355572185,90.8227996826172,-0.01586076382887208,0.01928592983781809,-0.019643245231288575,11.670000076293944,-0.5599829709310831,0.5144645709838084,-0.15861570493275168,63.959999084472656,-0.42538222184960994,0.36321772435031796,-0.1020637923605161
2026-10-03,24261.599609375,-0.06670436911296306,0.0651271389130412,-0.02429449516221438,22697.099609375,-0.017702422841615224,0.0161127371814266,0.037383482084673014,6781.47998046875,-0.023367191535462628,0.018104299039538627,0.030198906652442625,91.220703125,0.004371527353795923,0.011373830356616084,0.010805017740369793,18.90999984741211,0.4826694217651246,0.48459986953583556,0.10391131195863124,83.44999694824219,0.2659897398862551,0.3106148521199043,-0.2518379391852308
2026-10-04,24050.599609375,-0.008734909401551902,0.06438079293596047,0.05888672277243634,22902.890625,0.009025984948133042,0.016511653794079564,-0.015149256420168955,6816.89013671875,0.00520801183991261,0.018644939040514036,-0.014588420471248864,92.46980285644533,0.013600256346710455,0.01227656305790348,0.009899180078854375,18.850000381469727,-0.0031779404700618425,0.4872251388425241,-0.26136363466501444,96.56999969482422,0.146020517280728,0.3125964820636838,0.5277646115098007
2026-11-02,25953.849609375,0.07616001776790073,0.06482941912999313,0.008795972459606505,23066.470703125,0.007116947630135619,0.011965312451807915,0.024416611116147013,6941.47021484375,0.018110222425600214,0.01672428351876846,0.018314083964867,90.58789825439452,-0.020561504837986497,0.014562584003203814,-0.02566001511869631,11.550000190734863,-0.48982748064949694,0.4198911857612024,-0.10465112152842193,64.62999725341797,-0.4015894740408866,0.31860220956688556,-0.1331813389260399
2026-11-03,23866.849609375,-0.08382949532523415,0.07891870767747548,-0.07406697666918838,22716.130859375,-0.015304795721778204,0.014353750505001369,-0.008227577982535372,6775.7998046875,-0.024156186451147713,0.021000035944592644,-0.015534615212987712,92.16510009765624,0.017260904241541197,0.01714695548278557,0.01926727421993557,21.059999465942383,0.6006900278653245,0.5355221255686099,0.7191836298728476,87.25,0.3000989043047476,0.361150019216435,0.339422794251133
2026-12-01,25790.25,0.07750606305960157,0.07641075819395976,0.05350176671228124,23733.900390625,0.0438291396594177,0.024775515690659094,0.04061912595494044,6977.27001953125,0.02930031343811647,0.02417626286479135,0.015688189756350557,90.23600006103516,-0.021153073815134548,0.01846510946982107,-0.019265571901111445,11.369999885559082,-0.6163971836496877,0.5508060410013536,-0.4621570381347033,59.5,-0.3828012485309525,0.3496061577971981,-0.2030538831838179
2026-12-02,25807.19921875,0.0006569789637382824,0.06735879002110148,-0.016879866108676977,22597.150390625,-0.0490806129098364,0.03425040386332787,-0.03413729081550021,6832.759765625,-0.02092906837308616,0.02357864000376173,-0.010039052313914332,90.73570251464844,0.005522451482439882,0.0185603571517245,0.008096022529713753,11.729999542236328,0.031171325943067017,0.48375551159143737,0.1706585834681993,62.84000015258789,0.054615503264033104,0.3186232007597764,0.077503437610011
2026-12-03,23639.150390625,-0.08774924008053843,0.08135682437843995,-0.07813695577629987,22311.98046875,-0.012700034462918551,0.034056664008402925,-0.01014212035198303,6672.6201171875,-0.023716053254524857,0.02587940264710988,-0.01850138076062391,92.22879791259766,0.016321510894219796,0.01912912633349819,0.02334311137417644,21.520000457763672,0.6068331329247821,0.5801752774793066,0.7682826888130165,95.7300033569336,0.42093994820932723,0.3801408562219096,0.5125612572624807
