step,actor_loss,critic_loss,actor_grad_norm,weight_mean,weight_std
32,-0.005386,0.151025,0.0,0.0323,0.0000
33,-0.006380,0.149154,0.0,0.0323,0.0000
34,-0.007322,0.163916,0.0,0.0323,0.0000
35,-0.008248,0.150013,0.0,0.0323,0.0000
36,-0.009148,0.148417,0.0,0.0323,0.0000
37,-0.010032,0.175682,0.0,0.0323,0.0000
38,-0.010878,0.123298,0.0,0.0323,0.0000
39,-0.011613,0.142104,0.0,0.0323,0.0000
40,-0.012442,0.189651,0.0,0.0323,0.0000
41,-0.013272,0.181557,0.0,0.0323,0.0000
42,-0.014111,0.158500,0.0,0.0323,0.0000
43,-0.014963,0.176511,0.0,0.0323,0.0000
44,-0.015848,0.135535,0.0,0.0323,0.0000
45,-0.016758,0.161885,0.0,0.0323,0.0000
46,-0.017638,0.166789,0.0,0.0323,0.0000
47,-0.018588,0.158209,0.0,0.0323,0.0000
48,-0.019542,0.184942,0.0,0.0323,0.0000
49,-0.020700,0.191129,0.0,0.0323,0.0000
50,-0.021798,0.151822,0.0,0.0323,0.0000
51,-0.022945,0.151632,0.0,0.0323,0.0000
52,-0.024186,0.164446,0.0,0.0323,0.0000
53,-0.025573,0.175430,0.0,0.0323,0.0000
54,-0.027079,0.145683,0.0,0.0323,0.0000
55,-0.028689,0.164468,0.0,0.0323,0.0000
56,-0.030511,0.171434,0.0,0.0323,0.0000
57,-0.032311,0.159121,0.0,0.0323,0.0000
58,-0.034470,0.176256,0.0,0.0323,0.0000
59,-0.036765,0.157937,0.0,0.0323,0.0000
60,-0.039013,0.150899,0.0,0.0323,0.0000
61,-0.041177,0.162666,0.0,0.0323,0.0000
62,-0.043403,0.134478,0.0,0.0323,0.0000
63,-0.045566,0.160819,0.0,0.0323,0.0000
64,-0.047570,0.165812,0.0,0.0323,0.0000
65,-0.050079,0.115923,0.0,0.0323,0.0000
66,-0.052937,0.144749,0.0,0.0323,0.0000
67,-0.056302,0.138736,0.0,0.0323,0.0000
68,-0.059648,0.148546,0.0,0.0323,0.0000
69,-0.063341,0.175152,0.0,0.0323,0.0000
70,-0.067064,0.120294,0.0,0.0323,0.0000
71,-0.070608,0.112326,0.0,0.0323,0.0000
72,-0.074118,0.105432,0.0,0.0323,0.0000
73,-0.078573,0.101460,0.0,0.0323,0.0000
74,-0.082789,0.112827,0.0,0.0323,0.0000
75,-0.087184,0.111582,0.0,0.0323,0.0000
76,-0.092317,0.126768,0.0,0.0323,0.0000
77,-0.097189,0.126148,0.0,0.0323,0.0000
78,-0.102820,0.108594,0.0,0.0323,0.0000
79,-0.108774,0.153903,0.0,0.0323,0.0000
80,-0.113003,0.093633,0.0,0.0323,0.0000
81,-0.116493,0.104532,0.0,0.0323,0.0001
82,-0.119575,0.120747,0.0,0.0323,0.0001
83,-0.123140,0.113265,0.0,0.0323,0.0000
84,-0.126219,0.120560,0.0,0.0323,0.0001
85,-0.128296,0.097877,0.0,0.0323,0.0001
86,-0.126900,0.150176,0.0,0.0323,0.0001
87,-0.124463,0.135866,0.0,0.0323,0.0001
88,-0.123197,0.139087,0.0,0.0323,0.0001
89,-0.121942,0.106485,0.0,0.0323,0.0001
90,-0.121017,0.101278,0.0,0.0323,0.0001
91,-0.116749,0.125985,0.0,0.0323,0.0001
92,-0.112464,0.131114,0.0,0.0323,0.0001
93,-0.108045,0.135604,0.0,0.0323,0.0001
94,-0.103063,0.121384,0.0,0.0323,0.0001
95,-0.097999,0.129306,0.0,0.0323,0.0001
96,-0.092941,0.188610,0.0,0.0323,0.0001
97,-0.087898,0.168314,0.0,0.0323,0.0001
98,-0.084799,0.096970,0.0,0.0323,0.0001
99,-0.079436,0.213311,0.0,0.0323,0.0001
100,-0.073929,0.096910,0.0,0.0323,0.0001
101,-0.069921,0.172579,0.0,0.0323,0.0001
102,-0.067388,0.142128,0.0,0.0323,0.0001
103,-0.064932,0.110495,0.0,0.0323,0.0001
104,-0.062253,0.142000,0.0,0.0323,0.0001
105,-0.059137,0.159541,0.0,0.0323,0.0001
106,-0.056606,0.144899,0.0,0.0323,0.0001
107,-0.052666,0.135333,0.0,0.0323,0.0001
108,-0.048702,0.100016,0.0,0.0323,0.0001
109,-0.042890,0.190452,0.0,0.0323,0.0001
110,-0.035947,0.157617,0.0,0.0323,0.0001
111,-0.029535,0.110792,0.0,0.0323,0.0001
112,-0.022394,0.197913,0.0,0.0323,0.0001
113,-0.015926,0.132340,0.0,0.0323,0.0001
114,-0.011538,0.160231,0.0,0.0323,0.0001
115,-0.008521,0.089292,0.0,0.0323,0.0001
116,-0.006667,0.125986,0.0,0.0323,0.0001
117,-0.005274,0.162367,0.0,0.0323,0.0001
118,-0.003524,0.163875,0.0,0.0323,0.0001
119,-0.001524,0.177125,0.0,0.0323,0.0001
120,0.000111,0.152689,0.0,0.0323,0.0001
121,0.002061,0.099757,0.0,0.0323,0.0001
122,0.002963,0.110626,0.0,0.0323,0.0001
123,0.004321,0.164899,0.0,0.0323,0.0001
124,0.006308,0.212310,0.0,0.0323,0.0001
125,0.008071,0.261610,0.0,0.0323,0.0001
126,0.008677,0.146994,0.0,0.0323,0.0001
127,0.009423,0.149620,0.0,0.0323,0.0001
128,0.010117,0.133736,0.0,0.0323,0.0001
129,0.010807,0.179014,0.0,0.0323,0.0001
130,0.012732,0.164193,0.0,0.0323,0.0001
131,0.015208,0.182137,0.0,0.0323,0.0001
132,0.015133,0.180831,0.0,0.0323,0.0001
133,0.013705,0.114537,0.0,0.0323,0.0001
134,0.011663,0.194389,0.0,0.0323,0.0001
135,0.008934,0.163163,0.0,0.0323,0.0001
136,0.004835,0.144884,0.0,0.0323,0.0001
137,0.000684,0.130810,0.0,0.0323,0.0001
138,-0.003882,0.131489,0.0,0.0323,0.0001
139,-0.007401,0.154170,0.0,0.0323,0.0001
140,-0.013090,0.158664,0.0,0.0323,0.0001
141,-0.017105,0.113423,0.0,0.0323,0.0001
142,-0.018198,0.182781,0.0,0.0323,0.0001
143,-0.020154,0.129966,0.0,0.0323,0.0001
144,-0.022298,0.151975,0.0,0.0323,0.0001
145,-0.024834,0.156874,0.0,0.0323,0.0001
146,-0.028864,0.271984,0.0,0.0323,0.0001
147,-0.032660,0.100262,0.0,0.0323,0.0001
148,-0.032908,0.099499,0.0,0.0323,0.0001
149,-0.032003,0.162515,0.0,0.0323,0.0001
150,-0.033263,0.203286,0.0,0.0323,0.0001
151,-0.036443,0.198642,0.0,0.0323,0.0001
152,-0.040508,0.256237,0.0,0.0323,0.0001
153,-0.041881,0.109270,0.0,0.0323,0.0002
154,-0.044206,0.135919,0.0,0.0323,0.0001
155,-0.045877,0.172757,0.0,0.0323,0.0002
156,-0.046282,0.177153,0.0,0.0323,0.0001
157,-0.044694,0.114089,0.0,0.0323,0.0002
158,-0.044293,0.124474,0.0,0.0323,0.0001
159,-0.046254,0.151380,0.0,0.0323,0.0002
160,-0.049409,0.114725,0.0,0.0323,0.0001
161,-0.051639,0.126886,0.0,0.0323,0.0002
162,-0.052355,0.177630,0.0,0.0323,0.0001
163,-0.052811,0.110241,0.0,0.0323,0.0002
164,-0.054389,0.174262,0.0,0.0323,0.0002
165,-0.056580,0.095055,0.0,0.0323,0.0002
166,-0.057003,0.159243,0.0,0.0323,0.0002
167,-0.057081,0.195070,0.0,0.0323,0.0002
168,-0.056977,0.159638,0.0,0.0323,0.0002
169,-0.054447,0.186908,0.0,0.0323,0.0002
170,-0.051544,0.147136,0.0,0.0323,0.0001
171,-0.051701,0.173748,0.0,0.0323,0.0001
172,-0.052555,0.184879,0.0,0.0323,0.0002
173,-0.052671,0.185495,0.0,0.0323,0.0002
174,-0.053054,0.120620,0.0,0.0323,0.0001
175,-0.055421,0.118905,0.0,0.0323,0.0002
176,-0.055766,0.185705,0.0,0.0323,0.0002
177,-0.054655,0.160493,0.0,0.0323,0.0001
178,-0.051885,0.195325,0.0,0.0323,0.0002
179,-0.047026,0.168865,0.0,0.0323,0.0002
180,-0.041544,0.124350,0.0,0.0323,0.0002
181,-0.038450,0.188944,0.0,0.0323,0.0002
182,-0.036153,0.113637,0.0,0.0323,0.0002
183,-0.036169,0.217344,0.0,0.0323,0.0002
184,-0.034203,0.122676,0.0,0.0323,0.0002
185,-0.030859,0.173299,0.0,0.0323,0.0002
186,-0.029191,0.148770,0.0,0.0323,0.0002
187,-0.030679,0.143583,0.0,0.0323,0.0002
188,-0.032005,0.134409,0.0,0.0323,0.0002
189,-0.033512,0.140894,0.0,0.0323,0.0002
190,-0.032959,0.147624,0.0,0.0323,0.0002
191,-0.033658,0.179049,0.0,0.0323,0.0002
192,-0.036725,0.153508,0.0,0.0323,0.0002
193,-0.036113,0.202348,0.0,0.0323,0.0002
194,-0.034810,0.142788,0.0,0.0323,0.0002
195,-0.033313,0.171479,0.0,0.0323,0.0002
196,-0.033743,0.154792,0.0,0.0323,0.0002
197,-0.035558,0.153388,0.0,0.0323,0.0002
198,-0.036821,0.093358,0.0,0.0323,0.0002
199,-0.036628,0.166714,0.0,0.0323,0.0002
200,-0.036906,0.139582,0.0,0.0323,0.0002
201,-0.037100,0.199636,0.0,0.0323,0.0002
202,-0.037111,0.248511,0.0,0.0323,0.0002
203,-0.034909,0.209232,0.0,0.0323,0.0002
204,-0.034181,0.181681,0.0,0.0323,0.0002
205,-0.035245,0.222075,0.0,0.0323,0.0002
206,-0.034345,0.135161,0.0,0.0323,0.0002
207,-0.033499,0.244803,0.0,0.0323,0.0002
208,-0.032079,0.144861,0.0,0.0323,0.0002
209,-0.031894,0.133621,0.0,0.0323,0.0002
210,-0.034948,0.182697,0.0,0.0323,0.0002
211,-0.036652,0.136352,0.0,0.0323,0.0002
212,-0.039167,0.122210,0.0,0.0323,0.0002
213,-0.045109,0.178091,0.0,0.0323,0.0002
214,-0.050415,0.153455,0.0,0.0323,0.0002
215,-0.055768,0.135145,0.0,0.0323,0.0002
216,-0.061653,0.131319,0.0,0.0323,0.0002
217,-0.068332,0.164380,0.0,0.0323,0.0002
218,-0.074426,0.141791,0.0,0.0323,0.0002
219,-0.082921,0.197303,0.0,0.0323,0.0002
220,-0.089957,0.121163,0.0,0.0323,0.0002
221,-0.096211,0.145193,0.0,0.0323,0.0002
222,-0.101495,0.161375,0.0,0.0323,0.0002
223,-0.107972,0.140433,0.0,0.0323,0.0002
224,-0.115608,0.132892,0.0,0.0323,0.0002
225,-0.119313,0.108469,0.0,0.0323,0.0002
226,-0.123982,0.114132,0.0,0.0323,0.0002
227,-0.125899,0.138112,0.0,0.0323,0.0002
228,-0.126672,0.202134,0.0,0.0323,0.0003
229,-0.128830,0.143278,0.0,0.0323,0.0002
230,-0.130809,0.171297,0.0,0.0323,0.0003
231,-0.136897,0.169885,0.0,0.0323,0.0002
232,-0.142100,0.187699,0.0,0.0323,0.0003
233,-0.145533,0.131015,0.0,0.0323,0.0002
234,-0.146736,0.100489,0.0,0.0323,0.0003
235,-0.148678,0.126845,0.0,0.0323,0.0003
236,-0.149554,0.101598,0.0,0.0323,0.0003
237,-0.148808,0.137105,0.0,0.0323,0.0003
238,-0.147168,0.108842,0.0,0.0323,0.0003
239,-0.147688,0.117145,0.0,0.0323,0.0002
240,-0.145565,0.163704,0.0,0.0323,0.0003
241,-0.146357,0.160934,0.0,0.0323,0.0003
242,-0.143358,0.079363,0.0,0.0323,0.0003
243,-0.139625,0.198952,0.0,0.0323,0.0003
244,-0.135867,0.128626,0.0,0.0323,0.0003
245,-0.133257,0.115266,0.0,0.0323,0.0002
246,-0.129195,0.127656,0.0,0.0323,0.0002
247,-0.128566,0.130060,0.0,0.0323,0.0003
248,-0.126740,0.177669,0.0,0.0323,0.0003
249,-0.123256,0.155402,0.0,0.0323,0.0003
250,-0.120338,0.129632,0.0,0.0323,0.0003
251,-0.115677,0.179668,0.0,0.0323,0.0003
252,-0.112693,0.110042,0.0,0.0323,0.0003
253,-0.111102,0.110277,0.0,0.0323,0.0003
254,-0.109525,0.212127,0.0,0.0323,0.0002
255,-0.106114,0.119676,0.0,0.0323,0.0003
256,-0.104086,0.103543,0.0,0.0323,0.0003
257,-0.100828,0.136581,0.0,0.0323,0.0003
258,-0.097149,0.130880,0.0,0.0323,0.0003
259,-0.092951,0.142057,0.0,0.0323,0.0003
260,-0.089214,0.123103,0.0,0.0323,0.0004
261,-0.086063,0.095775,0.0,0.0323,0.0004
262,-0.086094,0.169276,0.0,0.0323,0.0003
263,-0.082359,0.108506,0.0,0.0323,0.0004
264,-0.080409,0.156154,0.0,0.0323,0.0004
265,-0.077698,0.144458,0.0,0.0323,0.0003
266,-0.074573,0.134211,0.0,0.0323,0.0004
267,-0.072816,0.086276,0.0,0.0323,0.0003
268,-0.069543,0.131457,0.0,0.0323,0.0003
269,-0.065560,0.110955,0.0,0.0323,0.0005
270,-0.062065,0.135247,0.0,0.0323,0.0004
271,-0.058373,0.076713,0.0,0.0323,0.0004
272,-0.056849,0.207444,0.0,0.0323,0.0003
273,-0.054865,0.109833,0.0,0.0323,0.0003
274,-0.053098,0.187324,0.0,0.0323,0.0005
275,-0.053010,0.121193,0.0,0.0323,0.0003
276,-0.053777,0.148068,0.0,0.0323,0.0005
277,-0.055452,0.138025,0.0,0.0323,0.0004
278,-0.058482,0.158228,0.0,0.0323,0.0004
279,-0.062637,0.097092,0.0,0.0323,0.0004
280,-0.066770,0.122559,0.0,0.0323,0.0005
281,-0.068209,0.084621,0.0,0.0323,0.0004
282,-0.069098,0.158940,0.0,0.0323,0.0004
283,-0.070823,0.207740,0.0,0.0323,0.0004
284,-0.074054,0.117324,0.0,0.0323,0.0003
285,-0.077279,0.163173,0.0,0.0323,0.0004
286,-0.079675,0.139907,0.0,0.0323,0.0005
287,-0.081264,0.114557,0.0,0.0323,0.0006
288,-0.080763,0.155714,0.0,0.0323,0.0006
289,-0.081354,0.069291,0.0,0.0323,0.0004
290,-0.082233,0.109007,0.0,0.0323,0.0005
291,-0.081646,0.124894,0.0,0.0323,0.0004
292,-0.079384,0.153027,0.0,0.0323,0.0006
293,-0.079921,0.142185,0.0,0.0323,0.0006
294,-0.078725,0.086358,0.0,0.0323,0.0006
295,-0.077886,0.105661,0.0,0.0323,0.0005
296,-0.076903,0.104476,0.0,0.0323,0.0005
297,-0.074535,0.159519,0.0,0.0323,0.0006
298,-0.071023,0.134945,0.0,0.0323,0.0006
299,-0.068912,0.104284,0.0,0.0323,0.0005
300,-0.068421,0.127721,0.0,0.0323,0.0005
301,-0.066627,0.142412,0.0,0.0323,0.0006
302,-0.066575,0.143059,0.0,0.0323,0.0006
303,-0.066080,0.126841,0.0,0.0323,0.0006
304,-0.065825,0.123888,0.0,0.0323,0.0005
305,-0.065113,0.133661,0.0,0.0323,0.0005
306,-0.064906,0.204857,0.0,0.0323,0.0006
307,-0.067543,0.150966,0.0,0.0323,0.0005
308,-0.067135,0.143259,0.0,0.0323,0.0007
309,-0.069324,0.142486,0.0,0.0323,0.0006
310,-0.070120,0.127642,0.0,0.0323,0.0008
311,-0.071148,0.156404,0.0,0.0323,0.0007
312,-0.073781,0.155681,0.0,0.0323,0.0006
313,-0.074554,0.145857,0.0,0.0323,0.0008
314,-0.073190,0.114568,0.0,0.0323,0.0006
315,-0.071042,0.104511,0.0,0.0323,0.0006
316,-0.068800,0.110134,0.0,0.0323,0.0007
317,-0.065028,0.096591,0.0,0.0323,0.0008
318,-0.062920,0.138198,0.0,0.0323,0.0007
319,-0.060124,0.070216,0.0,0.0323,0.0007
320,-0.057909,0.090449,0.0,0.0323,0.0007
321,-0.057153,0.130233,0.0,0.0323,0.0007
322,-0.054130,0.151947,0.0,0.0323,0.0008
323,-0.050783,0.152491,0.0,0.0323,0.0007
324,-0.046452,0.112339,0.0,0.0323,0.0008
325,-0.041402,0.147065,0.0,0.0323,0.0007
326,-0.037346,0.124487,0.0,0.0323,0.0007
327,-0.032172,0.114401,0.0,0.0323,0.0010
328,-0.028716,0.129528,0.0,0.0323,0.0008
329,-0.024069,0.095804,0.0,0.0323,0.0008
330,-0.020234,0.111601,0.0,0.0323,0.0006
331,-0.016613,0.164709,0.0,0.0323,0.0007
332,-0.012072,0.102126,0.0,0.0323,0.0009
333,-0.008150,0.099393,0.0,0.0323,0.0010
334,-0.005804,0.156902,0.0,0.0323,0.0008
335,-0.004925,0.123095,0.0,0.0323,0.0009
336,-0.005080,0.194797,0.0,0.0323,0.0008
337,-0.007287,0.175142,0.0,0.0323,0.0006
338,-0.009166,0.122676,0.0,0.0323,0.0008
339,-0.010407,0.132108,0.0,0.0323,0.0010
340,-0.011673,0.133284,0.0,0.0323,0.0011
341,-0.013303,0.122406,0.0,0.0323,0.0007
342,-0.014126,0.155178,0.0,0.0323,0.0009
343,-0.014865,0.147012,0.0,0.0323,0.0011
344,-0.015200,0.112574,0.0,0.0323,0.0011
345,-0.015523,0.144336,0.0,0.0323,0.0010
346,-0.015542,0.065738,0.0,0.0323,0.0009
347,-0.016187,0.075770,0.0,0.0323,0.0009
348,-0.015057,0.134641,0.0,0.0323,0.0012
349,-0.014622,0.095328,0.0,0.0323,0.0010
350,-0.013774,0.079476,0.0,0.0323,0.0009
351,-0.013207,0.122854,0.0,0.0323,0.0007
352,-0.011817,0.127710,0.0,0.0323,0.0010
353,-0.010869,0.092404,0.0,0.0323,0.0010
354,-0.009865,0.142726,0.0,0.0323,0.0010
355,-0.009702,0.079873,0.0,0.0323,0.0012
356,-0.011181,0.118166,0.0,0.0323,0.0010
357,-0.012381,0.189393,0.0,0.0323,0.0006
358,-0.013040,0.112237,0.0,0.0323,0.0011
359,-0.012659,0.123883,0.0,0.0323,0.0012
360,-0.013818,0.151703,0.0,0.0323,0.0009
361,-0.014180,0.159848,0.0,0.0323,0.0012
362,-0.015646,0.153898,0.0,0.0323,0.0010
363,-0.017081,0.112480,0.0,0.0323,0.0013
364,-0.018310,0.126799,0.0,0.0323,0.0009
365,-0.020068,0.088753,0.0,0.0323,0.0010
366,-0.021567,0.091042,0.0,0.0323,0.0015
367,-0.024941,0.139807,0.0,0.0323,0.0012
368,-0.025872,0.141777,0.0,0.0323,0.0010
369,-0.026379,0.125473,0.0,0.0323,0.0007
370,-0.026727,0.144097,0.0,0.0323,0.0006
371,-0.028119,0.149233,0.0,0.0323,0.0012
372,-0.029999,0.176008,0.0,0.0323,0.0013
373,-0.032426,0.085341,0.0,0.0323,0.0011
374,-0.033198,0.163793,0.0,0.0323,0.0010
375,-0.033130,0.109567,0.0,0.0323,0.0011
376,-0.033275,0.106870,0.0,0.0323,0.0011
377,-0.032401,0.097067,0.0,0.0323,0.0012
378,-0.031206,0.098265,0.0,0.0323,0.0013
379,-0.029850,0.064566,0.0,0.0323,0.0014
380,-0.030267,0.150751,0.0,0.0323,0.0011
381,-0.028761,0.146867,0.0,0.0323,0.0010
382,-0.024418,0.093141,0.0,0.0323,0.0014
383,-0.022531,0.134233,0.0,0.0323,0.0013
384,-0.020765,0.075961,0.0,0.0323,0.0013
385,-0.019396,0.077657,0.0,0.0323,0.0011
386,-0.017297,0.113330,0.0,0.0323,0.0012
387,-0.018290,0.184463,0.0,0.0323,0.0011
388,-0.018413,0.118361,0.0,0.0323,0.0010
389,-0.016987,0.082989,0.0,0.0323,0.0015
390,-0.017777,0.136490,0.0,0.0323,0.0011
391,-0.018038,0.096293,0.0,0.0323,0.0014
392,-0.018397,0.132470,0.0,0.0323,0.0014
393,-0.019092,0.114036,0.0,0.0323,0.0016
394,-0.018732,0.094754,0.0,0.0323,0.0012
395,-0.018587,0.099547,0.0,0.0323,0.0010
396,-0.017226,0.091910,0.0,0.0323,0.0014
397,-0.015729,0.123470,0.0,0.0323,0.0016
398,-0.015359,0.110277,0.0,0.0323,0.0011
399,-0.013803,0.099331,0.0,0.0323,0.0011
400,-0.011438,0.098750,0.0,0.0323,0.0015
401,-0.010784,0.159619,0.0,0.0323,0.0015
402,-0.011613,0.160590,0.0,0.0323,0.0011
403,-0.012536,0.148515,0.0,0.0323,0.0012
404,-0.012284,0.172402,0.0,0.0323,0.0015
405,-0.012167,0.114705,0.0,0.0323,0.0018
406,-0.010797,0.142510,0.0,0.0323,0.0015
407,-0.009500,0.122927,0.0,0.0323,0.0017
408,-0.007356,0.093058,0.0,0.0323,0.0015
409,-0.005210,0.085493,0.0,0.0323,0.0016
410,-0.003822,0.076090,0.0,0.0323,0.0017
411,-0.001681,0.099775,0.0,0.0323,0.0014
412,0.000820,0.089911,0.0,0.0323,0.0015
413,0.004390,0.164576,0.0,0.0323,0.0012
414,0.008785,0.144352,0.0,0.0323,0.0017
415,0.013309,0.184569,0.0,0.0323,0.0014
416,0.016471,0.090689,0.0,0.0323,0.0013
417,0.019206,0.119082,0.0,0.0323,0.0014
418,0.022532,0.112372,0.0,0.0323,0.0017
419,0.024091,0.119239,0.0,0.0323,0.0017
420,0.026829,0.089169,0.0,0.0323,0.0016
421,0.028928,0.077455,0.0,0.0323,0.0016
422,0.027276,0.099208,0.0,0.0323,0.0015
423,0.028801,0.100285,0.0,0.0323,0.0018
424,0.030159,0.105653,0.0,0.0323,0.0018
425,0.030075,0.105653,0.0,0.0323,0.0015
426,0.028650,0.091345,0.0,0.0323,0.0016
427,0.029246,0.093201,0.0,0.0323,0.0017
428,0.028829,0.113275,0.0,0.0323,0.0018
429,0.026828,0.108639,0.0,0.0323,0.0017
430,0.025816,0.083893,0.0,0.0323,0.0017
431,0.025660,0.107276,0.0,0.0323,0.0012
432,0.022292,0.096083,0.0,0.0323,0.0014
433,0.022347,0.102590,0.0,0.0323,0.0015
434,0.020431,0.101999,0.0,0.0323,0.0015
435,0.020276,0.114779,0.0,0.0323,0.0016
436,0.016416,0.106692,0.0,0.0323,0.0017
437,0.014729,0.106876,0.0,0.0323,0.0017
438,0.012908,0.086912,0.0,0.0323,0.0013
439,0.010497,0.066546,0.0,0.0323,0.0018
440,0.008670,0.185343,0.0,0.0323,0.0017
441,0.006537,0.099750,0.0,0.0323,0.0019
442,0.005831,0.113008,0.0,0.0323,0.0015
443,0.003660,0.098140,0.0,0.0323,0.0012
444,0.001834,0.089694,0.0,0.0323,0.0019
445,-0.000075,0.124308,0.0,0.0323,0.0019
446,-0.002562,0.085565,0.0,0.0323,0.0017
447,-0.005027,0.067877,0.0,0.0323,0.0019
448,-0.008600,0.111170,0.0,0.0323,0.0016
449,-0.011255,0.113722,0.0,0.0323,0.0019
450,-0.014519,0.102846,0.0,0.0323,0.0018
451,-0.014295,0.070096,0.0,0.0323,0.0021
452,-0.018872,0.097855,0.0,0.0323,0.0019
453,-0.022360,0.161168,0.0,0.0323,0.0017
454,-0.025442,0.109037,0.0,0.0323,0.0017
455,-0.026495,0.119743,0.0,0.0323,0.0017
456,-0.028132,0.070160,0.0,0.0323,0.0020
457,-0.034865,0.123705,0.0,0.0323,0.0015
458,-0.036038,0.123073,0.0,0.0323,0.0017
459,-0.037452,0.127283,0.0,0.0323,0.0022
460,-0.044249,0.077532,0.0,0.0323,0.0018
461,-0.044018,0.084517,0.0,0.0323,0.0016
462,-0.049045,0.185436,0.0,0.0323,0.0015
463,-0.051486,0.157386,0.0,0.0323,0.0018
464,-0.050997,0.112736,0.0,0.0323,0.0022
465,-0.054377,0.124395,0.0,0.0323,0.0019
466,-0.057460,0.104483,0.0,0.0323,0.0021
467,-0.058788,0.119783,0.0,0.0323,0.0017
468,-0.059516,0.131067,0.0,0.0323,0.0020
469,-0.054311,0.094201,0.0,0.0323,0.0021
470,-0.057653,0.096899,0.0,0.0323,0.0020
471,-0.059681,0.105540,0.0,0.0323,0.0015
472,-0.053677,0.115553,0.0,0.0323,0.0018
473,-0.049024,0.121779,0.0,0.0323,0.0017
474,-0.047943,0.106058,0.0,0.0323,0.0017
475,-0.038683,0.091756,0.0,0.0323,0.0020
476,-0.033405,0.128711,0.0,0.0323,0.0017
477,-0.032464,0.096969,0.0,0.0323,0.0019
478,-0.024492,0.151577,0.0,0.0323,0.0020
479,-0.024300,0.123722,0.0,0.0323,0.0017
480,-0.019985,0.118111,0.0,0.0323,0.0022
481,-0.015743,0.102586,0.0,0.0323,0.0017
482,-0.014760,0.108274,0.0,0.0323,0.0015
483,-0.008280,0.095631,0.0,0.0323,0.0019
484,-0.006513,0.115933,0.0,0.0323,0.0019
485,0.000255,0.128574,0.0,0.0323,0.0018
486,0.002501,0.099684,0.0,0.0323,0.0015
487,0.003535,0.117675,0.0,0.0323,0.0018
488,0.005171,0.127186,0.0,0.0323,0.0018
489,0.004969,0.092160,0.0,0.0323,0.0021
490,0.003937,0.115892,0.0,0.0323,0.0018
491,0.005020,0.081284,0.0,0.0323,0.0019
492,0.006130,0.107322,0.0,0.0323,0.0018
493,0.007294,0.128250,0.0,0.0323,0.0021
494,0.009293,0.103299,0.0,0.0323,0.0020
495,0.011025,0.135931,0.0,0.0323,0.0014
496,0.014064,0.107134,0.0,0.0323,0.0019
497,0.015798,0.092718,0.0,0.0323,0.0019
498,0.016800,0.070675,0.0,0.0323,0.0022
499,0.017881,0.198373,0.0,0.0323,0.0019
500,0.019840,0.096147,0.0,0.0323,0.0021
501,0.022413,0.091375,0.0,0.0323,0.0021
502,0.023945,0.183872,0.0,0.0323,0.0015
503,0.024229,0.084720,0.0,0.0323,0.0018
504,0.025362,0.091921,0.0,0.0323,0.0022
505,0.026260,0.069324,0.0,0.0323,0.0021
506,0.027296,0.107068,0.0,0.0323,0.0021
507,0.027139,0.115857,0.0,0.0323,0.0013
508,0.026499,0.129657,0.0,0.0323,0.0018
509,0.027013,0.075896,0.0,0.0323,0.0020
510,0.027368,0.064222,0.0,0.0323,0.0020
511,0.028053,0.135487,0.0,0.0323,0.0019
512,0.027903,0.160930,0.0,0.0323,0.0017
513,0.026620,0.068792,0.0,0.0323,0.0019
514,0.025231,0.092022,0.0,0.0323,0.0022
515,0.022787,0.121472,0.0,0.0323,0.0020
516,0.021682,0.076112,0.0,0.0323,0.0017
517,0.019793,0.117186,0.0,0.0323,0.0017
518,0.019062,0.113220,0.0,0.0323,0.0021
519,0.017534,0.106556,0.0,0.0323,0.0022
520,0.017462,0.111514,0.0,0.0323,0.0022
521,0.014500,0.090865,0.0,0.0323,0.0016
522,0.013211,0.104052,0.0,0.0323,0.0020
523,0.009908,0.098545,0.0,0.0323,0.0016
524,0.009582,0.108028,0.0,0.0323,0.0021
525,0.005402,0.126793,0.0,0.0323,0.0019
526,0.004273,0.119347,0.0,0.0323,0.0020
527,0.004722,0.087757,0.0,0.0323,0.0021
528,-0.000328,0.154622,0.0,0.0323,0.0019
529,0.000745,0.081710,0.0,0.0323,0.0019
530,-0.004581,0.119706,0.0,0.0323,0.0018
531,-0.002473,0.088435,0.0,0.0323,0.0021
532,-0.008858,0.092715,0.0,0.0323,0.0020
533,-0.004965,0.095426,0.0,0.0323,0.0023
534,-0.010506,0.100057,0.0,0.0323,0.0018
535,-0.008467,0.168272,0.0,0.0323,0.0022
536,-0.019473,0.148363,0.0,0.0323,0.0018
537,-0.022437,0.120204,0.0,0.0323,0.0016
538,-0.024658,0.095251,0.0,0.0323,0.0016
539,-0.015839,0.106663,0.0,0.0323,0.0021
540,-0.012234,0.075926,0.0,0.0323,0.0021
541,-0.017878,0.116148,0.0,0.0323,0.0021
542,-0.020870,0.141530,0.0,0.0323,0.0020
543,-0.020898,0.142406,0.0,0.0323,0.0019
544,-0.017620,0.133344,0.0,0.0323,0.0023
545,-0.017378,0.112349,0.0,0.0323,0.0021
546,-0.022360,0.109273,0.0,0.0323,0.0018
547,-0.028007,0.135615,0.0,0.0323,0.0017
548,-0.012295,0.094828,0.0,0.0323,0.0021
549,-0.022629,0.159881,0.0,0.0323,0.0017
550,-0.016378,0.142604,0.0,0.0323,0.0020
551,-0.016910,0.150571,0.0,0.0323,0.0021
552,-0.015767,0.137526,0.0,0.0323,0.0020
553,-0.015649,0.078253,0.0,0.0323,0.0016
554,-0.011109,0.100453,0.0,0.0323,0.0016
555,-0.006309,0.104217,0.0,0.0323,0.0017
556,0.004463,0.095136,0.0,0.0323,0.0018
557,-0.000791,0.094202,0.0,0.0323,0.0020
558,0.011387,0.074915,0.0,0.0323,0.0020
559,0.018066,0.090424,0.0,0.0323,0.0021
560,0.019658,0.113147,0.0,0.0323,0.0019
561,0.028898,0.108648,0.0,0.0323,0.0022
562,0.033052,0.087336,0.0,0.0323,0.0023
563,0.036160,0.139388,0.0,0.0323,0.0020
564,0.040913,0.094777,0.0,0.0323,0.0020
565,0.043061,0.099896,0.0,0.0323,0.0020
566,0.048524,0.076311,0.0,0.0323,0.0023
567,0.045212,0.123619,0.0,0.0323,0.0019
568,0.046744,0.092646,0.0,0.0323,0.0018
569,0.040894,0.120967,0.0,0.0323,0.0017
570,0.049292,0.105048,0.0,0.0323,0.0018
571,0.051628,0.078207,0.0,0.0323,0.0022
572,0.044784,0.084719,0.0,0.0323,0.0018
573,0.045946,0.092131,0.0,0.0323,0.0020
574,0.044378,0.088601,0.0,0.0323,0.0021
575,0.049177,0.097534,0.0,0.0323,0.0021
576,0.044619,0.135382,0.0,0.0323,0.0019
577,0.048301,0.097132,0.0,0.0323,0.0019
578,0.046707,0.083574,0.0,0.0323,0.0019
579,0.053326,0.140423,0.0,0.0323,0.0023
580,0.050277,0.085192,0.0,0.0323,0.0018
581,0.049813,0.080421,0.0,0.0323,0.0020
582,0.048745,0.092580,0.0,0.0323,0.0020
583,0.048002,0.136078,0.0,0.0323,0.0017
584,0.042461,0.102108,0.0,0.0323,0.0017
585,0.043283,0.110884,0.0,0.0323,0.0019
586,0.039831,0.117537,0.0,0.0323,0.0018
587,0.049576,0.091099,0.0,0.0323,0.0019
588,0.042956,0.112065,0.0,0.0323,0.0018
589,0.039637,0.118202,0.0,0.0323,0.0019
590,0.048760,0.071180,0.0,0.0323,0.0021
591,0.047134,0.093804,0.0,0.0323,0.0020
592,0.036503,0.136651,0.0,0.0323,0.0018
593,0.037660,0.147754,0.0,0.0323,0.0019
594,0.035275,0.124714,0.0,0.0323,0.0018
595,0.045429,0.116180,0.0,0.0323,0.0020
596,0.046359,0.098538,0.0,0.0323,0.0017
597,0.044484,0.122194,0.0,0.0323,0.0019
598,0.050957,0.116132,0.0,0.0323,0.0020
599,0.056403,0.079853,0.0,0.0323,0.0016
600,0.067325,0.092918,0.0,0.0323,0.0021
601,0.073032,0.105837,0.0,0.0323,0.0020
602,0.072082,0.124856,0.0,0.0323,0.0017
603,0.069960,0.120075,0.0,0.0323,0.0015
604,0.082319,0.102799,0.0,0.0323,0.0020
605,0.076156,0.100224,0.0,0.0323,0.0019
606,0.077073,0.104267,0.0,0.0323,0.0016
607,0.081194,0.097862,0.0,0.0323,0.0021
608,0.068468,0.102343,0.0,0.0323,0.0021
609,0.069770,0.110648,0.0,0.0323,0.0016
610,0.073855,0.097521,0.0,0.0323,0.0017
611,0.072240,0.104923,0.0,0.0323,0.0019
612,0.078037,0.104064,0.0,0.0323,0.0017
613,0.080925,0.117646,0.0,0.0323,0.0019
614,0.082483,0.140232,0.0,0.0323,0.0020
615,0.088139,0.075015,0.0,0.0323,0.0020
616,0.090515,0.088361,0.0,0.0323,0.0021
617,0.090159,0.072596,0.0,0.0323,0.0020
618,0.090598,0.086241,0.0,0.0323,0.0018
619,0.091471,0.115404,0.0,0.0323,0.0018
620,0.091767,0.122614,0.0,0.0323,0.0021
621,0.087551,0.085265,0.0,0.0323,0.0018
622,0.089400,0.087338,0.0,0.0323,0.0018
623,0.086182,0.107373,0.0,0.0323,0.0019
624,0.092226,0.098031,0.0,0.0323,0.0019
625,0.082255,0.116948,0.0,0.0323,0.0017
626,0.081276,0.097956,0.0,0.0323,0.0018
627,0.093400,0.092225,0.0,0.0323,0.0021
628,0.089628,0.070449,0.0,0.0323,0.0019
629,0.088840,0.089526,0.0,0.0323,0.0016
630,0.091591,0.100712,0.0,0.0323,0.0019
631,0.085255,0.101509,0.0,0.0323,0.0019
632,0.079951,0.100213,0.0,0.0323,0.0017
633,0.083601,0.091707,0.0,0.0323,0.0020
634,0.079195,0.105672,0.0,0.0323,0.0018
635,0.073308,0.089851,0.0,0.0323,0.0018
636,0.082801,0.059675,0.0,0.0323,0.0021
637,0.080128,0.107954,0.0,0.0323,0.0020
638,0.068752,0.111707,0.0,0.0323,0.0020
639,0.072737,0.089973,0.0,0.0323,0.0014
640,0.081727,0.074446,0.0,0.0323,0.0020
641,0.083833,0.078128,0.0,0.0323,0.0020
642,0.062886,0.104494,0.0,0.0323,0.0015
643,0.068705,0.126553,0.0,0.0323,0.0018
644,0.070897,0.098490,0.0,0.0323,0.0019
645,0.073502,0.065068,0.0,0.0323,0.0020
646,0.075260,0.117493,0.0,0.0323,0.0021
647,0.073243,0.109980,0.0,0.0323,0.0021
648,0.077451,0.071835,0.0,0.0323,0.0018
649,0.085678,0.083681,0.0,0.0323,0.0019
650,0.077654,0.110695,0.0,0.0323,0.0020
651,0.068223,0.142917,0.0,0.0323,0.0017
652,0.078725,0.103743,0.0,0.0323,0.0019
653,0.071569,0.079451,0.0,0.0323,0.0018
654,0.064641,0.108786,0.0,0.0323,0.0019
655,0.071489,0.089211,0.0,0.0323,0.0020
656,0.070025,0.077720,0.0,0.0323,0.0023
657,0.063385,0.090876,0.0,0.0323,0.0020
658,0.072142,0.106437,0.0,0.0323,0.0020
659,0.054112,0.104431,0.0,0.0323,0.0015
660,0.069366,0.090336,0.0,0.0323,0.0019
661,0.054479,0.099087,0.0,0.0323,0.0018
662,0.047844,0.103089,0.0,0.0323,0.0016
663,0.049139,0.108326,0.0,0.0323,0.0016
664,0.060757,0.085596,0.0,0.0323,0.0018
665,0.035815,0.117170,0.0,0.0323,0.0017
666,0.053538,0.085507,0.0,0.0323,0.0022
667,0.027252,0.126460,0.0,0.0323,0.0018
668,0.046323,0.078197,0.0,0.0323,0.0020
669,0.051283,0.098804,0.0,0.0323,0.0018
670,0.043832,0.108996,0.0,0.0323,0.0018
671,0.042554,0.112940,0.0,0.0323,0.0016
672,0.062438,0.088330,0.0,0.0323,0.0020
673,0.079269,0.074846,0.0,0.0323,0.0022
674,0.053100,0.112197,0.0,0.0323,0.0021
675,0.065000,0.109618,0.0,0.0323,0.0018
676,0.104470,0.052401,0.0,0.0323,0.0021
677,0.050639,0.087967,0.0,0.0323,0.0019
678,0.055162,0.104785,0.0,0.0323,0.0014
679,0.079071,0.108953,0.0,0.0323,0.0021
680,0.090986,0.088939,0.0,0.0323,0.0019
681,0.094126,0.110711,0.0,0.0323,0.0019
682,0.076131,0.108681,0.0,0.0323,0.0015
683,0.100680,0.084890,0.0,0.0323,0.0019
684,0.067110,0.143521,0.0,0.0323,0.0014
685,0.098065,0.106179,0.0,0.0323,0.0018
686,0.079123,0.126169,0.0,0.0323,0.0017
687,0.082119,0.099237,0.0,0.0323,0.0018
688,0.079444,0.133953,0.0,0.0323,0.0018
689,0.078868,0.094107,0.0,0.0323,0.0018
690,0.067629,0.080246,0.0,0.0323,0.0017
691,0.059099,0.155886,0.0,0.0323,0.0015
692,0.071042,0.084762,0.0,0.0323,0.0018
693,0.067115,0.172529,0.0,0.0323,0.0016
694,0.094484,0.078645,0.0,0.0323,0.0021
695,0.073577,0.151696,0.0,0.0323,0.0020
696,0.095109,0.106077,0.0,0.0323,0.0020
697,0.085502,0.095243,0.0,0.0323,0.0016
698,0.093645,0.072796,0.0,0.0323,0.0018
699,0.085493,0.119457,0.0,0.0323,0.0020
700,0.099315,0.084592,0.0,0.0323,0.0017
701,0.084188,0.153006,0.0,0.0323,0.0014
702,0.111059,0.089621,0.0,0.0323,0.0017
703,0.088831,0.104659,0.0,0.0323,0.0017
704,0.098402,0.094008,0.0,0.0323,0.0020
705,0.115041,0.080875,0.0,0.0323,0.0020
706,0.092583,0.106425,0.0,0.0323,0.0016
707,0.111385,0.107740,0.0,0.0323,0.0015
708,0.106527,0.114117,0.0,0.0323,0.0019
709,0.087360,0.096555,0.0,0.0323,0.0015
710,0.110932,0.095503,0.0,0.0323,0.0017
711,0.098175,0.110994,0.0,0.0323,0.0017
712,0.103142,0.067933,0.0,0.0323,0.0021
713,0.093409,0.082962,0.0,0.0323,0.0018
714,0.076431,0.072890,0.0,0.0323,0.0018
715,0.080775,0.075670,0.0,0.0323,0.0019
716,0.013602,0.118298,0.0,0.0323,0.0015
717,0.042279,0.103892,0.0,0.0323,0.0016
718,0.042344,0.102640,0.0,0.0323,0.0018
719,0.056240,0.098673,0.0,0.0323,0.0017
720,0.084212,0.066973,0.0,0.0323,0.0020
721,0.048416,0.120225,0.0,0.0323,0.0017
722,0.063957,0.101414,0.0,0.0323,0.0020
723,0.020966,0.157777,0.0,0.0323,0.0014
724,0.068363,0.072838,0.0,0.0323,0.0021
725,0.036726,0.091953,0.0,0.0323,0.0018
726,0.042316,0.122197,0.0,0.0323,0.0018
727,-0.001480,0.124800,0.0,0.0323,0.0015
728,0.029471,0.104823,0.0,0.0323,0.0017
729,0.018872,0.091582,0.0,0.0323,0.0015
730,0.055744,0.091581,0.0,0.0323,0.0018
731,0.024319,0.104064,0.0,0.0323,0.0015
732,0.020061,0.099981,0.0,0.0323,0.0019
733,0.027345,0.095495,0.0,0.0323,0.0015
734,0.051464,0.106102,0.0,0.0323,0.0019
735,0.032081,0.202607,0.0,0.0323,0.0017
736,0.049494,0.149733,0.0,0.0323,0.0019
737,0.062344,0.077121,0.0,0.0323,0.0020
738,0.055266,0.117876,0.0,0.0323,0.0021
739,0.065099,0.094786,0.0,0.0323,0.0021
740,0.065675,0.080714,0.0,0.0323,0.0019
741,0.034831,0.113323,0.0,0.0323,0.0018
742,0.045333,0.105738,0.0,0.0323,0.0018
743,0.062105,0.112350,0.0,0.0323,0.0019
744,0.089970,0.146947,0.0,0.0323,0.0018
745,0.077519,0.093450,0.0,0.0323,0.0018
746,0.119701,0.108062,0.0,0.0323,0.0019
747,0.115834,0.082126,0.0,0.0323,0.0020
748,0.112526,0.075407,0.0,0.0323,0.0017
749,0.123708,0.079391,0.0,0.0323,0.0020
750,0.094927,0.122972,0.0,0.0323,0.0015
751,0.076948,0.126880,0.0,0.0323,0.0017
752,0.071065,0.115947,0.0,0.0323,0.0016
753,0.124114,0.126872,0.0,0.0323,0.0019
754,0.103761,0.094057,0.0,0.0323,0.0019
755,0.086463,0.079116,0.0,0.0323,0.0018
756,0.078394,0.108168,0.0,0.0323,0.0016
757,0.085778,0.110037,0.0,0.0323,0.0016
758,0.087836,0.092972,0.0,0.0323,0.0020
759,0.063880,0.149560,0.0,0.0323,0.0016
760,0.093088,0.113513,0.0,0.0323,0.0019
761,0.097764,0.093400,0.0,0.0323,0.0019
762,0.040377,0.101781,0.0,0.0323,0.0017
763,0.051136,0.111491,0.0,0.0323,0.0017
764,0.068524,0.089860,0.0,0.0323,0.0019
765,0.081911,0.083847,0.0,0.0323,0.0017
766,0.100054,0.092242,0.0,0.0323,0.0022
767,0.058443,0.098592,0.0,0.0323,0.0020
768,0.074208,0.094232,0.0,0.0323,0.0016
769,0.081641,0.084307,0.0,0.0323,0.0018
770,0.052203,0.091337,0.0,0.0323,0.0017
771,0.039747,0.115751,0.0,0.0323,0.0015
772,0.068503,0.093492,0.0,0.0323,0.0017
773,0.064678,0.085983,0.0,0.0323,0.0019
774,0.038472,0.117166,0.0,0.0323,0.0017
775,0.050207,0.128060,0.0,0.0323,0.0016
776,0.077859,0.077635,0.0,0.0323,0.0020
777,0.079823,0.099884,0.0,0.0323,0.0019
778,0.086316,0.087045,0.0,0.0323,0.0019
779,0.075867,0.089250,0.0,0.0323,0.0021
780,0.064630,0.113226,0.0,0.0323,0.0017
781,0.054413,0.093744,0.0,0.0323,0.0020
782,0.096080,0.078636,0.0,0.0323,0.0020
783,0.066085,0.096169,0.0,0.0323,0.0017
784,0.040200,0.098850,0.0,0.0323,0.0018
785,0.038739,0.107017,0.0,0.0323,0.0017
786,0.107656,0.083663,0.0,0.0323,0.0021
787,0.071603,0.126142,0.0,0.0323,0.0019
788,0.090986,0.079401,0.0,0.0323,0.0019
789,0.067820,0.103833,0.0,0.0323,0.0015
790,0.108858,0.077295,0.0,0.0323,0.0022
791,0.122049,0.135667,0.0,0.0323,0.0023
792,0.121577,0.065998,0.0,0.0323,0.0023
793,0.098878,0.087060,0.0,0.0323,0.0019
794,0.086008,0.095242,0.0,0.0323,0.0017
795,0.107060,0.071953,0.0,0.0323,0.0021
796,0.119759,0.083483,0.0,0.0323,0.0021
797,0.089814,0.115621,0.0,0.0323,0.0021
798,0.106897,0.079040,0.0,0.0323,0.0019
799,0.108040,0.069885,0.0,0.0323,0.0020
800,0.089189,0.090472,0.0,0.0323,0.0024
801,0.080643,0.091356,0.0,0.0323,0.0022
802,0.062828,0.113358,0.0,0.0323,0.0017
803,0.122774,0.072532,0.0,0.0323,0.0024
804,0.095986,0.125115,0.0,0.0323,0.0020
805,0.110421,0.105647,0.0,0.0323,0.0025
806,0.106428,0.095984,0.0,0.0323,0.0019
807,0.101947,0.087249,0.0,0.0323,0.0022
808,0.092965,0.101791,0.0,0.0323,0.0022
809,0.080019,0.125363,0.0,0.0323,0.0024
810,0.076400,0.150106,0.0,0.0323,0.0018
811,0.142855,0.056834,0.0,0.0323,0.0019
812,0.145076,0.055158,0.0,0.0323,0.0025
813,0.081873,0.110822,0.0,0.0323,0.0019
814,0.099664,0.102177,0.0,0.0323,0.0021
815,0.095304,0.093081,0.0,0.0323,0.0016
816,0.094317,0.094980,0.0,0.0323,0.0020
817,0.096115,0.107351,0.0,0.0323,0.0017
818,0.110723,0.085549,0.0,0.0323,0.0026
819,0.104045,0.116014,0.0,0.0323,0.0020
820,0.113582,0.097345,0.0,0.0323,0.0026
821,0.113041,0.094887,0.0,0.0323,0.0022
822,0.106692,0.091608,0.0,0.0323,0.0019
823,0.102553,0.105170,0.0,0.0323,0.0021
824,0.119662,0.079259,0.0,0.0323,0.0022
825,0.065918,0.107665,0.0,0.0323,0.0020
826,0.092051,0.147900,0.0,0.0323,0.0028
827,0.136036,0.066203,0.0,0.0323,0.0027
828,0.050773,0.121075,0.0,0.0323,0.0023
829,0.095342,0.078016,0.0,0.0323,0.0025
830,0.075929,0.129815,0.0,0.0323,0.0025
831,0.051107,0.092088,0.0,0.0323,0.0023
832,0.103004,0.101487,0.0,0.0323,0.0030
833,0.117341,0.066976,0.0,0.0323,0.0023
834,0.105935,0.072126,0.0,0.0323,0.0024
835,0.109967,0.078811,0.0,0.0323,0.0029
836,0.048091,0.120171,0.0,0.0323,0.0027
837,0.060062,0.126441,0.0,0.0323,0.0029
838,0.087736,0.088009,0.0,0.0323,0.0026
839,0.058885,0.129609,0.0,0.0323,0.0018
840,0.137107,0.067512,0.0,0.0323,0.0030
841,0.127618,0.096061,0.0,0.0323,0.0028
842,0.132126,0.096737,0.0,0.0323,0.0023
843,0.124551,0.084348,0.0,0.0323,0.0018
844,0.143981,0.076675,0.0,0.0323,0.0018
845,0.127361,0.094752,0.0,0.0323,0.0030
846,0.121321,0.074575,0.0,0.0323,0.0023
847,0.147832,0.093650,0.0,0.0323,0.0024
848,0.155631,0.111027,0.0,0.0323,0.0038
849,0.168952,0.066331,0.0,0.0323,0.0034
850,0.177069,0.086831,0.0,0.0323,0.0030
851,0.142609,0.083904,0.0,0.0323,0.0029
852,0.156306,0.083677,0.0,0.0323,0.0025
853,0.157048,0.103960,0.0,0.0323,0.0030
854,0.156159,0.089570,0.0,0.0323,0.0032
855,0.165161,0.080636,0.0,0.0323,0.0033
856,0.166286,0.096004,0.0,0.0323,0.0035
857,0.186052,0.065912,0.0,0.0323,0.0033
858,0.205675,0.087712,0.0,0.0323,0.0031
859,0.161872,0.085367,0.0,0.0323,0.0033
860,0.174530,0.086503,0.0,0.0323,0.0023
861,0.182920,0.093841,0.0,0.0323,0.0032
862,0.157950,0.099616,0.0,0.0323,0.0028
863,0.155735,0.091100,0.0,0.0323,0.0024
864,0.191967,0.061622,0.0,0.0323,0.0029
865,0.165531,0.069256,0.0,0.0323,0.0024
866,0.168018,0.092928,0.0,0.0323,0.0034
867,0.137689,0.120420,0.0,0.0323,0.0031
868,0.155339,0.089274,0.0,0.0323,0.0029
869,0.183263,0.054435,0.0,0.0323,0.0032
870,0.145665,0.090525,0.0,0.0323,0.0032
871,0.143901,0.105662,0.0,0.0323,0.0033
872,0.104405,0.092154,0.0,0.0323,0.0029
873,0.098824,0.174425,0.0,0.0323,0.0026
874,0.158000,0.057388,0.0,0.0323,0.0027
875,0.140845,0.112749,0.0,0.0323,0.0040
876,0.126614,0.090687,0.0,0.0323,0.0029
877,0.078742,0.121948,0.0,0.0323,0.0023
878,0.068478,0.164623,0.0,0.0323,0.0036
879,0.082145,0.088895,0.0,0.0323,0.0032
880,0.080524,0.095535,0.0,0.0323,0.0034
881,0.056040,0.107846,0.0,0.0323,0.0043
882,0.095987,0.096900,0.0,0.0323,0.0022
883,0.101804,0.091008,0.0,0.0323,0.0028
884,0.108204,0.083250,0.0,0.0323,0.0034
885,0.122050,0.090073,0.0,0.0323,0.0022
886,0.085714,0.098775,0.0,0.0323,0.0026
887,0.078386,0.081172,0.0,0.0323,0.0036
888,0.128842,0.060003,0.0,0.0323,0.0031
889,0.085016,0.135630,0.0,0.0323,0.0035
890,0.151769,0.073576,0.0,0.0323,0.0032
891,0.096719,0.119795,0.0,0.0323,0.0039
892,0.125285,0.078042,0.0,0.0323,0.0035
893,0.085708,0.120067,0.0,0.0323,0.0039
894,0.117216,0.084812,0.0,0.0323,0.0042
895,0.110772,0.110921,0.0,0.0323,0.0019
896,0.143670,0.076386,0.0,0.0323,0.0035
897,0.210276,0.045134,0.0,0.0323,0.0050
898,0.130643,0.124910,0.0,0.0323,0.0036
899,0.124254,0.099206,0.0,0.0323,0.0038
900,0.135236,0.090109,0.0,0.0323,0.0033
901,0.168115,0.078627,0.0,0.0323,0.0051
902,0.189997,0.080536,0.0,0.0323,0.0068
903,0.180119,0.070260,0.0,0.0323,0.0046
904,0.165657,0.093709,0.0,0.0323,0.0057
905,0.199583,0.072521,0.0,0.0323,0.0051
906,0.211571,0.064720,0.0,0.0323,0.0043
907,0.174398,0.093246,0.0,0.0323,0.0035
908,0.186474,0.095485,0.0,0.0323,0.0032
909,0.162912,0.097453,0.0,0.0323,0.0034
910,0.155429,0.089749,0.0,0.0323,0.0042
911,0.167870,0.109268,0.0,0.0323,0.0064
912,0.138003,0.127495,0.0,0.0323,0.0027
913,0.120780,0.163653,0.0,0.0323,0.0042
914,0.182173,0.100775,0.0,0.0323,0.0040
915,0.191744,0.084337,0.0,0.0323,0.0042
916,0.173771,0.068516,0.0,0.0323,0.0041
917,0.142238,0.087957,0.0,0.0323,0.0053
918,0.137911,0.091280,0.0,0.0323,0.0027
919,0.122747,0.090520,0.0,0.0323,0.0035
920,0.079896,0.125098,0.0,0.0323,0.0047
921,0.092539,0.134345,0.0,0.0323,0.0027
922,0.086206,0.136443,0.0,0.0323,0.0047
923,0.176172,0.064393,0.0,0.0323,0.0047
924,0.146052,0.124270,0.0,0.0323,0.0043
925,0.145735,0.094499,0.0,0.0323,0.0064
926,0.134412,0.124463,0.0,0.0323,0.0053
927,0.174980,0.074226,0.0,0.0323,0.0034
928,0.157573,0.093010,0.0,0.0323,0.0031
929,0.185869,0.063406,0.0,0.0323,0.0022
930,0.174071,0.092591,0.0,0.0323,0.0049
931,0.221781,0.053869,0.0,0.0323,0.0030
932,0.126059,0.101582,0.0,0.0323,0.0050
933,0.209941,0.077427,0.0,0.0323,0.0077
934,0.203630,0.070535,0.0,0.0323,0.0051
935,0.196704,0.092340,0.0,0.0323,0.0040
936,0.162810,0.117277,0.0,0.0323,0.0047
937,0.172026,0.071693,0.0,0.0323,0.0046
938,0.164187,0.099018,0.0,0.0323,0.0064
939,0.160623,0.082493,0.0,0.0323,0.0056
940,0.203720,0.131451,0.0,0.0323,0.0058
941,0.148572,0.084645,0.0,0.0323,0.0044
942,0.117837,0.106345,0.0,0.0323,0.0056
943,0.180829,0.060375,0.0,0.0323,0.0029
944,0.104542,0.110185,0.0,0.0323,0.0054
945,0.137961,0.097369,0.0,0.0323,0.0067
946,0.139495,0.102135,0.0,0.0323,0.0047
947,0.128101,0.090673,0.0,0.0323,0.0069
948,0.156888,0.081003,0.0,0.0323,0.0050
949,0.142334,0.096651,0.0,0.0323,0.0043
950,0.175315,0.071755,0.0,0.0323,0.0054
951,0.170230,0.082612,0.0,0.0323,0.0083
952,0.173013,0.085490,0.0,0.0323,0.0052
953,0.138874,0.109309,0.0,0.0323,0.0071
954,0.185000,0.069439,0.0,0.0323,0.0048
955,0.183264,0.106295,0.0,0.0323,0.0064
956,0.208070,0.059836,0.0,0.0323,0.0082
957,0.120209,0.131859,0.0,0.0323,0.0075
958,0.165610,0.095388,0.0,0.0323,0.0061
959,0.153149,0.115353,0.0,0.0323,0.0058
960,0.173453,0.122954,0.0,0.0323,0.0065
961,0.224456,0.078085,0.0,0.0323,0.0053
962,0.233598,0.058754,0.0,0.0323,0.0065
963,0.173112,0.090134,0.0,0.0323,0.0074
964,0.175800,0.111302,0.0,0.0323,0.0072
965,0.252328,0.048425,0.0,0.0323,0.0069
966,0.174472,0.122106,0.0,0.0323,0.0053
967,0.268486,0.037103,0.0,0.0323,0.0060
968,0.219354,0.086820,0.0,0.0323,0.0057
969,0.251147,0.057863,0.0,0.0323,0.0056
970,0.160499,0.105204,0.0,0.0323,0.0060
971,0.249760,0.062253,0.0,0.0323,0.0062
972,0.217828,0.074223,0.0,0.0323,0.0044
973,0.225936,0.067015,0.0,0.0323,0.0072
974,0.244321,0.054583,0.0,0.0323,0.0077
975,0.220933,0.064542,0.0,0.0323,0.0069
976,0.203084,0.120193,0.0,0.0323,0.0056
977,0.235346,0.072156,0.0,0.0323,0.0049
978,0.150566,0.108655,0.0,0.0323,0.0064
979,0.187037,0.084951,0.0,0.0323,0.0039
980,0.211477,0.060741,0.0,0.0323,0.0084
981,0.187414,0.068364,0.0,0.0323,0.0093
982,0.182855,0.090310,0.0,0.0323,0.0094
983,0.177279,0.076258,0.0,0.0323,0.0061
984,0.160725,0.126779,0.0,0.0323,0.0059
985,0.184456,0.069760,0.0,0.0323,0.0059
986,0.175177,0.084159,0.0,0.0323,0.0069
987,0.157079,0.080477,0.0,0.0323,0.0050
988,0.162379,0.077057,0.0,0.0323,0.0100
989,0.141387,0.120998,0.0,0.0323,0.0057
990,0.146507,0.076344,0.0,0.0323,0.0086
991,0.144096,0.117251,0.0,0.0323,0.0066
992,0.184438,0.064260,0.0,0.0323,0.0031
993,0.203851,0.066430,0.0,0.0323,0.0084
994,0.199331,0.053637,0.0,0.0323,0.0098
995,0.196736,0.067366,0.0,0.0323,0.0056
996,0.164920,0.080650,0.0,0.0323,0.0083
997,0.191021,0.090899,0.0,0.0323,0.0062
998,0.187152,0.076532,0.0,0.0323,0.0067
999,0.188198,0.080566,0.0,0.0323,0.0070
1000,0.235890,0.054977,0.0,0.0323,0.0084
1001,0.177872,0.089975,0.0,0.0323,0.0053
1002,0.195035,0.068236,0.0,0.0323,0.0086
1003,0.175502,0.090455,0.0,0.0323,0.0064
1004,0.239203,0.050454,0.0,0.0323,0.0101
1005,0.225607,0.069274,0.0,0.0323,0.0075
1006,0.220301,0.060676,0.0,0.0323,0.0109
1007,0.223134,0.064090,0.0,0.0323,0.0097
1008,0.198661,0.086923,0.0,0.0323,0.0087
1009,0.210006,0.114085,0.0,0.0323,0.0076
1010,0.241781,0.073312,0.0,0.0323,0.0090
1011,0.242899,0.057485,0.0,0.0323,0.0102
1012,0.205192,0.072653,0.0,0.0323,0.0073
1013,0.146248,0.093749,0.0,0.0323,0.0080
1014,0.173525,0.087636,0.0,0.0323,0.0061
1015,0.225208,0.065146,0.0,0.0323,0.0096
1016,0.222115,0.069031,0.0,0.0323,0.0079
1017,0.196212,0.074655,0.0,0.0323,0.0098
1018,0.214805,0.083522,0.0,0.0323,0.0080
1019,0.177623,0.090876,0.0,0.0323,0.0078
1020,0.206123,0.078928,0.0,0.0323,0.0080
1021,0.161165,0.096420,0.0,0.0323,0.0094
1022,0.149594,0.121184,0.0,0.0323,0.0074
1023,0.203823,0.073737,0.0,0.0323,0.0106
1024,0.268390,0.069190,0.0,0.0323,0.0099
1025,0.196596,0.096330,0.0,0.0323,0.0094
1026,0.283426,0.046351,0.0,0.0323,0.0128
1027,0.204825,0.109855,0.0,0.0323,0.0097
1028,0.257211,0.055334,0.0,0.0323,0.0096
1029,0.209799,0.073896,0.0,0.0323,0.0113
1030,0.255298,0.059199,0.0,0.0323,0.0102
1031,0.166502,0.094261,0.0,0.0323,0.0115
1032,0.240503,0.063503,0.0,0.0323,0.0154
1033,0.244265,0.073070,0.0,0.0323,0.0116
1034,0.207191,0.091037,0.0,0.0323,0.0116
1035,0.216200,0.109334,0.0,0.0323,0.0078
1036,0.253661,0.072192,0.0,0.0323,0.0096
1037,0.298439,0.054113,0.0,0.0323,0.0113
1038,0.286166,0.050648,0.0,0.0323,0.0126
1039,0.222442,0.099743,0.0,0.0323,0.0107
1040,0.246679,0.094839,0.0,0.0323,0.0090
1041,0.211052,0.103020,0.0,0.0323,0.0098
1042,0.263268,0.058398,0.0,0.0323,0.0099
1043,0.193404,0.086094,0.0,0.0323,0.0088
1044,0.199488,0.087661,0.0,0.0323,0.0113
1045,0.184482,0.104931,0.0,0.0323,0.0109
1046,0.238211,0.064739,0.0,0.0323,0.0084
1047,0.162472,0.090764,0.0,0.0323,0.0130
1048,0.239753,0.071308,0.0,0.0323,0.0128
1049,0.232068,0.097230,0.0,0.0323,0.0092
1050,0.259399,0.071049,0.0,0.0323,0.0108
1051,0.250436,0.064520,0.0,0.0323,0.0110
1052,0.230932,0.087895,0.0,0.0323,0.0088
1053,0.209261,0.079429,0.0,0.0323,0.0081
1054,0.265122,0.059139,0.0,0.0323,0.0116
1055,0.180188,0.105040,0.0,0.0323,0.0068
1056,0.213657,0.084978,0.0,0.0323,0.0108
1057,0.203547,0.095486,0.0,0.0323,0.0087
1058,0.240819,0.077071,0.0,0.0323,0.0127
1059,0.175315,0.096598,0.0,0.0323,0.0073
1060,0.267477,0.067749,0.0,0.0323,0.0170
1061,0.216682,0.080891,0.0,0.0323,0.0084
1062,0.265216,0.073339,0.0,0.0323,0.0159
1063,0.306362,0.045585,0.0,0.0323,0.0106
1064,0.226204,0.088678,0.0,0.0323,0.0098
1065,0.238701,0.092279,0.0,0.0323,0.0138
1066,0.239707,0.095137,0.0,0.0323,0.0108
1067,0.263152,0.080468,0.0,0.0323,0.0130
1068,0.240647,0.084109,0.0,0.0323,0.0095
1069,0.219122,0.106869,0.0,0.0323,0.0118
1070,0.268572,0.068443,0.0,0.0323,0.0166
1071,0.299545,0.052262,0.0,0.0323,0.0111
1072,0.243890,0.079959,0.0,0.0323,0.0116
1073,0.211534,0.100300,0.0,0.0323,0.0094
1074,0.252664,0.062425,0.0,0.0323,0.0095
1075,0.271899,0.062371,0.0,0.0323,0.0132
1076,0.279904,0.058626,0.0,0.0323,0.0165
1077,0.241437,0.085570,0.0,0.0323,0.0135
1078,0.289709,0.039091,0.0,0.0323,0.0163
1079,0.197492,0.072898,0.0,0.0323,0.0086
1080,0.227758,0.062436,0.0,0.0323,0.0109
1081,0.219469,0.072712,0.0,0.0323,0.0159
1082,0.249482,0.063144,0.0,0.0323,0.0123
1083,0.259412,0.046988,0.0,0.0323,0.0148
1084,0.247167,0.074050,0.0,0.0323,0.0132
1085,0.199926,0.093913,0.0,0.0323,0.0151
1086,0.169457,0.080769,0.0,0.0323,0.0073
1087,0.190508,0.092486,0.0,0.0323,0.0122
1088,0.168295,0.075594,0.0,0.0323,0.0095
1089,0.215412,0.060692,0.0,0.0323,0.0174
1090,0.199041,0.081869,0.0,0.0323,0.0155
1091,0.221709,0.084689,0.0,0.0323,0.0110
1092,0.194082,0.084636,0.0,0.0323,0.0143
1093,0.254489,0.070862,0.0,0.0323,0.0094
1094,0.200792,0.082954,0.0,0.0323,0.0149
1095,0.277558,0.058377,0.0,0.0323,0.0132
1096,0.318917,0.043870,0.0,0.0323,0.0098
1097,0.305654,0.071324,0.0,0.0323,0.0145
1098,0.314195,0.054555,0.0,0.0323,0.0142
1099,0.265883,0.097777,0.0,0.0323,0.0119
1100,0.294869,0.081455,0.0,0.0323,0.0139
1101,0.299203,0.072461,0.0,0.0323,0.0136
1102,0.319961,0.074136,0.0,0.0323,0.0147
1103,0.326177,0.055276,0.0,0.0323,0.0172
1104,0.276407,0.120287,0.0,0.0323,0.0118
1105,0.321593,0.062864,0.0,0.0323,0.0127
1106,0.250046,0.108307,0.0,0.0323,0.0112
1107,0.272697,0.085935,0.0,0.0323,0.0184
1108,0.323473,0.066053,0.0,0.0323,0.0139
1109,0.324874,0.063090,0.0,0.0323,0.0192
1110,0.292118,0.100345,0.0,0.0323,0.0185
1111,0.311467,0.063103,0.0,0.0323,0.0158
1112,0.249636,0.101304,0.0,0.0323,0.0112
1113,0.263159,0.078969,0.0,0.0323,0.0119
1114,0.290864,0.061793,0.0,0.0323,0.0134
1115,0.235433,0.101588,0.0,0.0323,0.0156
1116,0.290259,0.071798,0.0,0.0323,0.0131
1117,0.344116,0.047593,0.0,0.0323,0.0162
1118,0.271928,0.078977,0.0,0.0323,0.0151
1119,0.233470,0.092426,0.0,0.0323,0.0128
1120,0.346347,0.049812,0.0,0.0323,0.0134
1121,0.291373,0.069743,0.0,0.0323,0.0150
1122,0.327558,0.059940,0.0,0.0323,0.0166
1123,0.280991,0.078494,0.0,0.0323,0.0165
1124,0.302988,0.067602,0.0,0.0323,0.0168
1125,0.301897,0.064949,0.0,0.0323,0.0159
1126,0.293560,0.064852,0.0,0.0323,0.0140
1127,0.268510,0.100739,0.0,0.0323,0.0167
1128,0.270852,0.080302,0.0,0.0323,0.0158
1129,0.288157,0.077224,0.0,0.0323,0.0135
1130,0.236088,0.091502,0.0,0.0323,0.0078
1131,0.332439,0.054540,0.0,0.0323,0.0175
1132,0.272513,0.073971,0.0,0.0323,0.0124
1133,0.222305,0.148565,0.0,0.0323,0.0121
1134,0.319654,0.067666,0.0,0.0323,0.0169
1135,0.361852,0.057251,0.0,0.0323,0.0102
1136,0.277995,0.099603,0.0,0.0323,0.0134
1137,0.310353,0.093512,0.0,0.0323,0.0156
1138,0.340395,0.059756,0.0,0.0323,0.0149
1139,0.358864,0.054166,0.0,0.0323,0.0140
1140,0.346327,0.076751,0.0,0.0323,0.0188
1141,0.405604,0.094346,0.0,0.0323,0.0183
1142,0.317589,0.110754,0.0,0.0323,0.0148
1143,0.339992,0.076478,0.0,0.0323,0.0164
1144,0.418222,0.047238,0.0,0.0323,0.0167
1145,0.241909,0.086302,0.0,0.0323,0.0098
1146,0.282016,0.069583,0.0,0.0323,0.0144
1147,0.322766,0.068220,0.0,0.0323,0.0107
1148,0.194483,0.100182,0.0,0.0323,0.0142
1149,0.266026,0.094341,0.0,0.0323,0.0154
1150,0.381314,0.047370,0.0,0.0323,0.0130
1151,0.281578,0.096012,0.0,0.0323,0.0143
1152,0.368871,0.065281,0.0,0.0323,0.0156
1153,0.262657,0.093756,0.0,0.0323,0.0115
1154,0.366641,0.051810,0.0,0.0323,0.0166
1155,0.240992,0.097158,0.0,0.0323,0.0112
1156,0.306947,0.089340,0.0,0.0323,0.0136
1157,0.345066,0.057327,0.0,0.0323,0.0082
1158,0.348607,0.055811,0.0,0.0323,0.0171
1159,0.379571,0.043498,0.0,0.0323,0.0173
1160,0.256671,0.086275,0.0,0.0323,0.0098
1161,0.389477,0.057005,0.0,0.0323,0.0131
1162,0.328789,0.057418,0.0,0.0323,0.0148
1163,0.305220,0.072338,0.0,0.0323,0.0163
1164,0.367832,0.054499,0.0,0.0323,0.0133
1165,0.275869,0.094696,0.0,0.0323,0.0139
1166,0.271534,0.113820,0.0,0.0323,0.0127
1167,0.292344,0.084665,0.0,0.0323,0.0138
1168,0.364262,0.064732,0.0,0.0323,0.0150
1169,0.342443,0.088396,0.0,0.0323,0.0177
1170,0.353726,0.069721,0.0,0.0323,0.0169
1171,0.352639,0.101907,0.0,0.0323,0.0151
1172,0.348065,0.060943,0.0,0.0323,0.0133
1173,0.399469,0.054547,0.0,0.0323,0.0140
1174,0.334327,0.078379,0.0,0.0323,0.0135
1175,0.384632,0.050300,0.0,0.0323,0.0111
1176,0.282564,0.076956,0.0,0.0323,0.0145
1177,0.302307,0.068105,0.0,0.0323,0.0134
1178,0.377337,0.050964,0.0,0.0323,0.0163
1179,0.347072,0.056095,0.0,0.0323,0.0126
1180,0.389670,0.048405,0.0,0.0323,0.0138
1181,0.248879,0.098622,0.0,0.0323,0.0104
1182,0.236974,0.086339,0.0,0.0323,0.0097
1183,0.322278,0.069163,0.0,0.0323,0.0131
1184,0.225540,0.091827,0.0,0.0323,0.0132
1185,0.190853,0.115673,0.0,0.0323,0.0110
1186,0.322919,0.093416,0.0,0.0323,0.0114
1187,0.290831,0.073456,0.0,0.0323,0.0117
1188,0.367140,0.073999,0.0,0.0323,0.0148
1189,0.284924,0.090102,0.0,0.0323,0.0158
1190,0.355802,0.072632,0.0,0.0323,0.0190
1191,0.416921,0.041846,0.0,0.0323,0.0203
1192,0.370149,0.065823,0.0,0.0323,0.0121
1193,0.333819,0.073072,0.0,0.0323,0.0160
1194,0.451139,0.035263,0.0,0.0323,0.0191
1195,0.395978,0.075958,0.0,0.0323,0.0128
1196,0.381818,0.058942,0.0,0.0323,0.0128
1197,0.291407,0.116285,0.0,0.0323,0.0122
1198,0.388080,0.078124,0.0,0.0323,0.0129
1199,0.474057,0.043914,0.0,0.0323,0.0176
1200,0.400488,0.073433,0.0,0.0323,0.0151
1201,0.421610,0.088364,0.0,0.0323,0.0192
1202,0.395542,0.082810,0.0,0.0323,0.0132
1203,0.304106,0.111780,0.0,0.0323,0.0071
1204,0.449765,0.052562,0.0,0.0323,0.0148
1205,0.379498,0.100474,0.0,0.0323,0.0150
1206,0.336245,0.096881,0.0,0.0323,0.0150
1207,0.406588,0.065683,0.0,0.0323,0.0156
1208,0.429102,0.042813,0.0,0.0323,0.0139
1209,0.317278,0.066997,0.0,0.0323,0.0133
1210,0.275313,0.092645,0.0,0.0323,0.0121
1211,0.204761,0.130666,0.0,0.0323,0.0144
1212,0.316651,0.103230,0.0,0.0323,0.0146
1213,0.407172,0.056964,0.0,0.0323,0.0152
1214,0.412092,0.044716,0.0,0.0323,0.0153
1215,0.329513,0.093591,0.0,0.0323,0.0120
1216,0.311822,0.103757,0.0,0.0323,0.0104
1217,0.355359,0.066026,0.0,0.0323,0.0135
1218,0.421744,0.060834,0.0,0.0323,0.0110
1219,0.388051,0.090575,0.0,0.0323,0.0131
1220,0.397687,0.072897,0.0,0.0323,0.0135
1221,0.471450,0.040625,0.0,0.0323,0.0184
1222,0.433513,0.058451,0.0,0.0323,0.0149
1223,0.460880,0.063164,0.0,0.0323,0.0130
1224,0.383234,0.069750,0.0,0.0323,0.0170
1225,0.333788,0.071196,0.0,0.0323,0.0094
1226,0.388894,0.091802,0.0,0.0323,0.0108
1227,0.459516,0.062023,0.0,0.0323,0.0181
1228,0.403367,0.060207,0.0,0.0323,0.0078
1229,0.331889,0.080256,0.0,0.0323,0.0113
1230,0.374310,0.094237,0.0,0.0323,0.0136
1231,0.455331,0.051720,0.0,0.0323,0.0187
1232,0.470599,0.046299,0.0,0.0323,0.0165
1233,0.442525,0.059814,0.0,0.0323,0.0174
1234,0.433669,0.063204,0.0,0.0323,0.0119
1235,0.427985,0.069541,0.0,0.0323,0.0122
1236,0.437201,0.071474,0.0,0.0323,0.0150
1237,0.474613,0.049869,0.0,0.0323,0.0174
1238,0.395579,0.075162,0.0,0.0323,0.0128
1239,0.374710,0.082140,0.0,0.0323,0.0119
1240,0.416233,0.108985,0.0,0.0323,0.0128
1241,0.457940,0.053463,0.0,0.0323,0.0146
1242,0.419441,0.115066,0.0,0.0323,0.0164
1243,0.410608,0.085878,0.0,0.0323,0.0066
1244,0.393620,0.078671,0.0,0.0323,0.0184
1245,0.313065,0.105868,0.0,0.0323,0.0121
1246,0.406630,0.072034,0.0,0.0323,0.0149
1247,0.402308,0.055530,0.0,0.0323,0.0144
1248,0.438205,0.047847,0.0,0.0323,0.0101
1249,0.308409,0.088907,0.0,0.0323,0.0074
1250,0.390347,0.060078,0.0,0.0323,0.0147
1251,0.357302,0.067454,0.0,0.0323,0.0164
1252,0.360302,0.104446,0.0,0.0323,0.0125
1253,0.394061,0.049896,0.0,0.0323,0.0155
1254,0.231527,0.123978,0.0,0.0323,0.0118
1255,0.261508,0.111478,0.0,0.0323,0.0138
1256,0.263182,0.111097,0.0,0.0323,0.0105
1257,0.348864,0.070446,0.0,0.0323,0.0160
1258,0.476126,0.035268,0.0,0.0323,0.0139
1259,0.334992,0.078696,0.0,0.0323,0.0092
1260,0.348629,0.103273,0.0,0.0323,0.0131
1261,0.394480,0.082433,0.0,0.0323,0.0141
1262,0.330672,0.082243,0.0,0.0323,0.0101
1263,0.446834,0.076924,0.0,0.0323,0.0154
1264,0.503168,0.043999,0.0,0.0323,0.0166
1265,0.400641,0.104839,0.0,0.0323,0.0178
1266,0.366835,0.115088,0.0,0.0323,0.0127
1267,0.430588,0.058219,0.0,0.0323,0.0151
1268,0.402183,0.082403,0.0,0.0323,0.0137
1269,0.546289,0.053951,0.0,0.0323,0.0164
1270,0.444486,0.059274,0.0,0.0323,0.0122
1271,0.478110,0.057851,0.0,0.0323,0.0106
1272,0.486531,0.055533,0.0,0.0323,0.0188
1273,0.424041,0.059080,0.0,0.0323,0.0107
1274,0.478811,0.062693,0.0,0.0323,0.0131
1275,0.442005,0.045617,0.0,0.0323,0.0095
1276,0.370509,0.081828,0.0,0.0323,0.0129
1277,0.443583,0.050737,0.0,0.0323,0.0125
1278,0.441325,0.053125,0.0,0.0323,0.0147
1279,0.419825,0.064839,0.0,0.0323,0.0162
1280,0.384247,0.074942,0.0,0.0323,0.0139
1281,0.375054,0.078441,0.0,0.0323,0.0145
1282,0.430603,0.053635,0.0,0.0323,0.0122
1283,0.457092,0.041409,0.0,0.0323,0.0154
1284,0.384006,0.096315,0.0,0.0323,0.0154
1285,0.341945,0.071782,0.0,0.0323,0.0087
1286,0.375455,0.115511,0.0,0.0323,0.0136
1287,0.531978,0.059787,0.0,0.0323,0.0144
1288,0.369892,0.093784,0.0,0.0323,0.0100
1289,0.466000,0.087379,0.0,0.0323,0.0158
1290,0.535069,0.053935,0.0,0.0323,0.0127
1291,0.496152,0.067712,0.0,0.0323,0.0175
1292,0.500859,0.065403,0.0,0.0323,0.0079
1293,0.551119,0.054368,0.0,0.0323,0.0160
1294,0.500574,0.060390,0.0,0.0323,0.0143
1295,0.528346,0.050771,0.0,0.0323,0.0136
1296,0.528754,0.058294,0.0,0.0323,0.0110
1297,0.572110,0.043566,0.0,0.0323,0.0151
1298,0.512955,0.050725,0.0,0.0323,0.0162
1299,0.428134,0.060807,0.0,0.0323,0.0134
1300,0.501077,0.052371,0.0,0.0323,0.0127
1301,0.415249,0.069259,0.0,0.0323,0.0181
1302,0.470814,0.062565,0.0,0.0323,0.0185
1303,0.528143,0.036967,0.0,0.0323,0.0143
1304,0.451703,0.064879,0.0,0.0323,0.0162
1305,0.434417,0.063676,0.0,0.0323,0.0139
1306,0.413477,0.070068,0.0,0.0323,0.0101
1307,0.479359,0.071376,0.0,0.0323,0.0167
1308,0.440572,0.075076,0.0,0.0323,0.0150
1309,0.540660,0.036804,0.0,0.0323,0.0137
1310,0.499452,0.057405,0.0,0.0323,0.0130
1311,0.536059,0.060837,0.0,0.0323,0.0128
1312,0.511659,0.057320,0.0,0.0323,0.0154
1313,0.499649,0.055371,0.0,0.0323,0.0113
1314,0.525997,0.069407,0.0,0.0323,0.0116
1315,0.537667,0.056053,0.0,0.0323,0.0154
1316,0.515827,0.088909,0.0,0.0323,0.0144
1317,0.455278,0.129770,0.0,0.0323,0.0093
1318,0.535373,0.069566,0.0,0.0323,0.0084
1319,0.466343,0.106208,0.0,0.0323,0.0106
1320,0.495342,0.096040,0.0,0.0323,0.0134
1321,0.577015,0.053904,0.0,0.0323,0.0137
1322,0.543146,0.084661,0.0,0.0323,0.0129
1323,0.518375,0.080024,0.0,0.0323,0.0169
1324,0.485570,0.119258,0.0,0.0323,0.0157
1325,0.578796,0.039213,0.0,0.0323,0.0163
1326,0.450374,0.064961,0.0,0.0323,0.0113
1327,0.539058,0.057989,0.0,0.0323,0.0165
1328,0.463077,0.062867,0.0,0.0323,0.0101
1329,0.530888,0.049902,0.0,0.0323,0.0150
1330,0.396374,0.104846,0.0,0.0323,0.0089
1331,0.516350,0.044869,0.0,0.0323,0.0141
1332,0.553146,0.052930,0.0,0.0323,0.0150
1333,0.548349,0.049661,0.0,0.0323,0.0159
1334,0.500736,0.066393,0.0,0.0323,0.0155
1335,0.490093,0.063369,0.0,0.0323,0.0138
1336,0.499713,0.054503,0.0,0.0323,0.0122
1337,0.475256,0.068238,0.0,0.0323,0.0098
1338,0.525513,0.060958,0.0,0.0323,0.0094
1339,0.444201,0.065527,0.0,0.0323,0.0103
1340,0.518259,0.093716,0.0,0.0323,0.0112
1341,0.489668,0.067359,0.0,0.0323,0.0127
1342,0.324527,0.131485,0.0,0.0323,0.0111
1343,0.460325,0.061196,0.0,0.0323,0.0108
1344,0.556233,0.033483,0.0,0.0323,0.0178
1345,0.513906,0.037283,0.0,0.0323,0.0138
1346,0.420340,0.057781,0.0,0.0323,0.0108
1347,0.472933,0.043832,0.0,0.0323,0.0129
1348,0.399442,0.113106,0.0,0.0323,0.0113
1349,0.478714,0.049868,0.0,0.0323,0.0122
1350,0.417005,0.108530,0.0,0.0323,0.0119
1351,0.489400,0.060629,0.0,0.0323,0.0134
1352,0.470993,0.069089,0.0,0.0323,0.0105
1353,0.557434,0.059555,0.0,0.0323,0.0157
1354,0.630599,0.055916,0.0,0.0323,0.0142
1355,0.584303,0.057466,0.0,0.0323,0.0087
1356,0.528010,0.079666,0.0,0.0323,0.0154
1357,0.533126,0.047815,0.0,0.0323,0.0101
1358,0.536837,0.056177,0.0,0.0323,0.0139
1359,0.580886,0.076888,0.0,0.0323,0.0168
1360,0.511712,0.064756,0.0,0.0323,0.0090
1361,0.495394,0.070451,0.0,0.0323,0.0095
1362,0.478793,0.071108,0.0,0.0323,0.0116
1363,0.560412,0.047523,0.0,0.0323,0.0134
1364,0.497886,0.069701,0.0,0.0323,0.0118
1365,0.499607,0.082788,0.0,0.0323,0.0135
1366,0.533785,0.091524,0.0,0.0323,0.0108
1367,0.466865,0.089364,0.0,0.0323,0.0139
1368,0.531910,0.069028,0.0,0.0323,0.0163
1369,0.486000,0.098684,0.0,0.0323,0.0138
1370,0.382728,0.111529,0.0,0.0323,0.0107
1371,0.514015,0.065782,0.0,0.0323,0.0143
1372,0.418464,0.076933,0.0,0.0323,0.0108
1373,0.504328,0.070397,0.0,0.0323,0.0133
1374,0.568307,0.047677,0.0,0.0323,0.0108
1375,0.692477,0.029690,0.0,0.0323,0.0158
1376,0.639662,0.041574,0.0,0.0323,0.0130
1377,0.567919,0.061091,0.0,0.0323,0.0147
1378,0.624186,0.041475,0.0,0.0323,0.0140
1379,0.517701,0.088708,0.0,0.0323,0.0106
1380,0.561369,0.064497,0.0,0.0323,0.0098
1381,0.534805,0.058043,0.0,0.0323,0.0085
1382,0.610786,0.058925,0.0,0.0323,0.0160
1383,0.547056,0.061447,0.0,0.0323,0.0159
1384,0.582856,0.049790,0.0,0.0323,0.0165
1385,0.509233,0.077214,0.0,0.0323,0.0101
1386,0.504043,0.105967,0.0,0.0323,0.0115
1387,0.554428,0.047478,0.0,0.0323,0.0131
1388,0.590303,0.052383,0.0,0.0323,0.0124
1389,0.590927,0.034779,0.0,0.0323,0.0160
1390,0.542209,0.061396,0.0,0.0323,0.0123
1391,0.473547,0.075095,0.0,0.0323,0.0136
1392,0.355353,0.129682,0.0,0.0323,0.0086
1393,0.360075,0.121576,0.0,0.0323,0.0114
1394,0.474499,0.059509,0.0,0.0323,0.0097
1395,0.634374,0.023456,0.0,0.0323,0.0136
1396,0.498759,0.079867,0.0,0.0323,0.0147
1397,0.533285,0.055556,0.0,0.0323,0.0126
1398,0.498787,0.066537,0.0,0.0323,0.0099
1399,0.572518,0.052366,0.0,0.0323,0.0142
1400,0.567006,0.067355,0.0,0.0323,0.0143
1401,0.497916,0.089308,0.0,0.0323,0.0140
1402,0.612011,0.048336,0.0,0.0323,0.0106
1403,0.610520,0.033504,0.0,0.0323,0.0085
1404,0.599897,0.042552,0.0,0.0323,0.0140
1405,0.519258,0.065306,0.0,0.0323,0.0156
1406,0.514583,0.099950,0.0,0.0323,0.0106
1407,0.560274,0.045888,0.0,0.0323,0.0158
1408,0.530545,0.059115,0.0,0.0323,0.0151
1409,0.570618,0.050960,0.0,0.0323,0.0148
1410,0.606506,0.028747,0.0,0.0323,0.0145
1411,0.612018,0.053884,0.0,0.0323,0.0163
1412,0.465612,0.074802,0.0,0.0323,0.0119
1413,0.373502,0.088658,0.0,0.0323,0.0088
1414,0.470999,0.083780,0.0,0.0323,0.0172
1415,0.615598,0.046653,0.0,0.0323,0.0145
1416,0.607158,0.036151,0.0,0.0323,0.0118
1417,0.556769,0.087212,0.0,0.0323,0.0174
1418,0.559244,0.080658,0.0,0.0323,0.0156
1419,0.590355,0.076333,0.0,0.0323,0.0145
1420,0.659868,0.038714,0.0,0.0323,0.0138
1421,0.523401,0.055584,0.0,0.0323,0.0089
1422,0.567618,0.059188,0.0,0.0323,0.0084
1423,0.554506,0.055559,0.0,0.0323,0.0134
1424,0.548204,0.068715,0.0,0.0323,0.0189
1425,0.527443,0.060726,0.0,0.0323,0.0037
1426,0.535368,0.052311,0.0,0.0323,0.0115
1427,0.557733,0.081003,0.0,0.0323,0.0074
1428,0.612282,0.037194,0.0,0.0323,0.0087
1429,0.659733,0.036173,0.0,0.0323,0.0150
1430,0.536806,0.090901,0.0,0.0323,0.0142
1431,0.645207,0.043047,0.0,0.0323,0.0125
1432,0.549594,0.060080,0.0,0.0323,0.0155
1433,0.663975,0.056229,0.0,0.0323,0.0180
1434,0.654684,0.044584,0.0,0.0323,0.0134
1435,0.666469,0.033091,0.0,0.0323,0.0051
1436,0.675307,0.037616,0.0,0.0323,0.0133
1437,0.580851,0.070733,0.0,0.0323,0.0174
1438,0.646430,0.036445,0.0,0.0323,0.0078
1439,0.709829,0.033539,0.0,0.0323,0.0172
1440,0.604050,0.063108,0.0,0.0323,0.0097
1441,0.704602,0.047411,0.0,0.0323,0.0163
1442,0.589629,0.068391,0.0,0.0323,0.0110
1443,0.555434,0.062414,0.0,0.0323,0.0073
1444,0.536715,0.107094,0.0,0.0323,0.0120
1445,0.636636,0.041005,0.0,0.0323,0.0156
1446,0.632558,0.048072,0.0,0.0323,0.0112
1447,0.587358,0.039038,0.0,0.0323,0.0150
1448,0.597156,0.064859,0.0,0.0323,0.0161
1449,0.493883,0.075823,0.0,0.0323,0.0153
1450,0.524936,0.072266,0.0,0.0323,0.0076
1451,0.533534,0.046952,0.0,0.0323,0.0084
1452,0.561519,0.064874,0.0,0.0323,0.0083
1453,0.598838,0.066825,0.0,0.0323,0.0175
1454,0.623965,0.061516,0.0,0.0323,0.0134
1455,0.633253,0.056311,0.0,0.0323,0.0145
1456,0.517003,0.084767,0.0,0.0323,0.0100
1457,0.765905,0.029299,0.0,0.0323,0.0153
1458,0.480000,0.092496,0.0,0.0323,0.0109
1459,0.676780,0.039760,0.0,0.0323,0.0085
1460,0.743042,0.027783,0.0,0.0323,0.0154
1461,0.553100,0.077758,0.0,0.0323,0.0125
1462,0.688407,0.031656,0.0,0.0323,0.0130
1463,0.627566,0.054184,0.0,0.0323,0.0112
1464,0.650521,0.063852,0.0,0.0323,0.0137
1465,0.531935,0.062563,0.0,0.0323,0.0096
1466,0.721122,0.020786,0.0,0.0323,0.0148
1467,0.613339,0.041667,0.0,0.0323,0.0135
1468,0.693439,0.026560,0.0,0.0323,0.0147
1469,0.628334,0.064287,0.0,0.0323,0.0103
1470,0.594239,0.087171,0.0,0.0323,0.0074
1471,0.618163,0.066823,0.0,0.0323,0.0124
1472,0.698392,0.044139,0.0,0.0323,0.0102
1473,0.671387,0.044264,0.0,0.0323,0.0125
1474,0.462461,0.095767,0.0,0.0323,0.0131
1475,0.603750,0.062518,0.0,0.0323,0.0124
1476,0.608223,0.042412,0.0,0.0323,0.0130
1477,0.594779,0.082476,0.0,0.0323,0.0159
1478,0.518770,0.092511,0.0,0.0323,0.0111
1479,0.608343,0.050191,0.0,0.0323,0.0124
1480,0.649120,0.045063,0.0,0.0323,0.0111
1481,0.671154,0.036783,0.0,0.0323,0.0140
1482,0.569770,0.056977,0.0,0.0323,0.0105
1483,0.648751,0.053433,0.0,0.0323,0.0150
1484,0.529395,0.086194,0.0,0.0323,0.0097
1485,0.666526,0.060935,0.0,0.0323,0.0179
1486,0.623022,0.050967,0.0,0.0323,0.0118
1487,0.404444,0.104738,0.0,0.0323,0.0085
1488,0.613367,0.050910,0.0,0.0323,0.0110
1489,0.539024,0.087575,0.0,0.0323,0.0139
1490,0.519187,0.058552,0.0,0.0323,0.0096
1491,0.690309,0.034186,0.0,0.0323,0.0130
1492,0.478918,0.068338,0.0,0.0323,0.0112
1493,0.575861,0.073939,0.0,0.0323,0.0166
1494,0.530364,0.052769,0.0,0.0323,0.0081
1495,0.714761,0.018344,0.0,0.0323,0.0144
1496,0.376194,0.097337,0.0,0.0323,0.0090
1497,0.531475,0.063368,0.0,0.0323,0.0122
1498,0.625801,0.048495,0.0,0.0323,0.0095
1499,0.681418,0.031063,0.0,0.0323,0.0125
1500,0.655920,0.076955,0.0,0.0323,0.0137
1501,0.745140,0.036416,0.0,0.0323,0.0108
1502,0.614841,0.058880,0.0,0.0323,0.0097
1503,0.666301,0.070409,0.0,0.0323,0.0126
1504,0.669501,0.090846,0.0,0.0323,0.0092
1505,0.656601,0.071390,0.0,0.0323,0.0146
1506,0.610052,0.100778,0.0,0.0323,0.0143
1507,0.707456,0.037017,0.0,0.0323,0.0132
1508,0.704355,0.026977,0.0,0.0323,0.0112
1509,0.591510,0.057190,0.0,0.0323,0.0074
1510,0.679966,0.030747,0.0,0.0323,0.0112
1511,0.704358,0.037734,0.0,0.0323,0.0109
1512,0.592780,0.061888,0.0,0.0323,0.0125
1513,0.668256,0.033846,0.0,0.0323,0.0098
1514,0.688970,0.040579,0.0,0.0323,0.0146
1515,0.617253,0.081366,0.0,0.0323,0.0127
1516,0.653685,0.044714,0.0,0.0323,0.0121
1517,0.534200,0.094497,0.0,0.0323,0.0140
1518,0.628642,0.076603,0.0,0.0323,0.0149
1519,0.580441,0.093403,0.0,0.0323,0.0115
1520,0.466782,0.098535,0.0,0.0323,0.0119
1521,0.579569,0.106436,0.0,0.0323,0.0103
1522,0.708736,0.049551,0.0,0.0323,0.0170
1523,0.640933,0.051830,0.0,0.0323,0.0137
1524,0.643619,0.063062,0.0,0.0323,0.0098
1525,0.606564,0.058533,0.0,0.0323,0.0107
1526,0.599032,0.063219,0.0,0.0323,0.0128
1527,0.621510,0.038205,0.0,0.0323,0.0104
1528,0.650626,0.049394,0.0,0.0323,0.0154
1529,0.635134,0.049622,0.0,0.0323,0.0141
1530,0.449178,0.092892,0.0,0.0323,0.0113
1531,0.513719,0.071605,0.0,0.0323,0.0094
1532,0.499620,0.078240,0.0,0.0323,0.0087
1533,0.603738,0.078472,0.0,0.0323,0.0122
1534,0.667099,0.062189,0.0,0.0323,0.0142
1535,0.749478,0.034089,0.0,0.0323,0.0164
1536,0.677415,0.057926,0.0,0.0323,0.0159
1537,0.532669,0.080437,0.0,0.0323,0.0147
1538,0.789930,0.034109,0.0,0.0323,0.0102
1539,0.730257,0.029183,0.0,0.0323,0.0119
1540,0.742154,0.058220,0.0,0.0323,0.0158
1541,0.576107,0.077589,0.0,0.0323,0.0122
1542,0.603575,0.066717,0.0,0.0323,0.0087
1543,0.686069,0.060649,0.0,0.0323,0.0095
1544,0.653884,0.053664,0.0,0.0323,0.0089
1545,0.679066,0.041369,0.0,0.0323,0.0100
1546,0.561461,0.103977,0.0,0.0323,0.0122
1547,0.606383,0.060680,0.0,0.0323,0.0108
1548,0.688304,0.079345,0.0,0.0323,0.0120
1549,0.591080,0.071929,0.0,0.0323,0.0118
1550,0.641185,0.074169,0.0,0.0323,0.0135
1551,0.680327,0.037968,0.0,0.0323,0.0092
1552,0.768767,0.033117,0.0,0.0323,0.0116
1553,0.757336,0.036514,0.0,0.0323,0.0131
1554,0.721459,0.047275,0.0,0.0323,0.0171
1555,0.692613,0.052315,0.0,0.0323,0.0108
1556,0.572093,0.069722,0.0,0.0323,0.0085
1557,0.628939,0.082663,0.0,0.0323,0.0143
1558,0.762135,0.036878,0.0,0.0323,0.0150
1559,0.757427,0.053404,0.0,0.0323,0.0141
1560,0.690364,0.053178,0.0,0.0323,0.0107
1561,0.732081,0.043896,0.0,0.0323,0.0124
1562,0.731972,0.061166,0.0,0.0323,0.0179
1563,0.772941,0.041907,0.0,0.0323,0.0127
1564,0.671076,0.062889,0.0,0.0323,0.0120
1565,0.750028,0.046431,0.0,0.0323,0.0165
1566,0.727993,0.047729,0.0,0.0323,0.0139
1567,0.657617,0.047353,0.0,0.0323,0.0125
1568,0.793049,0.026310,0.0,0.0323,0.0161
1569,0.743251,0.065840,0.0,0.0323,0.0173
1570,0.638565,0.072927,0.0,0.0323,0.0126
1571,0.654898,0.072066,0.0,0.0323,0.0132
1572,0.561274,0.084434,0.0,0.0323,0.0134
1573,0.616589,0.080387,0.0,0.0323,0.0112
1574,0.551537,0.070985,0.0,0.0323,0.0086
1575,0.639335,0.060670,0.0,0.0323,0.0101
1576,0.701808,0.041138,0.0,0.0323,0.0112
1577,0.709400,0.042550,0.0,0.0323,0.0141
1578,0.582794,0.069754,0.0,0.0323,0.0140
1579,0.690192,0.046911,0.0,0.0323,0.0116
1580,0.723251,0.051405,0.0,0.0323,0.0161
1581,0.681166,0.050985,0.0,0.0323,0.0125
1582,0.694142,0.054946,0.0,0.0323,0.0064
1583,0.811357,0.037071,0.0,0.0323,0.0093
1584,0.742604,0.043396,0.0,0.0323,0.0129
1585,0.753811,0.071102,0.0,0.0323,0.0150
1586,0.775711,0.053493,0.0,0.0323,0.0142
1587,0.747140,0.073097,0.0,0.0323,0.0098
1588,0.611621,0.083645,0.0,0.0323,0.0104
1589,0.669827,0.051620,0.0,0.0323,0.0115
1590,0.703114,0.056001,0.0,0.0323,0.0128
1591,0.739117,0.047802,0.0,0.0323,0.0099
1592,0.616417,0.067702,0.0,0.0323,0.0124
1593,0.773665,0.038766,0.0,0.0323,0.0173
1594,0.768068,0.038181,0.0,0.0323,0.0106
1595,0.862455,0.021632,0.0,0.0323,0.0181
1596,0.657410,0.074114,0.0,0.0323,0.0115
1597,0.729307,0.033941,0.0,0.0323,0.0060
1598,0.699896,0.070929,0.0,0.0323,0.0112
1599,0.685299,0.064376,0.0,0.0323,0.0099
1600,0.792911,0.040769,0.0,0.0323,0.0140
1601,0.802417,0.048746,0.0,0.0323,0.0139
1602,0.697726,0.081544,0.0,0.0323,0.0124
1603,0.884145,0.023836,0.0,0.0323,0.0159
1604,0.914257,0.029734,0.0,0.0323,0.0174
1605,0.718975,0.054246,0.0,0.0323,0.0056
1606,0.662737,0.079773,0.0,0.0323,0.0134
1607,0.844162,0.027019,0.0,0.0323,0.0152
1608,0.649715,0.061793,0.0,0.0323,0.0136
1609,0.617501,0.068297,0.0,0.0323,0.0096
1610,0.688894,0.067541,0.0,0.0323,0.0114
1611,0.680572,0.040293,0.0,0.0323,0.0127
1612,0.732104,0.063442,0.0,0.0323,0.0147
1613,0.802352,0.041817,0.0,0.0323,0.0118
1614,0.744223,0.040287,0.0,0.0323,0.0130
1615,0.729484,0.052112,0.0,0.0323,0.0107
1616,0.871522,0.034773,0.0,0.0323,0.0135
1617,0.826998,0.036718,0.0,0.0323,0.0128
1618,0.895491,0.031495,0.0,0.0323,0.0161
1619,0.539598,0.127617,0.0,0.0323,0.0155
1620,0.915007,0.045556,0.0,0.0323,0.0157
1621,0.849579,0.035096,0.0,0.0323,0.0150
1622,0.788895,0.051543,0.0,0.0323,0.0095
1623,0.810112,0.042548,0.0,0.0323,0.0134
1624,0.758927,0.060111,0.0,0.0323,0.0147
1625,0.793386,0.062619,0.0,0.0323,0.0129
1626,0.763431,0.063023,0.0,0.0323,0.0170
1627,0.823527,0.031909,0.0,0.0323,0.0122
1628,0.687133,0.069716,0.0,0.0323,0.0104
1629,0.602729,0.072420,0.0,0.0323,0.0150
1630,0.748172,0.029772,0.0,0.0323,0.0111
1631,0.759640,0.038302,0.0,0.0323,0.0159
1632,0.721210,0.059903,0.0,0.0323,0.0144
1633,0.750414,0.093919,0.0,0.0323,0.0159
1634,0.715313,0.048073,0.0,0.0323,0.0081
1635,0.833591,0.052820,0.0,0.0323,0.0145
1636,0.713120,0.056616,0.0,0.0323,0.0104
1637,0.828465,0.036620,0.0,0.0323,0.0147
1638,0.701123,0.071171,0.0,0.0323,0.0110
1639,0.868250,0.038827,0.0,0.0323,0.0121
1640,0.946140,0.022572,0.0,0.0323,0.0129
1641,0.655750,0.074190,0.0,0.0323,0.0148
1642,0.835132,0.066930,0.0,0.0323,0.0093
1643,0.809291,0.037370,0.0,0.0323,0.0117
1644,0.567986,0.090827,0.0,0.0323,0.0143
1645,0.656197,0.073824,0.0,0.0323,0.0141
1646,0.818219,0.019720,0.0,0.0323,0.0084
1647,0.617540,0.123292,0.0,0.0323,0.0138
1648,0.612297,0.084318,0.0,0.0323,0.0083
1649,0.651770,0.108588,0.0,0.0323,0.0157
1650,0.651922,0.075714,0.0,0.0323,0.0150
1651,0.765369,0.034834,0.0,0.0323,0.0136
1652,0.549377,0.092825,0.0,0.0323,0.0088
1653,0.935141,0.022440,0.0,0.0323,0.0174
1654,0.787002,0.049211,0.0,0.0323,0.0138
1655,0.848455,0.051328,0.0,0.0323,0.0119
1656,0.732559,0.068360,0.0,0.0323,0.0175
1657,0.835251,0.034062,0.0,0.0323,0.0080
1658,0.851171,0.039546,0.0,0.0323,0.0124
1659,0.840857,0.047528,0.0,0.0323,0.0156
1660,0.753141,0.057882,0.0,0.0323,0.0134
1661,0.759836,0.044497,0.0,0.0323,0.0135
1662,0.683959,0.077551,0.0,0.0323,0.0113
1663,0.799418,0.075226,0.0,0.0323,0.0109
1664,0.858154,0.036281,0.0,0.0323,0.0123
1665,0.776718,0.099186,0.0,0.0323,0.0113
1666,0.907057,0.032647,0.0,0.0323,0.0167
1667,0.948568,0.024164,0.0,0.0323,0.0116
1668,0.782312,0.070773,0.0,0.0323,0.0133
1669,0.810320,0.047309,0.0,0.0323,0.0133
1670,0.928994,0.023029,0.0,0.0323,0.0123
1671,0.756189,0.093584,0.0,0.0323,0.0179
1672,0.781088,0.055227,0.0,0.0323,0.0164
1673,0.805075,0.043338,0.0,0.0323,0.0144
1674,0.615642,0.114122,0.0,0.0323,0.0161
1675,0.836276,0.036324,0.0,0.0323,0.0132
1676,0.847518,0.025767,0.0,0.0323,0.0122
1677,0.789019,0.063216,0.0,0.0323,0.0158
1678,0.830755,0.041201,0.0,0.0323,0.0131
1679,0.694519,0.104553,0.0,0.0323,0.0162
1680,0.791294,0.049819,0.0,0.0323,0.0144
1681,0.809282,0.071731,0.0,0.0323,0.0085
1682,0.900176,0.068107,0.0,0.0323,0.0133
1683,0.816243,0.058591,0.0,0.0323,0.0155
1684,0.929115,0.047043,0.0,0.0323,0.0173
1685,0.970973,0.042237,0.0,0.0323,0.0153
1686,0.826783,0.060858,0.0,0.0323,0.0141
1687,0.893504,0.028346,0.0,0.0323,0.0141
1688,0.750378,0.068360,0.0,0.0323,0.0131
1689,0.878946,0.018967,0.0,0.0323,0.0143
1690,0.767127,0.028067,0.0,0.0323,0.0115
1691,0.628553,0.102975,0.0,0.0323,0.0157
1692,0.795584,0.053328,0.0,0.0323,0.0175
1693,0.797219,0.036684,0.0,0.0323,0.0139
1694,0.900125,0.018712,0.0,0.0323,0.0157
1695,0.626904,0.090778,0.0,0.0323,0.0135
1696,0.861671,0.046515,0.0,0.0323,0.0159
1697,0.917905,0.030475,0.0,0.0323,0.0174
1698,0.810241,0.061929,0.0,0.0323,0.0156
1699,0.869376,0.032595,0.0,0.0323,0.0089
1700,0.790058,0.069735,0.0,0.0323,0.0143
1701,0.785269,0.076699,0.0,0.0323,0.0147
1702,0.793671,0.065952,0.0,0.0323,0.0184
1703,0.876373,0.046287,0.0,0.0323,0.0130
1704,0.773459,0.081717,0.0,0.0323,0.0115
1705,0.777381,0.067259,0.0,0.0323,0.0156
1706,0.718315,0.061283,0.0,0.0323,0.0122
1707,0.798970,0.052352,0.0,0.0323,0.0145
1708,0.798564,0.046945,0.0,0.0323,0.0201
1709,0.946739,0.029688,0.0,0.0323,0.0199
1710,0.821443,0.036589,0.0,0.0323,0.0126
1711,1.008028,0.015925,0.0,0.0323,0.0158
1712,0.778933,0.074144,0.0,0.0323,0.0148
1713,0.998944,0.035638,0.0,0.0323,0.0164
1714,0.968149,0.041000,0.0,0.0323,0.0213
1715,0.875268,0.060706,0.0,0.0323,0.0102
1716,0.977396,0.015055,0.0,0.0323,0.0160
1717,0.996015,0.023401,0.0,0.0323,0.0181
1718,0.840252,0.061174,0.0,0.0323,0.0190
1719,0.907594,0.063120,0.0,0.0323,0.0202
1720,0.771354,0.052325,0.0,0.0323,0.0129
1721,0.848129,0.036069,0.0,0.0323,0.0136
1722,1.001168,0.031875,0.0,0.0323,0.0246
1723,0.735632,0.104920,0.0,0.0323,0.0179
1724,0.663025,0.065287,0.0,0.0323,0.0073
1725,0.683859,0.100246,0.0,0.0323,0.0154
1726,0.801683,0.037187,0.0,0.0323,0.0161
1727,0.812213,0.042237,0.0,0.0323,0.0102
1728,0.756331,0.072531,0.0,0.0323,0.0184
1729,0.833631,0.056270,0.0,0.0323,0.0141
1730,0.910164,0.032476,0.0,0.0323,0.0147
1731,0.884513,0.038719,0.0,0.0323,0.0202
1732,0.715213,0.079772,0.0,0.0323,0.0133
1733,0.906517,0.061099,0.0,0.0323,0.0244
1734,0.880309,0.077870,0.0,0.0323,0.0193
1735,0.914591,0.053178,0.0,0.0323,0.0167
1736,0.878269,0.049705,0.0,0.0323,0.0176
1737,0.906589,0.053102,0.0,0.0323,0.0146
1738,0.883992,0.083582,0.0,0.0323,0.0168
1739,0.685928,0.107243,0.0,0.0323,0.0151
1740,0.922701,0.051660,0.0,0.0323,0.0121
1741,0.957160,0.048496,0.0,0.0323,0.0165
1742,0.932314,0.038095,0.0,0.0323,0.0170
1743,0.986294,0.045376,0.0,0.0323,0.0173
1744,1.031960,0.046490,0.0,0.0323,0.0208
1745,1.033393,0.019249,0.0,0.0323,0.0184
1746,0.873452,0.066864,0.0,0.0323,0.0110
1747,0.787536,0.061130,0.0,0.0323,0.0143
1748,0.845259,0.049498,0.0,0.0323,0.0222
1749,0.730297,0.086933,0.0,0.0323,0.0145
1750,0.892469,0.035863,0.0,0.0323,0.0209
1751,0.906868,0.040032,0.0,0.0323,0.0142
1752,0.910342,0.053627,0.0,0.0323,0.0180
1753,0.959459,0.031376,0.0,0.0323,0.0190
1754,0.970832,0.057167,0.0,0.0323,0.0191
1755,1.004998,0.050550,0.0,0.0323,0.0264
1756,0.958683,0.077645,0.0,0.0323,0.0174
1757,1.119198,0.020319,0.0,0.0323,0.0144
1758,0.817589,0.079397,0.0,0.0323,0.0177
1759,0.858826,0.089042,0.0,0.0323,0.0181
1760,0.982438,0.048866,0.0,0.0323,0.0146
1761,1.143695,0.019309,0.0,0.0323,0.0197
1762,0.690634,0.103704,0.0,0.0323,0.0099
1763,0.893117,0.077799,0.0,0.0323,0.0172
1764,0.876744,0.060834,0.0,0.0323,0.0129
1765,0.835740,0.058442,0.0,0.0323,0.0188
1766,1.035419,0.014967,0.0,0.0323,0.0161
1767,1.002859,0.022935,0.0,0.0323,0.0267
1768,0.818822,0.054035,0.0,0.0323,0.0181
1769,0.791566,0.059978,0.0,0.0323,0.0096
1770,0.877287,0.038510,0.0,0.0323,0.0188
1771,0.807271,0.056450,0.0,0.0323,0.0202
1772,1.014208,0.028740,0.0,0.0323,0.0172
1773,0.976511,0.039522,0.0,0.0323,0.0144
1774,1.036570,0.047238,0.0,0.0323,0.0194
1775,1.028587,0.026570,0.0,0.0323,0.0155
1776,1.079320,0.038393,0.0,0.0323,0.0197
1777,0.698539,0.105920,0.0,0.0323,0.0179
1778,0.861217,0.081194,0.0,0.0323,0.0171
1779,0.880394,0.059377,0.0,0.0323,0.0153
1780,0.995209,0.044151,0.0,0.0323,0.0163
1781,0.938469,0.048589,0.0,0.0323,0.0159
1782,0.997217,0.057418,0.0,0.0323,0.0165
1783,0.867363,0.076343,0.0,0.0323,0.0165
1784,1.010947,0.022622,0.0,0.0323,0.0177
1785,0.950501,0.038061,0.0,0.0323,0.0222
1786,0.720711,0.070382,0.0,0.0323,0.0184
1787,0.751263,0.084120,0.0,0.0323,0.0191
1788,1.019145,0.028118,0.0,0.0323,0.0201
1789,0.786215,0.050891,0.0,0.0323,0.0082
1790,0.996000,0.033436,0.0,0.0323,0.0200
1791,0.991102,0.039339,0.0,0.0323,0.0166
1792,1.029067,0.028261,0.0,0.0323,0.0182
1793,1.117051,0.019819,0.0,0.0323,0.0220
1794,0.724776,0.093298,0.0,0.0323,0.0171
1795,1.037007,0.020968,0.0,0.0323,0.0194
1796,1.060264,0.028648,0.0,0.0323,0.0295
1797,0.901399,0.060001,0.0,0.0323,0.0212
1798,0.885199,0.048351,0.0,0.0323,0.0201
1799,0.989253,0.016620,0.0,0.0323,0.0224
1800,0.952441,0.068585,0.0,0.0323,0.0227
1801,0.863168,0.056842,0.0,0.0323,0.0152
1802,0.970735,0.029246,0.0,0.0323,0.0265
1803,0.928737,0.059839,0.0,0.0323,0.0255
1804,0.898290,0.053714,0.0,0.0323,0.0230
1805,0.915723,0.054149,0.0,0.0323,0.0253
1806,0.807032,0.074714,0.0,0.0323,0.0202
1807,1.145539,0.016371,0.0,0.0323,0.0295
1808,0.943561,0.046281,0.0,0.0323,0.0218
1809,1.000748,0.033752,0.0,0.0323,0.0183
1810,0.953667,0.046052,0.0,0.0323,0.0240
1811,1.060668,0.023888,0.0,0.0323,0.0182
1812,0.895315,0.057859,0.0,0.0323,0.0229
1813,0.852173,0.056958,0.0,0.0323,0.0178
1814,0.755284,0.080970,0.0,0.0323,0.0206
1815,0.832493,0.050906,0.0,0.0323,0.0209
1816,1.017011,0.028838,0.0,0.0323,0.0284
1817,0.875476,0.049866,0.0,0.0323,0.0220
1818,0.916524,0.064385,0.0,0.0323,0.0184
1819,1.051362,0.038932,0.0,0.0323,0.0219
1820,1.136403,0.018191,0.0,0.0323,0.0195
1821,1.064996,0.061943,0.0,0.0323,0.0224
1822,0.950024,0.075059,0.0,0.0323,0.0199
1823,1.120992,0.035054,0.0,0.0323,0.0233
1824,1.064637,0.027109,0.0,0.0323,0.0251
1825,0.750436,0.077230,0.0,0.0323,0.0153
1826,0.922176,0.058603,0.0,0.0323,0.0291
1827,1.052954,0.028817,0.0,0.0323,0.0235
1828,0.863524,0.061487,0.0,0.0323,0.0205
1829,0.900695,0.039960,0.0,0.0323,0.0206
1830,0.930205,0.036357,0.0,0.0323,0.0194
1831,1.013067,0.044692,0.0,0.0323,0.0289
1832,0.879525,0.065539,0.0,0.0323,0.0245
1833,0.994070,0.025048,0.0,0.0323,0.0221
1834,1.066598,0.035262,0.0,0.0323,0.0258
1835,1.045158,0.028414,0.0,0.0323,0.0231
1836,0.979546,0.052419,0.0,0.0323,0.0133
1837,0.934700,0.050922,0.0,0.0323,0.0332
1838,1.058689,0.045070,0.0,0.0323,0.0216
1839,1.066243,0.032118,0.0,0.0323,0.0272
1840,0.881595,0.075670,0.0,0.0323,0.0150
1841,0.915518,0.072575,0.0,0.0323,0.0253
1842,1.047283,0.035480,0.0,0.0323,0.0335
1843,1.038710,0.022167,0.0,0.0323,0.0201
1844,0.907786,0.093797,0.0,0.0323,0.0182
1845,1.121818,0.032697,0.0,0.0323,0.0235
1846,1.044671,0.046335,0.0,0.0323,0.0283
1847,0.935015,0.055165,0.0,0.0323,0.0194
1848,1.004986,0.041904,0.0,0.0323,0.0274
1849,1.007273,0.071194,0.0,0.0323,0.0200
1850,1.022680,0.038926,0.0,0.0323,0.0216
1851,0.967123,0.082968,0.0,0.0323,0.0194
1852,1.046168,0.032382,0.0,0.0323,0.0238
1853,0.790291,0.074865,0.0,0.0323,0.0246
1854,0.867696,0.059349,0.0,0.0323,0.0163
1855,0.956850,0.047158,0.0,0.0323,0.0305
1856,1.115193,0.024485,0.0,0.0323,0.0198
1857,1.090213,0.043366,0.0,0.0323,0.0236
1858,1.001973,0.046201,0.0,0.0323,0.0230
1859,0.733620,0.082906,0.0,0.0323,0.0274
1860,1.019240,0.048000,0.0,0.0323,0.0236
1861,1.097962,0.035840,0.0,0.0323,0.0269
1862,0.945020,0.065736,0.0,0.0323,0.0290
1863,0.670350,0.094054,0.0,0.0323,0.0254
1864,0.901534,0.054233,0.0,0.0323,0.0214
1865,0.916452,0.053913,0.0,0.0323,0.0190
1866,0.989261,0.074204,0.0,0.0323,0.0318
1867,0.908649,0.046803,0.0,0.0323,0.0286
1868,0.987288,0.058525,0.0,0.0323,0.0176
1869,1.118412,0.029193,0.0,0.0323,0.0177
1870,0.975778,0.045120,0.0,0.0323,0.0231
1871,0.882412,0.072194,0.0,0.0323,0.0268
1872,1.010209,0.051574,0.0,0.0323,0.0235
1873,1.138795,0.019486,0.0,0.0323,0.0313
1874,1.013975,0.035449,0.0,0.0323,0.0245
1875,1.037071,0.056905,0.0,0.0323,0.0262
1876,1.042069,0.067910,0.0,0.0323,0.0274
1877,1.038998,0.036691,0.0,0.0323,0.0272
1878,1.121306,0.018765,0.0,0.0323,0.0251
1879,0.933345,0.092894,0.0,0.0323,0.0258
1880,1.152876,0.013674,0.0,0.0323,0.0283
1881,1.245888,0.021317,0.0,0.0323,0.0332
1882,1.188485,0.026119,0.0,0.0323,0.0323
1883,1.040375,0.057087,0.0,0.0323,0.0205
1884,0.999824,0.085380,0.0,0.0323,0.0273
1885,1.127720,0.016426,0.0,0.0323,0.0273
1886,0.837863,0.059724,0.0,0.0323,0.0248
1887,0.986420,0.070892,0.0,0.0323,0.0345
1888,1.097836,0.026159,0.0,0.0323,0.0270
1889,0.926482,0.048682,0.0,0.0323,0.0194
1890,0.987275,0.037207,0.0,0.0323,0.0279
1891,0.951317,0.085862,0.0,0.0323,0.0355
1892,1.048921,0.031431,0.0,0.0323,0.0198
1893,0.871959,0.086383,0.0,0.0323,0.0284
1894,0.934155,0.089851,0.0,0.0323,0.0310
1895,1.285644,0.018454,0.0,0.0323,0.0395
1896,0.931252,0.075958,0.0,0.0323,0.0270
1897,0.914578,0.098404,0.0,0.0323,0.0213
1898,1.140457,0.043933,0.0,0.0323,0.0256
1899,1.119621,0.063519,0.0,0.0323,0.0257
1900,1.131013,0.047395,0.0,0.0323,0.0283
1901,1.144878,0.053478,0.0,0.0323,0.0306
1902,1.038514,0.070038,0.0,0.0323,0.0383
1903,0.921383,0.066234,0.0,0.0323,0.0201
1904,1.051718,0.043299,0.0,0.0323,0.0268
1905,1.127963,0.034672,0.0,0.0323,0.0293
1906,0.870643,0.055565,0.0,0.0323,0.0223
1907,0.762778,0.080779,0.0,0.0323,0.0242
1908,1.081621,0.060815,0.0,0.0323,0.0318
1909,0.880992,0.055927,0.0,0.0323,0.0256
1910,1.177652,0.045306,0.0,0.0323,0.0317
1911,0.871902,0.075518,0.0,0.0323,0.0322
1912,0.969407,0.080951,0.0,0.0323,0.0279
1913,1.056663,0.044863,0.0,0.0323,0.0225
1914,0.962844,0.103699,0.0,0.0323,0.0146
1915,1.094155,0.047738,0.0,0.0323,0.0290
1916,0.976732,0.075046,0.0,0.0323,0.0197
1917,1.020425,0.076283,0.0,0.0323,0.0283
1918,1.120311,0.037007,0.0,0.0323,0.0311
1919,0.843376,0.092284,0.0,0.0323,0.0199
1920,1.047697,0.036181,0.0,0.0323,0.0314
1921,1.044024,0.035343,0.0,0.0323,0.0360
1922,1.050449,0.034725,0.0,0.0323,0.0297
1923,0.990360,0.033555,0.0,0.0323,0.0280
1924,0.918291,0.055125,0.0,0.0323,0.0245
1925,1.046461,0.047113,0.0,0.0323,0.0277
1926,1.003289,0.054584,0.0,0.0323,0.0268
1927,0.966098,0.084289,0.0,0.0323,0.0266
1928,1.167378,0.028452,0.0,0.0323,0.0242
1929,1.076598,0.054044,0.0,0.0323,0.0253
1930,1.227770,0.044852,0.0,0.0323,0.0345
1931,1.146585,0.042333,0.0,0.0323,0.0262
1932,1.041635,0.046334,0.0,0.0323,0.0289
1933,1.045580,0.044076,0.0,0.0323,0.0295
1934,1.043373,0.059831,0.0,0.0323,0.0271
1935,1.144000,0.031796,0.0,0.0323,0.0271
1936,1.133555,0.032393,0.0,0.0323,0.0324
1937,1.095534,0.036317,0.0,0.0323,0.0232
1938,1.065842,0.051591,0.0,0.0323,0.0277
1939,1.141172,0.033292,0.0,0.0323,0.0259
1940,0.991663,0.069377,0.0,0.0323,0.0195
1941,1.034664,0.051649,0.0,0.0323,0.0160
1942,1.145139,0.020083,0.0,0.0323,0.0291
1943,1.119870,0.035458,0.0,0.0323,0.0241
1944,1.038795,0.059828,0.0,0.0323,0.0304
1945,1.211231,0.031573,0.0,0.0323,0.0304
1946,1.178500,0.027879,0.0,0.0323,0.0408
1947,1.139206,0.059372,0.0,0.0323,0.0238
1948,0.936199,0.093572,0.0,0.0323,0.0253
1949,1.043237,0.052453,0.0,0.0323,0.0238
1950,1.098887,0.038084,0.0,0.0323,0.0361
1951,1.100332,0.033507,0.0,0.0323,0.0325
1952,1.205868,0.033210,0.0,0.0323,0.0323
1953,1.029885,0.057898,0.0,0.0323,0.0344
1954,1.002870,0.064823,0.0,0.0323,0.0301
1955,1.068857,0.073572,0.0,0.0323,0.0258
1956,1.125201,0.048921,0.0,0.0323,0.0307
1957,1.059227,0.070243,0.0,0.0323,0.0343
1958,1.238293,0.027237,0.0,0.0323,0.0292
1959,1.188249,0.064756,0.0,0.0323,0.0239
1960,1.205023,0.030538,0.0,0.0323,0.0334
1961,1.225927,0.025918,0.0,0.0323,0.0458
1962,0.952130,0.079712,0.0,0.0323,0.0299
1963,1.125785,0.039324,0.0,0.0323,0.0367
1964,1.289229,0.014898,0.0,0.0323,0.0361
1965,1.171455,0.023269,0.0,0.0323,0.0323
1966,1.258569,0.020428,0.0,0.0323,0.0368
1967,1.151878,0.059116,0.0,0.0323,0.0347
1968,1.116833,0.062112,0.0,0.0323,0.0301
1969,1.067881,0.071216,0.0,0.0323,0.0336
1970,1.131522,0.037917,0.0,0.0323,0.0357
1971,1.180886,0.041677,0.0,0.0323,0.0369
1972,1.271800,0.024600,0.0,0.0323,0.0381
1973,1.011953,0.074649,0.0,0.0323,0.0281
1974,1.052821,0.059775,0.0,0.0323,0.0324
1975,1.072386,0.065003,0.0,0.0323,0.0354
1976,1.054839,0.061968,0.0,0.0323,0.0328
1977,1.299756,0.054468,0.0,0.0323,0.0301
1978,1.153253,0.035616,0.0,0.0323,0.0290
1979,1.110195,0.066268,0.0,0.0323,0.0170
1980,1.138526,0.046071,0.0,0.0323,0.0296
1981,1.435610,0.009716,0.0,0.0323,0.0337
1982,1.121037,0.055284,0.0,0.0323,0.0291
1983,1.266486,0.028852,0.0,0.0323,0.0395
1984,1.197708,0.022302,0.0,0.0323,0.0383
1985,1.086829,0.038751,0.0,0.0323,0.0386
1986,1.065256,0.044515,0.0,0.0323,0.0334
1987,1.170603,0.028545,0.0,0.0323,0.0296
1988,0.954607,0.067577,0.0,0.0323,0.0310
1989,1.201033,0.040909,0.0,0.0323,0.0409
1990,1.051373,0.070716,0.0,0.0323,0.0265
1991,1.040504,0.057619,0.0,0.0323,0.0389
1992,1.061235,0.075542,0.0,0.0323,0.0324
1993,1.070059,0.069247,0.0,0.0323,0.0441
1994,1.208740,0.051862,0.0,0.0323,0.0287
1995,1.366067,0.039788,0.0,0.0323,0.0367
1996,1.099695,0.058577,0.0,0.0323,0.0406
1997,1.160574,0.047205,0.0,0.0323,0.0348
1998,1.117163,0.047152,0.0,0.0323,0.0336
1999,1.144570,0.031646,0.0,0.0323,0.0172
2000,1.169585,0.041903,0.0,0.0323,0.0402
2001,1.296843,0.028190,0.0,0.0323,0.0332
2002,1.364595,0.007204,0.0,0.0323,0.0372
2003,1.078512,0.039582,0.0,0.0323,0.0267
2004,1.177221,0.049031,0.0,0.0323,0.0386
2005,1.114980,0.041704,0.0,0.0323,0.0373
2006,1.198566,0.034665,0.0,0.0323,0.0353
2007,1.158366,0.077336,0.0,0.0323,0.0334
2008,1.251962,0.027388,0.0,0.0323,0.0511
2009,0.899448,0.094104,0.0,0.0323,0.0274
2010,1.087959,0.050293,0.0,0.0323,0.0403
2011,1.051495,0.058949,0.0,0.0323,0.0363
2012,1.272471,0.015233,0.0,0.0323,0.0363
2013,1.112115,0.060846,0.0,0.0323,0.0302
2014,1.161006,0.034518,0.0,0.0323,0.0314
2015,1.117157,0.048259,0.0,0.0323,0.0361
2016,1.307392,0.023136,0.0,0.0323,0.0362
2017,1.274589,0.025533,0.0,0.0323,0.0337
2018,1.272689,0.026346,0.0,0.0323,0.0318
2019,1.332660,0.043436,0.0,0.0323,0.0356
2020,1.107547,0.056533,0.0,0.0323,0.0253
2021,1.190414,0.103319,0.0,0.0323,0.0358
2022,1.216291,0.030412,0.0,0.0323,0.0268
2023,1.097438,0.045899,0.0,0.0323,0.0396
2024,1.322855,0.037377,0.0,0.0323,0.0350
2025,1.395494,0.013169,0.0,0.0323,0.0485
2026,1.210999,0.022022,0.0,0.0323,0.0308
2027,1.137747,0.044614,0.0,0.0323,0.0349
2028,1.176298,0.048368,0.0,0.0323,0.0404
2029,1.159649,0.041820,0.0,0.0323,0.0399
2030,1.124792,0.045566,0.0,0.0323,0.0461
2031,1.236626,0.030210,0.0,0.0323,0.0453
2032,1.331150,0.021190,0.0,0.0323,0.0322
2033,1.182210,0.054017,0.0,0.0323,0.0361
2034,1.358709,0.030850,0.0,0.0323,0.0381
2035,1.180243,0.091802,0.0,0.0323,0.0334
2036,1.352185,0.023219,0.0,0.0323,0.0461
2037,1.260764,0.035848,0.0,0.0323,0.0313
2038,1.221194,0.034482,0.0,0.0323,0.0369
2039,0.964622,0.077784,0.0,0.0323,0.0360
2040,1.214578,0.032074,0.0,0.0323,0.0436
2041,1.207403,0.021360,0.0,0.0323,0.0177
2042,1.216040,0.030426,0.0,0.0323,0.0426
2043,1.000060,0.057070,0.0,0.0323,0.0315
2044,0.926779,0.078199,0.0,0.0323,0.0330
2045,1.003535,0.073860,0.0,0.0323,0.0360
2046,1.274757,0.051945,0.0,0.0323,0.0370
2047,0.986454,0.086519,0.0,0.0323,0.0251
2048,1.468784,0.022159,0.0,0.0323,0.0448
2049,1.118446,0.053742,0.0,0.0323,0.0335
2050,1.402187,0.011463,0.0,0.0323,0.0376
2051,1.236666,0.025815,0.0,0.0323,0.0417
2052,1.180590,0.054845,0.0,0.0323,0.0323
2053,1.325540,0.025879,0.0,0.0323,0.0271
2054,1.225575,0.040344,0.0,0.0323,0.0288
2055,1.190596,0.033875,0.0,0.0323,0.0339
2056,1.318130,0.045295,0.0,0.0323,0.0486
2057,1.254647,0.047688,0.0,0.0323,0.0421
2058,1.080492,0.065627,0.0,0.0323,0.0372
2059,1.360315,0.016041,0.0,0.0323,0.0411
2060,1.099132,0.060805,0.0,0.0323,0.0353
2061,1.132782,0.059878,0.0,0.0323,0.0241
2062,1.291837,0.038144,0.0,0.0323,0.0394
2063,1.283508,0.020965,0.0,0.0323,0.0404
2064,1.160252,0.046150,0.0,0.0323,0.0313
2065,1.277328,0.033167,0.0,0.0323,0.0313
2066,1.332756,0.031583,0.0,0.0323,0.0403
2067,1.133370,0.039148,0.0,0.0323,0.0346
2068,1.304218,0.019422,0.0,0.0323,0.0242
2069,1.097010,0.080824,0.0,0.0323,0.0335
2070,0.992676,0.061974,0.0,0.0323,0.0410
2071,1.140464,0.051027,0.0,0.0323,0.0437
2072,1.201391,0.043803,0.0,0.0323,0.0423
2073,1.373049,0.024561,0.0,0.0323,0.0478
2074,1.386224,0.016479,0.0,0.0323,0.0433
2075,1.202033,0.043430,0.0,0.0323,0.0433
2076,1.230362,0.023787,0.0,0.0323,0.0338
2077,1.254391,0.020463,0.0,0.0323,0.0419
2078,1.465196,0.007597,0.0,0.0323,0.0407
2079,1.058486,0.047359,0.0,0.0323,0.0337
2080,0.972366,0.061524,0.0,0.0323,0.0402
2081,1.066095,0.072480,0.0,0.0323,0.0348
2082,1.318809,0.036049,0.0,0.0323,0.0330
2083,1.191763,0.067015,0.0,0.0323,0.0476
2084,1.281822,0.036405,0.0,0.0323,0.0364
2085,1.444448,0.019204,0.0,0.0323,0.0481
2086,1.248668,0.052889,0.0,0.0323,0.0244
2087,1.319161,0.054413,0.0,0.0323,0.0362
2088,1.079650,0.055626,0.0,0.0323,0.0254
2089,1.163100,0.043806,0.0,0.0323,0.0418
2090,1.213268,0.042299,0.0,0.0323,0.0364
2091,1.211849,0.048116,0.0,0.0323,0.0417
2092,1.159821,0.081204,0.0,0.0323,0.0402
2093,1.239112,0.052603,0.0,0.0323,0.0440
2094,1.116975,0.051459,0.0,0.0323,0.0340
2095,1.310989,0.035192,0.0,0.0323,0.0374
2096,1.350031,0.030714,0.0,0.0323,0.0454
2097,1.163794,0.064497,0.0,0.0323,0.0297
2098,1.417818,0.074398,0.0,0.0323,0.0387
2099,1.089103,0.073376,0.0,0.0323,0.0319
2100,1.267241,0.037769,0.0,0.0323,0.0393
2101,1.166321,0.068572,0.0,0.0323,0.0353
2102,1.158781,0.064385,0.0,0.0323,0.0400
2103,1.009725,0.093386,0.0,0.0323,0.0384
2104,1.105865,0.076592,0.0,0.0323,0.0367
2105,1.299590,0.038302,0.0,0.0323,0.0459
2106,1.191367,0.053363,0.0,0.0323,0.0493
2107,1.245219,0.054262,0.0,0.0323,0.0376
2108,1.334871,0.043736,0.0,0.0323,0.0295
2109,1.034378,0.062574,0.0,0.0323,0.0460
2110,1.394936,0.005640,0.0,0.0323,0.0320
2111,1.408163,0.019826,0.0,0.0323,0.0478
2112,1.207371,0.049986,0.0,0.0323,0.0469
2113,1.343575,0.024150,0.0,0.0323,0.0476
2114,1.302303,0.041385,0.0,0.0323,0.0325
2115,1.228398,0.073667,0.0,0.0323,0.0437
2116,1.351308,0.051756,0.0,0.0323,0.0478
2117,1.135482,0.064937,0.0,0.0323,0.0286
2118,1.173132,0.070428,0.0,0.0323,0.0358
2119,1.510964,0.029879,0.0,0.0323,0.0353
2120,1.359106,0.057418,0.0,0.0323,0.0360
2121,1.339584,0.030974,0.0,0.0323,0.0441
2122,1.414434,0.015740,0.0,0.0323,0.0301
2123,1.446535,0.017219,0.0,0.0323,0.0330
2124,1.322720,0.028653,0.0,0.0323,0.0397
2125,1.229908,0.041667,0.0,0.0323,0.0484
2126,1.139550,0.034577,0.0,0.0323,0.0382
2127,1.587317,0.009393,0.0,0.0323,0.0579
2128,1.186738,0.075045,0.0,0.0323,0.0291
2129,1.208623,0.083159,0.0,0.0323,0.0414
2130,1.328312,0.056011,0.0,0.0323,0.0367
2131,1.283500,0.070806,0.0,0.0323,0.0398
2132,1.325654,0.072454,0.0,0.0323,0.0465
2133,1.395400,0.026317,0.0,0.0323,0.0319
2134,1.400476,0.041387,0.0,0.0323,0.0407
2135,1.274746,0.034270,0.0,0.0323,0.0371
2136,1.232226,0.054799,0.0,0.0323,0.0331
2137,1.307672,0.031626,0.0,0.0323,0.0457
2138,1.224630,0.031289,0.0,0.0323,0.0360
2139,1.154044,0.060556,0.0,0.0323,0.0391
2140,1.201705,0.065283,0.0,0.0323,0.0417
2141,1.384217,0.043123,0.0,0.0323,0.0388
2142,1.332969,0.031001,0.0,0.0323,0.0469
2143,1.371942,0.045386,0.0,0.0323,0.0388
2144,1.128804,0.067326,0.0,0.0323,0.0439
2145,1.106683,0.087489,0.0,0.0323,0.0325
2146,1.353061,0.044067,0.0,0.0323,0.0411
2147,1.048628,0.105612,0.0,0.0323,0.0307
2148,1.409301,0.033808,0.0,0.0323,0.0540
2149,1.247405,0.041600,0.0,0.0323,0.0386
2150,1.375367,0.038192,0.0,0.0323,0.0457
2151,1.606398,0.015635,0.0,0.0323,0.0425
2152,1.624652,0.019657,0.0,0.0323,0.0467
2153,1.371531,0.035429,0.0,0.0323,0.0513
2154,1.303148,0.051871,0.0,0.0323,0.0403
2155,1.124191,0.073792,0.0,0.0323,0.0411
2156,1.356043,0.039109,0.0,0.0323,0.0442
2157,1.352434,0.016736,0.0,0.0323,0.0331
2158,1.101526,0.054557,0.0,0.0323,0.0450
2159,1.204756,0.049434,0.0,0.0323,0.0391
2160,1.322972,0.021749,0.0,0.0323,0.0350
2161,1.093579,0.116190,0.0,0.0323,0.0455
2162,1.520585,0.006657,0.0,0.0323,0.0362
2163,1.436466,0.026611,0.0,0.0323,0.0418
2164,1.353519,0.063782,0.0,0.0323,0.0486
2165,1.350269,0.030264,0.0,0.0323,0.0493
2166,1.400746,0.031882,0.0,0.0323,0.0463
2167,1.301935,0.038799,0.0,0.0323,0.0471
2168,1.354929,0.051060,0.0,0.0323,0.0451
2169,1.020175,0.063206,0.0,0.0323,0.0380
2170,1.298815,0.028192,0.0,0.0323,0.0462
2171,1.208596,0.048074,0.0,0.0323,0.0323
2172,1.457052,0.030434,0.0,0.0323,0.0481
2173,1.517944,0.018424,0.0,0.0323,0.0410
2174,1.463741,0.037098,0.0,0.0323,0.0455
2175,1.240863,0.048570,0.0,0.0323,0.0423
2176,1.442825,0.025532,0.0,0.0323,0.0443
2177,1.338798,0.046688,0.0,0.0323,0.0413
2178,1.374206,0.040057,0.0,0.0323,0.0365
2179,1.224959,0.043505,0.0,0.0323,0.0427
2180,1.227307,0.051367,0.0,0.0323,0.0445
2181,1.213871,0.080118,0.0,0.0323,0.0309
2182,1.439451,0.030793,0.0,0.0323,0.0401
2183,1.381325,0.060857,0.0,0.0323,0.0398
2184,1.499779,0.029890,0.0,0.0323,0.0483
2185,1.292340,0.042539,0.0,0.0323,0.0323
2186,1.326476,0.046721,0.0,0.0323,0.0435
2187,1.502547,0.029090,0.0,0.0323,0.0485
2188,1.229895,0.057289,0.0,0.0323,0.0393
2189,1.246673,0.051051,0.0,0.0323,0.0362
2190,1.361384,0.037055,0.0,0.0323,0.0499
2191,1.061048,0.073205,0.0,0.0323,0.0348
2192,1.413046,0.022459,0.0,0.0323,0.0409
2193,1.470035,0.024922,0.0,0.0323,0.0506
2194,1.217096,0.061075,0.0,0.0323,0.0350
2195,1.602103,0.019383,0.0,0.0323,0.0372
2196,1.406150,0.031701,0.0,0.0323,0.0454
2197,1.599306,0.008832,0.0,0.0323,0.0490
2198,1.433897,0.039370,0.0,0.0323,0.0414
2199,1.427039,0.027270,0.0,0.0323,0.0296
2200,1.591891,0.007034,0.0,0.0323,0.0516
2201,1.202551,0.076130,0.0,0.0323,0.0387
2202,1.432728,0.036038,0.0,0.0323,0.0415
2203,1.293892,0.029702,0.0,0.0323,0.0377
2204,1.163828,0.067017,0.0,0.0323,0.0381
2205,1.177385,0.067041,0.0,0.0323,0.0436
2206,1.461145,0.021763,0.0,0.0323,0.0463
2207,1.447075,0.029671,0.0,0.0323,0.0410
2208,1.640208,0.025739,0.0,0.0323,0.0403
2209,1.592558,0.043341,0.0,0.0323,0.0531
2210,1.546900,0.047790,0.0,0.0323,0.0486
2211,1.337581,0.043448,0.0,0.0323,0.0429
2212,1.523675,0.015168,0.0,0.0323,0.0335
2213,1.129573,0.081980,0.0,0.0323,0.0314
2214,1.337725,0.040104,0.0,0.0323,0.0429
2215,1.621425,0.008813,0.0,0.0323,0.0547
2216,1.363643,0.058569,0.0,0.0323,0.0475
2217,1.257540,0.035103,0.0,0.0323,0.0483
2218,1.306767,0.046574,0.0,0.0323,0.0417
2219,1.378662,0.035127,0.0,0.0323,0.0461
2220,1.440772,0.017009,0.0,0.0323,0.0274
2221,1.211161,0.059989,0.0,0.0323,0.0357
2222,1.237060,0.050755,0.0,0.0323,0.0457
2223,1.271840,0.057836,0.0,0.0323,0.0324
2224,1.475390,0.041676,0.0,0.0323,0.0458
2225,1.254036,0.081082,0.0,0.0323,0.0486
2226,1.222574,0.054734,0.0,0.0323,0.0441
2227,1.371461,0.024537,0.0,0.0323,0.0326
2228,1.516288,0.035669,0.0,0.0323,0.0567
2229,1.454424,0.038458,0.0,0.0323,0.0429
2230,1.340482,0.045445,0.0,0.0323,0.0300
2231,1.428512,0.043960,0.0,0.0323,0.0505
2232,1.130857,0.111189,0.0,0.0323,0.0395
2233,1.346909,0.045680,0.0,0.0323,0.0484
2234,1.345206,0.034600,0.0,0.0323,0.0340
2235,1.419528,0.049963,0.0,0.0323,0.0456
2236,1.336823,0.045551,0.0,0.0323,0.0416
2237,1.410926,0.022152,0.0,0.0323,0.0452
2238,1.291307,0.051460,0.0,0.0323,0.0540
2239,1.269229,0.042066,0.0,0.0323,0.0444
2240,0.997474,0.093212,0.0,0.0323,0.0456
2241,1.679102,0.008811,0.0,0.0323,0.0440
2242,1.376268,0.039135,0.0,0.0323,0.0432
2243,1.104893,0.069467,0.0,0.0323,0.0373
2244,1.462121,0.013731,0.0,0.0323,0.0434
2245,1.625685,0.021511,0.0,0.0323,0.0352
2246,1.483566,0.035897,0.0,0.0323,0.0521
2247,1.589404,0.030751,0.0,0.0323,0.0417
2248,1.596133,0.014087,0.0,0.0323,0.0425
2249,1.396957,0.048485,0.0,0.0323,0.0571
2250,1.344179,0.032754,0.0,0.0323,0.0432
2251,1.443072,0.035636,0.0,0.0323,0.0464
2252,1.462238,0.041814,0.0,0.0323,0.0450
2253,1.491206,0.030948,0.0,0.0323,0.0362
2254,1.623399,0.053621,0.0,0.0323,0.0427
2255,1.329576,0.051797,0.0,0.0323,0.0314
2256,1.566467,0.027382,0.0,0.0323,0.0323
2257,1.377619,0.056222,0.0,0.0323,0.0432
2258,1.283217,0.075050,0.0,0.0323,0.0361
2259,1.655945,0.021824,0.0,0.0323,0.0509
2260,1.564155,0.021513,0.0,0.0323,0.0493
2261,1.278276,0.041788,0.0,0.0323,0.0423
2262,1.220940,0.065109,0.0,0.0323,0.0524
2263,1.171463,0.067484,0.0,0.0323,0.0361
2264,1.134560,0.074461,0.0,0.0323,0.0455
2265,1.154370,0.054087,0.0,0.0323,0.0473
2266,1.499982,0.044535,0.0,0.0323,0.0489
2267,1.369596,0.056097,0.0,0.0323,0.0502
2268,1.601226,0.026009,0.0,0.0323,0.0421
2269,1.288521,0.062135,0.0,0.0323,0.0507
2270,1.505926,0.042420,0.0,0.0323,0.0506
2271,1.509470,0.021266,0.0,0.0323,0.0381
2272,1.331671,0.045108,0.0,0.0323,0.0602
2273,1.158645,0.050313,0.0,0.0323,0.0320
2274,1.367770,0.051694,0.0,0.0323,0.0524
2275,1.209508,0.056168,0.0,0.0323,0.0407
2276,1.503210,0.022052,0.0,0.0323,0.0439
2277,1.355655,0.078149,0.0,0.0323,0.0489
2278,1.333761,0.053933,0.0,0.0323,0.0401
2279,1.560762,0.030236,0.0,0.0323,0.0537
2280,1.528907,0.041919,0.0,0.0323,0.0464
2281,1.530699,0.021613,0.0,0.0323,0.0378
2282,1.630986,0.028876,0.0,0.0323,0.0533
2283,1.558857,0.013063,0.0,0.0323,0.0423
2284,1.621430,0.015872,0.0,0.0323,0.0427
2285,1.611172,0.039841,0.0,0.0323,0.0517
2286,1.510832,0.017137,0.0,0.0323,0.0525
2287,1.539374,0.038093,0.0,0.0323,0.0446
2288,1.496936,0.028904,0.0,0.0323,0.0586
2289,1.250839,0.059628,0.0,0.0323,0.0333
2290,1.544987,0.039703,0.0,0.0323,0.0513
2291,1.230286,0.038920,0.0,0.0323,0.0373
2292,1.469306,0.021531,0.0,0.0323,0.0522
2293,1.293676,0.095692,0.0,0.0323,0.0516
2294,1.503150,0.033499,0.0,0.0323,0.0531
2295,1.312087,0.028239,0.0,0.0323,0.0469
2296,1.273571,0.060022,0.0,0.0323,0.0288
2297,1.645642,0.029350,0.0,0.0323,0.0450
2298,1.559383,0.039213,0.0,0.0323,0.0392
2299,1.452331,0.028605,0.0,0.0323,0.0429
2300,1.290312,0.063872,0.0,0.0323,0.0511
2301,1.599051,0.038536,0.0,0.0323,0.0370
2302,1.469030,0.051909,0.0,0.0323,0.0610
2303,1.290720,0.056642,0.0,0.0323,0.0462
2304,1.350769,0.068812,0.0,0.0323,0.0544
2305,1.404543,0.038054,0.0,0.0323,0.0443
2306,1.495769,0.026739,0.0,0.0323,0.0408
2307,1.328727,0.042721,0.0,0.0323,0.0343
2308,1.429747,0.040494,0.0,0.0323,0.0454
2309,1.486505,0.028293,0.0,0.0323,0.0414
2310,1.528374,0.032266,0.0,0.0323,0.0509
2311,1.570102,0.027721,0.0,0.0323,0.0580
2312,1.664886,0.017064,0.0,0.0323,0.0679
2313,1.590868,0.022110,0.0,0.0323,0.0529
2314,1.425575,0.035196,0.0,0.0323,0.0421
2315,1.610479,0.021743,0.0,0.0323,0.0534
2316,1.581373,0.026117,0.0,0.0323,0.0539
2317,1.763855,0.007480,0.0,0.0323,0.0534
2318,1.524773,0.040463,0.0,0.0323,0.0435
2319,1.407969,0.049326,0.0,0.0323,0.0444
2320,1.461226,0.042069,0.0,0.0323,0.0600
2321,1.321631,0.081984,0.0,0.0323,0.0446
2322,1.683864,0.006461,0.0,0.0323,0.0588
2323,1.594880,0.023386,0.0,0.0323,0.0569
2324,1.294413,0.054147,0.0,0.0323,0.0429
2325,1.430343,0.038655,0.0,0.0323,0.0515
2326,1.457499,0.038330,0.0,0.0323,0.0522
2327,1.724436,0.017561,0.0,0.0323,0.0460
2328,1.664638,0.022627,0.0,0.0323,0.0587
2329,1.624061,0.020529,0.0,0.0323,0.0650
2330,1.497265,0.027389,0.0,0.0323,0.0474
2331,1.659217,0.021753,0.0,0.0323,0.0510
2332,1.483842,0.046096,0.0,0.0323,0.0415
2333,1.573955,0.026146,0.0,0.0323,0.0503
2334,1.637710,0.054195,0.0,0.0323,0.0464
2335,1.365202,0.071771,0.0,0.0323,0.0421
2336,1.583926,0.037843,0.0,0.0323,0.0428
2337,1.819110,0.019562,0.0,0.0323,0.0618
2338,1.402934,0.093144,0.0,0.0323,0.0476
2339,1.402564,0.041322,0.0,0.0323,0.0476
2340,1.545597,0.043225,0.0,0.0323,0.0595
2341,1.339203,0.067431,0.0,0.0323,0.0547
2342,1.327984,0.062865,0.0,0.0323,0.0535
2343,1.615960,0.023769,0.0,0.0323,0.0536
2344,1.659757,0.010121,0.0,0.0323,0.0365
2345,1.473690,0.068294,0.0,0.0323,0.0422
2346,1.710562,0.026431,0.0,0.0323,0.0480
2347,1.606022,0.038631,0.0,0.0323,0.0471
2348,1.425182,0.037315,0.0,0.0323,0.0474
2349,1.703102,0.047210,0.0,0.0323,0.0646
2350,1.566174,0.029167,0.0,0.0323,0.0514
2351,1.660081,0.018526,0.0,0.0323,0.0444
2352,1.566935,0.036485,0.0,0.0323,0.0477
2353,1.651759,0.015232,0.0,0.0323,0.0564
2354,1.317241,0.051460,0.0,0.0323,0.0464
2355,1.470958,0.053397,0.0,0.0323,0.0400
2356,1.586537,0.045835,0.0,0.0323,0.0461
2357,1.713014,0.028978,0.0,0.0323,0.0586
2358,1.668385,0.015198,0.0,0.0323,0.0482
2359,1.790149,0.018674,0.0,0.0323,0.0437
2360,1.601035,0.031836,0.0,0.0323,0.0522
2361,1.530063,0.029498,0.0,0.0323,0.0569
2362,1.459985,0.040173,0.0,0.0323,0.0497
2363,1.536436,0.012936,0.0,0.0323,0.0448
2364,1.693455,0.023785,0.0,0.0323,0.0648
2365,1.734325,0.007242,0.0,0.0323,0.0538
2366,1.544513,0.048342,0.0,0.0323,0.0558
2367,1.635705,0.022258,0.0,0.0323,0.0470
2368,1.460864,0.055969,0.0,0.0323,0.0456
2369,1.586463,0.043930,0.0,0.0323,0.0523
2370,1.643807,0.034525,0.0,0.0323,0.0564
2371,1.680481,0.021102,0.0,0.0323,0.0458
2372,1.529761,0.025724,0.0,0.0323,0.0541
2373,1.566263,0.019034,0.0,0.0323,0.0485
2374,1.680083,0.047105,0.0,0.0323,0.0443
2375,1.852363,0.025273,0.0,0.0323,0.0537
2376,1.252078,0.090753,0.0,0.0323,0.0473
2377,1.692041,0.042728,0.0,0.0323,0.0465
2378,1.753976,0.022900,0.0,0.0323,0.0454
2379,1.604806,0.043718,0.0,0.0323,0.0503
2380,1.525838,0.043384,0.0,0.0323,0.0557
2381,1.566624,0.059927,0.0,0.0323,0.0487
2382,1.533671,0.035908,0.0,0.0323,0.0511
2383,1.553272,0.057443,0.0,0.0323,0.0571
2384,1.698957,0.028767,0.0,0.0323,0.0641
2385,1.581407,0.055713,0.0,0.0323,0.0530
2386,1.671637,0.049603,0.0,0.0323,0.0605
2387,1.715423,0.022977,0.0,0.0323,0.0577
2388,1.695213,0.029772,0.0,0.0323,0.0530
2389,1.679689,0.020519,0.0,0.0323,0.0340
2390,1.541357,0.063624,0.0,0.0323,0.0488
2391,1.399647,0.052466,0.0,0.0323,0.0450
2392,1.541017,0.051747,0.0,0.0323,0.0518
2393,1.486178,0.051503,0.0,0.0323,0.0502
2394,1.708789,0.039513,0.0,0.0323,0.0441
2395,1.485244,0.067583,0.0,0.0323,0.0539
2396,1.562543,0.049819,0.0,0.0323,0.0570
2397,1.705595,0.020028,0.0,0.0323,0.0553
2398,1.743701,0.034030,0.0,0.0323,0.0530
2399,1.845981,0.023684,0.0,0.0323,0.0429
2400,1.546606,0.039558,0.0,0.0323,0.0472
2401,1.873308,0.030100,0.0,0.0323,0.0638
2402,1.455445,0.034388,0.0,0.0323,0.0455
2403,1.541260,0.031435,0.0,0.0323,0.0601
2404,1.531557,0.027600,0.0,0.0323,0.0540
2405,1.667630,0.038487,0.0,0.0323,0.0423
2406,1.728815,0.006523,0.0,0.0323,0.0493
2407,1.644718,0.034496,0.0,0.0323,0.0636
2408,1.586865,0.036064,0.0,0.0323,0.0419
2409,1.731946,0.020572,0.0,0.0323,0.0543
2410,1.719387,0.040574,0.0,0.0323,0.0580
2411,1.771237,0.020556,0.0,0.0323,0.0444
2412,1.827421,0.013489,0.0,0.0323,0.0484
2413,1.711013,0.035590,0.0,0.0323,0.0606
2414,1.461082,0.051322,0.0,0.0323,0.0365
2415,1.549432,0.029970,0.0,0.0323,0.0545
2416,1.480684,0.051497,0.0,0.0323,0.0506
2417,1.437465,0.082606,0.0,0.0323,0.0557
2418,1.745524,0.034923,0.0,0.0323,0.0564
2419,1.880345,0.018610,0.0,0.0323,0.0487
2420,1.666256,0.043904,0.0,0.0323,0.0497
2421,1.409452,0.079504,0.0,0.0323,0.0447
2422,1.829092,0.015911,0.0,0.0323,0.0496
2423,1.365615,0.070201,0.0,0.0323,0.0354
2424,1.628487,0.028564,0.0,0.0323,0.0611
2425,1.675481,0.027952,0.0,0.0323,0.0465
2426,1.514905,0.056385,0.0,0.0323,0.0431
2427,1.372383,0.115247,0.0,0.0323,0.0404
2428,1.497880,0.045430,0.0,0.0323,0.0526
2429,1.631496,0.053719,0.0,0.0323,0.0363
2430,1.645235,0.029714,0.0,0.0323,0.0514
2431,1.830031,0.020819,0.0,0.0323,0.0510
2432,1.475926,0.068246,0.0,0.0323,0.0441
2433,1.644098,0.019914,0.0,0.0323,0.0495
2434,1.502257,0.074238,0.0,0.0323,0.0555
2435,1.185553,0.101683,0.0,0.0323,0.0454
2436,1.503318,0.044991,0.0,0.0323,0.0541
2437,1.789490,0.019448,0.0,0.0323,0.0667
2438,1.651726,0.027204,0.0,0.0323,0.0474
2439,1.389363,0.062742,0.0,0.0323,0.0489
2440,1.648682,0.020510,0.0,0.0323,0.0401
2441,1.665264,0.042202,0.0,0.0323,0.0480
2442,1.702140,0.030265,0.0,0.0323,0.0570
2443,1.725221,0.032309,0.0,0.0323,0.0573
2444,1.554534,0.108615,0.0,0.0323,0.0511
2445,1.697270,0.023466,0.0,0.0323,0.0527
2446,1.486004,0.065588,0.0,0.0323,0.0513
2447,1.470984,0.068743,0.0,0.0323,0.0495
2448,1.593844,0.031815,0.0,0.0323,0.0517
2449,1.418889,0.042508,0.0,0.0323,0.0474
2450,1.603971,0.031065,0.0,0.0323,0.0513
2451,1.674697,0.027303,0.0,0.0323,0.0461
2452,1.815970,0.013707,0.0,0.0323,0.0588
2453,1.592577,0.036854,0.0,0.0323,0.0524
2454,1.771682,0.016906,0.0,0.0323,0.0642
2455,1.736690,0.028119,0.0,0.0323,0.0672
2456,1.448222,0.060323,0.0,0.0323,0.0453
2457,1.512727,0.050660,0.0,0.0323,0.0508
2458,1.714013,0.030561,0.0,0.0323,0.0617
2459,1.344826,0.097164,0.0,0.0323,0.0487
2460,1.318486,0.051990,0.0,0.0323,0.0426
2461,1.672714,0.044039,0.0,0.0323,0.0516
2462,1.494101,0.051253,0.0,0.0323,0.0519
2463,1.610889,0.044770,0.0,0.0323,0.0567
2464,1.544477,0.066823,0.0,0.0323,0.0531
2465,1.674457,0.034548,0.0,0.0323,0.0590
2466,1.483183,0.065185,0.0,0.0323,0.0648
2467,1.695978,0.039933,0.0,0.0323,0.0555
2468,1.827413,0.026607,0.0,0.0323,0.0475
2469,1.744743,0.033354,0.0,0.0323,0.0604
2470,1.751113,0.054224,0.0,0.0323,0.0656
2471,1.605709,0.036982,0.0,0.0323,0.0477
2472,1.745247,0.051275,0.0,0.0323,0.0577
2473,1.837509,0.018675,0.0,0.0323,0.0433
2474,1.560307,0.024567,0.0,0.0323,0.0570
2475,1.511524,0.072414,0.0,0.0323,0.0558
2476,1.676078,0.037977,0.0,0.0323,0.0494
2477,1.605105,0.037340,0.0,0.0323,0.0518
2478,1.624218,0.030052,0.0,0.0323,0.0510
2479,1.683677,0.035023,0.0,0.0323,0.0397
2480,1.374989,0.067768,0.0,0.0323,0.0690
2481,1.860027,0.016276,0.0,0.0323,0.0466
2482,1.882438,0.038851,0.0,0.0323,0.0725
2483,1.696395,0.052488,0.0,0.0323,0.0551
2484,2.012848,0.010193,0.0,0.0323,0.0611
2485,1.590942,0.064757,0.0,0.0323,0.0528
2486,1.787359,0.021993,0.0,0.0323,0.0443
2487,1.479100,0.047058,0.0,0.0323,0.0461
2488,1.636678,0.035969,0.0,0.0323,0.0459
2489,1.544943,0.027919,0.0,0.0323,0.0364
2490,1.538540,0.056736,0.0,0.0323,0.0495
2491,1.767818,0.021945,0.0,0.0323,0.0474
2492,1.898815,0.018838,0.0,0.0323,0.0474
2493,1.961800,0.016139,0.0,0.0323,0.0598
2494,1.923639,0.033287,0.0,0.0323,0.0654
2495,1.787056,0.055428,0.0,0.0323,0.0523
2496,2.093637,0.022979,0.0,0.0323,0.0420
2497,1.706257,0.035472,0.0,0.0323,0.0488
2498,1.984082,0.026743,0.0,0.0323,0.0686
2499,1.745400,0.020392,0.0,0.0323,0.0601
2500,1.663124,0.050573,0.0,0.0323,0.0554
2501,1.640073,0.034224,0.0,0.0323,0.0522
2502,1.769662,0.027202,0.0,0.0323,0.0590
2503,1.795265,0.026738,0.0,0.0323,0.0605
2504,1.789878,0.038289,0.0,0.0323,0.0545
2505,1.741049,0.032770,0.0,0.0323,0.0527
