date,step,phase,nav,cash,cash_pct,daily_return,reward,vol_30d,cvar_30d,mdd_30d,term_ret,term_vol,term_cvar,term_mdd,reward_raw,exposure
2015-07-07T00:00:00.000000000,1,train,999.0501,491841.34,0.0492,-0.000950,-0.090237,0.000000,0.000000,0.000000,-0.094987,0.000000,0.000000,0.000000,-0.094987,0.950000
2015-07-08T00:00:00.000000000,2,train,1018.6531,510772.16,0.0501,0.019622,1.864050,0.000000,0.000000,0.000000,1.962157,0.000000,0.000000,0.000000,1.962157,0.950000
2015-07-09T00:00:00.000000000,3,train,1013.8466,507858.72,0.0501,-0.004718,-0.448255,0.000000,0.000000,0.000000,-0.471847,0.000000,0.000000,0.000000,-0.471847,0.950000
2015-07-10T00:00:00.000000000,4,train,1006.8639,506053.59,0.0503,-0.006887,-0.654295,0.000000,0.000000,0.000000,-0.688732,0.000000,0.000000,0.000000,-0.688732,0.950000
2015-07-13T00:00:00.000000000,5,train,994.1146,495722.96,0.0499,-0.012662,-1.202928,0.011042,0.012662,0.024089,-1.266240,0.000000,0.000000,0.000000,-1.266240,0.950000
2015-07-14T00:00:00.000000000,6,train,1003.8705,503529.99,0.0502,0.009814,0.932297,0.010873,0.012662,0.024089,0.981366,0.000000,0.000000,0.000000,0.981366,0.950000
2015-07-15T00:00:00.000000000,7,train,1010.8103,510474.85,0.0505,0.006913,0.656740,0.010298,0.012662,0.024089,0.691305,0.000000,0.000000,0.000000,0.691305,0.950000
2015-07-16T00:00:00.000000000,8,train,1016.3408,511555.44,0.0503,0.005471,0.519777,0.009718,0.012662,0.024089,0.547133,0.000000,0.000000,0.000000,0.547133,0.950000
2015-07-17T00:00:00.000000000,9,train,1025.2781,2458932.63,0.2398,0.008794,0.835394,0.009402,0.012662,0.024089,0.879362,0.000000,0.000000,0.000000,0.879362,0.950000
2015-07-20T00:00:00.000000000,10,train,1027.1830,516024.62,0.0502,0.001858,0.176503,0.008925,0.012662,0.024089,0.185792,0.000000,0.000000,0.000000,0.185792,0.950000
2015-07-21T00:00:00.000000000,11,train,1032.1322,518464.53,0.0502,0.004818,0.457736,0.008531,0.012662,0.024089,0.481827,0.000000,0.000000,0.000000,0.481827,0.950000
2015-07-22T00:00:00.000000000,12,train,1030.0857,520153.95,0.0505,-0.001983,-0.188369,0.008279,0.012662,0.024089,-0.198283,0.000000,0.000000,0.000000,-0.198283,0.950000
2015-07-23T00:00:00.000000000,13,train,1016.0823,1473728.73,0.1450,-0.013594,-1.291467,0.009037,0.013594,0.024089,-1.359439,0.000000,0.000000,0.000000,-1.359439,0.950000
2015-07-24T00:00:00.000000000,14,train,1028.8273,515263.11,0.0501,0.012543,1.191612,0.009180,0.013594,0.024089,1.254328,0.000000,0.000000,0.000000,1.254328,0.950000
2015-07-27T00:00:00.000000000,15,train,1028.3543,514989.85,0.0501,-0.000460,-0.043677,0.008891,0.013594,0.024089,-0.045976,0.000000,0.000000,0.000000,-0.045976,0.950000
2015-07-28T00:00:00.000000000,16,train,1023.8984,513578.23,0.0502,-0.004333,-0.411636,0.008740,0.013594,0.024089,-0.433301,0.000000,0.000000,0.000000,-0.433301,0.950000
2015-07-29T00:00:00.000000000,17,train,1008.7072,1456680.23,0.1444,-0.014837,-1.409481,0.009311,0.014837,0.024089,-1.483664,0.000000,0.000000,0.000000,-1.483664,0.950000
2015-07-30T00:00:00.000000000,18,train,1003.9994,503097.91,0.0501,-0.004667,-0.443377,0.009128,0.014837,0.027257,-0.466713,0.000000,0.000000,0.000000,-0.466713,0.950000
2015-07-31T00:00:00.000000000,19,train,1017.8126,509784.84,0.0501,0.013758,1.307018,0.009381,0.014837,0.027257,1.375808,0.000000,0.000000,0.000000,1.375808,0.950000
2015-08-03T00:00:00.000000000,20,train,1024.6248,515450.09,0.0503,0.006693,0.635838,0.009228,0.014837,0.027257,0.669303,0.000000,0.000000,0.000000,0.669303,0.950000
2015-08-04T00:00:00.000000000,21,train,1034.2483,1499602.12,0.1450,0.009392,0.892260,0.009171,0.014837,0.027257,0.939221,0.000000,0.000000,0.000000,0.939221,0.950000
2015-08-05T00:00:00.000000000,22,train,1039.6435,521162.44,0.0501,0.005217,0.495573,0.008991,0.014837,0.027257,0.521656,0.000000,0.000000,0.000000,0.521656,0.950000
2015-08-06T00:00:00.000000000,23,train,1053.5312,529165.43,0.0502,0.013358,1.269019,0.009103,0.014837,0.027257,1.335809,0.000000,0.000000,0.000000,1.335809,0.950000
2015-08-07T00:00:00.000000000,24,train,1064.2042,534794.70,0.0503,0.010131,0.962412,0.009048,0.014837,0.027257,1.013065,0.000000,0.000000,0.000000,1.013065,0.950000
2015-08-10T00:00:00.000000000,25,train,1055.4970,1528390.77,0.1448,-0.008182,-0.777273,0.009115,0.014837,0.027257,-0.818182,0.000000,0.000000,0.000000,-0.818182,0.950000
2015-08-11T00:00:00.000000000,26,train,1052.3337,527376.67,0.0501,-0.002997,-0.284713,0.008994,0.014837,0.027257,-0.299698,0.000000,0.000000,0.000000,-0.299698,0.950000
2015-08-12T00:00:00.000000000,27,train,1044.5828,524114.74,0.0502,-0.007365,-0.699721,0.009001,0.014837,0.027257,-0.736548,0.000000,0.000000,0.000000,-0.736548,0.950000
2015-08-13T00:00:00.000000000,28,train,1044.1402,525513.93,0.0503,-0.000424,-0.040253,0.008847,0.014837,0.027257,-0.042371,0.000000,0.000000,0.000000,-0.042371,0.950000
2015-08-14T00:00:00.000000000,29,train,1040.2605,1509168.24,0.1451,-0.003716,-0.352985,0.008747,0.014837,0.027257,-0.371563,0.000000,0.000000,0.000000,-0.371563,0.950000
2015-08-17T00:00:00.000000000,30,train,1044.3279,522836.88,0.0501,0.003910,0.371443,0.008612,0.014837,0.027257,0.390992,0.000000,0.000000,0.000000,0.390992,0.950000
2015-08-18T00:00:00.000000000,31,train,1053.6859,530404.23,0.0503,0.008961,0.851279,0.008702,0.014837,0.027257,0.896084,0.000000,0.000000,0.000000,0.896084,0.950000
2015-08-19T00:00:00.000000000,32,train,1050.3409,525726.64,0.0501,-0.003175,-0.301590,0.008087,0.014837,0.027257,-0.317463,0.000000,0.000000,0.000000,-0.317463,0.950000
2015-08-20T00:00:00.000000000,33,train,1041.3840,1509484.85,0.1449,-0.008528,-0.810118,0.008206,0.014837,0.027257,-0.852756,0.000000,0.000000,0.000000,-0.852756,0.950000
2015-08-21T00:00:00.000000000,34,train,1042.2660,522125.25,0.0501,0.000847,0.080459,0.008077,0.014837,0.027257,0.084694,0.000000,0.000000,0.000000,0.084694,0.950000
2015-08-24T00:00:00.000000000,35,train,1016.9887,510345.84,0.0502,-0.024252,-2.303960,0.008959,0.024252,0.044367,-2.425221,0.000000,0.000000,0.000000,-2.425221,0.950000
2015-08-25T00:00:00.000000000,36,train,992.9392,498733.81,0.0502,-0.023648,-2.246542,0.009810,0.024252,0.066966,-2.364782,0.000000,0.000000,0.000000,-2.364782,0.950000
2015-08-26T00:00:00.000000000,37,train,960.1166,477665.07,0.0498,-0.033056,-3.140308,0.011333,0.033056,0.097808,-3.305588,0.000000,0.000000,0.000000,-3.305588,0.950000
2015-08-27T00:00:00.000000000,38,train,956.2504,479907.56,0.0502,-0.004027,-0.382552,0.011262,0.033056,0.101441,-0.402686,0.000000,0.000000,0.000000,-0.402686,0.950000
2015-08-28T00:00:00.000000000,39,train,964.2984,484734.51,0.0503,0.008416,0.799542,0.011251,0.033056,0.101441,0.841623,0.000000,0.000000,0.000000,0.841623,0.950000
2015-08-31T00:00:00.000000000,40,train,980.6052,491451.21,0.0501,0.016911,1.606496,0.011736,0.033056,0.101441,1.691048,0.000000,0.000000,0.000000,1.691048,0.950000
2015-09-01T00:00:00.000000000,41,train,974.4718,1412865.68,0.1450,-0.006255,-0.594191,0.011706,0.033056,0.101441,-0.625464,0.000000,0.000000,0.000000,-0.625464,0.950000
2015-09-02T00:00:00.000000000,42,train,982.8527,492453.70,0.0501,0.008600,0.817037,0.011855,0.033056,0.101441,0.860039,0.000000,0.000000,0.000000,0.860039,0.950000
2015-09-03T00:00:00.000000000,43,train,979.0186,492143.42,0.0503,-0.003901,-0.370596,0.011651,0.033056,0.101441,-0.390101,0.000000,0.000000,0.000000,-0.390101,0.950000
2015-09-04T00:00:00.000000000,44,train,968.3122,485868.56,0.0502,-0.010936,-1.038906,0.011491,0.033056,0.101441,-1.093585,0.000000,0.000000,0.000000,-1.093585,0.950000
2015-09-07T00:00:00.000000000,45,train,974.0809,1409616.64,0.1447,0.005958,0.565962,0.011576,0.033056,0.101441,0.595750,0.000000,0.000000,0.000000,0.595750,0.950000
2015-09-08T00:00:00.000000000,46,train,956.9228,479578.29,0.0501,-0.017615,-1.673389,0.011916,0.033056,0.101441,-1.761462,0.000000,0.000000,0.000000,-1.761462,0.950000
2015-09-09T00:00:00.000000000,47,train,936.3638,468679.06,0.0501,-0.021484,-2.041023,0.012208,0.033056,0.120128,-2.148445,0.000000,0.000000,0.000000,-2.148445,0.950000
2015-09-10T00:00:00.000000000,48,train,956.9452,481060.62,0.0503,0.021980,2.088105,0.012957,0.033056,0.120128,2.198005,0.000000,0.000000,0.000000,2.198005,0.950000
2015-09-11T00:00:00.000000000,49,train,947.5142,1369474.53,0.1445,-0.009855,-0.936251,0.012720,0.033056,0.120128,-0.985527,0.000000,0.000000,0.000000,-0.985527,0.950000
2015-09-14T00:00:00.000000000,50,train,953.5968,478148.75,0.0501,0.006420,0.609852,0.012714,0.033056,0.120128,0.641950,0.000000,0.000000,0.000000,0.641950,0.950000
2015-09-15T00:00:00.000000000,51,train,950.3213,475712.50,0.0501,-0.003435,-0.326308,0.012528,0.033056,0.120128,-0.343482,0.000000,0.000000,0.000000,-0.343482,0.950000
2015-09-16T00:00:00.000000000,52,train,959.4585,480418.30,0.0501,0.009615,0.913408,0.012645,0.033056,0.120128,0.961482,0.000000,0.000000,0.000000,0.961482,0.950000
2015-09-18T00:00:00.000000000,53,train,966.3467,1398149.45,0.1447,0.007179,0.682032,0.012432,0.033056,0.120128,0.717929,0.000000,0.000000,0.000000,0.717929,0.950000
2015-09-21T00:00:00.000000000,54,train,969.3477,485404.53,0.0501,0.003105,0.295014,0.012251,0.033056,0.112869,0.310541,0.000000,0.000000,0.000000,0.310541,0.950000
2015-09-22T00:00:00.000000000,55,train,968.3562,485546.46,0.0501,-0.001023,-0.097171,0.012218,0.033056,0.111344,-0.102285,0.000000,0.000000,0.000000,-0.102285,0.950000
2015-09-23T00:00:00.000000000,56,train,970.3077,485953.27,0.0501,0.002015,0.191453,0.012249,0.033056,0.111344,0.201529,0.000000,0.000000,0.000000,0.201529,0.950000
2015-09-24T00:00:00.000000000,57,train,945.2100,2266609.02,0.2398,-0.025866,-2.457238,0.012919,0.033056,0.111344,-2.586566,0.000000,0.000000,0.000000,-2.586566,0.950000
2015-09-28T00:00:00.000000000,58,train,948.0941,474522.42,0.0501,0.003051,0.289867,0.012959,0.033056,0.111344,0.305124,0.000000,0.000000,0.000000,0.305124,0.950000
2015-09-29T00:00:00.000000000,59,train,956.3380,480436.45,0.0502,0.008695,0.826049,0.013131,0.033056,0.111344,0.869525,0.000000,0.000000,0.000000,0.869525,0.950000
2015-09-30T00:00:00.000000000,60,train,937.3251,470619.27,0.0502,-0.019881,-1.888686,0.013422,0.033056,0.111344,-1.988091,0.000000,0.000000,0.000000,-1.988091,0.950000
2015-10-01T00:00:00.000000000,61,train,955.4849,477528.86,0.0500,0.019374,1.840532,0.013867,0.033056,0.108514,1.937402,0.000000,0.000000,0.000000,1.937402,0.950000
2015-10-05T00:00:00.000000000,62,train,967.0445,485865.48,0.0502,0.012098,1.149329,0.014135,0.033056,0.101608,1.209820,0.000000,0.000000,0.000000,1.209820,0.950000
2015-10-06T00:00:00.000000000,63,train,975.3485,488619.95,0.0501,0.008587,0.815763,0.014231,0.033056,0.101608,0.858698,0.000000,0.000000,0.000000,0.858698,0.950000
2015-10-07T00:00:00.000000000,64,train,984.0768,494445.46,0.0502,0.008949,0.850140,0.014361,0.033056,0.079278,0.894884,0.000000,0.000000,0.000000,0.894884,0.950000
2015-10-08T00:00:00.000000000,65,train,982.1649,2357010.39,0.2400,-0.001943,-0.184570,0.013744,0.033056,0.056978,-0.194284,0.000000,0.000000,0.000000,-0.194284,0.950000
2015-10-09T00:00:00.000000000,66,train,982.1129,491579.25,0.0501,-0.000053,-0.005026,0.013088,0.033056,0.047300,-0.005291,0.000000,0.000000,0.000000,-0.005291,0.950000
2015-10-12T00:00:00.000000000,67,train,975.0739,490627.52,0.0503,-0.007167,-0.680889,0.011676,0.025866,0.047300,-0.716726,0.000000,0.000000,0.000000,-0.716726,0.950000
2015-10-13T00:00:00.000000000,68,train,973.6662,488887.55,0.0502,-0.001444,-0.137146,0.011651,0.025866,0.047300,-0.144364,0.000000,0.000000,0.000000,-0.144364,0.950000
2015-10-14T00:00:00.000000000,69,train,965.0717,482801.39,0.0500,-0.008827,-0.838556,0.011680,0.025866,0.047300,-0.882690,0.000000,0.000000,0.000000,-0.882690,0.950000
2015-10-15T00:00:00.000000000,70,train,964.7778,486701.70,0.0504,-0.000305,-0.028934,0.011255,0.025866,0.047300,-0.030457,0.000000,0.000000,0.000000,-0.030457,0.950000
2015-10-16T00:00:00.000000000,71,train,965.6093,485808.60,0.0503,0.000862,0.081872,0.011206,0.025866,0.047300,0.086181,0.000000,0.000000,0.000000,0.086181,0.950000
2015-10-19T00:00:00.000000000,72,train,968.8380,489174.53,0.0505,0.003344,0.317657,0.011107,0.025866,0.043569,0.334376,0.000000,0.000000,0.000000,0.334376,0.950000
2015-10-20T00:00:00.000000000,73,train,975.5553,1411015.25,0.1446,0.006933,0.658664,0.011164,0.025866,0.038721,0.693331,0.000000,0.000000,0.000000,0.693331,0.950000
2015-10-21T00:00:00.000000000,74,train,979.1341,491494.77,0.0502,0.003668,0.348504,0.010996,0.025866,0.038721,0.366846,0.000000,0.000000,0.000000,0.366846,0.950000
2015-10-23T00:00:00.000000000,75,train,971.8901,488419.39,0.0503,-0.007398,-0.702845,0.011033,0.025866,0.033992,-0.739837,0.000000,0.000000,0.000000,-0.739837,0.950000
2015-10-26T00:00:00.000000000,76,train,982.7340,493461.89,0.0502,0.011158,1.059970,0.010707,0.025866,0.033992,1.115758,0.000000,0.000000,0.000000,1.115758,0.950000
2015-10-27T00:00:00.000000000,77,train,968.6410,2322080.53,0.2397,-0.014341,-1.362357,0.010277,0.025866,0.033992,-1.434060,0.000000,0.000000,0.000000,-1.434060,0.950000
2015-10-28T00:00:00.000000000,78,train,958.5798,479665.84,0.0500,-0.010387,-0.986757,0.009721,0.025866,0.033992,-1.038691,0.000000,0.000000,0.000000,-1.038691,0.950000
2015-10-29T00:00:00.000000000,79,train,979.6066,491509.70,0.0502,0.021935,2.083853,0.010293,0.025866,0.033992,2.193530,0.000000,0.000000,0.000000,2.193530,0.950000
2015-10-30T00:00:00.000000000,80,train,976.9268,490767.97,0.0502,-0.002736,-0.259874,0.010268,0.025866,0.033992,-0.273551,0.000000,0.000000,0.000000,-0.273551,0.950000
2015-11-02T00:00:00.000000000,81,train,972.5904,1411542.43,0.1451,-0.004439,-0.421688,0.010284,0.025866,0.033992,-0.443882,0.000000,0.000000,0.000000,-0.443882,0.950000
2015-11-03T00:00:00.000000000,82,train,979.8042,491157.45,0.0501,0.007417,0.704626,0.010229,0.025866,0.033992,0.741712,0.000000,0.000000,0.000000,0.741712,0.950000
2015-11-04T00:00:00.000000000,83,train,981.3908,491657.72,0.0501,0.001619,0.153829,0.010161,0.025866,0.033992,0.161925,0.000000,0.000000,0.000000,0.161925,0.950000
2015-11-05T00:00:00.000000000,84,train,985.2563,495250.26,0.0503,0.003939,0.374183,0.010169,0.025866,0.033992,0.393877,0.000000,0.000000,0.000000,0.393877,0.950000
2015-11-06T00:00:00.000000000,85,train,973.0174,1408716.29,0.1448,-0.012422,-1.180090,0.010432,0.025866,0.033992,-1.242200,0.000000,0.000000,0.000000,-1.242200,0.950000
2015-11-09T00:00:00.000000000,86,train,961.5678,483257.35,0.0503,-0.011767,-1.117871,0.010644,0.025866,0.025910,-1.176706,0.000000,0.000000,0.000000,-1.176706,0.950000
2015-11-10T00:00:00.000000000,87,train,936.3175,471252.29,0.0503,-0.026260,-2.494654,0.010676,0.026260,0.049671,-2.625951,0.000000,0.000000,0.000000,-2.625951,0.950000
2015-11-13T00:00:00.000000000,88,train,956.7297,483152.86,0.0505,0.021800,2.071043,0.011377,0.026260,0.049671,2.180045,0.000000,0.000000,0.000000,2.180045,0.950000
2015-11-16T00:00:00.000000000,89,train,950.9064,1377297.77,0.1448,-0.006087,-0.578232,0.011325,0.026260,0.049671,-0.608666,0.000000,0.000000,0.000000,-0.608666,0.950000
2015-11-17T00:00:00.000000000,90,train,945.8379,475486.32,0.0503,-0.005330,-0.506363,0.010767,0.026260,0.049671,-0.533013,0.000000,0.000000,0.000000,-0.533013,0.950000
2015-11-18T00:00:00.000000000,91,train,946.6829,479036.42,0.0506,0.000893,0.084870,0.010174,0.026260,0.049671,0.089337,0.000000,0.000000,0.000000,0.089337,0.950000
2015-11-19T00:00:00.000000000,92,train,947.7463,476905.44,0.0503,0.001123,0.106711,0.009917,0.026260,0.049671,0.112328,0.000000,0.000000,0.000000,0.112328,0.950000
2015-11-20T00:00:00.000000000,93,train,944.1279,468799.15,0.0497,-0.003818,-0.362705,0.009782,0.026260,0.049671,-0.381794,0.000000,0.000000,0.000000,-0.381794,0.950000
2015-11-23T00:00:00.000000000,94,train,958.8339,480317.45,0.0501,0.015576,1.479747,0.010075,0.026260,0.049671,1.557628,0.000000,0.000000,0.000000,1.557628,0.950000
2015-11-24T00:00:00.000000000,95,train,969.0181,485845.55,0.0501,0.010621,1.009037,0.010279,0.026260,0.049671,1.062144,0.000000,0.000000,0.000000,1.062144,0.950000
2015-11-26T00:00:00.000000000,96,train,972.9524,487847.32,0.0501,0.004060,0.385707,0.010310,0.026260,0.049671,0.406007,0.000000,0.000000,0.000000,0.406007,0.950000
2015-11-27T00:00:00.000000000,97,train,977.3140,2342942.68,0.2397,0.004483,0.425878,0.010262,0.026260,0.049671,0.448293,0.000000,0.000000,0.000000,0.448293,0.950000
2015-11-30T00:00:00.000000000,98,train,983.1521,496368.46,0.0505,0.005974,0.567493,0.010310,0.026260,0.049671,0.597361,0.000000,0.000000,0.000000,0.597361,0.950000
2015-12-01T00:00:00.000000000,99,train,990.1946,505762.67,0.0511,0.007163,0.680494,0.010233,0.026260,0.049671,0.716309,0.000000,0.000000,0.000000,0.716309,0.950000
2015-12-02T00:00:00.000000000,100,train,988.6935,500967.38,0.0507,-0.001516,-0.144016,0.010241,0.026260,0.049671,-0.151595,0.000000,0.000000,0.000000,-0.151595,0.950000
2015-12-03T00:00:00.000000000,101,train,991.2153,1442973.97,0.1456,0.002551,0.242314,0.010245,0.026260,0.049671,0.255067,0.000000,0.000000,0.000000,0.255067,0.950000
2015-12-04T00:00:00.000000000,102,train,983.4220,500050.10,0.0508,-0.007862,-0.746921,0.010354,0.026260,0.049671,-0.786233,0.000000,0.000000,0.000000,-0.786233,0.950000
2015-12-07T00:00:00.000000000,103,train,969.4028,493172.21,0.0509,-0.014256,-1.354279,0.010614,0.026260,0.049671,-1.425557,0.000000,0.000000,0.000000,-1.425557,0.950000
2015-12-08T00:00:00.000000000,104,train,976.9683,494051.24,0.0506,0.007804,0.741413,0.010689,0.026260,0.049671,0.780435,0.000000,0.000000,0.000000,0.780435,0.950000
2015-12-09T00:00:00.000000000,105,train,970.1263,1403036.81,0.1446,-0.007003,-0.665314,0.010680,0.026260,0.049671,-0.700331,0.000000,0.000000,0.000000,-0.700331,0.950000
2015-12-10T00:00:00.000000000,106,train,970.4358,486829.67,0.0502,0.000319,0.030309,0.010478,0.026260,0.049671,0.031904,0.000000,0.000000,0.000000,0.031904,0.950000
2015-12-11T00:00:00.000000000,107,train,960.9923,483167.67,0.0503,-0.009731,-0.924462,0.010304,0.026260,0.049671,-0.973117,0.000000,0.000000,0.000000,-0.973117,0.950000
2015-12-14T00:00:00.000000000,108,train,964.9550,485462.53,0.0503,0.004123,0.391729,0.010155,0.026260,0.049671,0.412347,0.000000,0.000000,0.000000,0.412347,0.950000
2015-12-15T00:00:00.000000000,109,train,962.0535,1396830.93,0.1452,-0.003007,-0.285652,0.009335,0.026260,0.049671,-0.300686,0.000000,0.000000,0.000000,-0.300686,0.950000
2015-12-16T00:00:00.000000000,110,train,974.4526,487411.53,0.0500,0.012888,1.224379,0.009630,0.026260,0.049671,1.288820,0.000000,0.000000,0.000000,1.288820,0.950000
2015-12-17T00:00:00.000000000,111,train,986.3686,1424897.08,0.1445,0.012228,1.161695,0.009839,0.026260,0.049671,1.222837,0.000000,0.000000,0.000000,1.222837,0.950000
2015-12-18T00:00:00.000000000,112,train,1000.3489,500745.35,0.0501,0.014174,1.346482,0.010069,0.026260,0.049671,1.417350,0.000000,0.000000,0.000000,1.417350,0.950000
2015-12-21T00:00:00.000000000,113,train,998.2043,501263.22,0.0502,-0.002144,-0.203664,0.010081,0.026260,0.049671,-0.214383,0.000000,0.000000,0.000000,-0.214383,0.950000
2015-12-22T00:00:00.000000000,114,train,990.3784,496486.28,0.0501,-0.007840,-0.744804,0.010173,0.026260,0.037718,-0.784004,0.000000,0.000000,0.000000,-0.784004,0.950000
2015-12-23T00:00:00.000000000,115,train,991.1136,1434948.34,0.1448,0.000742,0.070522,0.009898,0.026260,0.030491,0.074234,0.000000,0.000000,0.000000,0.074234,0.950000
2015-12-24T00:00:00.000000000,116,train,994.2658,498566.79,0.0501,0.003181,0.302148,0.009632,0.026260,0.030491,0.318050,0.000000,0.000000,0.000000,0.318050,0.950000
2015-12-28T00:00:00.000000000,117,train,1007.3231,506145.68,0.0502,0.013133,1.247597,0.008412,0.014256,0.030491,1.313260,0.000000,0.000000,0.000000,1.313260,0.950000
2015-12-29T00:00:00.000000000,118,train,1005.0450,503931.66,0.0501,-0.002262,-0.214848,0.007643,0.014256,0.030491,-0.226155,0.000000,0.000000,0.000000,-0.226155,0.950000
2015-12-30T00:00:00.000000000,119,train,1011.4262,2427531.79,0.2400,0.006349,0.603168,0.007548,0.014256,0.030491,0.634914,0.000000,0.000000,0.000000,0.634914,0.950000
2015-12-31T00:00:00.000000000,120,train,1014.1405,506829.23,0.0500,0.002684,0.254948,0.007421,0.014256,0.030491,0.268366,0.000000,0.000000,0.000000,0.268366,0.950000
2016-01-01T00:00:00.000000000,121,train,1008.0351,504697.33,0.0501,-0.006020,-0.571921,0.007569,0.014256,0.030491,-0.602022,0.000000,0.000000,0.000000,-0.602022,0.950000
2016-01-04T00:00:00.000000000,122,train,1010.8452,507101.89,0.0502,0.002788,0.264825,0.007568,0.014256,0.030491,0.278763,0.000000,0.000000,0.000000,0.278763,0.950000
2016-01-05T00:00:00.000000000,123,train,1014.6195,2432813.86,0.2398,0.003734,0.354709,0.007489,0.014256,0.030491,0.373378,0.000000,0.000000,0.000000,0.373378,0.950000
2016-01-06T00:00:00.000000000,124,train,1011.0789,507482.02,0.0502,-0.003490,-0.331507,0.007148,0.014256,0.030491,-0.348955,0.000000,0.000000,0.000000,-0.348955,0.950000
2016-01-07T00:00:00.000000000,125,train,1013.8402,508912.61,0.0502,0.002731,0.259454,0.006961,0.014256,0.030491,0.273110,0.000000,0.000000,0.000000,0.273110,0.950000
2016-01-08T00:00:00.000000000,126,train,1010.7006,507327.76,0.0502,-0.003097,-0.294191,0.006993,0.014256,0.030491,-0.309675,0.000000,0.000000,0.000000,-0.309675,0.950000
2016-01-11T00:00:00.000000000,127,train,999.1896,1444372.70,0.1446,-0.011389,-1.081968,0.007324,0.014256,0.030491,-1.138913,0.000000,0.000000,0.000000,-1.138913,0.950000
2016-01-12T00:00:00.000000000,128,train,1004.8354,502783.41,0.0500,0.005650,0.536785,0.007317,0.014256,0.030491,0.565037,0.000000,0.000000,0.000000,0.565037,0.950000
2016-01-13T00:00:00.000000000,129,train,1000.7059,502631.47,0.0502,-0.004110,-0.390412,0.007267,0.014256,0.030491,-0.410960,0.000000,0.000000,0.000000,-0.410960,0.950000
2016-01-14T00:00:00.000000000,130,train,999.7973,501548.09,0.0502,-0.000908,-0.086255,0.007263,0.014256,0.030491,-0.090795,0.000000,0.000000,0.000000,-0.090795,0.950000
2016-01-15T00:00:00.000000000,131,train,982.1934,487722.76,0.0497,-0.017607,-1.672710,0.007934,0.017607,0.031959,-1.760747,0.000000,0.000000,0.000000,-1.760747,0.950000
2016-01-18T00:00:00.000000000,132,train,990.7679,496790.51,0.0501,0.008730,0.829347,0.007964,0.017607,0.031959,0.872997,0.000000,0.000000,0.000000,0.872997,0.950000
2016-01-19T00:00:00.000000000,133,train,972.8000,490586.29,0.0504,-0.018135,-1.722856,0.008226,0.018135,0.041217,-1.813532,0.000000,0.000000,0.000000,-1.813532,0.950000
2016-01-20T00:00:00.000000000,134,train,952.8544,2283474.34,0.2396,-0.020503,-1.947810,0.008891,0.020503,0.060875,-2.050326,0.000000,0.000000,0.000000,-2.050326,0.950000
2016-01-21T00:00:00.000000000,135,train,951.2531,475227.68,0.0500,-0.001681,-0.159658,0.008818,0.020503,0.062453,-0.168061,0.000000,0.000000,0.000000,-0.168061,0.950000
2016-01-22T00:00:00.000000000,136,train,951.1474,478410.58,0.0503,-0.000111,-0.010553,0.008817,0.020503,0.062558,-0.011109,0.000000,0.000000,0.000000,-0.011109,0.950000
2016-01-25T00:00:00.000000000,137,train,946.6604,474324.71,0.0501,-0.004717,-0.448152,0.008689,0.020503,0.066980,-0.471739,0.000000,0.000000,0.000000,-0.471739,0.950000
2016-01-27T00:00:00.000000000,138,train,955.9805,2299695.29,0.2406,0.009845,0.935289,0.008849,0.020503,0.066980,0.984515,0.000000,0.000000,0.000000,0.984515,0.950000
2016-01-28T00:00:00.000000000,139,train,961.8285,484404.70,0.0504,0.006117,0.581140,0.008907,0.020503,0.066980,0.611727,0.000000,0.000000,0.000000,0.611727,0.950000
2016-01-29T00:00:00.000000000,140,train,955.8168,481996.69,0.0504,-0.006250,-0.593770,0.008644,0.020503,0.066980,-0.625021,0.000000,0.000000,0.000000,-0.625021,0.950000
2016-02-01T00:00:00.000000000,141,train,960.5926,491312.28,0.0511,0.004997,0.474672,0.008380,0.020503,0.066980,0.499655,0.000000,0.000000,0.000000,0.499655,0.950000
2016-02-02T00:00:00.000000000,142,train,985.4224,2364922.02,0.2400,0.025848,2.455596,0.009290,0.020503,0.066980,2.584838,0.000000,0.000000,0.000000,2.584838,0.950000
2016-02-03T00:00:00.000000000,143,train,987.4500,494625.94,0.0501,0.002058,0.195474,0.009295,0.020503,0.066980,0.205762,0.000000,0.000000,0.000000,0.205762,0.950000
2016-02-04T00:00:00.000000000,144,train,965.2311,484952.50,0.0502,-0.022501,-2.137625,0.010034,0.022501,0.066980,-2.250132,0.000000,0.000000,0.000000,-2.250132,0.950000
2016-02-05T00:00:00.000000000,145,train,977.8379,1415620.57,0.1448,0.013061,1.240786,0.010336,0.022501,0.066980,1.306091,0.000000,0.000000,0.000000,1.306091,0.950000
2016-02-08T00:00:00.000000000,146,train,980.7192,502074.86,0.0512,0.002947,0.279932,0.010334,0.022501,0.066980,0.294665,0.000000,0.000000,0.000000,0.294665,0.950000
2016-02-09T00:00:00.000000000,147,train,990.1066,504137.87,0.0509,0.009572,0.909328,0.010197,0.022501,0.066980,0.957187,0.000000,0.000000,0.000000,0.957187,0.950000
2016-02-10T00:00:00.000000000,148,train,975.6813,488898.35,0.0501,-0.014569,-1.384097,0.010502,0.022501,0.066980,-1.456944,0.000000,0.000000,0.000000,-1.456944,0.950000
2016-02-11T00:00:00.000000000,149,train,963.3120,1399309.21,0.1453,-0.012678,-1.204369,0.010617,0.022501,0.066980,-1.267757,0.000000,0.000000,0.000000,-1.267757,0.950000
2016-02-12T00:00:00.000000000,150,train,963.9976,489966.17,0.0508,0.000712,0.067615,0.010597,0.022501,0.066980,0.071173,0.000000,0.000000,0.000000,0.071173,0.950000
2016-02-15T00:00:00.000000000,151,train,944.0022,479978.61,0.0508,-0.020742,-1.970508,0.011117,0.022501,0.069600,-2.074218,0.000000,0.000000,0.000000,-2.074218,0.950000
2016-02-16T00:00:00.000000000,152,train,938.7777,478453.34,0.0510,-0.005534,-0.525769,0.011094,0.022501,0.074749,-0.553441,0.000000,0.000000,0.000000,-0.553441,0.950000
2016-02-17T00:00:00.000000000,153,train,953.5442,1389646.58,0.1457,0.015730,1.494309,0.011516,0.022501,0.074038,1.572956,0.000000,0.000000,0.000000,1.572956,0.950000
2016-02-18T00:00:00.000000000,154,train,938.6244,477112.92,0.0508,-0.015647,-1.486438,0.011773,0.022501,0.074189,-1.564672,0.000000,0.000000,0.000000,-1.564672,0.950000
2016-02-19T00:00:00.000000000,155,train,948.1816,480842.44,0.0507,0.010182,0.967300,0.011956,0.022501,0.071313,1.018210,0.000000,0.000000,0.000000,1.018210,0.950000
2016-02-22T00:00:00.000000000,156,train,956.4232,480463.55,0.0502,0.008692,0.825745,0.012111,0.022501,0.065892,0.869205,0.000000,0.000000,0.000000,0.869205,0.950000
2016-02-23T00:00:00.000000000,157,train,952.9478,2284535.21,0.2397,-0.003634,-0.345205,0.011985,0.022501,0.065892,-0.363374,0.000000,0.000000,0.000000,-0.363374,0.950000
2016-02-24T00:00:00.000000000,158,train,954.9716,476707.97,0.0499,0.002124,0.201754,0.011931,0.022501,0.062038,0.212373,0.000000,0.000000,0.000000,0.212373,0.950000
2016-02-25T00:00:00.000000000,159,train,941.3333,471510.49,0.0501,-0.014281,-1.356733,0.012140,0.022501,0.061185,-1.428140,0.000000,0.000000,0.000000,-1.428140,0.950000
2016-02-26T00:00:00.000000000,160,train,943.8655,473423.75,0.0502,0.002690,0.255552,0.012167,0.022501,0.052629,0.269002,0.000000,0.000000,0.000000,0.269002,0.950000
2016-02-29T00:00:00.000000000,161,train,948.2124,1375434.72,0.1451,0.004605,0.437511,0.011858,0.022501,0.052629,0.460538,0.000000,0.000000,0.000000,0.460538,0.950000
2016-03-01T00:00:00.000000000,162,train,949.0864,484055.52,0.0510,0.000922,0.087570,0.011724,0.022501,0.051997,0.092179,0.000000,0.000000,0.000000,0.092179,0.950000
2016-03-02T00:00:00.000000000,163,train,946.8521,477818.75,0.0505,-0.002354,-0.223646,0.011306,0.022501,0.051997,-0.235417,0.000000,0.000000,0.000000,-0.235417,0.950000
2016-03-03T00:00:00.000000000,164,train,973.5091,495517.36,0.0509,0.028153,2.674565,0.011846,0.022501,0.051997,2.815332,0.000000,0.000000,0.000000,2.815332,0.950000
2016-03-04T00:00:00.000000000,165,train,981.4478,487748.19,0.0497,0.008155,0.774698,0.011909,0.022501,0.051997,0.815471,0.000000,0.000000,0.000000,0.815471,0.950000
2016-03-08T00:00:00.000000000,166,train,985.4319,496328.83,0.0504,0.004059,0.385641,0.011918,0.022501,0.051997,0.405938,0.000000,0.000000,0.000000,0.405938,0.950000
2016-03-09T00:00:00.000000000,167,train,995.3384,498799.64,0.0501,0.010053,0.955024,0.011966,0.022501,0.051997,1.005288,0.000000,0.000000,0.000000,1.005288,0.950000
2016-03-10T00:00:00.000000000,168,train,988.9671,503265.99,0.0509,-0.006401,-0.608099,0.011955,0.022501,0.051997,-0.640104,0.000000,0.000000,0.000000,-0.640104,0.950000
2016-03-11T00:00:00.000000000,169,train,992.2261,3328636.71,0.3355,0.003295,0.313054,0.011927,0.022501,0.051997,0.329530,0.000000,0.000000,0.000000,0.329530,0.950000
2016-03-14T00:00:00.000000000,170,train,987.2964,495777.08,0.0502,-0.004968,-0.471994,0.011903,0.022501,0.051997,-0.496835,0.000000,0.000000,0.000000,-0.496835,0.950000
2016-03-15T00:00:00.000000000,171,train,992.3042,509344.29,0.0513,0.005072,0.481869,0.011904,0.022501,0.051997,0.507230,0.000000,0.000000,0.000000,0.507230,0.950000
2016-03-16T00:00:00.000000000,172,train,991.0027,497419.37,0.0502,-0.001312,-0.124603,0.010989,0.022501,0.051997,-0.131161,0.000000,0.000000,0.000000,-0.131161,0.950000
2016-03-17T00:00:00.000000000,173,train,980.1155,488113.73,0.0498,-0.010986,-1.043674,0.011165,0.022501,0.051997,-1.098604,0.000000,0.000000,0.000000,-1.098604,0.950000
2016-03-18T00:00:00.000000000,174,train,988.6485,499267.76,0.0505,0.008706,0.827079,0.010470,0.020742,0.051997,0.870610,0.000000,0.000000,0.000000,0.870610,0.950000
2016-03-21T00:00:00.000000000,175,train,996.0184,511762.06,0.0514,0.007455,0.708177,0.010299,0.020742,0.051997,0.745449,0.000000,0.000000,0.000000,0.745449,0.950000
2016-03-22T00:00:00.000000000,176,train,1013.4065,508597.62,0.0502,0.017458,1.658471,0.010726,0.020742,0.051997,1.745759,0.000000,0.000000,0.000000,1.745759,0.950000
2016-03-23T00:00:00.000000000,177,train,1023.7072,1487033.07,0.1453,0.010164,0.965623,0.010742,0.020742,0.037981,1.016445,0.000000,0.000000,0.000000,1.016445,0.950000
2016-03-28T00:00:00.000000000,178,train,1015.9110,515373.03,0.0507,-0.007616,-0.723487,0.010472,0.020742,0.026321,-0.761565,0.000000,0.000000,0.000000,-0.761565,0.950000
2016-03-29T00:00:00.000000000,179,train,1024.3130,517903.93,0.0506,0.008270,0.785692,0.010205,0.020742,0.026321,0.827045,0.000000,0.000000,0.000000,0.827045,0.950000
2016-03-30T00:00:00.000000000,180,train,1004.4902,516750.28,0.0514,-0.019352,-1.838469,0.010907,0.020742,0.019352,-1.935231,0.000000,0.000000,0.000000,-1.935231,0.950000
2016-03-31T00:00:00.000000000,181,train,1011.1700,2424495.00,0.2398,0.006650,0.631745,0.010132,0.019352,0.019352,0.664995,0.000000,0.000000,0.000000,0.664995,0.950000
2016-04-01T00:00:00.000000000,182,train,1030.6712,523347.42,0.0508,0.019286,1.832144,0.010462,0.019352,0.019352,1.928573,0.000000,0.000000,0.000000,1.928573,0.950000
2016-04-04T00:00:00.000000000,183,train,1030.5558,525541.96,0.0510,-0.000112,-0.010639,0.010212,0.019352,0.019352,-0.011198,0.000000,0.000000,0.000000,-0.011198,0.950000
2016-04-05T00:00:00.000000000,184,train,1035.5972,529236.78,0.0511,0.004892,0.464732,0.009635,0.019352,0.019352,0.489191,0.000000,0.000000,0.000000,0.489191,0.950000
2016-04-06T00:00:00.000000000,185,train,1034.6757,1496896.28,0.1447,-0.000890,-0.084534,0.009577,0.019352,0.019352,-0.088983,0.000000,0.000000,0.000000,-0.088983,0.950000
2016-04-07T00:00:00.000000000,186,train,1026.4889,520735.58,0.0507,-0.007912,-0.751673,0.009709,0.019352,0.019352,-0.791235,0.000000,0.000000,0.000000,-0.791235,0.950000
2016-04-08T00:00:00.000000000,187,train,1035.6767,524110.68,0.0506,0.008951,0.850312,0.009711,0.019352,0.019352,0.895065,0.000000,0.000000,0.000000,0.895065,0.950000
2016-04-11T00:00:00.000000000,188,train,1027.1181,526608.88,0.0513,-0.008264,-0.785054,0.009913,0.019352,0.019352,-0.826373,0.000000,0.000000,0.000000,-0.826373,0.950000
2016-04-12T00:00:00.000000000,189,train,1034.0268,1506703.72,0.1457,0.006726,0.638993,0.009435,0.019352,0.019352,0.672624,0.000000,0.000000,0.000000,0.672624,0.950000
2016-04-13T00:00:00.000000000,190,train,1044.7872,524748.46,0.0502,0.010406,0.988596,0.009522,0.019352,0.019352,1.040627,0.000000,0.000000,0.000000,1.040627,0.950000
2016-04-18T00:00:00.000000000,191,train,1050.9622,530651.56,0.0505,0.005910,0.561476,0.009531,0.019352,0.019352,0.591027,0.000000,0.000000,0.000000,0.591027,0.950000
2016-04-20T00:00:00.000000000,192,train,1059.5065,543588.87,0.0513,0.008130,0.772349,0.009554,0.019352,0.019352,0.812999,0.000000,0.000000,0.000000,0.812999,0.950000
2016-04-21T00:00:00.000000000,193,train,1078.1363,536628.83,0.0498,0.017583,1.670427,0.009799,0.019352,0.019352,1.758344,0.000000,0.000000,0.000000,1.758344,0.950000
2016-04-22T00:00:00.000000000,194,train,1062.3159,538292.15,0.0507,-0.014674,-1.394012,0.009341,0.019352,0.019352,-1.467381,0.000000,0.000000,0.000000,-1.467381,0.950000
2016-04-25T00:00:00.000000000,195,train,1050.7948,527379.32,0.0502,-0.010845,-1.030300,0.009607,0.019352,0.025360,-1.084527,0.000000,0.000000,0.000000,-1.084527,0.950000
2016-04-26T00:00:00.000000000,196,train,1049.7177,533563.82,0.0508,-0.001025,-0.097372,0.009620,0.019352,0.026359,-0.102496,0.000000,0.000000,0.000000,-0.102496,0.950000
2016-04-27T00:00:00.000000000,197,train,1047.5606,2517039.32,0.2403,-0.002055,-0.195222,0.009534,0.019352,0.028360,-0.205497,0.000000,0.000000,0.000000,-0.205497,0.950000
2016-04-28T00:00:00.000000000,198,train,1052.3710,534574.49,0.0508,0.004592,0.436242,0.009424,0.019352,0.028360,0.459202,0.000000,0.000000,0.000000,0.459202,0.950000
2016-04-29T00:00:00.000000000,199,train,1061.9817,537419.19,0.0506,0.009132,0.867578,0.009506,0.019352,0.028360,0.913240,0.000000,0.000000,0.000000,0.913240,0.950000
2016-05-02T00:00:00.000000000,200,train,1049.0392,534524.36,0.0510,-0.012187,-1.157777,0.009775,0.019352,0.028360,-1.218713,0.000000,0.000000,0.000000,-1.218713,0.950000
2016-05-03T00:00:00.000000000,201,train,1043.5064,1523209.78,0.1460,-0.005274,-0.501041,0.009845,0.019352,0.032120,-0.527412,0.000000,0.000000,0.000000,-0.527412,0.950000
2016-05-04T00:00:00.000000000,202,train,1049.4769,530193.61,0.0505,0.005722,0.543549,0.009854,0.019352,0.032120,0.572157,0.000000,0.000000,0.000000,0.572157,0.950000
2016-05-05T00:00:00.000000000,203,train,1039.7206,523025.21,0.0503,-0.009296,-0.883154,0.009784,0.019352,0.035632,-0.929636,0.000000,0.000000,0.000000,-0.929636,0.950000
2016-05-06T00:00:00.000000000,204,train,1038.4160,531981.34,0.0512,-0.001255,-0.119204,0.009721,0.019352,0.036842,-0.125477,0.000000,0.000000,0.000000,-0.125477,0.950000
2016-05-09T00:00:00.000000000,205,train,1036.0164,1510596.52,0.1458,-0.002311,-0.219526,0.009685,0.019352,0.039067,-0.231080,0.000000,0.000000,0.000000,-0.231080,0.950000
2016-05-10T00:00:00.000000000,206,train,1042.0760,533961.76,0.0512,0.005849,0.555648,0.009257,0.019352,0.039067,0.584892,0.000000,0.000000,0.000000,0.584892,0.950000
2016-05-11T00:00:00.000000000,207,train,1048.2345,536201.64,0.0512,0.005910,0.561438,0.009147,0.019352,0.039067,0.590988,0.000000,0.000000,0.000000,0.590988,0.950000
2016-05-12T00:00:00.000000000,208,train,1042.0494,528628.51,0.0507,-0.005901,-0.560553,0.009099,0.019352,0.039067,-0.590055,0.000000,0.000000,0.000000,-0.590055,0.950000
2016-05-13T00:00:00.000000000,209,train,1054.3548,1537151.43,0.1458,0.011809,1.121844,0.009216,0.019352,0.039067,1.180888,0.000000,0.000000,0.000000,1.180888,0.950000
2016-05-16T00:00:00.000000000,210,train,1062.2622,538955.33,0.0507,0.007500,0.712470,0.008469,0.014674,0.039067,0.749969,0.000000,0.000000,0.000000,0.749969,0.950000
2016-05-17T00:00:00.000000000,211,train,1061.6819,542820.29,0.0511,-0.000546,-0.051890,0.008433,0.014674,0.039067,-0.054621,0.000000,0.000000,0.000000,-0.054621,0.950000
2016-05-18T00:00:00.000000000,212,train,1068.1814,539701.58,0.0505,0.006122,0.581571,0.007826,0.014674,0.039067,0.612180,0.000000,0.000000,0.000000,0.612180,0.950000
2016-05-19T00:00:00.000000000,213,train,1057.8519,534196.82,0.0505,-0.009670,-0.918661,0.008064,0.014674,0.039067,-0.967012,0.000000,0.000000,0.000000,-0.967012,0.950000
2016-05-20T00:00:00.000000000,214,train,1060.9810,537444.73,0.0507,0.002958,0.281009,0.008040,0.014674,0.039067,0.295799,0.000000,0.000000,0.000000,0.295799,0.950000
2016-05-23T00:00:00.000000000,215,train,1058.0103,538284.63,0.0509,-0.002800,-0.265995,0.008061,0.014674,0.039067,-0.279995,0.000000,0.000000,0.000000,-0.279995,0.950000
2016-05-24T00:00:00.000000000,216,train,1048.4267,529826.20,0.0505,-0.009058,-0.860527,0.008105,0.014674,0.039067,-0.905818,0.000000,0.000000,0.000000,-0.905818,0.950000
2016-05-25T00:00:00.000000000,217,train,1041.7662,1519757.16,0.1459,-0.006353,-0.603522,0.008053,0.014674,0.039067,-0.635287,0.000000,0.000000,0.000000,-0.635287,0.950000
2016-05-26T00:00:00.000000000,218,train,1043.9852,533665.75,0.0511,0.002130,0.202354,0.007902,0.014674,0.039067,0.213004,0.000000,0.000000,0.000000,0.213004,0.950000
2016-05-27T00:00:00.000000000,219,train,1059.2328,548620.28,0.0518,0.014605,1.387496,0.008227,0.014674,0.039067,1.460522,0.000000,0.000000,0.000000,1.460522,0.950000
2016-05-30T00:00:00.000000000,220,train,1060.3378,541487.76,0.0511,0.001043,0.099107,0.008033,0.014674,0.039067,0.104323,0.000000,0.000000,0.000000,0.104323,0.950000
2016-05-31T00:00:00.000000000,221,train,1069.9720,2571421.49,0.2403,0.009086,0.863160,0.008124,0.014674,0.039067,0.908589,0.000000,0.000000,0.000000,0.908589,0.950000
2016-06-01T00:00:00.000000000,222,train,1072.8944,543814.29,0.0507,0.002731,0.259478,0.008015,0.014674,0.039067,0.273135,0.000000,0.000000,0.000000,0.273135,0.950000
2016-06-02T00:00:00.000000000,223,train,1066.9820,538360.88,0.0505,-0.005511,-0.523516,0.007419,0.014674,0.024757,-0.551070,0.000000,0.000000,0.000000,-0.551070,0.950000
2016-06-03T00:00:00.000000000,224,train,1069.2074,548686.23,0.0513,0.002086,0.198136,0.006932,0.012187,0.024729,0.208564,0.000000,0.000000,0.000000,0.208564,0.950000
2016-06-06T00:00:00.000000000,225,train,1085.1276,552852.73,0.0509,0.014890,1.414525,0.007098,0.012187,0.024729,1.488973,0.000000,0.000000,0.000000,1.488973,0.950000
2016-06-07T00:00:00.000000000,226,train,1075.8767,545531.89,0.0507,-0.008525,-0.809890,0.007297,0.012187,0.024729,-0.852516,0.000000,0.000000,0.000000,-0.852516,0.950000
2016-06-08T00:00:00.000000000,227,train,1073.7497,544311.94,0.0507,-0.001977,-0.187815,0.007296,0.012187,0.024729,-0.197700,0.000000,0.000000,0.000000,-0.197700,0.950000
2016-06-09T00:00:00.000000000,228,train,1073.5222,548370.99,0.0511,-0.000212,-0.020131,0.007265,0.012187,0.024729,-0.021191,0.000000,0.000000,0.000000,-0.021191,0.950000
2016-06-10T00:00:00.000000000,229,train,1071.9006,1553010.58,0.1449,-0.001511,-0.143498,0.007102,0.012187,0.024729,-0.151051,0.000000,0.000000,0.000000,-0.151051,0.950000
2016-06-13T00:00:00.000000000,230,train,1069.6077,544975.07,0.0510,-0.002139,-0.203216,0.006731,0.009670,0.024729,-0.213912,0.000000,0.000000,0.000000,-0.213912,0.950000
2016-06-14T00:00:00.000000000,231,train,1059.2145,532657.49,0.0503,-0.009717,-0.923100,0.006907,0.009717,0.024729,-0.971684,0.000000,0.000000,0.000000,-0.971684,0.950000
2016-06-15T00:00:00.000000000,232,train,1064.1368,535973.02,0.0504,0.004647,0.441484,0.006882,0.009717,0.024729,0.464720,0.000000,0.000000,0.000000,0.464720,0.950000
2016-06-16T00:00:00.000000000,233,train,1066.9051,1553977.78,0.1457,0.002601,0.247137,0.006646,0.009717,0.024729,0.260144,0.000000,0.000000,0.000000,0.260144,0.950000
2016-06-17T00:00:00.000000000,234,train,1068.7946,536482.01,0.0502,0.001771,0.168247,0.006636,0.009717,0.024729,0.177102,0.000000,0.000000,0.000000,0.177102,0.950000
2016-06-20T00:00:00.000000000,235,train,1070.7395,545356.86,0.0509,0.001820,0.172867,0.006609,0.009717,0.024729,0.181965,0.000000,0.000000,0.000000,0.181965,0.950000
2016-06-21T00:00:00.000000000,236,train,1068.2993,545195.30,0.0510,-0.002279,-0.216506,0.006576,0.009717,0.024729,-0.227901,0.000000,0.000000,0.000000,-0.227901,0.950000
2016-06-22T00:00:00.000000000,237,train,1088.0408,538751.53,0.0495,0.018479,1.755544,0.007251,0.009717,0.024729,1.847941,0.000000,0.000000,0.000000,1.847941,0.950000
2016-06-23T00:00:00.000000000,238,train,1079.6687,552284.29,0.0512,-0.007695,-0.730997,0.007317,0.009717,0.024729,-0.769470,0.000000,0.000000,0.000000,-0.769470,0.950000
2016-06-24T00:00:00.000000000,239,train,1080.7260,546347.77,0.0506,0.000979,0.093038,0.007047,0.009717,0.024729,0.097934,0.000000,0.000000,0.000000,0.097934,0.950000
2016-06-27T00:00:00.000000000,240,train,1056.9073,533924.62,0.0505,-0.022040,-2.093753,0.008042,0.022040,0.028614,-2.203950,0.000000,0.000000,0.000000,-2.203950,0.950000
2016-06-28T00:00:00.000000000,241,train,1061.0065,1536748.27,0.1448,0.003878,0.368455,0.008074,0.022040,0.028614,0.387847,0.000000,0.000000,0.000000,0.387847,0.950000
2016-06-29T00:00:00.000000000,242,train,1073.3804,537370.94,0.0501,0.011662,1.107924,0.008273,0.022040,0.028614,1.166236,0.000000,0.000000,0.000000,1.166236,0.950000
2016-06-30T00:00:00.000000000,243,train,1081.4467,541456.87,0.0501,0.007515,0.713914,0.008164,0.022040,0.028614,0.751488,0.000000,0.000000,0.000000,0.751488,0.950000
2016-07-01T00:00:00.000000000,244,train,1104.8413,554375.42,0.0502,0.021633,2.055101,0.008978,0.022040,0.028614,2.163264,0.000000,0.000000,0.000000,2.163264,0.950000
2016-07-04T00:00:00.000000000,245,train,1115.8588,1615601.74,0.1448,0.009972,0.947342,0.009072,0.022040,0.028614,0.997202,0.000000,0.000000,0.000000,0.997202,0.950000
2016-07-05T00:00:00.000000000,246,train,1124.3132,564572.18,0.0502,0.007577,0.719780,0.008897,0.022040,0.028614,0.757663,0.000000,0.000000,0.000000,0.757663,0.950000
2016-07-07T00:00:00.000000000,247,train,1129.6547,567099.39,0.0502,0.004751,0.451336,0.008756,0.022040,0.028614,0.475090,0.000000,0.000000,0.000000,0.475090,0.950000
2016-07-08T00:00:00.000000000,248,train,1116.1132,563507.75,0.0505,-0.011987,-1.138794,0.009147,0.022040,0.028614,-1.198731,0.000000,0.000000,0.000000,-1.198731,0.950000
2016-07-11T00:00:00.000000000,249,train,1123.1088,1629774.73,0.1451,0.006268,0.595444,0.008891,0.022040,0.028614,0.626783,0.000000,0.000000,0.000000,0.626783,0.950000
2016-07-12T00:00:00.000000000,250,train,1134.7309,571716.72,0.0504,0.010348,0.983068,0.009014,0.022040,0.028614,1.034809,0.000000,0.000000,0.000000,1.034809,0.950000
2016-07-13T00:00:00.000000000,251,train,1143.0979,574932.87,0.0503,0.007374,0.700487,0.008976,0.022040,0.028614,0.737355,0.000000,0.000000,0.000000,0.737355,0.950000
2016-07-14T00:00:00.000000000,252,train,1160.4924,582838.90,0.0502,0.015217,1.445620,0.009274,0.022040,0.028614,1.521705,0.000000,0.000000,0.000000,1.521705,0.950000
2016-07-15T00:00:00.000000000,253,train,1148.2074,2754024.18,0.2399,-0.010586,-1.005671,0.009465,0.022040,0.028614,-1.058602,0.000000,0.000000,0.000000,-1.058602,0.950000
2016-07-18T00:00:00.000000000,254,train,1157.8937,581058.58,0.0502,0.008436,0.707401,0.009525,0.022040,0.028614,0.782974,0.008227,0.012519,0.007493,0.754735,0.937283
2016-07-19T00:00:00.000000000,255,train,1158.9704,730749.47,0.0631,0.000930,0.054640,0.009255,0.022040,0.028614,0.086302,0.007994,0.012519,0.007493,0.058296,0.937283
2016-07-20T00:00:00.000000000,256,train,1154.1847,725578.59,0.0629,-0.004129,-0.385352,0.009117,0.022040,0.028614,-0.383250,0.007875,0.012519,0.007493,-0.411137,0.937283
2016-07-21T00:00:00.000000000,257,train,1159.0804,1812858.61,0.1564,0.004242,0.342885,0.009087,0.022040,0.028614,0.393689,0.007849,0.012519,0.007493,0.365829,0.937283
2016-07-22T00:00:00.000000000,258,train,1177.6341,743456.98,0.0631,0.016007,1.366160,0.009381,0.022040,0.028614,1.485690,0.008103,0.012519,0.007493,1.457575,0.937283
2016-07-25T00:00:00.000000000,259,train,1178.7987,743894.80,0.0631,0.000989,0.019275,0.009351,0.022040,0.028614,0.083466,0.023099,0.025741,0.013783,0.020843,0.924764
2016-07-26T00:00:00.000000000,260,train,1186.4912,894782.07,0.0754,0.006526,0.451523,0.009315,0.022040,0.028614,0.550791,0.023010,0.025741,0.013783,0.488257,0.924764
2016-07-27T00:00:00.000000000,261,train,1193.5999,896038.65,0.0751,0.005991,0.410553,0.008992,0.022040,0.028614,0.505692,0.022214,0.025741,0.013783,0.443954,0.924764
2016-07-28T00:00:00.000000000,262,train,1202.0590,906210.51,0.0754,0.007087,0.496028,0.009009,0.022040,0.028614,0.598162,0.022254,0.025741,0.013783,0.536384,0.924764
2016-07-29T00:00:00.000000000,263,train,1205.8526,909546.24,0.0754,0.003156,0.189203,0.009006,0.022040,0.028614,0.266368,0.022248,0.025741,0.013783,0.204596,0.924764
2016-08-01T00:00:00.000000000,264,train,1205.3072,912126.68,0.0757,-0.000452,-0.108969,0.009034,0.022040,0.028614,-0.034868,0.024562,0.029337,0.030949,-0.119716,0.910225
2016-08-02T00:00:00.000000000,265,train,1212.5771,1086453.61,0.0896,0.006032,0.346014,0.009031,0.022040,0.028614,0.464981,0.024553,0.029337,0.030949,0.380141,0.910225
2016-08-03T00:00:00.000000000,266,train,1224.3582,1103586.07,0.0901,0.009716,0.604606,0.009001,0.022040,0.028614,0.748995,0.024472,0.029337,0.030949,0.664238,0.910225
2016-08-04T00:00:00.000000000,267,train,1210.3722,1088900.57,0.0900,-0.011423,-0.872394,0.009064,0.022040,0.022040,-0.880620,0.024642,0.029337,0.023838,-0.958437,0.910225
2016-08-05T00:00:00.000000000,268,train,1202.6847,1083048.05,0.0901,-0.006351,-0.516373,0.009011,0.022040,0.022040,-0.489628,0.024499,0.029337,0.023838,-0.567302,0.910225
2016-08-08T00:00:00.000000000,269,train,1211.6711,1084754.79,0.0895,0.007472,0.384771,0.009023,0.022040,0.017702,0.528931,0.041003,0.040884,0.019201,0.427844,0.899324
2016-08-09T00:00:00.000000000,270,train,1248.5553,1258827.91,0.1008,0.030441,1.864220,0.008918,0.011987,0.017702,2.154879,0.040529,0.022237,0.019201,2.072912,0.899324
2016-08-10T00:00:00.000000000,271,train,1249.1069,1259348.57,0.1008,0.000442,-0.045770,0.008962,0.011987,0.017702,0.031271,0.040727,0.022237,0.019201,-0.050894,0.899324
2016-08-11T00:00:00.000000000,272,train,1234.7807,1247213.36,0.1010,-0.011469,-0.805765,0.009383,0.011987,0.017702,-0.811888,0.042642,0.022237,0.019201,-0.895968,0.899324
2016-08-12T00:00:00.000000000,273,train,1210.9884,1219153.63,0.1007,-0.019268,-1.330704,0.010304,0.019268,0.030517,-1.364000,0.046827,0.035743,0.033101,-1.479671,0.899324
2016-08-16T00:00:00.000000000,274,train,1198.3432,1209685.53,0.1009,-0.010442,-0.703533,0.010063,0.019268,0.040640,-0.605446,0.101166,0.040595,0.046238,-0.793445,0.886682
2016-08-17T00:00:00.000000000,275,train,1206.5008,1370735.12,0.1136,0.006807,0.183814,0.010003,0.019268,0.040640,0.394703,0.100565,0.040595,0.046238,0.207305,0.886682
2016-08-18T00:00:00.000000000,276,train,1210.2891,1375614.12,0.1137,0.003140,-0.004369,0.009962,0.019268,0.040640,0.182057,0.100152,0.040595,0.046238,-0.004927,0.886682
2016-08-19T00:00:00.000000000,277,train,1211.4022,1370561.73,0.1131,0.000920,-0.118470,0.009957,0.019268,0.040640,0.053324,0.100102,0.040595,0.046238,-0.133610,0.886682
2016-08-22T00:00:00.000000000,278,train,1226.5074,1392953.76,0.1136,0.012469,0.456801,0.009746,0.019268,0.040640,0.709566,0.125457,0.041445,0.026802,0.515861,0.885511
2016-08-23T00:00:00.000000000,279,train,1229.3195,1410888.61,0.1148,0.002293,-0.055813,0.009731,0.019268,0.040640,0.130474,0.125256,0.041445,0.026802,-0.063029,0.885511
2016-08-24T00:00:00.000000000,280,train,1221.0487,1400147.52,0.1147,-0.006728,-0.511019,0.009787,0.019268,0.040640,-0.382858,0.125983,0.041445,0.026802,-0.577089,0.885511
2016-08-25T00:00:00.000000000,281,train,1211.7647,1384608.61,0.1143,-0.007603,-0.556493,0.009907,0.019268,0.040640,-0.432672,0.127523,0.041445,0.026802,-0.628443,0.885511
2016-08-26T00:00:00.000000000,282,train,1229.2730,1411423.06,0.1148,0.014449,0.555092,0.009873,0.019268,0.040640,0.822203,0.127095,0.041445,0.026802,0.626860,0.885511
2016-08-29T00:00:00.000000000,283,train,1223.4624,1404565.29,0.1148,-0.004727,-0.394689,0.009679,0.019268,0.040640,-0.266083,0.071105,0.047566,0.067755,-0.452510,0.872223
2016-08-30T00:00:00.000000000,284,train,1221.5661,1563016.94,0.1280,-0.001550,-0.238389,0.009629,0.019268,0.040640,-0.087252,0.070740,0.047566,0.067755,-0.273312,0.872223
2016-08-31T00:00:00.000000000,285,train,1225.6124,1567817.20,0.1279,0.003312,0.000338,0.009631,0.019268,0.040640,0.186464,0.070755,0.047566,0.067755,0.000388,0.872223
2016-09-01T00:00:00.000000000,286,train,1234.4795,1579646.29,0.1280,0.007235,0.193068,0.009610,0.019268,0.040640,0.407268,0.070596,0.047566,0.067755,0.221351,0.872223
2016-09-02T00:00:00.000000000,287,train,1234.5175,1581299.88,0.1281,0.000031,-0.160658,0.009611,0.019268,0.040640,0.001732,0.070605,0.047566,0.067755,-0.184194,0.872223
2016-09-06T00:00:00.000000000,288,train,1227.5653,1572697.68,0.1281,-0.005632,-0.415453,0.009353,0.019268,0.040640,-0.253826,0.113272,0.066445,0.054714,-0.488257,0.850889
2016-09-07T00:00:00.000000000,289,train,1229.5268,1830576.91,0.1489,0.001598,-0.138192,0.009352,0.019268,0.040640,0.072019,0.113269,0.066445,0.054714,-0.162409,0.850889
2016-09-08T00:00:00.000000000,290,train,1243.7486,1854605.20,0.1491,0.011567,0.242755,0.009486,0.019268,0.040640,0.521347,0.114892,0.066445,0.054714,0.285296,0.850889
2016-09-09T00:00:00.000000000,291,train,1253.3532,1869136.94,0.1491,0.007722,0.094983,0.009518,0.019268,0.040640,0.348062,0.115275,0.066445,0.054714,0.111628,0.850889
2016-09-12T00:00:00.000000000,292,train,1251.0443,1866405.21,0.1492,-0.001842,-0.275267,0.009484,0.019268,0.040640,-0.076048,0.133802,0.043984,0.077574,-0.331408,0.830597
2016-09-14T00:00:00.000000000,293,train,1229.4081,2083136.93,0.1694,-0.017294,-0.811719,0.010049,0.019268,0.040640,-0.713930,0.141784,0.043984,0.077574,-0.977272,0.830597
2016-09-15T00:00:00.000000000,294,train,1216.5100,2065820.75,0.1698,-0.010491,-0.580773,0.010247,0.019268,0.040640,-0.433090,0.144575,0.043984,0.077574,-0.699224,0.830597
2016-09-16T00:00:00.000000000,295,train,1225.8580,2079802.51,0.1697,0.007684,0.042019,0.010282,0.019268,0.040640,0.317212,0.145065,0.043984,0.077574,0.050589,0.830597
2016-09-19T00:00:00.000000000,296,train,1226.5713,2080802.43,0.1696,0.000582,-0.239689,0.010136,0.019268,0.040640,0.015474,0.096893,0.096621,0.118735,-0.296775,0.807647
2016-09-20T00:00:00.000000000,297,train,1224.5695,2353487.01,0.1922,-0.001632,-0.285529,0.009915,0.019268,0.040640,-0.043400,0.094776,0.096621,0.118735,-0.353532,0.807647
2016-09-21T00:00:00.000000000,298,train,1230.1056,2366834.26,0.1924,0.004521,-0.152944,0.009859,0.019268,0.040640,0.120224,0.094238,0.096621,0.118735,-0.189371,0.807647
2016-09-22T00:00:00.000000000,299,train,1227.0035,2361068.88,0.1924,-0.002522,-0.303725,0.009796,0.019268,0.040640,-0.067064,0.093642,0.096621,0.118735,-0.376062,0.807647
2016-09-23T00:00:00.000000000,300,train,1235.9937,2377241.35,0.1923,0.007327,-0.079752,0.008185,0.019268,0.040640,0.194849,0.078239,0.096621,0.118735,-0.098747,0.807647
2016-09-26T00:00:00.000000000,301,train,1241.5774,2385291.78,0.1921,0.004518,-0.168809,0.008230,0.019268,0.029509,0.085196,0.082253,0.109620,0.096515,-0.203192,0.830785
2016-09-27T00:00:00.000000000,302,train,1243.0096,2104043.39,0.1693,0.001154,-0.218962,0.007959,0.019268,0.029396,0.021754,0.079551,0.109620,0.096144,-0.263561,0.830785
2016-09-28T00:00:00.000000000,303,train,1239.6946,2098476.84,0.1693,-0.002667,-0.262481,0.007115,0.017294,0.029396,-0.050295,0.071114,0.098390,0.096144,-0.315943,0.830785
2016-09-29T00:00:00.000000000,304,train,1237.0092,2094106.10,0.1693,-0.002166,-0.252253,0.006829,0.017294,0.029396,-0.040851,0.068248,0.098390,0.096144,-0.303632,0.830785
2016-09-30T00:00:00.000000000,305,train,1249.2088,2111653.44,0.1690,0.009862,-0.064684,0.006935,0.017294,0.029396,0.185988,0.069313,0.098390,0.096144,-0.077858,0.830785
2016-10-03T00:00:00.000000000,306,train,1202.0856,2034783.54,0.1693,-0.037722,-0.989311,0.009827,0.037722,0.040904,-0.768526,0.149870,0.187435,0.099321,-1.205152,0.820902
2016-10-04T00:00:00.000000000,307,train,1232.8877,2208190.03,0.1791,0.025624,0.057125,0.010865,0.037722,0.040904,0.522040,0.165696,0.187435,0.099321,0.069588,0.820902
2016-10-05T00:00:00.000000000,308,train,1249.5128,2238710.19,0.1792,0.013485,-0.146375,0.010903,0.037722,0.040904,0.274726,0.166280,0.187435,0.099321,-0.178310,0.820902
2016-10-06T00:00:00.000000000,309,train,1276.7336,2284029.42,0.1789,0.021785,-0.015554,0.011542,0.037722,0.040904,0.443832,0.176023,0.187435,0.099321,-0.018947,0.820902
2016-10-07T00:00:00.000000000,310,train,1286.6705,2305689.25,0.1792,0.007783,-0.249181,0.011498,0.037722,0.040904,0.158565,0.175355,0.187435,0.099321,-0.303546,0.820902
2016-10-10T00:00:00.000000000,311,train,1284.0824,2300489.31,0.1792,-0.002011,-0.399230,0.011389,0.037722,0.040904,-0.055653,0.188926,0.170600,0.067665,-0.482845,0.826830
2016-10-13T00:00:00.000000000,312,train,1279.0057,2215256.31,0.1732,-0.003954,-0.441008,0.011196,0.037722,0.040904,-0.109384,0.185723,0.170600,0.067665,-0.533372,0.826830
2016-10-14T00:00:00.000000000,313,train,1269.8248,2196367.31,0.1730,-0.007178,-0.515504,0.011249,0.037722,0.040904,-0.198601,0.186604,0.170600,0.067665,-0.623471,0.826830
2016-10-17T00:00:00.000000000,314,train,1258.0158,2179490.56,0.1732,-0.009300,-0.526368,0.011399,0.037722,0.040904,-0.206823,0.193561,0.139429,0.103567,-0.643380,0.818128
2016-10-18T00:00:00.000000000,315,train,1271.3895,2313336.41,0.1820,0.010631,-0.165449,0.011523,0.037722,0.040904,0.236425,0.195659,0.139429,0.103567,-0.202229,0.818128
2016-10-19T00:00:00.000000000,316,train,1260.8533,2294045.32,0.1819,-0.008287,-0.510629,0.011593,0.037722,0.040904,-0.184304,0.196842,0.139429,0.103567,-0.624142,0.818128
2016-10-20T00:00:00.000000000,317,train,1273.9111,2316129.95,0.1818,0.010356,-0.173154,0.011718,0.037722,0.040904,0.230322,0.198973,0.139429,0.103567,-0.211646,0.818128
2016-10-21T00:00:00.000000000,318,train,1285.9201,2340261.80,0.1820,0.009427,-0.190380,0.011741,0.037722,0.040904,0.209652,0.199358,0.139429,0.103567,-0.232702,0.818128
2016-10-24T00:00:00.000000000,319,train,1284.9494,2338184.71,0.1820,-0.000755,-0.329693,0.011748,0.037722,0.040904,-0.024928,0.135829,0.124885,0.111669,-0.397311,0.829810
2016-10-25T00:00:00.000000000,320,train,1291.9706,2199279.43,0.1702,0.005464,-0.158088,0.011625,0.037722,0.040904,0.180449,0.134405,0.124885,0.111669,-0.190511,0.829810
2016-10-26T00:00:00.000000000,321,train,1290.0979,2191669.32,0.1699,-0.001450,-0.343044,0.011574,0.037722,0.039134,-0.047869,0.133810,0.124885,0.106837,-0.413401,0.829810
2016-10-27T00:00:00.000000000,322,train,1278.7455,2178028.23,0.1703,-0.008800,-0.542457,0.011698,0.037722,0.037722,-0.290598,0.135247,0.124885,0.102983,-0.653712,0.829810
2016-10-28T00:00:00.000000000,323,train,1261.5471,2148722.22,0.1703,-0.013449,-0.668157,0.011519,0.037722,0.037722,-0.444151,0.133175,0.124885,0.102983,-0.805193,0.829810
2016-11-01T00:00:00.000000000,324,train,1266.0213,2156262.17,0.1703,0.003547,-0.297467,0.011329,0.037722,0.037722,0.080396,0.177692,0.181106,0.082827,-0.361230,0.823485
2016-11-02T00:00:00.000000000,325,train,1270.2355,2239565.93,0.1763,0.003329,-0.300841,0.011275,0.037722,0.037722,0.075456,0.176849,0.181106,0.082827,-0.365327,0.823485
2016-11-03T00:00:00.000000000,326,train,1259.8330,2224697.81,0.1766,-0.008189,-0.517486,0.011402,0.037722,0.037722,-0.185642,0.178834,0.181106,0.082827,-0.628410,0.823485
2016-11-04T00:00:00.000000000,327,train,1234.8416,2180940.95,0.1766,-0.019837,-0.754291,0.011993,0.037722,0.044218,-0.449677,0.188101,0.181106,0.097091,-0.915975,0.823485
2016-11-07T00:00:00.000000000,328,train,1216.5586,2148200.49,0.1766,-0.014806,-0.753351,0.012267,0.037722,0.058370,-0.450439,0.130305,0.223313,0.109347,-0.913405,0.824773
2016-11-08T00:00:00.000000000,329,train,1209.5130,2118722.50,0.1752,-0.005791,-0.535880,0.012301,0.037722,0.063823,-0.176190,0.130664,0.223313,0.119563,-0.649730,0.824773
2016-11-09T00:00:00.000000000,330,train,1216.9418,2132671.92,0.1752,0.006142,-0.236248,0.012278,0.037722,0.063823,0.186856,0.130420,0.223313,0.119563,-0.286440,0.824773
2016-11-10T00:00:00.000000000,331,train,1141.3401,2000544.61,0.1753,-0.062124,-2.186722,0.016487,0.062124,0.116590,-1.889992,0.175127,0.367771,0.218413,-2.651303,0.824773
2016-11-11T00:00:00.000000000,332,train,1231.3705,2158539.77,0.1753,0.078881,1.302617,0.022052,0.062124,0.116590,2.399784,0.234235,0.367771,0.218413,1.579366,0.824773
2016-11-15T00:00:00.000000000,333,train,1247.8885,2184575.60,0.1751,0.013414,-0.370970,0.022177,0.062124,0.116590,0.384998,0.345917,0.270200,0.214025,-0.445143,0.833372
2016-11-16T00:00:00.000000000,334,train,1236.6162,2061600.54,0.1667,-0.009033,-0.908668,0.022238,0.062124,0.116590,-0.259254,0.346873,0.270200,0.214025,-1.090352,0.833372
2016-11-17T00:00:00.000000000,335,train,1233.3618,2056069.38,0.1667,-0.002632,-0.754684,0.022171,0.062124,0.116590,-0.075532,0.345823,0.270200,0.214025,-0.905580,0.833372
2016-11-18T00:00:00.000000000,336,train,1206.0433,2010672.17,0.1667,-0.022150,-1.212230,0.021457,0.062124,0.116590,-0.635701,0.334683,0.270200,0.214025,-1.454609,0.833372
2016-11-21T00:00:00.000000000,337,train,1212.5704,2021687.92,0.1667,0.005412,-0.797794,0.020964,0.062124,0.116590,0.059555,0.429272,0.197723,0.374591,-0.942031,0.846888
2016-11-22T00:00:00.000000000,338,train,1221.1790,1870811.05,0.1532,0.007099,-0.780173,0.020855,0.062124,0.116590,0.078124,0.427035,0.197723,0.374591,-0.921224,0.846888
2016-11-23T00:00:00.000000000,339,train,1202.3092,1842409.95,0.1532,-0.015452,-0.985837,0.020595,0.062124,0.116590,-0.170040,0.421717,0.197723,0.374591,-1.164070,0.846888
2016-11-24T00:00:00.000000000,340,train,1210.2445,1854615.97,0.1532,0.006600,-0.780025,0.020578,0.062124,0.116590,0.072629,0.421364,0.197723,0.374591,-0.921048,0.846888
2016-11-25T00:00:00.000000000,341,train,1199.6939,1837000.88,0.1531,-0.008718,-0.923421,0.020615,0.062124,0.116590,-0.095932,0.422124,0.197723,0.374591,-1.090370,0.846888
2016-11-28T00:00:00.000000000,342,train,1199.9458,1837832.15,0.1532,0.000210,-0.658269,0.020616,0.062124,0.116590,0.006238,0.198384,0.382964,0.235740,-0.810850,0.811826
2016-11-29T00:00:00.000000000,343,train,1206.5750,2270798.66,0.1882,0.005525,-0.530215,0.020634,0.062124,0.116590,0.164147,0.198557,0.382964,0.235740,-0.653114,0.811826
2016-11-30T00:00:00.000000000,344,train,1224.4795,2305111.66,0.1883,0.014839,-0.306711,0.020784,0.062124,0.116590,0.440900,0.200000,0.382964,0.235740,-0.377804,0.811826
2016-12-01T00:00:00.000000000,345,train,1224.2807,2302463.41,0.1881,-0.000162,-0.667734,0.020678,0.062124,0.116590,-0.004823,0.198981,0.382964,0.235740,-0.822508,0.811826
2016-12-02T00:00:00.000000000,346,train,1227.0871,2310583.45,0.1883,0.002292,-0.608241,0.020641,0.062124,0.116590,0.068109,0.198632,0.382964,0.235740,-0.749227,0.811826
2016-12-05T00:00:00.000000000,347,train,1211.0344,2279540.21,0.1882,-0.013082,-0.974104,0.020652,0.062124,0.116590,-0.441823,0.180517,0.225677,0.356548,-1.204565,0.808676
2016-12-06T00:00:00.000000000,348,train,1205.9737,2308538.65,0.1914,-0.004179,-0.730269,0.020557,0.062124,0.116590,-0.141133,0.179684,0.225677,0.356548,-0.903043,0.808676
2016-12-07T00:00:00.000000000,349,train,1225.5919,2343837.59,0.1912,0.016268,-0.173666,0.020815,0.062124,0.116590,0.549411,0.181938,0.225677,0.356548,-0.214753,0.808676
2016-12-08T00:00:00.000000000,350,train,1227.0493,2348618.85,0.1914,0.001189,-0.582083,0.020782,0.062124,0.115307,0.040160,0.181653,0.225677,0.352626,-0.719797,0.808676
2016-12-09T00:00:00.000000000,351,train,1224.4661,2343597.57,0.1914,-0.002105,-0.652634,0.020782,0.062124,0.107453,-0.071100,0.181656,0.225677,0.328607,-0.807040,0.808676
2016-12-12T00:00:00.000000000,352,train,1228.9934,2352096.05,0.1914,0.003697,-0.696657,0.020758,0.062124,0.101474,0.068973,0.228767,0.464375,0.222518,-0.846687,0.822804
2016-12-13T00:00:00.000000000,353,train,1231.3697,2181324.26,0.1771,0.001934,-0.722627,0.020636,0.062124,0.101474,0.036071,0.227427,0.464375,0.222518,-0.878250,0.822804
2016-12-14T00:00:00.000000000,354,train,1223.1916,2168636.88,0.1773,-0.006642,-0.854366,0.020649,0.062124,0.101474,-0.123896,0.227569,0.464375,0.222518,-1.038359,0.822804
2016-12-15T00:00:00.000000000,355,train,1228.2449,2177038.60,0.1772,0.004131,-0.675679,0.020655,0.062124,0.094054,0.077068,0.227635,0.464375,0.206249,-0.821191,0.822804
2016-12-16T00:00:00.000000000,356,train,1209.3851,2144511.12,0.1773,-0.015355,-0.942823,0.020779,0.062124,0.075719,-0.286447,0.229000,0.464375,0.166043,-1.145866,0.822804
2016-12-19T00:00:00.000000000,357,train,1218.6812,2159800.39,0.1772,0.007687,-0.421888,0.020540,0.062124,0.062124,0.201004,0.176111,0.408588,0.147960,-0.531655,0.793536
2016-12-20T00:00:00.000000000,358,train,1213.9916,2507701.85,0.2066,-0.003848,-0.660116,0.020374,0.062124,0.062124,-0.100628,0.174690,0.408588,0.147960,-0.831867,0.793536
2016-12-21T00:00:00.000000000,359,train,1205.0195,2488505.19,0.2065,-0.007391,-0.733744,0.020391,0.062124,0.062124,-0.193262,0.174841,0.408588,0.147960,-0.924652,0.793536
2016-12-22T00:00:00.000000000,360,train,1198.9320,2476331.08,0.2065,-0.005052,-0.641866,0.020380,0.062124,0.039232,-0.132104,0.174739,0.408588,0.093437,-0.808868,0.793536
2016-12-23T00:00:00.000000000,361,train,1193.8733,2463880.90,0.2064,-0.004219,-0.399760,0.016872,0.022150,0.043285,-0.110336,0.144666,0.145676,0.103092,-0.503770,0.793536
2016-12-26T00:00:00.000000000,362,train,1178.3544,2433604.89,0.2065,-0.012999,-0.611335,0.009141,0.022150,0.055721,-0.394154,0.111485,0.102517,0.123380,-0.731536,0.835686
2016-12-27T00:00:00.000000000,363,train,1169.9150,1923085.59,0.1644,-0.007162,-0.456311,0.008766,0.022150,0.053938,-0.217169,0.106914,0.102517,0.119432,-0.546032,0.835686
2016-12-28T00:00:00.000000000,364,train,1162.1182,1910483.40,0.1644,-0.006664,-0.450248,0.008714,0.022150,0.057764,-0.202081,0.106277,0.102517,0.127902,-0.538777,0.835686
2016-12-29T00:00:00.000000000,365,train,1174.3717,2909579.76,0.2478,0.010544,-0.014280,0.009000,0.022150,0.056239,0.319721,0.109765,0.102517,0.124527,-0.017087,0.835686
2016-12-30T00:00:00.000000000,366,train,1177.1419,1934120.55,0.1643,0.002359,-0.187337,0.008171,0.015452,0.056239,0.071528,0.099654,0.071518,0.124527,-0.224171,0.835686
2017-01-02T00:00:00.000000000,367,train,1190.8321,1957334.91,0.1644,0.011630,-0.084898,0.008401,0.015452,0.056239,0.227056,0.138012,0.092530,0.099419,-0.102905,0.825012
2017-01-03T00:00:00.000000000,368,train,1194.8822,2091782.40,0.1751,0.003401,-0.216266,0.008314,0.015452,0.056239,0.066400,0.136587,0.092530,0.099419,-0.262136,0.825012
2017-01-04T00:00:00.000000000,369,train,1197.5665,2093356.16,0.1748,0.002246,-0.228246,0.007861,0.015355,0.056239,0.043859,0.129149,0.091949,0.099419,-0.276658,0.825012
2017-01-05T00:00:00.000000000,370,train,1208.9214,2116253.52,0.1751,0.009482,-0.113042,0.007959,0.015355,0.056239,0.185113,0.130763,0.091949,0.099419,-0.137019,0.825012
2017-01-06T00:00:00.000000000,371,train,1216.9789,2130511.43,0.1751,0.006665,-0.157288,0.007877,0.015355,0.056239,0.130123,0.129404,0.091949,0.099419,-0.190649,0.825012
2017-01-09T00:00:00.000000000,372,train,1239.1573,2168507.37,0.1750,0.018224,0.212643,0.008493,0.015355,0.056239,0.562203,0.101481,0.066989,0.131831,0.261902,0.811917
2017-01-10T00:00:00.000000000,373,train,1237.2988,2324326.51,0.1879,-0.001500,-0.281113,0.008465,0.015355,0.056239,-0.046269,0.101144,0.066989,0.131831,-0.346233,0.811917
2017-01-11T00:00:00.000000000,374,train,1234.1806,2323482.87,0.1883,-0.002520,-0.302886,0.008075,0.015355,0.056239,-0.077746,0.096484,0.066989,0.131831,-0.373050,0.811917
2017-01-12T00:00:00.000000000,375,train,1238.1489,2329874.08,0.1882,0.003215,-0.159386,0.008092,0.015355,0.056239,0.099191,0.096680,0.066989,0.131831,-0.196309,0.811917
2017-01-13T00:00:00.000000000,376,train,1264.5293,2380131.32,0.1882,0.021306,0.285733,0.008917,0.015355,0.056239,0.657285,0.106541,0.066989,0.131831,0.351924,0.811917
2017-01-16T00:00:00.000000000,377,train,1278.3346,2402576.69,0.1879,0.010917,0.084927,0.008687,0.015355,0.056239,0.384155,0.089717,0.067356,0.124993,0.102089,0.831886
2017-01-17T00:00:00.000000000,378,train,1270.2872,2138240.76,0.1683,-0.006295,-0.419412,0.008745,0.015355,0.056239,-0.221515,0.090306,0.067356,0.124993,-0.504170,0.831886
2017-01-18T00:00:00.000000000,379,train,1280.3816,2154257.08,0.1683,0.007947,0.000387,0.008406,0.015355,0.056239,0.279621,0.086807,0.067356,0.124993,0.000465,0.831886
2017-01-19T00:00:00.000000000,380,train,1282.3533,2160820.43,0.1685,0.001540,-0.187146,0.008406,0.015355,0.056239,0.054188,0.086805,0.067356,0.124993,-0.224966,0.831886
2017-01-20T00:00:00.000000000,381,train,1287.1441,2162511.19,0.1680,0.003736,-0.122708,0.008387,0.015355,0.056239,0.131459,0.086616,0.067356,0.124993,-0.147506,0.831886
2017-01-23T00:00:00.000000000,382,train,1297.8146,2183006.41,0.1682,0.008290,0.036373,0.008464,0.015355,0.056239,0.326866,0.046646,0.051712,0.183960,0.044548,0.816497
2017-01-24T00:00:00.000000000,383,train,1273.7663,2338716.52,0.1836,-0.018530,-0.832775,0.009221,0.018530,0.053838,-0.730609,0.050817,0.062403,0.176106,-1.019936,0.816497
2017-01-25T00:00:00.000000000,384,train,1289.3138,2368559.31,0.1837,0.012206,0.156321,0.009309,0.018530,0.053838,0.481265,0.051302,0.062403,0.176106,0.191454,0.816497
2017-01-27T00:00:00.000000000,385,train,1302.3226,2389525.65,0.1835,0.010090,0.107526,0.009419,0.018530,0.046413,0.397825,0.051911,0.062403,0.151819,0.131692,0.816497
2017-01-30T00:00:00.000000000,386,train,1315.9021,2415841.66,0.1836,0.010427,0.022246,0.008962,0.018530,0.046413,0.318606,0.076005,0.111382,0.104094,0.027125,0.820115
2017-01-31T00:00:00.000000000,387,train,1328.0852,2390236.70,0.1800,0.009258,-0.000495,0.008994,0.018530,0.042730,0.282892,0.076281,0.111382,0.095832,-0.000604,0.820115
2017-02-01T00:00:00.000000000,388,train,1323.5061,2383164.97,0.1801,-0.003448,-0.305722,0.008985,0.018530,0.035602,-0.105352,0.076199,0.111382,0.079847,-0.372780,0.820115
2017-02-02T00:00:00.000000000,389,train,1300.0283,2337752.78,0.1798,-0.017739,-0.658802,0.009555,0.018530,0.030705,-0.542025,0.081032,0.111382,0.068865,-0.803305,0.820115
2017-02-03T00:00:00.000000000,390,train,1317.7606,2372978.34,0.1801,0.013640,0.134444,0.009646,0.018530,0.026598,0.416774,0.081805,0.111382,0.059654,0.163933,0.820115
2017-02-06T00:00:00.000000000,391,train,1322.1509,2379050.29,0.1799,0.003332,-0.147295,0.009547,0.018530,0.021126,0.086662,0.130205,0.078040,0.054193,-0.175775,0.837974
2017-02-07T00:00:00.000000000,392,train,1331.2655,2158233.63,0.1621,0.006894,-0.064078,0.009059,0.018530,0.021126,0.179323,0.123558,0.078040,0.054193,-0.076468,0.837974
2017-02-08T00:00:00.000000000,393,train,1336.8487,2161898.08,0.1617,0.004194,-0.120125,0.008814,0.018530,0.021126,0.109094,0.120214,0.078040,0.054193,-0.143352,0.837974
2017-02-09T00:00:00.000000000,394,train,1324.0251,2146403.72,0.1621,-0.009592,-0.422215,0.008952,0.018530,0.021126,-0.249521,0.122098,0.078040,0.054193,-0.503852,0.837974
2017-02-10T00:00:00.000000000,395,train,1327.1461,2152181.19,0.1622,0.002357,-0.160975,0.008885,0.018530,0.021126,0.061316,0.121184,0.078040,0.054193,-0.192100,0.837974
2017-02-13T00:00:00.000000000,396,train,1326.6955,2150273.95,0.1621,-0.000340,-0.192757,0.008916,0.018530,0.021126,-0.011226,0.082365,0.092131,0.049863,-0.235585,0.818204
2017-02-14T00:00:00.000000000,397,train,1326.2712,3493883.73,0.2634,-0.000320,-0.191606,0.008835,0.018530,0.021126,-0.010574,0.081610,0.092131,0.049863,-0.234179,0.818204
2017-02-15T00:00:00.000000000,398,train,1317.4926,2396965.67,0.1819,-0.006619,-0.363442,0.009025,0.018530,0.021126,-0.218836,0.083365,0.092131,0.049863,-0.444195,0.818204
2017-02-16T00:00:00.000000000,399,train,1310.6665,2385772.48,0.1820,-0.005181,-0.325500,0.009151,0.018530,0.021126,-0.171294,0.084534,0.092131,0.049863,-0.397823,0.818204
2017-02-17T00:00:00.000000000,400,train,1291.4602,2350827.54,0.1820,-0.014654,-0.609919,0.009601,0.018530,0.033952,-0.484482,0.088686,0.092131,0.080137,-0.745436,0.818204
2017-02-20T00:00:00.000000000,401,train,1314.8304,2389317.31,0.1817,0.018096,0.104130,0.009987,0.018530,0.033952,0.427511,0.103011,0.104115,0.093887,0.126497,0.823180
2017-02-21T00:00:00.000000000,402,train,1320.4711,2337673.01,0.1770,0.004290,-0.160784,0.009567,0.018530,0.033952,0.101353,0.098671,0.104115,0.093887,-0.195321,0.823180
2017-02-22T00:00:00.000000000,403,train,1335.3272,2364518.25,0.1771,0.011251,-0.026357,0.009677,0.018530,0.033952,0.265792,0.099808,0.104115,0.093887,-0.032019,0.823180
2017-02-23T00:00:00.000000000,404,train,1344.3549,2380360.20,0.1771,0.006761,-0.113505,0.009657,0.018530,0.033952,0.159718,0.099601,0.104115,0.093887,-0.137886,0.823180
2017-02-27T00:00:00.000000000,405,train,1342.2283,2368561.02,0.1765,-0.001582,-0.304899,0.009690,0.018530,0.033952,-0.035738,0.176817,0.084651,0.061352,-0.358558,0.850348
2017-02-28T00:00:00.000000000,406,train,1341.4875,2008756.08,0.1497,-0.000552,-0.275469,0.009068,0.018530,0.033952,-0.012469,0.165476,0.084651,0.061352,-0.323948,0.850348
2017-03-01T00:00:00.000000000,407,train,1354.8885,2029858.12,0.1498,0.009990,-0.072500,0.009040,0.018530,0.033952,0.225693,0.164949,0.084651,0.061352,-0.085259,0.850348
2017-03-02T00:00:00.000000000,408,train,1355.6972,2030852.44,0.1498,0.000597,-0.250986,0.008913,0.018530,0.033952,0.013486,0.162639,0.084651,0.061352,-0.295156,0.850348
2017-03-03T00:00:00.000000000,409,train,1359.9536,2030703.24,0.1493,0.003140,-0.201182,0.008851,0.018530,0.033952,0.070931,0.161516,0.084651,0.061352,-0.236588,0.850348
2017-03-06T00:00:00.000000000,410,train,1330.5667,1992668.55,0.1498,-0.021609,-0.617352,0.009818,0.021609,0.033952,-0.401748,0.147557,0.081281,0.110492,-0.741078,0.833046
2017-03-07T00:00:00.000000000,411,train,1340.0763,2237903.72,0.1670,0.007147,-0.172577,0.009866,0.021609,0.033952,0.132878,0.148269,0.081281,0.110492,-0.207164,0.833046
2017-03-08T00:00:00.000000000,412,train,1351.3258,2256907.78,0.1670,0.008395,-0.153285,0.009868,0.021609,0.033952,0.156073,0.148306,0.081281,0.110492,-0.184005,0.833046
2017-03-09T00:00:00.000000000,413,train,1350.8870,2251745.19,0.1667,-0.000325,-0.279445,0.009159,0.021609,0.033952,-0.006037,0.137639,0.081281,0.110492,-0.335449,0.833046
2017-03-10T00:00:00.000000000,414,train,1336.8894,2234175.22,0.1671,-0.010362,-0.435622,0.009216,0.021609,0.033952,-0.192646,0.138507,0.081281,0.110492,-0.522926,0.833046
2017-03-14T00:00:00.000000000,415,train,1335.5841,2231621.06,0.1671,-0.000976,-0.296940,0.009076,0.021609,0.033952,-0.020355,0.123683,0.148517,0.059519,-0.352074,0.843402
2017-03-15T00:00:00.000000000,416,train,1348.8175,2112313.86,0.1566,0.009908,-0.105347,0.009058,0.021609,0.033952,0.206570,0.123442,0.148517,0.059519,-0.124908,0.843402
2017-03-16T00:00:00.000000000,417,train,1343.3553,2098363.44,0.1562,-0.004050,-0.349666,0.008961,0.021609,0.033952,-0.084428,0.122126,0.148517,0.059519,-0.414590,0.843402
2017-03-17T00:00:00.000000000,418,train,1354.4304,2121096.80,0.1566,0.008244,-0.134383,0.009038,0.021609,0.033952,0.171879,0.123177,0.148517,0.059519,-0.159334,0.843402
2017-03-20T00:00:00.000000000,419,train,1382.2198,2165976.06,0.1567,0.020517,0.113037,0.009030,0.021609,0.033952,0.460916,0.143908,0.115781,0.064073,0.137154,0.824163
2017-03-21T00:00:00.000000000,420,train,1379.7199,2426176.27,0.1758,-0.001809,-0.297216,0.008794,0.021609,0.033952,-0.040628,0.140145,0.115781,0.064073,-0.360627,0.824163
2017-03-22T00:00:00.000000000,421,train,1379.9937,2419489.25,0.1753,0.000198,-0.260019,0.008791,0.021609,0.033952,0.004458,0.140098,0.115781,0.064073,-0.315495,0.824163
2017-03-23T00:00:00.000000000,422,train,1358.8449,2389330.19,0.1758,-0.015325,-0.553170,0.009228,0.021609,0.033952,-0.344277,0.147058,0.115781,0.064073,-0.671190,0.824163
2017-03-24T00:00:00.000000000,423,train,1352.2186,2378988.04,0.1759,-0.004876,-0.349122,0.009258,0.021609,0.026889,-0.109547,0.147536,0.115781,0.050745,-0.423608,0.824163
2017-03-27T00:00:00.000000000,424,train,1359.2358,2390825.49,0.1759,0.005189,-0.069396,0.009104,0.021609,0.026889,0.170144,0.109974,0.072510,0.070650,-0.082991,0.836188
2017-03-28T00:00:00.000000000,425,train,1368.1330,2237951.40,0.1636,0.006546,-0.032018,0.009157,0.021609,0.026559,0.214616,0.110614,0.072510,0.069781,-0.038290,0.836188
2017-03-29T00:00:00.000000000,426,train,1371.5551,2248740.36,0.1640,0.002501,-0.142216,0.009156,0.021609,0.026247,0.082008,0.110612,0.072510,0.068963,-0.170077,0.836188
2017-03-30T00:00:00.000000000,427,train,1381.2553,2263820.27,0.1639,0.007072,-0.007482,0.009213,0.021609,0.021705,0.231883,0.111293,0.072510,0.057029,-0.008948,0.836188
2017-03-31T00:00:00.000000000,428,train,1387.6627,2274053.41,0.1639,0.004639,-0.073137,0.009107,0.021609,0.021705,0.152092,0.110018,0.072510,0.057029,-0.087465,0.836188
2017-04-03T00:00:00.000000000,429,train,1389.1682,4594729.14,0.3308,0.001085,-0.245282,0.009017,0.021609,0.021705,0.014724,0.155403,0.080164,0.072515,-0.293358,0.836118
2017-04-05T00:00:00.000000000,430,train,1394.5717,2284044.98,0.1638,0.003890,-0.205640,0.008474,0.021609,0.021705,0.052790,0.146057,0.080164,0.072515,-0.245946,0.836118
2017-04-06T00:00:00.000000000,431,train,1398.5636,2293530.31,0.1640,0.002862,-0.210059,0.007972,0.021609,0.021705,0.038848,0.137401,0.080164,0.072515,-0.251232,0.836118
2017-04-07T00:00:00.000000000,432,train,1409.8862,2311425.67,0.1639,0.008096,-0.151595,0.008036,0.021609,0.021705,0.109875,0.138504,0.080164,0.072515,-0.181308,0.836118
2017-04-10T00:00:00.000000000,433,train,1410.1748,2306314.55,0.1635,0.000205,-0.190295,0.007865,0.021609,0.021705,0.005199,0.069905,0.092872,0.076698,-0.234277,0.812266
2017-04-11T00:00:00.000000000,434,train,1415.3893,2658530.16,0.1878,0.003698,-0.117910,0.007821,0.021609,0.021705,0.093917,0.069508,0.092872,0.076698,-0.145162,0.812266
2017-04-12T00:00:00.000000000,435,train,1422.4621,2673830.23,0.1880,0.004997,-0.091077,0.007816,0.021609,0.021705,0.126915,0.069471,0.092872,0.076698,-0.112127,0.812266
2017-04-13T00:00:00.000000000,436,train,1426.6393,2679537.58,0.1878,0.002937,-0.133494,0.007804,0.021609,0.021705,0.074583,0.069361,0.092872,0.076698,-0.164348,0.812266
2017-04-17T00:00:00.000000000,437,train,1407.0205,2635603.73,0.1873,-0.013752,-0.512198,0.008158,0.021609,0.021705,-0.394608,0.076865,0.079397,0.073990,-0.624861,0.819699
2017-04-18T00:00:00.000000000,438,train,1411.4301,2547804.88,0.1805,0.003134,-0.115063,0.008163,0.021609,0.021705,0.089932,0.076917,0.079397,0.073990,-0.140373,0.819699
2017-04-19T00:00:00.000000000,439,train,1401.4271,2528358.35,0.1804,-0.007087,-0.356497,0.008295,0.021609,0.021705,-0.203367,0.078158,0.079397,0.073990,-0.434913,0.819699
2017-04-20T00:00:00.000000000,440,train,1386.4808,2501673.88,0.1804,-0.010665,-0.433542,0.007493,0.015325,0.028149,-0.306035,0.070602,0.056310,0.095956,-0.528903,0.819699
2017-04-21T00:00:00.000000000,441,train,1398.8362,2519151.46,0.1801,0.008911,0.026524,0.007545,0.015325,0.028149,0.255712,0.071088,0.056310,0.095956,0.032358,0.819699
2017-04-24T00:00:00.000000000,442,train,1420.3047,2562158.50,0.1804,0.015347,0.120493,0.007855,0.015325,0.028149,0.391462,0.120104,0.058174,0.070179,0.143004,0.842587
2017-04-25T00:00:00.000000000,443,train,1409.9046,2224427.57,0.1578,-0.007322,-0.368764,0.008013,0.015325,0.028149,-0.186772,0.122531,0.058174,0.070179,-0.437657,0.842587
2017-04-26T00:00:00.000000000,444,train,1429.7308,2255653.35,0.1578,0.014062,0.090845,0.008012,0.015325,0.028149,0.358678,0.122508,0.058174,0.070179,0.107817,0.842587
2017-04-27T00:00:00.000000000,445,train,1430.9537,2248274.56,0.1571,0.000855,-0.192758,0.007994,0.015325,0.028149,0.021816,0.122232,0.058174,0.070179,-0.228769,0.842587
2017-04-28T00:00:00.000000000,446,train,1411.2453,2223697.61,0.1576,-0.013773,-0.511955,0.008367,0.015325,0.028149,-0.351301,0.127944,0.058174,0.070179,-0.607599,0.842587
2017-05-02T00:00:00.000000000,447,train,1402.9312,2210676.82,0.1576,-0.005891,-0.328578,0.008415,0.015325,0.028149,-0.116929,0.146510,0.051755,0.080069,-0.395262,0.831292
2017-05-03T00:00:00.000000000,448,train,1411.1752,2383764.48,0.1689,0.005876,-0.133657,0.008362,0.015325,0.028149,0.116630,0.145589,0.051755,0.080069,-0.160783,0.831292
2017-05-04T00:00:00.000000000,449,train,1422.9387,2398192.28,0.1685,0.008336,-0.083391,0.007693,0.015325,0.028149,0.165449,0.133941,0.051755,0.080069,-0.100315,0.831292
2017-05-05T00:00:00.000000000,450,train,1421.5280,2404007.85,0.1691,-0.000991,-0.237161,0.007684,0.015325,0.028149,-0.019676,0.133792,0.051755,0.080069,-0.285292,0.831292
2017-05-08T00:00:00.000000000,451,train,1414.0450,2388178.17,0.1689,-0.005264,-0.325975,0.007766,0.015325,0.028149,-0.171527,0.103393,0.054149,0.065087,-0.394155,0.827021
2017-05-09T00:00:00.000000000,452,train,1412.4635,2449215.77,0.1734,-0.001118,-0.203229,0.007176,0.013773,0.028149,-0.036442,0.095543,0.048663,0.065087,-0.245736,0.827021
2017-05-10T00:00:00.000000000,453,train,1415.5812,2442967.47,0.1726,0.002207,-0.112599,0.007085,0.013773,0.028149,0.071922,0.094322,0.048663,0.065087,-0.136150,0.827021
2017-05-11T00:00:00.000000000,454,train,1416.0729,2452118.00,0.1732,0.000347,-0.162395,0.007055,0.013773,0.028149,0.011317,0.093928,0.048663,0.065087,-0.196362,0.827021
2017-05-12T00:00:00.000000000,455,train,1417.8341,2453462.65,0.1730,0.001244,-0.137520,0.006990,0.013773,0.028149,0.040527,0.093060,0.048663,0.065087,-0.166283,0.827021
2017-05-15T00:00:00.000000000,456,train,1416.5297,2452031.75,0.1731,-0.000920,-0.217851,0.006996,0.013773,0.028149,-0.021110,0.118546,0.064614,0.055472,-0.259743,0.838719
2017-05-16T00:00:00.000000000,457,train,1418.1471,3474489.92,0.2450,0.001142,-0.176917,0.006908,0.013773,0.028149,0.026199,0.117049,0.064614,0.055472,-0.210937,0.838719
2017-05-17T00:00:00.000000000,458,train,1429.1272,2308521.62,0.1615,0.007743,-0.050991,0.006986,0.013773,0.028149,0.177662,0.118371,0.064614,0.055472,-0.060796,0.838719
2017-05-18T00:00:00.000000000,459,train,1428.2033,2309173.66,0.1617,-0.000646,-0.212529,0.006992,0.013773,0.028149,-0.014833,0.118477,0.064614,0.055472,-0.253397,0.838719
2017-05-19T00:00:00.000000000,460,train,1417.3942,2291200.72,0.1616,-0.007568,-0.347738,0.007132,0.013773,0.028149,-0.173663,0.120857,0.064614,0.055472,-0.414606,0.838719
2017-05-22T00:00:00.000000000,461,train,1411.1307,3452323.79,0.2446,-0.004419,-0.289536,0.007174,0.013773,0.028149,-0.154084,0.068732,0.054506,0.073701,-0.351022,0.824837
2017-05-23T00:00:00.000000000,462,train,1414.3072,2484731.57,0.1757,0.002251,-0.096630,0.007038,0.013773,0.028149,0.078489,0.067433,0.054506,0.073701,-0.117150,0.824837
2017-05-24T00:00:00.000000000,463,train,1396.4921,2450539.70,0.1755,-0.012596,-0.526504,0.007399,0.013773,0.028149,-0.439212,0.070894,0.054506,0.073701,-0.638313,0.824837
2017-05-25T00:00:00.000000000,464,train,1377.8571,2417487.11,0.1755,-0.013344,-0.569872,0.007718,0.013773,0.037106,-0.465286,0.073948,0.054506,0.097151,-0.690891,0.824837
2017-05-26T00:00:00.000000000,465,train,1363.5780,2389657.68,0.1752,-0.010363,-0.506505,0.007821,0.013773,0.047084,-0.361349,0.074934,0.054506,0.123278,-0.614067,0.824837
2017-05-29T00:00:00.000000000,466,train,1375.3995,2413901.41,0.1755,0.008669,-0.146997,0.007992,0.013773,0.047084,0.149957,0.155029,0.044678,0.130370,-0.180120,0.816105
2017-05-30T00:00:00.000000000,467,train,1375.2878,2530744.38,0.1840,-0.000081,-0.265028,0.007645,0.013773,0.047084,-0.001405,0.148293,0.044678,0.130370,-0.324747,0.816105
2017-05-31T00:00:00.000000000,468,train,1353.8930,2495151.84,0.1843,-0.015557,-0.509993,0.008055,0.015557,0.053853,-0.269085,0.156251,0.050464,0.149110,-0.624911,0.816105
2017-06-01T00:00:00.000000000,469,train,1369.2387,2513542.32,0.1836,0.011334,-0.134160,0.008293,0.015557,0.053853,0.196055,0.160870,0.050464,0.149110,-0.164391,0.816105
2017-06-02T00:00:00.000000000,470,train,1376.7415,2535886.97,0.1842,0.005480,-0.214612,0.008155,0.015557,0.053853,0.094781,0.158177,0.050464,0.149110,-0.262971,0.816105
2017-06-05T00:00:00.000000000,471,train,1381.1686,2544786.68,0.1842,0.003216,-0.151773,0.008005,0.015557,0.053853,0.102808,0.086571,0.063322,0.140276,-0.187361,0.810056
2017-06-06T00:00:00.000000000,472,train,1383.5827,2632529.21,0.1903,0.001748,-0.185082,0.007468,0.015557,0.053853,0.055880,0.080763,0.063322,0.140276,-0.228481,0.810056
2017-06-07T00:00:00.000000000,473,train,1382.0738,2624229.66,0.1899,-0.001091,-0.257742,0.007371,0.015557,0.053853,-0.034866,0.079713,0.063322,0.140276,-0.318178,0.810056
2017-06-08T00:00:00.000000000,474,train,1372.0916,2609608.00,0.1902,-0.007223,-0.412717,0.006933,0.015557,0.053853,-0.230913,0.074981,0.063322,0.140276,-0.509492,0.810056
2017-06-09T00:00:00.000000000,475,train,1381.3434,2626375.00,0.1901,0.006743,-0.049724,0.007075,0.015557,0.052643,0.215575,0.076510,0.063322,0.137126,-0.061383,0.810056
2017-06-12T00:00:00.000000000,476,train,1372.2722,2611641.27,0.1903,-0.006567,-0.383687,0.006757,0.015557,0.052643,-0.180362,0.086782,0.067838,0.131853,-0.466835,0.821890
2017-06-13T00:00:00.000000000,477,train,1374.4365,2446890.53,0.1780,0.001577,-0.199312,0.006707,0.015557,0.052643,0.043317,0.086131,0.067838,0.131853,-0.242504,0.821890
2017-06-14T00:00:00.000000000,478,train,1374.7579,2452219.47,0.1784,0.000234,-0.228499,0.006599,0.015557,0.052643,0.006422,0.084748,0.067838,0.131853,-0.278016,0.821890
2017-06-15T00:00:00.000000000,479,train,1376.5303,2455260.20,0.1784,0.001289,-0.202468,0.006390,0.015557,0.052643,0.035409,0.082063,0.067838,0.131853,-0.246345,0.821890
2017-06-16T00:00:00.000000000,480,train,1373.8441,2453753.45,0.1786,-0.001951,-0.275640,0.006392,0.015557,0.052643,-0.053596,0.082087,0.067838,0.131853,-0.335374,0.821890
2017-06-19T00:00:00.000000000,481,train,1375.1190,2449085.74,0.1781,0.000928,-0.216560,0.006354,0.015557,0.052643,0.024221,0.075746,0.073731,0.138773,-0.264029,0.820213
2017-06-20T00:00:00.000000000,482,train,1381.1213,2487346.74,0.1801,0.004365,-0.143662,0.006424,0.015557,0.052643,0.113931,0.076579,0.073731,0.138773,-0.175152,0.820213
2017-06-21T00:00:00.000000000,483,train,1388.9251,2499355.19,0.1799,0.005650,-0.116944,0.006506,0.015557,0.052643,0.147479,0.077552,0.073731,0.138773,-0.142577,0.820213
2017-06-22T00:00:00.000000000,484,train,1385.3878,2492643.66,0.1799,-0.002547,-0.292494,0.006512,0.015557,0.052643,-0.066474,0.077630,0.073731,0.138773,-0.356607,0.820213
2017-06-23T00:00:00.000000000,485,train,1380.2719,2479900.18,0.1797,-0.003693,-0.317134,0.006523,0.015557,0.052643,-0.096384,0.077760,0.073731,0.138773,-0.386648,0.820213
2017-06-27T00:00:00.000000000,486,train,1378.9570,2483250.71,0.1801,-0.000953,-0.273860,0.006523,0.015557,0.052643,-0.018978,0.081382,0.090537,0.137026,-0.327923,0.835137
2017-06-28T00:00:00.000000000,487,train,1368.9724,2260926.10,0.1652,-0.007241,-0.379374,0.006610,0.015557,0.052643,-0.144240,0.082462,0.090537,0.137026,-0.454265,0.835137
2017-06-29T00:00:00.000000000,488,train,1361.4017,2246269.58,0.1650,-0.005530,-0.347833,0.006442,0.015557,0.052031,-0.110167,0.080364,0.090537,0.135430,-0.416499,0.835137
2017-06-30T00:00:00.000000000,489,train,1377.6786,2268103.24,0.1646,0.011956,-0.045831,0.006886,0.015557,0.044801,0.238173,0.085901,0.090537,0.116613,-0.054879,0.835137
2017-07-03T00:00:00.000000000,490,train,1372.4882,2266766.07,0.1652,-0.003767,-0.293303,0.006801,0.015557,0.042716,-0.060772,0.116195,0.080606,0.101637,-0.359210,0.816521
2017-07-04T00:00:00.000000000,491,train,1384.0274,2540796.56,0.1836,0.008407,-0.135396,0.006977,0.015557,0.042716,0.135619,0.119195,0.080606,0.101637,-0.165820,0.816521
2017-07-05T00:00:00.000000000,492,train,1389.5511,2553964.15,0.1838,0.003991,-0.170268,0.007008,0.015557,0.030504,0.064379,0.119722,0.080606,0.072580,-0.208529,0.816521
2017-07-06T00:00:00.000000000,493,train,1387.6813,2539076.61,0.1830,-0.001346,-0.214740,0.006645,0.015557,0.019816,-0.021706,0.113533,0.080606,0.047150,-0.262994,0.816521
2017-07-07T00:00:00.000000000,494,train,1395.8120,2562639.11,0.1836,0.005859,-0.114485,0.006261,0.015557,0.019816,0.094513,0.106968,0.080606,0.047150,-0.140211,0.816521
2017-07-10T00:00:00.000000000,495,train,1396.8932,2565286.74,0.1836,0.000775,-0.147634,0.005930,0.015557,0.019816,0.019113,0.072594,0.066177,0.058603,-0.178260,0.828195
2017-07-11T00:00:00.000000000,496,train,1400.4046,2408714.94,0.1720,0.002514,-0.110357,0.005759,0.015557,0.019816,0.062029,0.070500,0.066177,0.058603,-0.133250,0.828195
2017-07-12T00:00:00.000000000,497,train,1401.5580,2407987.43,0.1718,0.000824,-0.144883,0.005758,0.015557,0.019816,0.020324,0.070483,0.066177,0.058603,-0.174939,0.828195
2017-07-13T00:00:00.000000000,498,train,1406.9628,2422803.24,0.1722,0.003856,-0.045238,0.004932,0.007241,0.019816,0.095157,0.060375,0.030801,0.058603,-0.054622,0.828195
2017-07-14T00:00:00.000000000,499,train,1418.4866,2440300.33,0.1720,0.008191,0.045210,0.004748,0.007241,0.019816,0.202109,0.058117,0.030801,0.058603,0.054588,0.828195
2017-07-17T00:00:00.000000000,500,train,1422.2534,2445778.11,0.1720,0.002656,-0.093661,0.004689,0.007241,0.019816,0.045874,0.068366,0.033413,0.060429,-0.116333,0.805110
2017-07-18T00:00:00.000000000,501,train,1417.8576,2764888.17,0.1950,-0.003091,-0.174069,0.004731,0.007241,0.019816,-0.053394,0.068970,0.033413,0.060429,-0.216205,0.805110
2017-07-19T00:00:00.000000000,502,train,1426.6706,2785939.43,0.1953,0.006216,-0.045735,0.004825,0.007241,0.019816,0.107378,0.070343,0.033413,0.060429,-0.056806,0.805110
2017-07-20T00:00:00.000000000,503,train,1427.7871,2787204.58,0.1952,0.000783,-0.121117,0.004809,0.007241,0.019816,0.013518,0.070112,0.033413,0.060429,-0.150435,0.805110
2017-07-21T00:00:00.000000000,504,train,1432.7072,2796790.26,0.1952,0.003446,-0.081258,0.004569,0.007241,0.019816,0.059530,0.066615,0.033413,0.060429,-0.100927,0.805110
2017-07-24T00:00:00.000000000,505,train,1430.1930,2785408.02,0.1948,-0.001755,-0.150195,0.004495,0.007241,0.019816,-0.039542,0.049948,0.049839,0.041277,-0.180606,0.831618
2017-07-25T00:00:00.000000000,506,train,1437.9919,2425093.71,0.1686,0.005453,-0.013511,0.004320,0.007241,0.019816,0.122871,0.048003,0.049839,0.041277,-0.016247,0.831618
2017-07-26T00:00:00.000000000,507,train,1439.9243,2428520.96,0.1687,0.001344,-0.090514,0.004320,0.007241,0.019816,0.030279,0.048005,0.049839,0.041277,-0.108841,0.831618
2017-07-27T00:00:00.000000000,508,train,1439.7103,2427570.67,0.1686,-0.000149,-0.118521,0.004325,0.007241,0.019816,-0.003349,0.048054,0.049839,0.041277,-0.142519,0.831618
2017-07-28T00:00:00.000000000,509,train,1448.7220,2437954.25,0.1683,0.006259,0.000802,0.004406,0.007241,0.019816,0.141038,0.048958,0.049839,0.041277,0.000965,0.831618
2017-07-31T00:00:00.000000000,510,train,1429.7617,2408856.54,0.1685,-0.013088,-0.420663,0.005112,0.013088,0.019816,-0.330543,0.085246,0.038299,0.053030,-0.507119,0.829516
2017-08-01T00:00:00.000000000,511,train,1441.4792,2460585.00,0.1707,0.008195,0.023225,0.005257,0.013088,0.019816,0.206987,0.087659,0.038299,0.053030,0.027998,0.829516
2017-08-02T00:00:00.000000000,512,train,1460.6429,2492942.20,0.1707,0.013294,0.124692,0.005644,0.013088,0.019816,0.335768,0.094119,0.038299,0.053030,0.150319,0.829516
2017-08-03T00:00:00.000000000,513,train,1460.6328,2487795.83,0.1703,-0.000007,-0.147944,0.005610,0.013088,0.017314,-0.000175,0.093543,0.038299,0.046333,-0.178350,0.829516
2017-08-04T00:00:00.000000000,514,train,1453.3089,2479604.03,0.1706,-0.005014,-0.245858,0.005689,0.013088,0.013671,-0.126639,0.094862,0.038299,0.036586,-0.296387,0.829516
2017-08-07T00:00:00.000000000,515,train,1440.1742,2458154.44,0.1707,-0.009038,-0.293222,0.005931,0.013088,0.014014,-0.165792,0.075654,0.075762,0.038114,-0.355324,0.825224
2017-08-08T00:00:00.000000000,516,train,1467.9009,2567280.70,0.1749,0.019252,0.126767,0.006717,0.013088,0.014014,0.353170,0.085679,0.075762,0.038114,0.153615,0.825224
2017-08-09T00:00:00.000000000,517,train,1476.4969,2575917.14,0.1745,0.005856,-0.073933,0.006517,0.013088,0.014014,0.107424,0.083138,0.075762,0.038114,-0.089591,0.825224
2017-08-10T00:00:00.000000000,518,train,1459.9821,2554662.23,0.1750,-0.011185,-0.335120,0.006823,0.013088,0.014014,-0.205184,0.087034,0.075762,0.038114,-0.406095,0.825224
2017-08-11T00:00:00.000000000,519,train,1448.8584,2534026.10,0.1749,-0.007619,-0.291557,0.006810,0.013088,0.018719,-0.139766,0.086865,0.075762,0.050913,-0.353307,0.825224
2017-08-14T00:00:00.000000000,520,train,1417.5918,2480964.19,0.1750,-0.021580,-0.749611,0.007943,0.021580,0.039895,-0.607065,0.123012,0.050498,0.116474,-0.897050,0.835640
2017-08-16T00:00:00.000000000,521,train,1429.1247,2345280.81,0.1641,0.008136,-0.050974,0.007935,0.021580,0.039895,0.228859,0.122886,0.050498,0.116474,-0.060999,0.835640
2017-08-17T00:00:00.000000000,522,train,1444.1161,2378338.21,0.1647,0.010490,0.002262,0.008098,0.021580,0.039895,0.295090,0.125410,0.050498,0.116474,0.002707,0.835640
2017-08-18T00:00:00.000000000,523,train,1464.3692,2411182.02,0.1647,0.014025,0.081520,0.008394,0.021580,0.039895,0.394522,0.129996,0.050498,0.116474,0.097554,0.835640
2017-08-21T00:00:00.000000000,524,train,1445.1934,2381504.72,0.1648,-0.013095,-0.512489,0.008772,0.021580,0.039895,-0.290037,0.109754,0.108749,0.110229,-0.618770,0.828238
2017-08-22T00:00:00.000000000,525,train,1455.6547,2496871.14,0.1715,0.007239,-0.140165,0.008838,0.021580,0.039895,0.160327,0.110581,0.108749,0.110229,-0.169233,0.828238
2017-08-23T00:00:00.000000000,526,train,1442.3636,2481435.68,0.1720,-0.009131,-0.442489,0.009034,0.021580,0.039895,-0.202232,0.113042,0.108749,0.110229,-0.534253,0.828238
2017-08-24T00:00:00.000000000,527,train,1432.0777,2463128.17,0.1720,-0.007131,-0.407035,0.009152,0.021580,0.039895,-0.157950,0.114519,0.108749,0.110229,-0.491447,0.828238
2017-08-28T00:00:00.000000000,528,train,1436.4620,2471011.10,0.1720,0.003062,-0.271121,0.009145,0.021580,0.039895,0.047741,0.206707,0.095376,0.068217,-0.322559,0.840531
2017-08-29T00:00:00.000000000,529,train,1437.2884,2295462.12,0.1597,0.000575,-0.301705,0.009039,0.021580,0.039895,0.008972,0.204324,0.095376,0.068217,-0.358945,0.840531
2017-08-30T00:00:00.000000000,530,train,1441.1928,2302654.36,0.1598,0.002716,-0.273650,0.009040,0.021580,0.039895,0.042361,0.204335,0.095376,0.068217,-0.325567,0.840531
2017-08-31T00:00:00.000000000,531,train,1436.4864,2297580.91,0.1599,-0.003266,-0.352104,0.009042,0.021580,0.039895,-0.050925,0.204389,0.095376,0.068217,-0.418906,0.840531
2017-09-01T00:00:00.000000000,532,train,1454.9806,2325644.20,0.1598,0.012875,-0.144677,0.009259,0.021580,0.039895,0.200767,0.209300,0.095376,0.068217,-0.172126,0.840531
2017-09-04T00:00:00.000000000,533,train,1458.1245,2325964.40,0.1595,0.002161,-0.239046,0.009263,0.021580,0.039895,0.045638,0.107363,0.120611,0.110721,-0.293058,0.815694
2017-09-05T00:00:00.000000000,534,train,1458.3296,2691620.90,0.1846,0.000141,-0.273725,0.009250,0.021580,0.039895,0.002970,0.107211,0.120611,0.110721,-0.335573,0.815694
2017-09-06T00:00:00.000000000,535,train,1447.4858,2669727.04,0.1844,-0.007436,-0.405240,0.009354,0.021580,0.039895,-0.157049,0.108423,0.120611,0.110721,-0.496804,0.815694
2017-09-07T00:00:00.000000000,536,train,1448.5854,2676007.67,0.1847,0.000760,-0.263614,0.009308,0.021580,0.039895,0.016045,0.107890,0.120611,0.110721,-0.323178,0.815694
2017-09-08T00:00:00.000000000,537,train,1459.0394,2689554.06,0.1843,0.007217,-0.153142,0.009390,0.021580,0.039895,0.152423,0.108835,0.120611,0.110721,-0.187744,0.815694
2017-09-11T00:00:00.000000000,538,train,1464.5800,2703547.27,0.1846,0.003797,-0.205426,0.009408,0.021580,0.039895,0.086452,0.150360,0.061621,0.123642,-0.249171,0.824436
2017-09-12T00:00:00.000000000,539,train,1462.4969,2572552.29,0.1759,-0.001422,-0.302700,0.009355,0.021580,0.039895,-0.032380,0.149518,0.061621,0.123642,-0.367160,0.824436
2017-09-13T00:00:00.000000000,540,train,1474.9997,2591036.18,0.1757,0.008549,-0.112474,0.009122,0.021580,0.039895,0.194625,0.145788,0.061621,0.123642,-0.136426,0.824436
2017-09-14T00:00:00.000000000,541,train,1479.8250,2595780.45,0.1754,0.003271,-0.210400,0.009036,0.021580,0.039895,0.074478,0.144420,0.061621,0.123642,-0.255205,0.824436
2017-09-15T00:00:00.000000000,542,train,1479.7655,2602073.42,0.1758,-0.000040,-0.268648,0.008739,0.021580,0.039895,-0.000917,0.139678,0.061621,0.123642,-0.325857,0.824436
2017-09-18T00:00:00.000000000,543,train,1468.6026,2580300.15,0.1757,-0.007544,-0.417623,0.008857,0.021580,0.039895,-0.173672,0.104658,0.145977,0.077888,-0.502195,0.831595
2017-09-19T00:00:00.000000000,544,train,1480.0542,2496165.96,0.1687,0.007798,-0.124364,0.008903,0.021580,0.039895,0.179518,0.105202,0.145977,0.077888,-0.149549,0.831595
2017-09-20T00:00:00.000000000,545,train,1479.2428,2493670.58,0.1686,-0.000548,-0.282386,0.008724,0.021580,0.039895,-0.012622,0.103084,0.145977,0.077888,-0.339571,0.831595
2017-09-21T00:00:00.000000000,546,train,1479.7019,2497704.36,0.1688,0.000310,-0.259159,0.008033,0.021580,0.039895,0.007146,0.094922,0.145977,0.077888,-0.311641,0.831595
2017-09-22T00:00:00.000000000,547,train,1470.1251,2482068.84,0.1688,-0.006472,-0.371581,0.008054,0.021580,0.029035,-0.149003,0.095165,0.145977,0.056685,-0.446830,0.831595
2017-09-25T00:00:00.000000000,548,train,1450.4276,2448708.98,0.1688,-0.013398,-0.591103,0.008164,0.021580,0.022052,-0.491841,0.108310,0.062912,0.048915,-0.711978,0.830227
2017-09-26T00:00:00.000000000,549,train,1420.2365,2407749.26,0.1695,-0.020815,-0.858817,0.008877,0.021580,0.040416,-0.764105,0.117770,0.062912,0.089650,-1.034437,0.830227
2017-09-27T00:00:00.000000000,550,train,1400.8813,2384118.07,0.1702,-0.013628,-0.656207,0.008351,0.020815,0.053493,-0.500271,0.110784,0.060682,0.118658,-0.790395,0.830227
2017-09-28T00:00:00.000000000,551,train,1423.7741,2421104.96,0.1700,0.016342,0.252780,0.008749,0.020815,0.053493,0.599885,0.116073,0.060682,0.118658,0.304471,0.830227
2017-09-29T00:00:00.000000000,552,train,1393.0957,2369584.34,0.1701,-0.021547,-0.919793,0.009329,0.021547,0.058754,-0.790973,0.123766,0.062816,0.130327,-1.107882,0.830227
2017-10-03T00:00:00.000000000,553,train,1406.7520,2386680.69,0.1697,0.009803,-0.059767,0.009129,0.021547,0.058754,0.274312,0.141237,0.096022,0.110413,-0.073360,0.814704
2017-10-04T00:00:00.000000000,554,train,1417.2562,2630023.92,0.1856,0.007467,-0.111244,0.008988,0.021547,0.058754,0.208947,0.139058,0.096022,0.110413,-0.136545,0.814704
2017-10-05T00:00:00.000000000,555,train,1434.9009,2662146.33,0.1855,0.012450,-0.000140,0.009186,0.021547,0.058754,0.348386,0.142124,0.096022,0.110413,-0.000172,0.814704
2017-10-06T00:00:00.000000000,556,train,1426.8780,2646042.57,0.1854,-0.005591,-0.410305,0.009096,0.021547,0.058754,-0.156461,0.140730,0.096022,0.110413,-0.503625,0.814704
2017-10-09T00:00:00.000000000,557,train,1431.2069,2650653.74,0.1852,0.003034,-0.272684,0.009025,0.021547,0.058754,0.057176,0.140067,0.119153,0.131989,-0.334033,0.816338
2017-10-10T00:00:00.000000000,558,train,1437.3977,2645415.98,0.1840,0.004326,-0.253026,0.009042,0.021547,0.058754,0.081521,0.140331,0.119153,0.131989,-0.309953,0.816338
2017-10-11T00:00:00.000000000,559,train,1439.4176,2650060.56,0.1841,0.001405,-0.297991,0.009045,0.021547,0.058754,0.026484,0.140375,0.119153,0.131989,-0.365034,0.816338
2017-10-12T00:00:00.000000000,560,train,1441.8164,2655171.88,0.1842,0.001667,-0.293867,0.009037,0.021547,0.058754,0.031407,0.140248,0.119153,0.131989,-0.359983,0.816338
2017-10-13T00:00:00.000000000,561,train,1435.8466,2637075.91,0.1837,-0.004140,-0.383360,0.009049,0.021547,0.058754,-0.078032,0.140435,0.119153,0.131989,-0.469609,0.816338
2017-10-16T00:00:00.000000000,562,train,1453.2814,2671650.26,0.1838,0.012143,-0.203159,0.009015,0.021547,0.058754,0.185208,0.102328,0.105031,0.221343,-0.243494,0.834347
2017-10-17T00:00:00.000000000,563,train,1462.0340,2425666.91,0.1659,0.006023,-0.281584,0.009072,0.021547,0.058754,0.091862,0.102979,0.105031,0.221343,-0.337491,0.834347
2017-10-18T00:00:00.000000000,564,train,1460.0001,2421466.84,0.1659,-0.001391,-0.375972,0.009076,0.021547,0.058754,-0.021219,0.103025,0.105031,0.221343,-0.450618,0.834347
2017-10-19T00:00:00.000000000,565,train,1473.7065,2442886.04,0.1658,0.009388,-0.239156,0.009114,0.021547,0.058754,0.143192,0.103457,0.105031,0.221343,-0.286638,0.834347
2017-10-23T00:00:00.000000000,566,train,1477.8896,2450618.13,0.1658,0.002839,-0.197952,0.009123,0.021547,0.058754,0.095958,0.060940,0.107754,0.163515,-0.236251,0.837889
2017-10-24T00:00:00.000000000,567,train,1475.8662,2394677.89,0.1623,-0.001369,-0.316720,0.009049,0.021547,0.058754,-0.046285,0.060444,0.107754,0.163515,-0.377998,0.837889
2017-10-25T00:00:00.000000000,568,train,1482.5033,2407513.25,0.1624,0.004497,-0.150610,0.009058,0.021547,0.058754,0.152027,0.060508,0.107754,0.163515,-0.179750,0.837889
2017-10-26T00:00:00.000000000,569,train,1490.9211,2415995.34,0.1620,0.005678,-0.117386,0.009099,0.021547,0.058754,0.191951,0.060780,0.107754,0.163515,-0.140098,0.837889
2017-10-27T00:00:00.000000000,570,train,1495.8063,2426806.47,0.1622,0.003277,-0.184831,0.008996,0.021547,0.058754,0.110768,0.060090,0.107754,0.163515,-0.220592,0.837889
2017-10-30T00:00:00.000000000,571,train,1505.0840,2444321.83,0.1624,0.006202,-0.139807,0.009041,0.021547,0.058754,0.177601,0.106458,0.106942,0.135133,-0.170933,0.817906
2017-10-31T00:00:00.000000000,572,train,1502.1498,2737112.73,0.1822,-0.001949,-0.330831,0.009052,0.021547,0.058754,-0.055822,0.106588,0.106942,0.135133,-0.404486,0.817906
2017-11-01T00:00:00.000000000,573,train,1515.1262,2760069.77,0.1822,0.008639,-0.082708,0.009036,0.021547,0.058754,0.247357,0.106403,0.106942,0.135133,-0.101121,0.817906
2017-11-02T00:00:00.000000000,574,train,1516.1653,2762772.57,0.1822,0.000686,-0.267707,0.008950,0.021547,0.058529,0.019638,0.105385,0.106942,0.134618,-0.327307,0.817906
2017-11-03T00:00:00.000000000,575,train,1521.9597,2775906.61,0.1824,0.003822,-0.194377,0.008962,0.021547,0.058529,0.109431,0.105523,0.106942,0.134618,-0.237652,0.817906
2017-11-06T00:00:00.000000000,576,train,1517.0878,2765749.85,0.1823,-0.003201,-0.346471,0.008993,0.021547,0.052396,-0.138652,0.057589,0.032851,0.189960,-0.419051,0.826797
2017-11-07T00:00:00.000000000,577,train,1507.9139,2613434.94,0.1733,-0.006047,-0.409758,0.008981,0.021547,0.039528,-0.261925,0.057516,0.032851,0.143305,-0.495597,0.826797
2017-11-08T00:00:00.000000000,578,train,1511.4847,2623811.58,0.1736,0.002368,-0.052387,0.008582,0.021547,0.021547,0.102571,0.054962,0.032851,0.078118,-0.063361,0.826797
2017-11-09T00:00:00.000000000,579,train,1489.2752,2584420.57,0.1735,-0.014694,-0.660916,0.008111,0.021547,0.021547,-0.636454,0.051945,0.032851,0.078118,-0.799369,0.826797
2017-11-10T00:00:00.000000000,580,train,1485.3895,2577717.26,0.1735,-0.002609,-0.233127,0.007649,0.021547,0.024028,-0.113015,0.048985,0.032851,0.087113,-0.281964,0.826797
2017-11-13T00:00:00.000000000,581,train,1490.4020,2578788.11,0.1730,0.003375,-0.135854,0.007177,0.021547,0.024028,0.086415,0.104701,0.086710,0.060301,-0.165298,0.821874
2017-11-14T00:00:00.000000000,582,train,1483.9628,2646666.17,0.1784,-0.004320,-0.261491,0.005878,0.014694,0.024966,-0.110637,0.085744,0.059130,0.062654,-0.318164,0.821874
2017-11-15T00:00:00.000000000,583,train,1478.9856,2636221.45,0.1782,-0.003354,-0.246708,0.005779,0.014694,0.028236,-0.085888,0.084297,0.059130,0.070861,-0.300177,0.821874
2017-11-16T00:00:00.000000000,584,train,1474.1473,2628784.14,0.1783,-0.003271,-0.251085,0.005742,0.014694,0.031415,-0.083771,0.083763,0.059130,0.078839,-0.305503,0.821874
2017-11-17T00:00:00.000000000,585,train,1474.4850,2620680.06,0.1777,0.000229,-0.172827,0.005359,0.014694,0.031415,0.005866,0.078181,0.059130,0.078839,-0.210284,0.821874
2017-11-20T00:00:00.000000000,586,train,1481.2705,2640812.07,0.1783,0.004602,-0.107746,0.005258,0.014694,0.031415,0.098460,0.060416,0.086851,0.081897,-0.130705,0.824350
2017-11-21T00:00:00.000000000,587,train,1487.2362,2614791.73,0.1758,0.004027,-0.118013,0.005272,0.014694,0.031415,0.086168,0.060579,0.086851,0.081897,-0.143159,0.824350
2017-11-22T00:00:00.000000000,588,train,1495.5680,2628481.25,0.1758,0.005602,-0.090517,0.005301,0.014694,0.031415,0.119860,0.060916,0.086851,0.081897,-0.109805,0.824350
2017-11-23T00:00:00.000000000,589,train,1495.4475,2624736.65,0.1755,-0.000081,-0.190802,0.005307,0.014694,0.031415,-0.001723,0.060986,0.086851,0.081897,-0.231458,0.824350
2017-11-24T00:00:00.000000000,590,train,1490.8204,2620640.63,0.1758,-0.003094,-0.244495,0.005365,0.014694,0.031415,-0.066200,0.061643,0.086851,0.081897,-0.296592,0.824350
2017-11-27T00:00:00.000000000,591,train,1500.1540,2637157.10,0.1758,0.006261,0.008651,0.005349,0.014694,0.031415,0.207136,0.045891,0.079071,0.071782,0.010392,0.832439
2017-11-28T00:00:00.000000000,592,train,1498.8525,2513917.76,0.1677,-0.000868,-0.185044,0.004981,0.014694,0.031415,-0.028702,0.042737,0.079071,0.071782,-0.222292,0.832439
2017-11-29T00:00:00.000000000,593,train,1500.5728,2510571.96,0.1673,0.001148,-0.128925,0.004895,0.014694,0.031415,0.037973,0.041996,0.079071,0.071782,-0.154876,0.832439
2017-11-30T00:00:00.000000000,594,train,1506.9363,2527408.03,0.1677,0.004241,-0.043863,0.004912,0.014694,0.031415,0.140304,0.042144,0.079071,0.071782,-0.052692,0.832439
2017-12-01T00:00:00.000000000,595,train,1499.1448,2514897.42,0.1678,-0.005170,-0.302141,0.004784,0.014694,0.031415,-0.171064,0.041041,0.079071,0.071782,-0.362958,0.832439
2017-12-04T00:00:00.000000000,596,train,1498.2822,2512934.87,0.1677,-0.000575,-0.162757,0.004769,0.014694,0.031415,-0.021657,0.050220,0.042300,0.084530,-0.198707,0.819080
2017-12-05T00:00:00.000000000,597,train,1479.6365,2685476.04,0.1815,-0.012445,-0.533221,0.005297,0.014694,0.031415,-0.468396,0.055775,0.042300,0.084530,-0.651001,0.819080
2017-12-06T00:00:00.000000000,598,train,1474.8912,2680177.87,0.1817,-0.003207,-0.248153,0.005264,0.014694,0.031415,-0.120707,0.055429,0.042300,0.084530,-0.302966,0.819080
2017-12-07T00:00:00.000000000,599,train,1468.7834,2670246.08,0.1818,-0.004141,-0.284131,0.005196,0.014694,0.034939,-0.155867,0.054711,0.042300,0.094013,-0.346891,0.819080
2017-12-08T00:00:00.000000000,600,train,1452.5584,2638626.99,0.1817,-0.011047,-0.522949,0.005478,0.014694,0.045600,-0.415773,0.057689,0.042300,0.122698,-0.638460,0.819080
2017-12-11T00:00:00.000000000,601,train,1473.9400,2662537.70,0.1806,0.014720,0.166908,0.006035,0.014694,0.045600,0.445190,0.085455,0.060975,0.094331,0.204429,0.816459
2017-12-12T00:00:00.000000000,602,train,1489.3648,2735348.60,0.1837,0.010465,0.058187,0.006351,0.014694,0.045600,0.316504,0.089930,0.060975,0.094331,0.071268,0.816459
2017-12-13T00:00:00.000000000,603,train,1492.8288,2742695.62,0.1837,0.002326,-0.140517,0.006154,0.014694,0.045600,0.070342,0.087141,0.060975,0.094331,-0.172105,0.816459
2017-12-14T00:00:00.000000000,604,train,1476.7527,2712519.33,0.1837,-0.010769,-0.466936,0.006420,0.014694,0.045600,-0.325694,0.090904,0.060975,0.094331,-0.571904,0.816459
2017-12-15T00:00:00.000000000,605,train,1464.7090,2687151.00,0.1835,-0.008156,-0.398023,0.006488,0.014694,0.042535,-0.246657,0.091877,0.060975,0.087990,-0.487500,0.816459
2017-12-18T00:00:00.000000000,606,train,1475.8418,2711409.96,0.1837,0.007601,-0.133049,0.006668,0.014694,0.038986,0.128926,0.121515,0.052384,0.112135,-0.157109,0.846862
2017-12-19T00:00:00.000000000,607,train,1465.0183,2245194.51,0.1533,-0.007334,-0.348151,0.006705,0.014694,0.038986,-0.124398,0.122190,0.052384,0.112135,-0.411108,0.846862
2017-12-20T00:00:00.000000000,608,train,1487.4812,2279673.13,0.1533,0.015333,-0.024607,0.007296,0.014694,0.036085,0.260081,0.132961,0.052384,0.103792,-0.029057,0.846862
2017-12-21T00:00:00.000000000,609,train,1498.5987,4771292.47,0.3184,0.007474,-0.125140,0.006935,0.012445,0.036085,0.126778,0.126389,0.044366,0.103792,-0.147770,0.846862
2017-12-22T00:00:00.000000000,610,train,1499.6012,2295453.80,0.1531,0.000669,-0.222588,0.006915,0.012445,0.036085,0.011347,0.126028,0.044366,0.103792,-0.262839,0.846862
2017-12-26T00:00:00.000000000,611,train,1494.6186,2292418.55,0.1534,-0.003323,-0.283038,0.006922,0.012445,0.036085,-0.071802,0.095548,0.028579,0.141814,-0.337743,0.838028
2017-12-27T00:00:00.000000000,612,train,1504.3533,2439536.81,0.1622,0.006513,-0.105393,0.006963,0.012445,0.036085,0.140750,0.096121,0.028579,0.141814,-0.125763,0.838028
2017-12-28T00:00:00.000000000,613,train,1504.1435,2437894.92,0.1621,-0.000139,-0.225465,0.006928,0.012445,0.036085,-0.003014,0.095635,0.028579,0.141814,-0.269042,0.838028
2017-12-29T00:00:00.000000000,614,train,1502.7575,2437038.54,0.1622,-0.000921,-0.239269,0.006897,0.012445,0.036085,-0.019913,0.095209,0.028579,0.141814,-0.285515,0.838028
2018-01-01T00:00:00.000000000,615,train,1504.6191,2441078.42,0.1622,0.001239,-0.175759,0.006898,0.012445,0.036085,0.030396,0.121635,0.056698,0.062840,-0.210777,0.833861
2018-01-02T00:00:00.000000000,616,train,1508.4947,2508515.83,0.1663,0.002576,-0.147982,0.006869,0.012445,0.036085,0.063201,0.121129,0.056698,0.062840,-0.177466,0.833861
2018-01-03T00:00:00.000000000,617,train,1507.1220,2503192.54,0.1661,-0.000910,-0.218945,0.006845,0.012445,0.036085,-0.022328,0.120701,0.056698,0.062840,-0.262567,0.833861
2018-01-04T00:00:00.000000000,618,train,1505.4305,2505315.36,0.1664,-0.001122,-0.222377,0.006783,0.012445,0.036085,-0.027538,0.119607,0.056698,0.062840,-0.266684,0.833861
2018-01-05T00:00:00.000000000,619,train,1510.3591,2513773.51,0.1664,0.003274,-0.132744,0.006804,0.012445,0.036085,0.080330,0.119984,0.056698,0.062840,-0.159192,0.833861
2018-01-08T00:00:00.000000000,620,train,1519.0194,2526366.53,0.1663,0.005734,-0.030278,0.006839,0.012445,0.036085,0.183520,0.102559,0.043603,0.073918,-0.036559,0.828184
2018-01-09T00:00:00.000000000,621,train,1529.3525,2624540.06,0.1716,0.006803,-0.002146,0.006855,0.012445,0.036085,0.217720,0.102791,0.043603,0.073918,-0.002592,0.828184
2018-01-10T00:00:00.000000000,622,train,1561.9036,2686619.12,0.1720,0.021284,0.370222,0.007780,0.012445,0.036085,0.681220,0.116671,0.043603,0.073918,0.447028,0.828184
2018-01-11T00:00:00.000000000,623,train,1562.8831,2687779.14,0.1720,0.000627,-0.177346,0.007782,0.012445,0.036085,0.020071,0.116688,0.043603,0.073918,-0.214138,0.828184
2018-01-12T00:00:00.000000000,624,train,1566.6617,2693859.10,0.1719,0.002418,-0.121191,0.007766,0.012445,0.031075,0.077382,0.116457,0.043603,0.063655,-0.146334,0.828184
2018-01-15T00:00:00.000000000,625,train,1572.8046,3935808.26,0.2502,0.003921,-0.149895,0.007684,0.012445,0.030517,0.073273,0.068992,0.045853,0.137120,-0.178693,0.838843
2018-01-16T00:00:00.000000000,626,train,1572.5763,2535525.44,0.1612,-0.000145,-0.169581,0.007680,0.012445,0.018837,-0.002713,0.068959,0.045853,0.084636,-0.202161,0.838843
2018-01-17T00:00:00.000000000,627,train,1570.3620,2533916.07,0.1614,-0.001408,-0.181807,0.007248,0.011047,0.018837,-0.026314,0.065084,0.040702,0.084636,-0.216736,0.838843
2018-01-18T00:00:00.000000000,628,train,1546.6739,2494585.00,0.1613,-0.015084,-0.413010,0.007824,0.015084,0.018837,-0.281886,0.070254,0.055580,0.084636,-0.492357,0.838843
2018-01-19T00:00:00.000000000,629,train,1569.8736,2528804.53,0.1611,0.015000,0.056470,0.008104,0.015084,0.018837,0.280303,0.072768,0.055580,0.084636,0.067319,0.838843
2018-01-22T00:00:00.000000000,630,train,1543.7504,2490664.23,0.1613,-0.016640,-0.428649,0.008464,0.016640,0.018837,-0.236114,0.128300,0.117375,0.038101,-0.519890,0.824500
2018-01-23T00:00:00.000000000,631,train,1556.7016,2735144.29,0.1757,0.008389,-0.132792,0.008222,0.016640,0.018837,0.119040,0.124622,0.117375,0.038101,-0.161058,0.824500
2018-01-24T00:00:00.000000000,632,train,1562.5563,2744052.56,0.1756,0.003761,-0.185101,0.008074,0.016640,0.018837,0.053366,0.122390,0.117375,0.038101,-0.224501,0.824500
2018-01-25T00:00:00.000000000,633,train,1583.6001,2776919.83,0.1754,0.013468,-0.074372,0.008349,0.016640,0.018473,0.191095,0.126557,0.117375,0.037365,-0.090202,0.824500
2018-01-29T00:00:00.000000000,634,train,1577.8916,2773646.61,0.1758,-0.003605,-0.262866,0.008079,0.016640,0.018473,-0.090394,0.114631,0.078405,0.042462,-0.325892,0.806606
2018-01-30T00:00:00.000000000,635,train,1582.7264,3065366.51,0.1937,0.003064,-0.125304,0.007845,0.016640,0.018473,0.076835,0.111315,0.078405,0.042462,-0.155347,0.806606
2018-01-31T00:00:00.000000000,636,train,1556.2377,3013203.41,0.1936,-0.016736,-0.533853,0.008517,0.016736,0.018473,-0.419680,0.120853,0.078856,0.042462,-0.661851,0.806606
2018-02-01T00:00:00.000000000,637,train,1548.7859,2996507.33,0.1935,-0.004788,-0.297793,0.008438,0.016736,0.021984,-0.120073,0.119730,0.078856,0.050533,-0.369192,0.806606
2018-02-02T00:00:00.000000000,638,train,1554.2956,3009038.56,0.1936,0.003557,-0.124768,0.008069,0.016736,0.021984,0.089207,0.114500,0.078856,0.050533,-0.154682,0.806606
2018-02-05T00:00:00.000000000,639,train,1550.0885,3000475.93,0.1936,-0.002707,-0.253138,0.008025,0.016736,0.021984,-0.084860,0.106338,0.063980,0.050636,-0.305814,0.827752
2018-02-06T00:00:00.000000000,640,train,1488.3670,2565429.35,0.1724,-0.039818,-1.393379,0.010888,0.039818,0.060137,-1.248326,0.144271,0.152220,0.138513,-1.683330,0.827752
2018-02-07T00:00:00.000000000,641,train,1456.8454,2504940.43,0.1719,-0.021179,-0.954480,0.011513,0.039818,0.080042,-0.663966,0.152554,0.152220,0.184360,-1.153100,0.827752
2018-02-08T00:00:00.000000000,642,train,1514.4472,2609840.25,0.1723,0.039539,0.598764,0.013556,0.039818,0.080042,1.239568,0.179626,0.152220,0.184360,0.723362,0.827752
2018-02-09T00:00:00.000000000,643,train,1516.7121,2613525.91,0.1723,0.001496,-0.388495,0.013557,0.039818,0.080042,0.046886,0.179643,0.152220,0.184360,-0.469337,0.827752
2018-02-12T00:00:00.000000000,644,train,1502.5799,2591407.18,0.1725,-0.009318,-0.690642,0.013667,0.039818,0.080042,-0.262234,0.131479,0.228951,0.191029,-0.813693,0.848774
2018-02-14T00:00:00.000000000,645,train,1545.5207,2334361.70,0.1510,0.028578,0.207038,0.014593,0.039818,0.080042,0.804297,0.140391,0.228951,0.191029,0.243926,0.848774
2018-02-15T00:00:00.000000000,646,train,1543.1561,2334180.48,0.1513,-0.001530,-0.512207,0.014597,0.039818,0.080042,-0.043059,0.140427,0.228951,0.191029,-0.603467,0.848774
2018-02-16T00:00:00.000000000,647,train,1533.3609,2319124.67,0.1512,-0.006348,-0.627733,0.014652,0.039818,0.080042,-0.178644,0.140952,0.228951,0.191029,-0.739576,0.848774
2018-02-19T00:00:00.000000000,648,train,1535.8051,2323472.89,0.1513,0.001594,-0.458642,0.014649,0.039818,0.080042,0.036514,0.209102,0.198211,0.189340,-0.560139,0.818801
2018-02-20T00:00:00.000000000,649,train,1501.9654,2719288.21,0.1810,-0.022034,-0.908233,0.015199,0.039818,0.080042,-0.504718,0.216954,0.198211,0.189340,-1.109223,0.818801
2018-02-21T00:00:00.000000000,650,train,1494.9195,2710690.71,0.1813,-0.004691,-0.582750,0.015181,0.039818,0.080042,-0.107456,0.216704,0.198211,0.189340,-0.711711,0.818801
2018-02-22T00:00:00.000000000,651,train,1496.0819,2712028.20,0.1813,0.000778,-0.479514,0.015124,0.039818,0.080042,0.017811,0.215889,0.198211,0.189340,-0.585629,0.818801
2018-02-23T00:00:00.000000000,652,train,1466.5156,2658759.09,0.1813,-0.019762,-0.862563,0.014936,0.039818,0.080042,-0.452688,0.213208,0.198211,0.189340,-1.053447,0.818801
2018-02-26T00:00:00.000000000,653,train,1478.0526,2675658.33,0.1810,0.007867,-0.358088,0.015035,0.039818,0.080042,0.173526,0.225270,0.184221,0.198848,-0.434813,0.823545
2018-02-27T00:00:00.000000000,654,train,1501.2359,2650040.09,0.1765,0.015685,-0.219868,0.015343,0.039818,0.080042,0.345975,0.229884,0.184221,0.198848,-0.266977,0.823545
2018-02-28T00:00:00.000000000,655,train,1504.9783,2656999.12,0.1765,0.002493,-0.459336,0.015329,0.039818,0.080042,0.054987,0.229673,0.184221,0.198848,-0.557755,0.823545
2018-03-01T00:00:00.000000000,656,train,1490.2021,2630356.18,0.1765,-0.009818,-0.683871,0.015401,0.039818,0.080042,-0.216566,0.230764,0.184221,0.198848,-0.830399,0.823545
2018-03-05T00:00:00.000000000,657,train,1492.4478,2633357.76,0.1764,0.001507,-0.394113,0.015412,0.039818,0.080042,0.050348,0.173181,0.206909,0.145156,-0.474898,0.829890
2018-03-06T00:00:00.000000000,658,train,1482.6061,2523433.90,0.1702,-0.006594,-0.617114,0.015238,0.039818,0.080042,-0.220315,0.171229,0.206909,0.145156,-0.743609,0.829890
2018-03-07T00:00:00.000000000,659,train,1476.8910,2514768.57,0.1703,-0.003855,-0.538366,0.014939,0.039818,0.080042,-0.128786,0.167869,0.206909,0.145156,-0.648719,0.829890
2018-03-08T00:00:00.000000000,660,train,1455.4233,2478441.57,0.1703,-0.014536,-0.835261,0.014875,0.039818,0.080940,-0.485635,0.167144,0.206909,0.146784,-1.006472,0.829890
2018-03-09T00:00:00.000000000,661,train,1449.8997,2460485.65,0.1697,-0.003795,-0.541602,0.014755,0.039818,0.084428,-0.126797,0.165804,0.206909,0.153110,-0.652619,0.829890
2018-03-12T00:00:00.000000000,662,train,1451.2488,2468920.20,0.1701,0.000930,-0.515554,0.014726,0.039818,0.084428,0.019264,0.143505,0.175261,0.319128,-0.618631,0.833379
2018-03-13T00:00:00.000000000,663,train,1439.8282,2401110.40,0.1668,-0.007870,-0.683658,0.014457,0.039818,0.090286,-0.162923,0.140890,0.175261,0.341271,-0.820345,0.833379
2018-03-14T00:00:00.000000000,664,train,1447.6460,2413501.60,0.1667,0.005430,-0.454845,0.014537,0.039818,0.090286,0.112411,0.141664,0.175261,0.341271,-0.545784,0.833379
2018-03-15T00:00:00.000000000,665,train,1448.6415,2410950.74,0.1664,0.000688,-0.487679,0.014511,0.039818,0.074802,0.014236,0.141416,0.175261,0.282742,-0.585182,0.833379
2018-03-16T00:00:00.000000000,666,train,1448.2386,2413940.40,0.1667,-0.000278,-0.498861,0.014285,0.039818,0.073646,-0.005757,0.139210,0.175261,0.278372,-0.598601,0.833379
2018-03-19T00:00:00.000000000,667,train,1436.2078,2394664.56,0.1667,-0.008307,-0.647401,0.014319,0.039818,0.075975,-0.168653,0.181944,0.234334,0.188875,-0.773806,0.836646
2018-03-20T00:00:00.000000000,668,train,1421.4993,2323142.11,0.1634,-0.010241,-0.695009,0.014342,0.039818,0.082956,-0.207916,0.182230,0.234334,0.206230,-0.830709,0.836646
2018-03-21T00:00:00.000000000,669,train,1376.7219,2247325.02,0.1632,-0.031500,-1.120217,0.015235,0.039818,0.109218,-0.639515,0.193572,0.234334,0.271518,-1.338938,0.836646
2018-03-22T00:00:00.000000000,670,train,1400.5003,2289211.71,0.1635,0.017272,-0.239284,0.014147,0.031500,0.109218,0.350650,0.179755,0.185382,0.271518,-0.286004,0.836646
2018-03-23T00:00:00.000000000,671,train,1397.3814,2285187.04,0.1635,-0.002227,-0.565611,0.013689,0.031500,0.109218,-0.045212,0.173934,0.185382,0.271518,-0.676046,0.836646
2018-03-26T00:00:00.000000000,672,train,1362.3277,2228585.08,0.1636,-0.025085,-0.934206,0.012085,0.031500,0.118532,-0.507276,0.187971,0.148251,0.297949,-1.141447,0.818440
2018-03-27T00:00:00.000000000,673,train,1368.2351,2487416.92,0.1818,0.004336,-0.447892,0.012134,0.031500,0.118532,0.087689,0.188740,0.148251,0.297949,-0.547251,0.818440
2018-03-28T00:00:00.000000000,674,train,1402.8241,2548455.40,0.1817,0.025280,-0.113774,0.013117,0.031500,0.118532,0.511213,0.204027,0.148251,0.297949,-0.139013,0.818440
2018-04-02T00:00:00.000000000,675,train,1396.5704,2537389.42,0.1817,-0.004458,-0.607168,0.011808,0.031500,0.117181,-0.089844,0.203250,0.109459,0.328646,-0.731199,0.830373
2018-04-03T00:00:00.000000000,676,train,1403.4297,2383746.26,0.1699,0.004912,-0.441794,0.011896,0.031500,0.112955,0.098984,0.204773,0.109459,0.316796,-0.532043,0.830373
2018-04-04T00:00:00.000000000,677,train,1411.2457,2390471.66,0.1694,0.005569,-0.431976,0.011980,0.031500,0.112955,0.112240,0.206205,0.109459,0.316796,-0.520220,0.830373
2018-04-05T00:00:00.000000000,678,train,1431.5332,2429962.99,0.1697,0.014376,-0.247528,0.012346,0.031500,0.094786,0.289717,0.212513,0.109459,0.265837,-0.298092,0.830373
2018-04-06T00:00:00.000000000,679,train,1415.8655,2402569.62,0.1697,-0.010945,-0.664980,0.011907,0.031500,0.094786,-0.220573,0.204952,0.109459,0.265837,-0.800821,0.830373
2018-04-09T00:00:00.000000000,680,train,1426.7579,2423091.35,0.1698,0.007693,-0.416016,0.012017,0.031500,0.094786,0.133768,0.092861,0.188665,0.352700,-0.500458,0.831270
2018-04-10T00:00:00.000000000,681,train,1437.5207,2426835.69,0.1688,0.007544,-0.418841,0.012120,0.031500,0.094786,0.131168,0.093659,0.188665,0.352700,-0.503857,0.831270
2018-04-11T00:00:00.000000000,682,train,1460.2260,2465892.27,0.1689,0.015795,-0.298743,0.011990,0.031500,0.094786,0.274640,0.092656,0.188665,0.352700,-0.359381,0.831270
2018-04-12T00:00:00.000000000,683,train,1464.2759,2472447.55,0.1689,0.002773,-0.486454,0.011913,0.031500,0.094786,0.048226,0.092055,0.188665,0.352700,-0.585194,0.831270
2018-04-13T00:00:00.000000000,684,train,1451.8757,2449370.15,0.1687,-0.008469,-0.647079,0.011622,0.031500,0.094786,-0.147251,0.089807,0.188665,0.352700,-0.778423,0.831270
2018-04-16T00:00:00.000000000,685,train,1455.5786,2455020.39,0.1687,0.002550,-0.317240,0.011622,0.031500,0.087186,0.081111,0.107679,0.209982,0.142430,-0.378980,0.837090
2018-04-17T00:00:00.000000000,686,train,1453.0122,2368315.48,0.1630,-0.001763,-0.431197,0.011509,0.031500,0.087186,-0.056073,0.106630,0.209982,0.142430,-0.515115,0.837090
2018-04-18T00:00:00.000000000,687,train,1470.4647,2398047.41,0.1631,0.012011,-0.057925,0.011731,0.031500,0.081126,0.381999,0.108684,0.209982,0.132531,-0.069198,0.837090
2018-04-19T00:00:00.000000000,688,train,1478.0547,2410576.90,0.1631,0.005162,-0.235290,0.011714,0.031500,0.077571,0.164157,0.108533,0.209982,0.126722,-0.281080,0.837090
2018-04-20T00:00:00.000000000,689,train,1475.2171,2401342.10,0.1628,-0.001920,-0.405084,0.011699,0.031500,0.063965,-0.061056,0.108386,0.209982,0.104495,-0.483919,0.837090
2018-04-23T00:00:00.000000000,690,train,1489.2341,2428362.24,0.1631,0.009502,-0.125494,0.011495,0.031500,0.061272,0.272716,0.192239,0.098799,0.135827,-0.154149,0.814110
2018-04-24T00:00:00.000000000,691,train,1488.0600,2769244.45,0.1861,-0.000788,-0.365560,0.011467,0.031500,0.061272,-0.022628,0.191776,0.098799,0.135827,-0.449030,0.814110
2018-04-25T00:00:00.000000000,692,train,1464.8911,2725556.59,0.1861,-0.015570,-0.713028,0.011844,0.031500,0.059583,-0.446886,0.198071,0.098799,0.132082,-0.875838,0.814110
2018-04-26T00:00:00.000000000,693,train,1464.0778,2720511.82,0.1858,-0.000555,-0.360859,0.011746,0.031500,0.059583,-0.015935,0.196440,0.098799,0.132082,-0.443256,0.814110
2018-04-27T00:00:00.000000000,694,train,1458.5922,2713350.46,0.1860,-0.003747,-0.435306,0.011736,0.031500,0.059583,-0.107541,0.196280,0.098799,0.132082,-0.534702,0.814110
2018-04-30T00:00:00.000000000,695,train,1464.9566,2724788.68,0.1860,0.004363,-0.264297,0.011759,0.031500,0.059321,0.119369,0.079197,0.172416,0.188672,-0.320917,0.823568
2018-05-02T00:00:00.000000000,696,train,1472.4546,2599656.33,0.1766,0.005118,-0.226810,0.011788,0.031500,0.051441,0.140019,0.079391,0.172416,0.163610,-0.275399,0.823568
2018-05-03T00:00:00.000000000,697,train,1468.8166,2591209.53,0.1764,-0.002471,-0.371521,0.011686,0.031500,0.041626,-0.067592,0.078709,0.172416,0.132394,-0.451111,0.823568
2018-05-04T00:00:00.000000000,698,train,1442.3626,2552168.50,0.1769,-0.018010,-0.696835,0.012010,0.031500,0.031474,-0.492707,0.080890,0.172416,0.100103,-0.846117,0.823568
2018-05-07T00:00:00.000000000,699,train,1442.3566,2547477.38,0.1766,-0.000004,-0.289060,0.010435,0.025085,0.031478,-0.000100,0.147218,0.128883,0.069001,-0.345202,0.837364
2018-05-08T00:00:00.000000000,700,train,1446.3032,2361470.60,0.1633,0.002736,-0.228753,0.010026,0.025085,0.031478,0.066148,0.141446,0.128883,0.069001,-0.273183,0.837364
2018-05-09T00:00:00.000000000,701,train,1457.3270,2370443.61,0.1627,0.007622,-0.130392,0.010072,0.025085,0.031478,0.184263,0.142096,0.128883,0.069001,-0.155717,0.837364
2018-05-10T00:00:00.000000000,702,train,1455.0687,2369726.90,0.1629,-0.001550,-0.270737,0.008813,0.018010,0.031478,-0.037462,0.124325,0.092534,0.069001,-0.323321,0.837364
2018-05-11T00:00:00.000000000,703,train,1461.5015,2380460.17,0.1629,0.004421,-0.149883,0.008813,0.018010,0.031478,0.106875,0.124334,0.092534,0.069001,-0.178993,0.837364
2018-05-14T00:00:00.000000000,704,train,1449.9711,2361355.38,0.1629,-0.007889,-0.373092,0.007885,0.018010,0.031478,-0.157585,0.174272,0.065649,0.055392,-0.452899,0.823787
2018-05-15T00:00:00.000000000,705,train,1464.2665,2577797.47,0.1760,0.009859,-0.082504,0.007965,0.018010,0.031478,0.196929,0.176040,0.065649,0.055392,-0.100153,0.823787
2018-05-16T00:00:00.000000000,706,train,1442.8124,2544038.11,0.1763,-0.014652,-0.494722,0.008454,0.018010,0.031478,-0.292659,0.186845,0.065649,0.055392,-0.600545,0.823787
2018-05-17T00:00:00.000000000,707,train,1441.7179,2541793.98,0.1763,-0.000759,-0.266031,0.008415,0.018010,0.031906,-0.015153,0.185988,0.065649,0.056147,-0.322937,0.823787
2018-05-18T00:00:00.000000000,708,train,1448.2800,2553956.21,0.1763,0.004552,-0.172228,0.008062,0.018010,0.031906,0.090915,0.178187,0.065649,0.056147,-0.209069,0.823787
2018-05-21T00:00:00.000000000,709,train,1438.8876,2543121.69,0.1767,-0.006485,-0.383320,0.007891,0.018010,0.033807,-0.215250,0.066255,0.114014,0.062080,-0.457600,0.837676
2018-05-22T00:00:00.000000000,710,train,1417.8748,2316899.90,0.1634,-0.014604,-0.633111,0.008227,0.018010,0.047917,-0.484708,0.069084,0.114014,0.087990,-0.755795,0.837676
2018-05-23T00:00:00.000000000,711,train,1398.0605,2286140.02,0.1635,-0.013975,-0.637714,0.008458,0.018010,0.061222,-0.463834,0.071021,0.114014,0.112422,-0.761290,0.837676
2018-05-24T00:00:00.000000000,712,train,1415.3684,2305594.34,0.1629,0.012380,0.096474,0.008253,0.018010,0.061222,0.410905,0.069301,0.114014,0.112422,0.115169,0.837676
2018-05-25T00:00:00.000000000,713,train,1388.3443,2246728.51,0.1618,-0.019093,-0.798444,0.008833,0.019093,0.067746,-0.633729,0.074165,0.120870,0.124402,-0.953166,0.837676
2018-05-28T00:00:00.000000000,714,train,1394.5767,2265110.42,0.1624,0.004489,-0.185698,0.008810,0.019093,0.067746,0.128789,0.090579,0.101886,0.163036,-0.226711,0.819096
2018-05-29T00:00:00.000000000,715,train,1426.2624,2580705.76,0.1809,0.022721,0.234454,0.009793,0.019093,0.067746,0.651844,0.100688,0.101886,0.163036,0.286235,0.819096
2018-05-30T00:00:00.000000000,716,train,1430.5130,2587923.19,0.1809,0.002980,-0.229592,0.009811,0.019093,0.067746,0.085502,0.100880,0.101886,0.163036,-0.280300,0.819096
2018-05-31T00:00:00.000000000,717,train,1413.2534,2556298.17,0.1809,-0.012065,-0.582571,0.009742,0.019093,0.067746,-0.346149,0.100166,0.101886,0.163036,-0.711236,0.819096
2018-06-01T00:00:00.000000000,718,train,1436.5530,2600349.37,0.1810,0.016487,0.084584,0.010193,0.019093,0.067746,0.472990,0.104804,0.101886,0.163036,0.103265,0.819096
2018-06-04T00:00:00.000000000,719,train,1420.7530,2571786.50,0.1810,-0.010999,-0.579916,0.010352,0.019093,0.067746,-0.329675,0.142839,0.072728,0.158424,-0.703666,0.824136
2018-06-05T00:00:00.000000000,720,train,1422.2168,2501992.35,0.1759,0.001030,-0.279282,0.010171,0.019093,0.067011,0.030884,0.140331,0.072728,0.156704,-0.338879,0.824136
2018-06-06T00:00:00.000000000,721,train,1400.6172,2459993.53,0.1756,-0.015187,-0.664164,0.010462,0.019093,0.057122,-0.455230,0.144353,0.072728,0.133581,-0.805892,0.824136
2018-06-07T00:00:00.000000000,722,train,1392.0844,2449853.31,0.1760,-0.006092,-0.436347,0.010186,0.019093,0.057122,-0.182609,0.140542,0.072728,0.133581,-0.529460,0.824136
2018-06-08T00:00:00.000000000,723,train,1415.5740,2490488.47,0.1759,0.016874,0.124963,0.010715,0.019093,0.057122,0.505777,0.147840,0.072728,0.133581,0.151629,0.824136
2018-06-11T00:00:00.000000000,724,train,1423.6934,2505588.56,0.1760,0.005736,-0.170262,0.010771,0.019093,0.057122,0.156937,0.155658,0.079600,0.130756,-0.209077,0.814350
2018-06-12T00:00:00.000000000,725,train,1431.6469,2660010.08,0.1858,0.005587,-0.173842,0.010792,0.019093,0.057122,0.152852,0.155969,0.079600,0.130756,-0.213474,0.814350
2018-06-13T00:00:00.000000000,726,train,1434.6620,2672526.61,0.1863,0.002106,-0.246558,0.010752,0.019093,0.054787,0.057624,0.155381,0.079600,0.125410,-0.302766,0.814350
2018-06-14T00:00:00.000000000,727,train,1432.6268,2671076.09,0.1864,-0.001419,-0.319574,0.010748,0.019093,0.051850,-0.038815,0.155326,0.079600,0.118687,-0.392429,0.814350
2018-06-15T00:00:00.000000000,728,train,1428.8867,2662196.31,0.1863,-0.002611,-0.340503,0.010269,0.019093,0.051850,-0.071429,0.148412,0.079600,0.118687,-0.418128,0.814350
2018-06-18T00:00:00.000000000,729,train,1430.6035,2663986.52,0.1862,0.001201,-0.303769,0.010273,0.019093,0.051850,0.023273,0.131788,0.050108,0.216988,-0.375610,0.808735
2018-06-19T00:00:00.000000000,730,train,1410.4131,2703318.89,0.1917,-0.014113,-0.546595,0.010553,0.019093,0.051850,-0.273390,0.135377,0.050108,0.216988,-0.675864,0.808735
2018-06-20T00:00:00.000000000,731,train,1391.6597,2670661.50,0.1919,-0.013296,-0.534962,0.010665,0.019093,0.051850,-0.257568,0.136817,0.050108,0.216988,-0.661480,0.808735
2018-06-21T00:00:00.000000000,732,train,1383.9857,2657237.87,0.1920,-0.005514,-0.423375,0.010689,0.019093,0.054827,-0.106818,0.137132,0.050108,0.229445,-0.523503,0.808735
2018-06-22T00:00:00.000000000,733,train,1389.8479,2668983.29,0.1920,0.004236,-0.270595,0.010686,0.019093,0.054827,0.082051,0.137088,0.050108,0.229445,-0.334590,0.808735
2018-06-25T00:00:00.000000000,734,train,1378.3235,2644871.47,0.1919,-0.008292,-0.514544,0.010694,0.019093,0.058694,-0.271326,0.095413,0.089752,0.152193,-0.608684,0.845338
2018-06-26T00:00:00.000000000,735,train,1386.4320,2155933.58,0.1555,0.005883,-0.098780,0.010575,0.019093,0.048303,0.192499,0.094349,0.089752,0.125251,-0.116852,0.845338
2018-06-27T00:00:00.000000000,736,train,1375.3411,2140829.63,0.1557,-0.008000,-0.485754,0.010370,0.019093,0.050362,-0.261763,0.092522,0.089752,0.130591,-0.574627,0.845338
2018-06-28T00:00:00.000000000,737,train,1385.6017,2150106.97,0.1552,0.007460,-0.059053,0.010495,0.019093,0.050362,0.244121,0.093636,0.089752,0.130591,-0.069857,0.845338
2018-06-29T00:00:00.000000000,738,train,1378.4192,2141326.33,0.1553,-0.005184,-0.394958,0.010460,0.019093,0.044164,-0.169623,0.093328,0.089752,0.114517,-0.467220,0.845338
2018-07-02T00:00:00.000000000,739,train,1364.7537,2124493.88,0.1557,-0.009914,-0.431794,0.010532,0.019093,0.049980,-0.151649,0.131241,0.157709,0.092368,-0.532967,0.810171
2018-07-03T00:00:00.000000000,740,train,1392.1617,2647276.98,0.1902,0.020083,-0.064253,0.010948,0.019093,0.049980,0.307198,0.136430,0.157709,0.092368,-0.079308,0.810171
2018-07-04T00:00:00.000000000,741,train,1389.2019,2636412.58,0.1898,-0.002126,-0.336644,0.010667,0.019093,0.049980,-0.032522,0.132924,0.157709,0.092368,-0.415522,0.810171
2018-07-05T00:00:00.000000000,742,train,1390.9744,2642187.31,0.1900,0.001276,-0.291942,0.010415,0.019093,0.049980,0.019517,0.129788,0.157709,0.092368,-0.360347,0.810171
2018-07-06T00:00:00.000000000,743,train,1391.4668,2643359.88,0.1900,0.000354,-0.271300,0.009828,0.015187,0.049980,0.005416,0.122470,0.125445,0.092368,-0.334868,0.810171
2018-07-09T00:00:00.000000000,744,train,1376.7761,2615269.38,0.1900,-0.010558,-0.443642,0.009975,0.015187,0.049980,-0.159255,0.101886,0.084322,0.183562,-0.529025,0.838603
2018-07-10T00:00:00.000000000,745,train,1387.6553,3565914.83,0.2570,0.007902,-0.203083,0.009152,0.015187,0.049980,0.119195,0.093479,0.084322,0.183562,-0.242168,0.838603
2018-07-11T00:00:00.000000000,746,train,1394.3022,2252804.64,0.1616,0.004790,-0.242715,0.009183,0.015187,0.049980,0.072253,0.093797,0.084322,0.183562,-0.289428,0.838603
2018-07-12T00:00:00.000000000,747,train,1396.8911,2275155.54,0.1629,0.001857,-0.277835,0.008952,0.015187,0.049980,0.028008,0.091432,0.084322,0.183562,-0.331307,0.838603
2018-07-13T00:00:00.000000000,748,train,1396.7406,2271061.55,0.1626,-0.000108,-0.294013,0.008389,0.015187,0.048728,-0.001625,0.085688,0.084322,0.178963,-0.350599,0.838603
2018-07-16T00:00:00.000000000,749,train,1391.7232,2246223.01,0.1614,-0.003592,-0.327210,0.008195,0.015187,0.048728,-0.120748,0.080445,0.051209,0.145671,-0.398072,0.821987
2018-07-17T00:00:00.000000000,750,train,1392.7166,2490392.80,0.1788,0.000714,-0.208219,0.008193,0.015187,0.048728,0.023994,0.080425,0.051209,0.145671,-0.253311,0.821987
2018-07-18T00:00:00.000000000,751,train,1373.1125,2454522.09,0.1788,-0.014076,-0.613381,0.008130,0.014113,0.048728,-0.473157,0.079802,0.047587,0.145671,-0.746217,0.821987
2018-07-19T00:00:00.000000000,752,train,1383.9103,2472407.03,0.1787,0.007864,-0.007764,0.008203,0.014113,0.048728,0.264331,0.080519,0.047587,0.145671,-0.009445,0.821987
2018-07-20T00:00:00.000000000,753,train,1378.6290,2464922.01,0.1788,-0.003816,-0.325525,0.007588,0.014113,0.048728,-0.128278,0.074485,0.047587,0.145671,-0.396022,0.821987
2018-07-23T00:00:00.000000000,754,train,1361.9121,2436919.20,0.1789,-0.012126,-0.499933,0.007747,0.014113,0.050709,-0.275560,0.094769,0.056314,0.166616,-0.593259,0.842690
2018-07-24T00:00:00.000000000,755,train,1368.5414,2160237.34,0.1578,0.004868,-0.174291,0.007726,0.014113,0.050709,0.110618,0.094515,0.056314,0.166616,-0.206827,0.842690
2018-07-25T00:00:00.000000000,756,train,1386.9686,2199397.49,0.1586,0.013465,-0.010373,0.008158,0.014113,0.049360,0.305993,0.099803,0.056314,0.162184,-0.012309,0.842690
2018-07-26T00:00:00.000000000,757,train,1412.3869,2235743.99,0.1583,0.018326,0.079106,0.008871,0.014113,0.048016,0.416475,0.108520,0.056314,0.157767,0.093874,0.842690
2018-07-27T00:00:00.000000000,758,train,1419.3710,2234571.02,0.1574,0.004945,-0.177588,0.008913,0.014113,0.048016,0.112373,0.109031,0.056314,0.157767,-0.210739,0.842690
2018-07-30T00:00:00.000000000,759,train,1424.6326,2255138.57,0.1583,0.003707,-0.166109,0.008937,0.014113,0.034388,0.085936,0.165975,0.064616,0.057713,-0.202367,0.820828
2018-07-31T00:00:00.000000000,760,train,1432.0715,2577590.27,0.1800,0.005222,-0.119040,0.008594,0.014076,0.025041,0.121047,0.159600,0.064446,0.042025,-0.145024,0.820828
2018-08-01T00:00:00.000000000,761,train,1430.9624,2562212.15,0.1791,-0.000774,-0.227236,0.008207,0.014076,0.025041,-0.017953,0.152412,0.064446,0.042025,-0.276837,0.820828
2018-08-02T00:00:00.000000000,762,train,1454.2187,2620794.17,0.1802,0.016252,0.091418,0.008557,0.014076,0.025041,0.376758,0.158913,0.064446,0.042025,0.111373,0.820828
2018-08-03T00:00:00.000000000,763,train,1446.5665,2595903.83,0.1795,-0.005262,-0.319111,0.008632,0.014076,0.025041,-0.121985,0.160311,0.064446,0.042025,-0.388768,0.820828
2018-08-06T00:00:00.000000000,764,train,1446.0399,2600627.75,0.1798,-0.000364,-0.202441,0.008452,0.014076,0.025041,-0.012113,0.148469,0.037923,0.045375,-0.243880,0.830083
2018-08-07T00:00:00.000000000,765,train,1458.1492,2475315.46,0.1698,0.008374,0.038138,0.008505,0.014076,0.025041,0.278650,0.149407,0.037923,0.045375,0.045945,0.830083
2018-08-08T00:00:00.000000000,766,train,1453.5162,2471242.63,0.1700,-0.003177,-0.278872,0.008364,0.014076,0.025041,-0.105725,0.146934,0.037923,0.045375,-0.335957,0.830083
2018-08-09T00:00:00.000000000,767,train,1457.6106,2478747.73,0.1701,0.002817,-0.112403,0.008302,0.014076,0.025041,0.093731,0.145845,0.037923,0.045375,-0.135412,0.830083
2018-08-10T00:00:00.000000000,768,train,1474.6030,2510168.90,0.1702,0.011658,0.130582,0.008385,0.014076,0.025041,0.387911,0.147301,0.037923,0.045375,0.157313,0.830083
2018-08-13T00:00:00.000000000,769,train,1478.9189,2510549.95,0.1698,0.002927,-0.117456,0.008073,0.014076,0.025041,0.090326,0.144448,0.041614,0.046508,-0.142244,0.825738
2018-08-14T00:00:00.000000000,770,train,1461.5493,2549236.04,0.1744,-0.011745,-0.487423,0.007808,0.014076,0.025041,-0.362463,0.139702,0.041614,0.046508,-0.590287,0.825738
2018-08-16T00:00:00.000000000,771,train,1457.5592,2544274.10,0.1746,-0.002730,-0.257849,0.007819,0.014076,0.025041,-0.084253,0.139889,0.041614,0.046508,-0.312265,0.825738
2018-08-17T00:00:00.000000000,772,train,1450.8644,2531015.29,0.1744,-0.004593,-0.306502,0.007898,0.014076,0.025041,-0.141752,0.141312,0.041614,0.046508,-0.371186,0.825738
2018-08-20T00:00:00.000000000,773,train,1457.2382,2553806.94,0.1752,0.004393,-0.107055,0.007913,0.014076,0.025041,0.096702,0.065458,0.059761,0.100701,-0.129218,0.828481
2018-08-21T00:00:00.000000000,774,train,1478.1926,2542663.01,0.1720,0.014380,0.075125,0.007905,0.014076,0.025041,0.316531,0.065391,0.059761,0.100701,0.090678,0.828481
2018-08-23T00:00:00.000000000,775,train,1487.6271,2570253.40,0.1728,0.006382,-0.070510,0.007874,0.014076,0.025041,0.140493,0.065138,0.059761,0.100701,-0.085108,0.828481
2018-08-24T00:00:00.000000000,776,train,1484.4649,2562927.59,0.1726,-0.002126,-0.225852,0.007901,0.014076,0.025041,-0.046791,0.065357,0.059761,0.100701,-0.272610,0.828481
2018-08-27T00:00:00.000000000,777,train,1471.4700,2528758.49,0.1719,-0.008754,-0.363382,0.008139,0.014076,0.024936,-0.185884,0.146908,0.044418,0.067043,-0.444253,0.817963
2018-08-28T00:00:00.000000000,778,train,1492.5859,2723986.92,0.1825,0.014350,0.039718,0.008436,0.014076,0.022118,0.304717,0.152274,0.044418,0.059469,0.048557,0.817963
2018-08-29T00:00:00.000000000,779,train,1507.2953,2759347.50,0.1831,0.009855,-0.038874,0.008471,0.014076,0.022118,0.209264,0.152903,0.044418,0.059469,-0.047525,0.817963
2018-08-30T00:00:00.000000000,780,train,1519.9932,2774396.91,0.1825,0.008424,-0.057576,0.008523,0.014076,0.018970,0.178885,0.153854,0.044418,0.051003,-0.070390,0.817963
2018-08-31T00:00:00.000000000,781,train,1527.6324,2792403.93,0.1828,0.005026,-0.102652,0.007919,0.012126,0.018970,0.106720,0.142951,0.038263,0.051003,-0.125497,0.817963
2018-09-03T00:00:00.000000000,782,train,1531.4869,2797606.09,0.1827,0.002523,-0.107948,0.007881,0.012126,0.018970,0.070463,0.086450,0.082386,0.030663,-0.129036,0.836574
2018-09-04T00:00:00.000000000,783,train,1530.5620,2507569.41,0.1638,-0.000604,-0.180294,0.007804,0.012126,0.018970,-0.016866,0.085600,0.082386,0.030663,-0.215515,0.836574
2018-09-05T00:00:00.000000000,784,train,1514.3154,2480821.87,0.1638,-0.010615,-0.411116,0.007707,0.011745,0.018970,-0.296430,0.084537,0.079798,0.030663,-0.491428,0.836574
2018-09-06T00:00:00.000000000,785,train,1483.2574,2425019.62,0.1635,-0.020510,-0.719331,0.008829,0.020510,0.031492,-0.572752,0.096848,0.139349,0.050905,-0.859854,0.836574
2018-09-07T00:00:00.000000000,786,train,1511.1078,2476855.05,0.1639,0.018777,0.196067,0.009092,0.020510,0.031492,0.524355,0.099732,0.139349,0.050905,0.234369,0.836574
2018-09-10T00:00:00.000000000,787,train,1523.3412,2494821.05,0.1638,0.008096,-0.067751,0.008690,0.020510,0.031492,0.205597,0.110896,0.100891,0.077111,-0.083302,0.813320
2018-09-11T00:00:00.000000000,788,train,1524.2435,2853091.88,0.1872,0.000592,-0.222685,0.008686,0.020510,0.031492,0.015042,0.110837,0.100891,0.077111,-0.273798,0.813320
2018-09-12T00:00:00.000000000,789,train,1495.1389,2804519.62,0.1876,-0.019094,-0.637757,0.009499,0.020510,0.031492,-0.484922,0.121216,0.100891,0.077111,-0.784140,0.813320
2018-09-14T00:00:00.000000000,790,train,1476.6308,2765099.96,0.1873,-0.012379,-0.510783,0.009799,0.020510,0.035819,-0.314374,0.125051,0.100891,0.087706,-0.628022,0.813320
2018-09-17T00:00:00.000000000,791,train,1500.0710,2811346.96,0.1874,0.015874,0.092072,0.010145,0.020510,0.035819,0.419579,0.119914,0.080815,0.108266,0.110585,0.832590
2018-09-18T00:00:00.000000000,792,train,1513.4422,2550531.92,0.1685,0.008914,-0.058438,0.009874,0.020510,0.035819,0.235605,0.116713,0.080815,0.108266,-0.070189,0.832590
2018-09-19T00:00:00.000000000,793,train,1515.7182,2544177.75,0.1679,0.001504,-0.220744,0.009797,0.020510,0.035819,0.039750,0.115799,0.080815,0.108266,-0.265129,0.832590
2018-09-21T00:00:00.000000000,794,train,1500.1670,2522402.67,0.1681,-0.010260,-0.481840,0.010021,0.020510,0.035819,-0.271188,0.118456,0.080815,0.108266,-0.578724,0.832590
2018-09-24T00:00:00.000000000,795,train,1502.1412,2520561.32,0.1678,0.001316,-0.249338,0.009934,0.020510,0.035819,0.027283,0.137925,0.068777,0.124415,-0.303833,0.820643
2018-09-25T00:00:00.000000000,796,train,1484.3942,2672933.75,0.1801,-0.011815,-0.475468,0.010175,0.020510,0.035819,-0.244933,0.141261,0.068777,0.124415,-0.579385,0.820643
2018-09-26T00:00:00.000000000,797,train,1453.9079,2622140.13,0.1804,-0.020538,-0.674031,0.010858,0.020538,0.050656,-0.425782,0.150741,0.068872,0.175950,-0.821345,0.820643
2018-09-27T00:00:00.000000000,798,train,1466.2823,2639248.83,0.1800,0.008511,-0.178691,0.010759,0.020538,0.050656,0.176450,0.149372,0.068872,0.175950,-0.217745,0.820643
2018-09-28T00:00:00.000000000,799,train,1474.5260,2653167.54,0.1799,0.005622,-0.228256,0.010795,0.020538,0.050656,0.116555,0.149877,0.068872,0.175950,-0.278143,0.820643
2018-10-01T00:00:00.000000000,800,train,1466.9756,2639711.60,0.1799,-0.005121,-0.407370,0.010620,0.020538,0.050656,-0.153963,0.168718,0.094875,0.076292,-0.493848,0.824891
2018-10-03T00:00:00.000000000,801,train,1414.3101,2493349.83,0.1763,-0.035901,-1.285275,0.012437,0.035901,0.076512,-1.079458,0.197581,0.165845,0.115232,-1.558116,0.824891
2018-10-04T00:00:00.000000000,802,train,1421.0621,2496281.24,0.1757,0.004774,-0.276714,0.012458,0.035901,0.076512,0.143545,0.197923,0.165845,0.115232,-0.335456,0.824891
2018-10-05T00:00:00.000000000,803,train,1400.2765,2464542.86,0.1760,-0.014627,-0.772060,0.012670,0.035901,0.085675,-0.439797,0.201280,0.165845,0.129033,-0.935954,0.824891
2018-10-08T00:00:00.000000000,804,train,1407.7552,2478835.01,0.1761,0.005341,-0.321580,0.012399,0.035901,0.085675,0.147081,0.140465,0.171847,0.221642,-0.386873,0.831230
2018-10-09T00:00:00.000000000,805,train,1371.2167,2328082.98,0.1698,-0.025955,-1.084924,0.013051,0.035901,0.104650,-0.714773,0.147853,0.171847,0.270730,-1.305203,0.831230
2018-10-10T00:00:00.000000000,806,train,1364.7723,2320681.18,0.1700,-0.004700,-0.607460,0.013056,0.035901,0.108858,-0.129426,0.147908,0.171847,0.281616,-0.730797,0.831230
2018-10-11T00:00:00.000000000,807,train,1383.8273,2341420.79,0.1692,0.013962,-0.182938,0.013339,0.035901,0.108858,0.384499,0.151118,0.171847,0.281616,-0.220081,0.831230
2018-10-12T00:00:00.000000000,808,train,1372.2417,2323735.37,0.1693,-0.008372,-0.691314,0.013034,0.035901,0.108858,-0.230559,0.147654,0.171847,0.281616,-0.831676,0.831230
2018-10-15T00:00:00.000000000,809,train,1381.3068,2334619.55,0.1690,0.006606,-0.404358,0.012942,0.035901,0.108858,0.144540,0.189880,0.188161,0.245699,-0.479200,0.843818
2018-10-16T00:00:00.000000000,810,train,1410.7704,2206399.92,0.1564,0.021330,-0.139549,0.013511,0.035901,0.108858,0.466706,0.198223,0.188161,0.245699,-0.165378,0.843818
2018-10-17T00:00:00.000000000,811,train,1407.6346,2204391.20,0.1566,-0.002223,-0.573533,0.013440,0.035901,0.108858,-0.048634,0.197194,0.188161,0.245699,-0.679689,0.843818
2018-10-19T00:00:00.000000000,812,train,1427.2280,2243158.03,0.1572,0.013919,-0.278169,0.013738,0.035901,0.108320,0.304557,0.201567,0.188161,0.244484,-0.329655,0.843818
2018-10-22T00:00:00.000000000,813,train,1375.6120,2153110.61,0.1565,-0.036165,-1.181005,0.015019,0.036165,0.104623,-0.777317,0.226436,0.201697,0.214149,-1.419600,0.831928
2018-10-23T00:00:00.000000000,814,train,1381.8446,2338122.14,0.1692,0.004531,-0.453378,0.015024,0.036165,0.104623,0.097383,0.226509,0.201697,0.214149,-0.544972,0.831928
2018-10-24T00:00:00.000000000,815,train,1349.1881,2270592.27,0.1683,-0.023633,-0.976030,0.015156,0.036165,0.114847,-0.507946,0.228494,0.201697,0.235077,-1.173214,0.831928
2018-10-25T00:00:00.000000000,816,train,1353.3491,2277667.99,0.1683,0.003084,-0.492047,0.014657,0.036165,0.114847,0.066287,0.220966,0.201697,0.235077,-0.591453,0.831928
2018-10-26T00:00:00.000000000,817,train,1345.5861,2264025.29,0.1683,-0.005736,-0.651813,0.014499,0.036165,0.117211,-0.123289,0.218596,0.201697,0.239914,-0.783497,0.831928
2018-10-29T00:00:00.000000000,818,train,1356.4510,2281636.71,0.1682,0.008074,-0.426665,0.014640,0.036165,0.112245,0.159278,0.241269,0.160618,0.281828,-0.524437,0.813569
2018-10-30T00:00:00.000000000,819,train,1363.2794,2548232.22,0.1869,0.005034,-0.472746,0.014438,0.036165,0.112245,0.099301,0.237932,0.160618,0.281828,-0.581077,0.813569
2018-10-31T00:00:00.000000000,820,train,1388.5640,2600140.46,0.1873,0.018547,-0.261112,0.014828,0.036165,0.112245,0.365859,0.244359,0.160618,0.281828,-0.320946,0.813569
2018-11-01T00:00:00.000000000,821,train,1386.0928,2595235.46,0.1872,-0.001780,-0.582325,0.014455,0.036165,0.112245,-0.035106,0.238214,0.160618,0.281828,-0.715766,0.813569
2018-11-02T00:00:00.000000000,822,train,1403.1916,2624430.81,0.1870,0.012336,-0.357169,0.014558,0.036165,0.112245,0.243341,0.239911,0.160618,0.281828,-0.439015,0.813569
2018-11-05T00:00:00.000000000,823,train,1424.1692,2664631.60,0.1871,0.014950,-0.154834,0.014875,0.036165,0.104221,0.421517,0.205731,0.125952,0.278585,-0.188751,0.820308
2018-11-06T00:00:00.000000000,824,train,1458.0117,2625702.28,0.1801,0.023763,0.042095,0.015484,0.036165,0.104221,0.670003,0.214150,0.125952,0.278585,0.051316,0.820308
2018-11-07T00:00:00.000000000,825,train,1440.0305,2590647.22,0.1799,-0.012333,-0.770748,0.015614,0.036165,0.093512,-0.347723,0.215951,0.125952,0.249958,-0.939584,0.820308
2018-11-09T00:00:00.000000000,826,train,1435.8717,2592701.65,0.1806,-0.002888,-0.537654,0.015495,0.036165,0.087445,-0.081429,0.214307,0.125952,0.233742,-0.655429,0.820308
2018-11-12T00:00:00.000000000,827,train,1436.8070,2589083.31,0.1802,0.000651,-0.427095,0.015065,0.036165,0.087445,0.020297,0.230595,0.110951,0.200139,-0.521388,0.819151
2018-11-13T00:00:00.000000000,828,train,1436.8999,2608726.60,0.1816,0.000065,-0.440965,0.014977,0.036165,0.087445,0.002015,0.229244,0.110951,0.200139,-0.538319,0.819151
2018-11-14T00:00:00.000000000,829,train,1419.3209,2580141.54,0.1818,-0.012234,-0.747287,0.015073,0.036165,0.082748,-0.381203,0.230728,0.110951,0.189389,-0.912270,0.819151
2018-11-15T00:00:00.000000000,830,train,1436.7599,2601681.82,0.1811,0.012287,-0.075654,0.015244,0.036165,0.057203,0.382852,0.233335,0.110951,0.130923,-0.092357,0.819151
2018-11-16T00:00:00.000000000,831,train,1432.7208,2599504.38,0.1814,-0.002811,-0.442597,0.013774,0.036165,0.057203,-0.087598,0.210840,0.110951,0.130923,-0.540312,0.819151
2018-11-19T00:00:00.000000000,832,train,1451.9845,2640159.53,0.1818,0.013446,-0.233899,0.013950,0.036165,0.057203,0.246585,0.188404,0.127879,0.211478,-0.281176,0.831859
2018-11-20T00:00:00.000000000,833,train,1447.6641,2447705.27,0.1691,-0.002975,-0.481317,0.013674,0.036165,0.057203,-0.054569,0.184678,0.127879,0.211478,-0.578604,0.831859
2018-11-21T00:00:00.000000000,834,train,1448.3822,2452793.59,0.1693,0.000496,-0.428117,0.013653,0.036165,0.057203,0.009097,0.184392,0.127879,0.211478,-0.514651,0.831859
2018-11-22T00:00:00.000000000,835,train,1440.4190,2426718.73,0.1685,-0.005498,-0.509641,0.012770,0.036165,0.057203,-0.100832,0.172465,0.127879,0.211478,-0.612653,0.831859
2018-11-26T00:00:00.000000000,836,train,1441.0291,2432658.07,0.1688,0.000424,-0.382330,0.012717,0.036165,0.057203,0.010810,0.113807,0.176045,0.184437,-0.463479,0.824912
2018-11-27T00:00:00.000000000,837,train,1435.4510,2518972.34,0.1755,-0.003871,-0.471541,0.012555,0.036165,0.057203,-0.098787,0.112356,0.176045,0.184437,-0.571625,0.824912
2018-11-28T00:00:00.000000000,838,train,1425.0355,2510134.58,0.1761,-0.007256,-0.542600,0.012528,0.036165,0.057203,-0.185172,0.112113,0.176045,0.184437,-0.657767,0.824912
2018-11-29T00:00:00.000000000,839,train,1428.5366,2503782.66,0.1753,0.002457,-0.337862,0.012492,0.036165,0.057203,0.062699,0.111791,0.176045,0.184437,-0.409574,0.824912
2018-11-30T00:00:00.000000000,840,train,1445.5730,2540188.72,0.1757,0.011926,-0.135589,0.012094,0.036165,0.057203,0.304348,0.108234,0.176045,0.184437,-0.164368,0.824912
2018-12-03T00:00:00.000000000,841,train,1459.4575,2559197.04,0.1754,0.009605,-0.265544,0.012179,0.036165,0.057203,0.192902,0.217749,0.215700,0.082009,-0.322555,0.823252
2018-12-04T00:00:00.000000000,842,train,1473.9742,2616406.73,0.1775,0.009947,-0.221973,0.012062,0.036165,0.026537,0.199769,0.215655,0.215700,0.038044,-0.269629,0.823252
2018-12-05T00:00:00.000000000,843,train,1475.4680,2622750.03,0.1778,0.001013,-0.275974,0.009876,0.023633,0.026537,0.020353,0.176581,0.140951,0.038044,-0.335224,0.823252
2018-12-06T00:00:00.000000000,844,train,1466.8423,2608731.43,0.1778,-0.005846,-0.390863,0.009977,0.023633,0.026537,-0.117413,0.178371,0.140951,0.038044,-0.474779,0.823252
2018-12-07T00:00:00.000000000,845,train,1454.2113,2570042.37,0.1767,-0.008611,-0.366796,0.009005,0.012333,0.026537,-0.172943,0.161002,0.073556,0.038044,-0.445545,0.823252
2018-12-10T00:00:00.000000000,846,train,1448.4617,2572555.76,0.1776,-0.003954,-0.275687,0.009079,0.012333,0.026537,-0.090315,0.111995,0.073990,0.059678,-0.335978,0.820551
2018-12-11T00:00:00.000000000,847,train,1428.9444,2578011.95,0.1804,-0.013475,-0.472309,0.009408,0.013475,0.031531,-0.307797,0.116052,0.080841,0.070910,-0.575600,0.820551
2018-12-12T00:00:00.000000000,848,train,1421.2250,2560066.32,0.1801,-0.005402,-0.330893,0.009431,0.013475,0.036763,-0.123401,0.116339,0.080841,0.082676,-0.403257,0.820551
2018-12-13T00:00:00.000000000,849,train,1453.8020,2623829.98,0.1805,0.022922,0.192565,0.010166,0.013475,0.036763,0.523600,0.125406,0.080841,0.082676,0.234677,0.820551
2018-12-14T00:00:00.000000000,850,train,1474.4602,2651346.09,0.1798,0.014210,0.031341,0.009962,0.013475,0.036763,0.324592,0.122880,0.080841,0.082676,0.038195,0.820551
2018-12-17T00:00:00.000000000,851,train,1477.6333,2655481.08,0.1797,0.002152,-0.186134,0.009936,0.013475,0.036763,0.050336,0.116448,0.094428,0.066659,-0.227200,0.819255
2018-12-18T00:00:00.000000000,852,train,1486.0531,2687716.81,0.1809,0.005698,-0.116690,0.009780,0.013475,0.036763,0.133275,0.114621,0.094428,0.066659,-0.142434,0.819255
2018-12-19T00:00:00.000000000,853,train,1478.7384,2676169.72,0.1810,-0.004922,-0.317968,0.009548,0.013475,0.036763,-0.115128,0.111904,0.094428,0.066659,-0.388119,0.819255
2018-12-20T00:00:00.000000000,854,train,1500.9207,2716322.94,0.1810,0.015001,0.069312,0.008974,0.013475,0.036763,0.350858,0.105166,0.094428,0.066659,0.084604,0.819255
2018-12-21T00:00:00.000000000,855,train,1492.9502,2710656.09,0.1816,-0.005310,-0.317358,0.008710,0.013475,0.036763,-0.124206,0.102080,0.094428,0.066659,-0.387374,0.819255
2018-12-24T00:00:00.000000000,856,train,1499.6686,2719440.31,0.1813,0.004500,-0.086881,0.008694,0.013475,0.036763,0.138808,0.083188,0.061766,0.099624,-0.105770,0.821412
2018-12-26T00:00:00.000000000,857,train,1477.6675,2643525.03,0.1789,-0.014671,-0.580817,0.009166,0.014671,0.036763,-0.452525,0.087698,0.067249,0.099624,-0.707097,0.821412
2018-12-27T00:00:00.000000000,858,train,1442.6942,2584984.92,0.1792,-0.023668,-0.855137,0.010179,0.023668,0.038794,-0.730050,0.097389,0.108492,0.105126,-1.041058,0.821412
2018-12-28T00:00:00.000000000,859,train,1472.3162,2636012.39,0.1790,0.020532,0.261932,0.010539,0.023668,0.038794,0.633335,0.100836,0.108492,0.105126,0.318880,0.821412
2018-12-31T00:00:00.000000000,860,train,1473.8326,2646184.49,0.1795,0.001030,-0.271965,0.010339,0.023668,0.038794,0.022317,0.101751,0.122161,0.127405,-0.329000,0.826644
2019-01-01T00:00:00.000000000,861,train,1500.2992,2612153.28,0.1741,0.017958,0.027857,0.010754,0.023668,0.038794,0.389101,0.105836,0.122161,0.127405,0.033698,0.826644
2019-01-02T00:00:00.000000000,862,train,1501.9142,2617289.75,0.1743,0.001077,-0.272658,0.010526,0.023668,0.038794,0.023326,0.103597,0.122161,0.127405,-0.329838,0.826644
2019-01-03T00:00:00.000000000,863,train,1489.3374,2588078.47,0.1738,-0.008374,-0.442865,0.010641,0.023668,0.038794,-0.181443,0.104729,0.122161,0.127405,-0.535739,0.826644
2019-01-04T00:00:00.000000000,864,train,1476.1204,2563497.98,0.1737,-0.008874,-0.453025,0.010788,0.023668,0.038794,-0.192289,0.106174,0.122161,0.127405,-0.548029,0.826644
2019-01-07T00:00:00.000000000,865,train,1467.8872,2554725.47,0.1740,-0.005578,-0.406296,0.010790,0.023668,0.038794,-0.209768,0.106292,0.073781,0.105137,-0.494979,0.820835
2019-01-08T00:00:00.000000000,866,train,1486.1123,2681467.10,0.1804,0.012416,0.147537,0.010993,0.023668,0.038794,0.466951,0.108293,0.073781,0.105137,0.179741,0.820835
2019-01-09T00:00:00.000000000,867,train,1480.9665,2660715.86,0.1797,-0.003463,-0.342598,0.010987,0.023668,0.038794,-0.130226,0.108234,0.073781,0.105137,-0.417378,0.820835
2019-01-10T00:00:00.000000000,868,train,1479.8557,2667127.19,0.1802,-0.000750,-0.258023,0.010884,0.023668,0.038794,-0.028208,0.107216,0.073781,0.105137,-0.314342,0.820835
2019-01-11T00:00:00.000000000,869,train,1479.1076,2651749.42,0.1793,-0.000506,-0.250498,0.010886,0.023668,0.038794,-0.019014,0.107242,0.073781,0.105137,-0.305174,0.820835
2019-01-14T00:00:00.000000000,870,train,1479.0405,2664269.04,0.1801,-0.000045,-0.317877,0.010704,0.023668,0.038794,-0.000758,0.173170,0.099697,0.115895,-0.389519,0.816074
2019-01-15T00:00:00.000000000,871,train,1452.1646,2683576.23,0.1848,-0.018171,-0.570235,0.011098,0.023668,0.038794,-0.303617,0.179546,0.099697,0.115895,-0.698754,0.816074
2019-01-16T00:00:00.000000000,872,train,1436.8950,2650044.13,0.1844,-0.010515,-0.476672,0.011088,0.023668,0.043291,-0.175693,0.179384,0.099697,0.129330,-0.584104,0.816074
2019-01-17T00:00:00.000000000,873,train,1450.7375,2672807.10,0.1842,0.009634,-0.203961,0.011242,0.023668,0.043291,0.160966,0.181869,0.099697,0.129330,-0.249929,0.816074
2019-01-18T00:00:00.000000000,874,train,1447.9020,2680212.20,0.1851,-0.001955,-0.361443,0.011202,0.023668,0.043291,-0.032658,0.181221,0.099697,0.129330,-0.442905,0.816074
2019-01-21T00:00:00.000000000,875,train,1446.1454,2664567.59,0.1843,-0.001213,-0.308232,0.011099,0.023668,0.043291,-0.034382,0.134138,0.074513,0.137439,-0.380472,0.810130
2019-01-22T00:00:00.000000000,876,train,1447.5047,2751746.10,0.1901,0.000940,-0.258588,0.011077,0.023668,0.043291,0.026637,0.133878,0.074513,0.137439,-0.319193,0.810130
2019-01-23T00:00:00.000000000,877,train,1437.2958,2732797.34,0.1901,-0.007053,-0.440099,0.010874,0.023668,0.043291,-0.199869,0.131424,0.074513,0.137439,-0.543245,0.810130
2019-01-24T00:00:00.000000000,878,train,1449.6334,2755017.79,0.1900,0.008584,-0.081568,0.010922,0.023668,0.043291,0.243262,0.131995,0.074513,0.137439,-0.100685,0.810130
2019-01-25T00:00:00.000000000,879,train,1442.8807,2756188.91,0.1910,-0.004658,-0.378008,0.010147,0.023668,0.043291,-0.132012,0.122638,0.074513,0.137439,-0.466601,0.810130
2019-01-28T00:00:00.000000000,880,train,1445.4745,2757569.54,0.1908,0.001798,-0.269383,0.009798,0.023668,0.043291,0.038863,0.157327,0.096959,0.111626,-0.327049,0.823679
2019-01-29T00:00:00.000000000,881,train,1433.6599,2534265.55,0.1768,-0.008173,-0.452543,0.009876,0.023668,0.045445,-0.176701,0.158577,0.096959,0.117180,-0.549416,0.823679
2019-01-30T00:00:00.000000000,882,train,1401.5278,2476425.28,0.1767,-0.022413,-0.759961,0.010513,0.023668,0.066839,-0.484533,0.168805,0.096959,0.172345,-0.922642,0.823679
2019-01-31T00:00:00.000000000,883,train,1425.6858,2524727.64,0.1771,0.017237,-0.060889,0.011040,0.023668,0.066839,0.372641,0.177260,0.096959,0.172345,-0.073924,0.823679
2019-02-01T00:00:00.000000000,884,train,1423.9220,2526071.44,0.1774,-0.001237,-0.384365,0.010625,0.023668,0.066839,-0.026746,0.170594,0.096959,0.172345,-0.466645,0.823679
2019-02-04T00:00:00.000000000,885,train,1439.0550,2548538.29,0.1771,0.010628,-0.187475,0.010827,0.023668,0.066839,0.222596,0.155136,0.108789,0.183246,-0.224575,0.834798
2019-02-05T00:00:00.000000000,886,train,1456.0569,2419309.67,0.1662,0.011815,-0.169177,0.011033,0.023668,0.066839,0.247456,0.158077,0.108789,0.183246,-0.202656,0.834798
2019-02-06T00:00:00.000000000,887,train,1454.6302,2411697.10,0.1658,-0.000980,-0.389307,0.010734,0.023668,0.066839,-0.020521,0.153792,0.108789,0.183246,-0.466349,0.834798
2019-02-07T00:00:00.000000000,888,train,1462.3266,2419977.75,0.1655,0.005291,-0.264531,0.009871,0.022413,0.066839,0.110819,0.141434,0.103020,0.183246,-0.316881,0.834798
2019-02-08T00:00:00.000000000,889,train,1475.7141,2451399.70,0.1661,0.009155,-0.190092,0.009296,0.022413,0.066839,0.191748,0.133193,0.103020,0.183246,-0.227711,0.834798
2019-02-11T00:00:00.000000000,890,train,1472.3864,2447175.50,0.1662,-0.002255,-0.363249,0.009304,0.022413,0.066839,-0.056901,0.102756,0.137678,0.146798,-0.444133,0.817884
2019-02-12T00:00:00.000000000,891,train,1463.6115,2678383.64,0.1830,-0.005960,-0.434608,0.008739,0.022413,0.066839,-0.150382,0.096522,0.137678,0.146798,-0.531381,0.817884
2019-02-14T00:00:00.000000000,892,train,1449.5571,2650118.61,0.1828,-0.009603,-0.496841,0.008873,0.022413,0.058959,-0.242307,0.097995,0.137678,0.129491,-0.607471,0.817884
2019-02-15T00:00:00.000000000,893,train,1429.6726,2611780.16,0.1827,-0.013718,-0.579860,0.009068,0.022413,0.056917,-0.346144,0.100147,0.137678,0.125006,-0.708975,0.817884
2019-02-18T00:00:00.000000000,894,train,1433.4753,2612930.23,0.1823,0.002660,-0.264682,0.008983,0.022413,0.056917,0.063502,0.099620,0.098277,0.182258,-0.316653,0.835873
2019-02-19T00:00:00.000000000,895,train,1423.1258,2349236.48,0.1651,-0.007220,-0.462149,0.009016,0.022413,0.056917,-0.172372,0.099986,0.098277,0.182258,-0.552894,0.835873
2019-02-20T00:00:00.000000000,896,train,1414.7854,2333811.03,0.1650,-0.005861,-0.423337,0.008702,0.022413,0.053640,-0.139920,0.096499,0.098277,0.171765,-0.506461,0.835873
2019-02-21T00:00:00.000000000,897,train,1417.4460,2329578.02,0.1644,0.001881,-0.267088,0.008717,0.022413,0.052929,0.044898,0.096662,0.098277,0.169491,-0.319532,0.835873
2019-02-22T00:00:00.000000000,898,train,1432.0572,2353485.84,0.1643,0.010308,-0.099949,0.008967,0.022413,0.052450,0.246103,0.099444,0.098277,0.167957,-0.119575,0.835873
2019-02-25T00:00:00.000000000,899,train,1440.8963,2367845.32,0.1643,0.006172,-0.225322,0.009061,0.022413,0.052407,0.115542,0.125834,0.115482,0.145388,-0.271162,0.830950
2019-02-26T00:00:00.000000000,900,train,1455.3013,2473866.47,0.1700,0.009997,-0.142568,0.009267,0.022413,0.041288,0.187144,0.128695,0.115482,0.114540,-0.171573,0.830950
2019-02-27T00:00:00.000000000,901,train,1447.9875,2448496.93,0.1691,-0.005026,-0.369882,0.008715,0.022413,0.041288,-0.094078,0.121033,0.115482,0.114540,-0.445132,0.830950
2019-02-28T00:00:00.000000000,902,train,1462.9772,2486886.36,0.1700,0.010352,-0.130338,0.008685,0.022413,0.041288,0.193787,0.120620,0.115482,0.114540,-0.156855,0.830950
2019-03-01T00:00:00.000000000,903,train,1455.3811,2471938.29,0.1698,-0.005192,-0.370922,0.008580,0.022413,0.041288,-0.097196,0.119165,0.115482,0.114540,-0.446383,0.830950
2019-03-05T00:00:00.000000000,904,train,1467.8529,2496823.27,0.1701,0.008569,-0.116140,0.008702,0.022413,0.041288,0.190642,0.114371,0.084587,0.134581,-0.142897,0.812750
2019-03-06T00:00:00.000000000,905,train,1472.5996,2770412.06,0.1881,0.003234,-0.212695,0.008709,0.022413,0.041288,0.071941,0.114470,0.084587,0.134581,-0.261697,0.812750
2019-03-07T00:00:00.000000000,906,train,1503.2720,2829587.24,0.1882,0.020829,0.097703,0.009434,0.022413,0.041288,0.463371,0.123990,0.084587,0.134581,0.120213,0.812750
2019-03-08T00:00:00.000000000,907,train,1510.2018,2846778.13,0.1885,0.004610,-0.194347,0.009321,0.022413,0.041288,0.102553,0.122507,0.084587,0.134581,-0.239122,0.812750
2019-03-11T00:00:00.000000000,908,train,1496.8143,2818312.27,0.1883,-0.008865,-0.510585,0.009417,0.022413,0.041288,-0.342373,0.095495,0.088229,0.088409,-0.614506,0.830886
2019-03-12T00:00:00.000000000,909,train,1503.0228,2555766.50,0.1700,0.004148,-0.092608,0.009369,0.022413,0.041288,0.160197,0.095015,0.088229,0.088409,-0.111457,0.830886
2019-03-13T00:00:00.000000000,910,train,1545.7762,2623892.83,0.1697,0.028445,0.677122,0.010553,0.022413,0.041288,1.098594,0.107017,0.088229,0.088409,0.814939,0.830886
2019-03-14T00:00:00.000000000,911,train,1563.5551,2647916.69,0.1694,0.011502,0.133909,0.010493,0.022413,0.041288,0.444213,0.106411,0.088229,0.088409,0.161164,0.830886
2019-03-15T00:00:00.000000000,912,train,1564.6305,2649926.65,0.1694,0.000688,-0.175407,0.009394,0.013718,0.041288,0.026562,0.095261,0.054000,0.088409,-0.211108,0.830886
2019-03-18T00:00:00.000000000,913,train,1554.6173,2637100.27,0.1696,-0.006400,-0.327560,0.009216,0.013718,0.041288,-0.114055,0.122762,0.112844,0.059483,-0.409144,0.800598
2019-03-19T00:00:00.000000000,914,train,1562.6099,3126289.48,0.2001,0.005141,-0.162624,0.009191,0.013718,0.041288,0.091626,0.122428,0.112844,0.059483,-0.203128,0.800598
2019-03-20T00:00:00.000000000,915,train,1571.7251,3149689.24,0.2004,0.005833,-0.151785,0.009101,0.013718,0.041288,0.103962,0.121225,0.112844,0.059483,-0.189589,0.800598
2019-03-22T00:00:00.000000000,916,train,1583.0113,3159822.41,0.1996,0.007181,-0.131360,0.008988,0.013718,0.041288,0.127976,0.119726,0.112844,0.059483,-0.164077,0.800598
2019-03-25T00:00:00.000000000,917,train,1582.6698,3165318.46,0.2000,-0.000216,-0.226927,0.008979,0.013718,0.041288,-0.006269,0.135173,0.064233,0.071918,-0.277592,0.817482
2019-03-26T00:00:00.000000000,918,train,1578.8660,2895582.06,0.1834,-0.002403,-0.279347,0.009015,0.013718,0.041288,-0.069841,0.135724,0.064233,0.071918,-0.341716,0.817482
2019-03-27T00:00:00.000000000,919,train,1571.0302,2888503.48,0.1839,-0.004963,-0.337235,0.009029,0.013718,0.039121,-0.144217,0.135935,0.064233,0.068144,-0.412529,0.817482
2019-03-28T00:00:00.000000000,920,train,1590.1186,2916741.67,0.1834,0.012150,0.075819,0.009165,0.013718,0.033360,0.353072,0.137984,0.064233,0.058109,0.092746,0.817482
2019-04-01T00:00:00.000000000,921,train,1575.4447,2884633.61,0.1831,-0.009228,-0.339201,0.009285,0.013718,0.023988,-0.132244,0.132760,0.045846,0.096822,-0.407672,0.832044
2019-04-02T00:00:00.000000000,922,train,1599.7774,2699252.85,0.1687,0.015445,-0.008239,0.009286,0.013718,0.013038,0.221334,0.132765,0.045846,0.052626,-0.009902,0.832044
2019-04-03T00:00:00.000000000,923,train,1595.8884,2697351.87,0.1690,-0.002431,-0.203161,0.008803,0.009228,0.013038,-0.034837,0.125867,0.030842,0.052626,-0.244172,0.832044
2019-04-04T00:00:00.000000000,924,train,1587.8191,2686857.43,0.1692,-0.005056,-0.223319,0.008942,0.009228,0.009228,-0.072460,0.127849,0.030842,0.037248,-0.268398,0.832044
2019-04-05T00:00:00.000000000,925,train,1583.5823,2668494.54,0.1685,-0.002668,-0.196127,0.008797,0.009228,0.010123,-0.038238,0.125776,0.030842,0.040861,-0.235717,0.832044
2019-04-08T00:00:00.000000000,926,train,1585.2070,2665329.43,0.1681,0.001026,-0.147804,0.008635,0.009228,0.010123,0.019669,0.137497,0.041191,0.026994,-0.186014,0.794584
2019-04-09T00:00:00.000000000,927,train,1578.6417,3248152.99,0.2058,-0.004142,-0.234485,0.008748,0.009228,0.013212,-0.079397,0.139287,0.041191,0.035229,-0.295104,0.794584
2019-04-10T00:00:00.000000000,928,train,1578.7920,3254482.94,0.2061,0.000095,-0.169089,0.008680,0.009228,0.013212,0.001825,0.138206,0.041191,0.035229,-0.212802,0.794584
2019-04-11T00:00:00.000000000,929,train,1578.7450,3261637.46,0.2066,-0.000030,-0.171028,0.008682,0.009228,0.013212,-0.000571,0.138251,0.041191,0.035229,-0.215243,0.794584
2019-04-12T00:00:00.000000000,930,train,1582.7563,3262474.49,0.2061,0.002541,-0.130667,0.008587,0.009228,0.013212,0.048709,0.136736,0.041191,0.035229,-0.164448,0.794584
2019-04-15T00:00:00.000000000,931,train,1581.3278,3257482.69,0.2060,-0.000903,-0.174296,0.008493,0.009228,0.013212,-0.022256,0.108212,0.050477,0.029739,-0.210683,0.827288
2019-04-16T00:00:00.000000000,932,train,1585.6124,2744680.49,0.1731,0.002709,-0.099440,0.008382,0.009228,0.013212,0.066811,0.106795,0.050477,0.029739,-0.120200,0.827288
2019-04-18T00:00:00.000000000,933,train,1599.4141,2777390.44,0.1737,0.008704,0.023550,0.008315,0.009228,0.013212,0.214631,0.105949,0.050477,0.029739,0.028466,0.827288
2019-04-22T00:00:00.000000000,934,train,1630.4906,2819754.97,0.1729,0.019430,0.246859,0.008766,0.009228,0.013212,0.499284,0.128503,0.048910,0.024421,0.297449,0.829921
2019-04-23T00:00:00.000000000,935,train,1602.1416,2735202.30,0.1707,-0.017387,-0.589984,0.009538,0.017387,0.017387,-0.446781,0.139821,0.092152,0.032138,-0.710892,0.829921
2019-04-24T00:00:00.000000000,936,train,1584.7755,2710118.45,0.1710,-0.010839,-0.463048,0.009239,0.017387,0.028038,-0.278533,0.135431,0.092152,0.051825,-0.557942,0.829921
2019-04-25T00:00:00.000000000,937,train,1579.2927,2686015.19,0.1701,-0.003460,-0.311215,0.009270,0.017387,0.031400,-0.088903,0.135898,0.092152,0.058041,-0.374993,0.829921
2019-04-26T00:00:00.000000000,938,train,1609.9510,2751428.00,0.1709,0.019413,0.172593,0.009597,0.017387,0.031400,0.498840,0.140684,0.092152,0.058041,0.207963,0.829921
2019-04-30T00:00:00.000000000,939,train,1619.1840,2767792.44,0.1709,0.005735,-0.049104,0.009610,0.017387,0.031400,0.187888,0.077163,0.092247,0.077407,-0.058930,0.833261
2019-05-02T00:00:00.000000000,940,train,1608.2179,2686586.24,0.1671,-0.006773,-0.382819,0.008455,0.017387,0.031400,-0.221884,0.067884,0.092247,0.077407,-0.459422,0.833261
2019-05-03T00:00:00.000000000,941,train,1603.9709,2681136.85,0.1672,-0.002641,-0.268774,0.008268,0.017387,0.031400,-0.086517,0.066385,0.092247,0.077407,-0.322557,0.833261
2019-05-06T00:00:00.000000000,942,train,1596.6926,2663621.69,0.1668,-0.004538,-0.316373,0.008325,0.017387,0.031400,-0.101455,0.116217,0.065618,0.096876,-0.380166,0.832195
2019-05-07T00:00:00.000000000,943,train,1585.2820,2667628.35,0.1683,-0.007146,-0.365172,0.008347,0.017387,0.031400,-0.159783,0.116528,0.065618,0.096876,-0.438805,0.832195
2019-05-08T00:00:00.000000000,944,train,1577.6681,2653503.01,0.1682,-0.004803,-0.324287,0.008361,0.017387,0.032397,-0.107386,0.116723,0.065618,0.099950,-0.389677,0.832195
2019-05-09T00:00:00.000000000,945,train,1562.4547,2632374.82,0.1685,-0.009643,-0.439724,0.008484,0.017387,0.041727,-0.215602,0.118434,0.065618,0.128736,-0.528390,0.832195
2019-05-10T00:00:00.000000000,946,train,1570.5895,2644105.31,0.1684,0.005206,-0.162850,0.008434,0.017387,0.041727,0.116408,0.117740,0.065618,0.128736,-0.195687,0.832195
2019-05-13T00:00:00.000000000,947,train,1569.4253,2650110.40,0.1689,-0.000741,-0.256987,0.008435,0.017387,0.041727,-0.016159,0.092612,0.125999,0.083483,-0.318253,0.807494
2019-05-14T00:00:00.000000000,948,train,1570.1194,3027188.33,0.1928,0.000442,-0.236075,0.008426,0.017387,0.041727,0.009642,0.092515,0.125999,0.083483,-0.292355,0.807494
2019-05-15T00:00:00.000000000,949,train,1560.4680,3018929.44,0.1935,-0.006147,-0.354257,0.008451,0.017387,0.042946,-0.134001,0.092792,0.125999,0.085921,-0.438712,0.807494
2019-05-16T00:00:00.000000000,950,train,1567.9456,3038389.72,0.1938,0.004792,-0.159405,0.008192,0.017387,0.042946,0.104462,0.089949,0.125999,0.085921,-0.197407,0.807494
2019-05-17T00:00:00.000000000,951,train,1564.7576,3022973.82,0.1932,-0.002033,-0.278155,0.008035,0.017387,0.042946,-0.044324,0.088224,0.125999,0.085921,-0.344467,0.807494
2019-05-20T00:00:00.000000000,952,train,1578.6183,3046038.93,0.1930,0.008858,-0.049475,0.007687,0.017387,0.042946,0.230308,0.088969,0.072802,0.128481,-0.059943,0.825376
2019-05-21T00:00:00.000000000,953,train,1614.4655,2835820.93,0.1757,0.022708,0.237852,0.008722,0.017387,0.042946,0.590404,0.100947,0.072802,0.128481,0.288174,0.825376
2019-05-22T00:00:00.000000000,954,train,1639.2470,2866908.49,0.1749,0.015350,0.076742,0.009058,0.017387,0.042946,0.399089,0.104828,0.072802,0.128481,0.092978,0.825376
2019-05-23T00:00:00.000000000,955,train,1632.5819,2856099.88,0.1749,-0.004066,-0.340129,0.009080,0.017387,0.042946,-0.105714,0.105093,0.072802,0.128481,-0.412089,0.825376
2019-05-24T00:00:00.000000000,956,train,1661.6170,2910388.34,0.1752,0.017785,0.124162,0.009564,0.017387,0.042946,0.462402,0.110689,0.072802,0.128481,0.150431,0.825376
2019-05-27T00:00:00.000000000,957,train,1643.3880,2876323.25,0.1750,-0.010971,-0.543357,0.009777,0.017387,0.042946,-0.373701,0.142909,0.063473,0.079233,-0.659317,0.824121
2019-05-28T00:00:00.000000000,958,train,1645.0767,2895171.51,0.1760,0.001028,-0.206503,0.009774,0.017387,0.042946,0.035002,0.142870,0.063473,0.079233,-0.250574,0.824121
2019-05-29T00:00:00.000000000,959,train,1659.7156,2930396.16,0.1766,0.008899,0.013413,0.009861,0.017387,0.042946,0.303121,0.144140,0.063473,0.079233,0.016275,0.824121
2019-05-30T00:00:00.000000000,960,train,1666.6991,2940336.80,0.1764,0.004208,-0.118387,0.009871,0.017387,0.042946,0.143328,0.144274,0.063473,0.079233,-0.143652,0.824121
2019-05-31T00:00:00.000000000,961,train,1661.1354,2935720.07,0.1767,-0.003338,-0.330598,0.009902,0.017387,0.042946,-0.113710,0.144737,0.063473,0.079233,-0.401153,0.824121
2019-06-03T00:00:00.000000000,962,train,1663.3335,2944290.31,0.1770,0.001323,-0.229302,0.009901,0.017387,0.042946,0.031291,0.095930,0.106425,0.113242,-0.284305,0.806534
2019-06-04T00:00:00.000000000,963,train,1664.8879,3240000.81,0.1946,0.000935,-0.236037,0.009814,0.017387,0.042946,0.022100,0.095088,0.106425,0.113242,-0.292655,0.806534
2019-06-06T00:00:00.000000000,964,train,1675.1449,3251338.16,0.1941,0.006161,-0.117934,0.009275,0.017387,0.036263,0.145687,0.089866,0.106425,0.095619,-0.146223,0.806534
2019-06-07T00:00:00.000000000,965,train,1679.5442,3264932.07,0.1944,0.002626,-0.148629,0.008630,0.010971,0.036263,0.062105,0.083615,0.067151,0.095619,-0.184281,0.806534
2019-06-10T00:00:00.000000000,966,train,1646.6816,3192081.99,0.1938,-0.019566,-0.699703,0.009174,0.019566,0.036263,-0.549545,0.181505,0.067059,0.055153,-0.853263,0.820033
2019-06-11T00:00:00.000000000,967,train,1646.9869,2981810.14,0.1810,0.000185,-0.244139,0.009134,0.019566,0.036263,0.005206,0.180712,0.067059,0.055153,-0.297719,0.820033
2019-06-12T00:00:00.000000000,968,train,1643.8898,2973530.28,0.1809,-0.001880,-0.281699,0.008517,0.019566,0.036263,-0.052815,0.168494,0.067059,0.055153,-0.343521,0.820033
2019-06-13T00:00:00.000000000,969,train,1642.1667,2958538.87,0.1802,-0.001048,-0.253588,0.008471,0.019566,0.029691,-0.029438,0.167585,0.067059,0.045158,-0.309241,0.820033
2019-06-14T00:00:00.000000000,970,train,1636.1533,2952127.58,0.1804,-0.003662,-0.309431,0.008400,0.019566,0.027122,-0.102849,0.166181,0.067059,0.041251,-0.377340,0.820033
2019-06-17T00:00:00.000000000,971,train,1644.5259,2981381.37,0.1813,0.005117,-0.153822,0.008415,0.019566,0.025835,0.106719,0.129552,0.116271,0.048164,-0.187268,0.821400
2019-06-18T00:00:00.000000000,972,train,1632.9051,2926309.39,0.1792,-0.007066,-0.366326,0.008481,0.019566,0.027769,-0.147367,0.130570,0.116271,0.051770,-0.445977,0.821400
2019-06-19T00:00:00.000000000,973,train,1599.3093,2861425.05,0.1789,-0.020574,-0.642494,0.009211,0.020574,0.047772,-0.429070,0.141802,0.122260,0.089062,-0.782194,0.821400
2019-06-20T00:00:00.000000000,974,train,1608.8264,2887192.73,0.1795,0.005951,-0.188148,0.009213,0.020574,0.047772,0.124101,0.141837,0.122260,0.089062,-0.229058,0.821400
2019-06-21T00:00:00.000000000,975,train,1595.7277,2853887.31,0.1788,-0.008142,-0.432157,0.009161,0.020574,0.049904,-0.169794,0.141031,0.122260,0.093037,-0.526122,0.821400
2019-06-24T00:00:00.000000000,976,train,1623.1893,2920181.49,0.1799,0.017209,0.183825,0.009599,0.020574,0.049904,0.543391,0.087377,0.098934,0.130626,0.226454,0.811755
2019-06-25T00:00:00.000000000,977,train,1629.3785,3078598.03,0.1889,0.003813,-0.159580,0.009604,0.020574,0.049904,0.120396,0.087422,0.098934,0.130626,-0.196586,0.811755
2019-06-26T00:00:00.000000000,978,train,1639.2795,3107328.66,0.1896,0.006077,-0.101830,0.009640,0.020574,0.049904,0.191870,0.087754,0.098934,0.130626,-0.125444,0.811755
2019-06-27T00:00:00.000000000,979,train,1633.8212,3094827.25,0.1894,-0.003330,-0.342475,0.009579,0.020574,0.049904,-0.105137,0.087196,0.098934,0.130626,-0.421894,0.811755
2019-06-28T00:00:00.000000000,980,train,1656.5128,3130990.76,0.1890,0.013889,0.097098,0.009817,0.020574,0.049904,0.438538,0.089363,0.098934,0.130626,0.119615,0.811755
2019-07-01T00:00:00.000000000,981,train,1663.5867,3131627.21,0.1882,0.004270,-0.220248,0.009798,0.020574,0.049904,0.095657,0.166794,0.088868,0.109574,-0.269579,0.817006
2019-07-02T00:00:00.000000000,982,train,1669.1633,3072567.44,0.1841,0.003352,-0.235979,0.009721,0.020574,0.049904,0.075088,0.165480,0.088868,0.109574,-0.288834,0.817006
2019-07-03T00:00:00.000000000,983,train,1689.2862,3098528.12,0.1834,0.012056,-0.068495,0.009131,0.020574,0.049904,0.270049,0.155444,0.088868,0.109574,-0.083837,0.817006
2019-07-04T00:00:00.000000000,984,train,1708.4569,3131980.16,0.1833,0.011348,-0.079007,0.008956,0.020574,0.049904,0.254205,0.152466,0.088868,0.109574,-0.096703,0.817006
2019-07-05T00:00:00.000000000,985,train,1718.7746,3142407.24,0.1828,0.006039,-0.175855,0.008934,0.020574,0.049904,0.135280,0.152080,0.088868,0.109574,-0.215243,0.817006
2019-07-08T00:00:00.000000000,986,train,1707.0075,3123854.47,0.1830,-0.006846,-0.443416,0.008546,0.020574,0.049904,-0.258120,0.099070,0.063401,0.118302,-0.538894,0.822826
2019-07-09T00:00:00.000000000,987,train,1649.5998,2923136.43,0.1772,-0.033631,-1.324848,0.010372,0.033631,0.049904,-1.267953,0.120229,0.103635,0.118302,-1.610118,0.822826
2019-07-10T00:00:00.000000000,988,train,1607.7060,2848383.71,0.1772,-0.025396,-1.107337,0.011339,0.033631,0.064621,-0.957505,0.131444,0.103635,0.153189,-1.345773,0.822826
2019-07-11T00:00:00.000000000,989,train,1634.8992,2896336.55,0.1772,0.016914,0.202260,0.011652,0.033631,0.064621,0.637710,0.135074,0.103635,0.153189,0.245812,0.822826
2019-07-12T00:00:00.000000000,990,train,1607.9431,2850708.57,0.1773,-0.016488,-0.836949,0.011966,0.033631,0.064621,-0.621635,0.138705,0.103635,0.153189,-1.017164,0.822826
2019-07-15T00:00:00.000000000,991,train,1607.4692,2849691.46,0.1773,-0.000295,-0.329205,0.011959,0.033631,0.064759,-0.011582,0.127111,0.078155,0.180187,-0.397036,0.829159
2019-07-16T00:00:00.000000000,992,train,1612.2117,2754756.02,0.1709,0.002950,-0.223592,0.011974,0.033631,0.064759,0.115943,0.127262,0.078155,0.180187,-0.269661,0.829159
2019-07-17T00:00:00.000000000,993,train,1590.6878,2719577.45,0.1710,-0.013351,-0.779016,0.012171,0.033631,0.074522,-0.524659,0.129359,0.078155,0.207353,-0.939526,0.829159
2019-07-18T00:00:00.000000000,994,train,1597.3176,2732612.32,0.1711,0.004168,-0.207861,0.012135,0.033631,0.074522,0.163793,0.128973,0.078155,0.207353,-0.250689,0.829159
2019-07-19T00:00:00.000000000,995,train,1600.4222,2737976.25,0.1711,0.001944,-0.280275,0.012127,0.033631,0.074522,0.076382,0.128898,0.078155,0.207353,-0.338024,0.829159
2019-07-22T00:00:00.000000000,996,train,1612.4136,2755143.41,0.1709,0.007493,-0.294816,0.011753,0.033631,0.074522,0.170401,0.098788,0.126612,0.310184,-0.365184,0.807308
2019-07-23T00:00:00.000000000,997,train,1587.0710,3062508.63,0.1930,-0.015717,-0.730097,0.012059,0.033631,0.076626,-0.357446,0.101359,0.126612,0.318943,-0.904360,0.807308
2019-07-24T00:00:00.000000000,998,train,1594.5271,3078933.83,0.1931,0.004698,-0.355575,0.012104,0.033631,0.076626,0.106843,0.101735,0.126612,0.318943,-0.440446,0.807308
2019-07-25T00:00:00.000000000,999,train,1594.4787,3090892.56,0.1938,-0.000030,-0.442394,0.012105,0.033631,0.076626,-0.000689,0.101744,0.126612,0.318943,-0.547987,0.807308
2019-07-26T00:00:00.000000000,1000,train,1571.2825,3037180.23,0.1933,-0.014548,-0.741420,0.012343,0.033631,0.085812,-0.330853,0.103744,0.126612,0.357177,-0.918385,0.807308
2019-07-29T00:00:00.000000000,1001,train,1570.1339,3027102.25,0.1928,-0.000731,-0.515680,0.012286,0.033631,0.086481,-0.013040,0.203288,0.103926,0.290727,-0.610981,0.844020
2019-07-30T00:00:00.000000000,1002,train,1582.0867,2467584.29,0.1560,0.007613,-0.390882,0.012346,0.033631,0.086481,0.135804,0.204270,0.103926,0.290727,-0.463119,0.844020
2019-07-31T00:00:00.000000000,1003,train,1567.6360,2447369.91,0.1561,-0.009134,-0.640975,0.011903,0.033631,0.087934,-0.162944,0.196949,0.103926,0.295613,-0.759431,0.844020
2019-08-01T00:00:00.000000000,1004,train,1543.3592,2408804.01,0.1561,-0.015486,-0.779866,0.012130,0.033631,0.102058,-0.276265,0.200702,0.103926,0.343096,-0.923989,0.844020
2019-08-02T00:00:00.000000000,1005,train,1548.8445,2422120.93,0.1564,0.003554,-0.492648,0.012092,0.033631,0.102058,0.063404,0.200075,0.103926,0.343096,-0.583693,0.844020
2019-08-05T00:00:00.000000000,1006,train,1530.7645,2397506.87,0.1566,-0.011673,-0.694416,0.011755,0.033631,0.109386,-0.274408,0.186310,0.172194,0.209955,-0.842866,0.823874
2019-08-06T00:00:00.000000000,1007,train,1543.8811,2725379.79,0.1765,0.008569,-0.303787,0.011863,0.033631,0.109386,0.201428,0.188010,0.172194,0.209955,-0.368730,0.823874
2019-08-07T00:00:00.000000000,1008,train,1513.1680,2682989.53,0.1773,-0.019893,-0.875675,0.012205,0.033631,0.119624,-0.467648,0.193428,0.172194,0.229605,-1.062874,0.823874
2019-08-08T00:00:00.000000000,1009,train,1532.5567,2706499.01,0.1766,0.012813,-0.246248,0.012512,0.033631,0.119624,0.301210,0.198301,0.172194,0.229605,-0.298890,0.823874
2019-08-09T00:00:00.000000000,1010,train,1530.7174,2698111.26,0.1763,-0.001200,-0.513046,0.012159,0.033631,0.119624,-0.028212,0.192713,0.172194,0.229605,-0.622724,0.823874
2019-08-13T00:00:00.000000000,1011,train,1536.5602,2716569.76,0.1768,0.003817,-0.457561,0.012151,0.033631,0.119624,0.089067,0.163341,0.149889,0.328925,-0.553089,0.827282
2019-08-14T00:00:00.000000000,1012,train,1544.9736,2681058.32,0.1735,0.005475,-0.425995,0.012192,0.033631,0.119624,0.127765,0.163884,0.149889,0.328925,-0.514933,0.827282
2019-08-16T00:00:00.000000000,1013,train,1541.0303,2669857.93,0.1733,-0.002552,-0.577593,0.011889,0.033631,0.119624,-0.059557,0.159810,0.149889,0.328925,-0.698181,0.827282
2019-08-19T00:00:00.000000000,1014,train,1552.8076,2699073.94,0.1738,0.007642,-0.374665,0.011758,0.033631,0.119624,0.178969,0.180172,0.137022,0.305792,-0.444017,0.843808
2019-08-20T00:00:00.000000000,1015,train,1568.7387,2467738.83,0.1573,0.010260,-0.311583,0.011891,0.033631,0.113555,0.240254,0.182212,0.137022,0.290279,-0.369258,0.843808
2019-08-21T00:00:00.000000000,1016,train,1556.9991,2452591.06,0.1575,-0.007484,-0.595740,0.011898,0.033631,0.082706,-0.175246,0.182327,0.137022,0.211420,-0.706014,0.843808
2019-08-22T00:00:00.000000000,1017,train,1521.5939,2377082.68,0.1562,-0.022739,-0.840735,0.011097,0.025396,0.074458,-0.532502,0.170048,0.103473,0.190335,-0.996358,0.843808
2019-08-23T00:00:00.000000000,1018,train,1504.9050,2365470.75,0.1572,-0.010968,-0.600757,0.010390,0.022739,0.079512,-0.256845,0.159212,0.092648,0.203255,-0.711959,0.843808
2019-08-26T00:00:00.000000000,1019,train,1491.4554,2336235.00,0.1566,-0.008937,-0.550032,0.009830,0.022739,0.075017,-0.234343,0.135111,0.067448,0.235995,-0.672897,0.817408
2019-08-27T00:00:00.000000000,1020,train,1510.2757,2762148.43,0.1829,0.012619,-0.088667,0.009888,0.022739,0.075017,0.330877,0.135907,0.067448,0.235995,-0.108473,0.817408
2019-08-28T00:00:00.000000000,1021,train,1521.0833,2791712.07,0.1835,0.007156,-0.207248,0.010021,0.022739,0.075017,0.187639,0.137739,0.067448,0.235995,-0.253543,0.817408
2019-08-29T00:00:00.000000000,1022,train,1527.8546,2794767.84,0.1829,0.004452,-0.265518,0.010049,0.022739,0.075017,0.116728,0.138114,0.067448,0.235995,-0.324829,0.817408
2019-08-30T00:00:00.000000000,1023,train,1531.6083,2807180.12,0.1833,0.002457,-0.305910,0.009838,0.022739,0.075017,0.064421,0.135221,0.067448,0.235995,-0.374243,0.817408
2019-09-03T00:00:00.000000000,1024,train,1537.6695,2826195.57,0.1838,0.003957,-0.323957,0.009834,0.022739,0.075017,0.069575,0.116353,0.137910,0.213288,-0.397977,0.814009
2019-09-04T00:00:00.000000000,1025,train,1535.6640,2866174.33,0.1866,-0.001304,-0.399087,0.009817,0.022739,0.075017,-0.022930,0.116146,0.137910,0.213288,-0.490274,0.814009
2019-09-05T00:00:00.000000000,1026,train,1519.3741,2833567.50,0.1865,-0.010608,-0.508176,0.009812,0.022739,0.064641,-0.186497,0.116094,0.137910,0.183787,-0.624288,0.814009
2019-09-06T00:00:00.000000000,1027,train,1524.8925,2849263.86,0.1869,0.003632,-0.301537,0.009516,0.022739,0.064641,0.063856,0.112592,0.137910,0.183787,-0.370434,0.814009
2019-09-09T00:00:00.000000000,1028,train,1531.9829,2864686.13,0.1870,0.004650,-0.236839,0.009515,0.022739,0.064613,0.104705,0.113762,0.162988,0.114574,-0.286618,0.826323
2019-09-11T00:00:00.000000000,1029,train,1540.7052,2690031.98,0.1746,0.005693,-0.207477,0.009596,0.022739,0.057286,0.128207,0.114722,0.162988,0.101582,-0.251085,0.826323
2019-09-12T00:00:00.000000000,1030,train,1571.7988,2746762.33,0.1748,0.020181,0.058212,0.009990,0.022739,0.057286,0.454452,0.119435,0.162988,0.101582,0.070447,0.826323
2019-09-13T00:00:00.000000000,1031,train,1589.6025,2776489.89,0.1747,0.011327,-0.108529,0.010191,0.022739,0.057286,0.255064,0.121833,0.162988,0.101582,-0.131340,0.826323
2019-09-16T00:00:00.000000000,1032,train,1576.2015,2742155.35,0.1740,-0.008430,-0.462631,0.010222,0.022739,0.049265,-0.185242,0.126250,0.102822,0.151326,-0.565641,0.817888
2019-09-17T00:00:00.000000000,1033,train,1599.0868,2921783.67,0.1827,0.014519,-0.052020,0.010403,0.022739,0.049265,0.319034,0.128488,0.102822,0.151326,-0.063602,0.817888
2019-09-18T00:00:00.000000000,1034,train,1616.1736,2947842.17,0.1824,0.010685,-0.117867,0.010101,0.022739,0.049265,0.234790,0.124754,0.102822,0.151326,-0.144112,0.817888
2019-09-19T00:00:00.000000000,1035,train,1605.3694,2925471.54,0.1822,-0.006685,-0.431054,0.010201,0.022739,0.049265,-0.146892,0.125993,0.102822,0.151326,-0.527033,0.817888
2019-09-20T00:00:00.000000000,1036,train,1604.8292,2937260.04,0.1830,-0.000336,-0.314137,0.009922,0.022739,0.049265,-0.007394,0.122541,0.102822,0.151326,-0.384083,0.817888
2019-09-23T00:00:00.000000000,1037,train,1580.2182,2880613.68,0.1823,-0.015336,-0.695265,0.010286,0.022739,0.049265,-0.488192,0.091398,0.096391,0.143849,-0.819830,0.848060
2019-09-24T00:00:00.000000000,1038,train,1653.2702,2515184.05,0.1521,0.046229,0.950395,0.012463,0.022739,0.049265,1.471656,0.110747,0.096391,0.143849,1.120669,0.848060
2019-09-25T00:00:00.000000000,1039,train,1686.3296,2577382.58,0.1528,0.019996,0.240288,0.012715,0.022739,0.049265,0.636565,0.112987,0.096391,0.143849,0.283339,0.848060
2019-09-26T00:00:00.000000000,1040,train,1703.5309,2597902.89,0.1525,0.010200,-0.024409,0.012746,0.022739,0.049265,0.324720,0.113262,0.096391,0.143849,-0.028782,0.848060
2019-09-27T00:00:00.000000000,1041,train,1707.5586,2599253.55,0.1522,0.002364,-0.235975,0.012748,0.022739,0.049265,0.075267,0.113280,0.096391,0.143849,-0.278253,0.848060
2019-09-30T00:00:00.000000000,1042,train,1721.2942,2621016.60,0.1523,0.008044,-0.193660,0.012769,0.022739,0.049265,0.193253,0.253846,0.097126,0.073204,-0.230924,0.838632
2019-10-01T00:00:00.000000000,1043,train,1684.7381,2738420.62,0.1625,-0.021238,-0.795694,0.013493,0.022739,0.049265,-0.510221,0.268248,0.097126,0.073204,-0.948799,0.838632
2019-10-03T00:00:00.000000000,1044,train,1659.2172,2696828.91,0.1625,-0.015148,-0.678974,0.013851,0.022739,0.049265,-0.363928,0.275361,0.097126,0.073204,-0.809620,0.838632
2019-10-04T00:00:00.000000000,1045,train,1644.9534,2653484.74,0.1613,-0.008597,-0.541729,0.013904,0.022739,0.044351,-0.206531,0.276407,0.097126,0.065903,-0.645967,0.838632
2019-10-07T00:00:00.000000000,1046,train,1669.8397,2694538.20,0.1614,0.015129,0.023468,0.013999,0.022739,0.044351,0.403752,0.126090,0.168479,0.080954,0.028230,0.831333
2019-10-09T00:00:00.000000000,1047,train,1673.5960,2824136.72,0.1687,0.002250,-0.247020,0.013197,0.021238,0.044351,0.060035,0.118866,0.157352,0.080954,-0.297137,0.831333
2019-10-10T00:00:00.000000000,1048,train,1646.5463,2778092.26,0.1687,-0.016163,-0.657149,0.013415,0.021238,0.044351,-0.431341,0.120828,0.157352,0.080954,-0.790476,0.831333
2019-10-11T00:00:00.000000000,1049,train,1665.0853,2815867.67,0.1691,0.011259,-0.047902,0.013301,0.021238,0.044351,0.300484,0.119799,0.157352,0.080954,-0.057621,0.831333
2019-10-14T00:00:00.000000000,1050,train,1667.8657,2828450.41,0.1696,0.001670,-0.283845,0.013203,0.021238,0.044351,0.039891,0.157937,0.082649,0.145149,-0.345844,0.820732
2019-10-15T00:00:00.000000000,1051,train,1675.0524,3011989.90,0.1798,0.004309,-0.231932,0.013186,0.021238,0.044351,0.102939,0.157732,0.082649,0.145149,-0.282591,0.820732
2019-10-16T00:00:00.000000000,1052,train,1675.9767,3017390.33,0.1800,0.000552,-0.305669,0.013193,0.021238,0.044351,0.013182,0.157820,0.082649,0.145149,-0.372435,0.820732
2019-10-17T00:00:00.000000000,1053,train,1692.0680,3037632.11,0.1795,0.009601,-0.128724,0.013242,0.021238,0.044351,0.229367,0.158409,0.082649,0.145149,-0.156840,0.820732
2019-10-18T00:00:00.000000000,1054,train,1703.8813,3064869.95,0.1799,0.006982,-0.180235,0.013257,0.021238,0.044351,0.166787,0.158591,0.082649,0.145149,-0.219602,0.820732
2019-10-22T00:00:00.000000000,1055,train,1738.3346,3119228.42,0.1794,0.020220,-0.005764,0.013556,0.021238,0.044351,0.417990,0.220916,0.075104,0.128859,-0.006889,0.836764
2019-10-23T00:00:00.000000000,1056,train,1739.9173,2843768.97,0.1634,0.000910,-0.336158,0.013291,0.021238,0.044351,0.018821,0.216594,0.075104,0.128859,-0.401735,0.836764
2019-10-24T00:00:00.000000000,1057,train,1747.1150,2855684.14,0.1635,0.004137,-0.280339,0.013290,0.021238,0.044351,0.085514,0.216579,0.075104,0.128859,-0.335027,0.836764
2019-10-25T00:00:00.000000000,1058,train,1744.6885,2864373.08,0.1642,-0.001389,-0.376516,0.013334,0.021238,0.044351,-0.028710,0.217294,0.075104,0.128859,-0.449967,0.836764
2019-10-27T00:00:00.000000000,1059,train,1752.2351,2876538.00,0.1642,0.004325,-0.277645,0.013332,0.021238,0.044351,0.089414,0.217260,0.075104,0.128859,-0.331808,0.836764
2019-10-29T00:00:00.000000000,1060,train,1747.6465,2857857.55,0.1635,-0.002619,-0.368017,0.013057,0.021238,0.044351,-0.035026,0.122107,0.159777,0.134403,-0.451313,0.815436
2019-10-30T00:00:00.000000000,1061,train,1755.8563,3245138.97,0.1848,0.004698,-0.287638,0.012981,0.021238,0.044351,0.062832,0.121393,0.159777,0.134403,-0.352741,0.815436
2019-10-31T00:00:00.000000000,1062,train,1766.3109,3276821.29,0.1855,0.005954,-0.272549,0.012799,0.021238,0.044351,0.079637,0.119694,0.159777,0.134403,-0.334237,0.815436
2019-11-01T00:00:00.000000000,1063,train,1778.8949,3298069.93,0.1854,0.007124,-0.258742,0.012662,0.021238,0.044351,0.095291,0.118416,0.159777,0.134403,-0.317305,0.815436
2019-11-04T00:00:00.000000000,1064,train,1763.6638,3263123.72,0.1850,-0.008562,-0.536764,0.012776,0.021238,0.044351,-0.292518,0.166124,0.083212,0.089766,-0.631618,0.849824
2019-11-05T00:00:00.000000000,1065,train,1770.8434,2672892.59,0.1509,0.004071,-0.168588,0.012650,0.021238,0.044351,0.139077,0.164480,0.083212,0.089766,-0.198380,0.849824
2019-11-06T00:00:00.000000000,1066,train,1810.6087,2737427.47,0.1512,0.022456,0.360402,0.013082,0.021238,0.044351,0.767172,0.170104,0.083212,0.089766,0.424090,0.849824
2019-11-07T00:00:00.000000000,1067,train,1797.1412,2714050.38,0.1510,-0.007438,-0.503994,0.012764,0.021238,0.044351,-0.254116,0.165963,0.083212,0.089766,-0.593057,0.849824
2019-11-08T00:00:00.000000000,1068,train,1827.6367,2762981.70,0.1512,0.016969,0.230371,0.010434,0.021238,0.044351,0.579724,0.135666,0.083212,0.089766,0.271081,0.849824
2019-11-11T00:00:00.000000000,1069,train,1840.7260,2768828.03,0.1504,0.007162,-0.204040,0.009999,0.021238,0.044351,0.128217,0.167114,0.102880,0.108432,-0.250209,0.815479
2019-11-13T00:00:00.000000000,1070,train,1796.6687,3317372.28,0.1846,-0.023935,-0.682374,0.011003,0.023935,0.044351,-0.428493,0.183907,0.115946,0.108432,-0.836777,0.815479
2019-11-14T00:00:00.000000000,1071,train,1828.1505,3393944.12,0.1856,0.017522,-0.081974,0.011358,0.023935,0.044351,0.313694,0.189839,0.115946,0.108432,-0.100523,0.815479
2019-11-15T00:00:00.000000000,1072,train,1822.4617,3381066.44,0.1855,-0.003112,-0.342371,0.011348,0.023935,0.023935,-0.055709,0.189669,0.115946,0.058517,-0.419841,0.815479
2019-11-18T00:00:00.000000000,1073,train,1807.5492,3336641.08,0.1846,-0.008183,-0.444374,0.010680,0.023935,0.023935,-0.257574,0.109869,0.122798,0.053364,-0.543604,0.817460
2019-11-19T00:00:00.000000000,1074,train,1790.6111,3284949.27,0.1835,-0.009371,-0.478678,0.010411,0.023935,0.027226,-0.294973,0.107096,0.122798,0.060701,-0.585567,0.817460
2019-11-20T00:00:00.000000000,1075,train,1768.2304,3232914.77,0.1828,-0.012499,-0.582697,0.010573,0.023935,0.039384,-0.393443,0.108764,0.122798,0.087809,-0.712814,0.817460
2019-11-21T00:00:00.000000000,1076,train,1762.6828,3219076.80,0.1826,-0.003137,-0.345422,0.010350,0.023935,0.042398,-0.098759,0.106469,0.122798,0.094529,-0.422555,0.817460
2019-11-22T00:00:00.000000000,1077,train,1759.5209,3219200.35,0.1830,-0.001794,-0.314150,0.010370,0.023935,0.044116,-0.056465,0.106679,0.122798,0.098358,-0.384300,0.817460
2019-11-25T00:00:00.000000000,1078,train,1759.5579,3224178.51,0.1832,0.000021,-0.318193,0.009833,0.023935,0.044116,0.000410,0.163951,0.137640,0.081107,-0.382288,0.832337
2019-11-26T00:00:00.000000000,1079,train,1798.3973,3022021.16,0.1680,0.022073,0.032937,0.010341,0.023935,0.044116,0.430745,0.172426,0.137640,0.081107,0.039572,0.832337
2019-11-27T00:00:00.000000000,1080,train,1829.7059,3081878.76,0.1684,0.017409,-0.047431,0.010673,0.023935,0.044116,0.339727,0.177965,0.137640,0.081107,-0.056985,0.832337
2019-11-28T00:00:00.000000000,1081,train,1826.6643,3072943.72,0.1682,-0.001662,-0.357645,0.010705,0.023935,0.044116,-0.032440,0.178501,0.137640,0.081107,-0.429688,0.832337
2019-11-29T00:00:00.000000000,1082,train,1844.3193,3108297.55,0.1685,0.009665,-0.174447,0.010762,0.023935,0.044116,0.188608,0.179448,0.137640,0.081107,-0.209587,0.832337
2019-12-02T00:00:00.000000000,1083,train,1872.3459,3148277.71,0.1681,0.015196,-0.146779,0.010918,0.023935,0.044116,0.240217,0.152001,0.177127,0.085347,-0.174258,0.842308
2019-12-03T00:00:00.000000000,1084,train,1855.0964,2939643.13,0.1585,-0.009213,-0.474245,0.011128,0.023935,0.044116,-0.145633,0.154923,0.177127,0.085347,-0.563030,0.842308
2019-12-04T00:00:00.000000000,1085,train,1849.5977,2933004.12,0.1586,-0.002964,-0.385965,0.010695,0.023935,0.044116,-0.046856,0.148894,0.177127,0.085347,-0.458223,0.842308
2019-12-05T00:00:00.000000000,1086,train,1788.2040,2823991.60,0.1579,-0.033193,-0.867917,0.012435,0.033193,0.044939,-0.524705,0.173116,0.245641,0.086940,-1.030403,0.842308
2019-12-06T00:00:00.000000000,1087,train,1825.7563,2882088.72,0.1579,0.021000,-0.152209,0.012935,0.033193,0.044939,0.331962,0.180086,0.245641,0.086940,-0.180705,0.842308
2019-12-09T00:00:00.000000000,1088,train,1833.4957,2903290.46,0.1583,0.004239,-0.295246,0.012932,0.033193,0.044939,0.093327,0.198260,0.143956,0.115212,-0.364101,0.810892
2019-12-10T00:00:00.000000000,1089,train,1810.1631,3424810.89,0.1892,-0.012726,-0.601177,0.013178,0.033193,0.044939,-0.280175,0.202036,0.143956,0.115212,-0.741377,0.810892
2019-12-11T00:00:00.000000000,1090,train,1804.9450,3418467.26,0.1894,-0.002883,-0.425481,0.013181,0.033193,0.044939,-0.063465,0.202076,0.143956,0.115212,-0.524708,0.810892
2019-12-12T00:00:00.000000000,1091,train,1790.0637,3387190.90,0.1892,-0.008245,-0.522314,0.013270,0.033193,0.044939,-0.181519,0.203436,0.143956,0.115212,-0.644123,0.810892
2019-12-13T00:00:00.000000000,1092,train,1789.6802,3402404.21,0.1901,-0.000214,-0.378513,0.013235,0.033193,0.044939,-0.004716,0.202903,0.143956,0.115212,-0.466787,0.810892
2019-12-16T00:00:00.000000000,1093,train,1824.9178,3458510.04,0.1895,0.019689,-0.062237,0.013630,0.033193,0.044939,0.414075,0.183464,0.221534,0.083939,-0.074862,0.831362
2019-12-17T00:00:00.000000000,1094,train,1827.7040,3099556.16,0.1696,0.001527,-0.378506,0.013515,0.033193,0.044939,0.032108,0.181920,0.221534,0.083939,-0.455285,0.831362
2019-12-18T00:00:00.000000000,1095,train,1819.3472,3071066.57,0.1688,-0.004572,-0.485471,0.013545,0.033193,0.044939,-0.096157,0.182318,0.221534,0.083939,-0.583947,0.831362
2019-12-19T00:00:00.000000000,1096,train,1822.6349,3081004.38,0.1690,0.001807,-0.367259,0.012948,0.033193,0.044939,0.038003,0.174287,0.221534,0.083939,-0.441756,0.831362
2019-12-20T00:00:00.000000000,1097,train,1816.8009,3085061.03,0.1698,-0.003201,-0.454120,0.012886,0.033193,0.044939,-0.067316,0.173449,0.221534,0.083939,-0.546237,0.831362
2019-12-23T00:00:00.000000000,1098,train,1805.7689,3052699.86,0.1691,-0.006072,-0.506840,0.012561,0.033193,0.044939,-0.138938,0.246808,0.141858,0.073934,-0.601539,0.842573
2019-12-24T00:00:00.000000000,1099,train,1804.4171,2844788.21,0.1577,-0.000749,-0.402931,0.012484,0.033193,0.044939,-0.017129,0.245294,0.141858,0.073934,-0.478215,0.842573
2019-12-26T00:00:00.000000000,1100,train,1815.5744,2859840.60,0.1575,0.006183,-0.257233,0.011755,0.033193,0.044939,0.141481,0.230984,0.141858,0.073934,-0.305295,0.842573
2019-12-27T00:00:00.000000000,1101,train,1824.1680,2889291.48,0.1584,0.004733,-0.278516,0.011352,0.033193,0.044939,0.108302,0.223065,0.141858,0.073934,-0.330555,0.842573
2019-12-30T00:00:00.000000000,1102,train,1823.8357,2885998.68,0.1582,-0.000182,-0.386245,0.011338,0.033193,0.044939,-0.003980,0.125996,0.263442,0.072992,-0.466409,0.828124
2019-12-31T00:00:00.000000000,1103,train,1831.3248,3157783.38,0.1724,0.004106,-0.307874,0.011253,0.033193,0.044939,0.089716,0.125056,0.263442,0.072992,-0.371773,0.828124
2020-01-01T00:00:00.000000000,1104,train,1843.2019,3175759.13,0.1723,0.006486,-0.263867,0.011149,0.033193,0.044939,0.141700,0.123899,0.263442,0.072992,-0.318633,0.828124
2020-01-02T00:00:00.000000000,1105,train,1853.3062,3189668.82,0.1721,0.005482,-0.279604,0.010886,0.033193,0.044939,0.119773,0.120976,0.263442,0.072992,-0.337636,0.828124
2020-01-03T00:00:00.000000000,1106,train,1869.4239,3227544.55,0.1726,0.008697,-0.221756,0.010921,0.033193,0.044939,0.190012,0.121360,0.263442,0.072992,-0.267781,0.828124
2020-01-06T00:00:00.000000000,1107,train,1912.0088,3299960.08,0.1726,0.022780,0.311823,0.011510,0.033193,0.044939,0.758017,0.084283,0.182344,0.110600,0.380790,0.818886
2020-01-07T00:00:00.000000000,1108,train,1940.6578,3523854.79,0.1816,0.014984,0.098253,0.011699,0.033193,0.044939,0.498599,0.085671,0.182344,0.110600,0.119984,0.818886
2020-01-08T00:00:00.000000000,1109,train,1958.2208,3564792.80,0.1820,0.009050,-0.060611,0.011228,0.033193,0.044939,0.301149,0.082222,0.182344,0.110600,-0.074017,0.818886
2020-01-09T00:00:00.000000000,1110,train,1926.3597,3506796.13,0.1820,-0.016270,-0.751631,0.011404,0.033193,0.044939,-0.541416,0.083511,0.182344,0.110600,-0.917871,0.818886
2020-01-10T00:00:00.000000000,1111,train,1968.4988,3576748.19,0.1817,0.021875,0.284606,0.011937,0.033193,0.044939,0.727913,0.087416,0.182344,0.110600,0.347553,0.818886
2020-01-13T00:00:00.000000000,1112,train,1981.2855,3598878.23,0.1816,0.006496,-0.260549,0.011888,0.033193,0.044939,0.130716,0.150811,0.157718,0.138173,-0.315986,0.824557
2020-01-14T00:00:00.000000000,1113,train,1941.8121,3412120.07,0.1757,-0.019923,-0.680695,0.012298,0.033193,0.036059,-0.400925,0.156018,0.157718,0.110868,-0.825528,0.824557
2020-01-15T00:00:00.000000000,1114,train,1926.2447,3395883.49,0.1763,-0.008017,-0.475534,0.012266,0.033193,0.033193,-0.161330,0.155609,0.157718,0.102057,-0.576714,0.824557
2020-01-16T00:00:00.000000000,1115,train,1906.1594,3359616.60,0.1763,-0.010427,-0.529170,0.012425,0.033193,0.037918,-0.209832,0.157629,0.157718,0.116584,-0.641763,0.824557
2020-01-17T00:00:00.000000000,1116,train,1897.8184,3336728.76,0.1758,-0.004376,-0.369791,0.010738,0.019923,0.042128,-0.088058,0.136221,0.094666,0.129528,-0.448473,0.824557
2020-01-20T00:00:00.000000000,1117,train,1877.8491,3301689.08,0.1758,-0.010522,-0.563983,0.010367,0.019923,0.052207,-0.365197,0.134938,0.080721,0.099209,-0.680065,0.829307
2020-01-21T00:00:00.000000000,1118,train,1898.5261,3253489.97,0.1714,0.011011,0.054284,0.010508,0.019923,0.052207,0.382160,0.136773,0.080721,0.099209,0.065457,0.829307
2020-01-22T00:00:00.000000000,1119,train,1865.6888,3190402.00,0.1710,-0.017296,-0.772652,0.010740,0.019923,0.058344,-0.600302,0.139788,0.080721,0.110872,-0.931684,0.829307
2020-01-23T00:00:00.000000000,1120,train,1848.2477,3174515.50,0.1718,-0.009348,-0.559285,0.010881,0.019923,0.067147,-0.324456,0.141623,0.080721,0.127600,-0.674401,0.829307
2020-01-24T00:00:00.000000000,1121,train,1889.4554,3231792.72,0.1710,0.022296,0.345931,0.011399,0.019923,0.067147,0.773817,0.148364,0.080721,0.127600,0.417132,0.829307
2020-01-27T00:00:00.000000000,1122,train,1893.3522,3240244.87,0.1711,0.002062,-0.281238,0.011392,0.019923,0.067147,0.055465,0.169753,0.090678,0.137976,-0.342941,0.820076
2020-01-28T00:00:00.000000000,1123,train,1918.5331,3470273.79,0.1809,0.013300,-0.030016,0.011115,0.019923,0.067147,0.357672,0.165619,0.090678,0.137976,-0.036601,0.820076
2020-01-29T00:00:00.000000000,1124,train,1937.0251,3492680.79,0.1803,0.009639,-0.111859,0.011205,0.019923,0.067147,0.259214,0.166961,0.090678,0.137976,-0.136401,0.820076
2020-01-30T00:00:00.000000000,1125,train,1942.5769,3506595.43,0.1805,0.002866,-0.260415,0.011139,0.019923,0.067147,0.077080,0.165976,0.090678,0.137976,-0.317550,0.820076
2020-01-31T00:00:00.000000000,1126,train,1943.6645,3511982.99,0.1807,0.000560,-0.311326,0.011143,0.019923,0.067147,0.015058,0.166034,0.090678,0.137976,-0.379630,0.820076
2020-02-03T00:00:00.000000000,1127,train,1904.1759,3446678.97,0.1810,-0.020317,-0.650339,0.011822,0.020317,0.067147,-0.329147,0.131471,0.142195,0.178366,-0.781178,0.832511
2020-02-04T00:00:00.000000000,1128,train,1838.2448,3094728.49,0.1684,-0.034625,-0.952852,0.013443,0.034625,0.072196,-0.560948,0.149492,0.242336,0.191777,-1.144552,0.832511
2020-02-05T00:00:00.000000000,1129,train,1854.5862,3120273.39,0.1682,0.008890,-0.366669,0.013520,0.034625,0.072196,0.144022,0.150346,0.242336,0.191777,-0.440437,0.832511
2020-02-06T00:00:00.000000000,1130,train,1908.5784,3201285.75,0.1677,0.029113,-0.102150,0.014410,0.034625,0.072196,0.471653,0.160242,0.242336,0.191777,-0.122701,0.832511
2020-02-07T00:00:00.000000000,1131,train,1927.8191,3242685.07,0.1682,0.010081,-0.359472,0.014478,0.034625,0.072196,0.163323,0.161004,0.242336,0.191777,-0.431793,0.832511
2020-02-10T00:00:00.000000000,1132,train,1940.6470,3265154.49,0.1683,0.006654,-0.417862,0.014497,0.034625,0.072196,0.099735,0.175108,0.235090,0.194240,-0.504702,0.827938
2020-02-11T00:00:00.000000000,1133,train,1950.9879,3361602.46,0.1723,0.005329,-0.434382,0.014504,0.034625,0.072196,0.079868,0.175193,0.235090,0.194240,-0.524655,0.827938
2020-02-12T00:00:00.000000000,1134,train,1947.5840,3366973.48,0.1729,-0.001745,-0.522104,0.014498,0.034625,0.072196,-0.026150,0.175127,0.235090,0.194240,-0.630607,0.827938
2020-02-13T00:00:00.000000000,1135,train,1934.4730,3348550.16,0.1731,-0.006732,-0.584656,0.014564,0.034625,0.072196,-0.100902,0.175927,0.235090,0.194240,-0.706159,0.827938
2020-02-14T00:00:00.000000000,1136,train,1942.6118,3361849.47,0.1731,0.004207,-0.448392,0.014513,0.034625,0.072196,0.063060,0.175307,0.235090,0.194240,-0.541576,0.827938
2020-02-17T00:00:00.000000000,1137,train,1943.2694,3365138.94,0.1732,0.000339,-0.471149,0.013959,0.034625,0.072196,0.006241,0.221680,0.140545,0.213023,-0.569007,0.828019
2020-02-18T00:00:00.000000000,1138,train,1921.8964,3328882.00,0.1732,-0.010998,-0.642751,0.013848,0.034625,0.072196,-0.202772,0.219912,0.140545,0.213023,-0.776251,0.828019
2020-02-19T00:00:00.000000000,1139,train,1904.1143,3295985.35,0.1731,-0.009252,-0.615847,0.013829,0.034625,0.072196,-0.170581,0.219610,0.140545,0.213023,-0.743759,0.828019
2020-02-20T00:00:00.000000000,1140,train,1926.1848,3320736.31,0.1724,0.011591,-0.295913,0.013696,0.034625,0.072196,0.213695,0.217502,0.140545,0.213023,-0.357375,0.828019
2020-02-24T00:00:00.000000000,1141,train,1922.4150,3327704.22,0.1731,-0.001957,-0.471881,0.013087,0.034625,0.072196,-0.047532,0.160907,0.172154,0.189603,-0.570196,0.827578
2020-02-25T00:00:00.000000000,1142,train,1900.4409,3300879.69,0.1737,-0.011431,-0.623940,0.013154,0.034625,0.054238,-0.277613,0.161727,0.172154,0.142440,-0.753935,0.827578
2020-02-26T00:00:00.000000000,1143,train,1874.3879,3238616.42,0.1728,-0.013709,-0.667208,0.012905,0.034625,0.054238,-0.332949,0.158675,0.172154,0.142440,-0.806218,0.827578
2020-02-27T00:00:00.000000000,1144,train,1826.2153,3172535.10,0.1737,-0.025700,-0.936350,0.013594,0.034625,0.063954,-0.624187,0.167137,0.172154,0.167956,-1.131434,0.827578
2020-02-28T00:00:00.000000000,1145,train,1826.9870,3156070.08,0.1727,0.000423,-0.410342,0.013500,0.034625,0.063954,0.010263,0.165988,0.172154,0.167956,-0.495835,0.827578
2020-03-02T00:00:00.000000000,1146,train,1761.8261,3044065.29,0.1728,-0.035666,-1.267105,0.014838,0.035666,0.096957,-0.910282,0.227264,0.188819,0.168459,-1.494823,0.847662
2020-03-03T00:00:00.000000000,1147,train,1765.0109,2702097.68,0.1531,0.001808,-0.455594,0.014777,0.035666,0.096957,0.046135,0.226329,0.188819,0.168459,-0.537472,0.847662
2020-03-04T00:00:00.000000000,1148,train,1750.7657,6354289.24,0.3629,-0.008071,-0.675557,0.014615,0.035666,0.102626,-0.205989,0.223849,0.188819,0.178309,-0.796965,0.847662
2020-03-05T00:00:00.000000000,1149,train,1751.1917,2676793.99,0.1529,0.000243,-0.492422,0.014364,0.035666,0.102626,0.006209,0.219999,0.188819,0.178309,-0.580918,0.847662
2020-03-06T00:00:00.000000000,1150,train,1698.1894,2584546.32,0.1522,-0.030266,-1.202867,0.015188,0.035666,0.129575,-0.772476,0.232614,0.188819,0.225131,-1.419040,0.847662
2020-03-09T00:00:00.000000000,1151,train,1646.2584,2530937.85,0.1537,-0.030580,-1.142743,0.015252,0.035666,0.156192,-0.695587,0.293594,0.161830,0.250973,-1.401984,0.815090
2020-03-11T00:00:00.000000000,1152,train,1621.7226,3013393.39,0.1858,-0.014904,-0.869543,0.015314,0.035666,0.168768,-0.339010,0.294786,0.161830,0.271180,-1.066807,0.815090
2020-03-12T00:00:00.000000000,1153,train,1588.7454,2944203.77,0.1853,-0.020335,-0.989974,0.015162,0.035666,0.185671,-0.462539,0.291849,0.161830,0.298340,-1.214559,0.815090
2020-03-13T00:00:00.000000000,1154,train,1511.0642,2803447.41,0.1855,-0.048895,-1.644585,0.016693,0.048895,0.225488,-1.112173,0.321327,0.221855,0.362318,-2.017673,0.815090
2020-03-16T00:00:00.000000000,1155,train,1387.0940,2564718.09,0.1849,-0.082042,-2.950485,0.021187,0.082042,0.289030,-2.179887,0.256397,0.431806,0.662148,-3.530239,0.835775
2020-03-17T00:00:00.000000000,1156,train,1455.9437,2389438.75,0.1641,0.049636,-0.052259,0.023750,0.082042,0.289030,1.318851,0.287424,0.431806,0.662148,-0.062527,0.835775
2020-03-18T00:00:00.000000000,1157,train,1420.6077,2336283.54,0.1645,-0.024270,-1.694212,0.023822,0.082042,0.289030,-0.644870,0.288291,0.431806,0.662148,-2.027115,0.835775
2020-03-19T00:00:00.000000000,1158,train,1423.9502,3685527.88,0.2588,0.002353,-1.099132,0.023440,0.082042,0.289030,0.062517,0.283668,0.431806,0.662148,-1.315105,0.835775
2020-03-20T00:00:00.000000000,1159,train,1343.0150,2209043.17,0.1645,-0.056839,-2.470349,0.024774,0.082042,0.311623,-1.510228,0.299817,0.431806,0.713908,-2.955759,0.835775
2020-03-23T00:00:00.000000000,1160,train,1409.3073,2322074.03,0.1648,0.049361,-0.567148,0.026083,0.082042,0.311623,1.096968,0.204599,0.392722,1.188954,-0.689307,0.822780
2020-03-24T00:00:00.000000000,1161,train,1317.9373,2330699.16,0.1768,-0.064833,-2.705396,0.027609,0.082042,0.324477,-1.440819,0.216577,0.392722,1.237996,-3.288114,0.822780
2020-03-25T00:00:00.000000000,1162,train,1326.9900,2365380.06,0.1783,0.006869,-1.394353,0.027614,0.082042,0.324477,0.152649,0.216616,0.392722,1.237996,-1.694685,0.822780
2020-03-26T00:00:00.000000000,1163,train,1340.9243,2389547.31,0.1782,0.010501,-1.325043,0.027739,0.082042,0.323296,0.233362,0.217594,0.392722,1.233491,-1.610446,0.822780
2020-03-27T00:00:00.000000000,1164,train,1377.8363,2448785.86,0.1777,0.027527,-1.014458,0.028586,0.082042,0.321794,0.611752,0.224235,0.392722,1.227759,-1.232964,0.822780
2020-03-30T00:00:00.000000000,1165,train,1440.0474,2566966.46,0.1783,0.045151,-0.542883,0.030312,0.082042,0.321794,1.002178,0.429274,0.371594,0.863493,-0.662182,0.819839
2020-03-31T00:00:00.000000000,1166,train,1337.3947,2410944.09,0.1803,-0.071284,-2.683150,0.032161,0.082042,0.321794,-1.582226,0.455463,0.371594,0.863493,-3.272776,0.819839
2020-04-01T00:00:00.000000000,1167,train,1297.3946,2352507.93,0.1813,-0.029909,-1.941354,0.032238,0.082042,0.326443,-0.663860,0.456545,0.371594,0.875970,-2.367968,0.819839
2020-04-03T00:00:00.000000000,1168,train,1345.0916,2433090.43,0.1809,0.036764,-0.742134,0.033447,0.082042,0.326443,0.816008,0.473663,0.371594,0.875970,-0.905219,0.819839
2020-04-07T00:00:00.000000000,1169,train,1316.6044,2377512.66,0.1806,-0.021179,-1.674854,0.033491,0.082042,0.326443,-0.394717,0.539326,0.547593,0.515214,-1.996850,0.838748
2020-04-08T00:00:00.000000000,1170,train,1319.7196,2138665.08,0.1621,0.002366,-1.302714,0.033318,0.082042,0.325123,0.044098,0.536542,0.547593,0.513129,-1.553165,0.838748
2020-04-09T00:00:00.000000000,1171,train,1355.0800,2191787.92,0.1617,0.026794,-0.919717,0.033999,0.082042,0.317319,0.499371,0.547501,0.547593,0.500813,-1.096535,0.838748
2020-04-13T00:00:00.000000000,1172,train,1368.4092,2217998.74,0.1621,0.009836,-1.437157,0.034204,0.082042,0.307830,0.160370,0.637991,0.242092,0.973875,-1.693588,0.848587
2020-04-15T00:00:00.000000000,1173,train,1414.7192,2142844.72,0.1515,0.033842,-1.070993,0.035099,0.082042,0.289872,0.551751,0.654687,0.242092,0.917061,-1.262090,0.848587
2020-04-16T00:00:00.000000000,1174,train,1432.8138,2173881.52,0.1517,0.012790,-1.363181,0.035158,0.082042,0.289872,0.208527,0.655786,0.242092,0.917061,-1.606412,0.848587
2020-04-17T00:00:00.000000000,1175,train,1432.6765,2172730.96,0.1517,-0.000096,-1.474458,0.035154,0.082042,0.264937,-0.001561,0.655717,0.242092,0.838174,-1.737544,0.848587
2020-04-20T00:00:00.000000000,1176,train,1500.7621,2277598.90,0.1518,0.047523,-0.336906,0.036087,0.082042,0.264937,1.186457,0.458886,0.295073,0.837703,-0.405205,0.831445
2020-04-21T00:00:00.000000000,1177,train,1477.3091,2485558.85,0.1682,-0.015627,-1.632850,0.036119,0.082042,0.259136,-0.390149,0.459284,0.295073,0.819362,-1.963869,0.831445
2020-04-22T00:00:00.000000000,1178,train,1459.7537,2475172.00,0.1696,-0.011883,-1.555307,0.036135,0.082042,0.259136,-0.296679,0.459493,0.295073,0.819362,-1.870607,0.831445
2020-04-23T00:00:00.000000000,1179,train,1401.5473,2373796.62,0.1694,-0.039874,-2.080888,0.036641,0.082042,0.236013,-0.995488,0.465926,0.295073,0.746249,-2.502737,0.831445
2020-04-24T00:00:00.000000000,1180,train,1448.8039,2456760.25,0.1696,0.033717,-0.494455,0.037068,0.082042,0.211913,0.841782,0.471354,0.295073,0.670048,-0.594694,0.831445
2020-04-27T00:00:00.000000000,1181,train,1432.7186,5812330.85,0.4057,-0.011102,-1.337131,0.036776,0.082042,0.199990,-0.325521,0.531862,0.253390,0.526234,-1.637007,0.816814
2020-04-28T00:00:00.000000000,1182,train,1440.4208,2639972.33,0.1833,0.005376,-0.906551,0.036755,0.082042,0.183384,0.157620,0.531552,0.253390,0.482540,-1.109861,0.816814
2020-04-29T00:00:00.000000000,1183,train,1402.6259,2578826.05,0.1839,-0.026239,-1.574715,0.036861,0.082042,0.141403,-0.769316,0.533093,0.253390,0.372076,-1.927874,0.816814
2020-04-30T00:00:00.000000000,1184,train,1435.0788,2639593.90,0.1839,0.023137,-0.314099,0.036163,0.082042,0.108898,0.678381,0.522989,0.253390,0.286543,-0.384542,0.816814
2020-05-04T00:00:00.000000000,1185,train,1466.3864,2689030.96,0.1834,0.021816,-0.236139,0.033084,0.071284,0.108898,0.645310,0.284058,0.289667,0.358606,-0.287022,0.822720
2020-05-05T00:00:00.000000000,1186,train,1441.0141,2565513.58,0.1780,-0.017303,-1.154275,0.032065,0.071284,0.099061,-0.511807,0.275310,0.289667,0.326214,-1.402997,0.822720
2020-05-06T00:00:00.000000000,1187,train,1423.0955,2524033.02,0.1774,-0.012435,-1.034177,0.031834,0.071284,0.099061,-0.367816,0.273325,0.289667,0.326214,-1.257022,0.822720
2020-05-07T00:00:00.000000000,1188,train,1404.5258,2505941.46,0.1784,-0.013049,-1.049765,0.031925,0.071284,0.099061,-0.385980,0.274108,0.289667,0.326214,-1.275968,0.822720
2020-05-08T00:00:00.000000000,1189,train,1403.2201,2493683.21,0.1777,-0.000930,-0.742161,0.030131,0.071284,0.099061,-0.027499,0.258702,0.289667,0.326214,-0.902082,0.822720
2020-05-11T00:00:00.000000000,1190,train,1431.7730,2545861.46,0.1778,0.020348,-0.575345,0.029038,0.071284,0.099061,0.339960,0.333668,0.356140,0.349996,-0.699845,0.822104
2020-05-12T00:00:00.000000000,1191,train,1433.7494,2563655.45,0.1788,0.001380,-0.810432,0.026346,0.071284,0.099061,0.023062,0.302728,0.356140,0.349996,-0.985802,0.822104
2020-05-13T00:00:00.000000000,1192,train,1416.7644,2535488.55,0.1790,-0.011847,-0.993296,0.026472,0.071284,0.099061,-0.197923,0.304177,0.356140,0.349996,-1.208236,0.822104
2020-05-14T00:00:00.000000000,1193,train,1482.0374,2648541.00,0.1787,0.046072,-0.208210,0.027576,0.071284,0.099061,0.769731,0.316860,0.356140,0.349996,-0.253265,0.822104
2020-05-15T00:00:00.000000000,1194,train,1450.1337,2591749.85,0.1787,-0.021527,-1.136629,0.027570,0.071284,0.099061,-0.359654,0.316795,0.356140,0.349996,-1.382586,0.822104
2020-05-18T00:00:00.000000000,1195,train,1447.0049,2589572.80,0.1790,-0.002158,-0.792428,0.026389,0.071284,0.066110,-0.025337,0.343119,0.311106,0.267287,-0.946849,0.836911
2020-05-19T00:00:00.000000000,1196,train,1442.4221,2360544.48,0.1637,-0.003167,-0.648575,0.022801,0.039874,0.066110,-0.037192,0.296461,0.174023,0.267287,-0.774963,0.836911
2020-05-20T00:00:00.000000000,1197,train,1403.0130,2292918.44,0.1634,-0.027321,-0.884669,0.022682,0.039874,0.066110,-0.320845,0.294910,0.174023,0.267287,-1.057065,0.836911
2020-05-21T00:00:00.000000000,1198,train,1449.8402,2378526.59,0.1641,0.033376,-0.286372,0.022521,0.039874,0.066110,0.391947,0.292815,0.174023,0.267287,-0.342177,0.836911
2020-05-22T00:00:00.000000000,1199,train,1452.5120,2380002.16,0.1639,0.001843,-0.591490,0.022080,0.039874,0.066110,0.021641,0.287085,0.174023,0.267287,-0.706754,0.836911
2020-05-26T00:00:00.000000000,1200,train,1422.6828,2339438.48,0.1644,-0.020536,-0.956503,0.022499,0.039874,0.066110,-0.423400,0.299141,0.281213,0.115878,-1.119632,0.854301
2020-05-27T00:00:00.000000000,1201,train,1423.7460,2073667.02,0.1456,0.000747,-0.576563,0.022052,0.039874,0.066110,0.015406,0.293209,0.281213,0.115878,-0.674894,0.854301
2020-05-28T00:00:00.000000000,1202,train,1455.1886,2119710.23,0.1457,0.022084,-0.203645,0.022308,0.039874,0.066110,0.455319,0.296603,0.281213,0.115878,-0.238376,0.854301
2020-05-29T00:00:00.000000000,1203,train,1500.5467,2186232.78,0.1457,0.031170,-0.042244,0.022187,0.039874,0.066110,0.642635,0.294992,0.281213,0.115878,-0.049449,0.854301
2020-06-01T00:00:00.000000000,1204,train,1474.7391,2147180.93,0.1456,-0.017199,-0.816602,0.022362,0.039874,0.066110,-0.332307,0.232374,0.218101,0.215167,-0.997950,0.818279
2020-06-02T00:00:00.000000000,1205,train,1522.6439,2771640.44,0.1820,0.032484,-0.036976,0.023053,0.039874,0.066110,0.627632,0.239551,0.218101,0.215167,-0.045187,0.818279
2020-06-03T00:00:00.000000000,1206,train,1544.6832,2813540.60,0.1821,0.014474,-0.275379,0.021610,0.039874,0.053321,0.279666,0.224555,0.218101,0.173545,-0.336535,0.818279
2020-06-04T00:00:00.000000000,1207,train,1581.8611,2893221.71,0.1829,0.024068,-0.124922,0.021754,0.039874,0.053321,0.465036,0.226055,0.218101,0.173545,-0.152665,0.818279
2020-06-05T00:00:00.000000000,1208,train,1566.8161,2847750.22,0.1818,-0.009511,-0.655414,0.021706,0.039874,0.053321,-0.183766,0.225553,0.218101,0.173545,-0.800966,0.818279
2020-06-08T00:00:00.000000000,1209,train,1575.2656,2867208.05,0.1820,0.005393,-0.378627,0.020224,0.027321,0.053321,0.117526,0.333279,0.141946,0.102755,-0.460453,0.822292
2020-06-09T00:00:00.000000000,1210,train,1600.2261,2853652.69,0.1783,0.015845,-0.182813,0.019596,0.027321,0.053321,0.345316,0.322937,0.141946,0.102755,-0.222321,0.822292
2020-06-10T00:00:00.000000000,1211,train,1585.1218,2826983.06,0.1783,-0.009439,-0.635380,0.019557,0.027321,0.053321,-0.205702,0.322292,0.141946,0.102755,-0.772694,0.822292
2020-06-11T00:00:00.000000000,1212,train,1567.3389,2793879.66,0.1783,-0.011219,-0.669644,0.019732,0.027321,0.053321,-0.244489,0.325174,0.141946,0.102755,-0.814363,0.822292
2020-06-12T00:00:00.000000000,1213,train,1574.1091,2807934.86,0.1784,0.004320,-0.380866,0.018970,0.027321,0.053321,0.094136,0.312612,0.141946,0.102755,-0.463176,0.822292
2020-06-15T00:00:00.000000000,1214,train,1497.3287,2666841.91,0.1781,-0.048777,-1.287113,0.020854,0.048777,0.064302,-0.811882,0.212996,0.393587,0.145208,-1.563673,0.823134
2020-06-16T00:00:00.000000000,1215,train,1554.9065,2766649.01,0.1779,0.038454,-0.098177,0.021592,0.048777,0.064302,0.640052,0.220529,0.393587,0.145208,-0.119272,0.823134
2020-06-17T00:00:00.000000000,1216,train,1567.0213,2773127.28,0.1770,0.007791,-0.515864,0.021304,0.048777,0.064302,0.129685,0.217597,0.393587,0.145208,-0.626706,0.823134
2020-06-18T00:00:00.000000000,1217,train,1549.3189,2742919.25,0.1770,-0.011297,-0.777165,0.021278,0.048777,0.064302,-0.188033,0.217325,0.393587,0.145208,-0.944153,0.823134
2020-06-19T00:00:00.000000000,1218,train,1554.4420,2756246.05,0.1773,0.003307,-0.575308,0.021067,0.048777,0.064302,0.055039,0.215167,0.393587,0.145208,-0.698923,0.823134
2020-06-22T00:00:00.000000000,1219,train,1579.2767,2795427.64,0.1770,0.015977,-0.040582,0.021164,0.048777,0.064302,0.525413,0.191520,0.201375,0.182438,-0.049919,0.812958
2020-06-23T00:00:00.000000000,1220,train,1597.3802,3002026.50,0.1879,0.011463,-0.160021,0.020997,0.048777,0.064302,0.376983,0.190009,0.201375,0.182438,-0.196839,0.812958
2020-06-24T00:00:00.000000000,1221,train,1609.9847,3017154.02,0.1874,0.007891,-0.255582,0.021003,0.048777,0.064302,0.259497,0.190070,0.201375,0.182438,-0.314385,0.812958
2020-06-25T00:00:00.000000000,1222,train,1641.4276,3091157.42,0.1883,0.019530,0.055880,0.020965,0.048777,0.064302,0.642270,0.189721,0.201375,0.182438,0.068737,0.812958
2020-06-26T00:00:00.000000000,1223,train,1583.3675,2968215.08,0.1875,-0.035372,-1.410429,0.020761,0.048777,0.064302,-1.163250,0.187873,0.201375,0.182438,-1.734936,0.812958
2020-06-29T00:00:00.000000000,1224,train,1608.5464,3028704.54,0.1883,0.015902,-0.385333,0.020405,0.048777,0.064302,0.262380,0.235405,0.303819,0.188299,-0.465143,0.828418
2020-06-30T00:00:00.000000000,1225,train,1575.1862,2712754.93,0.1722,-0.020739,-0.890423,0.020850,0.048777,0.064302,-0.342193,0.240536,0.303819,0.188299,-1.074847,0.828418
2020-07-01T00:00:00.000000000,1226,train,1589.5444,2739601.54,0.1724,0.009115,-0.482297,0.020845,0.048777,0.064302,0.150399,0.240472,0.303819,0.188299,-0.582191,0.828418
2020-07-02T00:00:00.000000000,1227,train,1557.7403,2680333.43,0.1721,-0.020008,-0.877309,0.020523,0.048777,0.064302,-0.330132,0.236767,0.303819,0.188299,-1.059017,0.828418
2020-07-03T00:00:00.000000000,1228,train,1581.6319,2737156.38,0.1731,0.015337,-0.388224,0.019900,0.048777,0.064302,0.253062,0.229576,0.303819,0.188299,-0.468632,0.828418
2020-07-06T00:00:00.000000000,1229,train,1587.6676,2744127.12,0.1728,0.003816,-0.431414,0.019899,0.048777,0.064302,0.105101,0.288630,0.192320,0.152618,-0.528466,0.816350
2020-07-07T00:00:00.000000000,1230,train,1597.9272,2958272.68,0.1851,0.006462,-0.366144,0.019411,0.048777,0.064302,0.177977,0.281553,0.192320,0.152618,-0.448514,0.816350
2020-07-08T00:00:00.000000000,1231,train,1605.5466,2950221.38,0.1838,0.004768,-0.404115,0.019402,0.048777,0.064302,0.131326,0.281415,0.192320,0.152618,-0.495026,0.816350
2020-07-09T00:00:00.000000000,1232,train,1614.3772,2969424.74,0.1839,0.005500,-0.384308,0.019118,0.048777,0.064302,0.151482,0.277307,0.192320,0.152618,-0.470764,0.816350
2020-07-10T00:00:00.000000000,1233,train,1593.9031,2947403.64,0.1849,-0.012682,-0.787316,0.018629,0.048777,0.064302,-0.349293,0.270203,0.192320,0.152618,-0.964434,0.816350
2020-07-13T00:00:00.000000000,1234,train,1594.1233,2939333.60,0.1844,0.000138,-0.503363,0.018284,0.048777,0.064302,0.003219,0.190708,0.181929,0.239118,-0.608536,0.827171
2020-07-14T00:00:00.000000000,1235,train,1590.5608,2756272.65,0.1733,-0.002235,-0.541873,0.017446,0.048777,0.064302,-0.052078,0.181967,0.181929,0.239118,-0.655092,0.827171
2020-07-15T00:00:00.000000000,1236,train,1567.2313,2729870.25,0.1742,-0.014667,-0.782108,0.017514,0.048777,0.064302,-0.341800,0.182674,0.181929,0.239118,-0.945521,0.827171
2020-07-16T00:00:00.000000000,1237,train,1567.7321,2712428.76,0.1730,0.000319,-0.488487,0.016965,0.048777,0.064302,0.007445,0.176950,0.181929,0.239118,-0.590551,0.827171
2020-07-17T00:00:00.000000000,1238,train,1551.3521,2695620.72,0.1738,-0.010448,-0.696200,0.016983,0.048777,0.064302,-0.243478,0.177138,0.181929,0.239118,-0.841663,0.827171
2020-07-20T00:00:00.000000000,1239,train,1560.2917,2713715.47,0.1739,0.005763,-0.422954,0.016987,0.048777,0.064302,0.116913,0.185550,0.222439,0.225466,-0.516543,0.818816
2020-07-21T00:00:00.000000000,1240,train,1587.7437,2879259.22,0.1813,0.017594,-0.201318,0.017045,0.048777,0.055386,0.356959,0.186181,0.222439,0.194203,-0.245865,0.818816
2020-07-22T00:00:00.000000000,1241,train,1605.9477,2929495.50,0.1824,0.011465,-0.301956,0.017077,0.048777,0.054876,0.232615,0.186529,0.222439,0.192417,-0.368771,0.818816
2020-07-23T00:00:00.000000000,1242,train,1607.6001,2915530.91,0.1814,0.001029,-0.474068,0.016936,0.048777,0.054876,0.020876,0.184987,0.222439,0.192417,-0.578968,0.818816
2020-07-24T00:00:00.000000000,1243,train,1597.9378,2901124.42,0.1816,-0.006010,-0.591312,0.016969,0.048777,0.054876,-0.121942,0.185356,0.222439,0.192417,-0.722154,0.818816
2020-07-27T00:00:00.000000000,1244,train,1597.3813,2910137.78,0.1822,-0.000348,-0.365233,0.014282,0.035372,0.054876,-0.012112,0.200867,0.123841,0.107481,-0.444301,0.822040
2020-07-28T00:00:00.000000000,1245,train,1591.5027,2845800.62,0.1788,-0.003680,-0.441388,0.012629,0.035372,0.054876,-0.127990,0.177630,0.123841,0.107481,-0.536942,0.822040
2020-07-29T00:00:00.000000000,1246,train,1576.6812,2814869.55,0.1785,-0.009313,-0.603119,0.012689,0.035372,0.054876,-0.323891,0.178474,0.123841,0.107481,-0.733686,0.822040
2020-07-30T00:00:00.000000000,1247,train,1601.4440,2857693.95,0.1784,0.015706,0.110949,0.012793,0.035372,0.054876,0.546223,0.179933,0.123841,0.107481,0.134968,0.822040
2020-07-31T00:00:00.000000000,1248,train,1599.9165,2866974.08,0.1792,-0.000954,-0.365330,0.012792,0.035372,0.054876,-0.033174,0.179923,0.123841,0.107481,-0.444418,0.822040
2020-08-03T00:00:00.000000000,1249,train,1598.7096,2849897.26,0.1783,-0.000754,-0.444517,0.012490,0.035372,0.054876,-0.009706,0.243842,0.122523,0.168847,-0.544918,0.815749
2020-08-04T00:00:00.000000000,1250,train,1591.4966,2941087.12,0.1848,-0.004512,-0.481734,0.012351,0.035372,0.054876,-0.058054,0.241117,0.122523,0.168847,-0.590541,0.815749
2020-08-05T00:00:00.000000000,1251,train,1587.2490,2944365.65,0.1855,-0.002669,-0.461101,0.012270,0.035372,0.054876,-0.034343,0.239536,0.122523,0.168847,-0.565248,0.815749
2020-08-06T00:00:00.000000000,1252,train,1610.9684,2977321.11,0.1848,0.014944,-0.232934,0.012047,0.035372,0.039040,0.192286,0.235188,0.122523,0.120120,-0.285546,0.815749
2020-08-07T00:00:00.000000000,1253,train,1619.2984,2994388.52,0.1849,0.005171,-0.264709,0.010197,0.020739,0.039040,0.066534,0.199073,0.071839,0.120120,-0.324498,0.815749
2020-08-10T00:00:00.000000000,1254,train,1617.0070,3001307.75,0.1856,-0.001415,-0.303088,0.009809,0.020739,0.039040,-0.031853,0.136705,0.076399,0.121788,-0.366745,0.826427
2020-08-11T00:00:00.000000000,1255,train,1645.7270,2870178.57,0.1744,0.017761,0.059493,0.009496,0.020008,0.039040,0.399825,0.132343,0.073706,0.121788,0.071988,0.826427
2020-08-12T00:00:00.000000000,1256,train,1666.0868,2913573.25,0.1749,0.012371,-0.041982,0.009600,0.020008,0.039040,0.278493,0.133798,0.073706,0.121788,-0.050799,0.826427
2020-08-13T00:00:00.000000000,1257,train,1648.5867,2878255.29,0.1746,-0.010504,-0.444610,0.009021,0.014667,0.039040,-0.236451,0.125722,0.054031,0.121788,-0.537991,0.826427
2020-08-14T00:00:00.000000000,1258,train,1652.4307,2873428.26,0.1739,0.002332,-0.201805,0.008672,0.014667,0.039040,0.052488,0.120859,0.054031,0.121788,-0.244190,0.826427
2020-08-17T00:00:00.000000000,1259,train,1660.2079,2885123.42,0.1738,0.004707,-0.158886,0.008681,0.014667,0.039040,0.103725,0.120600,0.065915,0.108169,-0.190959,0.832044
2020-08-18T00:00:00.000000000,1260,train,1652.6687,2782853.07,0.1684,-0.004541,-0.328648,0.008697,0.014667,0.039040,-0.100080,0.120825,0.065915,0.108169,-0.394988,0.832044
2020-08-19T00:00:00.000000000,1261,train,1657.4502,2792481.50,0.1685,0.002893,-0.192099,0.008678,0.014667,0.039040,0.063762,0.120555,0.065915,0.108169,-0.230876,0.832044
2020-08-20T00:00:00.000000000,1262,train,1683.6296,2844031.28,0.1689,0.015795,0.068429,0.009041,0.014667,0.026831,0.348098,0.125601,0.065915,0.074340,0.082242,0.832044
2020-08-21T00:00:00.000000000,1263,train,1688.6039,2856013.07,0.1691,0.002955,-0.162556,0.008654,0.014667,0.026831,0.065113,0.120227,0.065915,0.074340,-0.195369,0.832044
2020-08-24T00:00:00.000000000,1264,train,1721.7902,2903200.97,0.1686,0.019653,0.101435,0.009208,0.014667,0.024651,0.390638,0.113641,0.114195,0.040707,0.122096,0.830784
2020-08-25T00:00:00.000000000,1265,train,1724.7048,2934668.99,0.1702,0.001693,-0.187282,0.009166,0.014667,0.019233,0.033648,0.113122,0.114195,0.031760,-0.225429,0.830784
2020-08-26T00:00:00.000000000,1266,train,1741.8694,2957681.34,0.1698,0.009952,-0.018759,0.008659,0.010504,0.019233,0.197816,0.106858,0.081778,0.031760,-0.022580,0.830784
2020-08-27T00:00:00.000000000,1267,train,1784.9519,3035428.61,0.1701,0.024734,0.217437,0.009429,0.010504,0.019233,0.491620,0.116358,0.081778,0.031760,0.261725,0.830784
2020-08-28T00:00:00.000000000,1268,train,1785.7466,3029982.99,0.1697,0.000445,-0.179789,0.009053,0.010504,0.019233,0.008850,0.111721,0.081778,0.031760,-0.216409,0.830784
2020-08-31T00:00:00.000000000,1269,train,1761.9912,3003947.84,0.1705,-0.013303,-0.477226,0.009611,0.013303,0.019233,-0.364511,0.102327,0.055364,0.058652,-0.580854,0.821594
2020-09-01T00:00:00.000000000,1270,train,1776.5696,3172133.96,0.1786,0.008274,0.011099,0.009316,0.013303,0.019233,0.226712,0.099187,0.055364,0.058652,0.013509,0.821594
2020-09-02T00:00:00.000000000,1271,train,1729.5316,3106503.30,0.1796,-0.026477,-0.858775,0.010667,0.026477,0.031480,-0.725496,0.113566,0.110193,0.096000,-1.045254,0.821594
2020-09-03T00:00:00.000000000,1272,train,1751.4071,3143922.58,0.1795,0.012648,0.020735,0.010815,0.026477,0.031480,0.346575,0.115146,0.110193,0.096000,0.025237,0.821594
2020-09-04T00:00:00.000000000,1273,train,1758.1244,3137215.14,0.1784,0.003835,-0.176552,0.010688,0.026477,0.031480,0.105094,0.113791,0.110193,0.096000,-0.214889,0.821594
2020-09-07T00:00:00.000000000,1274,train,1718.3551,3065943.00,0.1784,-0.022620,-0.793291,0.011642,0.026477,0.037739,-0.615103,0.154769,0.102950,0.101059,-0.973882,0.814566
2020-09-08T00:00:00.000000000,1275,train,1717.2861,3186617.51,0.1856,-0.000622,-0.306888,0.011601,0.026477,0.038337,-0.016917,0.154221,0.102950,0.102662,-0.376750,0.814566
2020-09-09T00:00:00.000000000,1276,train,1713.1876,3176561.29,0.1854,-0.002387,-0.349117,0.011429,0.026477,0.040632,-0.064898,0.151936,0.102950,0.108808,-0.428593,0.814566
2020-09-10T00:00:00.000000000,1277,train,1684.4878,3123640.43,0.1854,-0.016752,-0.705231,0.011693,0.026477,0.056704,-0.455535,0.155444,0.102950,0.151845,-0.865775,0.814566
2020-09-11T00:00:00.000000000,1278,train,1707.3424,3166858.83,0.1855,0.013568,-0.035560,0.011870,0.026477,0.056704,0.368938,0.157797,0.102950,0.151845,-0.043655,0.814566
2020-09-14T00:00:00.000000000,1279,train,1706.1778,3165477.74,0.1855,-0.000682,-0.362057,0.011870,0.026477,0.056704,-0.015338,0.152278,0.161658,0.120929,-0.450203,0.804208
2020-09-15T00:00:00.000000000,1280,train,1716.6869,3363406.27,0.1959,0.006159,-0.237840,0.011822,0.026477,0.056704,0.138506,0.151663,0.161658,0.120929,-0.295744,0.804208
2020-09-16T00:00:00.000000000,1281,train,1709.5564,3349834.82,0.1959,-0.004154,-0.424601,0.011847,0.026477,0.056704,-0.093402,0.151984,0.161658,0.120929,-0.527974,0.804208
2020-09-17T00:00:00.000000000,1282,train,1710.6662,3348886.75,0.1958,0.000649,-0.335447,0.011624,0.026477,0.056704,0.014598,0.149126,0.161658,0.120929,-0.417115,0.804208
2020-09-18T00:00:00.000000000,1283,train,1704.0471,3335943.20,0.1958,-0.003869,-0.417500,0.011657,0.026477,0.056704,-0.087009,0.149548,0.161658,0.120929,-0.519145,0.804208
2020-09-21T00:00:00.000000000,1284,train,1701.9681,3333559.83,0.1959,-0.001220,-0.392230,0.011655,0.026477,0.056704,-0.025398,0.242183,0.090558,0.116366,-0.474505,0.826609
2020-09-22T00:00:00.000000000,1285,train,1710.9097,2964836.88,0.1733,0.005254,-0.274624,0.011294,0.026477,0.056704,0.109373,0.234678,0.090558,0.116366,-0.332230,0.826609
2020-09-23T00:00:00.000000000,1286,train,1671.1201,2895626.45,0.1733,-0.023256,-0.788850,0.011929,0.026477,0.064190,-0.484162,0.247872,0.090558,0.131729,-0.954321,0.826609
2020-09-24T00:00:00.000000000,1287,train,1664.8660,2883803.64,0.1732,-0.003742,-0.456563,0.011788,0.026477,0.067692,-0.077912,0.244947,0.090558,0.138916,-0.552333,0.826609
2020-09-25T00:00:00.000000000,1288,train,1646.7614,2856575.53,0.1735,-0.010875,-0.599329,0.011953,0.026477,0.077830,-0.226391,0.248375,0.090558,0.159722,-0.725045,0.826609
2020-09-28T00:00:00.000000000,1289,train,1637.3787,2838729.19,0.1734,-0.005698,-0.517804,0.011961,0.026477,0.083085,-0.125819,0.137533,0.162005,0.202122,-0.627479,0.825214
2020-09-29T00:00:00.000000000,1290,train,1664.2464,2909546.46,0.1748,0.016409,-0.118223,0.012305,0.026477,0.083085,0.362351,0.141487,0.162005,0.202122,-0.143263,0.825214
2020-09-30T00:00:00.000000000,1291,train,1695.4062,2964178.36,0.1748,0.018723,-0.080147,0.012736,0.026477,0.083085,0.413451,0.146446,0.162005,0.202122,-0.097123,0.825214
2020-10-01T00:00:00.000000000,1292,train,1692.6327,2956514.54,0.1747,-0.001636,-0.448281,0.012435,0.026477,0.083085,-0.036125,0.142978,0.162005,0.202122,-0.543230,0.825214
2020-10-05T00:00:00.000000000,1293,train,1696.6095,2965489.83,0.1748,0.002350,-0.375772,0.012431,0.026477,0.083085,0.049511,0.148193,0.181056,0.173590,-0.453327,0.828919
2020-10-06T00:00:00.000000000,1294,train,1710.0157,2924510.18,0.1710,0.007902,-0.274432,0.011990,0.026477,0.083085,0.166512,0.142939,0.181056,0.173590,-0.331072,0.828919
2020-10-07T00:00:00.000000000,1295,train,1721.5557,2944992.39,0.1711,0.006748,-0.295172,0.012050,0.026477,0.083085,0.142209,0.143656,0.181056,0.173590,-0.356092,0.828919
2020-10-08T00:00:00.000000000,1296,train,1724.8319,2949199.36,0.1710,0.001903,-0.378472,0.011915,0.026477,0.083085,0.040102,0.142041,0.181056,0.173590,-0.456585,0.828919
2020-10-09T00:00:00.000000000,1297,train,1726.8222,2952999.50,0.1710,0.001154,-0.382335,0.010982,0.026477,0.083085,0.024316,0.130916,0.181056,0.173590,-0.461245,0.828919
2020-10-12T00:00:00.000000000,1298,train,1725.5939,2952284.86,0.1711,-0.000711,-0.350620,0.010978,0.026477,0.078348,-0.024611,0.177535,0.065074,0.162702,-0.429922,0.815542
2020-10-13T00:00:00.000000000,1299,train,1732.8269,3196534.88,0.1845,0.004192,-0.209602,0.010776,0.026477,0.078348,0.145037,0.174270,0.065074,0.162702,-0.257009,0.815542
2020-10-14T00:00:00.000000000,1300,train,1718.8109,3170327.43,0.1844,-0.008089,-0.539184,0.010733,0.026477,0.068679,-0.279878,0.173562,0.065074,0.142622,-0.661136,0.815542
2020-10-15T00:00:00.000000000,1301,train,1710.5441,3175627.89,0.1857,-0.004810,-0.426233,0.009674,0.023256,0.068679,-0.166421,0.156436,0.057159,0.142622,-0.522637,0.815542
2020-10-16T00:00:00.000000000,1302,train,1713.4617,3168435.46,0.1849,0.001706,-0.238499,0.009380,0.023256,0.068679,0.059019,0.151681,0.057159,0.142622,-0.292442,0.815542
2020-10-19T00:00:00.000000000,1303,train,1705.7361,3160227.74,0.1853,-0.004509,-0.380423,0.009365,0.023256,0.047124,-0.077451,0.171128,0.126979,0.089425,-0.464983,0.818145
2020-10-20T00:00:00.000000000,1304,train,1728.9101,3152847.38,0.1824,0.013586,-0.116950,0.008813,0.023256,0.046531,0.233376,0.161042,0.126979,0.088300,-0.142945,0.818145
2020-10-21T00:00:00.000000000,1305,train,1708.5749,3128639.38,0.1831,-0.011762,-0.476548,0.009073,0.023256,0.046198,-0.202043,0.165784,0.126979,0.087668,-0.582473,0.818145
2020-10-22T00:00:00.000000000,1306,train,1718.9033,3130782.50,0.1821,0.006045,-0.227130,0.009129,0.023256,0.046198,0.103841,0.166809,0.126979,0.087668,-0.277615,0.818145
2020-10-23T00:00:00.000000000,1307,train,1709.6034,3125777.46,0.1828,-0.005410,-0.380857,0.008643,0.023256,0.046198,-0.092938,0.157928,0.126979,0.087668,-0.465513,0.818145
2020-10-26T00:00:00.000000000,1308,train,1719.4306,3131749.15,0.1821,0.005748,-0.197991,0.008359,0.023256,0.046198,0.116645,0.152102,0.083989,0.116685,-0.236131,0.838479
2020-10-27T00:00:00.000000000,1309,train,1725.0382,2785993.60,0.1615,0.003261,-0.240534,0.008374,0.023256,0.046198,0.066179,0.152375,0.083989,0.116685,-0.286869,0.838479
2020-10-28T00:00:00.000000000,1310,train,1700.8117,2763534.96,0.1625,-0.014044,-0.532984,0.008690,0.023256,0.042978,-0.284986,0.158130,0.083989,0.108550,-0.635656,0.838479
2020-10-29T00:00:00.000000000,1311,train,1706.8206,2760435.59,0.1617,0.003533,-0.233842,0.008685,0.023256,0.042978,0.071691,0.158041,0.083989,0.108550,-0.278888,0.838479
2020-10-30T00:00:00.000000000,1312,train,1684.8997,2732773.08,0.1622,-0.012843,-0.517025,0.008983,0.023256,0.042978,-0.260617,0.163466,0.083989,0.108550,-0.616623,0.838479
2020-11-02T00:00:00.000000000,1313,train,1689.9472,2746408.35,0.1625,0.002996,-0.170033,0.008981,0.023256,0.042978,0.098192,0.121308,0.094604,0.085394,-0.203115,0.837129
2020-11-03T00:00:00.000000000,1314,train,1713.0455,2794683.73,0.1631,0.013668,0.118994,0.009318,0.023256,0.042978,0.448003,0.125859,0.094604,0.085394,0.142145,0.837129
2020-11-04T00:00:00.000000000,1315,train,1713.3915,2807283.82,0.1638,0.000202,-0.224496,0.009272,0.023256,0.027658,0.006621,0.125235,0.094604,0.054956,-0.268174,0.837129
2020-11-05T00:00:00.000000000,1316,train,1736.6051,2829908.55,0.1630,0.013548,0.181758,0.008505,0.014044,0.027658,0.444077,0.114871,0.057129,0.054956,0.217121,0.837129
2020-11-06T00:00:00.000000000,1317,train,1758.2500,2875975.17,0.1636,0.012464,0.150033,0.008679,0.014044,0.027658,0.408534,0.117226,0.057129,0.054956,0.179223,0.837129
2020-11-09T00:00:00.000000000,1318,train,1791.6757,2937028.28,0.1639,0.019011,0.081998,0.008873,0.014044,0.027658,0.359903,0.094365,0.058268,0.108017,0.099252,0.826161
2020-11-10T00:00:00.000000000,1319,train,1801.8666,3133763.24,0.1739,0.005688,-0.125224,0.008742,0.014044,0.027658,0.107680,0.092968,0.058268,0.108017,-0.151573,0.826161
2020-11-11T00:00:00.000000000,1320,train,1806.5025,3151399.85,0.1744,0.002573,-0.170876,0.008393,0.014044,0.027658,0.048707,0.089254,0.058268,0.108017,-0.206832,0.826161
2020-11-12T00:00:00.000000000,1321,train,1813.3897,3148445.24,0.1736,0.003812,-0.146788,0.007858,0.014044,0.027658,0.072176,0.083566,0.058268,0.108017,-0.177675,0.826161
2020-11-13T00:00:00.000000000,1322,train,1825.5475,3173788.84,0.1739,0.006704,-0.101594,0.007862,0.014044,0.027658,0.126925,0.083611,0.058268,0.108017,-0.122971,0.826161
2020-11-14T00:00:00.000000000,1323,train,1817.8411,3159258.32,0.1738,-0.004221,-0.273302,0.007956,0.014044,0.027658,-0.079918,0.084607,0.058268,0.108017,-0.330809,0.826161
2020-11-17T00:00:00.000000000,1324,train,1832.9711,3210328.45,0.1751,0.008323,-0.113389,0.007966,0.014044,0.027658,0.131020,0.108464,0.077349,0.081558,-0.136351,0.831597
2020-11-18T00:00:00.000000000,1325,train,1833.8919,3091225.11,0.1686,0.000502,-0.215359,0.007930,0.014044,0.027658,0.007908,0.107971,0.077349,0.081558,-0.258971,0.831597
2020-11-19T00:00:00.000000000,1326,train,1847.5215,3121922.63,0.1690,0.007432,-0.125281,0.007986,0.014044,0.027658,0.116995,0.108739,0.077349,0.081558,-0.150651,0.831597
2020-11-20T00:00:00.000000000,1327,train,1872.3093,3154655.76,0.1685,0.013417,-0.049652,0.008226,0.014044,0.027658,0.211205,0.112005,0.077349,0.081558,-0.059707,0.831597
2020-11-23T00:00:00.000000000,1328,train,1853.8860,3138589.57,0.1693,-0.009840,-0.397867,0.008512,0.014044,0.027658,-0.246752,0.082891,0.078513,0.076043,-0.484198,0.821702
2020-11-24T00:00:00.000000000,1329,train,1870.9557,3352133.60,0.1792,0.009208,-0.001061,0.008593,0.014044,0.025456,0.230895,0.083688,0.078513,0.069986,-0.001292,0.821702
2020-11-25T00:00:00.000000000,1330,train,1881.4895,3370766.20,0.1792,0.005630,-0.073027,0.008375,0.014044,0.025456,0.141186,0.081560,0.078513,0.069986,-0.088873,0.821702
2020-11-26T00:00:00.000000000,1331,train,1894.9476,3390101.55,0.1789,0.007153,-0.040852,0.008275,0.014044,0.025456,0.179371,0.080589,0.078513,0.069986,-0.049716,0.821702
2020-11-27T00:00:00.000000000,1332,train,1879.0663,3351321.97,0.1784,-0.008381,-0.363054,0.008540,0.014044,0.025456,-0.210165,0.083168,0.078513,0.069986,-0.441831,0.821702
2020-12-01T00:00:00.000000000,1333,train,1916.4636,3431986.10,0.1791,0.019902,0.197700,0.008929,0.014044,0.025456,0.477822,0.087090,0.064048,0.085737,0.240948,0.820507
2020-12-02T00:00:00.000000000,1334,train,1947.3911,3508165.25,0.1801,0.016138,0.128765,0.009032,0.014044,0.023268,0.387447,0.088096,0.064048,0.078369,0.156934,0.820507
2020-12-03T00:00:00.000000000,1335,train,1984.2194,3573037.03,0.1801,0.018912,0.184275,0.008924,0.014044,0.023268,0.454043,0.087039,0.064048,0.078369,0.224587,0.820507
2020-12-04T00:00:00.000000000,1336,train,2070.7202,3718951.12,0.1796,0.043594,0.651527,0.011295,0.014044,0.023268,1.046644,0.110172,0.064048,0.078369,0.794054,0.820507
2020-12-07T00:00:00.000000000,1337,train,2202.9628,3965752.00,0.1800,0.063863,1.029033,0.015106,0.014044,0.023268,1.574453,0.157514,0.097678,0.045875,1.273386,0.808107
2020-12-08T00:00:00.000000000,1338,train,2230.3301,4278121.31,0.1918,0.012423,0.004159,0.015111,0.014044,0.023268,0.306271,0.157572,0.097678,0.045875,0.005146,0.808107
2020-12-09T00:00:00.000000000,1339,train,2189.6001,4207873.34,0.1922,-0.018262,-0.629131,0.015851,0.018262,0.018262,-0.450220,0.165286,0.127013,0.036005,-0.778524,0.808107
2020-12-10T00:00:00.000000000,1340,train,2125.3718,4089590.75,0.1924,-0.029333,-0.965590,0.016774,0.029333,0.047060,-0.723172,0.174909,0.204017,0.092781,-1.194878,0.808107
2020-12-11T00:00:00.000000000,1341,train,2058.5822,3948277.08,0.1918,-0.031425,-1.078504,0.018171,0.031425,0.077006,-0.774736,0.189483,0.218564,0.151822,-1.334605,0.808107
2020-12-14T00:00:00.000000000,1342,train,2026.2134,3893237.64,0.1921,-0.015724,-0.834857,0.018280,0.031425,0.091519,-0.394733,0.151194,0.129499,0.345477,-1.020904,0.817763
2020-12-15T00:00:00.000000000,1343,train,2012.4488,3681701.89,0.1829,-0.006793,-0.671542,0.018424,0.031425,0.097690,-0.170539,0.152381,0.129499,0.368775,-0.821194,0.817763
2020-12-16T00:00:00.000000000,1344,train,2032.6223,3704451.52,0.1822,0.010024,-0.326025,0.018385,0.031425,0.097690,0.251653,0.152059,0.129499,0.368775,-0.398679,0.817763
2020-12-17T00:00:00.000000000,1345,train,2063.6398,3781019.32,0.1832,0.015260,-0.218839,0.018428,0.031425,0.097690,0.383086,0.152418,0.129499,0.368775,-0.267607,0.817763
2020-12-18T00:00:00.000000000,1346,train,2064.2031,3771074.89,0.1827,0.000273,-0.526387,0.018410,0.031425,0.097690,0.006852,0.152270,0.129499,0.368775,-0.643692,0.817763
2020-12-21T00:00:00.000000000,1347,train,2058.6839,3770740.50,0.1832,-0.002674,-0.546554,0.018432,0.031425,0.097690,-0.071445,0.211496,0.199759,0.181185,-0.663885,0.823266
2020-12-22T00:00:00.000000000,1348,train,2044.8047,3629644.63,0.1775,-0.006742,-0.635550,0.018380,0.031425,0.097690,-0.180147,0.210894,0.199759,0.181185,-0.771986,0.823266
2020-12-23T00:00:00.000000000,1349,train,1978.1827,3509182.87,0.1774,-0.032581,-1.244532,0.019549,0.032581,0.113054,-0.870596,0.224316,0.207109,0.209680,-1.511702,0.823266
2020-12-24T00:00:00.000000000,1350,train,2004.2676,3556712.85,0.1775,0.013186,-0.238472,0.019629,0.032581,0.113054,0.352350,0.225227,0.207109,0.209680,-0.289666,0.823266
2020-12-28T00:00:00.000000000,1351,train,2036.3711,3613260.76,0.1774,0.016018,-0.100872,0.019754,0.032581,0.113054,0.480328,0.203351,0.219739,0.177519,-0.120281,0.838642
2020-12-29T00:00:00.000000000,1352,train,2035.8894,3304254.73,0.1623,-0.000237,-0.509718,0.019762,0.032581,0.113054,-0.007094,0.203438,0.219739,0.177519,-0.607790,0.838642
2020-12-30T00:00:00.000000000,1353,train,2059.0622,3324685.97,0.1615,0.011382,-0.217403,0.019749,0.032581,0.113054,0.341324,0.203298,0.219739,0.177519,-0.259232,0.838642
2020-12-31T00:00:00.000000000,1354,train,2052.7973,3336181.53,0.1625,-0.003043,-0.580423,0.019778,0.032581,0.113054,-0.091241,0.203599,0.219739,0.177519,-0.692098,0.838642
2021-01-01T00:00:00.000000000,1355,train,2069.1775,3345431.89,0.1617,0.007979,-0.303245,0.019780,0.032581,0.113054,0.239285,0.203618,0.219739,0.177519,-0.361590,0.838642
2021-01-04T00:00:00.000000000,1356,train,2057.8107,3334155.86,0.1620,-0.005493,-0.624965,0.019846,0.032581,0.113054,-0.177425,0.194909,0.206054,0.185839,-0.764227,0.817773
2021-01-05T00:00:00.000000000,1357,train,2076.0424,3782479.83,0.1822,0.008860,-0.245408,0.019789,0.032581,0.113054,0.286151,0.194351,0.206054,0.185839,-0.300093,0.817773
2021-01-06T00:00:00.000000000,1358,train,2073.3137,3793277.90,0.1830,-0.001314,-0.513047,0.019654,0.032581,0.113054,-0.042452,0.193026,0.206054,0.185839,-0.627371,0.817773
2021-01-07T00:00:00.000000000,1359,train,2071.5024,3791128.39,0.1830,-0.000874,-0.501349,0.019647,0.032581,0.113054,-0.028216,0.192957,0.206054,0.185839,-0.613066,0.817773
2021-01-08T00:00:00.000000000,1360,train,2102.7292,3848161.81,0.1830,0.015074,-0.080971,0.019753,0.032581,0.113054,0.486873,0.193994,0.206054,0.185839,-0.099014,0.817773
2021-01-11T00:00:00.000000000,1361,train,2124.2393,3885380.47,0.1829,0.010230,-0.382339,0.019777,0.032581,0.113054,0.237584,0.269461,0.175537,0.255353,-0.462768,0.826201
2021-01-12T00:00:00.000000000,1362,train,2152.2176,3745632.90,0.1740,0.013171,-0.325091,0.019705,0.032581,0.113054,0.305897,0.268484,0.175537,0.255353,-0.393477,0.826201
2021-01-13T00:00:00.000000000,1363,train,2141.8397,3735599.25,0.1744,-0.004822,-0.668826,0.019570,0.032581,0.113054,-0.111990,0.266639,0.175537,0.255353,-0.809519,0.826201
2021-01-14T00:00:00.000000000,1364,train,2154.4390,3752550.32,0.1742,0.005882,-0.461988,0.019443,0.032581,0.113054,0.136620,0.264901,0.175537,0.255353,-0.559171,0.826201
2021-01-15T00:00:00.000000000,1365,train,2133.5882,3712792.00,0.1740,-0.009678,-0.759725,0.019367,0.032581,0.113054,-0.224774,0.263876,0.175537,0.255353,-0.919539,0.826201
2021-01-18T00:00:00.000000000,1366,train,2125.6655,3705529.76,0.1743,-0.003713,-0.594895,0.017831,0.032581,0.113054,-0.146108,0.116606,0.125227,0.320578,-0.708518,0.839632
2021-01-19T00:00:00.000000000,1367,train,2105.5077,3384593.07,0.1607,-0.009483,-0.762093,0.013566,0.032581,0.113054,-0.373128,0.088719,0.125227,0.320578,-0.907652,0.839632
2021-01-20T00:00:00.000000000,1368,train,2079.4786,3346719.03,0.1609,-0.012362,-0.817313,0.013453,0.032581,0.096555,-0.486422,0.087976,0.125227,0.273794,-0.973418,0.839632
2021-01-21T00:00:00.000000000,1369,train,2123.3149,3408629.70,0.1605,0.021080,0.350951,0.013742,0.032581,0.069253,0.829449,0.089864,0.125227,0.196376,0.417982,0.839632
2021-01-22T00:00:00.000000000,1370,train,2132.9077,3425052.04,0.1606,0.004518,-0.124918,0.012714,0.032581,0.041672,0.177764,0.083146,0.125227,0.118167,-0.148777,0.839632
2021-01-25T00:00:00.000000000,1371,train,2113.7027,3407783.25,0.1612,-0.009004,-0.575087,0.011427,0.032581,0.041672,-0.378145,0.109675,0.135528,0.075049,-0.698397,0.823438
2021-01-27T00:00:00.000000000,1372,train,2111.3787,3737885.58,0.1770,-0.001100,-0.298434,0.011010,0.032581,0.041672,-0.046177,0.105671,0.135528,0.075049,-0.362424,0.823438
2021-01-28T00:00:00.000000000,1373,train,2090.8122,3713389.28,0.1776,-0.009741,-0.597942,0.011096,0.032581,0.041672,-0.409082,0.106494,0.135528,0.075049,-0.726153,0.823438
2021-01-29T00:00:00.000000000,1374,train,2037.0247,3611015.76,0.1773,-0.025726,-1.176762,0.011983,0.032581,0.054499,-1.080399,0.115009,0.135528,0.098148,-1.429084,0.823438
2021-02-01T00:00:00.000000000,1375,train,2100.0367,3721440.67,0.1772,0.030933,0.001166,0.012935,0.032581,0.054499,0.517845,0.219465,0.171939,0.125011,0.001430,0.815348
2021-02-02T00:00:00.000000000,1376,train,2068.4612,3827565.18,0.1850,-0.015036,-0.630491,0.013238,0.032581,0.054499,-0.251708,0.224621,0.171939,0.125011,-0.773278,0.815348
2021-02-03T00:00:00.000000000,1377,train,2157.4237,3998423.98,0.1853,0.043009,0.133363,0.015293,0.032581,0.054499,0.720000,0.259484,0.171939,0.125011,0.163565,0.815348
2021-02-04T00:00:00.000000000,1378,train,2248.8522,7267112.41,0.3231,0.042379,0.103167,0.016854,0.032581,0.054499,0.709446,0.285964,0.171939,0.125011,0.126531,0.815348
2021-02-05T00:00:00.000000000,1379,train,2262.4078,4176182.83,0.1846,0.006028,-0.344523,0.015482,0.025726,0.054499,0.100909,0.262684,0.135761,0.125011,-0.422548,0.815348
2021-02-08T00:00:00.000000000,1380,train,2304.2750,4279987.20,0.1857,0.018506,0.046426,0.015609,0.025726,0.054499,0.496536,0.160471,0.114542,0.165375,0.056147,0.826862
2021-02-09T00:00:00.000000000,1381,train,2281.8143,3952526.49,0.1732,-0.009747,-0.580965,0.015676,0.025726,0.054499,-0.261539,0.161158,0.114542,0.165375,-0.702614,0.826862
2021-02-10T00:00:00.000000000,1382,train,2327.6897,4047749.32,0.1739,0.020105,0.079269,0.015919,0.025726,0.054499,0.539445,0.163661,0.114542,0.165375,0.095867,0.826862
2021-02-11T00:00:00.000000000,1383,train,2343.9208,4085299.04,0.1743,0.006973,-0.211707,0.015876,0.025726,0.054499,0.187099,0.163219,0.114542,0.165375,-0.256037,0.826862
2021-02-12T00:00:00.000000000,1384,train,2336.4912,4058230.14,0.1737,-0.003170,-0.436754,0.015878,0.025726,0.054499,-0.085049,0.163240,0.114542,0.165375,-0.528206,0.826862
2021-02-15T00:00:00.000000000,1385,train,2340.6972,4063054.66,0.1736,0.001800,-0.370626,0.015871,0.025726,0.054499,0.032707,0.173155,0.171528,0.145361,-0.457337,0.810400
2021-02-16T00:00:00.000000000,1386,train,2369.9849,4502516.90,0.1900,0.012512,-0.212545,0.015832,0.025726,0.054499,0.227346,0.172729,0.171528,0.145361,-0.262271,0.810400
2021-02-17T00:00:00.000000000,1387,train,2378.0305,4529614.36,0.1905,0.003395,-0.346659,0.015816,0.025726,0.054499,0.061682,0.172556,0.171528,0.145361,-0.427763,0.810400
2021-02-18T00:00:00.000000000,1388,train,2369.7346,4514370.04,0.1905,-0.003489,-0.448299,0.015848,0.025726,0.054499,-0.063386,0.172907,0.171528,0.145361,-0.553182,0.810400
2021-02-19T00:00:00.000000000,1389,train,2365.5798,4506040.57,0.1905,-0.001753,-0.422844,0.015859,0.025726,0.054499,-0.031857,0.173026,0.171528,0.145361,-0.521771,0.810400
2021-02-22T00:00:00.000000000,1390,train,2335.2269,4429596.94,0.1897,-0.012831,-0.633833,0.016033,0.025726,0.054499,-0.310325,0.155331,0.145488,0.153474,-0.764618,0.828953
2021-02-23T00:00:00.000000000,1391,train,2319.4404,3969495.98,0.1711,-0.006760,-0.512575,0.016090,0.025726,0.054499,-0.163497,0.155882,0.145488,0.153474,-0.618340,0.828953
2021-02-24T00:00:00.000000000,1392,train,2303.4566,6718955.44,0.2917,-0.006891,-0.515066,0.016072,0.025726,0.054499,-0.166668,0.155716,0.145488,0.153474,-0.621345,0.828953
2021-02-25T00:00:00.000000000,1393,train,2319.7598,3977984.71,0.1715,0.007078,-0.234718,0.016036,0.025726,0.054499,0.171178,0.155365,0.145488,0.153474,-0.283149,0.828953
2021-02-26T00:00:00.000000000,1394,train,2331.3648,4007956.29,0.1719,0.005003,-0.254709,0.016031,0.025726,0.045259,0.120992,0.155318,0.145488,0.127453,-0.307266,0.828953
2021-03-01T00:00:00.000000000,1395,train,2321.3607,3971131.33,0.1711,-0.004291,-0.462755,0.015921,0.025726,0.044954,-0.093298,0.231501,0.119946,0.116267,-0.561013,0.824856
2021-03-02T00:00:00.000000000,1396,train,2306.1245,4047684.35,0.1755,-0.006563,-0.504083,0.015969,0.025726,0.044954,-0.142706,0.232197,0.119946,0.116267,-0.611116,0.824856
2021-03-03T00:00:00.000000000,1397,train,2341.3131,4114639.05,0.1757,0.015259,-0.112487,0.015950,0.025726,0.044954,0.331761,0.231919,0.119946,0.116267,-0.136371,0.824856
2021-03-04T00:00:00.000000000,1398,train,2374.0158,4160662.73,0.1753,0.013968,-0.133446,0.015767,0.025726,0.044954,0.303690,0.229258,0.119946,0.116267,-0.161781,0.824856
2021-03-05T00:00:00.000000000,1399,train,2367.2449,4162571.98,0.1758,-0.002852,-0.432059,0.015513,0.025726,0.044954,-0.062011,0.225576,0.119946,0.116267,-0.523799,0.824856
2021-03-08T00:00:00.000000000,1400,train,2376.9027,4178904.27,0.1758,0.004080,-0.219702,0.015513,0.025726,0.036277,0.116290,0.173561,0.105809,0.103585,-0.266665,0.823888
2021-03-09T00:00:00.000000000,1401,train,2377.8874,4209851.08,0.1770,0.000414,-0.301752,0.015346,0.025726,0.035216,0.011809,0.171697,0.105809,0.100556,-0.366253,0.823888
2021-03-10T00:00:00.000000000,1402,train,2362.4829,4171010.32,0.1766,-0.006478,-0.455378,0.015436,0.025726,0.031360,-0.184658,0.172707,0.105809,0.089545,-0.552718,0.823888
2021-03-12T00:00:00.000000000,1403,train,2353.4716,4160082.50,0.1768,-0.003814,-0.391544,0.015298,0.025726,0.031360,-0.108725,0.171161,0.105809,0.089545,-0.475240,0.823888
2021-03-15T00:00:00.000000000,1404,train,2352.5847,4143454.01,0.1761,-0.000377,-0.267191,0.014297,0.015036,0.031360,-0.009670,0.158969,0.067219,0.093282,-0.329140,0.811786
2021-03-16T00:00:00.000000000,1405,train,2334.5728,4404934.15,0.1887,-0.007656,-0.412707,0.013617,0.015036,0.031360,-0.196476,0.151418,0.067219,0.093282,-0.508394,0.811786
2021-03-17T00:00:00.000000000,1406,train,2358.7383,4445410.81,0.1885,0.010351,-0.025933,0.013214,0.012831,0.031360,0.265633,0.146935,0.057363,0.093282,-0.031946,0.811786
2021-03-18T00:00:00.000000000,1407,train,2346.9310,4416691.77,0.1882,-0.005006,-0.327714,0.011205,0.012831,0.031360,-0.128460,0.124591,0.057363,0.093282,-0.403695,0.811786
2021-03-19T00:00:00.000000000,1408,train,2332.4088,4399605.61,0.1886,-0.006188,-0.328656,0.008581,0.012831,0.031360,-0.158791,0.095419,0.057363,0.093282,-0.404855,0.811786
2021-03-22T00:00:00.000000000,1409,train,2292.4228,4331596.49,0.1890,-0.017144,-0.600844,0.009141,0.017144,0.035999,-0.438243,0.123159,0.067542,0.100052,-0.728997,0.824207
2021-03-23T00:00:00.000000000,1410,train,2346.6540,4133659.87,0.1762,0.023657,0.254596,0.009519,0.017144,0.035999,0.604738,0.128246,0.067542,0.100052,0.308898,0.824207
2021-03-24T00:00:00.000000000,1411,train,2395.5604,4214079.61,0.1759,0.020841,0.190177,0.009977,0.017144,0.035999,0.532757,0.134424,0.067542,0.100052,0.230739,0.824207
2021-03-25T00:00:00.000000000,1412,train,2411.9515,4265875.34,0.1769,0.006842,-0.098681,0.009430,0.017144,0.035999,0.174910,0.127044,0.067542,0.100052,-0.119728,0.824207
2021-03-26T00:00:00.000000000,1413,train,2380.4779,4187949.42,0.1759,-0.013049,-0.520823,0.009704,0.017144,0.035999,-0.333572,0.130742,0.067542,0.100052,-0.631908,0.824207
2021-03-30T00:00:00.000000000,1414,train,2365.3904,4183927.35,0.1769,-0.006338,-0.382507,0.009761,0.017144,0.035999,-0.202509,0.081835,0.056307,0.125491,-0.466143,0.820578
2021-03-31T00:00:00.000000000,1415,train,2384.7106,4300101.10,0.1803,0.008168,-0.002840,0.009857,0.017144,0.035999,0.260975,0.082637,0.056307,0.125491,-0.003461,0.820578
2021-04-01T00:00:00.000000000,1416,train,2370.3961,4273534.68,0.1803,-0.006003,-0.373112,0.009674,0.017144,0.035999,-0.191792,0.081104,0.056307,0.125491,-0.454694,0.820578
2021-04-05T00:00:00.000000000,1417,train,2381.7549,4293207.92,0.1803,0.004792,-0.098314,0.009693,0.017144,0.035941,0.161516,0.180961,0.067439,0.033385,-0.120268,0.817455
2021-04-06T00:00:00.000000000,1418,train,2449.3917,4496684.94,0.1836,0.028398,0.533483,0.010913,0.017144,0.035941,0.957170,0.203732,0.067439,0.033385,0.652614,0.817455
2021-04-07T00:00:00.000000000,1419,train,2465.8013,4523023.82,0.1834,0.006699,-0.064832,0.010943,0.017144,0.035941,0.225810,0.204295,0.067439,0.033385,-0.079310,0.817455
2021-04-08T00:00:00.000000000,1420,train,2478.8819,4548675.44,0.1835,0.005305,-0.098548,0.010635,0.017144,0.035941,0.178802,0.198533,0.067439,0.033385,-0.120555,0.817455
2021-04-09T00:00:00.000000000,1421,train,2492.0864,4572295.91,0.1835,0.005327,-0.096217,0.010522,0.017144,0.035941,0.179544,0.196424,0.067439,0.033385,-0.117704,0.817455
2021-04-12T00:00:00.000000000,1422,train,2514.6070,4610151.90,0.1833,0.009037,-0.017594,0.010438,0.017144,0.035941,0.265275,0.120450,0.094918,0.071465,-0.021559,0.816116
2021-04-13T00:00:00.000000000,1423,train,2478.2225,4566687.38,0.1843,-0.014469,-0.584741,0.010865,0.017144,0.035941,-0.424743,0.125367,0.094918,0.071465,-0.716492,0.816116
2021-04-15T00:00:00.000000000,1424,train,2407.6370,4436055.17,0.1842,-0.028482,-0.994665,0.012168,0.028482,0.042539,-0.836095,0.140404,0.157695,0.084585,-1.218779,0.816116
2021-04-16T00:00:00.000000000,1425,train,2462.4911,4550582.25,0.1848,0.022783,0.228283,0.012722,0.028482,0.042539,0.668802,0.146803,0.157695,0.084585,0.279719,0.816116
2021-04-19T00:00:00.000000000,1426,train,2471.4833,4553161.92,0.1842,0.003652,-0.296108,0.012623,0.028482,0.042539,0.077761,0.224835,0.106950,0.103409,-0.357433,0.828429
2021-04-20T00:00:00.000000000,1427,train,2418.2058,4174179.71,0.1726,-0.021557,-0.747749,0.013094,0.028482,0.042539,-0.459043,0.233208,0.106950,0.103409,-0.902610,0.828429
2021-04-22T00:00:00.000000000,1428,train,2463.7339,4254690.94,0.1727,0.018827,-0.038080,0.013280,0.028482,0.042539,0.400917,0.236523,0.106950,0.103409,-0.045966,0.828429
2021-04-23T00:00:00.000000000,1429,train,2398.5031,4132222.70,0.1723,-0.026476,-0.857797,0.014174,0.028482,0.046172,-0.563802,0.252458,0.106950,0.112239,-1.035449,0.828429
2021-04-26T00:00:00.000000000,1430,train,2431.8865,4181949.97,0.1720,0.013918,-0.197313,0.014365,0.028482,0.046172,0.228775,0.137041,0.211769,0.126086,-0.246120,0.801694
2021-04-27T00:00:00.000000000,1431,train,2454.9561,4882401.15,0.1989,0.009486,-0.256348,0.014448,0.028482,0.046172,0.155925,0.137829,0.211769,0.126086,-0.319758,0.801694
2021-04-28T00:00:00.000000000,1432,train,2463.0028,4898056.10,0.1989,0.003278,-0.337655,0.014382,0.028482,0.046172,0.053875,0.137198,0.211769,0.126086,-0.421177,0.801694
2021-04-29T00:00:00.000000000,1433,train,2521.7814,4999223.34,0.1982,0.023865,-0.070265,0.014890,0.028482,0.046172,0.392259,0.142051,0.211769,0.126086,-0.087646,0.801694
2021-04-30T00:00:00.000000000,1434,train,2559.1546,5087939.13,0.1988,0.014820,-0.190626,0.015044,0.028482,0.046172,0.243596,0.143521,0.211769,0.126086,-0.237779,0.801694
2021-05-03T00:00:00.000000000,1435,train,2527.8729,5032915.26,0.1991,-0.012223,-0.616099,0.015173,0.028482,0.046172,-0.252174,0.262822,0.118774,0.110241,-0.744012,0.828077
2021-05-04T00:00:00.000000000,1436,train,2488.7438,4291715.49,0.1724,-0.015479,-0.675672,0.015449,0.028482,0.046172,-0.319338,0.267599,0.118774,0.110241,-0.815952,0.828077
2021-05-05T00:00:00.000000000,1437,train,2547.7861,4399770.14,0.1727,0.023724,-0.012063,0.015875,0.028482,0.046172,0.489430,0.274982,0.118774,0.110241,-0.014567,0.828077
2021-05-06T00:00:00.000000000,1438,train,2528.2922,4367580.20,0.1727,-0.007651,-0.548490,0.015905,0.028482,0.046172,-0.157849,0.275501,0.118774,0.110241,-0.662365,0.828077
2021-05-07T00:00:00.000000000,1439,train,2530.4866,4351253.04,0.1720,0.000868,-0.396772,0.015474,0.028482,0.046172,0.017906,0.268040,0.118774,0.110241,-0.479149,0.828077
2021-05-10T00:00:00.000000000,1440,train,2569.8715,4443038.65,0.1729,0.015564,-0.080013,0.015187,0.028482,0.046172,0.337785,0.121731,0.138534,0.175209,-0.097689,0.819063
2021-05-11T00:00:00.000000000,1441,train,2571.2681,4665345.40,0.1814,0.000543,-0.344688,0.014832,0.028482,0.046172,0.011794,0.118883,0.138534,0.175209,-0.420832,0.819063
2021-05-12T00:00:00.000000000,1442,train,2544.1522,4611229.61,0.1812,-0.010546,-0.542837,0.014989,0.028482,0.046172,-0.228870,0.120140,0.138534,0.175209,-0.662754,0.819063
2021-05-14T00:00:00.000000000,1443,train,2582.1299,4684122.96,0.1814,0.014927,-0.089447,0.014900,0.028482,0.046172,0.323966,0.119430,0.138534,0.175209,-0.109207,0.819063
2021-05-17T00:00:00.000000000,1444,train,2542.0965,4622874.85,0.1819,-0.015504,-0.650784,0.015176,0.028482,0.046172,-0.336286,0.203312,0.105412,0.152420,-0.797430,0.816101
2021-05-18T00:00:00.000000000,1445,train,2512.9325,4627989.66,0.1842,-0.011472,-0.581222,0.015341,0.028482,0.046172,-0.248840,0.205522,0.105412,0.152420,-0.712194,0.816101
2021-05-19T00:00:00.000000000,1446,train,2572.6137,4757160.96,0.1849,0.023750,0.037717,0.015757,0.028482,0.046172,0.515135,0.211087,0.105412,0.152420,0.046216,0.816101
2021-05-20T00:00:00.000000000,1447,train,2606.2217,4809640.64,0.1845,0.013064,-0.152569,0.015860,0.028482,0.046172,0.283356,0.212473,0.105412,0.152420,-0.186949,0.816101
2021-05-21T00:00:00.000000000,1448,train,2595.8250,4782887.71,0.1843,-0.003989,-0.447124,0.015192,0.028482,0.046172,-0.086526,0.203520,0.105412,0.152420,-0.547878,0.816101
2021-05-24T00:00:00.000000000,1449,train,2582.8320,4778060.90,0.1850,-0.005005,-0.478808,0.015218,0.028482,0.046172,-0.087779,0.142941,0.242617,0.097359,-0.570695,0.838991
2021-05-25T00:00:00.000000000,1450,train,2583.3801,4171100.80,0.1615,0.000212,-0.401936,0.015205,0.028482,0.046172,0.003721,0.142817,0.242617,0.097359,-0.479071,0.838991
2021-05-26T00:00:00.000000000,1451,train,2570.2290,4162812.88,0.1620,-0.005091,-0.480175,0.015232,0.028482,0.046172,-0.089275,0.143074,0.242617,0.097359,-0.572324,0.838991
2021-05-27T00:00:00.000000000,1452,train,2580.7472,4159720.89,0.1612,0.004092,-0.319818,0.015172,0.028482,0.032168,0.071767,0.142514,0.242617,0.067830,-0.381194,0.838991
2021-05-28T00:00:00.000000000,1453,train,2603.0499,4191175.36,0.1610,0.008642,-0.246485,0.014953,0.028482,0.029529,0.151553,0.140458,0.242617,0.062265,-0.293787,0.838991
2021-05-31T00:00:00.000000000,1454,train,2626.2356,4232740.55,0.1612,0.008907,-0.142139,0.013903,0.026476,0.029529,0.216618,0.176364,0.145957,0.067167,-0.172869,0.822238
2021-06-01T00:00:00.000000000,1455,train,2588.3019,4621858.32,0.1786,-0.014444,-0.607405,0.013742,0.026476,0.029529,-0.351276,0.174322,0.145957,0.067167,-0.738722,0.822238
2021-06-02T00:00:00.000000000,1456,train,2610.7808,4659688.32,0.1785,0.008685,-0.141687,0.013795,0.026476,0.027513,0.211211,0.174991,0.145957,0.062582,-0.172319,0.822238
2021-06-03T00:00:00.000000000,1457,train,2573.7003,4569449.17,0.1775,-0.014203,-0.595618,0.013436,0.026476,0.027513,-0.345407,0.170440,0.145957,0.062582,-0.724386,0.822238
2021-06-04T00:00:00.000000000,1458,train,2605.0607,4629864.64,0.1777,0.012185,-0.065623,0.013212,0.026476,0.027513,0.296334,0.167606,0.145957,0.062582,-0.079811,0.822238
2021-06-07T00:00:00.000000000,1459,train,2642.0254,4697980.52,0.1778,0.014190,0.073165,0.012280,0.015504,0.027513,0.365629,0.113772,0.097632,0.066628,0.087597,0.835243
2021-06-08T00:00:00.000000000,1460,train,2638.0719,4345665.50,0.1647,-0.001496,-0.263400,0.012147,0.015504,0.027513,-0.038558,0.112539,0.097632,0.066628,-0.315357,0.835243
2021-06-09T00:00:00.000000000,1461,train,2641.2706,4347675.93,0.1646,0.001213,-0.204623,0.012085,0.015504,0.027513,0.031243,0.111970,0.097632,0.066628,-0.244987,0.835243
2021-06-10T00:00:00.000000000,1462,train,2659.1368,4396550.42,0.1653,0.006764,-0.085320,0.012109,0.015504,0.027513,0.174297,0.112188,0.097632,0.066628,-0.102150,0.835243
2021-06-11T00:00:00.000000000,1463,train,2646.1356,4360628.41,0.1648,-0.004889,-0.331521,0.011514,0.015504,0.027513,-0.125984,0.106672,0.097632,0.066628,-0.396916,0.835243
2021-06-14T00:00:00.000000000,1464,train,2668.3735,4399764.19,0.1649,0.008404,-0.077358,0.011325,0.015504,0.026799,0.189123,0.114339,0.085737,0.079470,-0.090422,0.855521
2021-06-15T00:00:00.000000000,1465,train,2567.2168,3727010.83,0.1452,-0.037910,-1.118977,0.013151,0.037910,0.037910,-0.853121,0.132771,0.209638,0.112419,-1.307948,0.855521
2021-06-16T00:00:00.000000000,1466,train,2532.5950,3682135.67,0.1454,-0.013486,-0.681015,0.013075,0.037910,0.050884,-0.303493,0.131998,0.209638,0.150895,-0.796024,0.855521
2021-06-17T00:00:00.000000000,1467,train,2490.8833,3602838.40,0.1446,-0.016470,-0.774861,0.012697,0.037910,0.066516,-0.370641,0.128189,0.209638,0.197250,-0.905718,0.855521
2021-06-18T00:00:00.000000000,1468,train,2414.2916,3507327.54,0.1453,-0.030749,-1.131713,0.013753,0.037910,0.095220,-0.691975,0.138852,0.209638,0.282369,-1.322835,0.855521
2021-06-21T00:00:00.000000000,1469,train,2382.8782,3439436.24,0.1443,-0.013011,-0.803323,0.013901,0.037910,0.106992,-0.396619,0.177249,0.182162,0.213872,-0.969902,0.828252
2021-06-22T00:00:00.000000000,1470,train,2345.9919,4040855.29,0.1722,-0.015480,-0.886577,0.013716,0.037910,0.120816,-0.471858,0.174895,0.182162,0.241504,-1.070419,0.828252
2021-06-23T00:00:00.000000000,1471,train,2444.9433,4207442.91,0.1721,0.042179,0.545788,0.015926,0.037910,0.120816,1.285711,0.203081,0.182162,0.241504,0.658964,0.828252
2021-06-24T00:00:00.000000000,1472,train,2475.6447,4270747.11,0.1725,0.012557,-0.203180,0.016031,0.037910,0.120816,0.382770,0.204416,0.182162,0.241504,-0.245312,0.828252
2021-06-25T00:00:00.000000000,1473,train,2436.9614,4202098.26,0.1724,-0.015626,-0.914077,0.015971,0.037910,0.120816,-0.476303,0.203652,0.182162,0.241504,-1.103621,0.828252
2021-06-28T00:00:00.000000000,1474,train,2406.0812,4151578.52,0.1725,-0.012672,-0.828588,0.015898,0.037910,0.120816,-0.336826,0.165252,0.226484,0.274956,-1.003518,0.825683
2021-06-29T00:00:00.000000000,1475,train,2419.2265,4226729.62,0.1747,0.005463,-0.430086,0.015842,0.037910,0.120816,0.145223,0.164667,0.226484,0.274956,-0.520885,0.825683
2021-06-30T00:00:00.000000000,1476,train,2421.0725,4241271.05,0.1752,0.000763,-0.527401,0.015161,0.037910,0.120816,0.020282,0.157587,0.226484,0.274956,-0.638745,0.825683
2021-07-01T00:00:00.000000000,1477,train,2401.7985,4190644.12,0.1745,-0.007961,-0.716949,0.014937,0.037910,0.120816,-0.211611,0.155260,0.226484,0.274956,-0.868311,0.825683
2021-07-02T00:00:00.000000000,1478,train,2390.6389,4177760.82,0.1748,-0.004646,-0.644224,0.014939,0.037910,0.120816,-0.123506,0.155286,0.226484,0.274956,-0.780231,0.825683
2021-07-05T00:00:00.000000000,1479,train,2377.5447,4164712.54,0.1752,-0.005477,-0.694195,0.014942,0.037910,0.120816,-0.089874,0.193843,0.200010,0.377737,-0.861464,0.805832
2021-07-06T00:00:00.000000000,1480,train,2389.8638,4646130.28,0.1944,0.005181,-0.553869,0.015000,0.037910,0.120816,0.085019,0.194598,0.200010,0.377737,-0.687326,0.805832
2021-07-07T00:00:00.000000000,1481,train,2406.6635,4682771.70,0.1946,0.007030,-0.530344,0.015087,0.037910,0.120816,0.115345,0.195729,0.200010,0.377737,-0.658132,0.805832
2021-07-08T00:00:00.000000000,1482,train,2429.6716,4722478.32,0.1944,0.009560,-0.497991,0.015194,0.037910,0.120816,0.156868,0.197105,0.200010,0.377737,-0.617984,0.805832
2021-07-09T00:00:00.000000000,1483,train,2440.8939,4751781.50,0.1947,0.004619,-0.562533,0.015117,0.037910,0.120816,0.075789,0.196119,0.200010,0.377737,-0.698078,0.805832
2021-07-12T00:00:00.000000000,1484,train,2431.0717,4749495.35,0.1954,-0.004024,-0.607225,0.014983,0.037910,0.120816,-0.125006,0.153945,0.189428,0.282732,-0.751111,0.808435
2021-07-13T00:00:00.000000000,1485,train,2445.1173,4692404.19,0.1919,0.005778,-0.360239,0.014883,0.037910,0.120816,0.179480,0.152920,0.189428,0.282732,-0.445600,0.808435
2021-07-14T00:00:00.000000000,1486,train,2450.4105,4710627.95,0.1922,0.002165,-0.450079,0.014776,0.037910,0.120816,0.067249,0.151818,0.189428,0.282732,-0.556729,0.808435
2021-07-15T00:00:00.000000000,1487,train,2446.5759,4714009.04,0.1927,-0.001565,-0.542294,0.014602,0.037910,0.120816,-0.048612,0.150022,0.189428,0.282732,-0.670794,0.808435
2021-07-16T00:00:00.000000000,1488,train,2433.0396,4672661.33,0.1921,-0.005533,-0.640183,0.014390,0.037910,0.120816,-0.171874,0.147845,0.189428,0.282732,-0.791879,0.808435
2021-07-19T00:00:00.000000000,1489,train,2438.3398,4692241.78,0.1924,0.002178,-0.497590,0.014093,0.037910,0.120816,0.059449,0.181957,0.142468,0.339451,-0.604426,0.823244
2021-07-20T00:00:00.000000000,1490,train,2434.7415,4312944.93,0.1771,-0.001476,-0.579686,0.014093,0.037910,0.120816,-0.040273,0.181958,0.142468,0.339451,-0.704149,0.823244
2021-07-22T00:00:00.000000000,1491,train,2412.7942,4277646.29,0.1773,-0.009014,-0.749349,0.014121,0.037910,0.120816,-0.246000,0.182320,0.142468,0.339451,-0.910239,0.823244
2021-07-23T00:00:00.000000000,1492,train,2412.4981,4275682.06,0.1772,-0.000123,-0.548487,0.014017,0.037910,0.120816,-0.003349,0.180983,0.142468,0.339451,-0.666250,0.823244
2021-07-26T00:00:00.000000000,1493,train,2445.2922,4328934.15,0.1770,0.013593,-0.304527,0.014330,0.037910,0.120816,0.331822,0.126708,0.220135,0.348802,-0.363823,0.837019
2021-07-27T00:00:00.000000000,1494,train,2454.3071,4022303.71,0.1639,0.003687,-0.422523,0.014234,0.037910,0.086173,0.089992,0.125866,0.220135,0.248786,-0.504795,0.837019
2021-07-28T00:00:00.000000000,1495,train,2466.2273,4022882.71,0.1631,0.004857,-0.322214,0.012693,0.030749,0.073681,0.118558,0.112238,0.178554,0.212720,-0.384954,0.837019
2021-07-29T00:00:00.000000000,1496,train,2443.4470,4010967.70,0.1642,-0.009237,-0.571848,0.012579,0.030749,0.058169,-0.225477,0.111229,0.178554,0.167936,-0.683196,0.837019
2021-07-30T00:00:00.000000000,1497,train,2453.1013,3998554.30,0.1630,0.003951,-0.255359,0.012279,0.030749,0.039626,0.096448,0.108573,0.178554,0.114403,-0.305081,0.837019
2021-08-02T00:00:00.000000000,1498,train,2455.3636,4005172.43,0.1631,0.000922,-0.253738,0.010912,0.015626,0.039626,0.025384,0.228810,0.058798,0.046461,-0.308685,0.821998
2021-08-03T00:00:00.000000000,1499,train,2455.6492,4371391.11,0.1780,0.000116,-0.266867,0.010616,0.015626,0.039626,0.003201,0.222598,0.058798,0.046461,-0.324656,0.821998
2021-08-04T00:00:00.000000000,1500,train,2469.4229,4401320.79,0.1782,0.005609,-0.135201,0.010187,0.015626,0.039626,0.154387,0.213606,0.058798,0.046461,-0.164478,0.821998
2021-08-05T00:00:00.000000000,1501,train,2504.5661,4460274.54,0.1781,0.014231,0.109229,0.007324,0.015626,0.039626,0.391716,0.153575,0.058798,0.046461,0.132882,0.821998
2021-08-06T00:00:00.000000000,1502,train,2514.7593,4480455.11,0.1782,0.004070,-0.100803,0.007024,0.015626,0.024381,0.112023,0.147270,0.058798,0.028587,-0.122632,0.821998
2021-08-09T00:00:00.000000000,1503,train,2502.0256,4452981.28,0.1780,-0.005064,-0.263633,0.006445,0.012672,0.017979,-0.132349,0.100171,0.028839,0.056451,-0.317809,0.829534
2021-08-10T00:00:00.000000000,1504,train,2511.7646,4286049.28,0.1706,0.003892,-0.056574,0.005949,0.009237,0.017979,0.101738,0.092465,0.021022,0.056451,-0.068200,0.829534
2021-08-11T00:00:00.000000000,1505,train,2512.9229,4282206.52,0.1704,0.000461,-0.130392,0.005904,0.009237,0.017979,0.012054,0.091768,0.021022,0.056451,-0.157187,0.829534
2021-08-12T00:00:00.000000000,1506,train,2482.8489,4234993.23,0.1706,-0.011968,-0.404451,0.006366,0.011968,0.015472,-0.312804,0.098943,0.027237,0.048579,-0.487564,0.829534
2021-08-13T00:00:00.000000000,1507,train,2504.9761,4272934.42,0.1706,0.008912,0.049021,0.006307,0.011968,0.015472,0.232935,0.098024,0.027237,0.048579,0.059094,0.829534
2021-08-16T00:00:00.000000000,1508,train,2503.8161,4269771.34,0.1705,-0.000463,-0.148859,0.006217,0.011968,0.015472,-0.012774,0.072349,0.050085,0.043651,-0.178859,0.832268
2021-08-17T00:00:00.000000000,1509,train,2502.8805,4200124.37,0.1678,-0.000374,-0.145582,0.006090,0.011968,0.015472,-0.010309,0.070878,0.050085,0.043651,-0.174922,0.832268
2021-08-18T00:00:00.000000000,1510,train,2496.9025,4193246.43,0.1679,-0.002388,-0.191924,0.006099,0.011968,0.015472,-0.065889,0.070979,0.050085,0.043651,-0.230604,0.832268
2021-08-20T00:00:00.000000000,1511,train,2497.8673,4188235.91,0.1677,0.000386,-0.127387,0.006014,0.011968,0.015472,0.010659,0.069984,0.050085,0.043651,-0.153060,0.832268
2021-08-23T00:00:00.000000000,1512,train,2469.2686,4142233.79,0.1678,-0.011449,-0.464836,0.006226,0.011968,0.018090,-0.409853,0.065812,0.037839,0.049297,-0.562801,0.825934
2021-08-24T00:00:00.000000000,1513,train,2460.9189,4287505.22,0.1742,-0.003381,-0.233703,0.006217,0.011968,0.021410,-0.121048,0.065724,0.037839,0.058346,-0.282956,0.825934
2021-08-25T00:00:00.000000000,1514,train,2468.4247,4298529.98,0.1741,0.003050,-0.043250,0.006183,0.011968,0.021410,0.109183,0.065363,0.037839,0.058346,-0.052365,0.825934
2021-08-26T00:00:00.000000000,1515,train,2487.3519,4333682.91,0.1742,0.007668,0.092732,0.006246,0.011968,0.021410,0.274484,0.066024,0.037839,0.058346,0.112275,0.825934
2021-08-27T00:00:00.000000000,1516,train,2480.0645,4320258.41,0.1742,-0.002930,-0.220807,0.006270,0.011968,0.021410,-0.104879,0.066279,0.037839,0.058346,-0.267342,0.825934
2021-08-30T00:00:00.000000000,1517,train,2499.4204,4348935.01,0.1740,0.007805,-0.005632,0.006395,0.011968,0.021410,0.186745,0.076075,0.052215,0.065228,-0.006774,0.831421
2021-08-31T00:00:00.000000000,1518,train,2525.6855,4263210.08,0.1688,0.010508,0.046939,0.006518,0.011968,0.021410,0.251440,0.077540,0.052215,0.065228,0.056457,0.831421
2021-09-01T00:00:00.000000000,1519,train,2579.1102,4347906.05,0.1686,0.021153,0.249650,0.007433,0.011968,0.021410,0.506127,0.088414,0.052215,0.065228,0.300269,0.831421
2021-09-02T00:00:00.000000000,1520,train,2618.9157,4410963.43,0.1684,0.015434,0.132369,0.007788,0.011968,0.021410,0.369291,0.092640,0.052215,0.065228,0.159208,0.831421
2021-09-03T00:00:00.000000000,1521,train,2651.5214,4473453.27,0.1687,0.012450,0.074020,0.007686,0.011968,0.021410,0.297898,0.091426,0.052215,0.065228,0.089028,0.831421
2021-09-06T00:00:00.000000000,1522,train,2684.9883,4528024.94,0.1686,0.012622,0.010132,0.007842,0.011968,0.021410,0.247422,0.129433,0.041344,0.064474,0.012170,0.832542
2021-09-07T00:00:00.000000000,1523,train,2713.3198,4546849.46,0.1676,0.010552,-0.022126,0.007731,0.011968,0.021410,0.206845,0.127603,0.041344,0.064474,-0.026576,0.832542
2021-09-08T00:00:00.000000000,1524,train,2709.5059,4541893.33,0.1676,-0.001406,-0.217958,0.007781,0.011968,0.021410,-0.027555,0.128425,0.041344,0.064474,-0.261798,0.832542
2021-09-09T00:00:00.000000000,1525,train,2696.8348,4517448.43,0.1675,-0.004677,-0.273056,0.007906,0.011968,0.021410,-0.091673,0.130487,0.041344,0.064474,-0.327978,0.832542
2021-09-13T00:00:00.000000000,1526,train,2694.1083,4516598.00,0.1676,-0.001011,-0.180595,0.007614,0.011968,0.021410,-0.021369,0.053887,0.037997,0.104552,-0.217804,0.829162
2021-09-14T00:00:00.000000000,1527,train,2699.3956,4614847.83,0.1710,0.001963,-0.128499,0.007616,0.011968,0.021410,0.041480,0.053905,0.037997,0.104552,-0.154974,0.829162
2021-09-15T00:00:00.000000000,1528,train,2692.0138,4605055.66,0.1711,-0.002735,-0.211197,0.007681,0.011968,0.021410,-0.057798,0.054364,0.037997,0.104552,-0.254711,0.829162
2021-09-16T00:00:00.000000000,1529,train,2718.8051,4646891.54,0.1709,0.009952,0.010698,0.007756,0.011968,0.021410,0.210347,0.054896,0.037997,0.104552,0.012902,0.829162
2021-09-17T00:00:00.000000000,1530,train,2736.6018,4676697.81,0.1709,0.006546,-0.049061,0.007767,0.011968,0.021410,0.138351,0.054971,0.037997,0.104552,-0.059169,0.829162
2021-09-20T00:00:00.000000000,1531,train,2742.8714,4677605.02,0.1705,0.002291,-0.092008,0.007506,0.011968,0.021410,0.075332,0.087781,0.066606,0.034045,-0.113100,0.813512
2021-09-21T00:00:00.000000000,1532,train,2726.9413,5086075.22,0.1865,-0.005808,-0.309279,0.007670,0.011968,0.020695,-0.190971,0.089693,0.066606,0.032908,-0.380178,0.813512
2021-09-22T00:00:00.000000000,1533,train,2700.2993,5038528.41,0.1866,-0.009770,-0.417199,0.007873,0.011968,0.020695,-0.321253,0.092070,0.066606,0.032908,-0.512838,0.813512
2021-09-23T00:00:00.000000000,1534,train,2729.7903,5093762.50,0.1866,0.010921,0.134965,0.008012,0.011968,0.020695,0.359115,0.093696,0.066606,0.032908,0.165905,0.813512
2021-09-24T00:00:00.000000000,1535,train,2739.0905,5112574.87,0.1867,0.003407,-0.061917,0.008001,0.011968,0.017588,0.112027,0.093564,0.066606,0.027967,-0.076111,0.813512
2021-09-27T00:00:00.000000000,1536,train,2750.1707,5130708.04,0.1866,0.004045,-0.007606,0.007509,0.011449,0.017588,0.154107,0.089953,0.028153,0.045115,-0.009115,0.834400
2021-09-28T00:00:00.000000000,1537,train,2725.0093,4513909.64,0.1656,-0.009149,-0.428611,0.007766,0.011449,0.017133,-0.348544,0.093031,0.028153,0.043948,-0.513676,0.834400
2021-09-29T00:00:00.000000000,1538,train,2722.1586,4509669.89,0.1657,-0.001046,-0.170342,0.007775,0.011449,0.016765,-0.039852,0.093139,0.028153,0.043005,-0.204150,0.834400
2021-09-30T00:00:00.000000000,1539,train,2689.2275,4454527.30,0.1656,-0.012097,-0.538843,0.008209,0.012097,0.022160,-0.460866,0.098329,0.029747,0.056843,-0.645785,0.834400
2021-10-01T00:00:00.000000000,1540,train,2708.9519,4487266.72,0.1656,0.007335,0.078899,0.008204,0.012097,0.022160,0.279420,0.098273,0.029747,0.056843,0.094558,0.834400
2021-10-04T00:00:00.000000000,1541,train,2684.6702,4446677.01,0.1656,-0.008963,-0.337361,0.008461,0.012097,0.023817,-0.174243,0.089105,0.054999,0.087569,-0.405916,0.831109
2021-10-05T00:00:00.000000000,1542,train,2704.1593,4568880.39,0.1690,0.007259,-0.072065,0.008096,0.012097,0.023817,0.141117,0.085258,0.054999,0.087569,-0.086710,0.831109
2021-10-06T00:00:00.000000000,1543,train,2719.7413,4593251.60,0.1689,0.005762,-0.095582,0.008019,0.012097,0.023817,0.112014,0.084450,0.054999,0.087569,-0.115005,0.831109
2021-10-07T00:00:00.000000000,1544,train,2739.2116,4625320.52,0.1689,0.007159,-0.073266,0.008048,0.012097,0.023817,0.139163,0.084749,0.054999,0.087569,-0.088154,0.831109
2021-10-08T00:00:00.000000000,1545,train,2700.8146,4564253.70,0.1690,-0.014018,-0.427455,0.008597,0.014018,0.023817,-0.272490,0.090531,0.063728,0.087569,-0.514319,0.831109
2021-10-11T00:00:00.000000000,1546,train,2744.4559,4633670.05,0.1688,0.016159,0.171171,0.008853,0.014018,0.023817,0.431625,0.084243,0.064821,0.074154,0.208407,0.821330
2021-10-12T00:00:00.000000000,1547,train,2732.2379,4882715.91,0.1787,-0.004452,-0.281560,0.008924,0.014018,0.023817,-0.118918,0.084917,0.064821,0.074154,-0.342810,0.821330
2021-10-13T00:00:00.000000000,1548,train,2745.8554,4906174.44,0.1787,0.004984,-0.073761,0.008824,0.014018,0.023817,0.133132,0.083964,0.064821,0.074154,-0.089807,0.821330
2021-10-14T00:00:00.000000000,1549,train,2808.6381,5020288.14,0.1787,0.022865,0.317561,0.008947,0.014018,0.023817,0.610752,0.085134,0.064821,0.074154,0.386643,0.821330
2021-10-18T00:00:00.000000000,1550,train,2834.1007,5067833.87,0.1788,0.009066,0.052914,0.008719,0.014018,0.023817,0.288933,0.115289,0.068073,0.041448,0.064123,0.825192
2021-10-19T00:00:00.000000000,1551,train,2903.0825,5081140.50,0.1750,0.024340,0.447203,0.009398,0.014018,0.023817,0.775729,0.124270,0.068073,0.041448,0.541938,0.825192
2021-10-20T00:00:00.000000000,1552,train,2936.6250,5132696.98,0.1748,0.011554,0.111317,0.009364,0.014018,0.023817,0.368235,0.123817,0.068073,0.041448,0.134898,0.825192
2021-10-21T00:00:00.000000000,1553,train,2845.4739,4972299.41,0.1747,-0.031039,-1.106081,0.011071,0.031039,0.031039,-0.989244,0.146395,0.150736,0.054017,-1.340391,0.825192
2021-10-22T00:00:00.000000000,1554,train,2805.3134,4901384.46,0.1747,-0.014114,-0.684368,0.011418,0.031039,0.044715,-0.449816,0.150976,0.150736,0.077816,-0.829343,0.825192
2021-10-25T00:00:00.000000000,1555,train,2767.9525,4841898.76,0.1749,-0.013318,-0.680634,0.011669,0.031039,0.057438,-0.396200,0.141139,0.207202,0.072851,-0.817392,0.832689
2021-10-26T00:00:00.000000000,1556,train,2760.1448,4619819.35,0.1674,-0.002821,-0.423554,0.011684,0.031039,0.060096,-0.083916,0.141316,0.207202,0.076224,-0.508658,0.832689
2021-10-27T00:00:00.000000000,1557,train,2759.3247,4618262.29,0.1674,-0.000297,-0.361332,0.011684,0.031039,0.060376,-0.008838,0.141316,0.207202,0.076578,-0.433934,0.832689
2021-10-28T00:00:00.000000000,1558,train,2807.3362,4697212.17,0.1673,0.017400,0.073521,0.012035,0.031039,0.060376,0.517631,0.145557,0.207202,0.076578,0.088294,0.832689
2021-10-29T00:00:00.000000000,1559,train,2787.6710,4667049.05,0.1674,-0.007005,-0.530896,0.012021,0.031039,0.060376,-0.208392,0.145396,0.207202,0.076578,-0.637567,0.832689
2021-11-01T00:00:00.000000000,1560,train,2739.4197,4585927.95,0.1674,-0.017309,-0.791680,0.012405,0.031039,0.067154,-0.477454,0.151283,0.106486,0.207311,-0.942534,0.839949
2021-11-02T00:00:00.000000000,1561,train,2754.4763,4412112.69,0.1602,0.005496,-0.263627,0.012437,0.031039,0.067154,0.151611,0.151674,0.106486,0.207311,-0.313860,0.839949
2021-11-03T00:00:00.000000000,1562,train,2783.8700,4455868.90,0.1601,0.010671,-0.144599,0.012522,0.031039,0.067154,0.294360,0.152715,0.106486,0.207311,-0.172152,0.839949
2021-11-04T00:00:00.000000000,1563,train,2795.9838,4480752.82,0.1603,0.004351,-0.289588,0.012382,0.031039,0.067154,0.120032,0.151003,0.106486,0.207311,-0.344769,0.839949
2021-11-08T00:00:00.000000000,1564,train,2802.7862,4489003.24,0.1602,0.002433,-0.262714,0.012254,0.031039,0.067154,0.087863,0.091602,0.118934,0.199960,-0.322633,0.814282
2021-11-09T00:00:00.000000000,1565,train,2815.4967,5231806.91,0.1858,0.004535,-0.200956,0.012263,0.031039,0.067154,0.163776,0.091671,0.118934,0.199960,-0.246789,0.814282
2021-11-10T00:00:00.000000000,1566,train,2845.3215,5288650.57,0.1859,0.010593,-0.023476,0.012373,0.031039,0.067154,0.382558,0.092495,0.118934,0.199960,-0.028830,0.814282
2021-11-11T00:00:00.000000000,1567,train,2832.1913,5264532.90,0.1859,-0.004615,-0.470079,0.012273,0.031039,0.067154,-0.166654,0.091746,0.118934,0.199960,-0.577293,0.814282
2021-11-12T00:00:00.000000000,1568,train,2853.5312,5301769.48,0.1858,0.007535,-0.113048,0.012313,0.031039,0.067154,0.272111,0.092048,0.118934,0.199960,-0.138831,0.814282
2021-11-15T00:00:00.000000000,1569,train,2869.7420,5335901.56,0.1859,0.005681,-0.380704,0.012063,0.031039,0.067154,0.077691,0.221580,0.146973,0.174004,-0.464866,0.818955
2021-11-16T00:00:00.000000000,1570,train,2888.7893,5235629.27,0.1812,0.006637,-0.369856,0.012054,0.031039,0.067154,0.090769,0.221411,0.146973,0.174004,-0.451619,0.818955
2021-11-17T00:00:00.000000000,1571,train,2883.1154,5220467.96,0.1811,-0.001964,-0.463904,0.011902,0.031039,0.067154,-0.026861,0.218621,0.146973,0.174004,-0.566459,0.818955
2021-11-18T00:00:00.000000000,1572,train,2887.7472,5231370.63,0.1812,0.001607,-0.423419,0.011869,0.031039,0.067154,0.021970,0.218017,0.146973,0.174004,-0.517024,0.818955
2021-11-22T00:00:00.000000000,1573,train,2865.7301,5191977.72,0.1812,-0.007624,-0.542998,0.011980,0.031039,0.067154,-0.166468,0.164170,0.088898,0.244699,-0.664234,0.817481
2021-11-23T00:00:00.000000000,1574,train,2854.8625,5211448.88,0.1825,-0.003792,-0.474585,0.011978,0.031039,0.067154,-0.082800,0.164149,0.088898,0.244699,-0.580545,0.817481
2021-11-24T00:00:00.000000000,1575,train,2797.1608,5109467.94,0.1827,-0.020212,-0.771170,0.012293,0.031039,0.067154,-0.441299,0.168454,0.088898,0.244699,-0.943349,0.817481
2021-11-25T00:00:00.000000000,1576,train,2869.0329,5243619.79,0.1828,0.025695,0.042657,0.012787,0.031039,0.067154,0.561013,0.175235,0.088898,0.244699,0.052181,0.817481
2021-11-26T00:00:00.000000000,1577,train,2855.8740,5215133.59,0.1826,-0.004587,-0.497848,0.012790,0.031039,0.067154,-0.100142,0.175264,0.088898,0.244699,-0.609003,0.817481
2021-11-29T00:00:00.000000000,1578,train,2818.5968,5144583.80,0.1825,-0.013053,-0.662128,0.013036,0.031039,0.067154,-0.295212,0.211420,0.132224,0.158800,-0.797657,0.830091
2021-11-30T00:00:00.000000000,1579,train,2710.9681,4607462.16,0.1700,-0.038185,-1.193554,0.014173,0.038185,0.076842,-0.863626,0.229857,0.162665,0.181711,-1.437859,0.830091
2021-12-01T00:00:00.000000000,1580,train,2708.9376,4608501.70,0.1701,-0.000749,-0.490399,0.014048,0.038185,0.077534,-0.016939,0.227827,0.162665,0.183346,-0.590777,0.830091
2021-12-02T00:00:00.000000000,1581,train,2718.3896,4623241.40,0.1701,0.003489,-0.400091,0.013250,0.038185,0.077534,0.078914,0.214887,0.162665,0.183346,-0.481985,0.830091
2021-12-03T00:00:00.000000000,1582,train,2739.2555,4661383.56,0.1702,0.007676,-0.289953,0.013134,0.038185,0.062259,0.173603,0.213015,0.162665,0.147225,-0.349302,0.830091
2021-12-06T00:00:00.000000000,1583,train,2751.9832,4682745.15,0.1702,0.004646,-0.276189,0.012042,0.038185,0.062259,0.133896,0.185514,0.140818,0.136547,-0.328983,0.839526
2021-12-07T00:00:00.000000000,1584,train,2750.4969,4422549.24,0.1608,-0.000540,-0.398466,0.011795,0.038185,0.062259,-0.015563,0.181705,0.140818,0.136547,-0.474632,0.839526
2021-12-08T00:00:00.000000000,1585,train,2749.5612,4416367.80,0.1606,-0.000340,-0.390536,0.011555,0.038185,0.062259,-0.009804,0.178018,0.140818,0.136547,-0.465187,0.839526
2021-12-09T00:00:00.000000000,1586,train,2817.3768,4524407.25,0.1606,0.024664,0.203869,0.012369,0.038185,0.062259,0.710751,0.190548,0.140818,0.136547,0.242838,0.839526
2021-12-10T00:00:00.000000000,1587,train,2855.6858,4584022.82,0.1605,0.013597,-0.066582,0.012579,0.038185,0.062259,0.391839,0.193784,0.140818,0.136547,-0.079309,0.839526
2021-12-13T00:00:00.000000000,1588,train,2832.1122,4548703.38,0.1606,-0.008255,-0.556223,0.012319,0.038185,0.062259,-0.136531,0.189596,0.072412,0.268948,-0.667487,0.833309
2021-12-14T00:00:00.000000000,1589,train,2847.3150,4750635.04,0.1668,0.005368,-0.367866,0.012272,0.038185,0.062259,0.088783,0.188876,0.072412,0.268948,-0.441453,0.833309
2021-12-15T00:00:00.000000000,1590,train,2803.6064,4672949.50,0.1667,-0.015351,-0.652246,0.012181,0.038185,0.062259,-0.253891,0.187468,0.072412,0.268948,-0.782718,0.833309
2021-12-16T00:00:00.000000000,1591,train,2805.5966,4674534.45,0.1666,0.000710,-0.430500,0.012150,0.038185,0.062259,0.011740,0.186996,0.072412,0.268948,-0.516616,0.833309
2021-12-17T00:00:00.000000000,1592,train,2794.4933,4656620.33,0.1666,-0.003958,-0.493321,0.012033,0.038185,0.062259,-0.065455,0.185188,0.072412,0.268948,-0.592002,0.833309
2021-12-20T00:00:00.000000000,1593,train,2772.6426,4620704.21,0.1667,-0.007819,-0.562865,0.012091,0.038185,0.062259,-0.204770,0.195736,0.134115,0.148634,-0.683255,0.823800
2021-12-21T00:00:00.000000000,1594,train,2706.5119,4771762.93,0.1763,-0.023851,-0.919835,0.012800,0.038185,0.063098,-0.624615,0.207207,0.134115,0.150639,-1.116576,0.823800
2021-12-22T00:00:00.000000000,1595,train,2686.8963,4739056.54,0.1764,-0.007248,-0.575020,0.012802,0.038185,0.069888,-0.189798,0.207246,0.134115,0.166850,-0.698009,0.823800
2021-12-23T00:00:00.000000000,1596,train,2721.4239,4796550.95,0.1763,0.012850,-0.142463,0.012879,0.038185,0.069888,0.336525,0.208494,0.134115,0.166850,-0.172934,0.823800
2021-12-24T00:00:00.000000000,1597,train,2754.4749,4856199.84,0.1763,0.012145,-0.160488,0.013089,0.038185,0.069888,0.318047,0.211897,0.134115,0.166850,-0.194814,0.823800
2021-12-27T00:00:00.000000000,1598,train,2747.9594,4845505.33,0.1763,-0.002365,-0.480822,0.012998,0.038185,0.069888,-0.059272,0.142197,0.155138,0.228882,-0.585489,0.821232
2021-12-28T00:00:00.000000000,1599,train,2714.9166,4855607.29,0.1788,-0.012024,-0.680279,0.013076,0.038185,0.069888,-0.301302,0.143041,0.155138,0.228882,-0.828364,0.821232
2021-12-29T00:00:00.000000000,1600,train,2755.3612,4929241.23,0.1789,0.014897,-0.127704,0.013334,0.038185,0.069553,0.373285,0.145868,0.155138,0.227783,-0.155504,0.821232
2021-12-30T00:00:00.000000000,1601,train,2754.4316,4923906.50,0.1788,-0.000337,-0.441211,0.013335,0.038185,0.069553,-0.008453,0.145881,0.155138,0.227783,-0.537256,0.821232
2021-12-31T00:00:00.000000000,1602,train,2753.7532,4928651.63,0.1790,-0.000246,-0.422926,0.013325,0.038185,0.063484,-0.006172,0.145773,0.155138,0.207906,-0.514989,0.821232
2022-01-04T00:00:00.000000000,1604,test,2781.4777,4827057.87,0.1735,0.012040,-0.171370,0.013490,0.038185,0.063484,0.305948,0.175910,0.174452,0.162941,-0.207355,0.826457
2022-01-05T00:00:00.000000000,1605,test,2827.0226,4905839.16,0.1735,0.016374,-0.083949,0.013825,0.038185,0.063484,0.416087,0.180270,0.174452,0.162941,-0.101577,0.826457
2022-01-06T00:00:00.000000000,1606,test,2839.7463,4929824.06,0.1736,0.004501,-0.328010,0.013333,0.038185,0.063484,0.114367,0.173861,0.174452,0.162941,-0.396887,0.826457
2022-01-07T00:00:00.000000000,1607,test,2863.9958,4977562.89,0.1738,0.008539,-0.226082,0.012595,0.038185,0.059168,0.216991,0.164230,0.174452,0.151865,-0.273556,0.826457
2022-01-10T00:00:00.000000000,1608,test,2879.9558,5001289.94,0.1737,0.005573,-0.285915,0.012601,0.038185,0.059106,0.142869,0.164234,0.173622,0.151084,-0.346071,0.826176
2022-01-11T00:00:00.000000000,1609,test,2875.6714,5000269.46,0.1739,-0.001488,-0.432836,0.012357,0.038185,0.059106,-0.038140,0.161058,0.173622,0.151084,-0.523903,0.826176
2022-01-12T00:00:00.000000000,1610,test,2896.7626,5042934.76,0.1741,0.007334,-0.167354,0.010056,0.023851,0.059106,0.188035,0.131068,0.108447,0.151084,-0.202565,0.826176
2022-01-13T00:00:00.000000000,1611,test,2891.6184,5029666.35,0.1739,-0.001776,-0.360449,0.010068,0.023851,0.059106,-0.045528,0.131227,0.108447,0.151084,-0.436286,0.826176
2022-01-14T00:00:00.000000000,1612,test,2910.2397,5056339.03,0.1737,0.006440,-0.186709,0.010094,0.023851,0.059106,0.165099,0.131560,0.108447,0.151084,-0.225992,0.826176
2022-01-17T00:00:00.000000000,1613,test,2932.2740,5092902.56,0.1737,0.007571,-0.162898,0.010092,0.023851,0.059106,0.194016,0.131517,0.108373,0.151271,-0.197144,0.826288
2022-01-18T00:00:00.000000000,1614,test,2932.1401,5098555.75,0.1739,-0.000046,-0.324180,0.010092,0.023851,0.059106,-0.001170,0.131519,0.108373,0.151271,-0.392333,0.826288
2022-01-19T00:00:00.000000000,1615,test,2957.6529,5137464.77,0.1737,0.008701,-0.139533,0.010144,0.023851,0.059106,0.222968,0.132191,0.108373,0.151271,-0.168867,0.826288
2022-01-20T00:00:00.000000000,1616,test,2921.7280,5075471.02,0.1737,-0.012146,-0.584485,0.010472,0.023851,0.059106,-0.311255,0.136463,0.108373,0.151271,-0.707363,0.826288
2022-01-21T00:00:00.000000000,1617,test,2914.0969,5066671.65,0.1739,-0.002612,-0.373508,0.009627,0.023851,0.059106,-0.066929,0.125458,0.108373,0.151271,-0.452031,0.826288
2022-01-24T00:00:00.000000000,1618,test,2883.5584,5009120.82,0.1737,-0.010480,-0.533615,0.009567,0.023851,0.056340,-0.268388,0.124686,0.108217,0.144441,-0.645731,0.826372
2022-01-25T00:00:00.000000000,1619,test,2840.0948,4929274.33,0.1736,-0.015073,-0.633849,0.009847,0.023851,0.056340,-0.386025,0.128343,0.108217,0.144441,-0.767026,0.826372
2022-01-27T00:00:00.000000000,1620,test,2710.7446,6241346.08,0.2302,-0.045544,-1.449015,0.012766,0.045544,0.083481,-1.166416,0.166385,0.206642,0.214023,-1.753466,0.826372
2022-01-28T00:00:00.000000000,1621,test,2701.6099,4687703.55,0.1735,-0.003370,-0.560237,0.012511,0.045544,0.086570,-0.086303,0.163061,0.206642,0.221941,-0.677947,0.826372
2022-01-31T00:00:00.000000000,1622,test,2706.5319,4698690.39,0.1736,0.001822,-0.451105,0.012518,0.045544,0.086570,0.046468,0.163822,0.206073,0.222466,-0.545892,0.826362
2022-02-01T00:00:00.000000000,1623,test,2709.9486,4703714.52,0.1736,0.001262,-0.462840,0.012513,0.045544,0.086570,0.032197,0.163753,0.206073,0.222466,-0.560094,0.826362
2022-02-02T00:00:00.000000000,1624,test,2736.0417,4748895.47,0.1736,0.009629,-0.287256,0.012582,0.045544,0.086570,0.245582,0.164658,0.206073,0.222466,-0.347615,0.826362
2022-02-03T00:00:00.000000000,1625,test,2792.7448,4851879.95,0.1737,0.020724,-0.050803,0.012343,0.045544,0.086570,0.528585,0.161524,0.206073,0.222466,-0.061478,0.826362
2022-02-04T00:00:00.000000000,1626,test,2808.3352,4878409.77,0.1737,0.005582,-0.369106,0.012265,0.045544,0.086570,0.142382,0.160508,0.206073,0.222466,-0.446664,0.826362
2022-02-07T00:00:00.000000000,1627,test,2796.8805,4860182.24,0.1738,-0.004079,-0.570961,0.012124,0.045544,0.086570,-0.104178,0.158625,0.206877,0.221438,-0.691119,0.826140
2022-02-08T00:00:00.000000000,1628,test,2795.4023,4862907.01,0.1740,-0.000529,-0.494163,0.011949,0.045544,0.086570,-0.013499,0.156344,0.206877,0.221438,-0.598159,0.826140
2022-02-09T00:00:00.000000000,1629,test,2800.3848,4869250.74,0.1739,0.001782,-0.445277,0.011938,0.045544,0.086570,0.045525,0.156194,0.206877,0.221438,-0.538985,0.826140
2022-02-10T00:00:00.000000000,1630,test,2807.3028,4884801.32,0.1740,0.002470,-0.428204,0.011701,0.045544,0.086570,0.063097,0.153100,0.206877,0.221438,-0.518318,0.826140
2022-02-11T00:00:00.000000000,1631,test,2837.6621,4936431.48,0.1740,0.010814,-0.250663,0.011565,0.045544,0.086570,0.276214,0.151313,0.206877,0.221438,-0.303414,0.826140
2022-02-14T00:00:00.000000000,1632,test,2841.9745,4947143.40,0.1741,0.001520,-0.446794,0.011562,0.045544,0.086570,0.038810,0.151272,0.206706,0.221630,-0.540798,0.826175
2022-02-15T00:00:00.000000000,1633,test,2773.7463,4824784.50,0.1739,-0.024007,-0.994609,0.012415,0.045544,0.086570,-0.613107,0.162429,0.206706,0.221630,-1.203872,0.826175
2022-02-16T00:00:00.000000000,1634,test,2732.8847,4753305.96,0.1739,-0.014732,-0.799893,0.012507,0.045544,0.086570,-0.376221,0.163632,0.206706,0.221630,-0.968189,0.826175
2022-02-17T00:00:00.000000000,1635,test,2800.2137,4871344.36,0.1740,0.024637,0.025862,0.012958,0.045544,0.086570,0.629180,0.169540,0.206706,0.221630,0.031304,0.826175
2022-02-18T00:00:00.000000000,1636,test,2811.9351,4890979.08,0.1739,0.004186,-0.405592,0.012954,0.045544,0.086570,0.106900,0.169491,0.206706,0.221630,-0.490927,0.826175
2022-02-21T00:00:00.000000000,1637,test,2781.5338,4834420.31,0.1738,-0.010812,-0.722360,0.012983,0.045544,0.086570,-0.275935,0.169894,0.206401,0.222016,-0.874247,0.826265
2022-02-22T00:00:00.000000000,1638,test,2766.4707,4806507.25,0.1737,-0.005415,-0.608214,0.012950,0.045544,0.086570,-0.138214,0.169469,0.206401,0.222016,-0.736101,0.826265
2022-02-23T00:00:00.000000000,1639,test,2705.9523,4699362.16,0.1737,-0.021876,-0.960944,0.013469,0.045544,0.086570,-0.558318,0.176260,0.206401,0.222016,-1.162996,0.826265
2022-02-24T00:00:00.000000000,1640,test,2761.6235,4798153.55,0.1737,0.020574,-0.071212,0.013973,0.045544,0.086570,0.525086,0.182854,0.206401,0.222016,-0.086186,0.826265
2022-02-25T00:00:00.000000000,1641,test,2666.3242,4633822.00,0.1738,-0.034508,-1.271110,0.015179,0.045544,0.098500,-0.880736,0.198629,0.206401,0.252613,-1.538379,0.826265
2022-02-28T00:00:00.000000000,1642,test,2650.6191,4603265.02,0.1737,-0.005890,-0.678093,0.015095,0.045544,0.103810,-0.150027,0.197875,0.206216,0.266517,-0.820635,0.826303
2022-03-02T00:00:00.000000000,1643,test,2659.6699,4624490.25,0.1739,0.003415,-0.481407,0.015017,0.045544,0.103810,0.086972,0.196843,0.206216,0.266517,-0.582604,0.826303
2022-03-03T00:00:00.000000000,1644,test,2697.8213,4683683.40,0.1736,0.014344,-0.254811,0.015334,0.045544,0.103810,0.365363,0.201004,0.206216,0.266517,-0.308375,0.826303
2022-03-04T00:00:00.000000000,1645,test,2721.0901,4729574.18,0.1738,0.008625,-0.351787,0.015332,0.045544,0.092791,0.219686,0.200980,0.206216,0.238227,-0.425736,0.826303
2022-03-07T00:00:00.000000000,1646,test,2645.5089,4597101.07,0.1738,-0.027776,-1.123185,0.015901,0.045544,0.092169,-0.708473,0.208260,0.206598,0.236113,-1.359444,0.826209
2022-03-08T00:00:00.000000000,1647,test,2552.7417,4438921.77,0.1739,-0.035066,-1.335346,0.016898,0.045544,0.114725,-0.894412,0.221324,0.206598,0.293897,-1.616232,0.826209
2022-03-09T00:00:00.000000000,1648,test,2523.9167,4391365.58,0.1740,-0.011292,-0.828501,0.016909,0.045544,0.111914,-0.288015,0.221463,0.206598,0.286697,-1.002774,0.826209
2022-03-10T00:00:00.000000000,1649,test,2554.2238,4441993.64,0.1739,0.012008,-0.338811,0.017031,0.045544,0.111914,0.306283,0.223067,0.206598,0.286697,-0.410079,0.826209
2022-03-11T00:00:00.000000000,1650,test,2629.9400,4571235.87,0.1738,0.029644,0.081622,0.016152,0.035066,0.111914,0.756106,0.211552,0.159066,0.286697,0.098791,0.826209
2022-03-14T00:00:00.000000000,1651,test,2607.2774,4533947.32,0.1739,-0.008617,-0.725260,0.016207,0.035066,0.111914,-0.219201,0.212750,0.159084,0.286768,-0.877803,0.826222
2022-03-15T00:00:00.000000000,1652,test,2621.4658,4558655.99,0.1739,0.005442,-0.430152,0.016241,0.035066,0.111914,0.138428,0.213201,0.159084,0.286768,-0.520626,0.826222
2022-03-16T00:00:00.000000000,1653,test,2659.9474,4627345.06,0.1740,0.014679,-0.238578,0.016478,0.035066,0.111914,0.373411,0.216316,0.159084,0.286768,-0.288758,0.826222
2022-03-17T00:00:00.000000000,1654,test,2664.4141,4630815.53,0.1738,0.001679,-0.510708,0.016377,0.035066,0.111914,0.042716,0.214988,0.159084,0.286768,-0.618124,0.826222
2022-03-21T00:00:00.000000000,1655,test,2722.2072,4729669.95,0.1737,0.021691,-0.089779,0.016420,0.035066,0.111914,0.552255,0.215519,0.159470,0.285945,-0.108680,0.826082
2022-03-22T00:00:00.000000000,1656,test,2747.4317,4781934.01,0.1741,0.009266,-0.351750,0.016480,0.035066,0.111914,0.235921,0.216311,0.159470,0.285945,-0.425805,0.826082
2022-03-23T00:00:00.000000000,1657,test,2708.3067,4713676.64,0.1740,-0.014241,-0.848015,0.016652,0.035066,0.111914,-0.362571,0.218564,0.159470,0.285945,-1.026550,0.826082
2022-03-24T00:00:00.000000000,1658,test,2742.6977,4775572.15,0.1741,0.012698,-0.283366,0.016831,0.035066,0.111914,0.323305,0.220914,0.159470,0.285945,-0.343024,0.826082
2022-03-25T00:00:00.000000000,1659,test,2706.2029,4713344.06,0.1742,-0.013306,-0.831922,0.016980,0.035066,0.111914,-0.338781,0.222873,0.159470,0.285945,-1.007069,0.826082
2022-03-28T00:00:00.000000000,1660,test,2725.4502,4742133.63,0.1740,0.007112,-0.403441,0.017032,0.035066,0.111914,0.180977,0.223586,0.159182,0.286530,-0.488321,0.826180
2022-03-29T00:00:00.000000000,1661,test,2710.7439,4714805.64,0.1739,-0.005396,-0.665078,0.016911,0.035066,0.111914,-0.137302,0.221989,0.159182,0.286530,-0.805003,0.826180
2022-03-30T00:00:00.000000000,1662,test,2728.9143,4751026.13,0.1741,0.006703,-0.391255,0.016966,0.035066,0.102427,0.170565,0.222713,0.159182,0.262240,-0.473570,0.826180
2022-03-31T00:00:00.000000000,1663,test,2753.8767,4791454.30,0.1740,0.009147,-0.335019,0.016519,0.035066,0.102427,0.232761,0.216843,0.159182,0.262240,-0.405503,0.826180
2022-04-01T00:00:00.000000000,1664,test,2746.1815,4774383.34,0.1739,-0.002794,-0.583736,0.016304,0.035066,0.102427,-0.071103,0.214023,0.159182,0.262240,-0.706548,0.826180
2022-04-04T00:00:00.000000000,1665,test,2742.7822,4769654.93,0.1739,-0.001238,-0.543912,0.015665,0.035066,0.102427,-0.031537,0.205390,0.159212,0.262197,-0.658336,0.826192
2022-04-05T00:00:00.000000000,1666,test,2780.2526,4832533.12,0.1738,0.013661,-0.211571,0.015852,0.035066,0.092617,0.348059,0.207843,0.159212,0.237085,-0.256080,0.826192
2022-04-06T00:00:00.000000000,1667,test,2796.3348,4865624.81,0.1740,0.005784,-0.365966,0.015764,0.035066,0.087676,0.147373,0.206678,0.159212,0.224437,-0.442955,0.826192
2022-04-07T00:00:00.000000000,1668,test,2806.7886,4882734.75,0.1740,0.003738,-0.405375,0.015738,0.035066,0.086075,0.095245,0.206350,0.159212,0.220338,-0.490655,0.826192
2022-04-08T00:00:00.000000000,1669,test,2814.1435,4890438.85,0.1738,0.002620,-0.422819,0.015176,0.035066,0.086075,0.066761,0.198978,0.159212,0.220338,-0.511768,0.826192
2022-04-11T00:00:00.000000000,1670,test,2797.2783,4864264.52,0.1739,-0.005993,-0.571226,0.014804,0.035066,0.072461,-0.153043,0.193666,0.159287,0.185395,-0.691392,0.826196
2022-04-12T00:00:00.000000000,1671,test,2805.6291,4878880.53,0.1739,0.002985,-0.365524,0.013298,0.035066,0.072461,0.076236,0.173972,0.159287,0.185395,-0.442419,0.826196
2022-04-13T00:00:00.000000000,1672,test,2826.7739,4915732.52,0.1739,0.007537,-0.269066,0.013258,0.035066,0.072461,0.192462,0.173448,0.159287,0.185395,-0.325669,0.826196
2022-04-18T00:00:00.000000000,1673,test,2803.8649,4877100.71,0.1739,-0.008104,-0.600539,0.013385,0.035066,0.072461,-0.207275,0.174792,0.159154,0.185588,-0.726809,0.826267
2022-04-19T00:00:00.000000000,1674,test,2768.2662,4813533.97,0.1739,-0.012696,-0.697997,0.013423,0.035066,0.072461,-0.324720,0.175299,0.159154,0.185588,-0.844760,0.826267
2022-04-20T00:00:00.000000000,1675,test,2805.1462,4877430.51,0.1739,0.013322,-0.093322,0.013539,0.035066,0.045962,0.340734,0.176807,0.159154,0.117718,-0.112945,0.826267
2022-04-21T00:00:00.000000000,1676,test,2785.5164,4843131.97,0.1739,-0.006998,-0.458476,0.012538,0.035066,0.020698,-0.178975,0.163738,0.159154,0.053011,-0.554877,0.826267
2022-04-22T00:00:00.000000000,1677,test,2786.9962,4844069.76,0.1738,0.000531,-0.199432,0.010514,0.014241,0.020698,0.013587,0.137307,0.064634,0.053011,-0.241365,0.826267
2022-04-25T00:00:00.000000000,1678,test,2792.0407,4855854.09,0.1739,0.001810,-0.167857,0.010179,0.014241,0.020698,0.046588,0.131997,0.064671,0.053025,-0.203105,0.826455
2022-04-26T00:00:00.000000000,1679,test,2766.0687,4804601.97,0.1737,-0.009302,-0.407157,0.010298,0.014241,0.021475,-0.239427,0.133540,0.064671,0.055017,-0.492655,0.826455
2022-04-27T00:00:00.000000000,1680,test,2805.5466,4872876.83,0.1737,0.014272,0.105259,0.009277,0.014241,0.021475,0.367350,0.120300,0.064671,0.055017,0.127363,0.826455
2022-04-28T00:00:00.000000000,1681,test,2791.0031,4844669.10,0.1736,-0.005184,-0.307391,0.009163,0.014241,0.021475,-0.133426,0.118826,0.064671,0.055017,-0.371940,0.826455
2022-04-29T00:00:00.000000000,1682,test,2790.8546,4846121.38,0.1736,-0.000053,-0.198152,0.009154,0.014241,0.021475,-0.001370,0.118704,0.064671,0.055017,-0.239761,0.826455
2022-05-02T00:00:00.000000000,1683,test,2795.9182,4856082.27,0.1737,0.001814,-0.155188,0.008852,0.014241,0.021475,0.046700,0.114779,0.064689,0.055009,-0.187778,0.826440
2022-05-04T00:00:00.000000000,1684,test,2743.8048,4767433.39,0.1738,-0.018639,-0.631207,0.009576,0.018639,0.029351,-0.479751,0.124161,0.084670,0.075184,-0.763767,0.826440
2022-05-05T00:00:00.000000000,1685,test,2775.5441,4815141.99,0.1735,0.011568,0.017480,0.009003,0.018639,0.029351,0.297738,0.116732,0.084670,0.075184,0.021152,0.826440
2022-05-06T00:00:00.000000000,1686,test,2712.7644,4709781.50,0.1736,-0.022619,-0.756199,0.009776,0.022619,0.040332,-0.582186,0.126760,0.102749,0.103312,-0.915007,0.826440
2022-05-09T00:00:00.000000000,1687,test,2673.9832,4645023.16,0.1737,-0.014296,-0.607684,0.009779,0.022619,0.054051,-0.366836,0.127140,0.102521,0.138769,-0.735266,0.826482
2022-05-10T00:00:00.000000000,1688,test,2640.0658,4579574.92,0.1735,-0.012684,-0.598213,0.009709,0.022619,0.066050,-0.325483,0.126229,0.102521,0.169573,-0.723806,0.826482
2022-05-11T00:00:00.000000000,1689,test,2602.5798,4519680.94,0.1737,-0.014199,-0.658885,0.009747,0.022619,0.079311,-0.364349,0.126727,0.102521,0.203619,-0.797216,0.826482
2022-05-12T00:00:00.000000000,1690,test,2574.2162,4466214.87,0.1735,-0.010898,-0.610402,0.009768,0.022619,0.089345,-0.279655,0.126999,0.102521,0.229380,-0.738554,0.826482
2022-05-13T00:00:00.000000000,1691,test,2533.8629,4400115.98,0.1737,-0.015676,-0.745177,0.010062,0.022619,0.103620,-0.402251,0.130823,0.102521,0.266030,-0.901625,0.826482
2022-05-16T00:00:00.000000000,1692,test,2518.6887,4370136.59,0.1735,-0.005989,-0.549664,0.009945,0.022619,0.108988,-0.152377,0.130369,0.102482,0.279919,-0.665147,0.826380
2022-05-17T00:00:00.000000000,1693,test,2497.5635,4342115.07,0.1739,-0.008387,-0.613850,0.009750,0.022619,0.116462,-0.213415,0.127808,0.102482,0.299113,-0.742818,0.826380
2022-05-18T00:00:00.000000000,1694,test,2569.2409,4462187.19,0.1737,0.028699,0.149082,0.011308,0.022619,0.116462,0.730237,0.148238,0.102482,0.299113,0.180404,0.826380
2022-05-19T00:00:00.000000000,1695,test,2643.2807,4592197.86,0.1737,0.028818,0.137563,0.012602,0.022619,0.116462,0.733261,0.165202,0.102482,0.299113,0.166464,0.826380
2022-05-20T00:00:00.000000000,1696,test,2569.0324,4459976.46,0.1736,-0.028089,-1.085786,0.013182,0.028089,0.116462,-0.714729,0.172796,0.127269,0.299113,-1.313906,0.826380
2022-05-23T00:00:00.000000000,1697,test,2621.3760,4552646.08,0.1737,0.020375,-0.072190,0.013737,0.028089,0.116462,0.518373,0.180376,0.127764,0.297620,-0.087386,0.826102
2022-05-24T00:00:00.000000000,1698,test,2621.4811,4559154.11,0.1739,0.000040,-0.499186,0.013701,0.028089,0.116462,0.001020,0.179903,0.127764,0.297620,-0.604267,0.826102
2022-05-25T00:00:00.000000000,1699,test,2623.4363,4567131.96,0.1741,0.000746,-0.484160,0.013684,0.028089,0.116462,0.018976,0.179669,0.127764,0.297620,-0.586078,0.826102
2022-05-26T00:00:00.000000000,1700,test,2605.0392,4534389.72,0.1741,-0.007013,-0.647338,0.013694,0.028089,0.116462,-0.178414,0.179808,0.127764,0.297620,-0.783605,0.826102
2022-05-27T00:00:00.000000000,1701,test,2598.9697,4521972.41,0.1740,-0.002330,-0.548540,0.013659,0.028089,0.116462,-0.059277,0.179350,0.127764,0.297620,-0.664010,0.826102
2022-05-30T00:00:00.000000000,1702,test,2653.7135,4617178.99,0.1740,0.021064,-0.048878,0.014194,0.028089,0.109776,0.535741,0.186394,0.127601,0.280907,-0.059162,0.826163
2022-05-31T00:00:00.000000000,1703,test,2663.3604,4629200.27,0.1738,0.003635,-0.414971,0.014183,0.028089,0.109776,0.092461,0.186240,0.127601,0.280907,-0.502287,0.826163
2022-06-01T00:00:00.000000000,1704,test,2674.6339,4652555.48,0.1740,0.004233,-0.401158,0.014067,0.028089,0.109776,0.107659,0.184717,0.127601,0.280907,-0.485567,0.826163
2022-06-02T00:00:00.000000000,1705,test,2705.2177,4704020.88,0.1739,0.011435,-0.249169,0.014006,0.028089,0.109776,0.290836,0.183925,0.127601,0.280907,-0.301598,0.826163
2022-06-03T00:00:00.000000000,1706,test,2694.2938,4687691.02,0.1740,-0.004038,-0.573958,0.013975,0.028089,0.109776,-0.102706,0.183512,0.127601,0.280907,-0.694727,0.826163
2022-06-06T00:00:00.000000000,1707,test,2717.7044,4725955.11,0.1739,0.008689,-0.307285,0.014081,0.028089,0.109776,0.221219,0.184749,0.127666,0.280752,-0.371947,0.826152
2022-06-07T00:00:00.000000000,1708,test,2662.4076,4629417.87,0.1739,-0.020347,-0.922586,0.014503,0.028089,0.109776,-0.518028,0.190281,0.127666,0.280752,-1.116727,0.826152
2022-06-08T00:00:00.000000000,1709,test,2681.7124,4664564.02,0.1739,0.007251,-0.342176,0.014510,0.028089,0.109776,0.184606,0.190370,0.127666,0.280752,-0.414181,0.826152
2022-06-09T00:00:00.000000000,1710,test,2674.3024,4655193.65,0.1741,-0.002763,-0.543348,0.014234,0.028089,0.106711,-0.070350,0.186759,0.127666,0.272911,-0.657686,0.826152
2022-06-10T00:00:00.000000000,1711,test,2644.6221,4599163.97,0.1739,-0.011098,-0.719647,0.014325,0.028089,0.106711,-0.282561,0.187945,0.127666,0.272911,-0.871083,0.826152
2022-06-13T00:00:00.000000000,1712,test,2638.5197,4589082.60,0.1739,-0.002307,-0.535097,0.014322,0.028089,0.106711,-0.058723,0.187867,0.127385,0.273619,-0.647594,0.826284
2022-06-14T00:00:00.000000000,1713,test,2587.1032,4500784.79,0.1740,-0.019487,-0.886023,0.014651,0.028089,0.100154,-0.495924,0.192184,0.127385,0.256805,-1.072298,0.826284
2022-06-15T00:00:00.000000000,1714,test,2545.7351,4424773.21,0.1738,-0.015990,-0.811518,0.014561,0.028089,0.100154,-0.406935,0.191004,0.127385,0.256805,-0.982129,0.826284
2022-06-16T00:00:00.000000000,1715,test,2563.5576,4453931.75,0.1737,0.007001,-0.282599,0.014438,0.028089,0.079329,0.178168,0.189386,0.127385,0.203409,-0.342011,0.826284
2022-06-17T00:00:00.000000000,1716,test,2588.2806,4496509.15,0.1737,0.009644,-0.195066,0.014100,0.028089,0.065976,0.245432,0.184952,0.127385,0.169171,-0.236076,0.826284
2022-06-20T00:00:00.000000000,1717,test,2489.1412,4325654.08,0.1738,-0.038303,-1.297665,0.015424,0.038303,0.084102,-0.979404,0.201306,0.173489,0.215981,-1.570180,0.826443
2022-06-21T00:00:00.000000000,1718,test,2507.2671,4354963.32,0.1737,0.007282,-0.334001,0.015391,0.038303,0.084102,0.186200,0.200873,0.173489,0.215981,-0.404143,0.826443
2022-06-22T00:00:00.000000000,1719,test,2501.0959,4343672.81,0.1737,-0.002461,-0.537988,0.015214,0.038303,0.084102,-0.062936,0.198562,0.173489,0.215981,-0.650968,0.826443
2022-06-23T00:00:00.000000000,1720,test,2518.2086,4368831.04,0.1735,0.006842,-0.340920,0.015171,0.038303,0.084102,0.174951,0.197995,0.173489,0.215981,-0.412515,0.826443
2022-06-24T00:00:00.000000000,1721,test,2487.1973,4318433.68,0.1736,-0.012315,-0.746188,0.015071,0.038303,0.084817,-0.314888,0.196696,0.173489,0.217818,-0.902891,0.826443
2022-06-27T00:00:00.000000000,1722,test,2517.7006,4372149.53,0.1737,0.012264,-0.228664,0.015205,0.038303,0.084817,0.313180,0.198894,0.173922,0.217126,-0.276761,0.826214
2022-06-28T00:00:00.000000000,1723,test,2557.8527,4450384.16,0.1740,0.015948,-0.152818,0.015379,0.038303,0.084817,0.407250,0.201164,0.173922,0.217126,-0.184962,0.826214
2022-06-29T00:00:00.000000000,1724,test,2524.8585,4386262.75,0.1737,-0.012899,-0.753787,0.014670,0.038303,0.084817,-0.329397,0.191894,0.173922,0.217126,-0.912338,0.826214
2022-06-30T00:00:00.000000000,1725,test,2532.7094,4403705.77,0.1739,0.003109,-0.405000,0.013650,0.038303,0.084817,0.079403,0.178543,0.173922,0.217126,-0.490188,0.826214
2022-07-01T00:00:00.000000000,1726,test,2543.4187,4424879.05,0.1740,0.004228,-0.371562,0.012740,0.038303,0.084817,0.107978,0.166647,0.173922,0.217126,-0.449716,0.826214
2022-07-04T00:00:00.000000000,1727,test,2503.7262,4351403.48,0.1738,-0.015606,-0.786731,0.012432,0.038303,0.084817,-0.398463,0.162615,0.173764,0.217327,-0.952169,0.826251
2022-07-05T00:00:00.000000000,1728,test,2528.8387,4396475.73,0.1739,0.010030,-0.247719,0.012600,0.038303,0.084817,0.256095,0.164815,0.173764,0.217327,-0.299811,0.826251
2022-07-06T00:00:00.000000000,1729,test,2542.2090,4420679.31,0.1739,0.005287,-0.348304,0.012648,0.038303,0.084817,0.134995,0.165451,0.173764,0.217327,-0.421547,0.826251
2022-07-07T00:00:00.000000000,1730,test,2542.4524,4420260.15,0.1739,0.000096,-0.457295,0.012600,0.038303,0.084817,0.002444,0.164811,0.173764,0.217327,-0.553458,0.826251
2022-07-08T00:00:00.000000000,1731,test,2596.1864,4515237.87,0.1739,0.021135,-0.019833,0.013190,0.038303,0.084817,0.539627,0.172540,0.173764,0.217327,-0.024004,0.826251
2022-07-11T00:00:00.000000000,1732,test,2666.9283,4635856.29,0.1738,0.027248,0.105957,0.013560,0.038303,0.084817,0.696461,0.177336,0.174284,0.216576,0.128265,0.826084
2022-07-12T00:00:00.000000000,1733,test,2618.2291,4556120.98,0.1740,-0.018260,-0.859068,0.013943,0.038303,0.084817,-0.466731,0.182337,0.174284,0.216576,-1.039928,0.826084
2022-07-13T00:00:00.000000000,1734,test,2639.2939,4593201.93,0.1740,0.008045,-0.304277,0.014002,0.038303,0.084817,0.205639,0.183116,0.174284,0.216576,-0.368337,0.826084
2022-07-14T00:00:00.000000000,1735,test,2636.8658,4589043.85,0.1740,-0.000920,-0.491721,0.013830,0.038303,0.084817,-0.023515,0.180868,0.174284,0.216576,-0.595244,0.826084
2022-07-15T00:00:00.000000000,1736,test,2657.0278,4622634.89,0.1740,0.007646,-0.311569,0.013897,0.038303,0.084817,0.195434,0.181737,0.174284,0.216576,-0.377164,0.826084
2022-07-18T00:00:00.000000000,1737,test,2637.5317,4590670.48,0.1741,-0.007338,-0.601588,0.013846,0.038303,0.072534,-0.187343,0.181125,0.173727,0.185890,-0.728085,0.826260
2022-07-19T00:00:00.000000000,1738,test,2667.0724,4633808.46,0.1737,0.011200,-0.207027,0.013524,0.038303,0.072534,0.285963,0.176905,0.173727,0.185890,-0.250559,0.826260
2022-07-20T00:00:00.000000000,1739,test,2682.8755,4665500.39,0.1739,0.005925,-0.312637,0.013503,0.038303,0.069964,0.151284,0.176629,0.173727,0.179304,-0.378376,0.826260
2022-07-21T00:00:00.000000000,1740,test,2736.9305,4757386.78,0.1738,0.020148,0.004582,0.013959,0.038303,0.059526,0.514426,0.182598,0.173727,0.152555,0.005546,0.826260
2022-07-22T00:00:00.000000000,1741,test,2712.2751,4714247.04,0.1738,-0.009008,-0.605312,0.013904,0.038303,0.057351,-0.230004,0.181881,0.173727,0.146980,-0.732593,0.826260
2022-07-25T00:00:00.000000000,1742,test,2739.7059,4765177.13,0.1739,0.010114,-0.162700,0.013986,0.038303,0.039054,0.259305,0.182288,0.174082,0.099860,-0.196924,0.826208
2022-07-26T00:00:00.000000000,1743,test,2730.8025,4750721.48,0.1740,-0.003250,-0.440266,0.013474,0.038303,0.039054,-0.083322,0.175612,0.174082,0.099860,-0.532876,0.826208
2022-07-27T00:00:00.000000000,1744,test,2744.2404,4770158.50,0.1738,0.004921,-0.262784,0.013065,0.038303,0.039054,0.126168,0.170288,0.174082,0.099860,-0.318061,0.826208
2022-07-28T00:00:00.000000000,1745,test,2740.4208,4763205.19,0.1738,-0.001392,-0.396428,0.013058,0.038303,0.039054,-0.035686,0.170189,0.174082,0.099860,-0.479817,0.826208
2022-07-29T00:00:00.000000000,1746,test,2793.6106,4857502.11,0.1739,0.019409,0.078815,0.013355,0.038303,0.021161,0.497644,0.174061,0.174082,0.054107,0.095394,0.826208
2022-08-01T00:00:00.000000000,1747,test,2840.7710,4938743.33,0.1739,0.016882,0.125800,0.011219,0.018260,0.021161,0.434870,0.145527,0.082973,0.054123,0.152246,0.826289
2022-08-02T00:00:00.000000000,1748,test,2916.2532,5070628.42,0.1739,0.026571,0.324810,0.011894,0.018260,0.021161,0.684472,0.154280,0.082973,0.054123,0.393095,0.826289
2022-08-03T00:00:00.000000000,1749,test,2921.5401,5076690.94,0.1738,0.001813,-0.201463,0.011827,0.018260,0.021161,0.046701,0.153421,0.082973,0.054123,-0.243816,0.826289
2022-08-04T00:00:00.000000000,1750,test,2940.7940,5112783.12,0.1739,0.006590,-0.099764,0.011826,0.018260,0.021161,0.169767,0.153408,0.082973,0.054123,-0.120737,0.826289
2022-08-05T00:00:00.000000000,1751,test,2974.3140,5169261.14,0.1738,0.011398,0.007029,0.011411,0.018260,0.021161,0.293621,0.148018,0.082973,0.054123,0.008507,0.826289
2022-08-08T00:00:00.000000000,1752,test,2975.3708,5173038.10,0.1739,0.000355,-0.227863,0.011395,0.018260,0.021161,0.009153,0.147731,0.083097,0.054081,-0.275756,0.826318
2022-08-10T00:00:00.000000000,1753,test,2967.7590,5153495.14,0.1736,-0.002558,-0.282966,0.011321,0.018260,0.018260,-0.065901,0.146777,0.083097,0.046668,-0.342442,0.826318
2022-08-11T00:00:00.000000000,1754,test,2992.3874,5202742.59,0.1739,0.008299,-0.046616,0.010831,0.018260,0.018260,0.213772,0.140421,0.083097,0.046668,-0.056414,0.826318
2022-08-12T00:00:00.000000000,1755,test,3052.3266,5298843.88,0.1736,0.020031,0.200051,0.011116,0.018260,0.018260,0.515984,0.144120,0.083097,0.046668,0.242099,0.826318
2022-08-16T00:00:00.000000000,1756,test,3036.6681,5274954.90,0.1737,-0.005130,-0.337443,0.011300,0.018260,0.018260,-0.132147,0.146455,0.083002,0.046730,-0.408335,0.826387
2022-08-17T00:00:00.000000000,1757,test,3053.8783,5303542.11,0.1737,0.005667,-0.099734,0.010566,0.018260,0.018260,0.145991,0.136945,0.083002,0.046730,-0.120687,0.826387
2022-08-18T00:00:00.000000000,1758,test,3055.5146,5303393.79,0.1736,0.000536,-0.209375,0.010604,0.018260,0.018260,0.013803,0.137432,0.083002,0.046730,-0.253362,0.826387
2022-08-19T00:00:00.000000000,1759,test,3066.6102,5326629.26,0.1737,0.003631,-0.143585,0.010613,0.018260,0.018260,0.093542,0.137560,0.083002,0.046730,-0.173751,0.826387
2022-08-22T00:00:00.000000000,1760,test,3095.0359,5376388.34,0.1737,0.009269,-0.023022,0.010561,0.018260,0.018260,0.238762,0.136887,0.082998,0.046735,-0.027858,0.826392
2022-08-23T00:00:00.000000000,1761,test,3027.1956,5257726.12,0.1737,-0.021919,-0.717224,0.011386,0.021919,0.021919,-0.564594,0.147578,0.099627,0.056099,-0.867898,0.826392
2022-08-24T00:00:00.000000000,1762,test,2970.4172,5161311.87,0.1738,-0.018756,-0.688962,0.011411,0.021919,0.040264,-0.483122,0.147900,0.099627,0.103051,-0.833699,0.826392
2022-08-25T00:00:00.000000000,1763,test,3016.8504,5242140.58,0.1738,0.015632,0.049057,0.010848,0.021919,0.040264,0.402648,0.140607,0.099627,0.103051,0.059363,0.826392
2022-08-26T00:00:00.000000000,1764,test,3025.7644,5255902.21,0.1737,0.002955,-0.220660,0.010836,0.021919,0.040264,0.076108,0.140447,0.099627,0.103051,-0.267016,0.826392
2022-08-29T00:00:00.000000000,1765,test,3037.0780,5276894.08,0.1737,0.003739,-0.204102,0.010789,0.021919,0.040264,0.095986,0.140258,0.099459,0.103239,-0.246971,0.826424
2022-08-30T00:00:00.000000000,1766,test,2985.6041,5184779.36,0.1737,-0.016948,-0.650135,0.011454,0.021919,0.040264,-0.435083,0.148903,0.099459,0.103239,-0.786685,0.826424
2022-09-01T00:00:00.000000000,1767,test,3021.7213,5244256.57,0.1736,0.012097,-0.032768,0.011346,0.021919,0.040264,0.310545,0.147496,0.099459,0.103239,-0.039650,0.826424
2022-09-02T00:00:00.000000000,1768,test,3026.6524,5256488.07,0.1737,0.001632,-0.254193,0.011290,0.021919,0.040264,0.041892,0.146775,0.099459,0.103239,-0.307582,0.826424
2022-09-05T00:00:00.000000000,1769,test,3047.0754,5282346.88,0.1734,0.006748,-0.145647,0.011295,0.021919,0.040264,0.173269,0.146843,0.099551,0.103123,-0.176248,0.826374
2022-09-06T00:00:00.000000000,1770,test,3035.1837,5270014.14,0.1736,-0.003903,-0.368393,0.010992,0.021919,0.040264,-0.100213,0.142907,0.099551,0.103123,-0.445795,0.826374
2022-09-07T00:00:00.000000000,1771,test,3090.8549,5366206.71,0.1736,0.018342,0.103013,0.011050,0.021919,0.040264,0.470988,0.143657,0.099551,0.103123,0.124657,0.826374
2022-09-08T00:00:00.000000000,1772,test,3066.3212,5323965.84,0.1736,-0.007938,-0.456395,0.011214,0.021919,0.040264,-0.203821,0.145791,0.099551,0.103123,-0.552286,0.826374
2022-09-09T00:00:00.000000000,1773,test,3093.5442,5370466.69,0.1736,0.008878,-0.099101,0.011170,0.021919,0.040264,0.227973,0.145221,0.099551,0.103123,-0.119923,0.826374
2022-09-12T00:00:00.000000000,1774,test,3094.1194,5374085.24,0.1737,0.000186,-0.283759,0.011193,0.021919,0.040264,0.004776,0.145505,0.099599,0.103063,-0.343391,0.826344
2022-09-13T00:00:00.000000000,1775,test,3093.8520,5371521.95,0.1736,-0.000086,-0.289338,0.011174,0.021919,0.040264,-0.002220,0.145261,0.099599,0.103063,-0.350142,0.826344
2022-09-14T00:00:00.000000000,1776,test,3108.8202,5400678.70,0.1737,0.004838,-0.180904,0.010809,0.021919,0.040264,0.124261,0.140520,0.099599,0.103063,-0.218921,0.826344
2022-09-15T00:00:00.000000000,1777,test,3084.6041,5356391.67,0.1736,-0.007789,-0.447818,0.010708,0.021919,0.040264,-0.200065,0.139200,0.099599,0.103063,-0.541927,0.826344
2022-09-16T00:00:00.000000000,1778,test,3138.6494,5453615.01,0.1738,0.017521,0.095393,0.010147,0.021919,0.040264,0.450009,0.131907,0.099599,0.103063,0.115440,0.826344
2022-09-19T00:00:00.000000000,1779,test,3103.4599,5393699.39,0.1738,-0.011212,-0.517578,0.010442,0.021919,0.040264,-0.287914,0.135739,0.099542,0.103131,-0.626325,0.826372
2022-09-20T00:00:00.000000000,1780,test,3075.8483,5341409.03,0.1737,-0.008897,-0.470023,0.010587,0.021919,0.040264,-0.228474,0.137632,0.099542,0.103131,-0.568778,0.826372
2022-09-21T00:00:00.000000000,1781,test,3084.8917,5355353.60,0.1736,0.002940,-0.217167,0.010433,0.021919,0.040264,0.075502,0.135624,0.099542,0.103131,-0.262795,0.826372
2022-09-22T00:00:00.000000000,1782,test,3090.8885,5369948.48,0.1737,0.001944,-0.238299,0.010432,0.021919,0.040264,0.049919,0.135615,0.099542,0.103131,-0.288368,0.826372
2022-09-23T00:00:00.000000000,1783,test,3071.2212,5337712.52,0.1738,-0.006363,-0.415325,0.010501,0.021919,0.040264,-0.163400,0.136516,0.099542,0.103131,-0.502589,0.826372
2022-09-26T00:00:00.000000000,1784,test,3079.0403,5342312.74,0.1735,0.002546,-0.225451,0.010422,0.021919,0.040264,0.065366,0.135495,0.099499,0.103184,-0.272811,0.826399
2022-09-27T00:00:00.000000000,1785,test,2993.9023,5199194.86,0.1737,-0.027651,-0.906460,0.011018,0.027651,0.046118,-0.709930,0.143247,0.125518,0.118185,-1.096879,0.826399
2022-09-28T00:00:00.000000000,1786,test,2951.5348,5127596.10,0.1737,-0.014151,-0.651202,0.011259,0.027651,0.059616,-0.363330,0.146373,0.125518,0.152777,-0.787999,0.826399
2022-09-29T00:00:00.000000000,1787,test,2885.6191,5011429.10,0.1737,-0.022333,-0.875335,0.011823,0.027651,0.080618,-0.573387,0.153714,0.125518,0.206597,-1.059216,0.826399
2022-09-30T00:00:00.000000000,1788,test,2876.4052,4992382.03,0.1736,-0.003193,-0.475392,0.011818,0.027651,0.083553,-0.081980,0.153639,0.125518,0.214120,-0.575257,0.826399
2022-10-03T00:00:00.000000000,1789,test,2868.2637,4980701.43,0.1736,-0.002830,-0.473331,0.011773,0.027651,0.086147,-0.072200,0.153958,0.125192,0.221389,-0.572740,0.826433
2022-10-04T00:00:00.000000000,1790,test,2923.2600,5074931.81,0.1736,0.019174,-0.014276,0.012219,0.027651,0.086147,0.489101,0.159794,0.125192,0.221389,-0.017274,0.826433
2022-10-06T00:00:00.000000000,1791,test,2949.4119,5119817.59,0.1736,0.008946,-0.225096,0.011775,0.027651,0.086147,0.228202,0.153991,0.125192,0.221389,-0.272371,0.826433
2022-10-07T00:00:00.000000000,1792,test,2983.1971,5177965.56,0.1736,0.011455,-0.169068,0.011485,0.027651,0.086147,0.292196,0.150191,0.125192,0.221389,-0.204575,0.826433
2022-10-10T00:00:00.000000000,1793,test,3026.6709,5258223.09,0.1737,0.014573,-0.101766,0.011439,0.027651,0.086147,0.372295,0.149595,0.125832,0.220052,-0.123184,0.826137
2022-10-11T00:00:00.000000000,1794,test,2986.2667,5195062.22,0.1740,-0.013349,-0.693668,0.011679,0.027651,0.086147,-0.341038,0.152731,0.125832,0.220052,-0.839652,0.826137
2022-10-12T00:00:00.000000000,1795,test,3022.8679,5258960.22,0.1740,0.012256,-0.155388,0.011877,0.027651,0.086147,0.313118,0.155324,0.125832,0.220052,-0.188090,0.826137
2022-10-13T00:00:00.000000000,1796,test,2955.5756,5139948.81,0.1739,-0.022261,-0.886988,0.012163,0.027651,0.086147,-0.568706,0.159068,0.125832,0.220052,-1.073657,0.826137
2022-10-14T00:00:00.000000000,1797,test,2976.3475,5178128.46,0.1740,0.007028,-0.267333,0.012025,0.027651,0.086147,0.179546,0.157257,0.125832,0.220052,-0.323595,0.826137
2022-10-17T00:00:00.000000000,1798,test,2997.5824,5214811.91,0.1740,0.007135,-0.266332,0.012097,0.027651,0.086147,0.182117,0.158226,0.125482,0.220736,-0.322326,0.826283
2022-10-18T00:00:00.000000000,1799,test,2917.8153,5067192.96,0.1737,-0.026610,-0.986848,0.012908,0.027651,0.086147,-0.679261,0.168844,0.125482,0.220736,-1.194322,0.826283
2022-10-19T00:00:00.000000000,1800,test,2923.6102,5082812.81,0.1739,0.001986,-0.383747,0.012913,0.027651,0.086147,0.050696,0.168904,0.125482,0.220736,-0.464426,0.826283
2022-10-20T00:00:00.000000000,1801,test,2937.1296,5106347.92,0.1739,0.004624,-0.323086,0.012449,0.027651,0.086147,0.118038,0.162831,0.125482,0.220736,-0.391011,0.826283
2022-10-21T00:00:00.000000000,1802,test,2878.0999,5001505.36,0.1738,-0.020098,-0.848739,0.012840,0.027651,0.086147,-0.513016,0.167944,0.125482,0.220736,-1.027178,0.826283
2022-10-24T00:00:00.000000000,1803,test,2918.7368,5073596.80,0.1738,0.014119,-0.129217,0.013021,0.027651,0.086147,0.360278,0.170341,0.125406,0.220907,-0.156375,0.826327
2022-10-25T00:00:00.000000000,1804,test,2909.0111,5052619.81,0.1737,-0.003332,-0.497151,0.013018,0.027651,0.086147,-0.085026,0.170301,0.125406,0.220907,-0.601639,0.826327
2022-10-27T00:00:00.000000000,1805,test,2918.4471,5066367.13,0.1736,0.003244,-0.358819,0.013048,0.027651,0.086147,0.082769,0.170690,0.125406,0.220907,-0.434234,0.826327
2022-10-28T00:00:00.000000000,1806,test,2952.0032,5128344.54,0.1737,0.011498,-0.186590,0.013215,0.027651,0.086147,0.293388,0.172883,0.125406,0.220907,-0.225807,0.826327
2022-10-31T00:00:00.000000000,1807,test,2995.8871,5204840.06,0.1737,0.014866,-0.117978,0.013487,0.027651,0.086147,0.379627,0.176402,0.125685,0.220336,-0.142796,0.826202
2022-11-01T00:00:00.000000000,1808,test,2984.6672,5188486.13,0.1738,-0.003745,-0.484058,0.013053,0.027651,0.075785,-0.095639,0.170726,0.125685,0.193834,-0.585884,0.826202
2022-11-02T00:00:00.000000000,1809,test,2988.4761,5199270.07,0.1740,0.001276,-0.368931,0.012938,0.027651,0.072026,0.032590,0.169223,0.125685,0.184219,-0.446539,0.826202
2022-11-03T00:00:00.000000000,1810,test,3020.1006,5249541.28,0.1738,0.010582,-0.173502,0.013023,0.027651,0.072026,0.270235,0.170330,0.125685,0.184219,-0.210000,0.826202
2022-11-04T00:00:00.000000000,1811,test,2993.7498,5204862.47,0.1739,-0.008725,-0.581559,0.013087,0.027651,0.072026,-0.222813,0.171177,0.125685,0.184219,-0.703895,0.826202
2022-11-07T00:00:00.000000000,1812,test,3005.4079,5225376.20,0.1739,0.003894,-0.307687,0.013106,0.027651,0.068455,0.099598,0.171124,0.125552,0.175296,-0.372374,0.826285
2022-11-09T00:00:00.000000000,1813,test,3063.6330,5326769.47,0.1739,0.019373,0.014633,0.013552,0.027651,0.068455,0.495499,0.176942,0.125552,0.175296,0.017709,0.826285
2022-11-10T00:00:00.000000000,1814,test,3068.7753,5330233.15,0.1737,0.001679,-0.318289,0.013547,0.027651,0.049087,0.042930,0.176883,0.125552,0.125699,-0.385204,0.826285
2022-11-11T00:00:00.000000000,1815,test,3031.4170,5270611.33,0.1739,-0.012174,-0.598600,0.012757,0.026610,0.049087,-0.311357,0.166563,0.120828,0.125699,-0.724447,0.826285
2022-11-14T00:00:00.000000000,1816,test,3056.2542,5313678.25,0.1739,0.008193,-0.164788,0.012530,0.026610,0.049087,0.210208,0.163108,0.120898,0.125630,-0.199427,0.826308
2022-11-15T00:00:00.000000000,1817,test,3070.2497,5328163.71,0.1735,0.004579,-0.233006,0.011749,0.026610,0.049087,0.117487,0.152944,0.120898,0.125630,-0.281985,0.826308
2022-11-16T00:00:00.000000000,1818,test,3070.0256,5333832.26,0.1737,-0.000073,-0.331269,0.011715,0.026610,0.049087,-0.001873,0.152503,0.120898,0.125630,-0.400903,0.826308
2022-11-17T00:00:00.000000000,1819,test,3073.0346,5336054.77,0.1736,0.000980,-0.308566,0.011680,0.026610,0.049087,0.025146,0.152046,0.120898,0.125630,-0.373427,0.826308
2022-11-18T00:00:00.000000000,1820,test,3039.5877,5281914.53,0.1738,-0.010884,-0.557966,0.011483,0.026610,0.049087,-0.279241,0.149483,0.120898,0.125630,-0.675252,0.826308
2022-11-21T00:00:00.000000000,1821,test,3048.9552,5299095.85,0.1738,0.003082,-0.261073,0.011402,0.026610,0.049087,0.079046,0.148422,0.120798,0.125760,-0.315934,0.826353
2022-11-22T00:00:00.000000000,1822,test,3058.2947,5310602.58,0.1736,0.003063,-0.259814,0.011249,0.026610,0.049087,0.078569,0.146420,0.120798,0.125760,-0.314410,0.826353
2022-11-23T00:00:00.000000000,1823,test,3013.5013,5232951.28,0.1737,-0.014647,-0.633057,0.011287,0.026610,0.047891,-0.375674,0.146918,0.120798,0.122695,-0.766085,0.826353
2022-11-24T00:00:00.000000000,1824,test,3047.1106,5293900.96,0.1737,0.011153,-0.085113,0.011183,0.026610,0.047891,0.286065,0.145570,0.120798,0.122695,-0.102998,0.826353
2022-11-25T00:00:00.000000000,1825,test,3068.9044,5334844.82,0.1738,0.007152,-0.151414,0.011045,0.026610,0.039860,0.183451,0.143765,0.120798,0.102119,-0.183232,0.826353
2022-11-28T00:00:00.000000000,1826,test,3074.6961,5337692.15,0.1736,0.001887,-0.253731,0.010199,0.026610,0.039860,0.048471,0.132600,0.120848,0.102072,-0.307050,0.826349
2022-11-29T00:00:00.000000000,1827,test,3054.0033,5305561.98,0.1737,-0.006730,-0.437098,0.010244,0.026610,0.039860,-0.172851,0.133179,0.120848,0.102072,-0.528950,0.826349
2022-11-30T00:00:00.000000000,1828,test,3048.4975,5296852.53,0.1738,-0.001803,-0.290110,0.010188,0.026610,0.020098,-0.046302,0.132457,0.120848,0.051466,-0.351074,0.826349
2022-12-01T00:00:00.000000000,1829,test,3086.8750,5363261.06,0.1737,0.012589,0.051845,0.009065,0.020098,0.020098,0.323328,0.117850,0.091271,0.051466,0.062740,0.826349
2022-12-02T00:00:00.000000000,1830,test,3119.6168,5410722.15,0.1734,0.010607,0.008346,0.009198,0.020098,0.020098,0.272419,0.119582,0.091271,0.051466,0.010100,0.826349
2022-12-05T00:00:00.000000000,1831,test,3107.3772,5400422.48,0.1738,-0.003923,-0.299053,0.009251,0.020098,0.019373,-0.101024,0.119943,0.091298,0.049607,-0.361873,0.826405
2022-12-06T00:00:00.000000000,1832,test,3110.2334,5402265.05,0.1737,0.000919,-0.165398,0.008304,0.014647,0.019373,0.023668,0.107668,0.066535,0.049607,-0.200142,0.826405
2022-12-07T00:00:00.000000000,1833,test,3116.1804,5411401.90,0.1737,0.001912,-0.141283,0.008025,0.014647,0.019373,0.049234,0.104052,0.066535,0.049607,-0.170961,0.826405
2022-12-08T00:00:00.000000000,1834,test,3113.5762,5404939.82,0.1736,-0.000836,-0.199268,0.007980,0.014647,0.019373,-0.021518,0.103467,0.066535,0.049607,-0.241127,0.826405
2022-12-09T00:00:00.000000000,1835,test,3101.5108,5386791.31,0.1737,-0.003875,-0.264736,0.008054,0.014647,0.019373,-0.099780,0.104425,0.066535,0.049607,-0.320347,0.826405
2022-12-12T00:00:00.000000000,1836,test,3117.5189,5414054.65,0.1737,0.005161,-0.070639,0.007885,0.014647,0.019373,0.132893,0.102210,0.066533,0.049624,-0.085474,0.826438
2022-12-13T00:00:00.000000000,1837,test,3072.3454,5333948.23,0.1736,-0.014490,-0.490346,0.008030,0.014647,0.019373,-0.373086,0.104081,0.066533,0.049624,-0.593324,0.826438
2022-12-14T00:00:00.000000000,1838,test,3096.4252,5376635.19,0.1736,0.007838,-0.015743,0.008077,0.014647,0.019373,0.201798,0.104690,0.066533,0.049624,-0.019049,0.826438
2022-12-15T00:00:00.000000000,1839,test,3103.8931,5386900.31,0.1736,0.002412,-0.131225,0.008079,0.014647,0.019373,0.062097,0.104725,0.066533,0.049624,-0.158784,0.826438
2022-12-16T00:00:00.000000000,1840,test,3113.3138,5403314.44,0.1736,0.003035,-0.116060,0.007902,0.014647,0.019373,0.078147,0.102424,0.066533,0.049624,-0.140434,0.826438
2022-12-19T00:00:00.000000000,1841,test,3073.5699,5333137.74,0.1735,-0.012766,-0.454344,0.008099,0.014647,0.019373,-0.328594,0.104988,0.066485,0.049666,-0.549734,0.826480
2022-12-20T00:00:00.000000000,1842,test,3061.0112,5310450.99,0.1735,-0.004086,-0.270000,0.008128,0.014647,0.019373,-0.105176,0.105360,0.066485,0.049666,-0.326687,0.826480
2022-12-21T00:00:00.000000000,1843,test,3074.7745,11157967.98,0.3629,0.004496,-0.079520,0.007390,0.014647,0.019373,0.115736,0.095800,0.066485,0.049666,-0.096215,0.826480
2022-12-22T00:00:00.000000000,1844,test,3087.6252,5357923.02,0.1735,0.004179,-0.086592,0.007421,0.014647,0.019373,0.107579,0.096199,0.066485,0.049666,-0.104772,0.826480
2022-12-23T00:00:00.000000000,1845,test,3038.0286,5263867.65,0.1733,-0.016063,-0.539536,0.007667,0.016063,0.026153,-0.413466,0.099382,0.072915,0.067049,-0.652812,0.826480
2022-12-26T00:00:00.000000000,1846,test,2984.5703,5178901.02,0.1735,-0.017596,-0.619018,0.008142,0.017596,0.043289,-0.452430,0.105649,0.079822,0.111064,-0.748965,0.826498
2022-12-27T00:00:00.000000000,1847,test,2966.9519,5145193.04,0.1734,-0.005903,-0.382382,0.008131,0.017596,0.048937,-0.151779,0.105498,0.079822,0.125554,-0.462653,0.826498
2022-12-28T00:00:00.000000000,1848,test,3016.2445,5227980.83,0.1733,0.016614,0.089679,0.008731,0.017596,0.048937,0.427169,0.113288,0.079822,0.125554,0.108505,0.826498
2022-12-29T00:00:00.000000000,1849,test,3043.8658,5282433.66,0.1735,0.009158,-0.070591,0.008901,0.017596,0.048937,0.235454,0.115488,0.079822,0.125554,-0.085410,0.826498
2022-12-30T00:00:00.000000000,1850,test,3038.4270,5274500.85,0.1736,-0.001787,-0.300867,0.008686,0.017596,0.048937,-0.045942,0.112709,0.079822,0.125554,-0.364027,0.826498
2023-01-02T00:00:00.000000000,1851,test,3082.5146,5354841.68,0.1737,0.014510,0.040762,0.009055,0.017596,0.048937,0.372338,0.117815,0.080031,0.125161,0.049331,0.826297
2023-01-03T00:00:00.000000000,1852,test,3056.7384,5309553.04,0.1737,-0.008362,-0.445492,0.009175,0.017596,0.048937,-0.214577,0.119372,0.080031,0.125161,-0.539142,0.826297
2023-01-04T00:00:00.000000000,1853,test,3057.3757,5312482.62,0.1738,0.000208,-0.259319,0.008761,0.017596,0.048937,0.005350,0.113990,0.080031,0.125161,-0.313833,0.826297
2023-01-05T00:00:00.000000000,1854,test,3057.9782,5314321.24,0.1738,0.000197,-0.257138,0.008536,0.017596,0.048937,0.005057,0.111058,0.080031,0.125161,-0.311193,0.826297
2023-01-06T00:00:00.000000000,1855,test,3028.7132,12946655.24,0.4275,-0.009570,-0.464993,0.008606,0.017596,0.048937,-0.245574,0.111976,0.080031,0.125161,-0.562743,0.826297
2023-01-09T00:00:00.000000000,1856,test,3007.5181,5221332.27,0.1736,-0.006998,-0.411288,0.008675,0.017596,0.048937,-0.179433,0.112897,0.079833,0.125506,-0.497669,0.826429
2023-01-10T00:00:00.000000000,1857,test,3003.9925,5217802.97,0.1737,-0.001172,-0.287068,0.008603,0.017596,0.048937,-0.030057,0.111964,0.079833,0.125506,-0.347360,0.826429
2023-01-11T00:00:00.000000000,1858,test,3004.7476,5217496.64,0.1736,0.000251,-0.256877,0.008601,0.017596,0.048937,0.006445,0.111933,0.079833,0.125506,-0.310827,0.826429
2023-01-12T00:00:00.000000000,1859,test,2998.7597,5207354.47,0.1737,-0.001993,-0.300718,0.008256,0.017596,0.048937,-0.051096,0.107440,0.079833,0.125506,-0.363876,0.826429
2023-01-13T00:00:00.000000000,1860,test,3005.1659,5221089.33,0.1737,0.002136,-0.209084,0.007997,0.017596,0.048297,0.054775,0.104074,0.079833,0.123865,-0.252997,0.826429
2023-01-16T00:00:00.000000000,1861,test,3012.3942,5230014.87,0.1736,0.002405,-0.203382,0.008006,0.017596,0.048297,0.061698,0.104178,0.079920,0.123713,-0.246114,0.826373
2023-01-17T00:00:00.000000000,1862,test,2961.6814,5143036.78,0.1737,-0.016835,-0.619934,0.008484,0.017596,0.049988,-0.431825,0.110398,0.079920,0.128044,-0.750187,0.826373
2023-01-18T00:00:00.000000000,1863,test,2946.8620,5121839.31,0.1738,-0.005004,-0.379165,0.008480,0.017596,0.054741,-0.128350,0.110340,0.079920,0.140220,-0.458830,0.826373
2023-01-19T00:00:00.000000000,1864,test,2953.7329,5131132.92,0.1737,0.002332,-0.224014,0.008511,0.017596,0.054741,0.059807,0.110747,0.079920,0.140220,-0.271081,0.826373
2023-01-20T00:00:00.000000000,1865,test,2948.2498,5117091.20,0.1736,-0.001856,-0.312685,0.008502,0.017596,0.054741,-0.047616,0.110626,0.079920,0.140220,-0.378383,0.826373
2023-01-23T00:00:00.000000000,1866,test,2950.8067,5125919.54,0.1737,0.000867,-0.251558,0.008421,0.017596,0.053464,0.022221,0.109682,0.079849,0.137089,-0.304399,0.826409
2023-01-24T00:00:00.000000000,1867,test,2916.1589,5066600.56,0.1737,-0.011742,-0.538099,0.008297,0.017596,0.063326,-0.300844,0.108059,0.079849,0.162376,-0.651129,0.826409
2023-01-25T00:00:00.000000000,1868,test,2913.7980,5058007.00,0.1736,-0.000810,-0.306200,0.008109,0.017596,0.064085,-0.020743,0.105606,0.079849,0.164321,-0.370519,0.826409
2023-01-27T00:00:00.000000000,1869,test,2892.2590,5023287.96,0.1737,-0.007392,-0.460382,0.008122,0.017596,0.071003,-0.189396,0.105782,0.079849,0.182060,-0.557088,0.826409
2023-01-30T00:00:00.000000000,1870,test,2868.2083,4978298.96,0.1736,-0.008316,-0.479942,0.008128,0.017596,0.071063,-0.212581,0.106087,0.079828,0.182272,-0.580768,0.826392
2023-01-31T00:00:00.000000000,1871,test,2835.2726,4918994.40,0.1735,-0.011483,-0.568931,0.008078,0.017596,0.081730,-0.293555,0.105437,0.079828,0.209632,-0.688451,0.826392
2023-02-01T00:00:00.000000000,1872,test,2859.8575,4967364.01,0.1737,0.008671,-0.145800,0.008324,0.017596,0.081730,0.221670,0.108640,0.079828,0.209632,-0.176430,0.826392
2023-02-02T00:00:00.000000000,1873,test,2877.0734,4997098.10,0.1737,0.006020,-0.202300,0.008369,0.017596,0.081730,0.153893,0.109233,0.079828,0.209632,-0.244799,0.826392
2023-02-03T00:00:00.000000000,1874,test,2852.9317,4952336.77,0.1736,-0.008391,-0.503367,0.008355,0.017596,0.080208,-0.214511,0.109049,0.079828,0.205727,-0.609114,0.826392
2023-02-06T00:00:00.000000000,1875,test,2868.1114,4978531.62,0.1736,0.005321,-0.210757,0.008084,0.017596,0.080208,0.135918,0.105624,0.079922,0.205432,-0.255059,0.826306
2023-02-07T00:00:00.000000000,1876,test,2883.0803,5010502.15,0.1738,0.005219,-0.205149,0.007630,0.016835,0.080208,0.133320,0.099698,0.076462,0.205432,-0.248272,0.826306
2023-02-08T00:00:00.000000000,1877,test,2868.8932,4987786.42,0.1739,-0.004921,-0.418981,0.007612,0.016835,0.080208,-0.125702,0.099457,0.076462,0.205432,-0.507053,0.826306
2023-02-09T00:00:00.000000000,1878,test,2870.1445,4983949.04,0.1736,0.000436,-0.297960,0.006876,0.016835,0.080208,0.011142,0.089841,0.076462,0.205432,-0.360593,0.826306
2023-02-10T00:00:00.000000000,1879,test,2908.0286,5052102.61,0.1737,0.013199,-0.031204,0.007121,0.016835,0.080208,0.337177,0.093046,0.076462,0.205432,-0.037763,0.826306
2023-02-13T00:00:00.000000000,1880,test,2900.8467,5042089.29,0.1738,-0.002470,-0.361899,0.007123,0.016835,0.080208,-0.063102,0.093064,0.076494,0.205325,-0.437986,0.826279
2023-02-14T00:00:00.000000000,1881,test,2888.2590,5017001.19,0.1737,-0.004339,-0.378863,0.006484,0.016835,0.072828,-0.110873,0.084718,0.076494,0.186433,-0.458517,0.826279
2023-02-15T00:00:00.000000000,1882,test,2874.7924,4996273.07,0.1738,-0.004663,-0.384772,0.006399,0.016835,0.072828,-0.119132,0.083610,0.076494,0.186433,-0.465669,0.826279
2023-02-16T00:00:00.000000000,1883,test,2867.0244,4979706.09,0.1737,-0.002702,-0.343249,0.006387,0.016835,0.072828,-0.069042,0.083447,0.076494,0.186433,-0.415415,0.826279
2023-02-17T00:00:00.000000000,1884,test,2893.9303,5029317.62,0.1738,0.009385,-0.072536,0.006703,0.016835,0.063869,0.239785,0.087578,0.076494,0.163499,-0.087786,0.826279
2023-02-20T00:00:00.000000000,1885,test,2891.8179,5027183.53,0.1738,-0.000730,-0.273640,0.006548,0.016835,0.058798,-0.018686,0.085379,0.076442,0.150637,-0.331144,0.826349
2023-02-21T00:00:00.000000000,1886,test,2898.9281,5035284.04,0.1737,0.002459,-0.205715,0.006504,0.016835,0.058798,0.062941,0.084807,0.076442,0.150637,-0.248945,0.826349
2023-02-22T00:00:00.000000000,1887,test,2902.5449,5044874.48,0.1738,0.001248,-0.231494,0.006519,0.016835,0.058798,0.031939,0.085001,0.076442,0.150637,-0.280141,0.826349
2023-02-23T00:00:00.000000000,1888,test,2884.2386,5011106.00,0.1737,-0.006307,-0.391951,0.006579,0.016835,0.058798,-0.161455,0.085782,0.076442,0.150637,-0.474316,0.826349
2023-02-24T00:00:00.000000000,1889,test,2822.8828,4905267.33,0.1738,-0.021273,-0.743711,0.007490,0.021273,0.062911,-0.544570,0.097658,0.096594,0.161175,-0.899997,0.826349
2023-02-27T00:00:00.000000000,1890,test,2814.6841,4889706.56,0.1737,-0.002904,-0.360587,0.007452,0.021273,0.065632,-0.074333,0.097166,0.096484,0.168354,-0.436336,0.826396
2023-02-28T00:00:00.000000000,1891,test,2762.5846,4797933.22,0.1737,-0.018510,-0.699434,0.007954,0.021273,0.067224,-0.473728,0.103717,0.096484,0.172437,-0.846366,0.826396
2023-03-01T00:00:00.000000000,1892,test,2764.9339,4801970.79,0.1737,0.000850,-0.280183,0.007541,0.021273,0.064714,0.021764,0.098323,0.096484,0.165999,-0.339042,0.826396
2023-03-02T00:00:00.000000000,1893,test,2784.2435,4834926.78,0.1737,0.006984,-0.152184,0.007701,0.021273,0.064714,0.178737,0.100408,0.096484,0.165999,-0.184154,0.826396
2023-03-03T00:00:00.000000000,1894,test,2813.9639,4889229.33,0.1737,0.010675,-0.075299,0.007992,0.021273,0.063787,0.273195,0.104209,0.096484,0.163620,-0.091117,0.826396
2023-03-06T00:00:00.000000000,1895,test,2833.1528,4921936.57,0.1737,0.006819,-0.158180,0.008133,0.021273,0.063787,0.174588,0.106044,0.096622,0.163350,-0.191428,0.826317
2023-03-08T00:00:00.000000000,1896,test,2858.3380,4967740.24,0.1738,0.008889,-0.092956,0.008329,0.021273,0.052663,0.227594,0.108602,0.096622,0.134864,-0.112494,0.826317
2023-03-09T00:00:00.000000000,1897,test,2842.8188,4941580.48,0.1738,-0.005429,-0.392150,0.008133,0.021273,0.051896,-0.139008,0.106047,0.096622,0.132899,-0.474576,0.826317
2023-03-10T00:00:00.000000000,1898,test,2858.3384,4970803.95,0.1739,0.005459,-0.158646,0.008211,0.021273,0.050015,0.139771,0.107059,0.096622,0.128082,-0.191992,0.826317
2023-03-13T00:00:00.000000000,1899,test,2820.1976,4900331.72,0.1738,-0.013344,-0.559283,0.008441,0.021273,0.050015,-0.342195,0.109871,0.096571,0.128156,-0.676794,0.826372
2023-03-14T00:00:00.000000000,1900,test,2855.0433,4960830.88,0.1738,0.012356,-0.016811,0.008641,0.021273,0.050015,0.316860,0.112476,0.096571,0.128156,-0.020343,0.826372
2023-03-15T00:00:00.000000000,1901,test,2838.0756,4931394.26,0.1738,-0.005943,-0.402581,0.008453,0.021273,0.050015,-0.152408,0.110032,0.096571,0.128156,-0.487167,0.826372
2023-03-16T00:00:00.000000000,1902,test,2817.1549,4891725.16,0.1736,-0.007371,-0.432272,0.008399,0.021273,0.050015,-0.189038,0.109331,0.096571,0.128156,-0.523097,0.826372
2023-03-17T00:00:00.000000000,1903,test,2810.6467,4882603.11,0.1737,-0.002310,-0.324136,0.008318,0.021273,0.050015,-0.059245,0.108268,0.096571,0.128156,-0.392240,0.826372
2023-03-20T00:00:00.000000000,1904,test,2821.2984,4900570.67,0.1737,0.003790,-0.193919,0.008231,0.021273,0.050015,0.097193,0.107139,0.096594,0.128127,-0.234667,0.826361
2023-03-21T00:00:00.000000000,1905,test,2806.6287,4875476.53,0.1737,-0.005200,-0.384169,0.008207,0.021273,0.050015,-0.133351,0.106820,0.096594,0.128127,-0.464892,0.826361
2023-03-22T00:00:00.000000000,1906,test,2798.3003,4860224.93,0.1737,-0.002967,-0.336161,0.008142,0.021273,0.050015,-0.076103,0.105973,0.096594,0.128127,-0.406797,0.826361
2023-03-23T00:00:00.000000000,1907,test,2826.1130,4911958.93,0.1738,0.009939,-0.064716,0.008335,0.021273,0.050015,0.254902,0.108495,0.096594,0.128127,-0.078314,0.826361
2023-03-24T00:00:00.000000000,1908,test,2816.7428,4893367.59,0.1737,-0.003316,-0.345771,0.008349,0.021273,0.050015,-0.085032,0.108672,0.096594,0.128127,-0.418426,0.826361
2023-03-27T00:00:00.000000000,1909,test,2821.4587,4903357.28,0.1738,0.001674,-0.232058,0.007962,0.021273,0.048220,0.042937,0.103632,0.096593,0.123531,-0.280819,0.826361
2023-03-28T00:00:00.000000000,1910,test,2797.7606,4859697.50,0.1737,-0.008399,-0.446701,0.008069,0.021273,0.048220,-0.215408,0.105032,0.096593,0.123531,-0.540564,0.826361
2023-03-29T00:00:00.000000000,1911,test,2774.3343,4820314.49,0.1737,-0.008373,-0.447063,0.008154,0.021273,0.048220,-0.214742,0.106136,0.096593,0.123531,-0.541002,0.826361
2023-03-31T00:00:00.000000000,1912,test,2747.0397,4771779.73,0.1737,-0.009838,-0.490772,0.008277,0.021273,0.053575,-0.252314,0.107737,0.096593,0.137251,-0.593895,0.826361
2023-04-03T00:00:00.000000000,1913,test,2815.3523,4886884.99,0.1736,0.024868,0.231003,0.009527,0.021273,0.053575,0.637450,0.124057,0.096585,0.137264,0.279544,0.826358
2023-04-05T00:00:00.000000000,1914,test,2845.1462,4939899.88,0.1736,0.010583,-0.072064,0.009571,0.021273,0.053575,0.271272,0.124630,0.096585,0.137264,-0.087207,0.826358
2023-04-06T00:00:00.000000000,1915,test,2855.2688,4963652.93,0.1738,0.003558,-0.221167,0.009598,0.021273,0.053575,0.091200,0.124992,0.096585,0.137264,-0.267640,0.826358
2023-04-10T00:00:00.000000000,1916,test,2865.5841,4978923.58,0.1737,0.003613,-0.220064,0.009612,0.021273,0.053575,0.092635,0.125165,0.096671,0.137120,-0.266321,0.826311
2023-04-11T00:00:00.000000000,1917,test,2869.5686,4986986.44,0.1738,0.001390,-0.254454,0.009613,0.021273,0.047568,0.035653,0.125176,0.096671,0.121746,-0.307939,0.826311
2023-04-12T00:00:00.000000000,1918,test,2881.4616,5721315.21,0.1986,0.004145,-0.177491,0.009579,0.021273,0.038938,0.106270,0.124740,0.096671,0.099658,-0.214799,0.826311
2023-04-13T00:00:00.000000000,1919,test,2896.9613,5032056.32,0.1737,0.005379,-0.132198,0.008765,0.018510,0.038938,0.137927,0.114140,0.084115,0.099658,-0.159986,0.826311
2023-04-17T00:00:00.000000000,1920,test,2899.5395,5039412.09,0.1738,0.000890,-0.226818,0.008737,0.018510,0.038938,0.022861,0.113550,0.084098,0.099691,-0.274478,0.826364
2023-04-18T00:00:00.000000000,1921,test,2925.4901,5083645.48,0.1738,0.008950,-0.028995,0.008054,0.013344,0.038938,0.229900,0.104670,0.060626,0.099691,-0.035088,0.826364
2023-04-19T00:00:00.000000000,1922,test,2940.8525,5109702.52,0.1737,0.005251,-0.107710,0.008073,0.013344,0.038938,0.134890,0.104915,0.060626,0.099691,-0.130342,0.826364
2023-04-20T00:00:00.000000000,1923,test,2924.4297,5081867.09,0.1738,-0.005584,-0.338374,0.008134,0.013344,0.038938,-0.143448,0.105709,0.060626,0.099691,-0.409474,0.826364
2023-04-21T00:00:00.000000000,1924,test,2931.8519,5091406.42,0.1737,0.002538,-0.164124,0.007963,0.013344,0.038938,0.065195,0.103488,0.060626,0.099691,-0.198610,0.826364
2023-04-24T00:00:00.000000000,1925,test,2935.3316,5097205.17,0.1737,0.001187,-0.192121,0.007899,0.013344,0.038938,0.030486,0.102644,0.060644,0.099684,-0.232485,0.826377
2023-04-25T00:00:00.000000000,1926,test,2932.1588,5093595.54,0.1737,-0.001081,-0.238957,0.007778,0.013344,0.038938,-0.027765,0.101069,0.060644,0.099684,-0.289162,0.826377
2023-04-26T00:00:00.000000000,1927,test,2934.0710,5096055.88,0.1737,0.000652,-0.201221,0.007689,0.013344,0.038938,0.016752,0.099921,0.060644,0.099684,-0.243497,0.826377
2023-04-27T00:00:00.000000000,1928,test,2956.4389,5132049.15,0.1736,0.007624,-0.051440,0.007740,0.013344,0.037829,0.195820,0.100580,0.060644,0.096845,-0.062248,0.826377
2023-04-28T00:00:00.000000000,1929,test,2961.2844,5142514.28,0.1737,0.001639,-0.160116,0.007257,0.009838,0.037829,0.042099,0.094299,0.044712,0.096845,-0.193757,0.826377
2023-05-02T00:00:00.000000000,1930,test,3004.3555,5216160.30,0.1736,0.014545,0.124867,0.007374,0.009838,0.032077,0.373712,0.095797,0.044740,0.082071,0.151104,0.826362
2023-05-03T00:00:00.000000000,1931,test,3024.9791,5252257.76,0.1736,0.006865,-0.028615,0.007288,0.009838,0.027980,0.176377,0.094677,0.044740,0.071588,-0.034628,0.826362
2023-05-04T00:00:00.000000000,1932,test,3022.3200,5245586.85,0.1736,-0.000879,-0.190967,0.007096,0.009838,0.027980,-0.022586,0.092180,0.044740,0.071588,-0.231094,0.826362
2023-05-05T00:00:00.000000000,1933,test,3025.3319,5252309.45,0.1736,0.000997,-0.150627,0.007048,0.009838,0.027980,0.025606,0.091555,0.044740,0.071588,-0.182278,0.826362
2023-05-08T00:00:00.000000000,1934,test,3071.2165,5330439.19,0.1736,0.015167,0.146918,0.007405,0.009838,0.027980,0.390189,0.096074,0.044735,0.071596,0.177783,0.826386
2023-05-09T00:00:00.000000000,1935,test,3087.4205,5360708.92,0.1736,0.005276,-0.061829,0.007262,0.009838,0.027980,0.135735,0.094222,0.044735,0.071596,-0.074819,0.826386
2023-05-10T00:00:00.000000000,1936,test,3104.6119,5388092.83,0.1736,0.005568,-0.054752,0.007181,0.009838,0.027980,0.143251,0.093174,0.044735,0.071596,-0.066254,0.826386
2023-05-11T00:00:00.000000000,1937,test,3088.8890,5363336.58,0.1736,-0.005064,-0.278011,0.007237,0.009838,0.026376,-0.130289,0.093900,0.044735,0.067493,-0.336418,0.826386
2023-05-12T00:00:00.000000000,1938,test,3114.7910,5406252.83,0.1736,0.008386,0.008314,0.007202,0.009838,0.026376,0.215731,0.093441,0.044735,0.067493,0.010061,0.826386
2023-05-15T00:00:00.000000000,1939,test,3118.9589,5418110.19,0.1737,0.001338,-0.124094,0.007205,0.009838,0.018129,0.034429,0.093460,0.044724,0.046406,-0.150162,0.826406
2023-05-16T00:00:00.000000000,1940,test,3112.4603,5403092.48,0.1736,-0.002084,-0.176529,0.006945,0.009838,0.009838,-0.053609,0.090095,0.044724,0.025183,-0.213610,0.826406
2023-05-17T00:00:00.000000000,1941,test,3122.4771,5422418.76,0.1737,0.003218,-0.050908,0.006582,0.009838,0.005584,0.082803,0.085386,0.044724,0.014295,-0.061601,0.826406
2023-05-18T00:00:00.000000000,1942,test,3113.4647,5401444.70,0.1735,-0.002886,-0.160666,0.006204,0.005584,0.005584,-0.074261,0.080474,0.025386,0.014295,-0.194415,0.826406
2023-05-19T00:00:00.000000000,1943,test,3098.0799,5381219.17,0.1737,-0.004941,-0.197287,0.005104,0.005584,0.007813,-0.127137,0.066206,0.025386,0.020000,-0.238729,0.826406
2023-05-22T00:00:00.000000000,1944,test,3087.2858,5362977.87,0.1737,-0.003484,-0.173094,0.005051,0.005584,0.011270,-0.089818,0.065359,0.025361,0.028888,-0.209425,0.826520
2023-05-23T00:00:00.000000000,1945,test,3078.6940,5335735.90,0.1733,-0.002783,-0.164980,0.005144,0.005584,0.014022,-0.071743,0.066564,0.025361,0.035941,-0.199608,0.826520
2023-05-24T00:00:00.000000000,1946,test,3098.3293,5372322.47,0.1734,0.006378,0.029747,0.005187,0.005584,0.014022,0.164415,0.067123,0.025361,0.035941,0.035990,0.826520
2023-05-25T00:00:00.000000000,1947,test,3081.7695,5349326.04,0.1736,-0.005345,-0.222065,0.005378,0.005584,0.014022,-0.137784,0.069590,0.025361,0.035941,-0.268675,0.826520
2023-05-26T00:00:00.000000000,1948,test,3090.1303,5359616.89,0.1734,0.002713,-0.050278,0.005368,0.005584,0.014022,0.069939,0.069468,0.025361,0.035941,-0.060831,0.826520
2023-05-29T00:00:00.000000000,1949,test,3096.8668,5374473.72,0.1735,0.002180,-0.061379,0.005339,0.005584,0.014022,0.056163,0.069134,0.025377,0.035917,-0.074266,0.826476
2023-05-30T00:00:00.000000000,1950,test,3152.5180,5472607.89,0.1736,0.017970,0.267433,0.006030,0.005584,0.014022,0.462967,0.078090,0.025377,0.035917,0.323582,0.826476
2023-05-31T00:00:00.000000000,1951,test,3181.8924,5524708.44,0.1736,0.009318,0.083063,0.006043,0.005584,0.014022,0.240053,0.078256,0.025377,0.035917,0.100503,0.826476
2023-06-01T00:00:00.000000000,1952,test,3190.2603,5536479.84,0.1735,0.002630,-0.059159,0.006026,0.005584,0.014022,0.067754,0.078038,0.025377,0.035917,-0.071579,0.826476
2023-06-02T00:00:00.000000000,1953,test,3207.5584,5564859.59,0.1735,0.005422,0.003181,0.005841,0.005345,0.014022,0.139691,0.075636,0.024288,0.035917,0.003849,0.826476
2023-06-05T00:00:00.000000000,1954,test,3217.7341,5583818.39,0.1735,0.003172,-0.044637,0.005840,0.005345,0.014022,0.081778,0.075614,0.024325,0.035853,-0.054015,0.826391
2023-06-06T00:00:00.000000000,1955,test,3230.1842,5607385.09,0.1736,0.003869,-0.029688,0.005830,0.005345,0.014022,0.099740,0.075487,0.024325,0.035853,-0.035925,0.826391
2023-06-07T00:00:00.000000000,1956,test,3235.5544,5612382.11,0.1735,0.001662,-0.076197,0.005783,0.005345,0.014022,0.042855,0.074882,0.024325,0.035853,-0.092205,0.826391
2023-06-08T00:00:00.000000000,1957,test,3252.0265,5648065.28,0.1737,0.005091,-0.003023,0.005770,0.005345,0.014022,0.131234,0.074714,0.024325,0.035853,-0.003658,0.826391
2023-06-09T00:00:00.000000000,1958,test,3281.4520,5695214.01,0.1736,0.009048,0.080853,0.005810,0.005345,0.014022,0.233247,0.075230,0.024325,0.035853,0.097838,0.826391
2023-06-12T00:00:00.000000000,1959,test,3287.4929,5709573.88,0.1737,0.001841,-0.072686,0.005808,0.005345,0.014022,0.047445,0.075207,0.024307,0.035883,-0.087952,0.826429
2023-06-13T00:00:00.000000000,1960,test,3293.9481,5717991.88,0.1736,0.001964,-0.066117,0.005438,0.005345,0.014022,0.050606,0.070420,0.024307,0.035883,-0.080004,0.826429
2023-06-14T00:00:00.000000000,1961,test,3294.6965,5713820.83,0.1734,0.000227,-0.102852,0.005415,0.005345,0.014022,0.005856,0.070119,0.024307,0.035883,-0.124453,0.826429
2023-06-15T00:00:00.000000000,1962,test,3342.6665,5801309.70,0.1736,0.014560,0.198752,0.005757,0.005345,0.014022,0.375238,0.074553,0.024307,0.035883,0.240495,0.826429
2023-06-16T00:00:00.000000000,1963,test,3334.5667,5786620.18,0.1735,-0.002423,-0.163816,0.005837,0.005345,0.014022,-0.062450,0.075581,0.024307,0.035883,-0.198221,0.826429
2023-06-19T00:00:00.000000000,1964,test,3362.8258,5832361.55,0.1734,0.008475,0.071944,0.005496,0.005345,0.014022,0.218408,0.071164,0.024308,0.035881,0.087055,0.826428
2023-06-20T00:00:00.000000000,1965,test,3361.0417,5832034.39,0.1735,-0.000531,-0.120069,0.005516,0.005345,0.014022,-0.013673,0.071425,0.024308,0.035881,-0.145287,0.826428
2023-06-21T00:00:00.000000000,1966,test,3349.0712,5818868.56,0.1737,-0.003562,-0.185618,0.005609,0.005345,0.014022,-0.091789,0.072625,0.024308,0.035881,-0.224603,0.826428
2023-06-22T00:00:00.000000000,1967,test,3352.9528,5821896.89,0.1736,0.001159,-0.083227,0.005436,0.005345,0.014022,0.029870,0.070387,0.024308,0.035881,-0.100707,0.826428
2023-06-23T00:00:00.000000000,1968,test,3327.5413,5781466.22,0.1737,-0.007579,-0.279872,0.005636,0.007579,0.014022,-0.195323,0.072980,0.034469,0.035881,-0.338653,0.826428
2023-06-26T00:00:00.000000000,1969,test,3294.8381,5721004.26,0.1736,-0.009828,-0.353558,0.006036,0.009828,0.020217,-0.253124,0.078182,0.044612,0.051847,-0.427765,0.826524
2023-06-27T00:00:00.000000000,1970,test,3279.8316,5693570.62,0.1736,-0.004555,-0.251503,0.006106,0.009828,0.024680,-0.117304,0.079082,0.044612,0.063291,-0.304290,0.826524
2023-06-28T00:00:00.000000000,1971,test,3295.5438,5716828.38,0.1735,0.004791,-0.052773,0.006125,0.009828,0.024680,0.123382,0.079328,0.044612,0.063291,-0.063850,0.826524
2023-06-30T00:00:00.000000000,1972,test,3330.8369,5782191.04,0.1736,0.010709,0.071760,0.006262,0.009828,0.024680,0.275822,0.081097,0.044612,0.063291,0.086822,0.826524
2023-07-03T00:00:00.000000000,1973,test,3358.5541,5829046.11,0.1736,0.008321,0.021348,0.006205,0.009828,0.024680,0.214149,0.080464,0.044685,0.063168,0.025832,0.826403
2023-07-04T00:00:00.000000000,1974,test,3358.2528,5827190.23,0.1735,-0.000090,-0.156637,0.006121,0.009828,0.024680,-0.002309,0.079379,0.044685,0.063168,-0.189540,0.826403
2023-07-05T00:00:00.000000000,1975,test,3415.0257,5925405.73,0.1735,0.016905,0.200460,0.006526,0.009828,0.024680,0.435059,0.084636,0.044685,0.063168,0.242570,0.826403
2023-07-06T00:00:00.000000000,1976,test,3434.3876,5966609.68,0.1737,0.005670,-0.038397,0.006517,0.009828,0.024680,0.145906,0.084516,0.044685,0.063168,-0.046463,0.826403
2023-07-07T00:00:00.000000000,1977,test,3434.5928,5966705.75,0.1737,0.000060,-0.155845,0.006344,0.009828,0.024680,0.001537,0.082266,0.044685,0.063168,-0.188582,0.826403
2023-07-10T00:00:00.000000000,1978,test,3441.6321,5979789.11,0.1737,0.002050,-0.113556,0.006348,0.009828,0.024680,0.052752,0.082322,0.044693,0.063150,-0.137413,0.826388
2023-07-11T00:00:00.000000000,1979,test,3402.8441,5909930.09,0.1737,-0.011270,-0.408051,0.006886,0.011270,0.024680,-0.290078,0.089297,0.051251,0.063150,-0.493776,0.826388
2023-07-12T00:00:00.000000000,1980,test,3394.0578,5891129.09,0.1736,-0.002582,-0.217867,0.006383,0.011270,0.024680,-0.066458,0.082779,0.051251,0.063150,-0.263638,0.826388
2023-07-13T00:00:00.000000000,1981,test,3379.9245,5866976.89,0.1736,-0.004164,-0.251278,0.006361,0.011270,0.024680,-0.107178,0.082489,0.051251,0.063150,-0.304068,0.826388
2023-07-14T00:00:00.000000000,1982,test,3386.6548,5882823.38,0.1737,0.001991,-0.120344,0.006360,0.011270,0.024680,0.051252,0.082477,0.051251,0.063150,-0.145626,0.826388
2023-07-17T00:00:00.000000000,1983,test,3389.5349,5911131.80,0.1744,0.000850,-0.144369,0.006331,0.011270,0.024680,0.021875,0.082118,0.051162,0.063274,-0.174679,0.826478
2023-07-18T00:00:00.000000000,1984,test,3403.6807,5913449.75,0.1737,0.004173,-0.073826,0.006341,0.011270,0.024680,0.107351,0.082241,0.051162,0.063274,-0.089326,0.826478
2023-07-19T00:00:00.000000000,1985,test,3410.3902,5927761.73,0.1738,0.001971,-0.120528,0.006330,0.011270,0.024680,0.050707,0.082104,0.051162,0.063274,-0.145834,0.826478
2023-07-20T00:00:00.000000000,1986,test,3393.5269,5893220.18,0.1737,-0.004945,-0.268800,0.006446,0.011270,0.024680,-0.127191,0.083607,0.051162,0.063274,-0.325235,0.826478
2023-07-21T00:00:00.000000000,1987,test,3412.5235,5924209.08,0.1736,0.005598,-0.044776,0.006456,0.011270,0.024680,0.143994,0.083734,0.051162,0.063274,-0.054177,0.826478
2023-07-24T00:00:00.000000000,1988,test,3422.0137,5943484.76,0.1737,0.002781,-0.103072,0.006312,0.011270,0.024680,0.071559,0.081864,0.051217,0.063198,-0.124721,0.826422
2023-07-25T00:00:00.000000000,1989,test,3424.9798,5948472.43,0.1737,0.000867,-0.143780,0.006312,0.011270,0.024680,0.022303,0.081868,0.051217,0.063198,-0.173979,0.826422
2023-07-26T00:00:00.000000000,1990,test,3430.8065,5953344.90,0.1735,0.001701,-0.126029,0.006312,0.011270,0.024680,0.043775,0.081860,0.051217,0.063198,-0.152500,0.826422
2023-07-27T00:00:00.000000000,1991,test,3460.9696,6006469.81,0.1735,0.008792,0.023318,0.006445,0.011270,0.024680,0.226225,0.083595,0.051217,0.063198,0.028216,0.826422
2023-07-28T00:00:00.000000000,1992,test,3448.2957,5985984.38,0.1736,-0.003662,-0.237248,0.006048,0.011270,0.024680,-0.094227,0.078438,0.051217,0.063198,-0.287079,0.826422
2023-07-31T00:00:00.000000000,1993,test,3404.2448,5905914.59,0.1735,-0.012775,-0.441651,0.006514,0.012775,0.024680,-0.328647,0.084484,0.058016,0.063245,-0.534391,0.826456
2023-08-01T00:00:00.000000000,1994,test,3440.9209,5971683.77,0.1735,0.010774,0.059014,0.006617,0.012775,0.024162,0.277167,0.085828,0.058016,0.061918,0.071406,0.826456
2023-08-02T00:00:00.000000000,1995,test,3473.3840,6025825.94,0.1735,0.009434,0.033667,0.006791,0.012775,0.021808,0.242714,0.088076,0.058016,0.055885,0.040737,0.826456
2023-08-03T00:00:00.000000000,1996,test,3455.3659,5997522.02,0.1736,-0.005188,-0.277686,0.006834,0.012775,0.021808,-0.133456,0.088640,0.058016,0.055885,-0.335997,0.826456
2023-08-04T00:00:00.000000000,1997,test,3411.6107,5921145.35,0.1736,-0.012663,-0.433028,0.007265,0.012775,0.017930,-0.325772,0.094224,0.058016,0.045947,-0.523958,0.826456
2023-08-07T00:00:00.000000000,1998,test,3408.8110,5929452.59,0.1739,-0.000821,-0.180940,0.007111,0.012775,0.018591,-0.021133,0.092149,0.058029,0.047626,-0.218936,0.826452
2023-08-08T00:00:00.000000000,1999,test,3413.3296,5934083.40,0.1739,0.001326,-0.132256,0.006830,0.012775,0.018591,0.034135,0.088508,0.058029,0.047626,-0.160028,0.826452
2023-08-09T00:00:00.000000000,2000,test,3409.8648,5923060.79,0.1737,-0.001015,-0.181317,0.006759,0.012775,0.018591,-0.026139,0.087598,0.058029,0.047626,-0.219392,0.826452
2023-08-10T00:00:00.000000000,2001,test,3409.7641,5929881.62,0.1739,-0.000030,-0.160051,0.006732,0.012775,0.018591,-0.000760,0.087246,0.058029,0.047626,-0.193661,0.826452
2023-08-11T00:00:00.000000000,2002,test,3406.9053,5916956.15,0.1737,-0.000838,-0.175955,0.006501,0.012775,0.019139,-0.021590,0.084253,0.058029,0.049031,-0.212904,0.826452
2023-08-14T00:00:00.000000000,2003,test,3405.6004,5900742.47,0.1733,-0.000383,-0.165451,0.006350,0.012775,0.019515,-0.009861,0.082309,0.058022,0.050001,-0.200193,0.826455
2023-08-16T00:00:00.000000000,2004,test,3364.6904,5837998.63,0.1735,-0.012013,-0.441970,0.006735,0.012775,0.031293,-0.309279,0.087297,0.058022,0.080179,-0.534778,0.826455
2023-08-17T00:00:00.000000000,2005,test,3338.2301,5787426.99,0.1734,-0.007864,-0.363156,0.006112,0.012775,0.038911,-0.202472,0.079223,0.058022,0.099698,-0.439414,0.826455
2023-08-18T00:00:00.000000000,2006,test,3341.4149,5795674.90,0.1734,0.000954,-0.174375,0.006005,0.012775,0.038911,0.024562,0.077834,0.058022,0.099698,-0.210992,0.826455
2023-08-21T00:00:00.000000000,2007,test,3323.4166,5767796.32,0.1736,-0.005386,-0.318756,0.006056,0.012775,0.043176,-0.138279,0.078693,0.057969,0.110744,-0.385686,0.826466
2023-08-22T00:00:00.000000000,2008,test,3324.3895,5771199.94,0.1736,0.000293,-0.198025,0.006034,0.012775,0.043176,0.007516,0.078407,0.057969,0.110744,-0.239605,0.826466
2023-08-23T00:00:00.000000000,2009,test,3367.6897,5848237.74,0.1737,0.013025,0.069833,0.006246,0.012775,0.043176,0.334374,0.081164,0.057969,0.110744,0.084496,0.826466
2023-08-24T00:00:00.000000000,2010,test,3376.3164,5857459.71,0.1735,0.002562,-0.152234,0.006252,0.012775,0.043176,0.065761,0.081246,0.057969,0.110744,-0.184199,0.826466
2023-08-25T00:00:00.000000000,2011,test,3384.6550,5872795.02,0.1735,0.002470,-0.153878,0.006224,0.012775,0.043176,0.063402,0.080877,0.057969,0.110744,-0.186188,0.826466
2023-08-28T00:00:00.000000000,2012,test,3339.0060,5789230.90,0.1734,-0.013487,-0.499759,0.006668,0.013487,0.043176,-0.346191,0.086700,0.061275,0.110583,-0.604749,0.826390
2023-08-29T00:00:00.000000000,2013,test,3328.5428,5785334.75,0.1738,-0.003134,-0.280275,0.006681,0.013487,0.043176,-0.080435,0.086862,0.061275,0.110583,-0.339156,0.826390
2023-08-30T00:00:00.000000000,2014,test,3336.1830,5793570.68,0.1737,0.002295,-0.164726,0.006645,0.013487,0.043176,0.058918,0.086392,0.061275,0.110583,-0.199332,0.826390
2023-08-31T00:00:00.000000000,2015,test,3361.1364,5839460.03,0.1737,0.007480,-0.056307,0.006789,0.013487,0.043176,0.191990,0.088268,0.061275,0.110583,-0.068137,0.826390
2023-09-01T00:00:00.000000000,2016,test,3358.8620,5834506.30,0.1737,-0.000677,-0.228773,0.006738,0.013487,0.043176,-0.017369,0.087606,0.061275,0.110583,-0.276834,0.826390
2023-09-04T00:00:00.000000000,2017,test,3336.9544,5788930.75,0.1735,-0.006522,-0.352742,0.006735,0.013487,0.043176,-0.167411,0.087563,0.061259,0.110609,-0.426843,0.826398
2023-09-05T00:00:00.000000000,2018,test,3407.4543,5920468.61,0.1738,0.021127,0.222538,0.007777,0.013487,0.043176,0.542276,0.101120,0.061259,0.110609,0.269287,0.826398
2023-09-06T00:00:00.000000000,2019,test,3401.4797,5906502.45,0.1736,-0.001753,-0.262825,0.007780,0.013487,0.043176,-0.045006,0.101162,0.061259,0.110609,-0.318036,0.826398
2023-09-07T00:00:00.000000000,2020,test,3419.6977,5933637.73,0.1735,0.005356,-0.112640,0.007838,0.013487,0.043176,0.137472,0.101906,0.061259,0.110609,-0.136302,0.826398
2023-09-08T00:00:00.000000000,2021,test,3419.6888,5928773.74,0.1734,-0.000003,-0.224425,0.007663,0.013487,0.043176,-0.000067,0.099635,0.061259,0.110609,-0.271570,0.826398
2023-09-11T00:00:00.000000000,2022,test,3450.5458,5993126.38,0.1737,0.009023,-0.034443,0.007818,0.013487,0.043176,0.231726,0.101641,0.061351,0.110417,-0.041683,0.826316
2023-09-12T00:00:00.000000000,2023,test,3475.5329,6037237.81,0.1737,0.007242,-0.069313,0.007544,0.013487,0.043176,0.185967,0.098081,0.061351,0.110417,-0.083882,0.826316
2023-09-13T00:00:00.000000000,2024,test,3519.0892,6113882.78,0.1737,0.012532,0.042054,0.007629,0.013487,0.043176,0.321838,0.099176,0.061351,0.110417,0.050893,0.826316
2023-09-14T00:00:00.000000000,2025,test,3465.9044,6020426.80,0.1737,-0.015113,-0.543780,0.007965,0.015113,0.038187,-0.388119,0.103554,0.068748,0.097657,-0.658078,0.826316
2023-09-15T00:00:00.000000000,2026,test,3479.6280,6046217.35,0.1738,0.003960,-0.113717,0.007937,0.015113,0.026342,0.101685,0.103192,0.068748,0.067365,-0.137620,0.826316
2023-09-18T00:00:00.000000000,2027,test,3476.6902,6041909.78,0.1738,-0.000844,-0.211614,0.007571,0.015113,0.026342,-0.021721,0.098225,0.068661,0.067458,-0.256065,0.826410
2023-09-20T00:00:00.000000000,2028,test,3470.1397,6026004.73,0.1737,-0.001884,-0.233823,0.007580,0.015113,0.026342,-0.048474,0.098346,0.068661,0.067458,-0.282939,0.826410
2023-09-21T00:00:00.000000000,2029,test,3443.1540,5971389.64,0.1734,-0.007777,-0.358582,0.007727,0.015113,0.025352,-0.200070,0.100248,0.068661,0.064924,-0.433903,0.826410
2023-09-22T00:00:00.000000000,2030,test,3423.7988,5941129.57,0.1735,-0.005621,-0.317167,0.007797,0.015113,0.027078,-0.144623,0.101162,0.068661,0.069344,-0.383789,0.826410
2023-09-25T00:00:00.000000000,2031,test,3389.2241,5885158.12,0.1736,-0.010098,-0.435421,0.008012,0.015113,0.036903,-0.259635,0.103971,0.068571,0.094658,-0.526833,0.826488
2023-09-26T00:00:00.000000000,2032,test,3375.9955,5861979.53,0.1736,-0.003903,-0.312039,0.008039,0.015113,0.040662,-0.100352,0.104326,0.068571,0.104300,-0.377548,0.826488
2023-09-27T00:00:00.000000000,2033,test,3402.7912,5905029.41,0.1735,0.007937,-0.061874,0.008173,0.015113,0.040662,0.204069,0.106062,0.068571,0.104300,-0.074863,0.826488
2023-09-28T00:00:00.000000000,2034,test,3405.6835,5910455.28,0.1735,0.000850,-0.209145,0.007863,0.015113,0.040662,0.021853,0.102036,0.068571,0.104300,-0.253053,0.826488
2023-09-29T00:00:00.000000000,2035,test,3406.6368,5908589.42,0.1734,0.000280,-0.219627,0.007711,0.015113,0.040662,0.007197,0.100062,0.068571,0.104300,-0.265736,0.826488
2023-10-03T00:00:00.000000000,2036,test,3384.9477,5872572.90,0.1735,-0.006367,-0.361842,0.007814,0.015113,0.040662,-0.163461,0.101574,0.068644,0.104174,-0.437852,0.826403
2023-10-04T00:00:00.000000000,2037,test,3383.8781,5874006.28,0.1736,-0.000316,-0.232669,0.007741,0.015113,0.040662,-0.008113,0.100614,0.068644,0.104174,-0.281544,0.826403
2023-10-05T00:00:00.000000000,2038,test,3364.2001,5839894.61,0.1736,-0.005815,-0.357368,0.007827,0.015113,0.044014,-0.149301,0.101733,0.068644,0.112761,-0.432438,0.826403
2023-10-06T00:00:00.000000000,2039,test,3359.8957,5830945.38,0.1735,-0.001279,-0.259917,0.007472,0.015113,0.045237,-0.032850,0.097128,0.068644,0.115894,-0.314516,0.826403
2023-10-09T00:00:00.000000000,2040,test,3365.7564,5841610.21,0.1736,0.001744,-0.195750,0.007464,0.015113,0.045237,0.044757,0.097082,0.068628,0.115916,-0.236870,0.826402
2023-10-10T00:00:00.000000000,2041,test,3365.2845,5845610.11,0.1737,-0.000140,-0.235549,0.007449,0.015113,0.045237,-0.003598,0.096887,0.068628,0.115916,-0.285030,0.826402
2023-10-11T00:00:00.000000000,2042,test,3369.2637,5852468.43,0.1737,0.001182,-0.202978,0.007028,0.015113,0.045237,0.030339,0.091411,0.068628,0.115916,-0.245617,0.826402
2023-10-12T00:00:00.000000000,2043,test,3418.5677,5937203.65,0.1737,0.014633,0.077730,0.007448,0.015113,0.045237,0.375472,0.096869,0.068628,0.115916,0.094059,0.826402
2023-10-13T00:00:00.000000000,2044,test,3431.1870,5958462.17,0.1737,0.003691,-0.154425,0.007461,0.015113,0.045237,0.094716,0.097035,0.068628,0.115916,-0.186864,0.826402
2023-10-16T00:00:00.000000000,2045,test,3408.8526,5918795.84,0.1736,-0.006509,-0.370858,0.007476,0.015113,0.045237,-0.167065,0.097230,0.068681,0.115812,-0.448786,0.826358
2023-10-17T00:00:00.000000000,2046,test,3416.8518,5933836.93,0.1737,0.002347,-0.183075,0.007480,0.015113,0.045237,0.060227,0.097280,0.068681,0.115812,-0.221545,0.826358
2023-10-18T00:00:00.000000000,2047,test,3443.2537,5982131.50,0.1737,0.007727,-0.068803,0.007465,0.015113,0.045237,0.198318,0.097087,0.068681,0.115812,-0.083261,0.826358
2023-10-19T00:00:00.000000000,2048,test,3440.9069,5975196.93,0.1737,-0.000682,-0.236476,0.006473,0.015113,0.045237,-0.017493,0.084181,0.068681,0.115812,-0.286166,0.826358
2023-10-20T00:00:00.000000000,2049,test,3390.6164,5892867.65,0.1738,-0.014615,-0.537689,0.007002,0.015113,0.045237,-0.375117,0.091064,0.068681,0.115812,-0.650673,0.826358
2023-10-23T00:00:00.000000000,2050,test,3382.8592,5876306.41,0.1737,-0.002288,-0.275600,0.006938,0.015113,0.045237,-0.058702,0.090240,0.068620,0.115930,-0.333492,0.826405
2023-10-25T00:00:00.000000000,2051,test,3372.8329,5852083.70,0.1735,-0.002964,-0.290101,0.006954,0.015113,0.045237,-0.076047,0.090443,0.068620,0.115930,-0.351040,0.826405
2023-10-26T00:00:00.000000000,2052,test,3326.2857,5775637.18,0.1736,-0.013801,-0.541941,0.007124,0.015113,0.054788,-0.354102,0.092654,0.068620,0.140405,-0.655781,0.826405
2023-10-27T00:00:00.000000000,2053,test,3282.2642,5694466.84,0.1735,-0.013234,-0.557916,0.007262,0.015113,0.067297,-0.339574,0.094454,0.068620,0.172463,-0.675111,0.826405
2023-10-30T00:00:00.000000000,2054,test,3251.7083,5644978.35,0.1736,-0.009309,-0.466313,0.006865,0.015113,0.065501,-0.238062,0.089551,0.068538,0.168097,-0.564249,0.826432
2023-10-31T00:00:00.000000000,2055,test,3262.3407,5658513.77,0.1734,0.003270,-0.195032,0.006534,0.014615,0.065501,0.083616,0.085230,0.066281,0.168097,-0.235993,0.826432
2023-11-01T00:00:00.000000000,2056,test,3294.5770,5719957.87,0.1736,0.009881,-0.056446,0.006795,0.014615,0.064712,0.252688,0.088637,0.066281,0.166071,-0.068300,0.826432
2023-11-02T00:00:00.000000000,2057,test,3292.9130,5717761.52,0.1736,-0.000505,-0.272225,0.006797,0.014615,0.062946,-0.012916,0.088661,0.066281,0.161540,-0.329398,0.826432
2023-11-03T00:00:00.000000000,2058,test,3291.1164,5714140.28,0.1736,-0.000546,-0.257602,0.006800,0.014615,0.055629,-0.013952,0.088708,0.066281,0.142763,-0.311704,0.826432
2023-11-06T00:00:00.000000000,2059,test,3330.2506,5787323.05,0.1738,0.011891,0.002664,0.007127,0.014615,0.055629,0.304821,0.092815,0.066451,0.142332,0.003223,0.826312
2023-11-07T00:00:00.000000000,2060,test,3348.1125,5814059.21,0.1737,0.005364,-0.136028,0.007167,0.014615,0.055629,0.137493,0.093331,0.066451,0.142332,-0.164620,0.826312
2023-11-08T00:00:00.000000000,2061,test,3352.2538,5824100.25,0.1737,0.001237,-0.221194,0.006958,0.014615,0.055629,0.031708,0.090614,0.066451,0.142332,-0.267688,0.826312
2023-11-09T00:00:00.000000000,2062,test,3354.4431,5832703.01,0.1739,0.000653,-0.233240,0.006928,0.014615,0.055629,0.016742,0.090226,0.066451,0.142332,-0.282267,0.826312
2023-11-10T00:00:00.000000000,2063,test,3352.1190,5825905.63,0.1738,-0.000693,-0.259962,0.006762,0.014615,0.055629,-0.017761,0.088061,0.066451,0.142332,-0.314605,0.826312
2023-11-13T00:00:00.000000000,2064,test,3335.0094,5797831.35,0.1738,-0.005104,-0.353963,0.006807,0.014615,0.055629,-0.130809,0.088653,0.066386,0.142491,-0.428339,0.826362
2023-11-15T00:00:00.000000000,2065,test,3353.9254,5817884.37,0.1735,0.005672,-0.126751,0.006901,0.014615,0.055629,0.145362,0.089870,0.066386,0.142491,-0.153384,0.826362
2023-11-16T00:00:00.000000000,2066,test,3371.3011,5861138.91,0.1739,0.005181,-0.136981,0.006885,0.014615,0.055629,0.132772,0.089659,0.066386,0.142491,-0.165764,0.826362
2023-11-17T00:00:00.000000000,2067,test,3346.0953,5813070.91,0.1737,-0.007477,-0.406394,0.007010,0.014615,0.055629,-0.191611,0.091299,0.066386,0.142491,-0.491787,0.826362
2023-11-20T00:00:00.000000000,2068,test,3355.3901,5826327.22,0.1736,0.002778,-0.188626,0.006957,0.014615,0.055629,0.071192,0.090599,0.066401,0.142457,-0.228264,0.826352
2023-11-21T00:00:00.000000000,2069,test,3351.9693,5827800.90,0.1739,-0.001019,-0.269033,0.006955,0.014615,0.055629,-0.026128,0.090581,0.066401,0.142457,-0.325567,0.826352
2023-11-22T00:00:00.000000000,2070,test,3362.4349,5842404.98,0.1738,0.003122,-0.181492,0.006972,0.014615,0.055629,0.080019,0.090793,0.066401,0.142457,-0.219631,0.826352
2023-11-23T00:00:00.000000000,2071,test,3356.9665,5825159.90,0.1735,-0.001626,-0.282124,0.006978,0.014615,0.055629,-0.041681,0.090871,0.066401,0.142457,-0.341409,0.826352
2023-11-24T00:00:00.000000000,2072,test,3346.3448,5808827.53,0.1736,-0.003164,-0.314885,0.006995,0.014615,0.055629,-0.081093,0.091104,0.066401,0.142457,-0.381054,0.826352
2023-11-28T00:00:00.000000000,2073,test,3346.9983,5819926.98,0.1739,0.000195,-0.237713,0.006432,0.014615,0.055629,0.005005,0.083770,0.066377,0.142516,-0.287659,0.826372
2023-11-29T00:00:00.000000000,2074,test,3355.7368,5824931.91,0.1736,0.002611,-0.186328,0.006411,0.014615,0.055629,0.066905,0.083489,0.066377,0.142516,-0.225477,0.826372
2023-11-30T00:00:00.000000000,2075,test,3385.9194,5881408.14,0.1737,0.008994,-0.052611,0.006546,0.014615,0.055629,0.230487,0.085259,0.066377,0.142516,-0.063665,0.826372
2023-12-01T00:00:00.000000000,2076,test,3387.5638,5880492.46,0.1736,0.000486,-0.232627,0.006531,0.014615,0.055629,0.012445,0.085055,0.066377,0.142516,-0.281503,0.826372
2023-12-04T00:00:00.000000000,2077,test,3402.5460,5914523.80,0.1738,0.004423,-0.146616,0.006422,0.014615,0.054985,0.113369,0.083632,0.066429,0.140739,-0.177431,0.826327
2023-12-05T00:00:00.000000000,2078,test,3459.5720,13832426.04,0.3998,0.016760,0.136842,0.007120,0.014615,0.040968,0.429610,0.092716,0.066429,0.104862,0.165603,0.826327
2023-12-06T00:00:00.000000000,2079,test,3466.9373,6022850.46,0.1737,0.002129,-0.159447,0.006571,0.013801,0.038769,0.054572,0.085572,0.062725,0.099233,-0.192959,0.826327
2023-12-07T00:00:00.000000000,2080,test,3511.8874,6100692.57,0.1737,0.012965,0.072618,0.006897,0.013801,0.035912,0.332346,0.089821,0.062725,0.091919,0.087881,0.826327
2023-12-08T00:00:00.000000000,2081,test,3507.8253,6090286.05,0.1736,-0.001157,-0.197657,0.006868,0.013801,0.022421,-0.029649,0.089437,0.062725,0.057388,-0.239200,0.826327
2023-12-11T00:00:00.000000000,2082,test,3504.0087,6084934.02,0.1737,-0.001088,-0.159948,0.006289,0.013234,0.009309,-0.028015,0.081544,0.060181,0.023815,-0.193555,0.826370
2023-12-12T00:00:00.000000000,2083,test,3525.6040,6119688.14,0.1736,0.006163,0.019462,0.005682,0.009309,0.007477,0.158689,0.073679,0.042333,0.019126,0.023551,0.826370
2023-12-13T00:00:00.000000000,2084,test,3527.1575,6127979.45,0.1737,0.000441,-0.090958,0.005267,0.007477,0.007477,0.011346,0.068291,0.033998,0.019126,-0.110070,0.826370
2023-12-14T00:00:00.000000000,2085,test,3519.9840,6116365.22,0.1738,-0.002034,-0.144331,0.005334,0.007477,0.007477,-0.052367,0.069165,0.033998,0.019126,-0.174657,0.826370
2023-12-15T00:00:00.000000000,2086,test,3542.1879,6151134.51,0.1737,0.006308,0.034521,0.005207,0.007477,0.007477,0.162422,0.067523,0.033998,0.019126,0.041774,0.826370
2023-12-18T00:00:00.000000000,2087,test,3584.8848,6226323.08,0.1737,0.012054,0.154735,0.005454,0.007477,0.007477,0.310926,0.070562,0.033998,0.019134,0.187232,0.826436
2023-12-19T00:00:00.000000000,2088,test,3571.9765,6206269.23,0.1737,-0.003601,-0.179950,0.005544,0.007477,0.007477,-0.092881,0.071730,0.033998,0.019134,-0.217742,0.826436
2023-12-20T00:00:00.000000000,2089,test,3589.0450,6228108.15,0.1735,0.004778,0.001344,0.005294,0.007477,0.007477,0.123259,0.068501,0.033998,0.019134,0.001627,0.826436
2023-12-21T00:00:00.000000000,2090,test,3594.1116,6242978.54,0.1737,0.001412,-0.070176,0.005271,0.007477,0.007477,0.036415,0.068197,0.033998,0.019134,-0.084914,0.826436
2023-12-22T00:00:00.000000000,2091,test,3497.0110,6073253.44,0.1737,-0.027017,-0.814373,0.007460,0.027017,0.027017,-0.696887,0.096527,0.122850,0.069140,-0.985404,0.826436
2023-12-26T00:00:00.000000000,2092,test,3538.4861,6143569.79,0.1736,0.011860,0.011088,0.007689,0.027017,0.027017,0.305037,0.099779,0.122564,0.069278,0.013416,0.826426
2023-12-27T00:00:00.000000000,2093,test,3539.4099,6148070.49,0.1737,0.000261,-0.235363,0.007680,0.027017,0.027017,0.006715,0.099669,0.122564,0.069278,-0.284796,0.826426
2023-12-28T00:00:00.000000000,2094,test,3543.5990,6146258.44,0.1734,0.001184,-0.214603,0.007573,0.027017,0.027017,0.030440,0.098275,0.122564,0.069278,-0.259676,0.826426
2023-12-29T00:00:00.000000000,2095,test,3576.8105,6953944.35,0.1944,0.009372,-0.041490,0.007660,0.027017,0.027017,0.241049,0.099411,0.122564,0.069278,-0.050204,0.826426
2024-01-01T00:00:00.000000000,2096,test,3573.5937,6195925.37,0.1734,-0.000899,-0.259817,0.007659,0.027017,0.027017,-0.023137,0.099391,0.122680,0.069198,-0.314406,0.826375
2024-01-02T00:00:00.000000000,2097,test,3586.9172,6229703.02,0.1737,0.003728,-0.159295,0.007459,0.027017,0.027017,0.095918,0.096804,0.122680,0.069198,-0.192764,0.826375
2024-01-03T00:00:00.000000000,2098,test,3592.6834,8313061.04,0.2314,0.001608,-0.204390,0.007460,0.027017,0.027017,0.041358,0.096813,0.122680,0.069198,-0.247333,0.826375
2024-01-04T00:00:00.000000000,2099,test,3598.1506,6245493.14,0.1736,0.001522,-0.205957,0.007436,0.027017,0.027017,0.039151,0.096503,0.122680,0.069198,-0.249230,0.826375
2024-01-05T00:00:00.000000000,2100,test,3601.0640,6236366.78,0.1732,0.000810,-0.221139,0.007440,0.027017,0.027017,0.020831,0.096555,0.122680,0.069198,-0.267602,0.826375
2024-01-08T00:00:00.000000000,2101,test,3635.4010,6319663.21,0.1738,0.009535,-0.036381,0.007512,0.027017,0.027017,0.245350,0.097488,0.122714,0.069174,-0.044026,0.826356
2024-01-09T00:00:00.000000000,2102,test,3626.7026,6303467.84,0.1738,-0.002393,-0.289802,0.007494,0.027017,0.027017,-0.061567,0.097245,0.122714,0.069174,-0.350699,0.826356
2024-01-10T00:00:00.000000000,2103,test,3621.4671,6290072.96,0.1737,-0.001444,-0.269880,0.007518,0.027017,0.027017,-0.037145,0.097557,0.122714,0.069174,-0.326590,0.826356
2024-01-11T00:00:00.000000000,2104,test,3604.5836,6264508.26,0.1738,-0.004662,-0.339536,0.007632,0.027017,0.027017,-0.119959,0.099037,0.122714,0.069174,-0.410884,0.826356
2024-01-12T00:00:00.000000000,2105,test,3636.7461,6319521.18,0.1738,0.008923,-0.050664,0.007630,0.027017,0.027017,0.229588,0.099011,0.122714,0.069174,-0.061310,0.826356
2024-01-15T00:00:00.000000000,2106,test,3630.0960,6299924.91,0.1735,-0.001829,-0.279579,0.007660,0.027017,0.027017,-0.047038,0.099417,0.122618,0.069236,-0.338310,0.826400
2024-01-16T00:00:00.000000000,2107,test,3648.9390,6325357.33,0.1733,0.005191,-0.130450,0.007669,0.027017,0.027017,0.133525,0.099524,0.122618,0.069236,-0.157854,0.826400
2024-01-17T00:00:00.000000000,2108,test,3648.2471,6338296.96,0.1737,-0.000190,-0.239767,0.007197,0.027017,0.027017,-0.004877,0.093403,0.122618,0.069236,-0.290135,0.826400
2024-01-18T00:00:00.000000000,2109,test,3620.1660,6283985.12,0.1736,-0.007697,-0.401489,0.007395,0.027017,0.027017,-0.197998,0.095977,0.122618,0.069236,-0.485830,0.826400
2024-01-19T00:00:00.000000000,2110,test,3564.0834,6190022.18,0.1737,-0.015492,-0.570235,0.007680,0.027017,0.027017,-0.398502,0.099666,0.122618,0.069236,-0.690023,0.826400
2024-01-23T00:00:00.000000000,2111,test,3578.7266,6213201.07,0.1736,0.004109,-0.153800,0.007699,0.027017,0.027017,0.105663,0.099929,0.122556,0.069279,-0.186101,0.826431
2024-01-24T00:00:00.000000000,2112,test,3617.0270,6275976.48,0.1735,0.010702,-0.015774,0.007897,0.027017,0.027017,0.275237,0.102489,0.122556,0.069279,-0.019087,0.826431
2024-01-25T00:00:00.000000000,2113,test,3547.1453,6156830.70,0.1736,-0.019320,-0.663715,0.008641,0.027017,0.027897,-0.496871,0.112147,0.122556,0.071536,-0.803111,0.826431
2024-01-29T00:00:00.000000000,2114,test,3556.3122,6167681.40,0.1734,0.002584,-0.198289,0.008651,0.027017,0.027897,0.066461,0.112293,0.122603,0.071505,-0.239940,0.826411
2024-01-30T00:00:00.000000000,2115,test,3558.7133,6180166.52,0.1737,0.000675,-0.238748,0.008640,0.027017,0.027897,0.017363,0.112153,0.122603,0.071505,-0.288897,0.826411
2024-01-31T00:00:00.000000000,2116,test,3579.7362,6216180.90,0.1736,0.005907,-0.127451,0.008631,0.027017,0.027897,0.151923,0.112038,0.122603,0.071505,-0.154223,0.826411
2024-02-01T00:00:00.000000000,2117,test,3543.4715,6150594.30,0.1736,-0.010131,-0.469569,0.008550,0.027017,0.028904,-0.260529,0.110985,0.122603,0.074086,-0.568203,0.826411
2024-02-02T00:00:00.000000000,2118,test,3585.8167,6223825.07,0.1736,0.011950,-0.003021,0.008805,0.027017,0.028904,0.307325,0.114293,0.122603,0.074086,-0.003656,0.826411
2024-02-05T00:00:00.000000000,2119,test,3581.7704,6216872.36,0.1736,-0.001128,-0.280572,0.008766,0.027017,0.028904,-0.029022,0.113791,0.122672,0.074036,-0.339521,0.826376
2024-02-06T00:00:00.000000000,2120,test,3626.8465,6297826.81,0.1736,0.012585,0.007822,0.009052,0.027017,0.028904,0.323677,0.117504,0.122672,0.074036,0.009466,0.826376
2024-02-07T00:00:00.000000000,2121,test,3590.3830,6231068.39,0.1735,-0.010054,-0.430637,0.007763,0.019320,0.028904,-0.258578,0.100775,0.087726,0.074036,-0.521115,0.826376
2024-02-08T00:00:00.000000000,2122,test,3596.9716,6245007.15,0.1736,0.001835,-0.175083,0.007496,0.019320,0.028904,0.047197,0.097303,0.087726,0.074036,-0.211868,0.826376
2024-02-09T00:00:00.000000000,2123,test,3618.8384,6279044.81,0.1735,0.006079,-0.085568,0.007560,0.019320,0.028904,0.156355,0.098139,0.087726,0.074036,-0.103546,0.826376
2024-02-12T00:00:00.000000000,2124,test,3553.7550,6177719.36,0.1738,-0.017985,-0.604628,0.008274,0.019320,0.028904,-0.462430,0.107399,0.087701,0.074083,-0.731612,0.826432
2024-02-13T00:00:00.000000000,2125,test,3557.8318,6178225.43,0.1737,0.001147,-0.196191,0.008098,0.019320,0.028904,0.029497,0.105109,0.087701,0.074083,-0.237396,0.826432
2024-02-14T00:00:00.000000000,2126,test,3517.5320,6106900.46,0.1736,-0.011327,-0.478952,0.008343,0.019320,0.036012,-0.291248,0.108290,0.087701,0.092303,-0.579542,0.826432
2024-02-15T00:00:00.000000000,2127,test,3511.4606,6098562.42,0.1737,-0.001726,-0.278086,0.008308,0.019320,0.037676,-0.044381,0.107841,0.087701,0.096568,-0.336491,0.826432
2024-02-16T00:00:00.000000000,2128,test,3573.8465,6208806.91,0.1737,0.017766,0.129360,0.008939,0.019320,0.037676,0.456819,0.116022,0.087701,0.096568,0.156528,0.826432
2024-02-19T00:00:00.000000000,2129,test,3568.2063,6194921.26,0.1736,-0.001578,-0.281734,0.008937,0.019320,0.037676,-0.040540,0.116128,0.087754,0.096502,-0.340923,0.826385
2024-02-20T00:00:00.000000000,2130,test,3582.8528,6226414.41,0.1738,0.004105,-0.161446,0.008969,0.019320,0.037676,0.105440,0.116549,0.087754,0.096502,-0.195364,0.826385
2024-02-21T00:00:00.000000000,2131,test,3599.1789,6254135.01,0.1738,0.004557,-0.150398,0.008834,0.019320,0.037676,0.117051,0.114791,0.087754,0.096502,-0.181995,0.826385
2024-02-22T00:00:00.000000000,2132,test,3611.3623,6271420.41,0.1737,0.003385,-0.175432,0.008849,0.019320,0.037676,0.086953,0.114987,0.087754,0.096502,-0.212289,0.826385
2024-02-23T00:00:00.000000000,2133,test,3621.7945,6293340.50,0.1738,0.002889,-0.186100,0.008861,0.019320,0.037676,0.074204,0.115147,0.087754,0.096502,-0.225198,0.826385
2024-02-26T00:00:00.000000000,2134,test,3636.3031,6318232.75,0.1738,0.004006,-0.162155,0.008844,0.019320,0.037676,0.102928,0.114923,0.087806,0.096430,-0.196231,0.826348
2024-02-27T00:00:00.000000000,2135,test,3607.5918,6272101.18,0.1739,-0.007896,-0.414539,0.008815,0.019320,0.037676,-0.202874,0.114542,0.087806,0.096430,-0.501652,0.826348
2024-02-28T00:00:00.000000000,2136,test,3575.9495,6209929.19,0.1737,-0.008771,-0.434509,0.008944,0.019320,0.037676,-0.225363,0.116219,0.087806,0.096430,-0.525819,0.826348
2024-02-29T00:00:00.000000000,2137,test,3613.5730,6273749.92,0.1736,0.010521,-0.026244,0.009106,0.019320,0.037494,0.270334,0.118324,0.087806,0.095963,-0.031759,0.826348
2024-03-01T00:00:00.000000000,2138,test,3571.1730,6204636.05,0.1737,-0.011734,-0.489210,0.009335,0.019320,0.031814,-0.301482,0.121299,0.087806,0.081427,-0.592014,0.826348
2024-03-04T00:00:00.000000000,2139,test,3585.5508,6231520.56,0.1738,0.004026,-0.153925,0.009278,0.019320,0.031814,0.103472,0.120481,0.087684,0.081558,-0.186251,0.826438
2024-03-05T00:00:00.000000000,2140,test,3657.8716,6346852.61,0.1735,0.020170,0.186229,0.009533,0.019320,0.031814,0.518381,0.123799,0.087684,0.081558,0.225340,0.826438
2024-03-06T00:00:00.000000000,2141,test,3646.0658,6328447.42,0.1736,-0.003228,-0.310828,0.009542,0.019320,0.031814,-0.082949,0.123915,0.087684,0.081558,-0.376106,0.826438
2024-03-07T00:00:00.000000000,2142,test,3617.7616,6279463.67,0.1736,-0.007763,-0.406389,0.009471,0.019320,0.031814,-0.199511,0.122982,0.087684,0.081558,-0.491735,0.826438
2024-03-11T00:00:00.000000000,2143,test,3618.8739,6285263.31,0.1737,0.000307,-0.222320,0.008761,0.017985,0.031814,0.007904,0.113760,0.081705,0.081466,-0.269026,0.826385
2024-03-12T00:00:00.000000000,2144,test,3652.6930,6348724.93,0.1738,0.009345,-0.031720,0.008892,0.017985,0.031814,0.240252,0.115466,0.081705,0.081466,-0.038384,0.826385
2024-03-13T00:00:00.000000000,2145,test,3628.3724,6300701.00,0.1737,-0.006658,-0.372832,0.008996,0.017985,0.031814,-0.171175,0.116814,0.081705,0.081466,-0.451160,0.826385
2024-03-14T00:00:00.000000000,2146,test,3595.7011,6246962.96,0.1737,-0.009004,-0.423847,0.009105,0.017985,0.031814,-0.231491,0.118231,0.081705,0.081466,-0.512893,0.826385
2024-03-15T00:00:00.000000000,2147,test,3493.6748,6062391.02,0.1735,-0.028375,-0.914911,0.010305,0.028375,0.044889,-0.729470,0.133803,0.128907,0.114944,-1.107124,0.826385
2024-03-18T00:00:00.000000000,2148,test,3513.9522,6105088.02,0.1737,0.005804,-0.187219,0.010116,0.028375,0.044889,0.148890,0.131613,0.128649,0.115170,-0.226541,0.826421
2024-03-19T00:00:00.000000000,2149,test,3509.1383,6094533.02,0.1737,-0.001370,-0.339312,0.010117,0.028375,0.044889,-0.035143,0.131619,0.128649,0.115170,-0.410580,0.826421
2024-03-20T00:00:00.000000000,2150,test,3586.7813,6222725.55,0.1735,0.022126,0.152934,0.010662,0.028375,0.044889,0.567594,0.138720,0.128649,0.115170,0.185056,0.826421
2024-03-21T00:00:00.000000000,2151,test,3569.7175,6195313.08,0.1736,-0.004757,-0.415709,0.010543,0.028375,0.044889,-0.122041,0.137164,0.128649,0.115170,-0.503024,0.826421
2024-03-22T00:00:00.000000000,2152,test,3607.4090,6260145.73,0.1735,0.010559,-0.092828,0.010712,0.028375,0.044889,0.270860,0.139367,0.128649,0.115170,-0.112325,0.826421
2024-03-26T00:00:00.000000000,2153,test,3616.8736,6279996.46,0.1736,0.002624,-0.260439,0.010666,0.028375,0.044889,0.067361,0.138751,0.128964,0.114839,-0.315192,0.826286
2024-03-27T00:00:00.000000000,2154,test,3631.8903,6314694.49,0.1739,0.004152,-0.222437,0.010147,0.028375,0.044889,0.106597,0.131996,0.128964,0.114839,-0.269201,0.826286
2024-03-28T00:00:00.000000000,2155,test,3686.1904,6401917.57,0.1737,0.014951,0.003280,0.010461,0.028375,0.044889,0.383859,0.136086,0.128964,0.114839,0.003970,0.826286
2024-04-01T00:00:00.000000000,2156,test,3699.0787,6420738.45,0.1736,0.003496,-0.236945,0.010203,0.028375,0.044889,0.089767,0.132725,0.128921,0.114876,-0.286755,0.826297
2024-04-02T00:00:00.000000000,2157,test,3746.4026,6510503.61,0.1738,0.012793,-0.041512,0.010371,0.028375,0.044889,0.328462,0.134904,0.128921,0.114876,-0.050239,0.826297
2024-04-03T00:00:00.000000000,2158,test,3783.6234,6577336.63,0.1738,0.009935,-0.098920,0.010070,0.028375,0.044889,0.255077,0.130995,0.128921,0.114876,-0.119715,0.826297
2024-04-04T00:00:00.000000000,2159,test,3761.5861,6534205.97,0.1737,-0.005824,-0.434092,0.010148,0.028375,0.044889,-0.149537,0.132012,0.128921,0.114876,-0.525346,0.826297
2024-04-05T00:00:00.000000000,2160,test,3797.8804,6603794.06,0.1739,0.009649,-0.106806,0.010238,0.028375,0.044889,0.247723,0.133184,0.128921,0.114876,-0.129258,0.826297
2024-04-08T00:00:00.000000000,2161,test,3768.6638,6545437.83,0.1737,-0.007693,-0.476129,0.010372,0.028375,0.044889,-0.197496,0.134919,0.128899,0.114900,-0.576214,0.826307
2024-04-09T00:00:00.000000000,2162,test,3794.4278,6588515.20,0.1736,0.006836,-0.168326,0.010410,0.028375,0.044889,0.175507,0.135417,0.128899,0.114900,-0.203709,0.826307
2024-04-10T00:00:00.000000000,2163,test,3808.8918,6614859.44,0.1737,0.003812,-0.232537,0.010415,0.028375,0.044889,0.097862,0.135480,0.128899,0.114900,-0.281417,0.826307
2024-04-12T00:00:00.000000000,2164,test,3826.2072,6652284.59,0.1739,0.004546,-0.217011,0.010419,0.028375,0.044889,0.116709,0.135537,0.128899,0.114900,-0.262627,0.826307
2024-04-15T00:00:00.000000000,2165,test,3826.9523,6649232.57,0.1737,0.000195,-0.307716,0.010270,0.028375,0.044889,0.004999,0.133594,0.128883,0.114918,-0.372395,0.826315
2024-04-16T00:00:00.000000000,2166,test,3759.5824,6532338.64,0.1738,-0.017604,-0.689819,0.010693,0.028375,0.044889,-0.451914,0.139098,0.128883,0.114918,-0.834813,0.826315
2024-04-18T00:00:00.000000000,2167,test,3741.9444,6502429.86,0.1738,-0.004691,-0.415176,0.010624,0.028375,0.044889,-0.120435,0.138207,0.128883,0.114918,-0.502442,0.826315
2024-04-19T00:00:00.000000000,2168,test,3741.3987,6502400.30,0.1738,-0.000146,-0.315841,0.010353,0.028375,0.044889,-0.003744,0.134684,0.128883,0.114918,-0.382228,0.826315
2024-04-22T00:00:00.000000000,2169,test,3702.4917,6432151.98,0.1737,-0.010399,-0.535524,0.010563,0.028375,0.044889,-0.266752,0.137432,0.128626,0.115187,-0.647997,0.826430
2024-04-23T00:00:00.000000000,2170,test,3795.4755,6586336.02,0.1735,0.025114,0.216653,0.010892,0.028375,0.043535,0.644209,0.141716,0.128626,0.111712,0.262155,0.826430
2024-04-24T00:00:00.000000000,2171,test,3821.9050,6633377.53,0.1736,0.006963,-0.168258,0.010905,0.028375,0.043535,0.178623,0.141882,0.128626,0.111712,-0.203596,0.826430
2024-04-25T00:00:00.000000000,2172,test,3826.5580,6650200.63,0.1738,0.001217,-0.288567,0.010765,0.028375,0.043535,0.031229,0.140065,0.128626,0.111712,-0.349173,0.826430
2024-04-26T00:00:00.000000000,2173,test,3788.6478,6575243.09,0.1736,-0.009907,-0.526610,0.010971,0.028375,0.043535,-0.254133,0.142739,0.128626,0.111712,-0.637210,0.826430
2024-04-29T00:00:00.000000000,2174,test,3767.5665,6540804.56,0.1736,-0.005564,-0.420726,0.010946,0.028375,0.037123,-0.142860,0.142370,0.128902,0.095027,-0.509158,0.826317
2024-04-30T00:00:00.000000000,2175,test,3747.9319,6503763.93,0.1735,-0.005211,-0.403173,0.010915,0.028375,0.032522,-0.133801,0.141966,0.128902,0.083248,-0.487916,0.826317
2024-05-02T00:00:00.000000000,2176,test,3798.5424,6593161.47,0.1736,0.013504,-0.006674,0.010965,0.028375,0.032522,0.346693,0.142620,0.128902,0.083248,-0.008077,0.826317
2024-05-03T00:00:00.000000000,2177,test,3781.9219,6572249.45,0.1738,-0.004375,-0.329868,0.009506,0.017604,0.032522,-0.112337,0.123644,0.079973,0.083248,-0.399203,0.826317
2024-05-06T00:00:00.000000000,2178,test,3811.7924,6626158.72,0.1738,0.007898,-0.069448,0.009536,0.017604,0.032522,0.203048,0.123835,0.079988,0.083263,-0.084038,0.826381
2024-05-07T00:00:00.000000000,2179,test,3774.8213,6561068.98,0.1738,-0.009699,-0.445814,0.009771,0.017604,0.032522,-0.249345,0.126881,0.079988,0.083263,-0.539477,0.826381
2024-05-08T00:00:00.000000000,2180,test,3766.9868,6537872.57,0.1736,-0.002075,-0.276559,0.009091,0.017604,0.032522,-0.053356,0.118056,0.079988,0.083263,-0.334663,0.826381
2024-05-09T00:00:00.000000000,2181,test,3709.8010,6436943.55,0.1735,-0.015181,-0.559572,0.009520,0.017604,0.032522,-0.390267,0.123618,0.079988,0.083263,-0.677136,0.826381
2024-05-10T00:00:00.000000000,2182,test,3727.2972,6466917.77,0.1735,0.004716,-0.135453,0.009388,0.017604,0.032522,0.121244,0.121904,0.079988,0.083263,-0.163911,0.826381
2024-05-13T00:00:00.000000000,2183,test,3704.4219,6433745.89,0.1737,-0.006137,-0.366940,0.009473,0.017604,0.032522,-0.157676,0.123022,0.079857,0.083427,-0.443982,0.826476
2024-05-14T00:00:00.000000000,2184,test,3699.0636,6421652.03,0.1736,-0.001446,-0.269111,0.009461,0.017604,0.033418,-0.037163,0.122867,0.079857,0.085725,-0.325612,0.826476
2024-05-15T00:00:00.000000000,2185,test,3728.7883,6463754.72,0.1733,0.008036,-0.064863,0.009190,0.017604,0.033418,0.206452,0.119351,0.079857,0.085725,-0.078481,0.826476
2024-05-16T00:00:00.000000000,2186,test,3754.4350,6518258.62,0.1736,0.006878,-0.090063,0.009247,0.017604,0.033418,0.176708,0.120099,0.079857,0.085725,-0.108973,0.826476
2024-05-17T00:00:00.000000000,2187,test,3777.8514,6560720.14,0.1737,0.006237,-0.101342,0.009030,0.017604,0.033418,0.160239,0.117277,0.079857,0.085725,-0.122620,0.826476
2024-05-21T00:00:00.000000000,2188,test,3799.8292,6598257.01,0.1736,0.005818,-0.108854,0.008914,0.017604,0.033418,0.149564,0.115753,0.080038,0.085502,-0.131729,0.826348
2024-05-22T00:00:00.000000000,2189,test,3812.8093,6623043.50,0.1737,0.003416,-0.159301,0.008860,0.017604,0.033418,0.087822,0.115059,0.080038,0.085502,-0.192777,0.826348
2024-05-23T00:00:00.000000000,2190,test,3870.8231,6728051.28,0.1738,0.015215,0.088749,0.009105,0.017604,0.033418,0.391177,0.118238,0.080038,0.085502,0.107399,0.826348
2024-05-24T00:00:00.000000000,2191,test,3879.7082,6743199.03,0.1738,0.002295,-0.184335,0.008975,0.017604,0.033418,0.059013,0.116544,0.080038,0.085502,-0.223071,0.826348
2024-05-27T00:00:00.000000000,2192,test,3902.6554,6777276.09,0.1737,0.005915,-0.107225,0.008956,0.017604,0.033418,0.152076,0.116300,0.080039,0.085496,-0.129759,0.826341
2024-05-28T00:00:00.000000000,2193,test,3902.9402,6783020.13,0.1738,0.000073,-0.231188,0.008942,0.017604,0.033418,0.001877,0.116114,0.080039,0.085496,-0.279773,0.826341
2024-05-29T00:00:00.000000000,2194,test,3905.6258,6790577.24,0.1739,0.000688,-0.217836,0.008915,0.017604,0.033418,0.017692,0.115772,0.080039,0.085496,-0.263615,0.826341
2024-05-30T00:00:00.000000000,2195,test,3859.0539,6703926.61,0.1737,-0.011924,-0.488654,0.009200,0.017604,0.033318,-0.306595,0.119472,0.080039,0.085241,-0.591347,0.826341
2024-05-31T00:00:00.000000000,2196,test,3826.1918,6652896.44,0.1739,-0.008516,-0.402223,0.008743,0.015181,0.033318,-0.218951,0.113538,0.069021,0.085241,-0.486751,0.826341
2024-06-03T00:00:00.000000000,2197,test,3867.2685,6722705.86,0.1738,0.010736,0.005281,0.008868,0.015181,0.033318,0.275875,0.115171,0.068926,0.085388,0.006390,0.826434
2024-06-04T00:00:00.000000000,2198,test,3974.5491,6896592.86,0.1735,0.027741,0.353564,0.010066,0.015181,0.033318,0.712853,0.130721,0.068926,0.085388,0.427818,0.826434
2024-06-05T00:00:00.000000000,2199,test,3968.4008,6887448.08,0.1736,-0.001547,-0.265806,0.009823,0.015181,0.033318,-0.039751,0.127566,0.068926,0.085388,-0.321631,0.826434
2024-06-06T00:00:00.000000000,2200,test,3754.1471,6517434.86,0.1736,-0.053990,-1.609860,0.013347,0.053990,0.055453,-1.387383,0.173329,0.245131,0.142116,-1.947960,0.826434
2024-06-07T00:00:00.000000000,2201,test,3826.0590,6649497.87,0.1738,0.019155,-0.060708,0.013741,0.053990,0.055453,0.492236,0.178446,0.245131,0.142116,-0.073458,0.826434
2024-06-10T00:00:00.000000000,2202,test,3898.2237,6769912.23,0.1737,0.018861,-0.072502,0.014146,0.053990,0.055453,0.483559,0.184363,0.244880,0.142064,-0.087749,0.826242
2024-06-11T00:00:00.000000000,2203,test,3961.7168,6889544.01,0.1739,0.016288,-0.128366,0.014271,0.053990,0.055453,0.417575,0.185992,0.244880,0.142064,-0.155361,0.826242
2024-06-12T00:00:00.000000000,2204,test,3969.1044,6899518.42,0.1738,0.001865,-0.433215,0.014209,0.053990,0.055453,0.047808,0.185184,0.244880,0.142064,-0.524320,0.826242
2024-06-13T00:00:00.000000000,2205,test,3946.6473,6850375.02,0.1736,-0.005658,-0.592650,0.014217,0.053990,0.055453,-0.145057,0.185283,0.244880,0.142064,-0.717284,0.826242
2024-06-14T00:00:00.000000000,2206,test,3963.5613,6888123.89,0.1738,0.004286,-0.380326,0.014060,0.053990,0.055453,0.109874,0.183237,0.244880,0.142064,-0.460308,0.826242
2024-06-18T00:00:00.000000000,2207,test,3978.3818,6920178.40,0.1739,0.003739,-0.391488,0.014022,0.053990,0.055453,0.095883,0.182753,0.244995,0.141969,-0.473834,0.826213
2024-06-19T00:00:00.000000000,2208,test,3988.6126,6938884.12,0.1740,0.002572,-0.415742,0.013977,0.053990,0.055453,0.065942,0.182168,0.244995,0.141969,-0.503191,0.826213
2024-06-20T00:00:00.000000000,2209,test,4004.5943,6965620.85,0.1739,0.004007,-0.383677,0.013823,0.053990,0.055453,0.102745,0.180161,0.244995,0.141969,-0.464380,0.826213
2024-06-21T00:00:00.000000000,2210,test,3963.0955,6889652.95,0.1738,-0.010363,-0.689857,0.013985,0.053990,0.055453,-0.265728,0.182271,0.244995,0.141969,-0.834963,0.826213
2024-06-24T00:00:00.000000000,2211,test,3988.6725,6935755.07,0.1739,0.006454,-0.329924,0.013645,0.053990,0.055453,0.165449,0.177848,0.244808,0.142093,-0.399301,0.826255
2024-06-25T00:00:00.000000000,2212,test,3957.1702,6883391.02,0.1739,-0.007898,-0.635206,0.013764,0.053990,0.055453,-0.202471,0.179405,0.244808,0.142093,-0.768778,0.826255
2024-06-26T00:00:00.000000000,2213,test,3963.3870,6890223.19,0.1738,0.001571,-0.433728,0.013680,0.053990,0.055453,0.040275,0.178306,0.244808,0.142093,-0.524933,0.826255
2024-06-27T00:00:00.000000000,2214,test,3937.5375,6843753.94,0.1738,-0.006522,-0.605985,0.013757,0.053990,0.055453,-0.167199,0.179311,0.244808,0.142093,-0.733411,0.826255
2024-06-28T00:00:00.000000000,2215,test,3928.3439,6827266.09,0.1738,-0.002335,-0.517064,0.013736,0.053990,0.055453,-0.059856,0.179035,0.244808,0.142093,-0.625792,0.826255
2024-07-01T00:00:00.000000000,2216,test,3971.9542,6908345.74,0.1739,0.011101,-0.233263,0.013808,0.053990,0.055453,0.284559,0.179984,0.244740,0.142142,-0.282307,0.826272
2024-07-02T00:00:00.000000000,2217,test,3944.6356,6861113.32,0.1739,-0.006878,-0.614762,0.013874,0.053990,0.055453,-0.176297,0.180839,0.244740,0.142142,-0.744019,0.826272
2024-07-03T00:00:00.000000000,2218,test,3997.9133,6948101.68,0.1738,0.013506,-0.184617,0.014021,0.053990,0.055453,0.346203,0.182754,0.244740,0.142142,-0.223434,0.826272
2024-07-04T00:00:00.000000000,2219,test,3963.3830,6889483.52,0.1738,-0.008637,-0.654896,0.014141,0.053990,0.055453,-0.221391,0.184318,0.244740,0.142142,-0.792591,0.826272
2024-07-05T00:00:00.000000000,2220,test,3992.5158,6940406.39,0.1738,0.007350,-0.314273,0.013954,0.053990,0.055453,0.188412,0.181881,0.244740,0.142142,-0.380351,0.826272
2024-07-08T00:00:00.000000000,2221,test,3971.0078,6907942.00,0.1740,-0.005387,-0.584562,0.014000,0.053990,0.055453,-0.138092,0.182489,0.244784,0.142113,-0.707477,0.826263
2024-07-09T00:00:00.000000000,2222,test,3997.9483,6949554.59,0.1738,0.006784,-0.326891,0.014012,0.053990,0.055453,0.173908,0.182636,0.244784,0.142113,-0.395625,0.826263
2024-07-10T00:00:00.000000000,2223,test,3981.6431,6921502.68,0.1738,-0.004078,-0.557267,0.014040,0.053990,0.055453,-0.104545,0.183001,0.244784,0.142113,-0.674443,0.826263
2024-07-11T00:00:00.000000000,2224,test,3987.1312,6936157.37,0.1740,0.001378,-0.441696,0.014040,0.053990,0.055453,0.035332,0.183006,0.244784,0.142113,-0.534571,0.826263
2024-07-12T00:00:00.000000000,2225,test,3972.3468,6906065.05,0.1739,-0.003708,-0.547579,0.013868,0.053990,0.055453,-0.095050,0.180770,0.244784,0.142113,-0.662717,0.826263
2024-07-15T00:00:00.000000000,2226,test,3939.0873,6846320.26,0.1738,-0.008373,-0.646320,0.013865,0.053990,0.055453,-0.214602,0.180732,0.244703,0.142168,-0.782204,0.826282
2024-07-16T00:00:00.000000000,2227,test,3930.5216,6835158.50,0.1739,-0.002175,-0.513902,0.013758,0.053990,0.055453,-0.055735,0.179339,0.244703,0.142168,-0.621945,0.826282
2024-07-18T00:00:00.000000000,2228,test,3948.6005,6865268.88,0.1739,0.004600,-0.357390,0.012835,0.053990,0.053990,0.117892,0.167302,0.244703,0.138416,-0.432529,0.826282
2024-07-19T00:00:00.000000000,2229,test,3937.3593,6843823.07,0.1738,-0.002847,-0.441133,0.012842,0.053990,0.019041,-0.072968,0.167391,0.244703,0.048815,-0.533877,0.826282
2024-07-22T00:00:00.000000000,2230,test,3950.8842,6856286.96,0.1735,0.003435,-0.092578,0.008072,0.010363,0.019041,0.088470,0.104723,0.046982,0.048799,-0.112034,0.826336
2024-07-23T00:00:00.000000000,2231,test,3880.6018,6738585.33,0.1736,-0.017789,-0.598063,0.008138,0.017789,0.030963,-0.458163,0.105585,0.080650,0.079354,-0.723752,0.826336
2024-07-24T00:00:00.000000000,2232,test,3893.5849,6763984.76,0.1737,0.003346,-0.140522,0.007416,0.017789,0.030963,0.086168,0.096219,0.080650,0.079354,-0.170054,0.826336
2024-07-25T00:00:00.000000000,2233,test,3819.7816,6640755.95,0.1739,-0.018955,-0.652909,0.007532,0.018955,0.046150,-0.488195,0.097716,0.085936,0.118278,-0.790125,0.826336
2024-07-26T00:00:00.000000000,2234,test,3791.3435,6588938.68,0.1738,-0.007445,-0.423620,0.007591,0.018955,0.053252,-0.191747,0.098487,0.085936,0.136478,-0.512648,0.826336
2024-07-29T00:00:00.000000000,2235,test,3833.2555,6655744.45,0.1736,0.011055,-0.034602,0.007874,0.018955,0.053252,0.283251,0.102525,0.085975,0.136620,-0.041869,0.826433
2024-07-30T00:00:00.000000000,2236,test,3900.5156,6779166.73,0.1738,0.017546,0.096105,0.008502,0.018955,0.053252,0.449589,0.110704,0.085975,0.136620,0.116289,0.826433
2024-07-31T00:00:00.000000000,2237,test,3876.7384,6730067.82,0.1736,-0.006096,-0.404748,0.008522,0.018955,0.053252,-0.156194,0.110963,0.085975,0.136620,-0.489753,0.826433
2024-08-01T00:00:00.000000000,2238,test,3883.3413,6744300.58,0.1737,0.001703,-0.239488,0.008511,0.018955,0.053252,0.043641,0.110831,0.085975,0.136620,-0.289786,0.826433
2024-08-02T00:00:00.000000000,2239,test,3897.5340,6767406.94,0.1736,0.003655,-0.194757,0.008505,0.018955,0.051678,0.093645,0.110747,0.085975,0.132582,-0.235660,0.826433
2024-08-05T00:00:00.000000000,2240,test,3842.5763,6676121.77,0.1737,-0.014101,-0.572546,0.008669,0.018955,0.051678,-0.361539,0.112857,0.086091,0.132366,-0.692853,0.826360
2024-08-06T00:00:00.000000000,2241,test,3781.1003,6567431.76,0.1737,-0.015999,-0.621297,0.008958,0.018955,0.054240,-0.410205,0.116624,0.086091,0.138928,-0.751848,0.826360
2024-08-07T00:00:00.000000000,2242,test,3766.5325,6542455.42,0.1737,-0.003853,-0.370982,0.008895,0.018955,0.057884,-0.098785,0.115797,0.086091,0.148261,-0.448935,0.826360
2024-08-08T00:00:00.000000000,2243,test,3787.6231,6580287.52,0.1737,0.005599,-0.171537,0.008972,0.018955,0.057884,0.143570,0.116800,0.086091,0.148261,-0.207582,0.826360
2024-08-09T00:00:00.000000000,2244,test,3772.8369,6552540.12,0.1737,-0.003904,-0.372494,0.008935,0.018955,0.057884,-0.100094,0.116319,0.086091,0.148261,-0.450765,0.826360
2024-08-12T00:00:00.000000000,2245,test,3789.8614,6579691.29,0.1736,0.004512,-0.195045,0.008995,0.018955,0.057884,0.115581,0.117199,0.086035,0.148370,-0.236022,0.826382
2024-08-13T00:00:00.000000000,2246,test,3784.5811,6572621.95,0.1737,-0.001393,-0.316900,0.008702,0.018955,0.057884,-0.035688,0.113386,0.086035,0.148370,-0.383479,0.826382
2024-08-14T00:00:00.000000000,2247,test,3843.3961,6671615.98,0.1736,0.015541,0.036563,0.009165,0.018955,0.057884,0.398062,0.119413,0.086035,0.148370,0.044245,0.826382
2024-08-16T00:00:00.000000000,2248,test,3819.7312,6636272.72,0.1737,-0.006157,-0.418931,0.008813,0.018955,0.057884,-0.157714,0.114827,0.086035,0.148370,-0.506945,0.826382
2024-08-19T00:00:00.000000000,2249,test,3806.2850,6607304.24,0.1736,-0.003520,-0.362073,0.008722,0.018955,0.057884,-0.090191,0.113635,0.086099,0.148240,-0.438164,0.826340
2024-08-20T00:00:00.000000000,2250,test,3850.5736,6686279.25,0.1736,0.011636,-0.043073,0.008896,0.018955,0.057884,0.298116,0.115902,0.086099,0.148240,-0.052125,0.826340
2024-08-21T00:00:00.000000000,2251,test,3836.8985,6663046.32,0.1737,-0.003551,-0.364360,0.008873,0.018955,0.057884,-0.090991,0.115603,0.086099,0.148240,-0.440932,0.826340
2024-08-22T00:00:00.000000000,2252,test,3849.9760,6688822.36,0.1737,0.003408,-0.210743,0.008793,0.018955,0.055328,0.087325,0.114564,0.086099,0.141694,-0.255031,0.826340
2024-08-23T00:00:00.000000000,2253,test,3855.8570,6700900.40,0.1738,0.001528,-0.250528,0.008790,0.018955,0.055328,0.039136,0.114522,0.086099,0.141694,-0.303178,0.826340
2024-08-26T00:00:00.000000000,2254,test,3872.8931,6725887.07,0.1737,0.004418,-0.182239,0.008834,0.018955,0.051812,0.113263,0.115058,0.086144,0.132606,-0.220545,0.826313
2024-08-27T00:00:00.000000000,2255,test,3879.1428,6735759.06,0.1736,0.001614,-0.230710,0.008830,0.018955,0.046661,0.041368,0.115004,0.086144,0.119423,-0.279203,0.826313
2024-08-28T00:00:00.000000000,2256,test,3894.3562,6769771.60,0.1738,0.003922,-0.180975,0.008752,0.018955,0.046661,0.100538,0.113985,0.086144,0.119423,-0.219015,0.826313
2024-08-29T00:00:00.000000000,2257,test,3920.5609,6812843.59,0.1738,0.006729,-0.122412,0.008835,0.018955,0.046661,0.172497,0.115071,0.086144,0.119423,-0.148142,0.826313
2024-08-30T00:00:00.000000000,2258,test,3905.7273,6792594.65,0.1739,-0.003784,-0.344892,0.008817,0.018955,0.046661,-0.096992,0.114827,0.086144,0.119423,-0.417386,0.826313
2024-09-02T00:00:00.000000000,2259,test,3930.8917,6842489.15,0.1741,0.006443,-0.128761,0.008886,0.018955,0.046661,0.165348,0.115595,0.086132,0.119442,-0.155821,0.826338
2024-09-03T00:00:00.000000000,2260,test,3937.6383,15569551.65,0.3954,0.001716,-0.202775,0.008869,0.018955,0.034350,0.044046,0.115375,0.086132,0.087929,-0.245390,0.826338
2024-09-04T00:00:00.000000000,2261,test,3966.7208,6894334.09,0.1738,0.007386,-0.076723,0.008327,0.018955,0.034350,0.189543,0.108330,0.086132,0.087929,-0.092847,0.826338
2024-09-05T00:00:00.000000000,2262,test,3916.3150,6806624.28,0.1738,-0.012707,-0.506335,0.008653,0.018955,0.034350,-0.326108,0.112577,0.086132,0.087929,-0.612746,0.826338
2024-09-06T00:00:00.000000000,2263,test,3949.6393,6865140.44,0.1738,0.008509,-0.038323,0.008004,0.015999,0.034350,0.218372,0.104122,0.072698,0.087929,-0.046377,0.826338
2024-09-09T00:00:00.000000000,2264,test,3931.9595,6830354.72,0.1737,-0.004476,-0.312783,0.007915,0.015999,0.034350,-0.115029,0.102799,0.072660,0.087996,-0.378484,0.826408
2024-09-10T00:00:00.000000000,2265,test,3928.2061,6824267.60,0.1737,-0.000955,-0.235791,0.007709,0.015999,0.034350,-0.024531,0.100134,0.072660,0.087996,-0.285321,0.826408
2024-09-11T00:00:00.000000000,2266,test,3954.0357,17597344.80,0.4450,0.006575,-0.068293,0.007148,0.015999,0.033611,0.168972,0.092846,0.072660,0.086103,-0.082638,0.826408
2024-09-12T00:00:00.000000000,2267,test,3929.3986,6812684.69,0.1734,-0.006231,-0.340300,0.007153,0.015999,0.033611,-0.160118,0.092900,0.072660,0.086103,-0.411782,0.826408
2024-09-13T00:00:00.000000000,2268,test,3937.6520,6845339.38,0.1738,0.002100,-0.163399,0.007155,0.015999,0.033611,0.053976,0.092935,0.072660,0.086103,-0.197722,0.826408
2024-09-16T00:00:00.000000000,2269,test,3946.5643,6847747.14,0.1735,0.002263,-0.130490,0.007139,0.015999,0.019790,0.058170,0.092710,0.072670,0.050691,-0.157901,0.826403
2024-09-17T00:00:00.000000000,2270,test,3974.7703,6905236.19,0.1737,0.007147,-0.007078,0.006702,0.015999,0.012707,0.183685,0.087030,0.072670,0.032549,-0.008565,0.826403
2024-09-18T00:00:00.000000000,2271,test,3959.5911,6878387.09,0.1737,-0.003819,-0.219892,0.005981,0.012707,0.012707,-0.098149,0.077666,0.057720,0.032549,-0.266084,0.826403
2024-09-19T00:00:00.000000000,2272,test,3975.8981,6910368.67,0.1738,0.004118,-0.050564,0.005911,0.012707,0.012707,0.105845,0.076763,0.057720,0.032549,-0.061186,0.826403
2024-09-20T00:00:00.000000000,2273,test,4018.0736,6981292.74,0.1737,0.010608,0.085416,0.006084,0.012707,0.012707,0.272630,0.079003,0.057720,0.032549,0.103359,0.826403
2024-09-23T00:00:00.000000000,2274,test,4055.4579,7046092.87,0.1737,0.009304,0.058114,0.006119,0.012707,0.012707,0.239851,0.079236,0.057780,0.032514,0.070322,0.826401
2024-09-24T00:00:00.000000000,2275,test,4152.1863,7207690.11,0.1736,0.023851,0.356212,0.007223,0.012707,0.012707,0.614872,0.093538,0.057780,0.032514,0.431040,0.826401
2024-09-25T00:00:00.000000000,2276,test,4176.0531,7259454.48,0.1738,0.005748,-0.029104,0.007190,0.012707,0.012707,0.148180,0.093104,0.057780,0.032514,-0.035218,0.826401
2024-09-26T00:00:00.000000000,2277,test,4088.1204,7100235.09,0.1737,-0.021056,-0.658522,0.008063,0.021056,0.021056,-0.542820,0.104413,0.095745,0.053877,-0.796855,0.826401
2024-09-27T00:00:00.000000000,2278,test,4133.7122,7179654.55,0.1737,0.011152,0.027564,0.008072,0.021056,0.021056,0.287498,0.104522,0.095745,0.053877,0.033355,0.826401
2024-09-30T00:00:00.000000000,2279,test,4134.8866,7175926.87,0.1735,0.000284,-0.203311,0.008003,0.021056,0.021056,0.007316,0.103758,0.095684,0.053901,-0.246027,0.826377
2024-10-01T00:00:00.000000000,2280,test,4055.5952,7048885.73,0.1738,-0.019176,-0.641853,0.008745,0.021056,0.028845,-0.493801,0.113383,0.095684,0.073838,-0.776706,0.826377
2024-10-03T00:00:00.000000000,2281,test,3989.5970,6921195.50,0.1735,-0.016273,-0.619293,0.009285,0.021056,0.044649,-0.419051,0.120378,0.095684,0.114294,-0.749407,0.826377
2024-10-04T00:00:00.000000000,2282,test,3937.0458,6836094.63,0.1736,-0.013172,-0.583642,0.009633,0.021056,0.057233,-0.339190,0.124886,0.095684,0.146507,-0.706266,0.826377
2024-10-07T00:00:00.000000000,2283,test,3890.8122,6756978.82,0.1737,-0.011743,-0.578821,0.009890,0.021056,0.068304,-0.300611,0.128865,0.095390,0.175475,-0.700341,0.826485
2024-10-08T00:00:00.000000000,2284,test,3889.3840,6753801.94,0.1736,-0.000367,-0.338557,0.009862,0.021056,0.068646,-0.009396,0.128495,0.095390,0.176353,-0.409635,0.826485
2024-10-09T00:00:00.000000000,2285,test,3844.0304,6673968.69,0.1736,-0.011661,-0.602944,0.010083,0.021056,0.079506,-0.298503,0.131382,0.095390,0.204254,-0.729529,0.826485
2024-10-10T00:00:00.000000000,2286,test,3848.8712,6686363.22,0.1737,0.001259,-0.329319,0.010058,0.021056,0.079506,0.032236,0.131050,0.095390,0.204254,-0.398458,0.826485
2024-10-11T00:00:00.000000000,2287,test,3867.6638,6713353.13,0.1736,0.004883,-0.252253,0.010020,0.021056,0.079506,0.124989,0.130557,0.095390,0.204254,-0.305212,0.826485
2024-10-14T00:00:00.000000000,2288,test,3874.0099,6731271.71,0.1738,0.001641,-0.320710,0.010006,0.021056,0.079506,0.041914,0.130744,0.095614,0.203679,-0.388123,0.826310
2024-10-15T00:00:00.000000000,2289,test,3870.8889,6739514.40,0.1741,-0.000806,-0.371522,0.009929,0.021056,0.079506,-0.020579,0.129743,0.095614,0.203679,-0.449615,0.826310
2024-10-16T00:00:00.000000000,2290,test,3897.2153,6772696.70,0.1738,0.006801,-0.211812,0.010008,0.021056,0.079506,0.173732,0.130773,0.095614,0.203679,-0.256335,0.826310
2024-10-17T00:00:00.000000000,2291,test,3872.8193,6737886.66,0.1740,-0.006260,-0.486966,0.009959,0.021056,0.079506,-0.159905,0.130128,0.095614,0.203679,-0.589326,0.826310
2024-10-18T00:00:00.000000000,2292,test,3850.3386,6681223.94,0.1735,-0.005805,-0.475187,0.009758,0.021056,0.079506,-0.148279,0.127499,0.095614,0.203679,-0.575071,0.826310
2024-10-21T00:00:00.000000000,2293,test,3785.8336,6575073.57,0.1737,-0.016753,-0.738786,0.010028,0.021056,0.093442,-0.427865,0.131050,0.095531,0.239589,-0.894035,0.826350
2024-10-22T00:00:00.000000000,2294,test,3809.0176,6610880.70,0.1736,0.006124,-0.256740,0.010099,0.021056,0.093442,0.156400,0.131971,0.095531,0.239589,-0.310691,0.826350
2024-10-23T00:00:00.000000000,2295,test,3760.9396,6528261.46,0.1736,-0.012622,-0.667296,0.010312,0.021056,0.099403,-0.322363,0.134753,0.095531,0.254874,-0.807521,0.826350
2024-10-24T00:00:00.000000000,2296,test,3674.7329,6385725.68,0.1738,-0.022922,-0.941686,0.010895,0.022922,0.120046,-0.585406,0.142369,0.103993,0.307804,-1.139572,0.826350
2024-10-25T00:00:00.000000000,2297,test,3695.4976,6423664.83,0.1738,0.005651,-0.339421,0.010963,0.022922,0.120046,0.144316,0.143265,0.103993,0.307804,-0.410746,0.826350
2024-10-28T00:00:00.000000000,2298,test,3687.1734,6405855.53,0.1737,-0.002253,-0.506229,0.010937,0.022922,0.120046,-0.057224,0.143673,0.103989,0.307786,-0.612672,0.826265
2024-10-29T00:00:00.000000000,2299,test,3664.8294,6372364.24,0.1739,-0.006060,-0.591073,0.010928,0.022922,0.122418,-0.153950,0.143550,0.103989,0.313866,-0.715355,0.826265
2024-10-30T00:00:00.000000000,2300,test,3665.6501,6372876.30,0.1739,0.000224,-0.457737,0.010796,0.022922,0.122418,0.005689,0.141818,0.103989,0.313866,-0.553984,0.826265
2024-10-31T00:00:00.000000000,2301,test,3694.6205,6425708.13,0.1739,0.007903,-0.298292,0.010957,0.022922,0.122418,0.200777,0.143934,0.103989,0.313866,-0.361012,0.826265
2024-11-01T00:00:00.000000000,2302,test,3703.5739,6441812.21,0.1739,0.002423,-0.413007,0.010928,0.022922,0.122418,0.061565,0.143558,0.103989,0.313866,-0.499848,0.826265
2024-11-04T00:00:00.000000000,2303,test,3709.2894,6449702.80,0.1739,0.001543,-0.428569,0.010690,0.022922,0.122418,0.039213,0.140468,0.104120,0.313358,-0.518734,0.826183
2024-11-05T00:00:00.000000000,2304,test,3704.1720,6442924.21,0.1739,-0.001380,-0.487463,0.010463,0.022922,0.122418,-0.035055,0.137484,0.104120,0.313358,-0.590017,0.826183
2024-11-06T00:00:00.000000000,2305,test,3664.4054,6373119.33,0.1739,-0.010736,-0.671290,0.009284,0.022922,0.122519,-0.272787,0.121994,0.104120,0.313618,-0.812519,0.826183
2024-11-07T00:00:00.000000000,2306,test,3711.2123,6452405.53,0.1739,0.012773,-0.162860,0.009612,0.022922,0.113783,0.324565,0.126312,0.104120,0.291256,-0.197123,0.826183
2024-11-08T00:00:00.000000000,2307,test,3765.6441,6548442.08,0.1739,0.014667,-0.123231,0.009624,0.022922,0.113783,0.372677,0.126457,0.104120,0.291256,-0.149156,0.826183
2024-11-11T00:00:00.000000000,2308,test,3718.7971,6466886.46,0.1739,-0.012441,-0.690353,0.009422,0.022922,0.113783,-0.316466,0.123672,0.104093,0.291336,-0.835567,0.826209
2024-11-12T00:00:00.000000000,2309,test,3655.0856,6357932.25,0.1739,-0.017132,-0.760233,0.009705,0.022922,0.098755,-0.435813,0.127384,0.104093,0.252856,-0.920146,0.826209
2024-11-13T00:00:00.000000000,2310,test,3693.1477,6416418.81,0.1737,0.010413,-0.148853,0.009621,0.022922,0.083846,0.264899,0.126287,0.104093,0.214683,-0.180163,0.826209
2024-11-14T00:00:00.000000000,2311,test,3655.8562,6355819.88,0.1739,-0.010098,-0.551668,0.009400,0.022922,0.071617,-0.256862,0.123383,0.104093,0.183372,-0.667710,0.826209
2024-11-18T00:00:00.000000000,2312,test,3608.3786,6274681.71,0.1739,-0.012987,-0.618692,0.009394,0.022922,0.074114,-0.331987,0.122647,0.103941,0.190104,-0.748678,0.826379
2024-11-19T00:00:00.000000000,2313,test,3667.6333,6369469.17,0.1737,0.016421,-0.002414,0.009855,0.022922,0.074114,0.419790,0.128667,0.103941,0.190104,-0.002921,0.826379
2024-11-21T00:00:00.000000000,2314,test,3656.1304,6348365.33,0.1736,-0.003136,-0.415553,0.009853,0.022922,0.074114,-0.080175,0.128641,0.103941,0.190104,-0.502861,0.826379
2024-11-22T00:00:00.000000000,2315,test,3616.3334,6276943.27,0.1736,-0.010885,-0.578984,0.009828,0.022922,0.074114,-0.278260,0.128323,0.103941,0.190104,-0.700627,0.826379
2024-11-25T00:00:00.000000000,2316,test,3544.9690,6159051.15,0.1737,-0.019734,-0.805439,0.010308,0.022922,0.090384,-0.504373,0.134612,0.104007,0.231706,-0.974699,0.826347
2024-11-26T00:00:00.000000000,2317,test,3740.5306,6499152.61,0.1737,0.055166,0.730182,0.014598,0.022922,0.090384,1.409971,0.190631,0.104007,0.231706,0.883626,0.826347
2024-11-27T00:00:00.000000000,2318,test,3689.0043,6402343.01,0.1736,-0.013775,-0.727692,0.014766,0.022922,0.090384,-0.352074,0.192826,0.104007,0.231706,-0.880614,0.826347
2024-11-28T00:00:00.000000000,2319,test,3681.4936,6397990.70,0.1738,-0.002036,-0.479754,0.014765,0.022922,0.090384,-0.052037,0.192821,0.104007,0.231706,-0.580572,0.826347
2024-11-29T00:00:00.000000000,2320,test,3728.9023,6469220.84,0.1735,0.012878,-0.154300,0.014920,0.022922,0.084654,0.329134,0.194835,0.104007,0.217017,-0.186725,0.826347
2024-12-02T00:00:00.000000000,2321,test,3698.5888,6424133.64,0.1737,-0.008129,-0.586603,0.014944,0.022922,0.079310,-0.207679,0.195395,0.104299,0.202647,-0.710020,0.826177
2024-12-03T00:00:00.000000000,2322,test,3693.2956,6423953.43,0.1739,-0.001431,-0.423905,0.014922,0.022922,0.069322,-0.036561,0.195105,0.104299,0.177127,-0.513092,0.826177
2024-12-04T00:00:00.000000000,2323,test,3745.8143,6511975.29,0.1738,0.014220,-0.093190,0.014887,0.022922,0.069322,0.363277,0.194648,0.104299,0.177127,-0.112797,0.826177
2024-12-05T00:00:00.000000000,2324,test,3743.1751,6502794.54,0.1737,-0.000705,-0.385055,0.014840,0.022922,0.058602,-0.017999,0.194033,0.104299,0.149737,-0.466068,0.826177
2024-12-06T00:00:00.000000000,2325,test,3757.6974,6531447.22,0.1738,0.003880,-0.286618,0.014684,0.022922,0.058602,0.099114,0.192000,0.104299,0.149737,-0.346921,0.826177
2024-12-09T00:00:00.000000000,2326,test,3794.8049,6597782.75,0.1739,0.009875,-0.141139,0.014142,0.019734,0.058602,0.253084,0.184306,0.089714,0.149879,-0.170815,0.826272
2024-12-10T00:00:00.000000000,2327,test,3789.3041,6588348.19,0.1739,-0.001450,-0.380763,0.014125,0.019734,0.058602,-0.037150,0.184078,0.089714,0.149879,-0.460820,0.826272
2024-12-11T00:00:00.000000000,2328,test,3799.2895,6606124.73,0.1739,0.002635,-0.294162,0.014115,0.019734,0.058602,0.067535,0.183954,0.089714,0.149879,-0.356011,0.826272
2024-12-12T00:00:00.000000000,2329,test,3809.8444,6625595.35,0.1739,0.002778,-0.290484,0.014055,0.019734,0.058602,0.071200,0.183167,0.089714,0.149879,-0.351560,0.826272
2024-12-13T00:00:00.000000000,2330,test,3829.6334,6654741.42,0.1738,0.005194,-0.239479,0.014069,0.019734,0.058602,0.133119,0.183357,0.089714,0.149879,-0.289830,0.826272
2024-12-16T00:00:00.000000000,2331,test,3832.5840,6659743.08,0.1738,0.000770,-0.332703,0.014020,0.019734,0.058602,0.019740,0.182705,0.089672,0.149996,-0.402633,0.826320
2024-12-17T00:00:00.000000000,2332,test,3866.8500,6720201.78,0.1738,0.008941,-0.160440,0.014086,0.019734,0.058602,0.229069,0.183562,0.089672,0.149996,-0.194162,0.826320
2024-12-18T00:00:00.000000000,2333,test,3868.5595,6721117.41,0.1737,0.000442,-0.340379,0.014087,0.019734,0.058602,0.011327,0.183580,0.089672,0.149996,-0.411921,0.826320
2024-12-19T00:00:00.000000000,2334,test,3843.1620,6674091.03,0.1737,-0.006565,-0.489439,0.014153,0.019734,0.058602,-0.168204,0.184439,0.089672,0.149996,-0.592311,0.826320
2024-12-20T00:00:00.000000000,2335,test,3762.0226,6534905.78,0.1737,-0.021113,-0.807032,0.014565,0.021113,0.058602,-0.540924,0.189801,0.095937,0.149996,-0.976658,0.826320
2024-12-23T00:00:00.000000000,2336,test,3779.8098,6567132.75,0.1737,0.004728,-0.258521,0.014418,0.021113,0.058602,0.121090,0.187919,0.095839,0.150170,-0.312838,0.826373
2024-12-24T00:00:00.000000000,2337,test,3766.3259,6543801.31,0.1737,-0.003567,-0.406622,0.014200,0.021113,0.046743,-0.091363,0.185074,0.095839,0.119781,-0.492056,0.826373
2024-12-26T00:00:00.000000000,2338,test,3772.3608,6549983.85,0.1736,0.001602,-0.281132,0.014009,0.021113,0.040123,0.041037,0.182583,0.095839,0.102815,-0.340200,0.826373
2024-12-27T00:00:00.000000000,2339,test,3787.9159,6578013.53,0.1737,0.004123,-0.223671,0.013628,0.021113,0.040123,0.105605,0.177616,0.095839,0.102815,-0.270666,0.826373
2024-12-30T00:00:00.000000000,2340,test,3791.7404,6583228.23,0.1736,0.001010,-0.273881,0.013522,0.021113,0.033445,0.025926,0.175808,0.095898,0.085645,-0.331424,0.826376
2024-12-31T00:00:00.000000000,2341,test,3789.8715,6582575.42,0.1737,-0.000493,-0.304121,0.013369,0.021113,0.033445,-0.012656,0.173819,0.095898,0.085645,-0.368018,0.826376
2025-01-01T00:00:00.000000000,2342,test,3764.5439,6535062.71,0.1736,-0.006683,-0.433564,0.013191,0.021113,0.033445,-0.171606,0.171509,0.095898,0.085645,-0.524657,0.826376
2025-01-02T00:00:00.000000000,2343,test,3785.5315,6573858.21,0.1737,0.005575,-0.164137,0.012923,0.021113,0.030404,0.143157,0.168024,0.095898,0.077858,-0.198623,0.826376
2025-01-03T00:00:00.000000000,2344,test,3815.6400,6628403.59,0.1737,0.007954,-0.107936,0.012954,0.021113,0.027539,0.204233,0.168428,0.095898,0.070521,-0.130614,0.826376
2025-01-06T00:00:00.000000000,2345,test,3872.5711,6719314.22,0.1735,0.014920,0.040686,0.012960,0.021113,0.027539,0.383868,0.168201,0.095966,0.070466,0.049236,0.826360
2025-01-07T00:00:00.000000000,2346,test,3878.1796,6734755.41,0.1737,0.001448,-0.238623,0.012296,0.021113,0.027539,0.037260,0.159592,0.095966,0.070466,-0.288764,0.826360
2025-01-08T00:00:00.000000000,2347,test,3807.9198,6613858.56,0.1737,-0.018117,-0.612269,0.008351,0.021113,0.027539,-0.466100,0.108391,0.095966,0.070466,-0.740923,0.826360
2025-01-09T00:00:00.000000000,2348,test,3810.8207,6625377.67,0.1739,0.000762,-0.206190,0.007912,0.021113,0.027539,0.019600,0.102684,0.095966,0.070466,-0.249516,0.826360
2025-01-10T00:00:00.000000000,2349,test,3791.4412,6586304.52,0.1737,-0.005085,-0.331138,0.007971,0.021113,0.027539,-0.130836,0.103452,0.095966,0.070466,-0.400720,0.826360
2025-01-13T00:00:00.000000000,2350,test,3783.4867,6573188.74,0.1737,-0.002098,-0.264445,0.007676,0.021113,0.027539,-0.053944,0.099620,0.095768,0.070639,-0.319971,0.826465
2025-01-14T00:00:00.000000000,2351,test,3699.1633,6422274.03,0.1736,-0.022287,-0.746993,0.008575,0.022287,0.046160,-0.573050,0.111294,0.101096,0.118402,-0.903842,0.826465
2025-01-15T00:00:00.000000000,2352,test,3679.8351,6394280.04,0.1738,-0.005225,-0.395506,0.008624,0.022287,0.051144,-0.134346,0.111925,0.101096,0.131186,-0.478552,0.826465
2025-01-16T00:00:00.000000000,2353,test,3716.2916,6453586.94,0.1737,0.009907,-0.071736,0.008418,0.022287,0.051144,0.254732,0.109249,0.101096,0.131186,-0.086799,0.826465
2025-01-17T00:00:00.000000000,2354,test,3744.8224,6501867.97,0.1736,0.007677,-0.120385,0.008535,0.022287,0.051144,0.197398,0.110778,0.101096,0.131186,-0.145662,0.826465
2025-01-20T00:00:00.000000000,2355,test,3744.8378,6502012.18,0.1736,0.000004,-0.283344,0.008506,0.022287,0.051144,0.000105,0.110729,0.101158,0.131092,-0.342873,0.826382
2025-01-21T00:00:00.000000000,2356,test,3797.6580,6594383.91,0.1736,0.014105,0.013284,0.008702,0.022287,0.051144,0.361613,0.113288,0.101158,0.131092,0.016075,0.826382
2025-01-22T00:00:00.000000000,2357,test,3839.7818,6668771.98,0.1737,0.011092,-0.052867,0.008918,0.022287,0.051144,0.284374,0.116098,0.101158,0.131092,-0.063974,0.826382
2025-01-23T00:00:00.000000000,2358,test,3798.0228,6598984.77,0.1737,-0.010875,-0.520628,0.009137,0.022287,0.051144,-0.278819,0.118940,0.101158,0.131092,-0.630009,0.826382
2025-01-24T00:00:00.000000000,2359,test,3773.0121,6554901.76,0.1737,-0.006585,-0.430385,0.009197,0.022287,0.051144,-0.168828,0.119728,0.101158,0.131092,-0.520806,0.826382
2025-01-27T00:00:00.000000000,2360,test,3806.6056,6612393.30,0.1737,0.008904,-0.103129,0.009294,0.022287,0.051144,0.228366,0.120990,0.101268,0.130913,-0.124805,0.826317
2025-01-28T00:00:00.000000000,2361,test,3769.8044,6547525.17,0.1737,-0.009668,-0.498373,0.009447,0.022287,0.051144,-0.247964,0.122980,0.101268,0.130913,-0.603125,0.826317
2025-01-29T00:00:00.000000000,2362,test,3811.3317,6628076.85,0.1739,0.011016,-0.060828,0.009523,0.022287,0.051144,0.282540,0.123972,0.101268,0.130913,-0.073613,0.826317
2025-01-30T00:00:00.000000000,2363,test,3838.7067,6673334.69,0.1738,0.007183,-0.143113,0.009620,0.022287,0.051144,0.184223,0.125236,0.101268,0.130913,-0.173194,0.826317
2025-01-31T00:00:00.000000000,2364,test,3896.3377,6772032.14,0.1738,0.015013,0.019619,0.009921,0.022287,0.051144,0.385066,0.129142,0.101268,0.130913,0.023743,0.826317
2025-02-01T00:00:00.000000000,2365,test,3903.9183,6784445.09,0.1738,0.001946,-0.248213,0.009073,0.022287,0.051144,0.049901,0.118106,0.101268,0.130913,-0.300385,0.826317
2025-02-03T00:00:00.000000000,2366,test,3913.5544,6797593.11,0.1737,0.002468,-0.236874,0.009053,0.022287,0.051144,0.063324,0.117843,0.101314,0.130839,-0.286672,0.826288
2025-02-04T00:00:00.000000000,2367,test,3941.6867,6855063.26,0.1739,0.007188,-0.137001,0.009070,0.022287,0.051144,0.184414,0.118064,0.101314,0.130839,-0.165803,0.826288
2025-02-05T00:00:00.000000000,2368,test,4008.3754,6964155.11,0.1737,0.016919,0.064855,0.009480,0.022287,0.051144,0.434043,0.123400,0.101314,0.130839,0.078490,0.826288
2025-02-06T00:00:00.000000000,2369,test,4016.3976,6982455.35,0.1738,0.002001,-0.251282,0.009472,0.022287,0.051144,0.051344,0.123300,0.101314,0.130839,-0.304109,0.826288
2025-02-07T00:00:00.000000000,2370,test,4028.0284,7001736.88,0.1738,0.002896,-0.232316,0.009472,0.022287,0.051144,0.074290,0.123293,0.101314,0.130839,-0.281156,0.826288
2025-02-10T00:00:00.000000000,2371,test,3988.1027,6928756.89,0.1737,-0.009912,-0.506321,0.009705,0.022287,0.051144,-0.254253,0.126327,0.101277,0.130894,-0.612751,0.826309
2025-02-11T00:00:00.000000000,2372,test,3994.4880,6935762.18,0.1736,0.001601,-0.260930,0.009578,0.022287,0.051144,0.041070,0.124677,0.101277,0.130894,-0.315778,0.826309
2025-02-12T00:00:00.000000000,2373,test,3943.8919,6854747.94,0.1738,-0.012666,-0.566877,0.009906,0.022287,0.051144,-0.324909,0.128955,0.101277,0.130894,-0.686035,0.826309
2025-02-13T00:00:00.000000000,2374,test,3908.4732,6792869.83,0.1738,-0.008981,-0.489757,0.010000,0.022287,0.051144,-0.230363,0.130171,0.101277,0.130894,-0.592705,0.826309
2025-02-14T00:00:00.000000000,2375,test,3923.5094,6822737.04,0.1739,0.003847,-0.214346,0.009673,0.022287,0.051144,0.098682,0.125913,0.101277,0.130894,-0.259402,0.826309
2025-02-17T00:00:00.000000000,2376,test,3953.9649,6869867.88,0.1737,0.007762,-0.096923,0.009760,0.022287,0.034372,0.199023,0.127061,0.101162,0.088087,-0.117288,0.826375
2025-02-18T00:00:00.000000000,2377,test,3883.3504,13933199.63,0.3588,-0.017859,-0.642886,0.009743,0.022287,0.035918,-0.457902,0.126847,0.101162,0.092048,-0.777959,0.826375
2025-02-19T00:00:00.000000000,2378,test,3921.6476,6809857.32,0.1736,0.009862,-0.057017,0.009881,0.022287,0.035918,0.252855,0.128641,0.101162,0.092048,-0.068996,0.826375
2025-02-20T00:00:00.000000000,2379,test,3918.9678,6812145.98,0.1738,-0.000683,-0.279814,0.009822,0.022287,0.035918,-0.017521,0.127873,0.101162,0.092048,-0.338605,0.826375
2025-02-21T00:00:00.000000000,2380,test,3935.9352,6840033.91,0.1738,0.004330,-0.173567,0.009819,0.022287,0.035918,0.111009,0.127832,0.101162,0.092048,-0.210034,0.826375
2025-02-24T00:00:00.000000000,2381,test,3951.8185,6870360.63,0.1739,0.004035,-0.151738,0.008788,0.017859,0.035918,0.103679,0.114189,0.081088,0.092018,-0.183616,0.826391
2025-02-25T00:00:00.000000000,2382,test,3931.8030,6830959.62,0.1737,-0.005065,-0.344905,0.008784,0.017859,0.035918,-0.130127,0.114130,0.081088,0.092018,-0.417363,0.826391
2025-02-27T00:00:00.000000000,2383,test,3943.5413,6853370.66,0.1738,0.002985,-0.172758,0.008670,0.017859,0.035918,0.076703,0.112649,0.081088,0.092018,-0.209051,0.826391
2025-02-28T00:00:00.000000000,2384,test,3937.2743,6839807.41,0.1737,-0.001589,-0.269433,0.008627,0.017859,0.035918,-0.040829,0.112101,0.081088,0.092018,-0.326036,0.826391
2025-03-03T00:00:00.000000000,2385,test,3938.6718,6837805.40,0.1736,0.000355,-0.228141,0.008625,0.017859,0.035918,0.009119,0.112058,0.081095,0.092029,-0.276063,0.826410
2025-03-04T00:00:00.000000000,2386,test,3896.8179,6767580.39,0.1737,-0.010626,-0.460842,0.008584,0.017859,0.035918,-0.272997,0.111522,0.081095,0.092029,-0.557643,0.826410
2025-03-05T00:00:00.000000000,2387,test,3881.2966,6740185.18,0.1737,-0.003983,-0.319031,0.008412,0.017859,0.036428,-0.102327,0.109287,0.081095,0.093335,-0.386045,0.826410
2025-03-06T00:00:00.000000000,2388,test,3915.6035,6792131.42,0.1735,0.008839,-0.045335,0.008275,0.017859,0.036428,0.227079,0.107506,0.081095,0.093335,-0.054858,0.826410
2025-03-07T00:00:00.000000000,2389,test,3970.9576,6900589.02,0.1738,0.014137,0.065033,0.008471,0.017859,0.036428,0.363180,0.110056,0.081095,0.093335,0.078693,0.826410
2025-03-10T00:00:00.000000000,2390,test,3967.4201,6892139.14,0.1737,-0.000891,-0.252991,0.008377,0.017859,0.036428,-0.022888,0.108835,0.081131,0.093288,-0.306143,0.826383
2025-03-11T00:00:00.000000000,2391,test,3951.3033,6869943.91,0.1739,-0.004062,-0.318301,0.008188,0.017859,0.036428,-0.104373,0.106381,0.081131,0.093288,-0.385173,0.826383
2025-03-12T00:00:00.000000000,2392,test,3902.8587,6780959.88,0.1737,-0.012260,-0.494213,0.008361,0.017859,0.036428,-0.315006,0.108618,0.081131,0.093288,-0.598044,0.826383
2025-03-13T00:00:00.000000000,2393,test,3957.9649,6872692.15,0.1736,0.014119,0.063052,0.008625,0.017859,0.036428,0.362771,0.112053,0.081131,0.093288,0.076299,0.826383
2025-03-17T00:00:00.000000000,2394,test,3981.1436,6917804.47,0.1738,0.005856,-0.108711,0.008281,0.017859,0.036428,0.150457,0.107584,0.081118,0.093305,-0.131549,0.826392
2025-03-18T00:00:00.000000000,2395,test,3958.2553,6872953.26,0.1736,-0.005749,-0.355947,0.008359,0.017859,0.036428,-0.147707,0.108595,0.081118,0.093305,-0.430724,0.826392
2025-03-19T00:00:00.000000000,2396,test,4002.3053,6955520.19,0.1738,0.011129,0.000138,0.008569,0.017859,0.036428,0.285914,0.111324,0.081118,0.093305,0.000168,0.826392
2025-03-20T00:00:00.000000000,2397,test,4074.8113,7079391.78,0.1737,0.018116,0.143305,0.009052,0.017859,0.036428,0.465434,0.117601,0.081118,0.093305,0.173411,0.826392
2025-03-21T00:00:00.000000000,2398,test,4135.0103,7177480.16,0.1736,0.014773,0.073594,0.008935,0.017859,0.036428,0.379556,0.116079,0.081118,0.093305,0.089055,0.826392
2025-03-24T00:00:00.000000000,2399,test,4180.3041,7258848.42,0.1736,0.010954,-0.009141,0.009108,0.017859,0.036428,0.281622,0.118315,0.081277,0.093092,-0.011062,0.826281
2025-03-25T00:00:00.000000000,2400,test,4213.1372,7328864.48,0.1740,0.007854,-0.058661,0.009179,0.017859,0.028337,0.201933,0.119235,0.081277,0.072415,-0.070994,0.826281
2025-03-26T00:00:00.000000000,2401,test,4233.3231,7364768.80,0.1740,0.004791,-0.121208,0.008944,0.017859,0.028337,0.123182,0.116181,0.081277,0.072415,-0.146692,0.826281
2025-03-27T00:00:00.000000000,2402,test,4214.2693,7322604.21,0.1738,-0.004501,-0.298402,0.009021,0.017859,0.018379,-0.115719,0.117175,0.081277,0.046967,-0.361138,0.826281
2025-03-28T00:00:00.000000000,2403,test,4151.7948,7219273.66,0.1739,-0.014825,-0.520894,0.009144,0.017859,0.019259,-0.381140,0.118774,0.081277,0.049216,-0.630407,0.826281
2025-04-01T00:00:00.000000000,2404,test,4231.5249,7348566.97,0.1737,0.019204,0.199826,0.009436,0.017859,0.019259,0.494564,0.122311,0.081142,0.049309,0.241802,0.826406
2025-04-02T00:00:00.000000000,2405,test,4189.1323,7276755.74,0.1737,-0.010018,-0.424973,0.009704,0.017859,0.019259,-0.258006,0.125786,0.081142,0.049309,-0.514242,0.826406
2025-04-03T00:00:00.000000000,2406,test,4160.8662,7223572.65,0.1736,-0.006747,-0.356151,0.009777,0.017859,0.019259,-0.173772,0.126741,0.081142,0.049309,-0.430963,0.826406
2025-04-04T00:00:00.000000000,2407,test,4148.8106,7204410.75,0.1737,-0.002897,-0.257309,0.009124,0.014825,0.019964,-0.074617,0.118274,0.067354,0.051114,-0.311359,0.826406
2025-04-07T00:00:00.000000000,2408,test,4167.4679,7233251.75,0.1736,0.004497,-0.098959,0.009025,0.014825,0.019964,0.115743,0.117006,0.067293,0.051180,-0.119736,0.826480
2025-04-08T00:00:00.000000000,2409,test,3935.3348,6829344.83,0.1735,-0.055701,-1.690322,0.013751,0.055701,0.070391,-1.433630,0.178272,0.252844,0.180459,-2.045206,0.826480
2025-04-09T00:00:00.000000000,2410,test,4080.9799,7085580.55,0.1736,0.037010,0.265793,0.015245,0.055701,0.070391,0.952547,0.197647,0.252844,0.180459,0.321597,0.826480
2025-04-11T00:00:00.000000000,2411,test,4083.1172,7084407.54,0.1735,0.000524,-0.510244,0.015237,0.055701,0.070391,0.013479,0.197546,0.252844,0.180459,-0.617370,0.826480
2025-04-15T00:00:00.000000000,2412,test,4118.8942,7148883.89,0.1736,0.008762,-0.337068,0.015250,0.055701,0.070391,0.224138,0.199147,0.252451,0.180488,-0.407948,0.826252
2025-04-16T00:00:00.000000000,2413,test,4231.5711,7354326.16,0.1738,0.027356,0.048564,0.015932,0.055701,0.070391,0.699774,0.208058,0.252451,0.180488,0.058777,0.826252
2025-04-17T00:00:00.000000000,2414,test,4225.7581,7342915.45,0.1738,-0.001374,-0.558640,0.015930,0.055701,0.070391,-0.035140,0.208035,0.252451,0.180488,-0.676113,0.826252
2025-04-21T00:00:00.000000000,2415,test,4233.5316,7357412.35,0.1738,0.001840,-0.490633,0.015926,0.055701,0.070391,0.047084,0.207990,0.252845,0.180121,-0.593872,0.826159
2025-04-22T00:00:00.000000000,2416,test,4285.6199,7445592.90,0.1737,0.012304,-0.268278,0.015826,0.055701,0.070391,0.314918,0.206681,0.252845,0.180121,-0.324730,0.826159
2025-04-23T00:00:00.000000000,2417,test,4356.3267,7575671.63,0.1739,0.016499,-0.180787,0.015938,0.055701,0.070391,0.422288,0.208149,0.252845,0.180121,-0.218828,0.826159
2025-04-24T00:00:00.000000000,2418,test,4364.7877,7594731.88,0.1740,0.001942,-0.488356,0.015916,0.055701,0.070391,0.049712,0.207862,0.252845,0.180121,-0.591117,0.826159
2025-04-25T00:00:00.000000000,2419,test,4416.0199,7677725.80,0.1739,0.011738,-0.280724,0.015870,0.055701,0.070391,0.300428,0.207256,0.252845,0.180121,-0.339795,0.826159
2025-04-28T00:00:00.000000000,2420,test,4359.0442,7587609.76,0.1741,-0.012902,-0.804557,0.016129,0.055701,0.070391,-0.330262,0.210639,0.252855,0.180105,-0.973861,0.826152
2025-04-29T00:00:00.000000000,2421,test,4263.3929,7418863.06,0.1740,-0.021943,-1.002012,0.016709,0.055701,0.070391,-0.561694,0.218214,0.252855,0.180105,-1.212867,0.826152
2025-04-30T00:00:00.000000000,2422,test,4310.1016,7491031.89,0.1738,0.010956,-0.304414,0.016536,0.055701,0.070391,0.280442,0.215954,0.252855,0.180105,-0.368472,0.826152
2025-05-02T00:00:00.000000000,2423,test,4251.0191,7393809.11,0.1739,-0.013708,-0.827666,0.016692,0.055701,0.070391,-0.350890,0.217983,0.252855,0.180105,-1.001832,0.826152
2025-05-05T00:00:00.000000000,2424,test,4198.9217,7297812.83,0.1738,-0.012255,-0.798886,0.016887,0.055701,0.070391,-0.313379,0.220587,0.252168,0.180678,-0.966812,0.826310
2025-05-06T00:00:00.000000000,2425,test,4203.7116,7301663.05,0.1737,0.001141,-0.515196,0.016828,0.055701,0.070391,0.029170,0.219815,0.252168,0.180678,-0.623491,0.826310
2025-05-07T00:00:00.000000000,2426,test,4228.4519,7349528.28,0.1738,0.005885,-0.414221,0.016761,0.055701,0.070391,0.150494,0.218939,0.252168,0.180678,-0.501291,0.826310
2025-05-08T00:00:00.000000000,2427,test,4133.6585,7185565.22,0.1738,-0.022418,-1.015236,0.017036,0.055701,0.070391,-0.573249,0.222544,0.252168,0.180678,-1.228639,0.826310
2025-05-09T00:00:00.000000000,2428,test,4204.6878,7307785.30,0.1738,0.017183,-0.179260,0.017109,0.055701,0.070391,0.439390,0.223485,0.252168,0.180678,-0.216941,0.826310
2025-05-12T00:00:00.000000000,2429,test,4087.3525,7098502.90,0.1737,-0.027906,-1.147406,0.017743,0.055701,0.074426,-0.713619,0.231775,0.252291,0.190938,-1.388623,0.826290
2025-05-13T00:00:00.000000000,2430,test,4215.9513,7323638.45,0.1737,0.031463,0.097782,0.018603,0.055701,0.074426,0.804574,0.243007,0.252291,0.190938,0.118338,0.826290
2025-05-14T00:00:00.000000000,2431,test,4266.8225,7411326.87,0.1737,0.012066,-0.313204,0.018708,0.055701,0.074426,0.308565,0.244385,0.252291,0.190938,-0.379048,0.826290
2025-05-15T00:00:00.000000000,2432,test,4264.4775,7414403.06,0.1739,-0.000550,-0.579551,0.018687,0.055701,0.074426,-0.014054,0.244106,0.252291,0.190938,-0.701389,0.826290
2025-05-16T00:00:00.000000000,2433,test,4263.5677,7408398.53,0.1738,-0.000213,-0.570088,0.018468,0.055701,0.074426,-0.005456,0.241252,0.252291,0.190938,-0.689937,0.826290
2025-05-19T00:00:00.000000000,2434,test,4321.0083,7499822.56,0.1736,0.013472,-0.279022,0.018309,0.055701,0.074426,0.344789,0.239220,0.253190,0.190145,-0.337766,0.826080
2025-05-20T00:00:00.000000000,2435,test,4325.8273,7520669.54,0.1739,0.001115,-0.539060,0.018197,0.055701,0.074426,0.028541,0.237758,0.253190,0.190145,-0.652552,0.826080
2025-05-21T00:00:00.000000000,2436,test,4354.1290,7573996.19,0.1739,0.006542,-0.423910,0.018159,0.055701,0.074426,0.167437,0.237261,0.253190,0.190145,-0.513159,0.826080
2025-05-22T00:00:00.000000000,2437,test,4297.4583,7475543.81,0.1740,-0.013015,-0.839277,0.018334,0.055701,0.074426,-0.333092,0.239548,0.253190,0.190145,-1.015975,0.826080
2025-05-23T00:00:00.000000000,2438,test,4294.5786,7472733.74,0.1740,-0.000670,-0.578216,0.018327,0.055701,0.074426,-0.017149,0.239467,0.253190,0.190145,-0.699951,0.826080
2025-05-26T00:00:00.000000000,2439,test,4298.9858,7480584.94,0.1740,0.001026,-0.402201,0.014983,0.027906,0.074426,0.026241,0.195810,0.126507,0.190719,-0.486795,0.826223
2025-05-27T00:00:00.000000000,2440,test,4325.4870,7524664.44,0.1740,0.006165,-0.278861,0.013614,0.027906,0.074426,0.157633,0.177920,0.126507,0.190719,-0.337512,0.826223
2025-05-28T00:00:00.000000000,2441,test,4300.8198,7476247.21,0.1738,-0.005703,-0.530327,0.013683,0.027906,0.074426,-0.145825,0.178818,0.126507,0.190719,-0.641869,0.826223
2025-05-29T00:00:00.000000000,2442,test,4280.4361,7434987.23,0.1737,-0.004740,-0.509831,0.013670,0.027906,0.074426,-0.121194,0.178642,0.126507,0.190719,-0.617061,0.826223
2025-05-30T00:00:00.000000000,2443,test,4284.4577,7447715.20,0.1738,0.000940,-0.380353,0.012790,0.027906,0.074426,0.024025,0.167150,0.126507,0.190719,-0.460351,0.826223
2025-06-02T00:00:00.000000000,2444,test,4267.4095,7416448.47,0.1738,-0.003979,-0.484544,0.012812,0.027906,0.074426,-0.101716,0.167337,0.126656,0.190687,-0.586396,0.826308
2025-06-03T00:00:00.000000000,2445,test,4245.5847,7370499.83,0.1736,-0.005114,-0.508899,0.012846,0.027906,0.074426,-0.130735,0.167793,0.126656,0.190687,-0.615871,0.826308
2025-06-04T00:00:00.000000000,2446,test,4257.6536,7394951.19,0.1737,0.002843,-0.338810,0.012660,0.027906,0.074426,0.072667,0.165353,0.126656,0.190687,-0.410029,0.826308
2025-06-05T00:00:00.000000000,2447,test,4217.8712,7320419.84,0.1736,-0.009344,-0.593140,0.012374,0.027906,0.074426,-0.238850,0.161626,0.126656,0.190687,-0.717820,0.826308
2025-06-06T00:00:00.000000000,2448,test,4218.5822,7328174.78,0.1737,0.000169,-0.392108,0.012364,0.027906,0.074426,0.004309,0.161496,0.126656,0.190687,-0.474530,0.826308
2025-06-09T00:00:00.000000000,2449,test,4234.0551,7351843.78,0.1736,0.003668,-0.290476,0.012169,0.027906,0.062328,0.093759,0.158942,0.126653,0.159700,-0.351535,0.826308
2025-06-10T00:00:00.000000000,2450,test,4359.7924,7570720.64,0.1736,0.029697,0.270970,0.013179,0.027906,0.051681,0.759132,0.172133,0.126653,0.132418,0.327928,0.826308
2025-06-11T00:00:00.000000000,2451,test,4380.8522,7609950.60,0.1737,0.004830,-0.247464,0.012548,0.027906,0.051681,0.123481,0.163892,0.126653,0.132418,-0.299482,0.826308
2025-06-12T00:00:00.000000000,2452,test,4331.0322,7522594.46,0.1737,-0.011372,-0.562331,0.012597,0.027906,0.038501,-0.290707,0.164526,0.126653,0.098648,-0.680534,0.826308
2025-06-13T00:00:00.000000000,2453,test,4320.4310,7504985.36,0.1737,-0.002448,-0.360192,0.012341,0.027906,0.033369,-0.062571,0.161182,0.126653,0.085500,-0.435906,0.826308
2025-06-16T00:00:00.000000000,2454,test,4211.2139,7320552.04,0.1738,-0.025279,-0.863079,0.012998,0.027906,0.038723,-0.649652,0.168871,0.126648,0.099223,-1.044393,0.826393
2025-06-17T00:00:00.000000000,2455,test,4279.9873,7435093.53,0.1737,0.016331,0.017189,0.013317,0.027906,0.038723,0.419692,0.173022,0.126648,0.099223,0.020800,0.826393
2025-06-18T00:00:00.000000000,2456,test,4284.2993,7445180.70,0.1738,0.001007,-0.307873,0.013282,0.027906,0.038723,0.025891,0.172570,0.126648,0.099223,-0.372550,0.826393
2025-06-19T00:00:00.000000000,2457,test,4246.0587,7376926.65,0.1737,-0.008926,-0.512729,0.012714,0.027906,0.038723,-0.229383,0.165188,0.126648,0.099223,-0.620441,0.826393
2025-06-20T00:00:00.000000000,2458,test,4226.3957,7342290.93,0.1737,-0.004631,-0.417993,0.012386,0.027906,0.038723,-0.119009,0.160924,0.126648,0.099223,-0.505804,0.826393
2025-06-23T00:00:00.000000000,2459,test,4188.9138,7273143.28,0.1736,-0.008869,-0.497992,0.011374,0.025279,0.043813,-0.227756,0.147854,0.114739,0.112269,-0.602618,0.826381
2025-06-24T00:00:00.000000000,2460,test,4196.0144,7284915.92,0.1736,0.001695,-0.257547,0.009860,0.025279,0.043813,0.043532,0.128181,0.114739,0.112269,-0.311657,0.826381
2025-06-25T00:00:00.000000000,2461,test,4237.5157,7363369.53,0.1738,0.009891,-0.082733,0.009778,0.025279,0.043813,0.254006,0.127113,0.114739,0.112269,-0.100115,0.826381
2025-06-26T00:00:00.000000000,2462,test,4240.8868,7368252.89,0.1737,0.000796,-0.275769,0.009779,0.025279,0.043813,0.020431,0.127130,0.114739,0.112269,-0.333707,0.826381
2025-06-27T00:00:00.000000000,2463,test,4268.9412,7417213.70,0.1737,0.006615,-0.153063,0.009854,0.025279,0.043813,0.169888,0.128102,0.114739,0.112269,-0.185221,0.826381
2025-06-30T00:00:00.000000000,2464,test,4308.4955,7483498.78,0.1737,0.009266,-0.095113,0.009691,0.025279,0.043813,0.237925,0.126038,0.114905,0.112090,-0.115107,0.826297
2025-07-01T00:00:00.000000000,2465,test,4323.8609,7515654.84,0.1738,0.003566,-0.216253,0.009711,0.025279,0.043813,0.091577,0.126295,0.114905,0.112090,-0.261714,0.826297
2025-07-02T00:00:00.000000000,2466,test,4281.9873,7441936.87,0.1738,-0.009684,-0.498198,0.009785,0.025279,0.043813,-0.248677,0.127257,0.114905,0.112090,-0.602929,0.826297
2025-07-03T00:00:00.000000000,2467,test,4278.5343,7431565.10,0.1737,-0.000806,-0.306832,0.009506,0.025279,0.043813,-0.020707,0.123632,0.114905,0.112090,-0.371335,0.826297
2025-07-04T00:00:00.000000000,2468,test,4288.4243,7456688.81,0.1739,0.002312,-0.240774,0.009515,0.025279,0.043813,0.059357,0.123751,0.114905,0.112090,-0.291389,0.826297
2025-07-07T00:00:00.000000000,2469,test,4267.9614,7418149.20,0.1738,-0.004772,-0.391469,0.009551,0.025279,0.043813,-0.122462,0.124234,0.114718,0.112299,-0.473713,0.826385
2025-07-08T00:00:00.000000000,2470,test,4257.7555,7394551.03,0.1737,-0.002391,-0.340268,0.009485,0.025279,0.043813,-0.061371,0.123367,0.114718,0.112299,-0.411754,0.826385
2025-07-09T00:00:00.000000000,2471,test,4254.3332,7391696.05,0.1737,-0.000804,-0.306069,0.009435,0.025279,0.043813,-0.020629,0.122726,0.114718,0.112299,-0.370371,0.826385
2025-07-10T00:00:00.000000000,2472,test,4267.4553,7415881.93,0.1738,0.003084,-0.223415,0.009418,0.025279,0.043813,0.079160,0.122496,0.114718,0.112299,-0.270353,0.826385
2025-07-11T00:00:00.000000000,2473,test,4276.7190,7422401.01,0.1736,0.002171,-0.242866,0.009425,0.025279,0.043813,0.055712,0.122586,0.114718,0.112299,-0.293890,0.826385
2025-07-14T00:00:00.000000000,2474,test,4266.6621,7415588.36,0.1738,-0.002352,-0.338576,0.009406,0.025279,0.043813,-0.060357,0.122347,0.114764,0.112250,-0.409717,0.826366
2025-07-15T00:00:00.000000000,2475,test,4253.7763,7386224.67,0.1736,-0.003020,-0.352426,0.009376,0.025279,0.043813,-0.077517,0.121947,0.114764,0.112250,-0.426477,0.826366
2025-07-16T00:00:00.000000000,2476,test,4248.3702,7380644.78,0.1737,-0.001271,-0.315207,0.009365,0.025279,0.043813,-0.032620,0.121804,0.114764,0.112250,-0.381438,0.826366
2025-07-17T00:00:00.000000000,2477,test,4247.6185,7378537.93,0.1737,-0.000177,-0.290277,0.009204,0.025279,0.043813,-0.004541,0.119714,0.114764,0.112250,-0.351269,0.826366
2025-07-18T00:00:00.000000000,2478,test,4244.9842,7375529.70,0.1737,-0.000620,-0.299693,0.009205,0.025279,0.043813,-0.015918,0.119732,0.114764,0.112250,-0.362664,0.826366
2025-07-21T00:00:00.000000000,2479,test,4240.0748,7361521.92,0.1736,-0.001157,-0.310872,0.009186,0.025279,0.043813,-0.029682,0.119486,0.114734,0.112284,-0.376185,0.826379
2025-07-22T00:00:00.000000000,2480,test,4269.5441,7405786.32,0.1735,0.006950,-0.120750,0.007494,0.025279,0.043813,0.178375,0.097477,0.114734,0.112284,-0.146119,0.826379
2025-07-23T00:00:00.000000000,2481,test,4309.4944,7490903.03,0.1738,0.009357,-0.048055,0.007647,0.025279,0.032814,0.240147,0.099469,0.114734,0.084095,-0.058152,0.826379
2025-07-24T00:00:00.000000000,2482,test,4306.6580,7476449.93,0.1736,-0.000658,-0.252540,0.007378,0.025279,0.030441,-0.016892,0.095960,0.114734,0.078013,-0.305599,0.826379
2025-07-25T00:00:00.000000000,2483,test,4304.3291,7473885.41,0.1736,-0.000541,-0.232606,0.007366,0.025279,0.022264,-0.013879,0.095807,0.114734,0.057058,-0.281477,0.826379
2025-07-28T00:00:00.000000000,2484,test,4256.5185,7394255.49,0.1737,-0.011108,-0.390231,0.006077,0.011108,0.022264,-0.285912,0.078824,0.050427,0.057041,-0.472204,0.826404
2025-07-29T00:00:00.000000000,2485,test,4209.6772,7312052.76,0.1737,-0.011005,-0.392246,0.005651,0.011108,0.026408,-0.283263,0.073295,0.050427,0.067657,-0.474642,0.826404
2025-07-30T00:00:00.000000000,2486,test,4173.1969,7243510.87,0.1736,-0.008666,-0.362244,0.005827,0.011108,0.034845,-0.223061,0.075578,0.050427,0.089273,-0.438338,0.826404
2025-07-31T00:00:00.000000000,2487,test,4222.3864,7326569.40,0.1735,0.011787,0.070405,0.006053,0.011108,0.034845,0.303402,0.078508,0.050427,0.089273,0.085194,0.826404
2025-08-01T00:00:00.000000000,2488,test,4156.8652,7217612.04,0.1736,-0.015518,-0.540933,0.006610,0.015518,0.038622,-0.399428,0.085737,0.070447,0.098950,-0.654562,0.826404
2025-08-04T00:00:00.000000000,2489,test,4206.2536,7306030.01,0.1737,0.011881,0.039229,0.006785,0.015518,0.038622,0.305086,0.088171,0.070442,0.099005,0.047468,0.826430
2025-08-05T00:00:00.000000000,2490,test,4165.4319,7232907.19,0.1736,-0.009705,-0.421208,0.007004,0.015518,0.038622,-0.249206,0.091018,0.070442,0.099005,-0.509672,0.826430
2025-08-06T00:00:00.000000000,2491,test,4196.6921,7285583.81,0.1736,0.007505,-0.054899,0.006902,0.015518,0.038622,0.192706,0.089687,0.070442,0.099005,-0.066429,0.826430
2025-08-07T00:00:00.000000000,2492,test,4186.9297,7272627.81,0.1737,-0.002326,-0.263589,0.006908,0.015518,0.038622,-0.059733,0.089768,0.070442,0.099005,-0.318948,0.826430
2025-08-08T00:00:00.000000000,2493,test,4148.5509,7207038.06,0.1737,-0.009166,-0.413315,0.006954,0.015518,0.040545,-0.235374,0.090369,0.070442,0.103934,-0.500120,0.826430
2025-08-11T00:00:00.000000000,2494,test,4185.7187,7261344.19,0.1735,0.008959,-0.028544,0.006939,0.015518,0.040545,0.230020,0.090202,0.070463,0.103895,-0.034540,0.826410
2025-08-12T00:00:00.000000000,2495,test,4144.6550,7201257.72,0.1737,-0.009810,-0.423268,0.007064,0.015518,0.038250,-0.251874,0.091824,0.070463,0.098015,-0.512176,0.826410
2025-08-13T00:00:00.000000000,2496,test,4162.6526,7226118.30,0.1736,0.004342,-0.121895,0.006963,0.015518,0.038250,0.111486,0.090507,0.070463,0.098015,-0.147500,0.826410
2025-08-14T00:00:00.000000000,2497,test,4147.6793,7203961.34,0.1737,-0.003597,-0.290526,0.006979,0.015518,0.038250,-0.092351,0.090722,0.070463,0.098015,-0.351552,0.826410
2025-08-18T00:00:00.000000000,2498,test,4141.3457,7191484.36,0.1737,-0.001527,-0.247943,0.006953,0.015518,0.039018,-0.039213,0.090348,0.070445,0.100011,-0.300018,0.826428
2025-08-19T00:00:00.000000000,2499,test,4182.7203,7263467.45,0.1737,0.009991,-0.006127,0.007196,0.015518,0.039018,0.256555,0.093513,0.070445,0.100011,-0.007414,0.826428
2025-08-20T00:00:00.000000000,2500,test,4222.5262,7335965.43,0.1737,0.009517,-0.018525,0.007414,0.015518,0.039018,0.244386,0.096345,0.070445,0.100011,-0.022416,0.826428
2025-08-21T00:00:00.000000000,2501,test,4229.7756,7351030.10,0.1738,0.001717,-0.184138,0.007422,0.015518,0.039018,0.044088,0.096443,0.070445,0.100011,-0.222811,0.826428
2025-08-22T00:00:00.000000000,2502,test,4243.9845,7371587.89,0.1737,0.003359,-0.149326,0.007426,0.015518,0.039018,0.086265,0.096497,0.070445,0.100011,-0.180689,0.826428
2025-08-25T00:00:00.000000000,2503,test,4233.0839,7353194.92,0.1737,-0.002568,-0.275060,0.007425,0.015518,0.039018,-0.065984,0.096485,0.070544,0.099849,-0.332862,0.826349
2025-08-26T00:00:00.000000000,2504,test,4218.6230,7329693.95,0.1737,-0.003416,-0.293187,0.007437,0.015518,0.039018,-0.087761,0.096643,0.070544,0.099849,-0.354798,0.826349
2025-08-28T00:00:00.000000000,2505,test,4214.4557,7321205.72,0.1737,-0.000988,-0.241471,0.007422,0.015518,0.039018,-0.025377,0.096443,0.070544,0.099849,-0.292214,0.826349
2025-08-29T00:00:00.000000000,2506,test,4154.8428,7221343.90,0.1738,-0.014145,-0.525137,0.007828,0.015518,0.039018,-0.363380,0.101717,0.070544,0.099849,-0.635491,0.826349
2025-09-01T00:00:00.000000000,2507,test,4131.6571,7176303.39,0.1737,-0.005580,-0.348650,0.007875,0.015518,0.041266,-0.143262,0.102354,0.070408,0.105837,-0.421861,0.826456
2025-09-02T00:00:00.000000000,2508,test,4139.3044,7188088.45,0.1737,0.001851,-0.191143,0.007891,0.015518,0.041266,0.047518,0.102553,0.070408,0.105837,-0.231281,0.826456
2025-09-03T00:00:00.000000000,2509,test,4172.5680,7247932.10,0.1737,0.008036,-0.061605,0.008048,0.015518,0.041266,0.206304,0.104599,0.070408,0.105837,-0.074541,0.826456
2025-09-04T00:00:00.000000000,2510,test,4155.0603,7212209.30,0.1736,-0.004196,-0.320101,0.007952,0.015518,0.041266,-0.107719,0.103353,0.070408,0.105837,-0.387317,0.826456
2025-09-05T00:00:00.000000000,2511,test,4237.1915,7355834.15,0.1736,0.019767,0.182776,0.008592,0.015518,0.040635,0.507455,0.111673,0.070408,0.104218,0.221156,0.826456
2025-09-08T00:00:00.000000000,2512,test,4232.2048,7342793.16,0.1735,-0.001177,-0.260392,0.008593,0.015518,0.040116,-0.030227,0.111691,0.070555,0.102640,-0.315114,0.826341
2025-09-09T00:00:00.000000000,2513,test,4234.5472,7354579.08,0.1737,0.000553,-0.200896,0.008595,0.015518,0.029334,0.014215,0.111721,0.070555,0.075054,-0.243115,0.826341
2025-09-10T00:00:00.000000000,2514,test,4263.9956,7410870.55,0.1738,0.006954,-0.057564,0.008463,0.015518,0.026467,0.178618,0.110005,0.070555,0.067719,-0.069661,0.826341
2025-09-11T00:00:00.000000000,2515,test,4288.8074,7450483.57,0.1737,0.005819,-0.079525,0.008264,0.015518,0.026467,0.149456,0.107419,0.070555,0.067719,-0.096237,0.826341
2025-09-12T00:00:00.000000000,2516,test,4286.1329,7442518.07,0.1736,-0.000624,-0.214348,0.008086,0.015518,0.026467,-0.016017,0.105103,0.070555,0.067719,-0.259394,0.826341
2025-09-15T00:00:00.000000000,2517,test,4289.4518,7451260.15,0.1737,0.000774,-0.181765,0.007831,0.015518,0.026467,0.019923,0.101597,0.070515,0.067760,-0.219949,0.826395
2025-09-16T00:00:00.000000000,2518,test,4328.7702,7515362.40,0.1736,0.009166,0.006628,0.007382,0.014145,0.026467,0.235840,0.095782,0.064277,0.067760,0.008021,0.826395
2025-09-17T00:00:00.000000000,2519,test,4325.1277,7508691.07,0.1736,-0.000841,-0.203433,0.007128,0.014145,0.026467,-0.021650,0.092481,0.064277,0.067760,-0.246169,0.826395
2025-09-18T00:00:00.000000000,2520,test,4351.4624,7560561.43,0.1737,0.006089,-0.053644,0.006901,0.014145,0.026467,0.156659,0.089534,0.064277,0.067760,-0.064913,0.826395
2025-09-19T00:00:00.000000000,2521,test,4343.0090,7545840.34,0.1737,-0.001943,-0.223694,0.006834,0.014145,0.026467,-0.049982,0.088667,0.064277,0.067760,-0.270687,0.826395
2025-09-22T00:00:00.000000000,2522,test,4352.0508,7552630.89,0.1735,0.002082,-0.137807,0.006805,0.014145,0.026467,0.053566,0.088278,0.064283,0.067761,-0.166757,0.826397
2025-09-23T00:00:00.000000000,2523,test,4346.0940,7548118.50,0.1737,-0.001369,-0.208374,0.006543,0.014145,0.026467,-0.035216,0.084888,0.064283,0.067761,-0.252148,0.826397
2025-09-24T00:00:00.000000000,2524,test,4405.7908,7651895.36,0.1737,0.013736,0.110298,0.006775,0.014145,0.026467,0.353408,0.087895,0.064283,0.067761,0.133469,0.826397
2025-09-25T00:00:00.000000000,2525,test,4399.1213,7635326.08,0.1736,-0.001514,-0.210569,0.006460,0.014145,0.026467,-0.038949,0.083811,0.064283,0.067761,-0.254804,0.826397
2025-09-26T00:00:00.000000000,2526,test,4379.2803,7603204.98,0.1736,-0.004510,-0.275226,0.006549,0.014145,0.026467,-0.116044,0.084956,0.064283,0.067761,-0.333044,0.826397
2025-09-29T00:00:00.000000000,2527,test,4368.4262,7587459.08,0.1737,-0.002479,-0.231742,0.006521,0.014145,0.026467,-0.063759,0.084606,0.064254,0.067798,-0.280416,0.826423
2025-09-30T00:00:00.000000000,2528,test,4324.7342,7508389.87,0.1736,-0.010002,-0.395028,0.006833,0.014145,0.026467,-0.257293,0.088653,0.064254,0.067798,-0.477998,0.826423
2025-10-01T00:00:00.000000000,2529,test,4325.0403,7503452.93,0.1735,0.000071,-0.178930,0.006651,0.014145,0.026467,0.001821,0.086281,0.064254,0.067798,-0.216512,0.826423
2025-10-03T00:00:00.000000000,2530,test,4319.0961,7498022.51,0.1736,-0.001374,-0.207807,0.006478,0.014145,0.026467,-0.035355,0.084046,0.064254,0.067798,-0.251453,0.826423
2025-10-06T00:00:00.000000000,2531,test,4359.6588,7569303.11,0.1736,0.009391,0.019102,0.006659,0.014145,0.026467,0.241568,0.086399,0.064238,0.067817,0.023114,0.826437
2025-10-07T00:00:00.000000000,2532,test,4386.1097,7614086.48,0.1736,0.006067,-0.046783,0.006709,0.014145,0.023961,0.156061,0.087036,0.064238,0.061394,-0.056607,0.826437
2025-10-08T00:00:00.000000000,2533,test,4406.3457,7643184.18,0.1735,0.004614,-0.070513,0.006701,0.014145,0.020615,0.118673,0.086935,0.064238,0.052821,-0.085322,0.826437
2025-10-09T00:00:00.000000000,2534,test,4410.9979,7651186.87,0.1735,0.001056,-0.143534,0.006642,0.014145,0.019677,0.027157,0.086177,0.064238,0.050419,-0.173678,0.826437
2025-10-10T00:00:00.000000000,2535,test,4407.3631,7648985.85,0.1736,-0.000824,-0.183473,0.006640,0.014145,0.019677,-0.021196,0.086151,0.064238,0.050419,-0.222005,0.826437
2025-10-13T00:00:00.000000000,2536,test,4424.8350,7683947.00,0.1737,0.003964,-0.058887,0.005980,0.010002,0.019677,0.102084,0.077507,0.045454,0.050378,-0.071256,0.826412
2025-10-14T00:00:00.000000000,2537,test,4419.4693,7674211.00,0.1736,-0.001213,-0.167582,0.005842,0.010002,0.019677,-0.031227,0.075723,0.045454,0.050378,-0.202782,0.826412
2025-10-15T00:00:00.000000000,2538,test,4470.9094,7760922.60,0.1736,0.011639,0.103391,0.006078,0.010002,0.019677,0.299728,0.078787,0.045454,0.050378,0.125109,0.826412
2025-10-16T00:00:00.000000000,2539,test,4456.3423,7738477.90,0.1737,-0.003258,-0.213654,0.006079,0.010002,0.019677,-0.083902,0.078797,0.045454,0.050378,-0.258532,0.826412
2025-10-17T00:00:00.000000000,2540,test,4515.7709,7836431.40,0.1735,0.013336,0.137390,0.006274,0.010002,0.019677,0.343410,0.081328,0.045454,0.050378,0.166249,0.826412
2025-10-20T00:00:00.000000000,2541,test,4520.9465,7849768.51,0.1736,0.001146,-0.112955,0.005429,0.010002,0.019677,0.029516,0.070364,0.045476,0.050359,-0.136682,0.826406
2025-10-21T00:00:00.000000000,2542,test,4588.0112,7960098.39,0.1735,0.014834,0.173921,0.005844,0.010002,0.019677,0.382034,0.075743,0.045476,0.050359,0.210455,0.826406
2025-10-23T00:00:00.000000000,2543,test,4566.4369,7926658.25,0.1736,-0.004702,-0.243363,0.005984,0.010002,0.019677,-0.121102,0.077547,0.045476,0.050359,-0.294484,0.826406
2025-10-24T00:00:00.000000000,2544,test,4577.0750,7951547.21,0.1737,0.002330,-0.093098,0.005927,0.010002,0.019677,0.059996,0.076815,0.045476,0.050359,-0.112654,0.826406
2025-10-27T00:00:00.000000000,2545,test,4546.1610,7894298.15,0.1736,-0.006754,-0.288384,0.006111,0.010002,0.019677,-0.173901,0.079201,0.045445,0.050399,-0.348946,0.826444
2025-10-28T00:00:00.000000000,2546,test,4544.1765,7890695.17,0.1736,-0.000437,-0.153927,0.006108,0.010002,0.019677,-0.011240,0.079168,0.045445,0.050399,-0.186252,0.826444
2025-10-29T00:00:00.000000000,2547,test,4507.1189,7827193.75,0.1737,-0.008155,-0.320982,0.006371,0.010002,0.019677,-0.209970,0.082575,0.045445,0.050399,-0.388389,0.826444
2025-10-30T00:00:00.000000000,2548,test,4529.3820,7858867.96,0.1735,0.004940,-0.041042,0.006249,0.010002,0.019677,0.127181,0.080997,0.045445,0.050399,-0.049661,0.826444
2025-10-31T00:00:00.000000000,2549,test,4550.8821,7894891.20,0.1735,0.004747,-0.045248,0.006259,0.010002,0.019677,0.122219,0.081124,0.045445,0.050399,-0.054750,0.826444
