time,open,high,low,close,volume
2015-01-01,1107.9263543162904,1152.0271067657977,1101.001864064952,1126.5361328125,111455
2015-01-02,1137.1392749897911,1145.1457858825945,1111.3886488581795,1114.8509521484375,50549
2015-01-05,1123.506643290802,1137.3556235745248,1112.2541867824784,1115.110595703125,39947
2015-01-06,1113.509582624639,1114.8079612604165,1083.0848562147248,1104.9837646484375,64200
2015-01-07,1114.764712453377,1118.227016830353,1084.642932056633,1089.057373046875,45574
2015-01-08,1094.077365174599,1142.549145702792,1094.077365174599,1114.8509521484375,76715
2015-01-09,1120.8664752135442,1127.7477862289907,1087.1526367612132,1094.986083984375,137732
2015-01-12,1101.781002371598,1107.883358070994,1090.0959449731076,1096.6741943359375,38742
2015-01-13,1096.6742836201279,1128.7003353175028,1095.8087366739067,1100.396240234375,90929
2015-01-14,1099.270582559833,1126.9686552110843,1085.4214880422896,1092.77880859375,58719
2015-01-15,1092.3461524824793,1113.9854025102147,1091.5239005519356,1097.66943359375,47663
2015-01-16,1091.4809077428906,1114.851257685279,1085.3353730007645,1104.8538818359375,74290
2015-01-19,1108.7922420648265,1133.8936843390534,1098.621804022848,1101.9542236328125,104746
2015-01-20,1103.6851597628938,1126.968915286869,1094.9429859341253,1102.99267578125,73156
2015-01-21,1103.5987606463916,1118.226816533504,1096.674153132775,1100.65576171875,49776
2015-01-22,1104.4642751438237,1124.3723174906627,1099.4872354611473,1104.377685546875,56419
2015-01-23,1110.5231217160856,1141.5104399315385,1110.5231217160856,1122.1217041015625,169680
2015-01-27,1130.3880516856789,1161.5052593548482,1126.6660953437965,1140.0391845703125,171146
2015-01-28,1142.5491541513104,1170.2472315266223,1142.5491541513104,1154.45068359375,125523
2015-01-29,1151.20468961607,1152.7194254313004,1126.059958699395,1130.6474609375,46328
2015-01-30,1139.9522051268177,1142.5489612713036,1101.8672242332627,1111.3018798828125,45507
2015-02-02,1107.9263559844028,1120.9099061570475,1087.1527688152555,1090.57177734375,65479
2015-02-03,1094.0772632642174,1107.9262423675445,1086.849710183426,1094.20703125,47495
2015-02-04,1102.040832425395,1115.6734583398666,1093.298540811518,1097.4100341796875,45751
2015-02-05,1102.6465412380312,1103.5986776091092,1086.5036341100497,1095.3323974609375,265480
2015-02-06,1100.0497544305415,1115.6732399572245,1099.2707972667085,1108.31591796875,56040
2015-02-09,1110.5234291037723,1112.1680498372389,1087.153078685328,1097.62646484375,31316
2015-02-10,1090.5718635601847,1204.0044664014742,1077.8047863498,1180.5909423828125,645300
2015-02-11,1190.155270146587,1218.6757158020039,1166.1791485043973,1176.9986572265625,193402
2015-02-12,1180.6341369081529,1190.0689114278414,1160.7260946282163,1178.72998046875,73308
2015-02-13,1178.9030747042495,1203.0523784900283,1177.1719810281497,1190.847900390625,119644
2015-02-16,1194.4831839800188,1258.535158537397,1187.4288089832505,1247.9320068359375,263145
2015-02-18,1250.7450790827754,1263.468860696557,1250.7450790827754,1259.96337890625,177840
2015-02-19,1263.7285984220814,1321.115615043253,1221.3157613170026,1231.745849609375,184309
2015-02-20,1231.7025979498753,1250.7450921584618,1216.9879539145002,1225.0810546875,65515
2015-02-23,1229.105724030665,1248.58104795209,1212.7032828398815,1222.137939453125,44148
2015-02-24,1226.5091045557476,1228.2401979353408,1186.6930257543067,1190.8909912109375,41261
2015-02-25,1194.4831962301637,1249.0139240217811,1194.4831962301637,1229.0194091796875,201309
2015-02-26,1233.4341345157288,1238.627533312282,1190.6318601592143,1197.7728271484375,121805
2015-02-27,1202.4461603834516,1224.69130169099,1202.4461603834516,1220.1470947265625,150537
2015-03-02,1215.2571279578494,1233.4339630266395,1204.8702154249752,1212.2275390625,59739
2015-03-03,1216.1224866690868,1233.433772109919,1196.5173916052581,1202.48974609375,64532
2015-03-04,1206.6012373546278,1218.719125508879,1201.0183032904765,1202.61962890625,215097
2015-03-05,1206.6011945317769,1209.1978348795892,1185.827489829968,1189.419677734375,50304
2015-03-09,1185.8275084472555,1193.4013047776384,1155.5326722773157,1159.6441650390625,36288
2015-03-10,1158.2157550972822,1179.0759306856464,1131.2966363215548,1149.81982421875,157934
2015-03-11,1153.8017997724774,1186.6933990174357,1130.4314498777994,1136.66357421875,55572
2015-03-12,1139.5197633334826,1156.3983348932536,1129.7821572292735,1140.0391845703125,264459
2015-03-13,1146.8338707333055,1172.5845006777201,1134.8890448163354,1141.2076416015625,79198
2015-03-16,1145.1458783256317,1152.4166110766414,1108.0996141959954,1110.653076171875,175362
2015-03-17,1116.6253364892054,1120.9098916971673,1102.3435245906178,1105.71923828125,64091
2015-03-18,1115.1105110525702,1116.1492368677316,1095.0292933130315,1097.8424072265625,56449
2015-03-19,1107.9264229225328,1139.2166899496788,1099.2708386683432,1108.2293701171875,172522
2015-03-20,1115.5436392180063,1115.5436392180063,1090.615260479758,1101.6512451171875,110965
2015-03-23,1102.7330060256454,1103.5553743848507,1069.8847088178263,1077.1988525390625,56015
2015-03-24,1081.8729019242944,1081.8729019242944,1052.5302009878587,1056.2088623046875,66896
2015-03-25,1058.5892077333149,1071.572760107122,1032.6655141712315,1035.73828125,65606
2015-03-26,1039.546553649956,1073.2603968163476,1022.8411638496453,1054.088134765625,70491
2015-03-27,1062.0513979680939,1064.3019127261584,1026.433280547702,1039.24365234375,55394
2015-03-30,1047.336723071613,1069.1490368842929,1036.0843823749242,1052.2271728515625,129074
2015-03-31,1056.0789779410763,1097.8859256640608,1052.5302010214257,1090.7017822265625,93726
2015-04-01,1095.85174958804,1111.3886449701574,1095.8084547942833,1105.71923828125,77428
2015-04-06,1110.523115469794,1194.4831274840262,1104.290992749248,1163.4525146484375,158371
2015-04-07,1166.7852471396266,1185.654564899728,1146.87708690542,1165.0107421875,80299
2015-04-08,1165.919339594251,1211.7944786338824,1162.8898679456474,1196.949951171875,184364
2015-04-09,1200.2394078529337,1203.0525227017101,1173.233807902776,1178.3839111328125,36660
2015-04-10,1172.844046298154,1189.636026179818,1159.6008431130174,1172.367919921875,41138
2015-04-13,1181.4995028869444,1231.0098855338285,1172.9303937217592,1206.9903564453125,114902
2015-04-15,1209.1978100744648,1239.9254767216758,1203.1821611324867,1207.380126953125,99041
2015-04-16,1211.7945208883036,1222.1813144410812,1176.609237361095,1196.8634033203125,41936
2015-04-17,1194.9594442214811,1194.9594442214811,1164.188478866133,1173.3201904296875,29120
2015-04-20,1176.2198265434631,1176.2198265434631,1134.0233422851916,1146.5308837890625,28530
2015-04-21,1144.2804374372754,1196.2145302548824,1122.6411836033246,1182.451904296875,67662
2015-04-22,1185.8273112726004,1206.6010128463843,1160.3364560934256,1179.2923583984375,41494
2015-04-23,1189.2897461530074,1200.7585606230477,1159.8604584090551,1177.561279296875,33540
2015-04-24,1171.9787587148637,1188.3812054405366,1133.80717146774,1153.58544921875,53253
2015-04-27,1156.744549936248,1160.0769693687312,1125.4109853733412,1140.818115234375,24442
2015-04-28,1149.4791857877324,1166.3666776397447,1138.1050859165512,1163.41455078125,54483
2015-04-29,1162.546634805334,1172.140845395094,1128.7282128438035,1163.328125,70917
2015-04-30,1162.5899624216065,1166.9312369722925,1141.9255375884923,1159.85498046875,64960
2015-05-04,1161.2874665363418,1210.25691358127,1161.2874665363418,1198.8828125,64768
2015-05-05,1206.00253803647,1228.577024611368,1196.1044418366926,1217.8541259765625,130955
2015-05-06,1172.1406755479572,1206.870753207509,1134.5018997439897,1187.8126220703125,119615
2015-05-07,1157.6409481991163,1201.4008942233932,1157.6409481991163,1194.8021240234375,82223
2015-05-08,1196.4518276140195,1213.8168093199813,1172.2709303561385,1181.9085693359375,45530
2015-05-11,1182.6468119807885,1193.8471994659305,1150.4345634176345,1154.515380859375,40388
2015-05-12,1159.9852020873716,1169.3189544569589,1114.8361082143558,1148.4375,51291
2015-05-13,1152.86550361073,1179.954980244942,1137.4105859422666,1172.0103759765625,44341
2015-05-14,1171.1855964517688,1175.4834417038942,1157.380400088725,1166.974609375,17155
2015-05-15,1167.9295060836273,1180.8230397095087,1155.6003170145946,1174.2677001953125,35806
2015-05-18,1176.481884662314,1176.481884662314,1156.425235863415,1164.3262939453125,26202
2015-05-19,1158.2486695656153,1175.6137674939162,1158.2486695656153,1166.8443603515625,20326
2015-05-20,1170.4909151411377,1182.4727897851833,1149.9133503555995,1163.97900390625,26739
2015-05-21,1165.8022740410545,1175.613627922431,1157.3803006113892,1165.845703125,17305
2015-05-22,1172.140907414005,1219.590930495355,1162.1125221027232,1212.94873046875,78691
2015-05-25,1212.0803903417018,1234.3945379943611,1195.0626072491368,1202.83349609375,159059
2015-05-26,1193.933828947086,1206.8273650238907,1177.393650352987,1188.0731201171875,19913
2015-05-27,1187.769067886846,1188.5938702238304,1167.7992782544488,1177.089599609375,29781
2015-05-28,1180.8235305876274,1206.8710664057403,1156.512458242426,1165.498779296875,24756
2015-05-29,1176.3952957279769,1179.6511936457196,1155.9045848803864,1160.0721435546875,19747
2015-06-01,1172.1407072453135,1172.1407072453135,1149.73981997479,1156.2950439453125,13965
2015-06-02,1162.9374596435225,1171.2726940705359,1137.4975821418006,1143.1846923828125,18687
2015-06-03,1130.5513891978044,1142.9674385726942,1093.997989736347,1099.945556640625,31168
2015-06-04,1101.855794202195,1126.991783813115,1101.855794202195,1111.1461181640625,28763
2015-06-05,1108.7582050670997,1127.8597643873836,1089.8302453428826,1099.2508544921875,27339
2015-06-08,1099.2511353402606,1107.8902566523452,1080.9743737352499,1095.6044921875,17036
2015-06-09,1096.7328566514411,1146.093045362568,1085.3153272625057,1129.7698974609375,30198
2015-06-10,1130.4645195114974,1150.4343113743412,1115.704233493532,1122.737060546875,35357
2015-06-11,1130.4644812413492,1141.7084117244265,1089.656667380478,1098.1220703125,26439
2015-06-12,1093.6507186704082,1114.6624594766213,1087.0519486649098,1096.9066162109375,15827
2015-06-15,1102.6371607015574,1107.021864366004,1089.6567660683195,1098.078857421875,9090
2015-06-16,1095.7780060204875,1102.6806634083146,1076.7198724086547,1095.0833740234375,12970
2015-06-17,1095.0831407448882,1154.7754822951597,1095.0831407448882,1142.0556640625,47911
2015-06-18,1133.503643407895,1154.6022460632687,1128.9887684577432,1138.53955078125,19158
2015-06-19,1138.2787784678035,1167.7993489947817,1138.2787784678035,1152.2576904296875,45281
2015-06-22,1159.9850276808868,1167.71248622005,1151.172308991853,1160.63623046875,21034
2015-06-23,1160.419465153089,1189.5058680581776,1154.9495005874144,1164.3699951171875,41223
2015-06-24,1160.8535864874866,1179.9551492472199,1139.0170415694806,1146.744384765625,30983
2015-06-25,1146.961493327569,1197.3200934857455,1142.7070767738078,1186.2498779296875,86784
2015-06-26,1192.978692749945,1192.978692749945,1166.9311638234772,1176.3082275390625,28280
2015-06-29,1154.7756930938544,1154.7756930938544,1121.7387628313286,1146.8746337890625,19343
2015-06-30,1146.0932759112502,1162.590026720342,1146.0932759112502,1149.82666015625,89542
2015-07-01,1133.2429383124613,1162.0689953829399,1133.2429383124613,1153.343017578125,17728
2015-07-02,1157.3805002045037,1190.3741179941126,1141.1007783944397,1181.9520263671875,64315
2015-07-03,1190.374134660466,1215.9874923967243,1185.42508608549,1211.6029052734375,87216
2015-07-06,1204.266292117423,1231.18205790455,1191.2424666911406,1217.4202880859375,65222
2015-07-07,1220.7629131969557,1226.753792863329,1198.1883082307147,1211.5594482421875,70301
2015-07-08,1198.1884587845757,1241.6010942545863,1186.0764106568104,1235.7838134765625,122130
2015-07-09,1241.600859875467,1241.600859875467,1198.014632992192,1206.56689453125,49897
2015-07-10,1198.622512485144,1223.671525565743,1181.6915875216655,1194.064208984375,54848
2015-07-13,1201.6613087035869,1215.2929060329964,1193.8469912149428,1209.736083984375,39834
2015-07-14,1210.3440370731023,1218.1582389746397,1193.8471680961914,1201.4444580078125,21021
2015-07-15,1206.0025805902114,1228.577067961649,1203.3543400953276,1219.677490234375,156590
2015-07-16,1219.0264904933476,1247.3315182642416,1219.0264904933476,1240.4722900390625,97572
2015-07-17,1242.4692985443692,1254.6248922453963,1218.1582278871954,1226.1895751953125,52867
2015-07-20,1229.4453220232467,1232.9182479711983,1206.0459172363746,1210.560791015625,28142
2015-07-21,1211.211945652425,1241.4705764495002,1199.49052918206,1206.7838134765625,41181
2015-07-22,1222.4994531905895,1231.1385739944308,1202.529658473007,1207.001220703125,14066
2015-07-23,1215.509965923728,1239.7776047333994,1206.870845747484,1224.018798828125,46492
2015-07-24,1225.625081246604,1239.8644525860445,1180.8233048550233,1189.5057373046875,250471
2015-07-27,1189.5058613697872,1219.8947867201996,1137.410794258837,1140.579833984375,51758
2015-07-28,1150.347570151963,1176.0912125129298,1136.5856861660086,1146.700927734375,35310
2015-07-29,1154.6889310122376,1193.8470275930677,1147.569245248941,1189.3321533203125,50590
2015-07-30,1198.1883812486572,1213.7301595452518,1185.3817018954142,1195.8875732421875,31183
2015-07-31,1198.188041766114,1223.3673358914216,1198.188041766114,1203.9185791015625,42831
2015-08-03,1194.1076074765638,1211.2121316253813,1185.1646003278533,1192.4578857421875,18945
2015-08-04,1200.793075880672,1206.0025819526477,1173.8771972214104,1182.255859375,44825
2015-08-05,1192.1107319921357,1214.6853400187294,1186.9012250236733,1192.718505859375,33799
2015-08-06,1201.2271414258694,1214.3378232459993,1187.5956607633361,1195.3231201171875,30835
2015-08-07,1196.4520077115178,1223.2810328189855,1194.715544302998,1201.4879150390625,52403
2015-08-10,1200.7929606257105,1211.2119717696207,1179.0865901218538,1186.9443359375,16002
2015-08-11,1198.6226223499434,1206.870998499499,1172.140913781188,1174.35498046875,12653
2015-08-12,1173.8771006886132,1177.87105890685,1148.0900302411815,1152.865478515625,50406
2015-08-13,1154.7758160177923,1171.2292560079643,1113.099760946649,1116.6595458984375,47365
2015-08-14,1126.991572603786,1137.3237259273494,1102.7672482909709,1117.8314208984375,31317
2015-08-17,1120.0454915133778,1146.0931371033635,1108.107045657063,1111.4063720703125,15408
2015-08-18,1123.5182655696644,1146.0928629996583,1113.2294270082616,1135.3265380859375,19390
2015-08-19,1139.1473216640597,1170.3610513366643,1124.5173196531453,1147.6995849609375,41169
2015-08-20,1155.6441259642534,1158.2488209470105,1107.0219855040052,1108.4111328125,56882
2015-08-21,1105.2854955271414,1110.0175160704343,1083.0582028204915,1103.28857421875,51056
2015-08-24,1083.579070658631,1087.269142516441,975.9157255236353,1025.8402099609375,66164
2015-08-25,1042.7711395746348,1060.9610411421454,997.8390741875643,1037.3446044921875,66258
2015-08-26,1037.5616396439616,1041.0346828256074,1020.3268277571751,1033.2637939453125,28350
2015-08-27,1041.9897843483502,1059.2245964291405,1021.0649003282963,1041.8594970703125,137067
2015-08-28,1052.321819224788,1095.7344459324481,1047.5030584041936,1078.890380859375,93718
2015-08-31,1076.6328768051724,1095.7344370718738,1059.3113253968263,1065.8231201171875,36698
2015-09-01,1041.9028896013936,1072.291695668091,1023.3223600239228,1035.955322265625,25759
2015-09-02,1041.9029028280868,1085.3155335079964,1001.3989705886883,1006.7386474609375,37908
2015-09-03,1040.1661419381524,1040.1661419381524,1007.2593915434197,1034.9132080078125,33353
2015-09-04,1037.5616032437983,1044.0300861109372,1005.4363343614388,1033.7847900390625,37936
2015-09-07,1042.7709552306067,1047.11222922705,1005.4361856529545,1008.605224609375,12647
2015-09-08,999.5756292236999,1024.451041939815,985.4665449651366,1005.0455932617188,38978
2015-09-09,1021.0212748235413,1031.483714820927,1010.3852352337063,1025.362548828125,21946
2015-09-10,1013.2504759613787,1017.5917503456153,1003.9168411056444,1013.033447265625,61848
2015-09-11,1014.1186803650119,1024.5811209975236,994.0621473494988,998.6638793945312,166686
2015-09-14,1007.1727718198322,1008.0410033764123,994.1489482365376,999.4453125,27757
2015-09-15,999.3584879861776,1001.9632994885303,956.8141479492188,956.8141479492188,67672
2015-09-16,972.3993051842755,983.729978487699,946.3951443583405,952.7333984375,46055
2015-09-18,972.3992187543437,982.1235985348193,952.6464555803938,973.7449951171875,129547
2015-09-21,968.1015329874834,986.2480066348471,959.418982899012,961.3291625976562,34553
2015-09-22,974.1357984334606,974.1357984334606,955.0776660308718,957.46533203125,13607
2015-09-23,955.0777977670595,959.3322147623395,939.7965347905849,954.5568237304688,15296
2015-09-24,948.1315602522004,961.1553245732041,942.0537646541133,945.3531494140625,17678
2015-09-28,946.4386362724,951.9954589368184,911.6651238979099,915.7024536132812,39496
2015-09-29,907.3237298236661,911.9688911325194,884.4018685272719,907.7144165039062,97769
2015-09-30,940.1436528264292,940.1436528264292,903.0692802721604,920.1304321289062,59984
2015-10-01,924.515126436179,945.5268670213375,908.2354054150733,916.3101806640625,25472
2015-10-05,924.6886824383764,963.7600319288754,916.0061927585019,960.677734375,95998
2015-10-06,968.1014065544007,994.148936673155,944.6152003584682,950.2153930664062,63224
2015-10-07,961.9802544502429,1002.7446426214958,950.1719783538169,993.8016357421875,72267
2015-10-08,995.0606264377158,998.4902403798477,974.179172642383,988.0712280273438,32868
2015-10-09,990.6760592542533,1008.909272862498,964.6284694808487,972.3125,90259
2015-10-12,976.7839493016298,990.8496038018858,950.8231607810961,955.8590087890625,21528
2015-10-13,963.7168098102931,982.8618020234948,953.2977966079063,966.7557373046875,55318
2015-10-14,966.755762582548,969.8380608789649,951.2574129104571,956.0762329101562,15692
2015-10-15,968.9695223756308,982.8615756947754,948.2183005646474,980.4304809570312,28214
2015-10-16,981.1253126706771,1026.6217235932536,981.1253126706771,1017.5918579101562,60685
2015-10-19,1019.3282143151727,1026.447899641909,993.7148588680193,1009.0394897460938,25111
2015-10-20,1009.3435362757382,1049.1962686802462,996.7973143517174,1043.1185302734375,71736
2015-10-21,1047.1123497877168,1084.4472404088212,1035.4343610859728,1077.5880126953125,72740
2015-10-23,1076.632980977876,1090.525036765539,1066.2139683233463,1087.616455078125,64168
2015-10-26,1089.6568716747017,1118.3092165958635,1081.278208599136,1098.2525634765625,87826
2015-10-27,1089.6565703140784,1111.1023647933448,1078.3693284952294,1104.5904541015625,51105
2015-10-28,1102.637100815383,1113.4901699171207,1081.4083323416635,1105.589111328125,36817
2015-10-29,1102.6370757526681,1120.045485054341,1093.9979563594225,1107.1085205078125,45620
2015-10-30,1102.6806237488531,1115.1399864303403,1063.6092681207188,1074.93994140625,16491
2015-11-02,1067.9502839624136,1118.7430511940343,1067.9502839624136,1107.0650634765625,38505
2015-11-03,1117.0067156984173,1124.8210333737425,1057.097336003815,1099.468017578125,557381
2015-11-04,1098.426162338947,1106.8482545028457,1068.8188443448819,1086.3575439453125,60716
2015-11-05,1093.9982419331052,1093.9982419331052,1072.291865067132,1076.763427734375,47760
2015-11-06,1079.2377363765884,1084.5774129559875,1059.6585720175337,1077.978759765625,20059
2015-11-09,1068.8188553228213,1089.570023913839,1043.509266221841,1084.2303466796875,23190
2015-11-10,1082.7106942461007,1082.7106942461007,1025.4494444711652,1041.598876953125,36016
2015-11-13,1062.7409321927046,1062.7409321927046,1028.8790824699292,1047.6767578125,19661
2015-11-16,1043.6391769666288,1054.9265359502576,1032.30850564401,1042.6842041015625,9394
2015-11-17,1054.9266788063014,1054.9266788063014,1033.9149380324916,1036.8670654296875,11033
2015-11-18,1046.244168616313,1052.3219065058177,1015.855362423919,1022.0199584960938,18110
2015-11-19,1040.9912702023264,1040.9912702023264,1017.244545753598,1024.7115478515625,24390
2015-11-20,1038.429929393535,1038.429929393535,1016.7236709689035,1019.8059692382812,37906
2015-11-23,1024.5379424056434,1027.620240533703,1016.3763083577433,1020.4136962890625,15861
2015-11-24,1024.537821637025,1024.537821637025,1000.6608128598143,1007.2595825195312,153455
2015-11-26,1007.1727456958643,1015.8552945261868,995.7986440864976,999.7926025390625,129503
2015-11-27,1007.1727598554234,1030.5721662398828,1001.1817637199194,1005.5664672851562,109506
2015-11-30,1011.5139750436266,1020.0228071411143,1008.9960219856356,1016.289306640625,42878
2015-12-01,1018.112539438258,1033.2201397300978,1015.8551610951774,1019.4583740234375,32695
2015-12-02,1020.1965342845792,1028.0107345705267,1007.6068856062352,1019.3281860351562,61031
2015-12-03,1010.0380865866281,1029.7474224639675,1005.4796664054536,1011.210205078125,65400
2015-12-04,999.4019457007774,1011.47068030059,994.6266134695197,1001.7896118164062,44228
2015-12-07,1003.6998632271225,1011.5141817722774,994.1490813363241,998.4903564453125,16705
2015-12-08,990.7627191729,1006.304495297208,990.6759777425231,1000.4437866210938,18692
2015-12-09,1007.1726489474779,1007.1726489474779,968.3183867579354,983.07861328125,16715
2015-12-10,988.0712609720758,993.931970208878,958.15999936542,978.47705078125,18562
2015-12-11,980.7343722302646,989.8075484539316,958.5505159032721,966.408203125,18257
2015-12-14,967.2332763960512,972.4427829658773,949.7813768519399,964.0206909179688,16672
2015-12-15,964.0207358647942,1041.9029969715098,963.7602780358906,1033.00341796875,130967
2015-12-16,1038.4299732849122,1070.8158210295433,1016.7237139428211,1037.9090576171875,118738
2015-12-17,1041.903001657468,1056.6632904840276,1011.5141923224714,1024.234130859375,42355
2015-12-18,1024.5378859290004,1047.980605302177,981.1252567183302,987.6804809570312,88970
2015-12-21,993.2807135960501,1001.9632626246224,976.7839638376538,991.5442504882812,41114
2015-12-22,995.0171751485631,1001.0949120480204,977.8257371206154,983.07861328125,27504
2015-12-23,985.4665935604678,996.7538381749415,979.3887386958678,983.6865844726562,52550
2015-12-24,989.807681102013,990.2418552559783,961.1553974241014,971.4876098632812,47217
2015-12-28,968.3618828403542,982.7748536728598,968.1014250459211,971.4876098632812,21858
2015-12-29,976.7839439563883,977.6521754926009,965.3664132302813,969.4906005859375,50699
2015-12-30,972.6162959002812,974.6566457813086,963.7600893545468,966.712158203125,18524
2015-12-31,969.1867317661746,976.3497880044476,964.6284285574947,967.6672973632812,23733
2016-01-01,971.3575142349478,976.784108179708,964.6285727669093,969.3605346679688,18199
2016-01-04,968.9696042768254,977.5219240380976,963.7600984349241,972.5728759765625,62948
2016-01-05,971.3574453707164,985.7704755312927,939.6662323759646,950.345703125,76877
2016-01-06,946.6555084613648,959.3320153649532,931.2440197721344,935.6287231445312,35978
2016-01-07,933.3714604801187,937.6258773855063,908.0618710342427,914.6605834960938,35920
2016-01-08,912.1426093359972,929.0301049546893,911.665064446999,916.4838256835938,29299
2016-01-11,916.4836422890727,916.5270713718643,868.2522602484579,874.1997680664062,56582
2016-01-12,883.4034602910981,907.3238433849381,878.9319564046165,891.1309204101562,46758
2016-01-13,894.2999603324548,906.4554936605223,872.5936466485892,885.4871826171875,52335
2016-01-14,881.2760943115472,894.299916913001,869.1205615736471,880.060546875,28885
2016-01-15,881.2761834101722,894.0394911567396,872.5936925038152,880.1040649414062,29830
2016-01-18,872.5937811395825,884.1415424996997,860.4382459380087,872.1596069335938,37950
2016-01-19,876.9348883703384,898.2939450898963,865.6476446174099,885.139892578125,32137
2016-01-20,879.539742692308,883.8809590700283,851.7556309892608,862.6956176757812,24757
2016-01-21,871.5082524130339,880.5814871263898,830.5701526775845,837.4293212890625,28247
2016-01-22,842.4218572361352,858.0503748104778,829.3546635031771,840.6419067382812,35431
2016-01-25,850.8872896200802,862.9559641565768,837.8634670497429,851.7989501953125,45341
2016-01-27,855.2287461820298,855.2287461820298,842.2049208344483,845.0701904296875,27697
2016-01-28,843.9846406343175,849.9755776402807,836.561069222877,841.2930297851562,23433
2016-01-29,840.3814401958663,850.0190200956598,835.2587341940737,843.1598510742188,20531
2016-02-01,850.4531843413325,891.9122015987941,846.3723678732309,867.21044921875,126960
2016-02-02,868.4259843774405,889.5245231998096,868.4259843774405,880.9288330078125,181397
2016-02-03,868.2524763510128,901.7670114194486,863.9112014191836,873.3751831054688,49593
2016-02-04,877.8032315000581,1040.166453771246,877.8032315000581,999.8361206054688,1861038
2016-02-05,995.8855153328534,1011.6876329967632,964.6284208548935,984.5114135742188,281084
2016-02-08,984.5981628936888,1010.6458099351256,937.7125499874255,959.2886352539062,149318
2016-02-09,953.3410754247079,1004.5679017189346,946.3950482605536,973.5279541015625,220147
2016-02-10,968.9696579907181,980.2569018163921,894.7341080698035,916.1365356445312,342905
2016-02-11,938.3638434294721,976.7840564778375,929.030149036476,942.965576171875,284067
2016-02-12,939.4490003881224,959.4187915621038,889.9586381965289,902.4614868164062,87456
2016-02-15,916.8744344075918,972.4425907917529,916.8744344075918,962.15380859375,128338
2016-02-16,969.837938763635,983.9036518815271,943.4430340124818,951.6914672851562,117886
2016-02-17,953.3412531328228,967.580567694305,921.2592933088214,957.6390991210938,45977
2016-02-18,960.2872171035324,996.1460464836151,932.459734413883,950.128662109375,85471
2016-02-19,945.5267570296128,968.1013001078504,933.8487696630517,957.552001953125,31942
2016-02-22,964.4980834060234,969.3169024891681,948.1315635539136,960.4607543945312,41907
2016-02-23,962.4142315086342,970.1850604527032,932.50291726129,941.4459228515625,36083
2016-02-24,942.0537906055697,951.6045708282177,934.2395317977024,939.8397827148438,35872
2016-02-25,938.5808044043711,945.4399735027421,898.7280203486289,911.9688720703125,49924
2016-02-26,924.037559997323,929.0734663242513,869.1206022347458,889.871826171875,79187
2016-02-29,892.5634166206379,949.868038953029,870.8136743911174,879.8001098632812,98488
2016-03-01,885.6174991464228,909.6681103969939,881.4498823038981,894.300048828125,100895
2016-03-02,901.2459339645842,916.874510250765,887.3539374987279,892.6068725585938,99527
2016-03-03,900.3776916683594,946.395071694453,890.4362247021303,935.3682861328125,169365
2016-03-04,941.1855964494199,1002.4407511502106,916.6140713748574,991.9349975585938,231074
2016-03-08,991.9349601497362,1007.606906884398,963.8035349896303,1001.529052734375,119351
2016-03-09,998.4901473777495,1037.214182487478,976.7838931226238,1021.542236328125,78487
2016-03-10,1024.5378699308915,1024.6246113651446,995.2777543304697,999.4453125,53075
2016-03-11,1000.2267335462045,1021.0647564445006,989.8076053522001,992.8031616210938,43591
2016-03-14,986.6820663004354,1007.1727747253218,972.4426951478782,984.2508544921875,46984
2016-03-15,988.0712293867583,1002.7013458376371,981.2120014930573,990.4154663085938,37199
2016-03-16,989.8075657605198,999.7925194343943,968.8827438985127,977.7388916015625,30645
2016-03-17,983.3825911530416,1002.2671231185172,981.2119539530461,997.0576171875,47341
2016-03-18,998.490228856546,1011.5140525193048,981.2119888191814,1003.7431640625,42469
2016-03-21,1002.8313229881417,1026.274154665485,996.753586403599,1022.4537963867188,66003
2016-03-22,1027.18599490217,1033.2203034606562,1008.0410045658025,1026.925537109375,43716
2016-03-23,1033.220252247866,1069.6869098186587,1015.8552717218979,1047.5030517578125,115723
2016-03-28,1044.5076577719497,1085.2286165184319,1038.6469488616704,1079.15087890625,172455
2016-03-29,1076.6330787701634,1092.2182868208731,1044.5078062915188,1049.7607421875,62921
2016-03-30,1052.3219897771623,1082.6240569295899,1052.3219897771623,1076.242431640625,40282
2016-03-31,1080.9744187677506,1125.9499196818708,1068.8623701836302,1113.22998046875,127940
2016-04-01,1107.021831835277,1142.0992266303401,1098.208995675331,1124.3433837890625,153984
2016-04-04,1137.410612317768,1151.9971820776038,1126.1232522951982,1133.4600830078125,83272
2016-04-05,1127.729507500331,1140.8835006505456,1107.1085133659617,1111.970703125,34956
2016-04-06,1113.0995748239286,1139.9719073436493,1108.0202393331476,1135.8477783203125,43881
2016-04-07,1138.2788733432974,1142.3162609335723,1126.8613425061433,1135.8477783203125,49683
2016-04-08,1135.6740555827635,1172.1407142123448,1128.7280865196756,1167.01806640625,117761
2016-04-11,1166.931358718509,1245.0740752937752,1151.3895801961921,1199.2303466796875,228283
2016-04-12,1206.697145057447,1219.8945674699216,1172.3142668499618,1183.1240234375,95766
2016-04-13,1195.251321269742,1202.2618044753626,1172.2171942808118,1177.311767578125,56256
2016-04-18,1187.239432182665,1195.2078702843971,1158.2398959025402,1169.4739990234375,46131
2016-04-20,1171.3027040400166,1191.3324035192795,1147.1799459229023,1152.7969970703125,65491
2016-04-21,1158.239898936498,1166.6001372377668,1154.2339587355834,1158.5882568359375,34882
2016-04-22,1158.239982555838,1177.3988487425365,1149.5315028215118,1164.640869140625,76485
2016-04-25,1175.1344141793068,1200.9117234248467,1154.8433603624999,1171.8250732421875,318260
2016-04-26,1121.6639538418804,1134.7268480848898,1076.46641938573,1122.5347900390625,319708
2016-04-27,1128.282509003324,1140.8229261294898,1101.1553207349987,1109.0802001953125,85479
2016-04-28,1101.634035884755,1127.6725833973776,1093.7962774641092,1108.9056396484375,62362
2016-04-29,1105.9884182867565,1140.8226816595168,1094.6671977966782,1129.7628173828125,62604
2016-05-02,1126.8889766659595,1126.8889766659595,1100.8938688733358,1104.68212890625,36638
2016-05-03,1103.3755822462067,1117.3964270751187,1075.638808112435,1079.8624267578125,125300
2016-05-04,1081.6046424733515,1085.9589409185369,1062.4457761525769,1067.1483154296875,64099
2016-05-05,1071.1540241093205,1105.857726026302,1060.7908756774286,1080.298095703125,42980
2016-05-06,1090.3131230547197,1090.3131230547197,1066.8000753669085,1083.912353515625,21202
2016-05-09,1086.7425752177073,1107.686671852526,1080.733606353045,1090.7049560546875,108360
2016-05-10,1092.9255441869116,1149.531296314154,1088.6148059240613,1118.3546142578125,286034
2016-05-11,1109.4719679350283,1126.7149238837037,1102.5051608094896,1110.691162109375,62423
2016-05-12,1109.8636314191722,1128.1080975802133,1107.1204451542278,1118.485107421875,39739
2016-05-13,1123.4053077220522,1142.564167008402,1097.2796437384202,1100.5888671875,90642
2016-05-16,1111.2137001396077,1111.2137001396077,1097.2799695131575,1100.5020751953125,14675
2016-05-17,1103.3759581525408,1114.6970632429625,1092.9256892852136,1096.6268310546875,46348
2016-05-18,1092.9257473499379,1101.5472254782776,1089.6600820660612,1095.3641357421875,24168
2016-05-19,1095.4512193409169,1104.2468176028074,1077.9904667559458,1081.0384521484375,15951
2016-05-20,1080.7334282570316,1097.2797817740457,1045.0718895058465,1052.8660888671875,19796
2016-05-23,1061.095653801417,1071.1540035570279,1046.4652097890907,1062.09716796875,45363
2016-05-24,1062.6632981493856,1069.847901226596,1032.3138916730284,1036.885986328125,33161
2016-05-25,1040.6743220272094,1070.9366153626218,1038.58429148363,1059.9638671875,82838
2016-05-26,1062.5326348815938,1087.7004671415914,1062.5326348815938,1082.736572265625,52012
2016-05-27,1081.4300423126645,1109.3410555418227,1074.9857155614764,1092.010986328125,56374
2016-05-30,1096.6703973201359,1096.6703973201359,1051.9954566483505,1056.1319580078125,97737
2016-05-31,1058.0913795963472,1082.4753783713288,1055.565872680904,1077.250244140625,44332
2016-06-01,1079.8627183657245,1085.2185305472794,1061.5312483150722,1074.9423828125,46957
2016-06-02,1078.991737273551,1078.991737273551,1051.9952344155097,1060.9215087890625,31633
2016-06-03,1061.618106062127,1074.63743863388,1049.3826078961024,1056.17529296875,60007
2016-06-06,1060.703860247182,1063.316485841317,1053.867614843956,1057.9171142578125,28396
2016-06-07,1061.5747196394047,1065.058063996788,1049.469781840789,1054.3465576171875,30170
2016-06-08,1055.478598096277,1084.2168906696002,1040.6740337792685,1074.376220703125,241156
2016-06-09,1073.7665987840442,1088.397042386758,1047.5973727290627,1054.2158203125,107882
2016-06-10,1054.6077906487467,1070.2831914517467,1048.0763443737276,1051.821044921875,64654
2016-06-13,1051.124450694898,1061.5748361997264,1042.4159717501766,1055.1739501953125,41451
2016-06-14,1061.5748304254787,1064.1002202196082,1054.6079067934886,1060.7474365234375,24371
2016-06-15,1060.704073322747,1082.9109269534833,1060.704073322747,1079.0792236328125,66766
2016-06-16,1081.1689531393092,1081.1689531393092,1058.1783883333771,1072.8087158203125,79476
2016-06-17,1079.8626031313383,1092.490018864378,1071.8071645799912,1078.8612060546875,72397
2016-06-20,1068.5416055477497,1075.8567697606964,1061.5747992156698,1063.7518310546875,29827
2016-06-21,1066.8432298831578,1083.7379407759718,1059.9199838681482,1077.380615234375,28678
2016-06-22,1077.250066547629,1083.3460359626342,1064.1871745768426,1072.373291015625,27713
2016-06-23,1078.991996783799,1078.991996783799,1066.800055036913,1071.8509521484375,17347
2016-06-24,1062.4456946257956,1062.4456946257956,1026.653471880382,1055.7835693359375,103150
2016-06-27,1055.47865120018,1067.801268961905,1052.0823084260453,1056.3494873046875,24587
2016-06-28,1068.9770643875393,1068.9770643875393,1033.7508818701817,1043.591552734375,100404
2016-06-29,1053.7369322860225,1063.3163632011708,1049.3826348614027,1054.564208984375,28584
2016-06-30,1058.091540482493,1075.5086182014638,1057.7431825347985,1065.8857421875,64461
2016-07-01,1071.1541325546652,1079.8627284418362,1058.5702747290507,1064.622802734375,42758
2016-07-04,1064.6664286742998,1074.1151832036994,1057.307587406778,1058.3526611328125,36965
2016-07-05,1059.833189258124,1069.4126227711147,1049.382919443063,1050.471435546875,32129
2016-07-07,1055.9143671433176,1072.4606081647219,1050.2537555383135,1059.9638671875,46518
2016-07-08,1059.9200188567022,1101.5469663381948,1048.5117970931447,1094.4930419921875,132849
2016-07-11,1108.601040064508,1121.6639340773395,1104.2467420602306,1114.3922119140625,124674
2016-07-12,1114.3921022823176,1119.0511983466395,1098.150663658335,1112.737548828125,72115
2016-07-13,1112.128016149451,1112.128016149451,1093.8399886923153,1099.19580078125,21899
2016-07-14,1099.1956613838645,1104.2465572311376,1090.3128293686996,1096.3653564453125,21534
2016-07-15,1099.8923838824994,1131.9400201245055,1097.4975552396913,1106.9898681640625,73978
2016-07-18,1110.255657435961,1125.1473418437295,1085.740981926768,1107.5560302734375,69377
2016-07-19,1106.8591782265855,1136.4683059110523,1106.8591782265855,1127.629150390625,127725
2016-07-20,1128.8485150832205,1143.870760933182,1120.8800772946327,1133.3333740234375,160026
2016-07-21,1131.2433393904992,1153.014711799529,1101.6342073409696,1109.2977294921875,382372
2016-07-22,1125.5827903282027,1142.4773874837497,1115.393760785228,1121.4462890625,152183
2016-07-25,1133.1592069434626,1146.9186988046692,1119.0512401166884,1131.548095703125,95693
2016-07-26,1140.300355139055,1140.300355139055,1113.6522023647008,1120.8802490234375,67965
2016-07-27,1131.8965296127128,1134.6832756687204,1113.521382554476,1118.3111572265625,92400
2016-07-28,1119.2256912190785,1132.9851857064737,1092.0549430861568,1099.63134765625,35288
2016-07-29,1104.2467947025539,1118.1805255614804,1098.1943834194228,1101.373046875,54446
2016-08-01,1110.3430371645957,1114.7407782695445,1088.5715430717994,1092.2291259765625,28853
2016-08-02,1093.1433295553272,1099.8490141304783,1066.7999785571951,1074.4635009765625,44939
2016-08-03,1084.2168346554392,1084.2168346554392,1039.8031439989697,1045.2025146484375,50501
2016-08-04,1050.2534156116337,1062.4454711774415,1045.0718417615692,1053.0401611328125,32622
2016-08-05,1055.4789082380844,1075.0732522891167,1045.9865933256806,1061.966796875,68477
2016-08-08,1061.57492260128,1072.6783483272204,1053.7371621085163,1057.04638671875,37500
2016-08-09,1056.3493685280976,1067.2351113481395,1045.9862209880628,1048.25048828125,47465
2016-08-10,1056.131776341858,1063.5776180222406,1019.860639850194,1027.785400390625,76284
2016-08-11,1028.5691515242124,1047.3797735000476,1017.1609291988242,1040.151611328125,23464
2016-08-12,1040.1514670172874,1051.124211219084,1032.9668652117891,1039.5418701171875,15652
2016-08-16,1039.803413372309,1043.2433160562914,1016.4644868869426,1018.7286376953125,32579
2016-08-17,1022.7780814524111,1039.8033564347327,1011.06505947478,1020.557373046875,35313
2016-08-18,1026.7403663761093,1035.8844382930272,1014.6355453534138,1017.1174926757812,28086
2016-08-19,1016.2903204552107,1027.6115436691928,1008.4526766402602,1011.065185546875,38796
2016-08-22,1017.8576690260212,1017.8576690260212,993.7784704660581,1004.3158569335938,20933
2016-08-23,1015.8547190920922,1015.8547190920922,999.7438415025989,1002.2693481445312,28627
2016-08-24,1007.9735645286752,1018.0320333624417,1002.4436314769468,1010.324951171875,27260
2016-08-25,1018.8157785772167,1027.5243753696036,1002.3565400072134,1008.7138671875,27699
2016-08-26,1008.4525051234824,1018.8156544188455,996.4781274456625,999.9180297851562,21811
2016-08-29,1000.614785549457,1011.0214946328314,996.2604875098237,1000.701904296875,15658
2016-08-30,1001.4854330894734,1016.2899967974679,1001.3983143584658,1005.5784912109375,28899
2016-08-31,1005.5786344840905,1019.2511250172944,1004.9690374703202,1008.8442993164062,35843
2016-09-01,1010.107047910259,1018.0319261466551,1004.2287575639872,1007.7122192382812,41714
2016-09-02,1011.8488213852606,1013.6776123891162,997.1312575176973,998.873046875,20026
2016-09-06,1005.8399129984398,1023.7360239569672,1001.4856149881555,1017.0304565429688,82250
2016-09-07,1023.2569088791308,1044.1574416457488,1017.160822576311,1027.6112060546875,114249
2016-09-08,1027.611250435791,1044.897761789403,1019.0332167143318,1032.1832275390625,121364
2016-09-09,1031.9654331613708,1039.8031918535494,1023.3439571475107,1032.749267578125,30383
2016-09-12,1031.9653514440404,1031.9653514440404,1001.485389334843,1019.2944946289062,56330
2016-09-14,1000.7018404200792,1022.7344512639323,1000.7018404200792,1018.2931518554688,28492
2016-09-15,1024.0841928280165,1028.5256087653536,1004.3592943973198,1025.95654296875,43725
2016-09-16,1031.9655411220783,1036.31983895159,1007.8863420400274,1019.7300415039062,57820
2016-09-19,1018.9028667500181,1027.6114632810218,1001.7469128487253,1009.0621948242188,34851
2016-09-20,1014.4614095532098,1016.7692367224613,1006.7107683152009,1008.2783203125,15913
2016-09-21,1010.1941790869363,1021.5152832988787,999.0907546401025,1002.0081787109375,39897
2016-09-22,1018.9027211187959,1018.9027211187959,1003.7933574770184,1008.4524536132812,26704
2016-09-23,1008.5394121926441,1013.2420674978443,1001.4854877823811,1003.0530395507812,9848
2016-09-26,1010.0200295407756,1010.0200295407756,984.9393166722384,994.1268310546875,13745
2016-09-27,999.3084821680685,1020.2091363749637,995.3896607333783,1002.966064453125,46463
2016-09-28,1003.2271652230866,1014.3740296410658,998.4373917158914,1007.5379028320312,54153
2016-09-29,1007.5381198237413,1017.1175518061751,964.0387586461892,978.1466674804688,33102
2016-09-30,979.6706343296689,1007.146176136391,964.0387333467166,994.431640625,19994
2016-10-03,1001.4857081067531,1022.821723502943,990.2081618618918,1018.6416625976562,27091
2016-10-04,1018.0320532408864,1029.3531587268478,1008.6703000515706,1020.992919921875,24077
2016-10-05,1028.3080516182083,1034.5347004168457,1000.6148273408023,1020.0784912109375,70378
2016-10-06,1020.0784383251087,1027.6113996186677,1011.9358799959488,1019.1204833984375,86420
2016-10-07,1018.9028750695944,1018.9028750695944,990.2081359160096,999.3085327148438,33168
2016-10-10,1005.7527439561242,1008.8878477343565,998.8730564875921,1001.13720703125,58713
2016-10-13,1005.8399770943166,1019.7737081961179,987.8567462429999,1010.8909912109375,77561
2016-10-14,1010.1941723867699,1016.1160221381548,1001.48557669915,1006.188232421875,34172
2016-10-17,1005.8399505709095,1009.1057327481589,994.1704876730857,1005.0997924804688,40812
2016-10-18,1007.1898085119991,1014.4614137585675,990.4693318682232,994.7365112304688,87077
2016-10-19,1003.2273779489019,1006.3623647060128,988.8146121032458,999.7874755859375,99805
2016-10-20,999.7438718424252,1004.9690056658205,979.8012328633516,983.763671875,38324
2016-10-21,988.4228288069044,993.1689269433539,973.6182040009077,979.0175170898438,41872
2016-10-24,980.4108184760827,988.3791972296641,948.5374791043774,951.0629272460938,78817
2016-10-25,953.5884521011078,966.6512867567932,937.0421558388788,941.048095703125,51293
2016-10-26,944.8798255989892,954.9382342999057,914.3998595542828,919.1895751953125,90315
2016-10-27,918.710760763955,944.8799932291442,898.289141249648,928.5078735351562,277101
2016-10-28,923.979321168936,952.7175574110006,914.4869497661696,948.4503784179688,85179
2016-11-01,965.5191597288066,967.6092484169097,939.6547293647635,956.2880859375,57537
2016-11-02,949.3211448057841,953.5883820328728,932.7313489394339,948.7115478515625,33362
2016-11-03,947.4924874093357,954.4157931707466,933.5588156868773,945.6636962890625,34611
2016-11-04,949.2341692050719,950.10500534655,909.1747699364029,947.9278564453125,39280
2016-11-07,954.4593610860957,978.5821208542568,947.1006371655563,958.116943359375,46266
2016-11-08,963.8644982933395,963.8644982933395,929.4220937285829,947.7971801757812,49626
2016-11-09,913.5289626070081,930.8590341905086,811.0726426447272,915.8367309570312,100309
2016-11-10,947.4924407522327,947.4924407522327,902.7303856931536,925.0243530273438,139087
2016-11-11,923.1083979338827,944.0089912835634,911.1341380824508,932.6007690429688,65524
2016-11-15,934.4296846504103,942.6593035278554,902.7304618111251,933.1669311523438,29076
2016-11-16,944.8799011618006,953.5884970410298,907.4330676857118,918.10107421875,57061
2016-11-17,923.1083969083817,943.660632375851,906.6927792844851,917.0994873046875,27166
2016-11-18,926.504717875016,926.5482772432505,909.1311458212543,917.1865844726562,21613
2016-11-21,913.0935588216097,919.6250052942844,902.2513740702808,914.051513671875,21056
2016-11-22,912.2227330926456,942.3108411935959,905.8654654792637,931.2509765625,18390
2016-11-23,931.2509917172047,939.6111708344724,920.4958668605032,927.3756713867188,20959
2016-11-24,923.1520323154723,929.2045017869528,915.2707717549569,919.3638305664062,14941
2016-11-25,918.7541661020058,928.2900381077993,918.1445105695309,923.5438232421875,17293
2016-11-28,927.4628341383849,930.9462961576882,921.3668634259266,923.28271484375,35135
2016-11-29,923.3697574396904,930.9462193771195,914.0515646362605,915.7061767578125,35995
2016-11-30,918.7976521880972,925.7209572120532,915.2706898964623,924.0663452148438,23280
2016-12-01,922.9777947724295,924.0663691916773,914.1385798557453,916.5770263671875,27941
2016-12-02,923.0648831680933,923.0648831680933,910.1326101249557,914.1385498046875,20486
2016-12-05,906.6929478001397,917.4044563008895,904.3851790135919,908.1298217773438,114833
2016-12-06,922.8907789888966,922.9342798135306,907.4330566202858,913.7467651367188,11368
2016-12-07,913.7902929396859,916.0980613722054,903.0787275346165,908.086181640625,16388
2016-12-08,910.0456098765551,922.8472056569389,910.0456098765551,916.2286987304688,13840
2016-12-09,916.0544576147909,920.4523145084555,911.7872788268116,914.2692260742188,20478
2016-12-12,911.7873545068031,918.275241964402,894.0653644505792,913.7467651367188,8923
2016-12-13,913.7467613494645,916.1415900485971,910.9164560254504,914.5740966796875,7794
2016-12-14,918.7977017803727,918.7977017803727,907.9555166540919,912.309814453125,5031
2016-12-15,918.4928436005077,918.4928436005077,907.9554576628869,914.9658813476562,9545
2016-12-16,914.8788359115168,940.5255269162082,908.5215684611577,927.9852294921875,26692
2016-12-19,929.2044090765938,929.2044090765938,911.0905618422884,915.66259765625,10151
2016-12-20,923.0649483325756,923.1084491567573,908.303883334562,916.0980834960938,10533
2016-12-21,914.4433776864645,919.5814512834797,906.1266995741795,908.47802734375,6309
2016-12-22,908.478196792894,910.8730843792079,893.5430091916048,896.8522338867188,10900
2016-12-23,903.9495661359168,905.691296944625,889.1450006307501,893.84765625,8200
2016-12-26,895.2410883437236,904.8205206033023,886.1406335518784,898.5938720703125,21012
2016-12-27,900.5098530608445,910.0457266998683,888.2742933493413,900.9888305664062,10846
2016-12-28,910.916391658384,910.916391658384,893.4992599627747,898.5067138671875,13116
2016-12-29,908.1297035872759,908.1297035872759,890.0159135760811,895.2846069335938,21034
2016-12-30,898.7678817973024,914.3997806995601,897.0697105669049,908.9569091796875,10829
2017-01-02,920.321589072948,920.321589072948,901.3369067035693,902.9915771484375,15404
2017-01-03,905.8654247372494,918.7541383179582,903.1222383879981,910.350341796875,26738
2017-01-04,917.8832576454678,917.8832576454678,903.0786927510272,904.515625,15662
2017-01-05,914.138489059868,918.5799050358818,898.0276712217502,901.9900512695312,39323
2017-01-06,910.0020314797838,913.5289939055596,900.0307412007994,909.4795532226562,29055
2017-01-09,917.8832232419247,917.8832232419247,900.9015101997954,902.9044799804688,19713
2017-01-10,904.8202811977284,1044.1573716410633,896.2423069693797,1023.6921997070312,1264609
2017-01-11,1011.0650240811049,1018.3801883655314,978.059548961259,986.2456665039062,418739
2017-01-12,986.6809697099458,1001.0501754141404,960.9036001488179,979.9754028320312,146630
2017-01-13,982.3267281271744,997.0877348132867,966.6513259055089,986.2456665039062,72081
2017-01-16,987.5519050968179,992.7770393976677,975.359964093199,980.75927734375,46322
2017-01-17,974.4889244082315,986.6373627782384,962.2969266703914,968.0010375976562,39731
2017-01-18,967.4349414797849,1000.6145900408943,962.5581660986904,999.0034790039062,154576
2017-01-19,998.8731586005722,1010.19426376145,984.9394276590555,1001.09375,76723
2017-01-20,999.743912302128,999.743912302128,977.972481458529,985.6795043945312,32249
2017-01-23,1000.3535608992995,1000.3535608992995,968.8285175763561,973.3569946289062,31893
2017-01-24,972.8343173188458,982.500867078841,969.4379746566935,971.919921875,60142
2017-01-25,979.6270078943401,982.2395746832664,911.3082956152319,962.99365234375,69885
2017-01-27,973.2697540777958,978.7561853939411,964.0386807256741,967.21728515625,37189
2017-01-30,972.6603010083419,977.1016594134837,950.975987296445,960.555419921875,35249
2017-01-31,969.0897224374238,971.0056322700502,950.3663349342373,954.28515625,50262
2017-02-01,953.5884080279086,978.7996806755374,951.4983194510745,965.3884887695312,45620
2017-02-02,974.9243699026132,983.9812638184004,956.2009265834271,964.2998657226562,84467
2017-02-03,974.4455377815812,974.4455377815812,962.2970394403745,963.6469116210938,22588
2017-02-06,964.9096644181866,994.4317384608819,964.9096644181866,979.8449096679688,110481
2017-02-07,982.3267739757129,1040.6306453955278,975.4034680772991,1030.3546142578125,415864
2017-02-08,1032.836486790413,1055.4786948237402,1031.965533554829,1051.6905517578125,204235
2017-02-09,1053.737016120087,1071.154090109173,1028.6998624841349,1067.3223876953125,389503
2017-02-10,1071.1540887085957,1101.6341730660386,1066.7999080383302,1095.5380859375,201580
2017-02-13,1097.2800337143058,1097.2800337143058,1055.4788393891943,1062.9246826171875,67139
2017-02-14,1065.929109332478,1067.6708989481674,1033.0543086619793,1039.455078125,45741
2017-02-15,1043.2869876757868,1043.373989342709,1014.5922454313566,1019.2513427734375,45485
2017-02-16,1024.1279190752393,1076.3793769735928,1019.7736211591193,1068.8028564453125,199796
2017-02-17,1075.508425675094,1079.4273640637991,1063.7518446991535,1072.7216796875,71233
2017-02-20,1079.3402816002338,1079.3402816002338,1065.1453120448768,1070.849365234375,34786
2017-02-21,1075.2471201513451,1075.5083592754463,1058.0912857495937,1067.5400390625,18166
2017-02-22,1065.0577835419265,1070.1087954631898,1041.1528298205362,1053.431884765625,33803
2017-02-23,1043.7222822129584,1054.5209097027564,1036.3635575627281,1040.6307373046875,36735
2017-02-27,1040.6740944187363,1053.5627498961894,1023.2570209047652,1041.28369140625,55246
2017-02-28,1047.7279942408534,1060.7037681495447,1036.7988080952255,1043.4608154296875,35714
2017-03-01,1044.1576972744986,1081.8222716784742,1033.3590704220371,1076.248779296875,145924
2017-03-02,1082.4753287517362,1083.3461649010867,1051.211526452978,1055.34814453125,46586
2017-03-03,1055.347973874085,1075.5082314495407,1053.7368628560173,1069.7606201171875,26813
2017-03-06,1071.1540189295147,1078.0773823701268,1038.5404642800179,1045.376708984375,29512
2017-03-07,1051.995547270373,1066.8001157165909,1045.8994589550844,1048.5120849609375,31277
2017-03-08,1048.3375589777838,1066.7998221710563,1032.8363960111349,1047.2926025390625,68512
2017-03-09,1047.2926124810122,1057.1768419456803,1038.9759347843808,1042.8511962890625,12572
2017-03-10,1056.0014266149049,1056.0014266149049,1036.3199652404496,1039.71630859375,12015
2017-03-14,1058.0041186500337,1065.841877490217,1033.5330044165876,1042.8511962890625,110298
2017-03-15,1040.6740570760053,1070.1090659948507,1040.6740570760053,1054.041748046875,114377
2017-03-16,1058.0911738574962,1065.7982541313252,1045.9862370236392,1049.6873779296875,28937
2017-03-17,1057.2206856976368,1066.8001192590646,1046.7702987346286,1057.7431640625,65327
2017-03-20,1062.5324990316135,1064.971003881001,1051.995230705489,1058.9620361328125,34959
2017-03-21,1060.8781688453232,1063.3165571125744,1038.1052804957494,1042.1546630859375,24154
2017-03-22,1041.9804111952556,1054.5642682280059,1031.965503136995,1036.53759765625,36803
2017-03-23,1048.4247589161073,1048.4247589161073,1034.6652670116657,1036.5811767578125,16967
2017-03-24,1036.7119195608664,1049.339338418182,1029.6579934359618,1043.983642578125,63950
2017-03-27,1048.4251012553145,1048.4251012553145,1027.7857981118188,1032.052978515625,19062
2017-03-28,1032.0528672359817,1040.6743458841074,1027.611566865949,1037.1038818359375,79352
2017-03-29,1036.3197703376568,1064.1872277634152,1034.5780981592009,1057.6993408203125,86136
2017-03-30,1057.699540712183,1109.3414068994048,1046.3348758455638,1100.0667724609375,298049
2017-03-31,1084.2168999654743,1125.1472490246547,1081.604391760995,1114.60986328125,216387
2017-04-03,1119.051382354931,1158.2399498869113,1116.8742332089823,1150.8812255859375,128947
2017-04-05,1149.7054072999529,1160.8523904127899,1136.4683941272285,1150.184326171875,483185
2017-04-06,1149.5313439718827,1154.8870389477172,1128.1953315261746,1134.9444580078125,31927
2017-04-07,1132.5497227979135,1209.4028630588239,1132.5497227979135,1201.6522216796875,177274
2017-04-10,1196.7316876453083,1270.580272655348,1181.4480871980625,1224.38134765625,323368
2017-04-11,1225.731121855808,1267.09682724644,1219.373796562493,1260.739501953125,169389
2017-04-12,1263.6135115001011,1273.4541819323595,1249.723341953626,1269.4482421875,709749
2017-04-13,1254.4696841774012,1278.679445487383,1254.4696841774012,1265.268310546875,67176
2017-04-17,1263.613780522317,1278.418348691941,1233.7869643850172,1268.664794921875,65713
2017-04-18,1267.9681571026822,1292.3521601238876,1220.0709874011873,1229.998779296875,95891
2017-04-19,1258.388099250793,1258.388099250793,1219.1995465784519,1225.8179931640625,51548
2017-04-20,1224.4250766971038,1245.3256136833727,1220.9851742082215,1227.5601806640625,230446
2017-04-21,1227.4729303781678,1240.9711826440457,1213.2344030261934,1219.7222900390625,40680
2017-04-24,1220.0706541251045,1236.6168913680515,1212.4506918546788,1218.89501953125,32961
2017-04-25,1222.4219289248501,1245.9786486598148,1222.4219289248501,1228.1260986328125,89817
2017-04-26,1232.2625827493991,1255.6016224157286,1231.4788653921905,1240.100341796875,52398
2017-04-27,1249.6798969989184,1249.6798969989184,1216.5873024309028,1225.2958984375,163046
2017-04-28,1230.0597499936425,1243.0321033123955,1212.3701452521116,1231.3701171875,60493
2017-05-02,1240.367762192652,1246.570041473036,1227.3080200506024,1232.9425048828125,38742
2017-05-03,1236.9608786822594,1253.6458603547158,1232.5930664438083,1240.105712890625,60440
2017-05-04,1239.5815419076027,1247.3562385861196,1236.0872684944618,1241.372314453125,30734
2017-05-05,1249.1907050444256,1259.7171023880185,1230.0597666063848,1236.87353515625,48054
2017-05-08,1248.9285874170052,1266.6618860047029,1217.043652595209,1228.3126220703125,91221
2017-05-09,1224.730865622626,1392.2796621802936,1224.6871710601633,1338.599365234375,1634968
2017-05-10,1353.8431259124602,1415.1670399835673,1337.6822442843586,1399.3992919921875,854801
2017-05-11,1398.5693369101866,1399.4428757882495,1327.8109259095663,1338.64306640625,322460
2017-05-12,1345.28226250871,1371.4890178808405,1345.28226250871,1350.0430908203125,283677
2017-05-15,1354.0180199977551,1376.2500990503734,1332.0479909058631,1370.7030029296875,130840
2017-05-16,1367.1210851874057,1370.615358081729,1341.787870985186,1353.6246337890625,144570
2017-05-17,1353.0571932302948,1386.339772448511,1349.6940031416602,1363.4088134765625,145128
2017-05-18,1361.006383945619,1361.006383945619,1281.2067129346522,1313.79052734375,62324
2017-05-19,1328.6408383943638,1360.9187858735954,1319.6867422155126,1333.7947998046875,165209
2017-05-22,1338.9927790313761,1353.1008400264736,1308.592868129085,1313.7469482421875,41855
2017-05-23,1319.9490476434898,1320.9535528188892,1262.2940682976757,1266.7928466796875,68940
2017-05-24,1266.661722500602,1327.8108499698026,1264.0409885577958,1286.185791015625,83292
2017-05-25,1286.1861798005477,1314.707930037658,1265.6137879981356,1291.7332763671875,57942
2017-05-26,1299.8568751089113,1318.201540827238,1285.8799030436512,1295.882080078125,106725
2017-05-29,1295.489372682739,1307.6754581766515,1273.6503119212477,1279.3284912109375,23695
2017-05-30,1275.484979993436,1296.363115975901,1255.4368059733565,1273.6505126953125,41299
2017-05-31,1292.8252192833525,1292.8252192833525,1271.0299659025277,1275.04833984375,32941
2017-06-01,1274.1743225709542,1281.861746594147,1257.9261705639826,1265.2640380859375,24653
2017-06-02,1278.018355825217,1282.429863343198,1253.5586738120141,1264.9149169921875,144620
2017-06-05,1259.3238324500303,1266.6618175655178,1253.5583817850438,1255.567626953125,22116
2017-06-06,1257.969983096085,1266.225084832428,1202.0185030771786,1234.7769775390625,98996
2017-06-07,1236.0872495552123,1268.3653192823288,1224.6000417155428,1242.1148681640625,103371
2017-06-08,1254.4320955174896,1312.0870800371395,1236.9172682640751,1291.8204345703125,65221
2017-06-09,1290.2477823023396,1292.0385544134526,1266.6616480376174,1274.916748046875,58015
2017-06-12,1276.2709639344714,1301.6041788181503,1262.5560393585854,1276.9261474609375,73869
2017-06-13,1278.018068180356,1296.3628549260109,1266.6618275561436,1271.7720947265625,48790
2017-06-14,1292.868842211535,1292.868842211535,1270.2436280761506,1273.6505126953125,40927
2017-06-15,1279.7652140968971,1343.7972515888289,1270.287134460733,1315.2318115234375,72178
2017-06-16,1319.0754724709086,1332.1789097086767,1310.339965104247,1319.2939453125,71479
2017-06-19,1320.8224651958328,1343.2728953940705,1306.1466130435906,1319.5994873046875,99131
2017-06-20,1322.5697371489944,1329.951300141574,1303.657154161753,1309.3790283203125,29566
2017-06-21,1329.5582697185087,1361.8799165701832,1313.5283538075844,1320.9100341796875,182517
2017-06-22,1323.923838026255,1335.1926909455688,1298.1974857539494,1301.6043701171875,28045
2017-06-23,1312.0868855030478,1315.5811585051574,1243.9929025467495,1260.8526611328125,119271
2017-06-27,1259.6731930125463,1271.9030891373461,1247.050280758113,1258.581298828125,77539
2017-06-28,1261.420506717605,1275.1353144455923,1243.949258456668,1268.408935546875,54399
2017-06-29,1268.4089422046663,1292.8686194232605,1253.5584280883238,1259.4986572265625,38409
2017-06-30,1257.9259536311795,1279.6339254318646,1251.417931546486,1267.2293701171875,50827
2017-07-03,1269.893899849814,1285.8801193978607,1258.7997094415723,1265.2640380859375,79534
2017-07-04,1259.6733781929954,1285.8802519736544,1259.6733781929954,1268.015869140625,22111
2017-07-05,1267.1860149587676,1270.7675599360514,1249.1906660216787,1253.6021728515625,54805
2017-07-06,1257.8391251576593,1275.1792935938943,1252.2920284377306,1267.7977294921875,52963
2017-07-07,1266.6620826251083,1284.1332165298832,1263.1678088607418,1273.6505126953125,40978
2017-07-10,1268.5400778862493,1288.5008601394825,1266.6619162622007,1267.9285888671875,6984
2017-07-11,1283.0412554604986,1305.9285183851437,1268.496484089647,1279.416015625,175427
2017-07-12,1282.8228329131546,1293.917024690556,1275.1354079412392,1277.1446533203125,647664
2017-07-13,1301.6042463136084,1314.7076826054126,1284.045726252717,1287.27783203125,364112
2017-07-14,1300.5996323963427,1300.5996323963427,1275.441076832735,1281.0755615234375,31811
2017-07-17,1288.500748291189,1288.500748291189,1249.1905587575918,1260.8526611328125,82599
2017-07-18,1266.661696254243,1266.661696254243,1180.222934370332,1247.53076171875,110731
2017-07-19,1249.1906876567205,1277.0135559383125,1249.1906876567205,1269.89404296875,140137
2017-07-20,1278.0180919840495,1353.7121125900483,1257.9262270630663,1277.3192138671875,1070563
2017-07-21,1274.5237518091872,1296.3628108734351,1262.8180725308305,1277.7122802734375,174827
2017-07-24,1275.3977027164442,1279.634431820893,1250.9380213901484,1267.3172607421875,71904
2017-07-25,1266.487158112694,1266.487158112694,1244.822874700219,1249.278076171875,74793
2017-07-26,1250.3262264807815,1284.1328968199568,1250.3262264807815,1258.7996826171875,107917
2017-07-27,1258.7997534504764,1263.8664435595351,1243.9492396367589,1248.5791015625,48051
2017-07-28,1247.443470680426,1261.3767505521848,1231.7194184885868,1239.3193359375,42258
2017-07-31,1257.7516676708995,1257.7516676708995,1231.9379269569165,1241.3287353515625,22592
2017-08-01,1252.6411148391085,1252.6411148391085,1236.0871010314972,1246.3951416015625,25260
2017-08-02,1250.1517271329064,1252.6850726100527,1232.2437654240475,1235.7816162109375,28932
2017-08-03,1236.9171189531155,1248.8848486825464,1211.627597835774,1231.58837890625,63601
2017-08-04,1217.7427218133953,1256.179380910713,1208.1335570390659,1245.871337890625,65975
2017-08-07,1257.926109582797,1257.926109582797,1223.027428524158,1228.1376953125,29470
2017-08-08,1240.4550104959822,1240.4550104959822,1214.3356441625067,1215.7769775390625,32169
2017-08-09,1215.1218824010477,1222.1104293392982,1195.685199122604,1211.059814453125,41215
2017-08-10,1201.1445789668649,1208.96296821027,1164.4551286347087,1171.9677734375,52599
2017-08-11,1163.8438117493379,1179.3058142931059,1137.3748902583516,1173.234619140625,52987
2017-08-14,1179.3056574482855,1191.7976025996218,1170.570034753882,1179.261962890625,64761
2017-08-16,1180.2668840673712,1201.144900736062,1163.0141071001817,1185.9449462890625,52237
2017-08-17,1201.1448790708548,1201.1448790708548,1180.4852181598844,1192.9334716796875,44337
2017-08-18,1194.9862588962537,1203.7655779529166,1163.145018041129,1198.9609375,52290
2017-08-21,1192.409462847651,1201.8875435986197,1176.2485793216415,1184.634765625,38966
2017-08-22,1184.5472856042863,1191.186393298708,1161.8346847595465,1185.770263671875,67856
2017-08-23,1180.1793051606414,1192.3655069916717,1175.6805271836943,1179.1746826171875,48855
2017-08-24,1183.6739304231144,1183.7176249978154,1164.455599983758,1179.0440673828125,65201
2017-08-28,1179.305905773957,1200.271310688406,1179.305905773957,1191.8414306640625,46574
2017-08-29,1184.5472841346173,1191.5357134466658,1176.0737093493258,1180.3978271484375,10933
2017-08-30,1183.673798497505,1191.4921900342501,1170.5703608060517,1178.0830078125,24289
2017-08-31,1183.4553062714572,1185.42073947696,1166.202413401663,1170.832275390625,76092
2017-09-01,1182.1011293442616,1204.3768981971598,1155.6322096420022,1164.6298828125,87002
2017-09-04,1164.4553919416824,1174.2392162536487,1134.5795842030486,1151.5267333984375,88893
2017-09-05,1150.6532085458769,1192.4094798308452,1146.1107349471404,1168.6485595703125,112892
2017-09-06,1154.1032928432053,1171.8802808445769,1144.3631661606432,1166.7698974609375,79635
2017-09-07,1162.7084402034982,1191.5358163822682,1162.7084402034982,1175.76806640625,114152
2017-09-08,1182.8001102325734,1198.960873729334,1161.8345890799405,1171.6185302734375,221448
2017-09-11,1171.6622204655873,1198.5241585307622,1171.6622204655873,1192.1907958984375,195008
2017-09-12,1197.6505104078362,1245.3468815054491,1196.9516323621033,1220.88720703125,172151
2017-09-13,1215.9952616218645,1228.967613625896,1201.6252708889438,1208.089599609375,35138
2017-09-14,1209.0068656123005,1253.3837464207793,1205.5125925082414,1245.914794921875,213120
2017-09-15,1244.8228285656905,1257.0527261464545,1224.512607666158,1245.3470458984375,92491
2017-09-18,1245.3471172826385,1259.673415181542,1233.4666580898722,1241.416015625,42788
2017-09-19,1250.9378743064408,1271.9032794186003,1242.901010391031,1259.9791259765625,112189
2017-09-20,1274.5238791674444,1304.2249084959303,1268.8895117768386,1279.546875,139755
2017-09-21,1281.512300857085,1292.868541123431,1249.1905403455987,1265.2203369140625,47043
2017-09-22,1267.491793396118,1267.491793396118,1216.0390904151666,1248.4918212890625,61276
2017-09-25,1250.938028620301,1265.7885453164376,1205.6002111410098,1253.0345458984375,72524
2017-09-26,1267.972121156632,1271.0295658606433,1232.592916795648,1250.6319580078125,44946
2017-09-27,1250.6321025653317,1267.0113396349127,1233.4665982189806,1257.969970703125,59938
2017-09-28,1257.9698953282373,1257.9698953282373,1224.7309004096567,1230.583740234375,40313
2017-09-29,1231.7632017312637,1249.190757492808,1215.9954523379454,1222.0230712890625,31689
2017-10-03,1225.6044590147837,1240.3677012343226,1209.3563063564682,1219.096435546875,31850
2017-10-04,1222.98364248237,1229.9720701000604,1201.6251086138857,1205.992919921875,30220
2017-10-05,1205.5126704498962,1223.027614208448,1202.5426144674482,1210.7103271484375,30209
2017-10-06,1218.616048256306,1238.7079133770903,1196.7769878259915,1198.611572265625,54422
2017-10-09,1221.8482955743975,1221.8482955743975,1191.5357748506435,1201.45068359375,69526
2017-10-10,1209.8805346123502,1214.6851753293486,1179.7863700177302,1182.4071044921875,53319
2017-10-11,1188.0412852351476,1195.6412018384226,1168.0366950841972,1187.3424072265625,100944
2017-10-12,1190.6185407453024,1196.7771259582642,1170.7014515858905,1189.7886962890625,77585
2017-10-13,1187.1241292635593,1189.6573566574216,1172.3171937371685,1175.374755859375,42449
2017-10-16,1181.0092385462237,1201.1447982034172,1176.8598992913223,1181.6207275390625,90592
2017-10-17,1182.8001226436904,1186.075922958331,1170.5702253881175,1173.4967041015625,24526
2017-10-18,1173.6277664372228,1187.9541817655918,1161.922085541965,1167.032470703125,30328
2017-10-19,1167.7310207232947,1178.4321944496241,1161.8344867712447,1170.8758544921875,7290
2017-10-23,1174.9382465114072,1187.9542958734655,1162.7957362247873,1165.197998046875,71497
2017-10-24,1170.5700936680605,1192.4091515032171,1167.2942937220341,1185.0711669921875,194495
2017-10-25,1188.0414671127216,1216.1263833858209,1165.328868024537,1211.933349609375,200700
2017-10-26,1215.1219906874094,1236.0873984534687,1203.3726140271729,1220.8001708984375,196019
2017-10-27,1220.8000135489212,1236.9172009928225,1218.572412832725,1226.8275146484375,190955
2017-10-30,1227.3517179723726,1242.813721649048,1211.016057879259,1222.2413330078125,85001
2017-10-31,1222.9839109558825,1230.976962769939,1180.8346282936736,1210.623046875,132499
2017-11-01,1222.9837594754197,1225.604376035814,1204.6389737186637,1216.694091796875,41526
2017-11-02,1224.7308778624401,1226.0412449154112,1205.5125526138722,1209.836669921875,21247
2017-11-03,1217.7424959577381,1228.2251978657664,1205.5125987593672,1207.4781494140625,150152
2017-11-06,1205.5124860844983,1213.1125206055008,1192.4091686534357,1195.02978515625,26821
2017-11-07,1196.7768374700527,1216.8251229655461,1158.8207126051493,1165.3287353515625,41505
2017-11-08,1160.1749856441106,1185.5955923476386,1142.4853809303042,1157.0301513671875,56072
2017-11-09,1161.8348300351672,1190.5313585608271,1161.8348300351672,1177.9083251953125,21852
2017-11-10,1183.673638844004,1188.041450818693,1140.083025683497,1184.0667724609375,29804
2017-11-13,1184.110571472649,1195.2921534299574,1180.266976086404,1187.5174560546875,14379
2017-11-14,1191.5357049286383,1199.3540960571404,1188.0415490268508,1193.7633056640625,10513
2017-11-15,1200.271056406652,1200.271056406652,1153.36095522987,1187.2987060546875,49432
2017-11-16,1192.4092715739307,1198.5241614001213,1171.70580037639,1193.1080322265625,11456
2017-11-17,1196.7772887062474,1207.2601108233762,1182.581954586966,1204.4210205078125,38092
2017-11-20,1197.3447842658793,1214.2481190931564,1168.2988249483044,1206.7354736328125,36310
2017-11-21,1211.6274725700162,1214.2480890289858,1200.2711155390004,1210.0986328125,10701
2017-11-22,1210.7539256571556,1235.5630411605318,1209.83669219489,1230.583740234375,134081
2017-11-23,1229.9723760406139,1236.698872904804,1214.2920164639158,1231.5010986328125,38545
2017-11-24,1229.9724451157974,1240.2804876438897,1223.4644207268002,1230.19091796875,19286
2017-11-27,1229.972385195064,1229.972385195064,1201.1448936523846,1211.8460693359375,27633
2017-11-28,1203.9838644249285,1238.402143074102,1203.9838644249285,1232.4619140625,97023
2017-11-29,1232.5930942106177,1264.9147410613527,1223.6828087251997,1233.160888671875,133646
2017-11-30,1231.8068829909155,1243.9493924434655,1207.0851533073583,1221.9356689453125,72233
2017-12-01,1217.7861414662523,1234.1216826572436,1206.3860890784554,1220.537841796875,24449
2017-12-04,1217.7425694015274,1227.35173297318,1201.2759428656502,1208.9195556640625,42320
2017-12-05,1209.8802622144174,1209.8802622144174,1186.2941270886677,1194.7677001953125,26002
2017-12-06,1200.271408925985,1200.271408925985,1171.8370497553558,1176.4232177734375,30754
2017-12-07,1176.6414292099926,1201.1446810996197,1175.374756782818,1195.073486328125,36690
2017-12-08,1197.650587406603,1213.374639695548,1168.8230994809526,1173.147216796875,69817
2017-12-11,1181.0530214913813,1212.5012473279205,1181.0530214913813,1200.1839599609375,60996
2017-12-12,1195.903240307058,1208.7446243936072,1191.44815732647,1198.8734130859375,13788
2017-12-13,1198.436863079112,1229.011431985255,1174.6323680590174,1184.809326171875,34601
2017-12-14,1184.8092265975265,1198.9172851038438,1167.9495851506874,1176.903564453125,27081
2017-12-15,1183.542608558752,1212.9378928572155,1183.542608558752,1204.15869140625,47209
2017-12-18,1211.6277194747472,1236.9609376996418,1186.9932619728747,1213.6805419921875,60326
2017-12-19,1213.6804284646637,1242.1584783841356,1213.6804284646637,1216.43212890625,91720
2017-12-20,1209.8806362776259,1236.0873959317357,1205.5128234255194,1208.220947265625,80999
2017-12-21,1215.995416666719,1231.7195884872683,1196.7770888491743,1200.2713623046875,54255
2017-12-22,1209.8804279144363,1222.1103252858318,1197.9126979341816,1204.027587890625,116445
2017-12-26,1212.457674788781,1224.7311513642655,1200.7082981681242,1217.1749267578125,86220
2017-12-27,1222.9839585763634,1229.0551544360544,1201.2759800975498,1212.7633056640625,38222
2017-12-28,1214.3792790688738,1257.8388081857324,1206.3861103956303,1211.758544921875,105658
2017-12-29,1207.3472056105568,1230.845957226431,1207.3472056105568,1225.517333984375,87166
2018-01-01,1233.4665469712947,1234.3400858859036,1214.291915580381,1222.6781005859375,49258
2018-01-02,1222.9837864744757,1244.6480673360663,1216.0389351378906,1223.158447265625,69302
2018-01-03,1223.8574365895229,1244.3861305283413,1223.8574365895229,1235.6068115234375,63302
2018-01-04,1240.4549562464897,1266.6181334599971,1236.087144283602,1252.0733642578125,170003
2018-01-05,1250.9378679927959,1273.6503509301647,1249.1906726032582,1253.6458740234375,109218
2018-01-08,1261.4205019397052,1264.4342523174091,1249.1906047116713,1255.8297119140625,144080
2018-01-09,1261.944367793501,1261.944367793501,1233.6409838547338,1239.84326171875,95526
2018-01-10,1240.6297968847725,1246.5700261513348,1221.7172147687124,1236.4366455078125,74134
2018-01-11,1240.4550928925516,1240.4550928925516,1219.0965534688087,1222.634521484375,35345
2018-01-12,1225.6922278606364,1326.9378505886114,1225.6922278606364,1290.9471435546875,339454
2018-01-15,1297.2365795190203,1332.1789627525313,1291.8204496266874,1323.2686767578125,316891
2018-01-16,1329.558173501641,1344.3212982604464,1286.4042706070863,1318.4202880859375,144577
2018-01-17,1323.4432016980238,1360.7442656752178,1297.7168516325105,1352.70751953125,100599
2018-01-18,1355.7649075677539,1367.121148174393,1305.9720157281765,1346.94189453125,110240
2018-01-19,1345.7627177467987,1415.1670743157158,1321.3467339062745,1385.3349609375,115760
2018-01-22,1393.3280163939098,1407.4796519174738,1367.1211447327867,1399.7049560546875,87953
2018-01-23,1408.1787086074742,1441.3738956545258,1380.224755607149,1432.376220703125,250981
2018-01-24,1355.7648817344118,1463.2127483760378,1355.7648817344118,1456.7921142578125,141799
2018-01-25,1443.1211063382725,1473.695676684199,1419.5349655868217,1449.498046875,91143
2018-01-29,1449.58536612648,1449.58536612648,1406.431460149116,1416.739501953125,105080
2018-01-30,1419.5348214457567,1428.2704456457172,1395.5992440262478,1402.762451171875,43457
2018-01-31,1397.7394844694443,1454.477230920981,1385.0728761004782,1444.169189453125,138100
2018-02-01,1441.3738077953758,1504.182867808497,1430.0175664693172,1485.4449462890625,220831
2018-02-02,1478.5002907376195,1528.0311384368563,1441.3738847890925,1466.3140869140625,161982
2018-02-05,1433.1187276854128,1471.9485155780274,1410.8429554458887,1422.0245361328125,104230
2018-02-06,1387.2130049099487,1422.1555003501046,1358.3855166469225,1413.9876708984375,49393
2018-02-07,1414.2933900957617,1451.2450125862422,1371.4889279137492,1378.9141845703125,49980
2018-02-08,1389.4406982752357,1430.0175634053044,1381.0982074706983,1393.197021484375,115493
2018-02-09,1380.2246724594997,1412.4590468770816,1360.1765012232147,1389.6590576171875,168280
2018-02-12,1389.658981223332,1412.546358358106,1369.741894781556,1406.9991455078125,40140
2018-02-14,1416.913975223761,1427.3967939103622,1364.0636409243725,1373.3233642578125,47423
2018-02-15,1386.9947078696493,1386.9947078696493,1352.270683786914,1354.45458984375,38513
2018-02-16,1362.6659898864923,1371.0084797232978,1316.4546453032492,1323.1373291015625,55865
2018-02-19,1319.0753041485684,1323.0500998561183,1285.1812438955546,1299.2891845703125,32413
2018-02-20,1304.093876028035,1338.0316321822993,1289.6364957396383,1318.4638671875,50915
2018-02-21,1331.6111313505648,1340.8708561905748,1315.7122986746986,1320.298583984375,38791
2018-02-22,1327.8110788550005,1332.1788912069283,1301.7789830142804,1324.5352783203125,35629
2018-02-23,1315.5811556540332,1339.997137135809,1315.5811556540332,1330.6500244140625,37973
2018-02-26,1340.9144928109013,1347.5971774682894,1321.7835549108165,1326.1513671875,69694
2018-02-27,1329.5581293678551,1346.1557205294653,1328.029406957141,1335.105224609375,45379
2018-02-28,1326.9376741366386,1354.0180899668992,1319.0755876159753,1338.0755615234375,130752
2018-03-01,1327.8110405979983,1352.7075467949626,1315.887004838434,1332.3099365234375,81630
2018-03-05,1332.3099571699897,1337.1144802180272,1294.1790474630268,1302.041015625,42759
2018-03-06,1310.3397232768093,1331.3051250211915,1267.5352634999492,1288.893798828125,80176
2018-03-07,1276.314711419181,1284.1329845810528,1242.4642267463498,1254.0389404296875,76147
2018-03-08,1266.5309453379566,1266.5309453379566,1240.4988476844674,1245.4781494140625,27063
2018-03-09,1250.93793016109,1267.011423792566,1250.0642736936459,1255.9171142578125,173412
2018-03-12,1266.487085200983,1266.6618634611511,1243.5998250485782,1252.33544921875,17781
2018-03-13,1256.703353135239,1257.7952475070447,1224.7310274145127,1232.4183349609375,42171
2018-03-14,1234.3400618534433,1234.3400618534433,1206.3861123791821,1214.466552734375,54371
2018-03-15,1220.3632464675054,1223.2023363493067,1195.903566848285,1199.4852294921875,61594
2018-03-16,1206.3860915658936,1208.1332867894566,1158.908190300927,1167.7747802734375,112192
2018-03-19,1170.5702947546781,1174.9381070720349,1144.3635383090523,1150.740478515625,58597
2018-03-20,1153.011616458783,1158.3403561554321,1133.0070246802727,1139.7335205078125,127983
2018-03-21,1148.5567192640358,1148.5567192640358,1129.6004395721325,1133.00732421875,54322
2018-03-22,1143.9266096510594,1147.8140163030885,1113.7888717494723,1126.717529296875,60640
2018-03-23,1114.6624548258271,1125.844035026294,1109.4211037891719,1116.3221435546875,39366
2018-03-26,1118.1566000781672,1137.0691816900592,1112.7405882896735,1119.81640625,38588
2018-03-27,1123.0049634868992,1144.319807040184,1107.0187427280525,1113.7452392578125,57101
2018-03-28,1122.0876337988814,1135.6277799127322,1112.04164316054,1130.9542236328125,74764
2018-04-02,1154.5840713390194,1154.6277659018585,1124.2715556617695,1129.29443359375,33019
2018-04-03,1135.6280016700027,1135.671696240754,1115.7107947529068,1120.9085693359375,75294
2018-04-04,1131.1727358048004,1135.6279373497698,1107.280968721857,1110.6004638671875,48921
2018-04-05,1131.2600075664745,1135.6278195217046,1113.7888772040587,1116.93359375,110672
2018-04-06,1123.7472940014668,1135.6277512016375,1121.039288338861,1128.0714111328125,41396
2018-04-09,1127.3727223081066,1135.6278235048533,1123.7910601121732,1127.678466796875,98762
2018-04-10,1135.584077410896,1142.1357950694198,1124.2715318398014,1126.4117431640625,38524
2018-04-11,1131.2598061623676,1135.496533672082,1113.832256007908,1116.3656005859375,50442
2018-04-12,1113.7889756884426,1121.6946385038373,1108.547506911897,1111.3865966796875,74054
2018-04-13,1109.421221915555,1129.0762610311688,1107.6303318417167,1110.90625,55440
2018-04-16,1105.5335809558176,1115.623265799872,1090.2026630836913,1098.457763671875,170991
2018-04-17,1100.9913373608688,1114.6625695198466,1100.9913373608688,1104.6165771484375,35496
2018-04-18,1112.8714777673342,1112.8714777673342,1095.4440427284026,1096.8853759765625,29674
2018-04-19,1098.1957607217155,1109.4210347892931,1090.2027096973281,1091.64404296875,52542
2018-04-20,1091.9498061871789,1135.4094524733841,1091.1636564234125,1113.2646484375,259743
2018-04-23,1125.1452834101572,1179.3059951844164,1118.6372590832113,1164.717529296875,278307
2018-04-24,1170.570111098887,1193.2827080939617,1166.202299466815,1182.4942626953125,216733
2018-04-25,1179.2184056650167,1206.29881567976,1147.8575729198933,1182.0574951171875,245780
2018-04-26,1185.158754560859,1209.0069439333543,1155.938130220459,1172.1864013671875,114256
2018-04-27,1181.5643918527833,1208.1292659420333,1167.4053081868822,1174.594482421875,74053
2018-04-30,1182.8793741945003,1201.1152486400383,1174.945054183696,1191.032958984375,57374
2018-05-02,1197.1698302337077,1200.983622189087,1170.4296693655533,1178.407958984375,144475
2018-05-03,1179.1096546744643,1179.1096546744643,1137.9912530571285,1147.4598388671875,76008
2018-05-04,1147.6349055519775,1163.7666614673885,1124.8399766833734,1127.4700927734375,121216
2018-05-07,1131.8540430411551,1147.5913624164405,1116.2921355164622,1126.506103515625,117509
2018-05-08,1132.68674847508,1145.0047127240612,1114.538463475935,1123.1741943359375,201144
2018-05-09,1116.6425499780025,1135.4045400375358,1097.6614130467167,1111.031494140625,426064
2018-05-10,1123.0866440180032,1123.0866440180032,1108.927444714921,1111.8206787109375,89302
2018-05-11,1117.8265675876903,1118.7032732268779,1083.020516733316,1091.65625,152628
2018-05-14,1091.5244112618607,1109.0589910873628,1068.2911873004969,1097.3546142578125,86414
2018-05-15,1095.9080414044108,1107.9630059293502,1082.7133716445617,1087.8421630859375,25054
2018-05-16,1087.9300895329548,1091.4369118541167,1074.4722993283647,1082.40673828125,33647
2018-05-17,1076.9707360660896,1089.727111821817,1071.4035330882039,1077.102294921875,69005
2018-05-18,1076.9706807361883,1079.77620855696,1064.3895995502546,1066.4061279296875,19594
2018-05-21,1069.6062372350757,1081.7489070676118,1050.3182477912637,1052.2470703125,22311
2018-05-22,1047.6881402200347,1062.5924867806257,1039.9729670886202,1059.655517578125,15631
2018-05-23,1058.9541669611617,1072.8502499881622,1038.5264686992418,1047.38134765625,178637
2018-05-24,1047.6881672852032,1058.2088689074876,1014.0656807434933,1021.82470703125,47016
2018-05-25,1025.2002058799658,1028.9262926163703,1015.249356930542,1021.82470703125,33619
2018-05-28,1021.3864529985209,1067.852906620225,1021.2548941222954,1054.965087890625,61479
2018-05-29,1062.2418222317121,1079.3818450182669,1045.8032109982155,1074.779052734375,43162
2018-05-30,1067.8528462274303,1097.4862456527107,1062.5924955089704,1086.65869140625,55578
2018-05-31,1089.1134793674787,1100.24788607062,1069.6063411595453,1079.9954833984375,45809
2018-06-01,1080.609316052723,1091.5245771491739,1044.3128576127099,1055.447265625,44897
2018-06-04,1065.1350378418151,1065.1350378418151,1029.233140771217,1039.14013671875,63553
2018-06-05,1031.4688421475594,1036.3786057325626,1007.3589075049027,1018.0111694335938,56471
2018-06-06,1017.0903058058965,1052.0716388155995,1010.8216916713627,1048.9154052734375,56787
2018-06-07,1059.96239723161,1111.6891998290769,1053.869076008481,1103.5794677734375,118872
2018-06-08,1097.6613957808224,1122.2097352121416,1083.7214623090617,1094.9874267578125,71651
2018-06-11,1095.908231622615,1122.2099876862833,1078.417501951017,1095.33837890625,39852
2018-06-12,1105.2014547037597,1134.440296355577,1091.5245188151823,1125.9798583984375,118467
2018-06-13,1130.5388538632674,1150.922697709639,1096.3465160095363,1106.8233642578125,66975
2018-06-14,1106.4290097286842,1111.6017732587763,1094.1548953541806,1098.406982421875,14706
2018-06-15,1094.8558723245476,1109.0150706060288,1060.8389498569904,1064.9595947265625,87858
2018-06-18,1069.6064389802202,1082.5819636689355,1059.4363248170073,1062.5487060546875,41074
2018-06-19,1062.54857100561,1072.2364192740952,1045.4962558040284,1059.5677490234375,28432
2018-06-20,1073.9900241144292,1082.7571967534523,1050.318386855197,1055.929443359375,53612
2018-06-21,1069.518829097686,1074.4284747846139,1052.0719514165175,1056.937744140625,31949
2018-06-22,1057.3322734817277,1067.8529761991551,1048.9595406925241,1062.8118896484375,34386
2018-06-25,1063.469229185293,1063.469229185293,1037.1674748954524,1042.64697265625,28743
2018-06-26,1021.51792227331,1046.7676785795932,1021.51792227331,1041.6827392578125,22366
2018-06-27,1044.1813120322997,1049.6608095695651,1030.1536710218677,1039.7099609375,25255
2018-06-28,1034.9757656212998,1035.414177359292,1009.1123023031404,1015.0302124023438,35919
2018-06-29,1016.9588519005185,1061.7157429196059,1016.9588519005185,1033.22216796875,88436
2018-07-02,1040.9375968653335,1043.1732728953486,1019.67692492411,1035.8525390625,24749
2018-07-03,1030.6797102332941,1042.0771174168272,1025.770065162498,1028.8824462890625,21611
2018-07-04,1030.6357574500814,1043.1729866566357,1026.6905241695063,1033.96728515625,22869
2018-07-05,1037.07983276067,1042.427889862391,1026.6029833578355,1036.5538330078125,30836
2018-07-06,1043.2604930741047,1043.2604930741047,1025.8574735866384,1029.4959716796875,25670
2018-07-09,1030.4605578237959,1057.3321645819049,1030.4605578237959,1053.080078125,85503
2018-07-10,1062.0223850440286,1082.7569300750906,1056.6304767656497,1076.9705810546875,98429
2018-07-11,1076.5761998464864,1099.590276652458,1062.5924126820985,1094.373779296875,90249
2018-07-12,1100.291826043892,1104.5877655810757,1072.061248343816,1078.2860107421875,46393
2018-07-13,1070.570973396435,1081.0039707427582,1037.343040366551,1068.379150390625,66872
2018-07-16,1076.970926141173,1082.7135419402896,1044.751260752347,1047.3375244140625,39130
2018-07-17,1043.7869841803454,1055.1843934478202,1030.1538988709844,1037.0799560546875,36926
2018-07-18,1044.838753997133,1052.071780347266,1037.1674338586822,1040.2359619140625,33343
2018-07-19,1052.0718442070827,1059.0857240887933,1009.1122130555692,1014.898681640625,83645
2018-07-20,1021.2986090207081,1034.4933966778144,989.8240952128901,995.0407104492188,205744
2018-07-23,999.4244215779247,1010.8218283463297,990.7009841498146,1002.4490966796875,70493
2018-07-24,1007.2709904234447,1031.907037572623,1003.895609711803,1024.2357177734375,61857
2018-07-25,1030.153345296271,1047.68780260185,1009.6818018503797,1029.4080810546875,68520
2018-07-26,1029.1893676378158,1039.79777594892,1017.0028421796873,1030.89892578125,43759
2018-07-27,1041.5512717129616,1046.8116233358535,1030.1538628440808,1041.9019775390625,37174
2018-07-30,1048.5649079266755,1069.1241651017117,1033.6605604813815,1060.444580078125,50390
2018-07-31,1056.4554085903549,1087.140806536245,1056.4554085903549,1068.15966796875,43829
2018-08-01,1068.1596138926918,1076.1379041890916,1058.2087659117865,1063.4691162109375,22679
2018-08-02,1090.2095280707053,1090.2095280707053,1045.5403343477071,1056.4117431640625,37061
2018-08-03,1057.3319645138192,1064.3019899166316,1052.071614692257,1055.666259765625,13596
2018-08-06,1060.839166966926,1069.6064581401386,1043.5677023785092,1047.3375244140625,27864
2018-08-07,1051.1952295557544,1074.5161640922993,1037.3867333905168,1059.787109375,39264
2018-08-08,1067.502361120006,1069.6941841961166,1056.0172459241674,1063.2064208984375,28352
2018-08-09,1071.272125839252,1071.272125839252,1045.058077039958,1052.3348388671875,29534
2018-08-10,1052.5541613303571,1065.2228336692563,1052.5541613303571,1057.726806640625,147347
2018-08-13,1057.770503262853,1057.814356216909,1041.5510402449881,1044.1812744140625,429783
2018-08-14,1049.354137364311,1067.8530147690171,1046.8116085741663,1058.340576171875,67598
2018-08-16,1057.332182951991,1073.1132356769442,1047.7758925550484,1050.5814208984375,25639
2018-08-17,1054.6142685255745,1086.2640771302156,1047.7758011528822,1075.4365234375,94497
2018-08-20,1085.3873512172347,1112.828926098114,1057.8581883142558,1077.58447265625,267153
2018-08-21,1082.7571404651787,1123.9633566288908,1077.628348863926,1113.5740966796875,442881
2018-08-23,1130.9334226283372,1171.306674059251,1117.8264565385975,1165.4326171875,242773
2018-08-24,1166.0462498649563,1187.9644767166383,1153.3337254446983,1156.7091064453125,141371
2018-08-27,1161.6187251788294,1170.4297498986143,1155.525404643917,1158.3309326171875,54148
2018-08-28,1165.9586754650086,1166.440822234607,1142.3747432582081,1146.100830078125,58046
2018-08-29,1156.4021886258056,1196.7317001891233,1141.4978423581515,1161.574951171875,183002
2018-08-30,1170.254560482984,1172.0956773282107,1139.656749872579,1148.1171875,71161
2018-08-31,1153.7719374658352,1161.6624034594959,1141.4977089761892,1147.1087646484375,45623
2018-09-03,1165.9587269270423,1165.9587269270423,1141.4979702488617,1144.6103515625,89324
2018-09-04,1144.1278029403609,1144.1278029403609,1100.5983327974436,1119.7547607421875,62825
2018-09-05,1131.8538161451982,1131.8538161451982,1096.7847739835643,1111.8206787109375,62672
2018-09-06,1122.8673452602945,1147.6349505814546,1113.530202899869,1136.2374267578125,184562
2018-09-07,1146.7581662005516,1207.0769613772725,1144.171902872087,1180.8629150390625,361782
2018-09-10,1184.0629957813,1223.9102455579634,1163.6352976427315,1204.3592529296875,276319
2018-09-11,1206.375732741859,1226.05816556156,1189.4110043747671,1219.0882568359375,183730
2018-09-12,1216.8965245098789,1297.5553203176992,1207.4278217580218,1283.2208251953125,623557
2018-09-14,1284.4042261905008,1329.9940875155287,1239.691188182108,1269.8505859375,465053
2018-09-17,1264.2397438951505,1272.1303298916796,1250.5189537956808,1263.8890380859375,451996
2018-09-18,1255.0338366289393,1279.143764399765,1252.8858672471015,1265.423095703125,80784
2018-09-19,1265.423258954387,1287.7359259411926,1198.660434049795,1261.82861328125,219937
2018-09-21,1264.9409031724729,1285.324745927732,1163.5037182256895,1255.428466796875,160324
2018-09-24,1260.3818953698387,1268.7546260479733,1183.580643435835,1217.203125,92670
2018-09-25,1241.444847848517,1271.2535429976087,1179.1972230916263,1252.8861083984375,142041
2018-09-26,1265.2917161196883,1288.7879416818166,1244.6447538973653,1258.979248046875,117517
2018-09-27,1268.4040748661278,1268.4040748661278,1214.529186065402,1247.888671875,107819
2018-09-28,1241.0062615940308,1258.1024295181242,1187.964347018765,1236.0089111328125,121238
2018-10-01,1221.718386393021,1271.2096310750399,1201.378394777566,1247.494140625,65120
2018-10-03,1253.7189612973598,1283.4838034954728,1229.959734666405,1246.8804931640625,133875
2018-10-04,1231.8008701961837,1244.9516890384873,1207.2525257037707,1212.4251708984375,59713
2018-10-05,1221.4991256255448,1221.4991256255448,1168.6763578741957,1205.2796630859375,113963
2018-10-08,1206.3759843749617,1218.6500993497457,1169.2465508076082,1208.6553955078125,64540
2018-10-09,1214.1785844625463,1217.2909657544944,1178.4958320042606,1187.526123046875,40339
2018-10-10,1192.830333507409,1203.7455945673992,1170.517664597333,1176.041015625,49958
2018-10-11,1161.6625716931705,1166.8791873402056,1117.913943024424,1130.9771728515625,61397
2018-10-12,1135.8430707551627,1165.1694991804286,1135.8430707551627,1147.415771484375,261569
2018-10-15,1157.2788853059326,1157.2788853059326,1125.5413735279476,1130.1441650390625,65209
2018-10-16,1130.9773546117954,1151.0544672137494,1126.5937086607391,1137.4212646484375,127574
2018-10-17,1151.1419120395522,1151.1419120395522,1122.2099230926708,1126.6812744140625,32502
2018-10-19,1126.6812780409405,1138.297950191805,1106.604285756497,1114.845458984375,34032
2018-10-22,1122.2098920672663,1127.6456546583693,1088.0614061123845,1095.4697265625,38870
2018-10-23,1095.9079387815848,1106.7793441008255,1074.9541275662468,1091.875,81905
2018-10-24,1100.2917392467373,1109.0590294628528,1072.937869218401,1086.0010986328125,35498
2018-10-25,1073.1130821047946,1086.2201634841506,1056.5430321628503,1069.5185546875,27218
2018-10-26,1083.6341088462184,1100.2918678970973,1056.4555295752937,1080.697021484375,32757
2018-10-29,1082.0121904643315,1099.4152148985606,1074.1654573553308,1079.03125,42167
2018-10-30,1086.351983036838,1109.0592118462955,1043.3046422964574,1059.2611083984375,407977
2018-10-31,1093.8041173841752,1129.6184294091445,1065.2228325009826,1121.46484375,406064
2018-11-01,1130.9769579658682,1191.4711565670207,1124.7083440966428,1155.1307373046875,455074
2018-11-02,1187.964474136271,1206.3757610748344,1146.9775196853766,1155.6571044921875,203584
2018-11-05,1161.6626750763357,1170.9998190632969,1139.7445647772206,1145.8377685546875,74360
2018-11-06,1156.402439316094,1166.923260624856,1141.76108972037,1144.259765625,108438
2018-11-07,1149.6953454089426,1165.8709567564395,1148.5117870926465,1162.5394287109375,17391
2018-11-09,1166.0461396524634,1166.0461396524634,1143.25132734239,1146.802001953125,74936
2018-11-12,1158.1558250810701,1158.1558250810701,1139.7445374256936,1146.2322998046875,87266
2018-11-13,1144.1282017941821,1157.4544325602087,1134.0896462887486,1137.72802734375,41140
2018-11-14,1148.467861226561,1153.6405058544344,1126.900341504311,1128.9168701171875,319781
2018-11-15,1136.1938947524213,1152.8079205873955,1126.5937498492901,1132.424072265625,168342
2018-11-16,1136.2376003444354,1166.0024427684896,1136.2376003444354,1159.821533203125,61777
2018-11-19,1161.6626467699828,1191.4714599499353,1161.6626467699828,1184.194580078125,212514
2018-11-20,1181.8275497569773,1183.5809609433852,1172.0958465385067,1177.1807861328125,41394
2018-11-21,1181.3889510448419,1182.5286563472,1159.9529898868466,1175.8656005859375,31080
2018-11-22,1175.8655257975076,1193.4438403767385,1165.1694134343522,1179.50390625,71423
2018-11-26,1183.6245982684782,1197.4768270397865,1169.903810475835,1182.4410400390625,52835
2018-11-27,1182.7040086962782,1195.3288259509748,1178.320363760164,1188.841064453125,37254
2018-11-28,1188.8850371669328,1231.756961645747,1179.1971879552855,1226.6280517578125,296500
2018-11-29,1233.9925817928895,1242.803607225283,1205.4988881193897,1215.4058837890625,96469
2018-11-30,1218.8689453628556,1238.0254956250483,1204.6660107174062,1235.0445556640625,150394
2018-12-03,1236.184355784157,1244.0748224914914,1209.882485734951,1217.9483642578125,38145
2018-12-04,1220.40324706503,1227.4171265793636,1206.3757238049434,1211.6798095703125,25208
2018-12-05,1211.5922761896254,1211.7675701374594,1194.583694225007,1203.4825439453125,24683
2018-12-06,1198.3973590653195,1227.3293450395106,1186.2546884737726,1208.4359130859375,54793
2018-12-07,1215.9758954384079,1235.3076228039615,1205.6304877471994,1223.822509765625,61052
2018-12-10,1208.5673116396022,1242.1897941780553,1200.2822866224749,1224.567626953125,88064
2018-12-11,1218.4305853172918,1243.8556311486927,1209.8824424915406,1227.3731689453125,63494
2018-12-12,1246.705169583749,1270.376807618632,1225.049942420097,1253.6312255859375,205421
2018-12-13,1270.8149263652026,1280.0206276018957,1251.9653480265213,1261.302490234375,92886
2018-12-14,1260.2945255357934,1265.9932887089474,1231.8447984008737,1253.8067626953125,47630
2018-12-17,1275.4617752065105,1283.5276546403181,1218.6499133834795,1227.1103515625,458848
2018-12-18,1226.4964183591267,1226.4964183591267,1158.2870437285285,1169.5091552734375,602448
2018-12-19,1159.9094093176393,1193.4880495101304,1122.297828780169,1169.64111328125,796046
2018-12-20,1179.0217459864898,1179.5915985948736,1136.5881206422873,1152.1500244140625,274938
2018-12-21,1152.8952681461765,1161.6624397592825,1135.3606891514091,1142.1114501953125,213522
2018-12-24,1143.5143642811772,1155.5254764044,1138.8677193385329,1141.62939453125,72811
2018-12-26,1140.7966644379146,1155.5256003793215,1126.5936103574584,1135.6239013671875,138249
2018-12-27,1148.511715208591,1159.9091217357227,1141.8923946051243,1147.635009765625,80301
2018-12-28,1157.2351059922623,1160.2159279555324,1147.6786987600215,1151.40478515625,55788
2018-12-31,1152.8953844208543,1179.153284725669,1144.9170935891352,1171.964111328125,114838
2019-01-01,1170.4297426204148,1171.9640065115473,1150.4404590839083,1156.5775146484375,72796
2019-01-02,1157.2791406613972,1166.0463139999888,1149.6515548591321,1156.62158203125,62468
2019-01-03,1156.3147469909734,1166.0463319445892,1141.6733987156551,1147.59130859375,56553
2019-01-04,1152.8078463213556,1156.3586395234456,1135.8869687063495,1142.9447021484375,58653
2019-01-07,1155.30654428858,1155.30654428858,1138.8679310563673,1141.32275390625,33171
2019-01-08,1145.881439220119,1147.6787029953198,1132.7306222864936,1139.2183837890625,44003
2019-01-09,1146.4952666616675,1152.2378822232151,1133.2567424144827,1139.393798828125,54070
2019-01-10,1140.7966254240575,1143.2514479970066,1138.473243840776,1140.2705078125,25099
2019-01-11,1144.1282193606298,1190.5946748579438,1144.084366400118,1179.7232666015625,177402
2019-01-14,1183.5807794899895,1190.0685413462363,1140.7088569614878,1146.1883544921875,119975
2019-01-15,1148.5117677661774,1163.1531147750086,1115.6345459025777,1133.78271484375,118002
2019-01-16,1125.4537802082505,1139.744420739478,1122.6921050253272,1128.741455078125,59285
2019-01-17,1128.3471063102447,1137.1142793066008,1121.4209323684138,1128.0841064453125,48524
2019-01-18,1130.9770503787643,1134.7469895979307,1116.9494106856844,1118.79052734375,35395
2019-01-21,1123.2619002407075,1142.3745965394824,1117.8262560620096,1123.1741943359375,245561
2019-01-22,1125.7168124642692,1154.4735061732183,1123.0428431136088,1147.7664794921875,239930
2019-01-23,1147.7665032691941,1150.9665902725333,1130.9771865673015,1133.78271484375,26729
2019-01-24,1138.2980482141459,1138.517195138718,1095.908266442756,1103.2288818359375,159506
2019-01-25,1109.0151831090675,1116.949502998249,1091.74360241903,1099.9410400390625,37819
2019-01-28,1101.1686463759909,1108.533114921909,1062.5926566671287,1082.888916015625,67321
2019-01-29,1085.431211075615,1108.1822883740008,1071.4035707578794,1103.7109375,235088
2019-01-30,1104.8506988201846,1129.8374528235559,1089.7710583910598,1108.752197265625,82500
2019-01-31,1104.6754052903214,1129.31145354153,1097.0478202194013,1115.4591064453125,88732
2019-02-01,1130.977218811369,1135.3608642360655,1105.552169655567,1115.3714599609375,107796
2019-02-04,1116.204496502366,1134.7033728366266,1102.7028536485525,1116.3359375,102593
2019-02-05,1117.9140822479078,1134.4404009510488,1097.6616764095807,1102.702880859375,83967
2019-02-06,1105.9467387297045,1117.7825579101411,1099.4589764481234,1104.5877685546875,74708
2019-02-07,1106.42879418377,1127.4701963748487,1103.7986778520285,1110.3741455078125,46269
2019-02-08,1111.601723238255,1119.4921912998586,1097.6616684197659,1100.4234619140625,50995
2019-02-11,1106.4289617971071,1106.4289617971071,1070.4832079611974,1081.705322265625,55727
2019-02-12,1090.82306777061,1109.0590602180596,1075.7434272035207,1098.6697998046875,44666
2019-02-14,1104.6755292706712,1118.6593189191688,1081.4423014575646,1103.097412109375,377954
2019-02-15,1103.272720583897,1114.9332465466582,1085.38754969962,1093.1904296875,75404
2019-02-18,1088.4122715381745,1096.3905637107114,1073.8147753956036,1077.0587158203125,29203
2019-02-19,1078.373380701807,1101.2121618248364,1074.0774420333644,1089.72705078125,60315
2019-02-20,1100.2919137567646,1117.3880852359855,1092.0068868460173,1096.3466796875,70442
2019-02-21,1103.7989549299102,1111.6894237901029,1086.2643701129189,1092.138427734375,55594
2019-02-22,1094.8561405254338,1108.6646364682367,1087.1409664203882,1094.4178466796875,55699
2019-02-25,1095.9079754977065,1108.6204977811249,1090.6476255143702,1092.88330078125,36809
2019-02-26,1095.0314670781986,1095.0314670781986,1076.6640328413212,1083.414794921875,88921
2019-02-27,1087.1407734076402,1091.5244183926536,1069.6063113518708,1074.03369140625,223301
2019-02-28,1077.4969116142317,1082.3628218084248,1071.5790019391418,1075.787353515625,235050
2019-03-01,1092.3135928698257,1106.4288220056342,1082.9325968270543,1091.086181640625,216894
2019-03-05,1096.1711955179092,1099.765841423933,1071.5789984105943,1081.6175537109375,296798
2019-03-06,1085.38750699196,1096.7849147389943,1073.9900992449257,1091.1300048828125,187191
2019-03-07,1097.6616413756965,1135.2732173366314,1091.3054376984696,1114.0565185546875,191884
2019-03-08,1114.319558897703,1121.99088012614,1094.8561526319745,1109.9359130859375,138564
2019-03-11,1109.935790040432,1119.579786180339,1105.9905564009268,1110.111083984375,44003
2019-03-12,1116.686470692093,1123.0866442710003,1090.6477183749319,1099.6341552734375,63201
2019-03-13,1102.5275103552356,1154.5611677502895,1094.1547781227648,1137.070556640625,561331
2019-03-14,1145.0923610021493,1161.6624104186676,1131.8975741380546,1148.160888671875,315481
2019-03-15,1154.9995749163988,1154.9995749163988,1136.3252876485244,1143.0760498046875,240159
2019-03-18,1152.8953762886008,1161.662548724074,1139.744440808958,1144.78564453125,81145
2019-03-19,1147.4159107614616,1161.6627004497143,1140.6651482026098,1156.928466796875,102642
2019-03-20,1160.6107187199218,1178.3205958814667,1157.0160725797311,1173.6739501953125,121312
2019-03-22,1178.6711220010768,1182.7040613758215,1170.2983904500772,1174.8134765625,78801
2019-03-25,1172.9725505325712,1174.8136676410816,1158.1120547777482,1170.1231689453125,50755
2019-03-26,1170.4298251242708,1178.320409895074,1157.322742755906,1166.879150390625,38874
2019-03-27,1170.4298642020901,1181.8273890164846,1157.235193367719,1162.933837890625,201412
2019-03-28,1158.2433841348986,1167.5367925904418,1147.1528295906292,1152.8077392578125,169781
2019-04-01,1157.279164767577,1164.2929271614075,1148.5118733620614,1155.350341796875,107242
2019-04-02,1155.5255331122028,1180.2492879642089,1146.7582424854731,1159.3831787109375,214217
2019-04-03,1164.9940614400014,1174.8133500307495,1157.366477294595,1167.9310302734375,76579
2019-04-04,1170.4298606663856,1173.0162420084112,1148.511752346354,1162.05712890625,45078
2019-04-05,1156.227079594049,1209.8827111613678,1156.227079594049,1207.7347412109375,175660
2019-04-08,1203.7455795066217,1244.0749771340033,1201.729050683103,1223.9102783203125,267659
2019-04-09,1219.7021253234782,1241.4449426905805,1209.3128634558987,1234.7379150390625,101794
2019-04-10,1231.8007100742188,1233.5541209227865,1201.992018342861,1211.241455078125,75853
2019-04-11,1212.4690978937535,1243.3736478387743,1205.2799234262638,1234.7379150390625,66836
2019-04-12,1233.4667957946529,1256.7877331245008,1230.0475610654057,1253.0616455078125,112640
2019-04-15,1253.0613464744351,1260.7327847140555,1242.3214979769766,1247.8448486328125,41164
2019-04-16,1255.4725390756305,1259.7684788344477,1236.1845452372527,1237.631103515625,175260
2019-04-18,1239.7789662640243,1270.3767774589774,1239.7789662640243,1259.6806640625,105257
2019-04-22,1244.951649570869,1275.637167626814,1233.0282424369686,1261.740966796875,165460
2019-04-23,1265.9933643633924,1309.3912957674672,1265.9933643633924,1296.0650634765625,337954
2019-04-24,1284.404318399076,1319.4734812849867,1280.6344965577628,1307.506103515625,138939
2019-04-25,1313.3362877550446,1314.914404777098,1293.1715901224634,1310.1800537109375,51968
2019-04-26,1314.4799790928664,1314.4799790928664,1294.727545863956,1303.1300048828125,81370
2019-04-30,1302.5143444675298,1310.0809952430786,1295.5635783689274,1301.5465087890625,65056
2019-05-02,1306.5616827567278,1337.268137745629,1285.7535101650806,1299.3909912109375,290208
2019-05-03,1298.643002279707,1335.4202848649297,1295.5635788937263,1313.8203125,125491
2019-05-06,1302.1623477459168,1325.8300166171803,1294.2437462468765,1301.3265380859375,193479
2019-05-07,1297.7632102534753,1317.0316702896969,1289.4487669426603,1301.1065673828125,63275
2019-05-08,1302.382134664219,1317.1194744707666,1274.0073165635017,1278.8905029296875,193212
2019-05-09,1275.767197670987,1275.767197670987,1214.3544123054041,1219.3695068359375,166605
2019-05-10,1214.6184141773788,1230.7194333303994,1180.4365775206704,1211.6708984375,136872
2019-05-13,1230.0153872284732,1230.0153872284732,1178.9847450229388,1185.53955078125,32774
2019-05-14,1192.9302677973417,1214.1784070750693,1153.7334558828811,1209.42724609375,182310
2019-05-15,1199.2212959535082,1240.5738278640317,1193.282373532438,1212.682861328125,38926
2019-05-16,1213.2984215988497,1235.206451186806,1197.5053474684973,1220.55712890625,67967
2019-05-17,1218.5775347932042,1235.118520635167,1207.6235192297625,1223.944580078125,23821
2019-05-20,1248.316217896629,1268.7284289341542,1236.1744410804663,1264.417236328125,54114
2019-05-21,1266.9687108039475,1282.7617858907786,1244.0928443027135,1257.158447265625,115365
2019-05-22,1253.7710634214818,1285.8851987262608,1232.8308684011936,1282.0579833984375,47943
2019-05-23,1310.9606101762856,1310.9606101762856,1250.2517336483543,1264.9449462890625,84054
2019-05-24,1287.9530684198885,1319.7592656817537,1271.2360461085882,1317.07568359375,84808
2019-05-27,1300.402589056552,1425.2957278951892,1300.402589056552,1419.44482421875,360765
2019-05-28,1421.8205618114876,1423.5803168601246,1370.481970809701,1402.904052734375,191315
2019-05-29,1403.343909643649,1407.8310184799518,1387.638732959462,1397.0970458984375,190067
2019-05-30,1390.146442702934,1397.0972092242796,1374.3972555170296,1385.13134765625,34614
2019-05-31,1389.9261897071208,1406.2911394430553,1373.4292140051678,1380.7318115234375,48943
2019-06-03,1382.3158094320681,1421.3807153705482,1364.895003375102,1401.8922119140625,98299
2019-06-04,1401.8923126842628,1416.365722309828,1365.5109862230213,1374.00146484375,107290
2019-06-06,1372.5493262083148,1389.6182967325285,1340.875160129303,1345.978271484375,62948
2019-06-07,1347.0783146163276,1385.747263089576,1334.7166113884816,1376.2010498046875,46049
2019-06-10,1375.320850263239,1433.258367204518,1365.686621485978,1375.5408935546875,216299
2019-06-11,1372.5495332254848,1393.4457221148655,1355.4806784296723,1360.7156982421875,111838
2019-06-12,1361.7716346407863,1385.4393060565692,1319.8033379409799,1325.522216796875,203937
2019-06-13,1328.5572580538987,1367.2702038951325,1321.5185944022348,1327.5455322265625,243741
2019-06-14,1331.1970472329713,1358.7800670341373,1321.5188091995792,1329.833251953125,121838
2019-06-17,1331.1529366141121,1354.9526293798917,1328.249429935629,1349.40966796875,107112
2019-06-18,1353.9850674227464,1361.111750434723,1347.0343007740244,1354.6009521484375,56831
2019-06-19,1357.5920630141936,1376.0247104100763,1354.9526083225549,1367.666259765625,65686
2019-06-20,1368.9420606781212,1386.8907314528642,1350.5534216292692,1378.664306640625,42270
2019-06-21,1377.8283381591903,1387.9465434400247,1347.1220079740158,1371.7135009765625,120159
2019-06-24,1372.6815373272211,1383.987504773485,1363.7512095541579,1373.3414306640625,80440
2019-06-25,1376.0687017202797,1379.5880929009404,1355.7443921486529,1371.7135009765625,30243
2019-06-26,1369.953952255831,1415.661558663321,1364.6309156390269,1409.062744140625,152297
2019-06-27,1407.7430594607722,1442.9366182018648,1397.1848853658832,1410.25048828125,193979
2019-06-28,1398.944787142817,1423.3163590024449,1397.1850321240704,1409.8988037109375,59272
2019-07-01,1407.8308026252112,1436.161610134905,1395.821053939694,1408.9306640625,171308
2019-07-02,1416.541375742017,1420.0607671450502,1404.7075419309506,1408.138916015625,70439
2019-07-03,1414.737805991691,1421.3366208607765,1407.7431497745717,1414.5618896484375,64420
2019-07-04,1414.7817988201207,1464.9326256399286,1412.142225580885,1453.4947509765625,203731
2019-07-05,1461.8533048766778,1469.331938508319,1338.3238239622417,1356.66845703125,252154
2019-07-08,1360.231780171457,1385.74710307572,1282.0140738314647,1304.0980224609375,137689
2019-07-09,1306.649694591059,1370.7899585447553,1297.3234065844824,1347.562255859375,222793
2019-07-10,1340.8754378165247,1363.0474059846504,1307.925487075009,1332.2530517578125,68287
2019-07-11,1338.2356671119242,1350.5534779695554,1322.4866004450446,1326.7537841796875,30315
2019-07-12,1335.5083562534203,1335.5083562534203,1307.4414753389055,1320.507080078125,42720
2019-07-15,1321.8707439905188,1328.557457719102,1309.2889992103926,1316.899658203125,46973
2019-07-16,1316.8994120405312,1341.7108276791353,1300.0064779320726,1337.7515869140625,42607
2019-07-17,1336.344038896322,1350.025645339469,1303.0421411805905,1310.1688232421875,123941
2019-07-18,1313.600237442006,1319.7592023679958,1271.3680111086744,1279.37451171875,69760
2019-07-19,1285.7534247263065,1292.1762051338612,1241.4975089638015,1245.060791015625,53263
2019-07-22,1248.8440220785972,1248.8440220785972,1212.7266357855274,1235.20654296875,50040
2019-07-23,1240.573587785298,1271.323928759507,1198.2092196185865,1209.7352294921875,260200
2019-07-24,1215.1460457002083,1224.208397873635,1188.6628910562506,1198.297119140625,68906
2019-07-25,1214.1785112719338,1244.0051480730183,1201.9487159253117,1234.2388916015625,491229
2019-07-26,1240.5736703108423,1256.4107553214249,1205.3799903279626,1215.9820556640625,102877
2019-07-29,1222.9767304563284,1249.3718699853175,1205.3798919017713,1226.97998046875,164411
2019-07-30,1230.0156931977938,1235.910725453387,1190.3790247843294,1195.0860595703125,320587
2019-07-31,1197.4615500323662,1208.899425456371,1177.137236968346,1199.3092041015625,58743
2019-08-01,1195.701712258494,1224.6924147685352,1181.1402888672103,1190.1146240234375,56036
2019-08-02,1192.622228201051,1222.9767273083912,1178.9847493380798,1203.4443359375,50578
2019-08-05,1187.1672521823687,1222.9766945547126,1170.3623333735707,1213.386474609375,63900
2019-08-06,1209.7791804260428,1231.7752300535276,1208.9433707631688,1218.181640625,26854
2019-08-07,1221.8329607547907,1230.1033943091159,1201.8165926811862,1223.4605712890625,58978
2019-08-08,1227.0238448369394,1258.0382336513874,1205.3797501563906,1227.331787109375,72135
2019-08-09,1244.6206423180477,1251.7473230143405,1222.976548315786,1228.8714599609375,35155
2019-08-13,1224.5604147102451,1237.9339595658632,1207.1396113022313,1213.386474609375,60991
2019-08-14,1214.4421509011584,1225.6162087686687,1153.9093101499486,1186.8592529296875,84588
2019-08-16,1186.8151752561535,1204.0160518538362,1178.5886330520525,1195.4815673828125,48801
2019-08-19,1201.8604742618759,1215.9379197515825,1188.6628469334948,1205.643798828125,48128
2019-08-20,1210.6590135843899,1213.87034427932,1198.34120318517,1200.936767578125,40192
2019-08-21,1200.9365976256622,1208.019269578763,1189.5426157461081,1196.009521484375,47032
2019-08-22,1197.9451442969105,1200.1007402351486,1178.9846307895634,1187.299072265625,53912
2019-08-23,1180.0847379884278,1190.3788612323142,1168.866787721482,1178.8089599609375,61859
2019-08-26,1196.7575541309382,1256.4107019359153,1172.4299924921188,1232.8309326171875,58490
2019-08-27,1236.6583382789581,1246.6005104401404,1207.1397641340066,1212.858642578125,50102
2019-08-28,1209.9112450929663,1223.0208579652742,1189.6309411073585,1197.8134765625,201330
2019-08-29,1200.1008019079932,1200.1008019079932,1165.8750804571432,1172.2099609375,148029
2019-08-30,1175.4652536457113,1191.302454219535,1167.5907803164005,1177.620849609375,28457
2019-09-03,1177.2252613657279,1183.384108300034,1160.3763313219752,1169.966552734375,31173
2019-09-04,1171.3741409357456,1178.9846808728273,1157.0327609725443,1161.0360107421875,53962
2019-09-05,1169.6586516469213,1172.826092554255,1155.2292512036743,1158.000732421875,23432
2019-09-06,1161.2121889218568,1178.1051283264965,1152.8977452176573,1160.7723388671875,31140
2019-09-09,1160.2441690014805,1176.3453047701164,1152.5896198972266,1168.294677734375,34565
2019-09-11,1170.1863721372877,1184.2638197900403,1161.3880708693112,1168.7786865234375,38834
2019-09-12,1175.02552914882,1184.2637985507936,1165.91916742239,1173.8377685546875,25701
2019-09-13,1179.2930163850813,1200.981128186009,1166.0514935010215,1186.0677490234375,57731
2019-09-16,1194.689958814083,1205.29202355422,1171.066299461849,1183.0760498046875,126526
2019-09-17,1188.2231657324749,1193.8981539527174,1171.1103020463643,1175.685546875,31702
2019-09-18,1172.913859956995,1178.544838525082,1164.9072420631855,1166.5789794921875,29287
2019-09-19,1170.1866005367228,1173.2660243269904,1159.5845336432847,1166.183349609375,21440
2019-09-20,1168.9546473265214,1350.7734765072296,1158.7045330916956,1239.78173828125,339606
2019-09-23,1249.371990593965,1408.6230163169628,1249.371990593965,1366.610595703125,789590
2019-09-24,1381.3477727401732,1391.026010063939,1359.351843351347,1384.2952880859375,151947
2019-09-25,1382.2278657743373,1385.7472577652286,1328.5576407004285,1354.6009521484375,91106
2019-09-26,1355.4365331465174,1393.5776076414813,1236.1743683086947,1284.4775390625,613384
2019-09-27,1293.3638227514084,1363.7070486310445,1293.3638227514084,1359.6597900390625,301724
2019-09-30,1350.509413534525,1350.509413534525,1324.1582833057778,1333.2645263671875,171868
2019-10-01,1346.154391317092,1368.1503235912173,1273.1717013496327,1307.0015869140625,149768
2019-10-03,1302.5581649098644,1307.441232956783,1275.8549660416982,1285.533203125,200548
2019-10-04,1293.583846531571,1322.2666072034026,1282.805747799583,1288.1287841796875,53695
2019-10-07,1284.6536693981873,1306.517695415273,1268.7285655952398,1289.624755859375,31044
2019-10-09,1297.6751505588657,1328.029652321349,1289.4047161820229,1307.44140625,103172
2019-10-10,1306.5614091473628,1314.3479837768448,1279.5503864035056,1288.480712890625,34796
2019-10-11,1297.7191383190698,1324.9942162943219,1293.5839803486815,1304.933837890625,104808
2019-10-14,1303.0422648909544,1323.6305120470315,1290.7245708503249,1300.7547607421875,138056
2019-10-15,1302.0742417958302,1337.3558176965896,1289.5366245381117,1316.8555908203125,54563
2019-10-16,1331.197262361674,1350.113773178239,1322.5308672223778,1336.916259765625,110260
2019-10-17,1338.9395951338292,1350.5535042708336,1325.9180003786564,1336.739990234375,55887
2019-10-18,1342.3709418217747,1379.5441810492696,1336.739962858719,1369.2940673828125,211825
2019-10-22,1369.9098233910847,1390.1461151699698,1338.2355401220373,1354.2486572265625,124405
2019-10-23,1354.9528954132802,1380.3361950207423,1346.1544746379043,1351.91748046875,34697
2019-10-24,1354.072834853043,1362.739228079809,1325.0821311265893,1331.98876953125,65081
2019-10-25,1337.3558390943795,1344.5265295802421,1303.570083830888,1315.579833984375,30088
2019-10-27,1327.677605558118,1341.227185614453,1320.6389410281422,1333.484619140625,6810
2019-10-29,1333.6165123093897,1337.311820020145,1287.2050043277625,1293.055908203125,120860
2019-10-30,1304.6259362747348,1304.6259362747348,1268.4205296045016,1274.1395263671875,132618
2019-10-31,1285.3575511114268,1317.999559287895,1274.5795686059917,1283.3338623046875,312278
2019-11-01,1283.3336676421893,1302.1622755499607,1277.2188300894934,1283.5537109375,82118
2019-11-04,1291.340101456532,1300.7544040648856,1278.1424743437278,1281.661865234375,39270
2019-11-05,1282.1458912625972,1296.8832316330345,1271.8517691628356,1274.3153076171875,44741
2019-11-06,1271.8517431682835,1292.3959782893965,1258.1702559734151,1286.105224609375,61128
2019-11-07,1288.964749112342,1313.6002542224403,1281.9700927303875,1304.5819091796875,58865
2019-11-08,1297.3230562357205,1302.0740979841626,1268.4202546509246,1286.94091796875,80822
2019-11-11,1284.5656397529224,1292.4841230313732,1271.9838945467518,1282.2340087890625,48351
2019-11-13,1282.2339138612726,1353.1929072974285,1247.9641820460938,1317.69140625,393686
2019-11-14,1315.3598795804428,1315.3598795804428,1288.9646220833563,1292.39599609375,217995
2019-11-15,1295.035533905015,1300.13864527486,1280.4302200050945,1290.1524658203125,57855
2019-11-18,1290.1525856432131,1296.8833081311805,1271.3679855179028,1280.73828125,37153
2019-11-19,1276.91084759741,1302.1622345738615,1276.91084759741,1297.3670654296875,48125
2019-11-20,1294.6836782763726,1297.7631014666856,1266.3088579623732,1275.459228515625,702601
2019-11-21,1275.7672144354297,1283.1578303447636,1263.449402950352,1266.264892578125,36146
2019-11-22,1266.9245469081498,1266.9245469081498,1235.2943919512838,1240.6173095703125,42342
2019-11-25,1236.2625612561867,1253.6834877463646,1234.414906951647,1238.374267578125,52675
2019-11-26,1240.5737125402295,1260.8100082375197,1237.1423380893225,1244.6209716796875,72123
2019-11-27,1250.6036835589007,1269.60820835413,1243.2570765496705,1265.9569091796875,50905
2019-11-28,1258.258194596927,1281.9258599004813,1258.258194596927,1273.12744140625,34827
2019-11-29,1277.526728498505,1302.1622308017977,1268.1124248681372,1273.8314208984375,64771
2019-12-02,1271.368036792715,1314.480200631317,1269.564391431339,1301.634521484375,87071
2019-12-03,1300.4025951672536,1301.194396095139,1280.3422186933772,1285.181396484375,90214
2019-12-04,1289.7565371162107,1297.7630370133825,1273.391468057202,1275.503173828125,61052
2019-12-05,1280.9141029491961,1280.9141029491961,1263.449290736367,1267.1007080078125,165078
2019-12-06,1266.9686036384567,1274.4472357443647,1250.2955933903213,1269.2562255859375,97503
2019-12-09,1265.209084262894,1288.9646509177053,1263.5373467271047,1275.8990478515625,40473
2019-12-10,1277.5268262601007,1288.8768018741484,1271.4119884496056,1276.119140625,83975
2019-12-11,1276.206801490329,1293.1877530816587,1266.9685335071683,1283.5975341796875,85909
2019-12-12,1283.5979035418227,1312.7205195467343,1271.6760507357174,1306.1217041015625,92182
2019-12-13,1313.160394758764,1339.9955046840719,1293.9798344931066,1308.541259765625,102917
2019-12-16,1310.9606280889604,1334.7163117557816,1294.2436085479778,1302.51416015625,137410
2019-12-17,1304.0099604865557,1315.3599358925499,1290.9883658134495,1297.2352294921875,48808
2019-12-18,1291.2084390714062,1297.6752284903837,1268.9485723045839,1277.0430908203125,133234
2019-12-19,1273.1716303920675,1305.6817274494242,1273.1716303920675,1298.6429443359375,99303
2019-12-20,1283.1372697107765,1283.1372697107765,1218.9804535463759,1223.05078125,81105
2019-12-23,1224.9890588691874,1239.5261125741224,1190.3909183725805,1222.3724365234375,49583
2019-12-24,1225.909720885248,1230.8039097372323,1194.0735961719058,1221.2579345703125,18108
2019-12-26,1221.2580509625232,1240.4953973308714,1162.9644349976918,1232.8876953125,21839
2019-12-27,1232.8873700423667,1240.495070053614,1213.3592403961914,1238.6536865234375,19077
2019-12-30,1244.856502806265,1261.477226368065,1225.9583309069096,1255.468505859375,29393
2019-12-31,1235.6495983195755,1257.0675010298783,1235.6495983195755,1245.583251953125,46306
2020-01-01,1256.9220998814633,1256.9220998814633,1235.6495914902798,1250.1866455078125,6827
2020-01-02,1237.5878502589019,1259.8779994804795,1237.1032817975633,1254.2569580078125,7048
2020-01-03,1255.0324228351296,1288.6614296239318,1245.3410527746266,1281.44140625,32674
2020-01-06,1281.150461717757,1298.6434298665745,1235.649532149166,1247.2791748046875,31293
2020-01-07,1257.9397296339919,1274.4150573718794,1249.217497302169,1266.419677734375,27246
2020-01-08,1259.877963211078,1277.3224273170777,1245.389413955288,1270.2476806640625,16798
2020-01-09,1278.29147586159,1297.6742124174898,1245.3408237165604,1281.2957763671875,49113
2020-01-10,1296.123666760211,1362.4126519790382,1290.4057355968107,1330.04345703125,147240
2020-01-13,1336.8271808545203,1367.4518767584982,1327.8141622691446,1334.3558349609375,37463
2020-01-14,1329.655646875501,1367.4519808610291,1319.964279186904,1326.9420166015625,96552
2020-01-15,1331.400541379112,1331.400541379112,1274.4152348858827,1286.0933837890625,89843
2020-01-16,1290.8903678966706,1303.4891477635301,1255.1291921524776,1266.031982421875,68577
2020-01-17,1266.8074393043864,1274.1728567629625,1252.1734944255995,1262.543212890625,35098
2020-01-20,1262.7853876933714,1275.3841674631442,1240.4952388699276,1250.76806640625,38416
2020-01-21,1250.1865896612321,1278.727623786237,1246.310042096391,1269.7147216796875,37591
2020-01-22,1274.4151494750124,1274.7543237629707,1255.0324095590427,1263.0762939453125,14625
2020-01-23,1268.6002137992307,1279.2607197975435,1261.816255436668,1275.7718505859375,13495
2020-01-24,1277.3223626044287,1322.7264001639048,1261.2831004873124,1288.0313720703125,198401
2020-01-27,1271.5077027042912,1318.0262771934727,1271.5077027042912,1298.255859375,45579
2020-01-28,1299.4672351813692,1310.2731356634235,1283.1373014928793,1288.7098388671875,18818
2020-01-29,1289.9211847309205,1313.3258639972378,1289.9211847309205,1300.823974609375,17111
2020-01-30,1282.1682446513632,1305.2821383263438,1282.1682446513632,1290.648193359375,22645
2020-01-31,1307.365671055188,1307.365671055188,1255.0322787371892,1270.2476806640625,16129
2020-02-03,1242.4337343274779,1274.4152579100105,1242.4337343274779,1252.4158935546875,20304
2020-02-04,1260.8470665610394,1283.1372145478986,1253.8693284254196,1270.8292236328125,21892
2020-02-05,1277.3226318815373,1306.396743381117,1273.3975795079489,1297.18994140625,38870
2020-02-06,1298.3527578765234,1318.946918591945,1283.4281431062182,1298.1104736328125,25507
2020-02-07,1291.859622488164,1298.6435814959789,1275.3842934691852,1287.9345703125,35789
2020-02-10,1290.8902172186688,1336.4396468052134,1276.353165222963,1300.5330810546875,186488
2020-02-11,1307.3657350029268,1322.8719260778319,1281.1990375640246,1293.0224609375,45537
2020-02-12,1298.4499017792677,1302.520230177426,1216.4608105052712,1235.11669921875,290668
2020-02-13,1233.7112050181756,1238.7022834358866,1188.3071674414284,1229.4954833984375,208984
2020-02-14,1229.6892442442256,1240.4951435694802,1191.4083394231363,1195.0426025390625,56198
2020-02-17,1215.2976895337404,1215.2976895337404,1175.5630760800852,1185.739013671875,85129
2020-02-18,1182.8315923465327,1189.1309822279356,1163.6426343097362,1167.9068603515625,41542
2020-02-19,1172.655492200416,1191.0690908382737,1164.9023980371073,1172.4132080078125,40075
2020-02-20,1176.4354374684106,1208.416958726882,1175.9023647929596,1192.9107666015625,48608
2020-02-24,1187.1928681316947,1187.1928681316947,1153.2730718993607,1155.162841796875,44916
2020-02-25,1155.2110844160693,1180.3117516054751,1155.2110844160693,1163.157958984375,24401
2020-02-26,1158.1186667898141,1174.9331693792883,1153.2729819915303,1164.3211669921875,25367
2020-02-27,1161.0258414077866,1165.871525220006,1152.3036105457916,1161.6072998046875,40112
2020-02-28,1151.3346568433544,1158.118615259098,1138.735876928402,1148.42724609375,39171
2020-03-02,1148.4273318538299,1161.8983596601968,1145.5684250576985,1153.466796875,99510
2020-03-03,1161.9954239929882,1167.664852567909,1118.384252950716,1125.168212890625,45482
2020-03-04,1132.8725118133123,1142.2732105580562,1114.5074152056259,1121.436767578125,41444
2020-03-05,1131.758128446838,1148.4272359427596,1124.1988132435451,1144.1146240234375,27103
2020-03-06,1131.9521022281237,1183.3163671408724,1119.3533202683927,1155.114501953125,36939
2020-03-09,1143.5814848119505,1155.937979669029,1062.8523377579038,1094.979248046875,81699
2020-03-11,1095.1247968062016,1107.7235776544146,1062.658707697345,1075.208984375,55300
2020-03-12,1054.3724771643256,1054.3724771643256,969.1369313713542,1006.5455932617188,57759
2020-03-13,977.5684346116269,998.1625352540995,805.2559000252144,975.72705078125,113239
2020-03-16,969.1369235443541,987.0175116140322,917.7726665965033,934.1026000976562,492095
2020-03-17,949.7542363564585,949.7542363564585,891.6060178040223,919.5171508789062,48671
2020-03-18,943.9393922433087,943.9393922433087,871.5448500222894,877.1658325195312,32581
2020-03-19,852.840395829907,896.4515524348456,809.2292392249686,868.2496948242188,280603
2020-03-20,870.7694714556591,940.0143121512817,824.7839154733762,920.243896484375,42124
2020-03-23,799.5379860314673,968.1678158126495,780.155246976159,836.4136352539062,58987
2020-03-24,872.223244192525,872.223244192525,795.8552653090644,804.529052734375,34599
2020-03-25,776.2786221464116,823.7663281204118,776.2786221464116,808.7931518554688,58627
2020-03-26,809.9077688651486,843.3429939671024,803.9475529037952,834.7176513671875,29477
2020-03-27,886.9056595574026,886.9056595574026,809.2293131987719,826.189208984375,34666
2020-03-30,813.6389681735338,861.5628053402367,800.5071734657317,854.1973876953125,30325
2020-03-31,881.9145398214255,919.7108772423437,839.9993707584841,906.5306396484375,141102
2020-04-01,906.5308512162534,919.7110918861881,876.9721701809228,900.9583129882812,14021
2020-04-03,886.0819313424345,919.7109964682394,865.43932544377,905.3193359375,40418
2020-04-07,939.96592765263,1017.593771720449,882.8837390831704,902.6056518554688,162721
2020-04-08,906.1430460877397,935.2171545183623,881.9146223955541,901.9757690429688,87733
2020-04-09,913.8961534383765,918.7418382392162,888.0686297893303,898.2445678710938,75668
2020-04-13,901.2972977882494,905.1738453056182,869.8003492096277,879.2009887695312,62956
2020-04-15,886.7603026693394,905.5615830203848,873.192385470027,887.5840454101562,32470
2020-04-16,886.5664111930047,899.4074749283114,871.2056152154893,872.3685913085938,140790
2020-04-17,890.0552859150786,904.2046599340802,885.5972210183364,896.3546752929688,40359
2020-04-20,907.4030024683981,942.728059552542,872.5625139062549,878.7650146484375,165835
2020-04-21,872.223258618205,900.3282302847916,860.1574917103682,866.8930053710938,99664
2020-04-22,873.0469825248147,893.3504131035968,859.672904678285,880.0247802734375,158811
2020-04-23,877.0689013015217,893.4957837141937,868.5405083456698,873.9676513671875,86092
2020-04-24,873.9676355819638,878.5710358095178,862.531832110114,865.8753662109375,62319
2020-04-27,872.2232509715117,879.007209590179,852.8889570780249,856.0870971679688,47484
2020-04-28,864.9547054721852,878.4741774048083,841.2108508121645,846.4442138671875,138274
2020-04-29,853.8096436168317,864.227865715448,847.9948219803947,852.9859008789062,60887
2020-04-30,872.2232121199264,884.9673860464698,862.6287331260384,872.7562255859375,145626
2020-05-04,867.3775799237849,867.3775799237849,843.1491559035674,852.35595703125,47410
2020-05-05,866.2145005290905,868.3950584310917,843.1975004524122,846.2503051757812,24424
2020-05-06,844.1182730858436,860.545156016938,839.3210334119595,842.7130126953125,45865
2020-05-07,837.8188497180083,845.0873764651282,829.5811860712726,832.0040283203125,30256
2020-05-08,837.2858749529232,841.6469912027662,815.044170248439,820.4713134765625,35925
2020-05-11,823.3787200530345,845.0874111561476,820.4228642181517,840.1448364257812,83316
2020-05-12,833.4577461923232,833.796920451716,823.766377050552,825.7046508789062,18231
2020-05-13,841.9377359748969,849.7392766909115,825.7046918568197,829.2420654296875,62936
2020-05-14,814.1234517568892,837.3342926484353,807.2910483520216,810.2953491210938,90247
2020-05-15,814.0749546131249,819.8897757175043,795.6613544492566,797.3088989257812,62438
2020-05-18,797.3089825255494,802.7361257981183,772.4505960372978,775.11572265625,90489
2020-05-19,793.6746810773107,793.6746810773107,755.9267867546009,760.2879028320312,131999
2020-05-20,764.5522861507706,764.5522861507706,749.1429825135277,750.4512939453125,64779
2020-05-21,750.1119831284908,775.3095432852617,722.6369748488888,726.6104125976562,191499
2020-05-22,726.8526816429217,735.4295196257391,706.5008065569199,707.5668334960938,126820
2020-05-26,714.5446636669103,725.8835778480935,700.9767463239554,703.5449829101562,524000
2020-05-27,712.315634312387,718.1304558169779,699.7168543857733,713.9147338867188,109664
2020-05-28,719.0512144171831,748.1737696570992,714.4962586524565,717.0159912109375,268491
2020-05-29,718.1304563830513,730.6323462883458,716.1921825466599,721.2801513671875,214975
2020-06-01,733.6366323277666,808.2601735288737,731.1169000516747,796.049072265625,541641
2020-06-02,802.8330191363164,818.4360993231157,792.0755642227442,799.4410400390625,321593
2020-06-03,804.3836124489086,817.85463877579,799.5379280365657,810.0530395507812,245789
2020-06-04,810.1984459791355,816.497835810313,803.4144876994059,809.2293090820312,317234
2020-06-05,814.0749115251068,862.4348614774624,812.1850829359261,850.4175415039062,357750
2020-06-08,872.3685377955086,885.7426141672605,843.1490388239728,851.3382568359375,256663
2020-06-09,858.6554025024558,859.4307002906822,807.2911402760109,826.4800415039062,232007
2020-06-10,812.1367606520629,820.8589931650325,799.5379803555512,804.7228393554688,101410
2020-06-11,808.2602193106482,814.0265960149121,783.0626585167911,785.0493774414062,123269
2020-06-12,761.7416466731305,789.8466183697218,755.9268249428012,782.481201171875,116248
2020-06-15,788.2960609107198,797.1636289861756,777.1994304100208,781.2213134765625,66773
2020-06-16,794.643828238503,798.5688209285589,765.2789914351282,770.4154052734375,107848
2020-06-17,773.7588587801628,776.2785908451858,756.8958544944945,760.4332275390625,139361
2020-06-18,763.5345478183788,775.309585813492,760.3364076071836,763.1953735351562,107016
2020-06-19,765.1336665792805,804.383715339839,763.6799610696303,787.9083862304688,1355729
2020-06-22,799.5379830003558,813.8811980166225,796.6790171702513,806.6126708984375,175107
2020-06-23,812.1368011479765,833.3609249817465,806.4673733924192,828.4667358398438,226465
2020-06-24,834.4269261784389,861.0781926940103,828.854388634274,841.0654907226562,569892
2020-06-25,844.118272338382,868.3466957694492,844.118272338382,853.3250732421875,455476
2020-06-26,867.6198187368956,898.389915631502,863.7432710966302,886.1303100585938,603457
2020-06-29,891.6059747288572,900.3282070903351,858.2676407088608,893.8834228515625,224329
2020-06-30,898.3899598710801,919.4686887030067,875.2275629193352,912.103271484375,259932
2020-07-01,910.0680731016417,934.2480526855629,890.6853334193687,924.847412109375,174484
2020-07-02,936.186236160814,948.7850157364771,925.6226203944971,933.66650390625,161432
2020-07-03,935.2172876487525,957.5074406186192,910.9888605075931,949.269775390625,320566
2020-07-06,951.6924400444735,985.6122316957532,946.0714578296888,953.0492553710938,398732
2020-07-07,957.022784479117,958.4280449549668,927.7063903216555,931.7283325195312,298448
2020-07-08,938.1246258192564,941.5166053547599,912.927063555516,915.4953002929688,194584
2020-07-09,917.772660904054,925.5257562443205,897.4692306514462,899.8436279296875,124766
2020-07-10,901.2973100666438,907.8389840913211,886.6633666497863,888.6500854492188,109164
2020-07-13,893.5442395796266,896.7908245986579,881.9145965482215,886.6633911132812,76563
2020-07-14,884.821994431126,886.7602682414899,873.2407965839171,880.1217041015625,53845
2020-07-15,887.72957045548,904.2049009115316,873.0956241227371,877.8443603515625,137247
2020-07-16,886.5155424227419,895.3816481224269,871.0241495336775,882.569580078125,144234
2020-07-17,890.5101948748804,899.5224698230124,883.6900949141318,888.707763671875,101310
2020-07-20,890.0229757522153,908.7295460849803,871.0241273371433,875.846923828125,286602
2020-07-21,879.7927924871937,890.4613880767761,877.9903614940762,883.5438232421875,126509
2020-07-22,886.6129606978838,906.0989598341009,878.8185610433968,901.8607788085938,145317
2020-07-23,906.098945902989,920.7134450304566,901.2274461938331,910.7755737304688,161417
2020-07-24,886.6129620590852,895.3816616838454,871.9984626844849,889.1461181640625,242174
2020-07-27,888.6589452257176,888.6589452257176,867.1269404900559,870.585693359375,106000
2020-07-28,875.4085525504166,876.2854463395925,868.1013025291277,871.5113525390625,52148
2020-07-29,873.9470729349149,878.8185727840504,852.5124735987185,858.3095703125,118544
2020-07-30,851.3433085404397,870.0011768982507,840.4311368979213,842.9156494140625,108002
2020-07-31,848.128121960646,874.3368148808004,843.2566221216991,871.9497680664062,151889
2020-08-03,876.9674837219613,895.7715229571515,847.1052217625914,858.9429321289062,119427
2020-08-04,859.9169526774647,886.3205121078712,858.9426529080743,882.0335693359375,294577
2020-08-05,886.6130010243274,898.304601037835,872.9728010085686,876.9674072265625,92645
2020-08-06,880.7671752472047,880.7671752472047,863.3759445225833,866.5424194335938,62322
2020-08-07,866.5424107097858,881.1081475805541,856.7994110816865,859.1376953125,95492
2020-08-10,863.8630805408307,875.8956612214914,852.1227184873693,869.0755615234375,199347
2020-08-11,873.8009048071132,894.0176291961636,869.0755737365338,880.1826171875,165785
2020-08-12,880.231385814367,901.0326679475129,880.231385814367,884.8106079101562,192428
2020-08-13,886.1257642322735,915.1111864267871,885.200167428551,908.437255859375,220323
2020-08-14,920.7134835361303,934.353683292221,909.5577368423028,925.0004272460938,370796
2020-08-17,929.4821226659616,935.327922179584,899.2788251789126,905.904052734375,129296
2020-08-18,910.97045639332,915.3548061834482,906.1476597308689,909.1192626953125,44972
2020-08-19,909.8986761524164,940.7352314858501,909.8986761524164,937.1303100585938,188952
2020-08-20,934.3536666675276,949.1630380325233,925.0978169977242,943.9017944335938,120059
2020-08-21,951.8911885687984,972.3514904725289,949.9425883874907,957.5908203125,306358
2020-08-24,960.6598044612692,970.8899545087777,941.4173793719082,946.2888793945312,92187
2020-08-25,947.0195347764057,962.7057399094367,938.6892822434415,944.3402099609375,202487
2020-08-26,947.9938533445929,953.8396530568925,925.5849544474443,934.5972290039062,450210
2020-08-27,939.2251217151249,959.685420009749,937.1791156722817,945.9478149414062,515635
2020-08-28,947.0195036310841,969.1361232738026,947.0195036310841,960.2699584960938,248761
2020-08-31,967.4798465541185,983.0686456929561,917.2546962219855,926.315673828125,297074
2020-09-01,927.7285116586846,936.4485089257618,912.2371172080534,921.298095703125,82705
2020-09-02,927.8745700501652,959.6854884540708,926.5592888526104,949.6989135742188,106158
2020-09-03,954.716524102135,965.3363576470648,946.7759558950937,956.1292114257812,56835
2020-09-04,935.5714998275738,943.9992179370344,920.7621291241844,923.24658203125,142690
2020-09-07,931.2845484879341,932.7459983581144,896.9404765386973,901.276123046875,712824
2020-09-08,904.8324948208749,919.4469959987724,876.8700706738528,877.9905395507812,183578
2020-09-09,875.895629339948,890.9972781216711,871.7061515712311,878.6236572265625,366227
2020-09-10,883.690045727668,888.5615454284821,872.9240432821788,876.1392211914062,230526
2020-09-11,879.7928521610888,879.7928521610888,870.5857057684187,875.3110961914062,172447
2020-09-14,879.5006209401795,889.5358990359936,878.818599047608,884.2259521484375,357441
2020-09-15,890.2178580193449,899.2788354759008,888.5615362448771,891.4844360351562,142131
2020-09-16,895.5766369228784,897.2816620466836,883.154311020869,885.2003173828125,70043
2020-09-17,884.3233786599973,898.7917092168683,878.8185601231601,892.7510375976562,155361
2020-09-18,899.1814793978745,901.0326136883208,875.359832885759,877.6494140625,79802
2020-09-21,880.767174461057,882.6183681940005,873.2650527852799,875.652099609375,98225
2020-09-22,869.0756847547038,877.1136605385899,843.7438822842753,870.0012817382812,69644
2020-09-23,874.2393245165598,876.9186493523194,859.3812504273471,861.5734252929688,76188
2020-09-24,857.3839788183974,862.158072487075,833.27005441413,836.533935546875,107682
2020-09-25,842.7207927494541,853.4380926967546,824.8423521574349,830.3958740234375,173616
2020-09-28,833.026409354023,850.4664012429071,828.0575036813368,839.1157836914062,79765
2020-09-29,845.594979889069,852.3663172045383,831.0778863410397,832.977783203125,532383
2020-09-30,839.1645556965744,842.6233087108969,833.0751808591928,837.4108276367188,340893
2020-10-01,843.7923948582993,850.5637908829214,837.8004863069206,838.8721923828125,226679
2020-10-05,842.7694792395654,855.4353789275589,842.7694792395654,848.3717041015625,59773
2020-10-06,849.5894834484213,857.2864761791246,847.7870524823103,849.6868896484375,82327
2020-10-07,853.1944042609174,863.960405883267,842.7693838049347,854.2174072265625,85730
2020-10-08,856.3608395842093,864.2039412501612,837.8978460824561,842.7206420898438,79316
2020-10-09,841.7951763370621,858.2608696608311,841.6977701264212,848.322998046875,642606
2020-10-12,852.4150979096947,862.2555041706711,842.2336509671372,844.1822509765625,176524
2020-10-13,844.7180274922099,849.9792708272233,834.9750283285166,839.4080810546875,188240
2020-10-14,837.8493163255415,845.4001415006677,826.2064191621973,837.1185913085938,82809
2020-10-15,838.3851263318628,845.741079230889,831.077876538151,836.4852294921875,163287
2020-10-16,833.1238593452568,844.7180524796363,828.8369752663509,841.6002807617188,32846
2020-10-19,843.7437487561649,877.2596905072327,835.0237523924536,873.4111938476562,130070
2020-10-20,871.9984825536087,872.8753763226854,859.3325828070199,862.1093139648438,33584
2020-10-21,859.3324623083466,881.2542087958044,859.3324623083466,878.4774780273438,150828
2020-10-22,878.4775772963577,899.5711356201829,874.9213586776958,893.6279296875,113581
2020-10-23,896.2586034746,900.691656629208,881.9363814264755,894.4074096679688,45456
2020-10-26,891.4845132857278,893.8228571071969,857.4327158849458,866.201416015625,55576
2020-10-27,864.0092570984851,912.8704275246408,861.4273976917826,905.6605834960938,239401
2020-10-28,909.8012935410698,913.1139372018353,879.6466977934074,883.73876953125,50003
2020-10-29,876.8699880262898,876.8699880262898,859.3325882657639,864.0092163085938,156213
2020-10-30,865.470629070069,885.6386498206815,861.1349824224114,870.7318725585938,47972
2020-11-02,865.1783322238989,877.2596750640951,846.2768899179738,853.145751953125,86892
2020-11-03,857.4326281372929,869.8062489487193,852.5124254608002,854.8507690429688,58871
2020-11-04,862.1581095385169,866.1040127172993,848.858890508915,856.21484375,25456
2020-11-05,869.8061834860845,881.7413565442805,858.3581603486311,871.1702270507812,70353
2020-11-06,890.5101621569136,917.5469860079578,881.8388687387875,913.7471923828125,251858
2020-11-09,911.0678825673303,930.2129008570577,911.0678825673303,924.9029541015625,121810
2020-11-10,928.1181576841669,945.0710014976531,915.842001451334,924.3671264648438,107797
2020-11-11,922.6134100166663,934.1101382868866,911.9448129716045,919.9827880859375,41822
2020-11-12,925.0004607269368,950.4783705136036,925.0004607269368,942.8301391601562,173796
2020-11-13,942.8300668124414,980.1457427391199,933.963901650478,974.5435180664062,222825
2020-11-14,980.1458004607515,984.0430004625834,947.0683035518917,960.8059692382812,36544
2020-11-17,971.377190381875,980.6817443543076,954.8140888407598,957.5908203125,94002
2020-11-18,955.1549334401201,1061.8895406748984,955.1549334401201,1051.1722412109375,695220
2020-11-19,1050.295364448611,1061.938201481271,1006.7928471345042,1017.705078125,190460
2020-11-20,1022.0408064066978,1105.830615130221,1017.1693058995162,1087.36767578125,249798
2020-11-23,1099.9845429569157,1133.1107382275402,1023.0148539457585,1045.18017578125,176903
2020-11-24,1047.2749772204904,1059.8921132429077,1024.0865922282135,1044.7418212890625,267122
2020-11-25,1050.0030017741158,1057.1154389365133,985.5043930730722,999.1445922851562,141568
2020-11-26,1007.3774388096747,1058.4795452396904,1003.8213389512772,1049.2723388671875,292405
2020-11-27,1063.9356387332655,1076.4553704024333,1033.7323376336947,1046.1546630859375,253387
2020-12-01,1053.36431619716,1115.5733383989927,1046.2518796542195,1108.802001953125,280795
2020-12-02,1112.6505266921674,1169.1599229690025,1087.3674909312017,1160.1964111328125,294829
2020-12-03,1151.7684384109293,1207.1085911771797,1139.930673019878,1141.8792724609375,295720
2020-12-04,1153.5712535583796,1166.8704729624612,1120.4450520203857,1124.7806396484375,162427
2020-12-07,1143.8281621544495,1143.8281621544495,1110.7019632504876,1125.2677001953125,155809
2020-12-08,1135.0593935257918,1159.4168912409375,1118.4962950794927,1125.12158203125,225515
2020-12-09,1133.0621149739202,1146.7510772759008,1122.3935777585707,1125.462646484375,111606
2020-12-10,1137.2515856077548,1156.2991966837833,1114.7939247997692,1129.018798828125,310277
2020-12-11,1137.2028580365773,1152.9865886415357,1122.3935463181197,1145.9715576171875,168483
2020-12-14,1149.673957496535,1149.673957496535,1125.316458397032,1131.552001953125,119428
2020-12-15,1129.213623950252,1136.569636028085,1121.5653932519624,1124.68310546875,56631
2020-12-16,1129.50586699356,1175.7363474385206,1127.8982484497237,1164.19091796875,323251
2020-12-17,1173.0085262004213,1207.937278990325,1165.0193131690373,1201.0196533203125,402509
2020-12-18,1212.4189267073607,1227.6179827066317,1170.1830460889557,1214.9033203125,378273
2020-12-21,1212.516408326535,1222.6491526005784,1150.6483553504522,1184.06689453125,145777
2020-12-22,1182.800089572108,1193.5173885715258,1127.4598071655128,1155.1787109375,327649
2020-12-23,1166.2369557554578,1205.0627821667133,1159.6604315688667,1170.1341552734375,171273
2020-12-24,1186.6970661240555,1198.3886628346374,1169.1596710581828,1175.5413818359375,246220
2020-12-28,1189.9613019076469,1196.4404208069443,1180.8516205358442,1186.259033203125,169125
2020-12-29,1191.763640464956,1196.3429215483104,1159.4169299913772,1172.131591796875,154970
2020-12-30,1174.7133457077357,1208.0344737568257,1170.37775871176,1177.8311767578125,197431
2020-12-31,1182.8002280968876,1186.6000219737712,1171.3034402505443,1180.900390625,296434
2021-01-01,1180.8516893672368,1206.6706413212232,1180.8516893672368,1201.0196533203125,95451
2021-01-04,1207.254974334819,1256.8468627041034,1203.2603685578044,1230.443359375,99581
2021-01-05,1227.1310038782992,1271.4616594372214,1193.5176496632923,1260.3546142578125,150290
2021-01-06,1261.7183744390707,1282.1786724029475,1257.8211748269036,1264.30029296875,108081
2021-01-07,1268.5385562352285,1283.0556495210076,1258.0648315965734,1269.171875,109031
2021-01-08,1273.9459805292547,1295.818967405834,1266.5899681410408,1281.2044677734375,285838
2021-01-11,1280.230208472069,1280.230208472069,1254.8984083044331,1263.5697021484375,92160
2021-01-12,1254.8984401582366,1267.5643405635603,1232.489539441125,1236.6790771484375,162360
2021-01-13,1244.9606240196695,1260.7442369084952,1232.489536081334,1247.5911865234375,159570
2021-01-14,1251.0498450518498,1265.2745999289807,1232.586790426373,1241.6478271484375,45754
2021-01-15,1246.5193249019044,1259.769779851543,1227.6178829179769,1251.6343994140625,94356
2021-01-18,1257.8211242743876,1314.7202601118374,1253.6315872864502,1309.9461669921875,370993
2021-01-19,1309.4590801886793,1382.5315735027796,1308.4847802778245,1355.4947509765625,715853
2021-01-20,1356.225657022811,1372.0580326884867,1337.7139562444825,1357.29736328125,330542
2021-01-21,1367.430054901061,1372.5451299193944,1336.7396047910624,1341.9034423828125,69623
2021-01-22,1344.533855475516,1368.891352857319,1331.8679568369787,1342.4390869140625,223509
2021-01-25,1355.6409203492424,1355.6409203492424,1315.061305257583,1319.9815673828125,100682
2021-01-27,1315.353665861811,1363.9224935041648,1311.4077035786956,1353.1077880859375,184995
2021-01-28,1338.688078106256,1382.9699615009433,1310.3846181101746,1319.9815673828125,235173
2021-01-29,1330.3092339179555,1368.8914898451185,1329.2375277125268,1352.6207275390625,166513
2021-02-01,1352.6208035256454,1362.6073790125806,1322.2713332592152,1347.408203125,62919
2021-02-02,1354.1795265143685,1468.6110082564564,1354.1795265143685,1408.253173828125,415804
2021-02-03,1419.2626404363018,1427.3493773144614,1384.4801809992148,1410.2503662109375,321671
2021-02-04,1410.7862551751523,1494.5760465736764,1405.914755675238,1479.0360107421875,282242
2021-02-05,1478.987412218852,1484.687043479319,1443.5228681392357,1456.870849609375,79091
2021-02-08,1457.5527314607893,1466.0778560599083,1437.1411949938533,1443.86376953125,90255
2021-02-09,1455.311863389285,1460.4757009659425,1402.2125133541656,1421.1627197265625,244781
2021-02-10,1424.4263786764707,1449.222262250511,1393.3461897190055,1407.86328125,356376
2021-02-11,1407.8633925676172,1422.4778914524022,1368.891395541524,1386.769775390625,299192
2021-02-12,1392.2746262098533,1441.9639235763352,1388.9619825988013,1429.15185546875,224960
2021-02-15,1437.0925355307286,1465.1036612232767,1427.3495352898424,1436.264404296875,139523
2021-02-16,1442.7435920427974,1476.0646068823412,1436.1183039898158,1461.937255859375,170927
2021-02-17,1441.9638226564527,1466.0777446907414,1441.9638226564527,1460.4267578125,93001
2021-02-18,1470.9981454790723,1529.6509562274177,1463.3985581233003,1493.4556884765625,310358
2021-02-19,1502.370617059182,1592.9805180880433,1471.1930167051653,1482.494873046875,425564
2021-02-22,1482.4947676147156,1490.630148341898,1393.248916734956,1418.970458984375,161553
2021-02-23,1439.235779865529,1478.5001138223183,1425.4495312817999,1441.9638671875,86666
2021-02-24,1456.237686719945,1558.8801797700557,1447.7125607368275,1530.4306640625,216975
2021-02-25,1544.070544030865,1549.9163434874183,1472.5081443237011,1498.3758544921875,184689
2021-02-26,1481.9101965434647,1523.805093618658,1461.4498979718587,1488.87646484375,139972
2021-03-01,1507.2421070079342,1519.7618382795238,1476.0645068629738,1486.0023193359375,61354
2021-03-02,1487.1713995262637,1509.1905536037148,1470.2185573841223,1481.91015625,56964
2021-03-03,1493.455739099893,1510.5547517634302,1471.1930077689508,1493.3095703125,154956
2021-03-04,1482.8844097140466,1507.1445003875763,1467.2956117144245,1473.9208984375,201501
2021-03-05,1475.8208177337744,1488.7302917954828,1446.8353948405052,1450.58642578125,63126
2021-03-08,1465.3472239635573,1473.6775366730294,1438.8463111034168,1457.065673828125,96026
2021-03-09,1469.2442135552992,1470.851832137916,1426.8621689335116,1438.5050048828125,54450
2021-03-10,1440.0155309236466,1484.7359287761667,1413.7094285319426,1428.5675048828125,131725
2021-03-12,1435.1437961917813,1443.1817706103707,1417.6063974603135,1433.2926025390625,61753
2021-03-15,1433.1951919990213,1438.943585352462,1403.1867066871218,1410.4453125,49333
2021-03-16,1416.6320943711287,1431.2465932814223,1389.302933835641,1404.9892578125,87214
2021-03-17,1410.6889818051166,1412.734988001118,1388.5723006330984,1402.7484130859375,47127
2021-03-18,1417.460301276356,1429.833982374885,1379.7549396459424,1390.618408203125,45465
2021-03-19,1385.454606912175,1396.1719069656447,1298.7419064795565,1377.5140380859375,157876
2021-03-22,1377.6599591874087,1391.3001568031257,1349.4052641262808,1352.9127197265625,77105
2021-03-23,1359.9281386140194,1383.5061536594756,1349.405649872094,1361.438232421875,68727
2021-03-24,1354.2770142467132,1365.8224455815475,1332.8424140212255,1340.2470703125,62821
2021-03-25,1339.6624038619007,1368.8914017643422,1296.0137194210158,1355.884521484375,88150
2021-03-26,1362.071433742247,1459.7937737363397,1339.9548707676013,1416.19384765625,175036
2021-03-30,1416.1938968314391,1443.47429845452,1394.2721455271774,1402.3587646484375,135595
2021-03-31,1400.7024238894683,1401.0434051040893,1361.0971049585623,1373.811767578125,180576
2021-04-01,1377.465489332386,1388.0852649704289,1355.3488063386706,1361.5843505859375,80643
2021-04-05,1354.276955487521,1364.0199551672872,1330.065625069922,1346.6773681640625,88800
2021-04-06,1348.4311994837424,1359.6844120526762,1325.0479994926948,1339.1265869140625,100694
2021-04-07,1339.6624755859375,1354.1795691079985,1331.624500732422,1339.6624755859375,37217
2021-04-08,1342.4391340043128,1369.3785508401895,1339.8572154046542,1360.4150390625,47375
2021-04-09,1360.4634960838996,1371.7653499286066,1339.6622192301063,1344.9234619140625,83100
2021-04-12,1342.5854333740965,1342.5854333740965,1265.1773440231223,1275.797119140625,69205
2021-04-13,1281.2042797134511,1300.6902763630853,1272.2894124596264,1285.68603515625,169333
2021-04-15,1282.665787537855,1328.896269109071,1275.4073010304553,1314.7689208984375,426291
2021-04-16,1317.1562352193323,1339.6137795658976,1310.7258788036788,1336.1063232421875,142921
2021-04-19,1326.9630949817522,1380.7456817348816,1285.3548823917793,1364.2686767578125,177488
2021-04-20,1364.1220136229906,1386.6129142060222,1350.5296628752346,1364.51318359375,173676
2021-04-22,1364.1218937375602,1369.0112195215659,1338.1107044403116,1360.8460693359375,93857
2021-04-23,1356.2989035862875,1362.7527894196712,1338.6973316579868,1350.1383056640625,155372
2021-04-26,1351.3608326577353,1371.8960028798897,1329.9945008478714,1338.7952880859375,189659
2021-04-27,1347.4983430763555,1370.8693469206469,1344.7602725709626,1353.707763671875,444609
2021-04-28,1376.9322771406885,1404.4592126495766,1331.8527050504601,1357.179443359375,474157
2021-04-29,1373.900700890186,1373.900700890186,1346.520473399136,1350.725341796875,110440
2021-04-30,1344.5646122030544,1368.4245462859917,1329.8966346153845,1350.67626953125,167258
2021-05-03,1354.93011486556,1368.0335335567079,1322.1228061785985,1361.1884765625,163384
2021-05-04,1361.1884364418158,1368.6201885142427,1334.8838371800166,1346.96044921875,95411
2021-05-05,1347.596083556047,1356.836981833456,1332.8303420845332,1340.31103515625,51196
2021-05-06,1344.271220953701,1354.3432800981443,1343.7334667233838,1350.0406494140625,27868
2021-05-07,1354.3434655388808,1363.5842450473938,1337.7197551315444,1341.582275390625,160890
2021-05-10,1354.4410459197422,1366.0776655125155,1336.9861762147366,1344.9068603515625,136672
2021-05-11,1338.697484906523,1354.3433284116395,1332.5368862790583,1338.55078125,66321
2021-05-12,1350.4318559188948,1402.2587120837766,1340.750966459717,1370.8692626953125,603531
2021-05-14,1382.701480999289,1392.4311926126004,1347.7427978693565,1360.992919921875,107932
2021-05-17,1360.2107508825663,1393.458173981062,1351.4099624153175,1389.30224609375,112679
2021-05-18,1379.5724862682555,1437.4620673559384,1379.5724862682555,1417.758056640625,327604
2021-05-19,1415.9489637996107,1449.000858906351,1409.1039066541707,1418.1002197265625,161989
2021-05-20,1415.9489884882805,1427.487847053402,1384.7062391484558,1397.614013671875,109513
2021-05-21,1400.303034210949,1411.7440098576644,1393.2135111676323,1401.378662109375,141945
2021-05-24,1404.459028500776,1450.418697318556,1401.3787289510265,1443.0357666015625,234226
2021-05-25,1448.2183187490741,1483.7636938534877,1433.5503411790296,1462.5440673828125,131448
2021-05-26,1457.5081061892622,1485.7684348390867,1450.1251760523169,1468.117919921875,100456
2021-05-27,1471.6870897880967,1564.5842815022954,1459.4637750888598,1544.2935791015625,247167
2021-05-28,1530.3591952080055,1564.5844807238395,1489.3866152453854,1553.58349609375,181421
2021-05-31,1564.584401727454,1691.7068843678096,1564.584401727454,1631.910400390625,1174066
2021-06-01,1647.7029971803254,1715.1757015158996,1614.455577652651,1655.7703857421875,717658
2021-06-02,1660.41520931948,1678.9946492353047,1631.0792515576518,1662.9088134765625,314707
2021-06-03,1673.1274037632534,1679.4345867314585,1643.7914469468317,1654.4990234375,146129
2021-06-04,1654.4990185349684,1661.3440751051837,1603.698967879052,1613.966552734375,194307
2021-06-07,1622.2783694798516,1660.4151123428499,1600.765335044314,1648.3385009765625,269594
2021-06-08,1649.7076369936028,1660.0240438803908,1624.3319618392604,1643.05810546875,128082
2021-06-09,1654.6947044402457,1682.906092991217,1628.145639064716,1637.777587890625,224477
2021-06-10,1642.8136610365157,1652.5923137807806,1623.2563555479858,1634.3551025390625,87950
2021-06-11,1646.8229773624766,1711.3132674571518,1608.5884668567503,1612.0599365234375,124172
2021-06-14,1622.278457044753,1635.2841126755611,1565.5622722897224,1623.843017578125,124292
2021-06-15,1623.8430509536129,1660.4152360934097,1623.79422931088,1656.454833984375,103988
2021-06-16,1661.3933427084012,1689.7514397881796,1636.702240940663,1682.221923828125,207324
2021-06-17,1687.0620584240676,1737.3731788586952,1654.8414454989866,1678.5057373046875,416009
2021-06-18,1691.7068909286727,1714.1977917907302,1620.2737863129414,1704.859130859375,128040
2021-06-21,1662.3709428074965,1699.5298227055464,1657.5305575154723,1681.341552734375,152232
2021-06-22,1689.7513340879689,1728.5237193022529,1689.7513340879689,1700.7523193359375,125176
2021-06-23,1713.2197849378665,1810.1261998126884,1699.7741387946612,1766.5623779296875,747874
2021-06-24,1787.5375178084564,1789.4932481342862,1760.157293246839,1769.3980712890625,180859
2021-06-25,1783.2349378713282,1799.1741882269232,1754.3390931073804,1783.675048828125,448519
2021-06-28,1798.3431595264444,1815.8957932485905,1752.4812548216773,1769.7406005859375,142851
2021-06-29,1764.997879507131,1775.3144059007009,1731.7994011843246,1749.2542724609375,84656
2021-06-30,1761.135321243678,1815.8957754300445,1761.135321243678,1768.1759033203125,248720
2021-07-01,1775.8032686833187,1786.5108452708398,1739.4267296492465,1753.996826171875,69271
2021-07-02,1769.9362398382605,1789.4935463558104,1727.5458018351364,1747.592041015625,92544
2021-07-05,1755.1703997573186,1761.1353540400369,1722.0207431785147,1734.488525390625,99623
2021-07-06,1731.8481840074462,1744.7559567048495,1707.4015543772816,1718.842529296875,76698
2021-07-07,1714.1976949794914,1718.7936136705036,1691.9023206802376,1703.5389404296875,69427
2021-07-08,1703.539115297887,1711.7532076917519,1657.579446196766,1665.549072265625,127100
2021-07-09,1673.3231184194753,1686.8177078294418,1646.236296307748,1675.5233154296875,163245
2021-07-12,1680.4124706751459,1697.5740533512242,1663.7887616273517,1687.7464599609375,468250
2021-07-13,1691.706880433326,1764.0689088449249,1677.5767753354146,1747.494140625,235129
2021-07-14,1764.0689686786036,1799.2721188296177,1746.0274019735368,1765.5357666015625,155095
2021-07-15,1766.5137426445958,1778.2481267640173,1730.8216576146883,1739.67138671875,87502
2021-07-16,1739.6224392545791,1744.5117659528776,1712.6822013996236,1724.172119140625,107459
2021-07-19,1733.2662691963424,1738.5467657660074,1692.8315623330432,1700.312255859375,103293
2021-07-20,1700.7522116456357,1705.250368121875,1672.149651812009,1680.950439453125,111360
2021-07-22,1688.2354275689083,1696.5962232753154,1664.5711360636344,1673.2252197265625,131419
2021-07-23,1678.8968486347449,1678.8968486347449,1653.6678777824995,1658.263916015625,42756
2021-07-26,1650.636508796291,1687.9420912070264,1641.0045601512077,1674.398681640625,69698
2021-07-27,1688.968739039141,1740.893477064106,1588.1020383567268,1632.2037353515625,240727
2021-07-28,1638.071013030058,1670.682795554846,1617.1446726068637,1661.4420166015625,107633
2021-07-29,1668.2381728234789,1669.2160381064937,1633.279488955695,1649.1697998046875,103286
2021-07-30,1657.383867530559,1686.8175882400992,1645.5027806440735,1661.539794921875,85831
2021-08-02,1664.5221064070834,1696.2539039723251,1624.6252776112567,1646.1871337890625,223836
2021-08-03,1647.6051179694398,1660.1706620577518,1628.047813748468,1633.7193603515625,127132
2021-08-04,1645.7472141531596,1651.6144056474668,1592.9424907043951,1600.2275390625,75011
2021-08-05,1608.392894698692,1640.5157459602124,1594.9472468110575,1629.4658203125,72531
2021-08-06,1629.4657813579165,1658.7529180412819,1614.504514232521,1627.0211181640625,93434
2021-08-09,1634.7952165766765,1649.609780017159,1600.1298209127365,1607.85498046875,50984
2021-08-10,1607.8549602071787,1621.691777565368,1592.9914559428598,1614.3577880859375,40981
2021-08-11,1622.0827547828083,1678.9944586327047,1582.2347500132785,1637.484130859375,136424
2021-08-12,1639.879993802535,1686.2308296656074,1629.12347625225,1680.314697265625,78404
2021-08-13,1686.8175616720648,1720.9939045220935,1675.3765859576158,1709.259521484375,116726
2021-08-16,1722.5096298716269,1755.2681155944197,1692.6847398852035,1719.478271484375,103044
2021-08-17,1719.478245695663,1729.8435932683792,1686.181886839921,1706.8148193359375,124149
2021-08-18,1700.5076444165984,1726.7144804735074,1667.2602264119037,1722.3140869140625,79837
2021-08-20,1724.9542809256711,1767.1002488365298,1645.7961376067087,1676.6966552734375,161033
2021-08-23,1677.038792553707,1693.5647380566152,1588.3952896450637,1637.875244140625,82244
2021-08-24,1642.716010876044,1686.817713899103,1625.2611384058841,1659.3397216796875,76587
2021-08-25,1664.2289738313232,1708.1351495664946,1651.3700212944332,1692.7825927734375,82301
2021-08-26,1704.9081425718841,1736.3953573372107,1684.2752087121005,1697.9163818359375,91908
2021-08-27,1711.2642612207626,1823.7187698152698,1696.5962818388703,1809.0997314453125,540087
2021-08-30,1833.4974345986545,1882.3906995212853,1791.449226765192,1879.1636962890625,656830
2021-08-31,1882.3906450901688,1882.3906450901688,1844.253899553277,1853.7880859375,149686
2021-09-01,1867.7224590842109,1868.9447905364912,1816.3845380884406,1841.515625,130632
2021-09-02,1864.3000315429667,1875.4965405022597,1830.905910592361,1852.4189453125,199503
2021-09-03,1857.9440788930672,1857.9440788930672,1802.205756526275,1807.779541015625,202306
2021-09-06,1813.9400406252853,1831.2971488307294,1799.2720618601213,1810.8597412109375,87428
2021-09-07,1827.2390466532515,1856.966175174255,1794.4317379808813,1828.9014892578125,238450
2021-09-08,1818.8292541544558,1855.9881313898693,1817.50916002107,1835.20849609375,238158
2021-09-09,1843.5205095205638,1871.0962625256454,1811.1042517836952,1828.0701904296875,227286
2021-09-13,1823.7188343538,1834.9153445975426,1798.3432768724542,1819.807373046875,80818
2021-09-14,1846.209792479834,1874.567887809238,1829.2438524236666,1865.0826416015625,163938
2021-09-15,1876.5233896361478,1882.3905810576262,1848.360823065726,1863.71337890625,159852
2021-09-16,1857.9440546215772,1900.8723648099192,1840.2447167117414,1865.81591796875,248127
2021-09-17,1858.9219063234834,1872.6120203100845,1794.431738541073,1802.4012451171875,115350
2021-09-20,1802.401296676349,1842.9338855099961,1799.272175422943,1833.6441650390625,105956
2021-09-21,1829.5859753255208,1862.8333955078126,1813.1089689029614,1833.4974365234375,118562
2021-09-22,1828.6080170573855,1861.8554355493382,1823.816453459882,1827.77685546875,138187
2021-09-23,1848.1653746952823,1863.7134564830494,1815.895820533936,1856.0860595703125,119769
2021-09-24,1860.8775292375526,1875.789973967386,1829.6836045847633,1837.1153564453125,56336
2021-09-27,1846.209741408356,1865.815989004859,1804.2592949147656,1813.940185546875,134399
2021-09-28,1828.5102595571884,1828.5102595571884,1750.3788020073318,1760.7930908203125,87735
2021-09-29,1761.037488143682,1798.0986036358872,1757.3215525823607,1780.2525634765625,152524
2021-09-30,1794.0894357313155,1837.408916692851,1780.9861360776595,1829.19482421875,70990
2021-10-01,1828.608064862157,1832.3728222985035,1779.030343150388,1817.7537841796875,67958
2021-10-04,1818.9271714076915,1851.4901327633572,1804.1614296511482,1831.7371826171875,169391
2021-10-05,1816.8735944476937,1863.419955447933,1816.8735944476937,1836.3819580078125,159998
2021-10-06,1837.4088738768355,1853.9836427405833,1818.9271960828562,1831.8839111328125,60478
2021-10-07,1838.3866837889059,1855.9882584209274,1821.7629744142191,1830.0748291015625,64748
2021-10-08,1836.333295533208,1845.7207786662696,1786.559927217629,1799.0277099609375,62953
2021-10-11,1805.5303966095591,1828.656933327245,1780.252604118825,1790.080078125,66749
2021-10-12,1799.4678175614222,1818.8295997577895,1778.7371193330212,1787.1956787109375,83711
2021-10-13,1794.3338251079463,1835.4531073595188,1760.15748175127,1766.8558349609375,132820
2021-10-14,1784.0174348448793,1805.6282335882202,1771.5007115546705,1778.7369384765625,92662
2021-10-18,1797.120600864955,1817.8023530677974,1786.559609612535,1789.0042724609375,92011
2021-10-19,1802.108086068201,1822.7410211789102,1780.6928109263922,1805.3839111328125,93823
2021-10-20,1815.8959349335387,1816.7760376125032,1775.0700570210588,1789.738037109375,93490
2021-10-21,1798.9787437044938,1837.1154903841814,1784.653112561782,1833.4974365234375,114209
2021-10-22,1846.209509298199,1896.0806348141991,1838.7288165971368,1867.0380859375,338028
2021-10-25,1877.5012571883397,1926.394519094286,1789.4933857576361,1809.2462158203125,335087
2021-10-26,1823.6208935849663,1827.4834135009787,1777.8567530163155,1804.748046875,206780
2021-10-27,1877.5500953396154,1890.0666980808505,1824.7453753739978,1838.0931396484375,529236
2021-10-28,1838.0932670408454,1954.752639390092,1837.2132838084099,1939.742431640625,1355503
2021-10-29,1953.7261665180608,2106.077646574787,1911.0424364652022,2072.976806640625,960349
2021-11-01,2058.406421249591,2121.9676646610988,1987.120018226713,2033.6663818359375,485302
2021-11-02,2043.7385779366095,2068.185211643985,1996.116583221973,2016.79833984375,118552
2021-11-03,2020.4648016659564,2097.276152250083,2006.7746904028718,2023.1539306640625,385323
2021-11-04,2030.2930883323813,2076.6927549938946,2014.4027751786662,2059.042236328125,42743
2021-11-08,2063.29532184472,2077.327781258064,2025.3541089374135,2040.70654296875,194599
2021-11-09,2048.579047472592,2159.5178280279392,2038.3114608954377,2136.684814453125,595914
2021-11-10,2136.6845617666595,2172.914517865932,2103.3882014853584,2122.652099609375,207186
2021-11-11,2133.555703266348,2156.19319162021,2084.9556022436686,2124.217041015625,123304
2021-11-12,2112.3845049182305,2182.5952789322864,2105.832855367688,2162.353515625,258341
2021-11-15,2180.6393072184746,2181.6171723786624,2089.6978473210224,2100.55224609375,91793
2021-11-16,2100.5524031364066,2141.4759199078394,2092.8271245513956,2128.763671875,384464
2021-11-17,2109.4506638830153,2161.0819917963313,2102.459023521848,2143.18701171875,216359
2021-11-18,2151.3037169274958,2173.6967373953985,2076.9859521609096,2101.970458984375,110299
2021-11-22,2110.379828229714,2136.2932577775655,1934.4619623787653,2053.321533203125,240928
2021-11-23,2033.9598131428033,2107.2997102513177,2033.324296195854,2056.646240234375,107742
2021-11-24,2058.4061891601705,2063.1976330132134,2010.1973883840608,2039.6312255859375,214763
2021-11-25,2047.7963027407698,2054.9347664120337,1994.8449979229053,2001.64111328125,248082
2021-11-26,1997.7789688454536,2017.531801749456,1931.284123088483,1950.8414306640625,87944
2021-11-29,1911.726957783074,2072.096891837511,1910.7980333514367,2037.236083984375,141832
2021-11-30,2059.384327542604,2116.5894477521206,1977.2436421135542,2016.211669921875,239856
2021-12-01,2010.4911427188197,2041.4894263062097,1963.8470136628007,1973.2344970703125,122697
2021-12-02,1973.234150036647,2091.65359822718,1973.234150036647,2066.08251953125,299002
2021-12-03,2044.0317591304304,2083.341894035164,2018.4117375871106,2032.39501953125,54725
2021-12-06,2032.004012744674,2040.6582158008252,1989.9558065136725,2009.0731201171875,57116
2021-12-07,2019.0960910428405,2051.5122265803734,1989.955660648187,2019.97607421875,132978
2021-12-08,2031.5638650830053,2072.536320885013,2031.5638650830053,2046.4273681640625,176891
2021-12-09,2057.819605733412,2322.430046767089,2053.6636782813025,2249.481201171875,1034082
2021-12-10,2249.08992815296,2319.4962215560095,2185.871039362786,2214.27783203125,481269
2021-12-13,2218.72757711341,2303.8508050736727,2214.4250649924875,2256.522216796875,264261
2021-12-14,2253.9797311343077,2268.3543046657915,2210.0247294610394,2222.248046875,71628
2021-12-15,2233.3462097790766,2242.831693102167,2172.2785764701616,2182.64404296875,63111
2021-12-16,2170.958936304568,2224.6436479629456,2145.4365554420674,2185.43115234375,270580
2021-12-17,2180.6397533189142,2212.5669618358475,2121.967831704952,2151.059326171875,169226
2021-12-20,2165.971562129543,2165.971562129543,2030.6351049385414,2074.687744140625,102709
2021-12-21,2079.919462988237,2170.8609345716436,2053.614982293715,2152.281494140625,240790
2021-12-22,2154.236963091263,2280.3815696454044,2154.236963091263,2233.884033203125,961653
2021-12-23,2226.5504843838835,2255.8864451928325,2205.086387472668,2213.691650390625,93625
2021-12-24,2232.9552342876523,2293.4849960307533,2182.5951753580207,2194.867431640625,220693
2021-12-27,2199.6101658175403,2217.5540900198916,2127.1504885015006,2146.9033203125,134745
2021-12-28,2163.3316785194716,2208.900063051271,2137.1737789926647,2158.246826171875,182668
2021-12-29,2143.773873967801,2200.7345204930684,2143.773873967801,2177.314697265625,182349
2021-12-30,2177.3146553370593,2195.356219746879,2163.6245431310977,2185.919677734375,197252
2021-12-31,2195.3072350485186,2233.199509150136,2172.816336872075,2184.15966796875,198115
2022-01-03,2201.614612845225,2218.3851446941712,2137.222331027787,2156.6328125,113948
2022-01-04,2174.674745092146,2188.120394203198,2141.525203869383,2170.61669921875,353471
2022-01-05,2180.19952808486,2200.098942791734,2151.303562038336,2176.923583984375,222632
2022-01-06,2165.7759848786877,2237.111206507257,2151.3524725648504,2175.99462890625,423469
2022-01-07,2187.4357852620683,2213.8381489676735,2167.4384871657085,2177.803955078125,111305
2022-01-10,2193.3029018331185,2245.863161107712,2173.794537068296,2230.412841796875,289826
2022-01-11,2231.488676881867,2296.0277884831826,2220.0477002998728,2287.6669921875,255404
2022-01-12,2301.894667037795,2308.2997318068255,2244.6406121727723,2265.17578125,231632
2022-01-13,2268.6474704639063,2275.3946454633015,2245.178703528073,2255.4462890625,128523
2022-01-14,2239.310979295253,2301.894342908745,2239.310979295253,2289.719970703125,190526
2022-01-17,2297.6895811576524,2333.088250083253,2262.7798447827827,2269.0380859375,135524
2022-01-18,2282.239628329741,2350.3970277472426,2252.023687376315,2316.122802734375,320744
2022-01-19,2316.122623125126,2316.122623125126,2253.001377919173,2292.2138671875,242338
2022-01-20,2296.8099011270474,2361.544531638295,2290.8448277263947,2336.364501953125,209114
2022-01-21,2336.3643582709155,2336.3643582709155,2274.2209789475264,2304.583740234375,415539
2022-01-24,2296.7120684057936,2380.1240221044386,2234.422099633789,2355.090576171875,276068
2022-01-25,2377.043847639651,2413.4693283428624,2307.859880934894,2347.023193359375,390068
2022-01-27,2351.7660286673313,2351.7660286673313,2088.6223829380046,2175.21240234375,794479
2022-01-28,2191.3961377071405,2264.589450920397,2141.525007397875,2220.2431640625,265768
2022-01-31,2225.621611906334,2281.897812450332,2146.5123979092505,2250.1171875,415951
2022-02-01,2260.6779963283725,2321.403288405187,2183.1332300499475,2236.475830078125,725023
2022-02-02,2236.4759172170448,2324.5814412118084,2213.789250313261,2245.86328125,324514
2022-02-03,2247.1345654433553,2281.310911543824,2222.345583423893,2254.761962890625,161075
2022-02-04,2253.979774086804,2312.6516987918835,2229.533138793021,2283.706787109375,203322
2022-02-07,2292.1159350088574,2292.6048675888505,2174.5765905257767,2208.01953125,191104
2022-02-08,2220.3407494233174,2234.372971364066,2147.3919122819357,2172.0830078125,122629
2022-02-09,2191.39599609375,2200.1967832266564,2162.744496902628,2191.39599609375,123789
2022-02-10,2162.0602821166012,2268.549722905293,2162.0602821166012,2188.462646484375,369714
2022-02-11,2174.772411308363,2200.0990268986366,2122.0166265061926,2131.012939453125,242245
2022-02-14,2048.6276474254432,2089.1111722665505,1962.1355159771695,2044.7161865234375,289217
2022-02-15,2063.2957558720213,2088.6713123260574,1980.715080120112,2000.565673828125,378170
2022-02-16,2013.4245461641658,2037.8711773706273,1966.7804215695637,1988.29345703125,565198
2022-02-17,1988.2933343310717,2022.2252086043334,1978.5146824519406,2010.3929443359375,350822
2022-02-18,1985.0663256707146,2033.0306607452048,1985.0663256707146,2019.9271240234375,177031
2022-02-21,2000.7125403754033,2071.9988301169883,1980.177367673603,2054.593017578125,375444
2022-02-22,1985.0663518532451,2076.25228156276,1985.0663518532451,2021.540771484375,306750
2022-02-23,2030.0481145165306,2073.0741824542606,2030.0481145165306,2050.77880859375,192678
2022-02-24,1994.845138903725,2052.49024847913,1955.7305283369853,2000.2723388671875,360203
2022-02-25,2022.8122550015535,2102.361453911691,2019.6341927766682,2084.7109375,313838
2022-02-28,2049.605382049081,2123.532083880992,2042.9558511920573,2111.65087890625,180990
2022-03-02,2105.3438458400697,2163.5268271812142,2105.3438458400697,2130.9638671875,157039
2022-03-03,2151.303359020982,2189.4401003854446,2098.498640208649,2111.65087890625,217987
2022-03-04,2097.5207277144364,2150.3254453352192,2078.061306900679,2107.6904296875,88675
2022-03-07,2090.676078594078,2101.237071920836,2034.1554146901815,2062.26904296875,139363
2022-03-08,2057.42873645037,2110.2334663782785,2057.42873645037,2087.79150390625,132359
2022-03-09,2102.410079000044,2115.8557248541138,2054.4946865019033,2095.320556640625,310556
2022-03-10,2112.188753363941,2129.643742028746,2094.5871804192416,2110.18408203125,145468
2022-03-11,2107.2993672347484,2126.8077289428024,2063.2954361323987,2073.025146484375,78426
2022-03-14,2078.501277964707,2078.501277964707,2017.7757578051546,2032.49267578125,237058
2022-03-15,2032.4931041972884,2048.725764296076,1995.872095051577,2045.40087890625,178988
2022-03-16,2055.472789733067,2153.8461310160887,2055.472789733067,2142.453857421875,231640
2022-03-17,2156.19253572329,2159.1261310099885,2043.7380497331865,2054.8369140625,603010
2022-03-21,2073.3677582417963,2077.8170929215153,2033.3729258712842,2045.15625,208149
2022-03-22,2053.5171695929694,2054.6416192149914,2012.4468262011098,2031.1728515625,96849
2022-03-23,2043.689457458994,2049.898997370051,1984.430846429668,2005.4061279296875,512732
2022-03-24,1947.174425953981,2008.53547817174,1938.1291712445902,1993.5252685546875,251286
2022-03-25,2004.03714210449,2009.3666992228848,1939.106978705533,1945.267578125,100470
2022-03-28,1941.0624727682157,1974.309890437797,1901.5566937812855,1958.5662841796875,184576
2022-03-29,1965.4113025164474,2009.512999458144,1955.7304130979503,1993.671630859375,149014
2022-03-30,2006.5305064636111,2049.0676438734777,1990.5913748712471,2037.3822021484375,149949
2022-03-31,2019.2915628224714,2130.768191472235,1987.0220124238556,2110.18408203125,1052222
2022-04-01,2107.2995551012664,2107.2995551012664,2054.4948330708867,2067.50048828125,180591
2022-04-04,2049.6053366133697,2096.444981397248,2049.6053366133697,2083.390625,105731
2022-04-05,2092.631913405311,2214.816144900966,2080.848587827822,2158.686767578125,350006
2022-04-06,2169.883094931252,2194.28078635406,2125.7325722482865,2160.54443359375,202906
2022-04-07,2161.0821873504156,2188.3158298666563,2133.3596122126028,2143.627197265625,98294
2022-04-08,2159.8598745695413,2196.92087211221,2139.5202295880113,2189.391357421875,161106
2022-04-11,2190.418527878802,2207.922223298878,2153.846456881209,2165.7763671875,178038
2022-04-12,2164.7983769690563,2182.35101239524,2102.4105193905084,2157.659912109375,103405
2022-04-13,2152.2815074025584,2182.5463904385597,2151.30364211069,2177.41259765625,65098
2022-04-18,2174.772242457637,2174.772242457637,2094.196244077058,2135.168701171875,127137
2022-04-19,2151.4014117123534,2200.1967917321153,2077.963636635887,2104.5615234375,76918
2022-04-20,2117.0781736597223,2129.6438370673172,2080.603753682602,2090.137939453125,55650
2022-04-21,2097.6188791401605,2121.6742214595406,2076.2034865569644,2096.05419921875,122239
2022-04-22,2092.8273636255926,2155.068636076953,2087.791452593496,2113.264892578125,163274
2022-04-25,2102.410353887649,2111.1622004041787,2048.6767044507324,2053.51708984375,171418
2022-04-26,2064.3717228847686,2081.8264768759227,2016.8473693771418,2041.6363525390625,132818
2022-04-27,2040.998840225111,2053.6447027239633,1997.865339278951,2043.5965576171875,111258
2022-04-28,2058.6441848832874,2068.4472524303505,2012.7657808964902,2056.53662109375,115355
2022-04-29,2050.802006970855,2086.7301586352182,2019.4321865965396,2055.262451171875,101104
2022-05-02,2048.8412779550436,2055.2132723601667,2001.2473334163853,2010.9525146484375,48561
2022-05-04,2025.9999595445133,2032.0778136695276,1960.6135456631878,1974.7789306640625,70125
2022-05-05,2057.6147642613714,2248.8236399254047,2046.929516631248,2177.359375,2654230
2022-05-06,2143.93080895113,2230.1978008065025,2135.1080484204667,2209.807373046875,1542537
2022-05-09,2209.5132756598045,2313.2297770927707,2182.456953111662,2260.293212890625,1109904
2022-05-10,2249.8042650152966,2260.5876405774616,2036.489394525198,2186.62353515625,495998
2022-05-11,2190.985649478593,2244.902522284554,2141.970310564083,2225.29638671875,425040
2022-05-12,2210.591969293231,2228.286555982723,2176.330292402882,2189.46630859375,185292
2022-05-13,2204.710106095543,2262.1071200411875,2200.984892198245,2245.490966796875,234536
2022-05-16,2262.5480266275686,2302.740604223639,2180.790537689621,2207.454833984375,154711
2022-05-17,2230.884126850179,2273.576535664524,2215.4933580260104,2249.1669921875,139859
2022-05-18,2267.1063678765727,2298.819387786584,2212.0131749782504,2234.119140625,270494
2022-05-19,2204.710029881082,2252.7450638802698,2184.2217131532916,2230.2470703125,147689
2022-05-20,2247.1572016462915,2277.2525708809326,2230.1978470745253,2244.069091796875,142509
2022-05-23,2255.881898077842,2291.9572351894526,2223.335761081984,2251.813720703125,131873
2022-05-24,2244.95175663698,2268.7732610320386,2192.9954934266425,2238.138671875,113498
2022-05-25,2238.922600348934,2253.725328732678,2155.7437121334397,2170.889404296875,144343
2022-05-26,2162.5076202183004,2167.0661901905023,2129.4222675140854,2148.048095703125,105221
2022-05-27,2154.714152963517,2260.8814177390404,2140.8917325913194,2239.16748046875,171237
2022-05-30,2261.5183893019057,2344.893518154668,2248.823465989469,2338.7666015625,411157
2022-05-31,2344.894132538109,2419.39745781942,2298.819707693088,2379.449951171875,474302
2022-06-01,2379.4497818105374,2438.8564721579933,2352.7364203709094,2407.976806640625,351443
2022-06-02,2411.555033704612,2416.456568325963,2344.992289279766,2370.774169921875,164924
2022-06-03,2379.2046410281496,2401.702634575531,2262.401179703757,2270.1455078125,195149
2022-06-06,2270.1454204302154,2330.1401473581586,2245.9318908878718,2316.906005859375,193033
2022-06-07,2299.799737005866,2326.2189572178863,2265.5380624477048,2305.28955078125,54080
2022-06-08,2322.5919406589924,2322.5919406589924,2225.7866418766453,2259.9013671875,113410
2022-06-09,2261.3225792465932,2309.504559928369,2244.7064278205225,2306.073486328125,101910
2022-06-10,2274.3114917631383,2316.3665524941325,2251.9604516499635,2287.398681640625,175206
2022-06-13,2249.803755302665,2307.935987347609,2207.6505694734647,2291.417724609375,157963
2022-06-14,2284.11505692425,2317.445491231299,2257.94091079085,2275.635498046875,151551
2022-06-15,2293.6727887910774,2293.6727887910774,2249.804060380606,2259.31298828125,283896
2022-06-16,2276.419217102355,2311.5633097198534,2142.509459044753,2199.75927734375,359448
2022-06-17,2186.182176440651,2234.168143932451,2090.0139886411102,2130.353515625,188864
2022-06-20,2105.699094259964,2160.694403767721,2078.250502714676,2144.8623046875,184960
2022-06-21,2146.8718550259423,2219.806583956753,2135.1572368342377,2183.9765625,160680
2022-06-22,2187.1135193293735,2201.2789046277703,2144.9112640060393,2172.310791015625,95802
2022-06-23,2189.0252182904414,2264.508846507353,2170.0561848171255,2245.637939453125,292754
2022-06-24,2247.7945037743093,2264.508783135425,2205.739436392026,2245.245849609375,190440
2022-06-27,2258.627053811466,2313.524239147161,2228.286603711231,2247.402587890625,289818
2022-06-28,2246.8140292369308,2256.911236724827,2228.1391376046786,2239.804931640625,72430
2022-06-29,2235.050551811407,2279.213423211579,2186.0842725857297,2264.704833984375,248063
2022-06-30,2268.4297603073524,2283.085297970889,2231.913334822716,2255.587646484375,122566
2022-07-01,2215.836427892016,2265.9790217379527,2215.836427892016,2230.638916015625,97053
2022-07-04,2233.5310338455665,2325.9740177721837,2221.4734510430435,2314.99462890625,192539
2022-07-05,2334.1104048351767,2357.6377671686687,2298.0841312620173,2318.180419921875,376434
2022-07-06,2328.0325547106268,2480.176116858487,2323.327034369413,2467.43212890625,1037060
2022-07-07,2489.9794632040735,2538.455590319984,2476.794383598142,2511.9873046875,667857
2022-07-08,2519.33928680667,2560.8553734436246,2503.703441995128,2538.1123046875,534204
2022-07-11,2548.7979007376257,2578.2071072845984,2525.368661921632,2559.434326171875,187883
2022-07-12,2555.6599369450732,2557.620550628959,2479.2941296908134,2490.763671875,204632
2022-07-13,2491.939889424356,2521.594170169866,2465.4716057837354,2494.586669921875,187311
2022-07-14,2493.9003648385396,2520.3686470125335,2453.4136483132606,2498.164794921875,204252
2022-07-15,2480.2745234985346,2524.437156810354,2471.353635190972,2509.04638671875,389496
2022-07-18,2528.211428203044,2546.34710537317,2503.8018827720207,2535.61279296875,205877
2022-07-19,2519.3883932702406,2586.7354203522073,2505.6640985209087,2539.876708984375,210716
2022-07-20,2535.1716921790903,2575.070133920584,2524.437140486663,2547.37646484375,258551
2022-07-21,2548.7977477515556,2779.1698518752537,2542.9159067952055,2718.145751953125,1136196
2022-07-22,2745.2507225328177,2745.2507225328177,2633.9370908258147,2643.298828125,355041
2022-07-25,2659.5724527144266,2659.5724527144266,2584.578979573014,2610.458984375,292148
2022-07-26,2623.839952933856,2708.538356312627,2583.500188518818,2659.964111328125,544688
2022-07-27,2659.9643032173126,2695.8436268569285,2637.417247429055,2674.423828125,250057
2022-07-28,2690.893298975199,2693.8832827997294,2633.0551935584654,2668.640380859375,335265
2022-07-29,2704.225865639301,2755.6429188375046,2648.1523542893797,2682.266845703125,248397
2022-08-01,2689.9616911766147,2752.897335938915,2670.355556401275,2691.5791015625,363460
2022-08-02,2690.8436859335234,2768.729242423318,2675.600108663135,2705.205322265625,366158
2022-08-03,2705.5489458166826,2713.48952752266,2614.2334528616525,2618.988037109375,461656
2022-08-04,2636.04475156461,2662.513032818699,2589.9703360482335,2615.801513671875,303228
2022-08-05,2630.7512306982003,2688.001047873887,2622.663700193109,2635.260498046875,272399
2022-08-08,2641.8777729350877,2741.9181301256654,2623.399133283781,2667.512939453125,382934
2022-08-10,2793.874563143894,2793.874563143894,2690.942342396487,2715.842041015625,1043450
2022-08-11,2739.9085033674337,2781.081389877685,2725.2529642499712,2743.192626953125,326247
2022-08-12,2756.426842580522,2781.8166942060957,2731.2330044579685,2742.163330078125,386571
2022-08-16,2764.416203112377,2847.79134704295,2751.7212775041517,2840.92919921875,833499
2022-08-17,2851.8106651499907,2866.5152674466644,2813.480572763573,2834.80224609375,481683
2022-08-18,2822.2540693300816,2877.2003105201848,2817.4015987853527,2833.57666015625,459776
2022-08-19,2846.762126203384,2867.152557244798,2758.0934164657624,2831.469482421875,335377
2022-08-22,2818.3819306077576,2859.652940872522,2795.9330015718247,2813.039306640625,232574
2022-08-23,2788.9727379858145,2853.5748578707517,2788.9727379858145,2811.617919921875,574029
2022-08-24,2813.480547365771,3029.049919355936,2811.618060158093,3000.179931640625,843342
2022-08-25,2989.935934435771,3111.4939855407,2981.1131726620256,3082.476806640625,810380
2022-08-26,3088.9465409284467,3146.490498759304,3044.832737582912,3108.20947265625,519283
2022-08-29,3078.163436472301,3158.499533070376,3024.785777614031,3133.501708984375,501630
2022-08-30,3137.9128445730057,3208.789070487744,3093.7499776045106,3198.495849609375,574816
2022-09-01,3190.800468113631,3361.8151787241854,3180.899513155744,3336.670166015625,1034069
2022-09-02,3323.2402344109514,3378.4315581469177,3293.831028796695,3302.5556640625,560330
2022-09-05,3284.0277495826144,3321.2794076375817,3189.5750945443697,3224.425048828125,587410
2022-09-06,3252.559886677721,3309.515808378459,3241.433547923947,3295.840576171875,407055
2022-09-07,3285.0080576804066,3313.436954628402,3200.7016736277315,3245.109619140625,382798
2022-09-08,3270.940625764355,3312.456714950581,3246.7761586020492,3252.903076171875,363161
2022-09-09,3267.362504480067,3290.840804042957,3239.9139145834447,3249.373779296875,215708
2022-09-12,3264.4215679934114,3284.0277035369154,3245.060509144201,3264.029541015625,179592
2022-09-13,3293.8311146000283,3366.030620530712,3275.450360612305,3292.703857421875,435755
2022-09-14,3244.717260912756,3289.860435240381,3206.583423544076,3223.8857421875,299457
2022-09-15,3251.383765867842,3281.0380488495603,3202.7116252359,3232.022705078125,288585
2022-09-16,3238.933549436223,3250.5012171221792,3038.950969507352,3117.5224609375,482246
2022-09-19,3125.218009812477,3159.8228869595646,3044.8819171821137,3095.61279296875,342412
2022-09-20,3121.4928430930204,3155.4115538713922,3069.438695972859,3088.505615234375,252096
2022-09-21,3100.366967623274,3136.9815195296123,3063.458515165637,3068.016845703125,199589
2022-09-22,3074.536420035276,3156.538992265044,3038.9512335309328,3082.182861328125,334012
2022-09-23,3109.925127170795,3109.925127170795,3049.195170132881,3063.115478515625,162047
2022-09-26,3062.4785694670027,3063.8999665190645,2907.6391518894657,2943.0771484375,295539
2022-09-27,2941.9004087378153,2989.9354370710885,2909.550287615407,2973.025146484375,398174
2022-09-28,2967.3885539845087,3009.051591164668,2932.685790513411,2950.42919921875,344491
2022-09-29,2989.9356199482827,2989.9356199482827,2914.4519993790964,2937.195068359375,291653
2022-09-30,2955.4782122534057,3092.8681220032813,2933.0781049235557,3027.57958984375,310742
2022-10-03,3014.1979814091824,3063.556518759934,2924.695933151505,2935.822509765625,388862
2022-10-04,2999.199747528589,3053.655840970058,2980.1328271425286,3020.12939453125,313948
2022-10-06,3047.529079288567,3173.5475793119454,3020.129549264929,3126.0517578125,507339
2022-10-07,3140.903097928971,3244.717495975744,3115.120980313509,3231.189453125,601549
2022-10-10,3217.317849491391,3217.317849491391,3145.8535796133633,3166.93017578125,204689
2022-10-11,3175.2136653685493,3226.1896180079953,3122.277099166048,3134.08984375,294944
2022-10-12,3153.6470288142323,3195.653271636126,3110.513528886403,3183.54638671875,223256
2022-10-13,3194.8194714748283,3241.5800522641207,3174.4290446556442,3201.53466796875,393950
2022-10-14,3246.77610486758,3269.3231611513825,3112.4740739597123,3131.39404296875,307787
2022-10-17,3127.227615459746,3168.10635932645,3091.2013421696565,3133.599609375,303859
2022-10-18,3166.3910655906316,3209.4264397582947,3122.865538007243,3148.353515625,210090
2022-10-19,3163.4500730808486,3184.722682972549,3140.0696599498756,3174.527587890625,263584
2022-10-20,3171.2927849074213,3171.2927849074213,3010.0323017181568,3071.10546875,438628
2022-10-21,3083.6039522782107,3112.817141360586,2960.526391671804,2981.35791015625,364038
2022-10-24,2999.7385804799947,3016.3056684103512,2986.7985795679924,2992.680419921875,16594
2022-10-25,3014.3940252836746,3025.47153880871,2961.1144999860007,2995.08203125,263091
2022-10-27,3013.463145078206,3017.384372332699,2946.9492320407735,2979.54443359375,250705
2022-10-28,2975.231365290113,2975.231365290113,2887.0037465500436,2903.76708984375,336034
2022-10-31,2903.6687518252006,3001.5524818829817,2903.276724836906,2989.690673828125,319759
2022-11-01,3011.943570750494,3131.2959232921544,2999.73879899368,3090.073974609375,504156
2022-11-02,3098.7496444740996,3122.277006532745,3075.1732192112913,3108.40576171875,199216
2022-11-03,3096.9360024860484,3223.4446376229557,3073.359816394271,3161.734375,362379
2022-11-04,3171.2922291111113,3203.1521974097545,3137.961800737146,3156.489501953125,226208
2022-11-07,3176.193808593636,3218.346998028675,3144.8239932001184,3198.103759765625,289197
2022-11-09,3227.169974076526,3227.169974076526,3029.1480011836165,3042.774169921875,251189
2022-11-10,3042.774359381311,3176.1942184254212,2994.3472963519907,3104.53369140625,507653
2022-11-11,3136.982114534623,3158.5488665720486,3043.9510844335528,3093.70166015625,692497
2022-11-14,3093.847943450923,3150.2646418705663,2951.8015984343037,2965.623779296875,560133
2022-11-15,2967.3888114197675,3019.3450740577746,2955.0368494746226,2968.22216796875,383627
2022-11-16,2984.0045133486506,3029.1476844740982,2952.6837623417427,2975.867919921875,468068
2022-11-17,2970.329627382535,3073.261842192821,2954.5465920452048,3060.7138671875,632485
2022-11-18,3063.458871581072,3096.054073974695,3002.434770859177,3031.745849609375,485570
2022-11-21,3036.9904816870576,3058.5572313956163,2994.837289074874,3022.23681640625,374330
2022-11-22,3028.1675754560088,3054.1457045429574,2983.1225277925387,2999.199462890625,318799
2022-11-23,3010.5224043703793,3047.6271152143217,2996.209828303907,3038.26513671875,331230
2022-11-24,3052.6753564412556,3107.5725369039114,3039.980431325809,3063.40966796875,549566
2022-11-25,3078.2615564362313,3096.7892596927577,3019.3450205298177,3029.9814453125,340177
2022-11-28,3038.951227889593,3070.222920598334,3026.3541891634763,3042.2353515625,321071
2022-11-29,3043.8526443048686,3052.1852521878286,2950.7234973776663,2955.821044921875,383945
2022-11-30,2962.388900746987,3013.462978649106,2920.3338364982715,2941.6064453125,6409415
2022-12-01,2950.674642856868,2970.3298436492123,2906.070679858175,2934.891845703125,499243
2022-12-02,2936.3621973352974,2949.7432900065237,2864.6526081843235,2919.451904296875,440688
2022-12-05,2916.41269675612,2942.831916848427,2888.9641066690033,2917.0009765625,216805
2022-12-06,2916.363658990076,2935.920731731204,2878.866923990407,2886.121337890625,238124
2022-12-07,2867.397513853246,2936.0189928172554,2863.4762864838744,2910.580078125,428075
2022-12-08,2931.0192841145326,2935.4797280405796,2902.0023456567424,2929.5,224644
2022-12-09,2950.7236024401514,2976.0155668990406,2882.102123313636,2918.0302734375,329565
2022-12-12,2920.2852170905953,2940.4796351379696,2887.003845414924,2932.489990234375,197711
2022-12-13,2923.323573471307,2956.2129103450843,2920.3335902404756,2934.204833984375,120072
2022-12-14,2945.8218076280327,2969.349169818739,2939.3516872925065,2947.48828125,307596
2022-12-15,2945.7728047028295,2954.5955657048844,2858.5745646657306,2872.494873046875,258936
2022-12-16,2862.4960848049145,2870.2894766213126,2769.366931360919,2782.60107421875,425206
2022-12-19,2780.1500567618,2846.320765094459,2775.542662714809,2840.19384765625,397439
2022-12-20,2836.1257468540302,2878.1808135533124,2823.577771734938,2867.25048828125,380570
2022-12-21,2872.2988155785265,2893.081271087502,2775.444459527972,2785.051513671875,195307
2022-12-22,2796.227327056387,2796.227327056387,2723.488602390689,2747.604248046875,234442
2022-12-23,2725.252718674228,2729.124882404366,2613.742827757252,2627.957275390625,209507
2022-12-26,2632.1233685054503,2690.5985647393622,2588.0095690332923,2670.992431640625,171579
2022-12-27,2695.9909737571434,2703.2453885471714,2655.259412796264,2688.638671875,117811
2022-12-28,2681.188209692517,2708.3426606770286,2654.6708624064404,2670.698974609375,127712
2022-12-29,2671.3361669666506,2683.0998491698065,2626.1929886454946,2631.339599609375,225208
2022-12-30,2641.4368590739873,2674.228075982362,2624.0854753555977,2630.163330078125,155615
2023-01-02,2632.123937387692,2659.572529658402,2610.067032884443,2627.17333984375,135840
2023-01-03,2640.3094150442344,2641.044645144104,2623.3009963341688,2636.43701171875,155374
2023-01-04,2637.025409234728,2682.119524039486,2637.025409234728,2651.926025390625,313367
2023-01-05,2671.8753301378283,2758.681547858209,2666.5815296526985,2750.740966796875,361324
2023-01-06,2765.445313738207,2801.716663120807,2754.9560794859954,2787.600341796875,630345
2023-01-09,2804.7069580670527,2825.587541816323,2774.905486259208,2805.736328125,179843
2023-01-10,2803.677446204692,2808.5789802015533,2746.378561647926,2785.688720703125,140490
2023-01-11,2791.91348724188,2851.712196062721,2769.366433096317,2843.08544921875,457133
2023-01-12,2850.7321951972285,2877.2004789903253,2825.146091797482,2856.760986328125,212709
2023-01-13,2864.0646073529124,2865.535067637493,2827.1559106103105,2842.8408203125,103382
2023-01-16,2843.8208133403086,2859.3097078284964,2804.8536200991384,2815.8330078125,97665
2023-01-17,2822.0091583399167,2839.801870492243,2779.169798726965,2818.3330078125,88725
2023-01-18,2831.126331472792,2867.3976868275336,2820.342955556518,2862.83935546875,152461
2023-01-19,2863.1820400998704,2920.3339747498703,2853.1829585463233,2861.17236328125,258856
2023-01-20,2877.10235475224,2887.8369057648424,2853.7712441905587,2875.97509765625,131815
2023-01-23,2882.1020759117755,2893.914821062244,2860.192122560786,2889.650390625,260669
2023-01-24,2899.2081984045744,2899.2081984045744,2862.495757869671,2887.052490234375,147969
2023-01-25,2885.043171599327,2888.964399151619,2806.030340687535,2816.764892578125,191195
2023-01-27,2831.0773501954627,2840.782532400631,2705.6471263876288,2747.996337890625,149121
2023-01-30,2757.602596736442,2811.519462296522,2731.281267543587,2759.416259765625,176771
2023-01-31,2759.5635389840863,2808.5788771543184,2747.309704441528,2783.5810546875,236077
2023-02-01,2803.677735786825,2904.2082563124422,2699.6182540186023,2734.174072265625,623110
2023-02-02,2720.7923026887256,2796.7660752906577,2697.8532206297386,2775.836669921875,236358
2023-02-03,2788.972910515331,2792.894137806038,2721.331739750636,2750.593994140625,194330
2023-02-06,2748.780251787922,2882.101975840403,2727.3116287213797,2874.259521484375,197958
2023-02-07,2891.856146922225,2975.231292457133,2843.8701744376085,2963.957763671875,370039
2023-02-08,2972.2410920393695,3029.147948452074,2949.792162523407,3018.8056640625,408409
2023-02-09,3022.2858613073977,3078.16334885022,3008.3655526281846,3066.44873046875,262690
2023-02-10,3073.2130835802336,3108.5531953676277,3036.05954761846,3103.94580078125,300374
2023-02-13,3132.080446187588,3146.785049221333,2946.361357737941,3019.001953125,1255147
2023-02-14,3033.0688273768806,3108.5524407278886,2963.123850960763,3016.69775390625,613928
2023-02-15,3019.2468859180735,3127.178762773858,3013.9042616037027,3087.574462890625,619722
2023-02-16,3103.013984757669,3141.883050633836,3073.2615799491655,3125.60986328125,252897
2023-02-17,3129.139392184293,3174.2335062320612,3059.7336209572695,3074.38916015625,353966
2023-02-20,3091.936845201246,3161.391441409529,3077.183179351509,3111.640869140625,305386
2023-02-21,3132.717675481079,3144.0893313493857,3083.0652263134516,3106.984619140625,314522
2023-02-22,3107.523168850046,3126.0999329069705,3067.6737973172253,3110.317138671875,218407
2023-02-23,3115.414966780197,3117.375580352746,3060.61591316054,3076.5458984375,155736
2023-02-24,3091.8877052583944,3111.493841626552,3070.41908166835,3080.1240234375,141718
2023-02-27,3087.6724582806637,3116.3954970447912,2992.974959535373,3046.8427734375,220001
2023-02-28,3062.086470253074,3183.0562357748736,3043.65665422128,3153.990234375,923123
2023-03-01,3168.3514911382213,3254.324347285548,3143.5496819084997,3246.23681640625,556560
2023-03-02,3252.6580989471113,3274.077899159404,3221.2882800302013,3257.95166015625,351509
2023-03-03,3270.2542055490453,3297.7518573389975,3245.844663574711,3263.196044921875,446442
2023-03-06,3274.1266545299823,3298.4873747560305,3236.336018060399,3253.09912109375,294806
2023-03-08,3253.0992975511276,3331.9649376831503,3235.0126835957526,3313.290283203125,448991
2023-03-09,3326.866997530356,3366.373407753468,3313.4368428091793,3321.279296875,333450
2023-03-10,3313.289882469654,3319.955776939201,3261.480574721534,3310.887939453125,194714
2023-03-13,3326.180996003101,3334.0725136656433,3200.7507879195714,3209.965576171875,276376
2023-03-14,3222.268556833674,3257.4614763699274,3169.9690916125787,3245.94287109375,330853
2023-03-15,3278.1458250529945,3282.0179889116203,3221.288032632817,3237.218017578125,228737
2023-03-16,3217.415639480328,3278.7826950504477,3187.957375398926,3262.41162109375,257895
2023-03-17,3281.135768556934,3297.751920169249,3221.876273149328,3247.315185546875,256724
2023-03-20,3235.012266792184,3263.4411624700547,3202.12292754659,3233.885009765625,175472
2023-03-21,3234.032034231128,3365.3440782061325,3234.032034231128,3345.14990234375,278420
2023-03-22,3345.836323919756,3359.707570038134,3236.041957321564,3244.717529296875,288396
2023-03-23,3244.815301470031,3317.358000052745,3236.3357439228344,3294.271728515625,369001
2023-03-24,3310.839518050568,3325.2009180277064,3264.4218918137567,3280.79296875,180779
2023-03-27,3287.949098818129,3302.55557481205,3248.540812226567,3259.128173828125,171779
2023-03-28,3290.890093608022,3318.3386853926586,3237.9535237376517,3272.9013671875,184543
2023-03-29,3274.126755071282,3348.3849990152416,3267.36273353423,3324.66162109375,1031003
2023-03-31,3324.220175506437,3352.649071138901,3284.1257253302833,3298.879150390625,329944
2023-04-03,3321.279430460356,3350.688634390052,3272.264090577529,3307.31005859375,323147
2023-04-05,3322.210737185073,3323.2401072087164,3281.135977315787,3307.7021484375,221406
2023-04-06,3313.486160077226,3399.655034999399,3299.7128012015073,3330.200439453125,733361
2023-04-10,3352.5513295541195,3352.5513295541195,3303.339973125388,3330.739501953125,193423
2023-04-11,3316.377925402447,3316.377925402447,3202.760462296,3212.906494140625,493329
2023-04-12,3229.032741350034,3236.2871558730226,3133.600010032391,3140.462158203125,498526
2023-04-13,3153.450624491925,3192.515702689912,3110.513143382353,3166.390625,402975
2023-04-17,3185.9973329772665,3205.603470410973,3149.72597872491,3165.410888671875,286059
2023-04-18,3176.1939863483094,3195.653171781707,3139.8245088579647,3144.530029296875,277893
2023-04-19,3149.725604185211,3179.134806838668,3123.306385001397,3138.010986328125,266982
2023-04-20,3148.745515584618,3168.1065753395355,3115.415083601468,3121.591064453125,276392
2023-04-21,3135.0213287991864,3149.284841435597,3079.290788243633,3091.20166015625,267054
2023-04-24,3102.3767008835043,3168.3513925364628,3098.406410708866,3154.038818359375,314556
2023-04-25,3164.4303505113116,3288.929314115691,3146.8338913172356,3270.401611328125,690245
2023-04-26,3279.1263593904623,3339.905383092169,3264.421756881985,3333.190185546875,361730
2023-04-27,3343.3526487281947,3359.9465792022693,3314.926834945217,3349.833251953125,327674
2023-04-28,3347.280202541114,3376.9825276003303,3324.6966165456765,3356.068115234375,251132
2023-05-02,3358.080955264633,3401.5298097296795,3329.016766898134,3379.829833984375,331768
2023-05-03,3380.664814145339,3416.99493268248,3345.463779079943,3391.072998046875,359375
2023-05-04,3420.9224516410236,3596.4361968278295,3392.4474943799473,3579.351318359375,1282221
2023-05-05,3586.8628626067707,3685.690510250295,3583.8680345556513,3651.520751953125,978769
2023-05-08,3660.9464898220704,3749.2679001440306,3652.6495247328326,3733.754150390625,321297
2023-05-09,3745.880654679794,3747.746399197541,3696.8841851972925,3738.123779296875,395444
2023-05-10,3740.4310687786447,3769.9862069455353,3722.364294968231,3746.37158203125,253030
2023-05-11,3745.929800486365,3800.081219276238,3736.2091349001635,3790.556884765625,221052
2023-05-12,3781.425057992761,3884.3768507466707,3780.295974563873,3871.17041015625,404269
2023-05-15,3863.7572650271914,3867.6848454744872,3775.386704963037,3785.6474609375,227276
2023-05-16,3781.277926740706,3862.5297440447293,3775.9757892338307,3839.70068359375,268910
2023-05-17,3833.80904999273,3874.6068354261797,3806.80693733431,3847.9482421875,187846
2023-05-18,3849.519621765254,3863.7571002796267,3820.1119123641465,3826.93603515625,141795
2023-05-19,3819.669879788237,3853.9379197983867,3775.9755517803314,3824.235595703125,154467
2023-05-22,3799.933706651352,3856.7364291363797,3740.5290582657176,3822.713623046875,275112
2023-05-23,3824.4318889940932,3896.1102241194444,3802.1920630933837,3841.90966796875,279818
2023-05-24,3841.1733098923864,3883.0510365161927,3812.747497069254,3821.191650390625,205631
2023-05-25,3814.662180830234,3885.358622791566,3811.6673530530566,3870.5810546875,339853
2023-05-26,3883.3948626435795,3939.6574960818516,3878.4853874695673,3932.244140625,327697
2023-05-29,3953.060209462977,3984.6282782013363,3939.657438322609,3958.166015625,277673
2023-05-30,3955.0734032254722,3986.4449032538328,3935.582689895864,3956.64453125,179306
2023-05-31,3940.0998296654743,4221.167321096972,3917.3199097450824,4051.201171875,1169176
2023-06-01,4056.7485207239674,4065.0457261200922,3865.5246891493093,3873.232421875,421490
2023-06-02,3904.9965188766646,3955.2694962698824,3867.1935603710695,3948.739990234375,397566
2023-06-05,3961.9467003422933,3995.331133505029,3905.97868004006,3959.98291015625,316713
2023-06-06,3971.7656464141623,4017.8655730310415,3959.9337626136285,3984.1865234375,240261
2023-06-07,3994.9382396031497,4086.647140082995,3985.4136659769906,4075.944580078125,241488
2023-06-08,4094.502461413514,4096.417348585521,4011.0413800657566,4037.846923828125,171143
2023-06-09,4062.983476774931,4088.709319147935,4032.6430152800785,4076.04296875,140674
2023-06-12,4082.179944774737,4098.135740030537,4022.9713830224855,4076.28857421875,197995
2023-06-13,4080.412344563034,4251.458665615615,4065.8311061963577,4241.59033203125,484212
2023-06-14,4248.660279802656,4290.243634958161,4210.906219813085,4271.0966796875,282696
2023-06-15,4261.4247899252405,4269.525424606551,4202.511083152081,4235.5517578125,144416
2023-06-16,4222.148057002212,4271.2428018510755,4210.365318238485,4258.3798828125,153331
2023-06-19,4289.899799131832,4331.433771123643,4233.686303251699,4249.29833984375,177825
2023-06-20,4233.734129909951,4304.627131655621,4233.734129909951,4296.77197265625,231190
2023-06-21,4314.39811099687,4363.443482947233,4245.272313292115,4287.39599609375,304147
2023-06-22,4272.323947944179,4293.827355160952,4183.855101838741,4193.18310546875,188292
2023-06-23,4202.412813994741,4225.880011395221,4140.209662464806,4162.94091796875,204714
2023-06-26,4160.288954567574,4222.148337182103,4139.963537075013,4207.763671875,138748
2023-06-27,4237.122367977027,4268.297534000611,4192.691619549715,4216.748046875,217841
2023-06-28,4246.450093414463,4363.541063676253,4223.130088854987,4331.23681640625,339541
2023-06-30,4340.958084868867,4363.541671376894,4296.085288596105,4342.921875,209317
2023-07-03,4369.432708230023,4407.4322361431305,4309.5860167757655,4331.38427734375,247575
2023-07-04,4331.38460373941,4361.676162370668,4271.243531032345,4281.75,103281
2023-07-05,4290.881750997476,4348.764661131147,4281.750317994859,4311.10888671875,89263
2023-07-06,4339.97606393692,4364.768913623438,4304.627842601687,4320.4853515625,159465
2023-07-07,4320.3377588925505,4349.794607248637,4274.188696468017,4320.09228515625,121844
2023-07-10,4334.919445571724,4346.456712377795,4271.243455864498,4290.53759765625,117305
2023-07-11,4302.615401098382,4440.86603862688,4300.897084683016,4417.79150390625,300170
2023-07-12,4435.220487421861,4472.532503919987,4396.435628167232,4446.46337890625,204362
2023-07-13,4462.468029198495,4475.478140070794,4315.429228962515,4327.50634765625,226427
2023-07-14,4345.867806516847,4382.492302761938,4276.497012090896,4304.431640625,273514
2023-07-17,4314.349039405574,4376.012343000541,4297.902295506949,4338.94580078125,194300
2023-07-18,4340.957992276179,4462.712977809372,4340.957992276179,4409.54345703125,350377
2023-07-19,4414.109297957292,4530.807623199776,4403.799399697132,4412.1455078125,422756
2023-07-20,4418.528171179977,4423.535932328846,4066.126098037844,4127.88720703125,1566115
2023-07-21,4127.886385690209,4239.478651299102,4123.1734816884245,4149.29150390625,413021
2023-07-24,4173.054449849394,4271.243966316439,4173.054449849394,4243.7998046875,291808
2023-07-25,4256.515407210732,4290.341886363921,4193.821306997183,4254.64990234375,230780
2023-07-26,4256.859141180404,4340.418512502963,4253.029846067495,4318.86572265625,214947
2023-07-27,4322.302516644186,4410.231036899928,4288.918081031759,4320.43701171875,334733
2023-07-28,4344.836647934965,4459.718367586161,4330.402599074209,4434.4345703125,415070
2023-07-31,4423.977041020793,4524.572380448415,4423.977041020793,4470.37158203125,254120
2023-08-01,4495.852364182747,4506.211166114706,4416.56433177046,4437.822265625,119691
2023-08-02,4426.383363256437,4474.496225900529,4300.700783288197,4328.19384765625,217964
2023-08-03,4328.193059203408,4357.649908517406,4246.695776101347,4293.77783203125,195937
2023-08-04,4232.949642022786,4368.451161530823,4232.949642022786,4357.69921875,199490
2023-08-07,4379.4976012083525,4458.932818573398,4337.619871259085,4444.00830078125,235866
2023-08-08,4465.609497893752,4465.609497893752,4364.523217205947,4395.60009765625,151125
2023-08-09,4406.646713637689,4474.495757706148,4335.606510646133,4439.0986328125,392322
2023-08-10,4438.01859703896,4467.622637971613,4398.006372314269,4423.53564453125,169628
2023-08-11,4434.778076204504,4476.4597145442585,4405.763268076352,4444.6953125,212151
2023-08-14,4418.5280564081595,4418.5280564081595,4177.178426792301,4275.85888671875,753925
2023-08-16,4275.85899794617,4320.338656427998,4178.062145198829,4222.001953125,295770
2023-08-17,4231.820194359419,4263.2897368327385,4198.140908730311,4235.6005859375,183884
2023-08-18,4236.68072428237,4264.812402042305,4192.692016216482,4202.02001953125,230500
2023-08-21,4220.970830974389,4252.784618532297,4174.036432891417,4239.0380859375,294745
2023-08-22,4261.178770107742,4261.178770107742,4208.401914553092,4246.00830078125,216566
2023-08-23,4265.351525609344,4268.395495744617,4216.060208928392,4224.701171875,144208
2023-08-24,4255.533393439415,4310.519519427557,4238.104755291388,4258.43017578125,233683
2023-08-25,4266.786388034576,4271.7510620361645,4149.055159109644,4172.9453125,220479
2023-08-28,4188.085944169022,4237.341447726792,4173.437226357362,4192.21533203125,197684
2023-08-29,4202.832718736914,4256.954962005878,4172.552143792841,4246.0419921875,187724
2023-08-30,4261.920438568324,4291.414697658763,4250.61430591699,4272.68603515625,187244
2023-08-31,4286.498543363763,4315.992799396083,4272.734557215347,4307.68505859375,432110
2023-09-01,4307.488852849552,4324.841211347508,4198.999048343989,4219.1044921875,164901
2023-09-04,4227.509805170186,4255.03777599455,4173.6827907904035,4236.65283203125,298303
2023-09-05,4266.294517850197,4374.980642695496,4242.354921020121,4365.935546875,306152
2023-09-06,4394.545689036492,4463.4640291977075,4368.148234175453,4424.43310546875,504897
2023-09-07,4430.97140408922,4431.020369162394,4367.656684177662,4373.60498046875,193416
2023-09-08,4389.629765244605,4438.885265865815,4360.233921177162,4383.38671875,231272
2023-09-11,4409.3417904819335,4599.13711359224,4384.861176829436,4540.984375,684497
2023-09-12,4563.646446947848,4563.646446947848,4310.094238205693,4327.6923828125,433279
2023-09-13,4344.5041399468855,4348.633528026483,4188.184574829991,4267.91748046875,362583
2023-09-14,4286.547044128548,4313.534477494801,4243.534592073756,4292.59375,138301
2023-09-15,4315.992688603013,4322.776271306362,4267.425577593143,4305.5712890625,223156
2023-09-18,4303.211616693267,4311.863072429132,4233.113799055796,4247.46728515625,105351
2023-09-20,4229.47651573547,4353.253986748086,4212.861513392114,4256.0703125,275335
2023-09-21,4271.750798558245,4282.762177906963,4188.183751866081,4204.11083984375,146287
2023-09-22,4244.222979632829,4244.222979632829,4094.785432052521,4116.41455078125,250138
2023-09-25,4148.17047257404,4148.514668252802,4053.4940985757908,4106.4853515625,274277
2023-09-26,4089.967831061746,4151.807347208917,4081.315896180087,4134.3076171875,179832
2023-09-27,4153.774555787892,4168.767469864996,4098.521788611709,4161.98388671875,217834
2023-09-28,4178.352717801617,4178.352717801617,4018.788753067421,4032.552978515625,259081
2023-09-29,4050.544468294394,4078.023475335849,4020.6570517227515,4029.1611328125,270878
2023-10-03,4034.764982641976,4079.989505447716,3989.7368001664368,4022.967041015625,303772
2023-10-04,3986.8366092808324,4020.902616921449,3911.282305398622,3930.109375,438394
2023-10-05,3964.027839881251,4037.9108520476657,3930.1094469060768,3999.224365234375,310894
2023-10-06,4011.2678620211045,4075.122875723795,3999.420954992617,4063.423583984375,207353
2023-10-09,4052.6091959274586,4052.6091959274586,3991.5559898268093,4030.5869140625,122211
2023-10-10,4050.446027973213,4134.947262337909,4019.133103940641,4122.01904296875,244817
2023-10-11,4142.271849975494,4155.05269552315,4099.701994902061,4114.84228515625,158952
2023-10-12,4131.211598107327,4165.523637523813,4119.463339382164,4144.9755859375,246829
2023-10-13,4129.195873831974,4163.605839447239,4119.364455084754,4157.90380859375,149733
2023-10-16,4168.472561634228,4226.920057746548,4154.659130337816,4209.27294921875,264960
2023-10-17,4215.662993227428,4235.22741866574,4182.5309231770925,4211.38623046875,130579
2023-10-18,4225.5438320101775,4266.245810138251,4014.2175313202742,4029.210205078125,621225
2023-10-19,4029.2100696387065,4052.117562874765,3964.2737421791694,4025.130126953125,388946
2023-10-20,4021.0010641077583,4024.9828367069344,3933.5506423215547,3947.609619140625,204827
2023-10-23,3953.9016060792064,3973.0728725224126,3863.747544707668,3876.2333984375,162161
2023-10-25,3882.426892476506,3952.4757443602616,3829.6322268511926,3864.23876953125,261645
2023-10-26,3863.747482882863,3927.9958989962183,3785.096134630795,3891.521240234375,302100
2023-10-27,3922.686743097991,4016.625994072898,3902.1391746173913,3940.924072265625,262816
2023-10-30,3968.55031948961,4031.864555935718,3923.27659121133,4001.583740234375,114014
2023-10-31,4029.8982455239793,4055.4599323704356,3960.930944138579,4040.0244140625,205697
2023-11-01,4050.544355926326,4077.0891854433185,3976.710308185782,3986.64013671875,187184
2023-11-02,4020.7550288320026,4043.367530579541,3998.978533661189,4008.219970703125,170196
2023-11-03,4036.288857755793,4109.532925446161,4009.3016620278718,4097.24365234375,183990
2023-11-06,4124.2804574373995,4152.348967934733,4071.485542994512,4132.833984375,231433
2023-11-07,4142.960186421168,4161.7872587951615,4102.6513663824235,4137.84765625,122172
2023-11-08,4167.537555248628,4215.711497264949,4146.940545162609,4203.47119140625,216669
2023-11-09,4212.664480066094,4299.2304092832455,4144.926101597843,4237.8330078125,522498
2023-11-10,4255.03788098851,4309.061717084259,4151.807987849925,4167.8330078125,640836
2023-11-13,4164.490242052159,4235.227486368736,4131.702367111089,4190.8876953125,157036
2023-11-15,4220.332795721171,4232.376282197129,4180.318734348526,4187.00390625,95758
2023-11-16,4212.762714981026,4214.630588436301,4139.076043267363,4161.3935546875,130755
2023-11-17,4170.48746151625,4225.543401602274,4144.679989600927,4212.8115234375,121481
2023-11-20,4243.240375007189,4291.758523034425,4222.594395425365,4273.7177734375,243547
2023-11-21,4319.875637600542,4355.219293463744,4261.968207794548,4272.04541015625,345900
2023-11-22,4286.597246522561,4301.8849115909,4149.153715988704,4163.01611328125,176385
2023-11-23,4178.353142463687,4207.798434864013,4148.858884987472,4188.72509765625,82762
2023-11-24,4193.099858717081,4204.357024566348,4152.791044131523,4190.49462890625,116246
2023-11-28,4216.6956881848155,4216.6956881848155,4124.820883886787,4183.5146484375,184551
2023-11-29,4191.379445015736,4202.145040172417,4160.312066894139,4172.5029296875,78223
2023-11-30,4184.251732281237,4389.72837984862,4162.721021680057,4345.2412109375,558962
2023-12-01,4373.998071471309,4373.998071471309,4302.031896346966,4313.2890625,150704
2023-12-04,4345.241153497299,4604.053243244041,4344.602207310339,4552.68408203125,798523
2023-12-05,4584.095812993725,4783.034187378032,4514.243294738862,4764.8955078125,860640
2023-12-06,4773.153473691868,4803.090333739336,4642.149827889718,4658.51904296875,248801
2023-12-07,4669.973018443854,4709.495515083845,4620.324352192253,4664.8115234375,177991
2023-12-08,4709.1503589841095,4761.699475160935,4605.478354172902,4666.77685546875,231897
2023-12-11,4697.451442953509,4752.015811953911,4679.803855914581,4706.15234375,148181
2023-12-12,4717.2135994128175,4738.498527130724,4610.984821138329,4641.7080078125,201663
2023-12-13,4651.195662148402,4696.763908096304,4596.23764237364,4686.98193359375,166968
2023-12-14,4720.456674134442,4753.441367678964,4654.881407832466,4711.6083984375,150017
2023-12-15,4725.028310744889,4846.446319315638,4683.29423064654,4753.5888671875,371899
2023-12-18,4752.507899810247,4873.434352370582,4701.237146218396,4805.99072265625,356079
2023-12-19,4839.023258127761,4842.562664119254,4719.128940482412,4757.37353515625,223298
2023-12-20,4772.170387703357,4812.479202267807,4485.240351921839,4536.560546875,347680
2023-12-21,4521.666506627922,4626.125335538842,4452.748162084741,4605.5283203125,191984
2023-12-22,4643.378866748365,4684.670823640898,4607.101029202727,4678.77197265625,155535
2023-12-26,4690.9140625,4742.676386001448,4667.220247397466,4690.9140625,121004
2023-12-27,4719.032344951707,4741.595164435417,4644.362522619987,4653.80078125,165313
2023-12-28,4666.679679360098,4685.06414419293,4544.081696860222,4564.6787109375,478064
2023-12-29,4590.289539489537,4608.969235623677,4540.739283648926,4596.041015625,147991
2024-01-01,4596.040413521008,4635.5134596970365,4575.3449911695325,4603.2666015625,84544
2024-01-02,4620.7172675884985,4633.547075427384,4522.4520574933085,4622.33935546875,178550
2024-01-03,4634.5307786263975,4748.476825434183,4619.882060762453,4695.04296875,291954
2024-01-04,4737.661610777819,4783.967682506218,4689.635041013173,4743.4130859375,266936
2024-01-05,4774.087495813393,4817.394698995711,4721.046805015797,4750.88525390625,118877
2024-01-08,4774.13729260671,4774.13729260671,4660.092826803089,4672.82470703125,60882
2024-01-09,4703.350716519306,4889.803476568699,4699.418149030577,4837.451171875,571239
2024-01-10,4846.840586436814,4874.024363874997,4791.293069264317,4852.49365234375,241276
2024-01-11,4864.536421583867,4905.926305284224,4778.068912515489,4789.71923828125,87455
2024-01-12,4827.127687615118,4827.127687615118,4691.208337712643,4703.30126953125,145377
2024-01-15,4727.929257312995,4727.929257312995,4645.34534015469,4672.77490234375,104057
2024-01-16,4689.586836660661,4760.667803611528,4669.972963845921,4728.22412109375,192280
2024-01-17,4717.11454183165,4781.707152650694,4651.6371993677685,4692.5849609375,163852
2024-01-18,4684.6709897596065,4716.524690196293,4586.356803195921,4630.9423828125,151382
2024-01-19,4658.568408350209,4762.437242487321,4658.568408350209,4739.18603515625,132723
2024-01-23,4670.857271481601,4814.444925356849,4656.060700803934,4690.12646484375,348426
2024-01-24,4684.621817520424,4733.729463507477,4536.01954706119,4651.48974609375,293735
2024-01-25,4687.620661922839,4714.1165286153155,4586.357044435831,4659.404296875,114581
2024-01-29,4670.906740830161,4726.110057469684,4635.906796372828,4710.77294921875,87854
2024-01-30,4743.659895475448,4778.069863629156,4636.448458147878,4650.015625,152802
2024-01-31,4668.940292264271,4682.458491678597,4552.929562744966,4592.84521484375,292837
2024-02-01,4612.901359890272,4618.800210734122,4267.13019424008,4469.41162109375,825760
2024-02-02,4469.412183668875,4517.488208137455,4387.762438314369,4404.91845703125,315504
2024-02-05,4424.138454477349,4461.9894168101,4270.522535919108,4294.560546875,290961
2024-02-06,4304.194891977061,4349.026255020845,4288.513587913539,4328.7734375,177927
2024-02-07,4359.791772530051,4551.258659834536,4359.74280745437,4497.97265625,281178
2024-02-08,4532.283545445957,4532.283545445957,4365.247855258223,4375.3740234375,132187
2024-02-09,4388.744477123778,4425.563325207322,4338.3095007573365,4413.765625,203496
2024-02-12,4409.292629730553,4475.556292046305,4325.823985653678,4353.7451171875,149594
2024-02-13,4373.014531803487,4409.734972409391,4302.031504982307,4389.58056640625,290402
2024-02-14,4366.968720393395,4543.1968969236095,4353.204734499822,4481.5537109375,371445
2024-02-15,4497.873270552235,4510.555702452713,4385.45092132096,4393.26708984375,286311
2024-02-16,4433.969498974632,4463.169002329226,4394.103291175574,4447.880859375,185797
2024-02-19,4463.463877783114,4479.046771692367,4374.145347126343,4413.17626953125,155541
2024-02-20,4438.639465055488,4470.345788273394,4386.385574118711,4448.22509765625,169172
2024-02-21,4561.7778307175495,5047.449867005151,4561.7778307175495,4900.6669921875,4404765
2024-02-22,5112.337521601382,5358.12297937068,4995.933624811788,5333.54443359375,4222692
2024-02-23,5328.628418684264,5425.074722788839,5230.953187361359,5301.1494140625,1578299
2024-02-26,5268.706590430621,5340.721737110443,5049.465939105019,5206.91650390625,1164768
2024-02-27,5181.1571669886935,5382.455445914868,5157.070193441972,5358.6142578125,656105
2024-02-28,5348.2917055421085,5458.403593597387,5289.548979548332,5337.083984375,785448
2024-02-29,5353.158203125,5392.532840689364,5260.251301858792,5353.158203125,527441
2024-03-01,5405.314268439101,5431.4659394837,5363.039165939487,5397.3017578125,345570
2024-03-04,5397.4482915466315,5569.498100475713,5396.317774526464,5536.61181640625,484602
2024-03-05,5525.256781602735,5598.992414809177,5477.525440393642,5585.0810546875,340244
2024-03-06,5564.582616204801,5623.571124503792,5494.239012078138,5604.5966796875,401305
2024-03-07,5601.008074082664,5694.357584586059,5579.329988350463,5673.4658203125,289128
2024-03-11,5703.254585443454,5833.865070466765,5673.465580721862,5742.87548828125,693540
2024-03-12,5751.380201501836,5756.295911075769,5594.0774951359745,5621.60546875,310813
2024-03-13,5652.966628206267,5711.414597014371,5478.754198879058,5502.89013671875,454668
2024-03-14,5520.243416191742,5562.911679089259,5426.943344913239,5530.56640625,354416
2024-03-15,5554.751521687006,5692.19456200903,5491.338871572172,5521.865234375,810054
2024-03-18,5549.835684161898,5687.475541696472,5521.865106807303,5669.533203125,306134
2024-03-19,5689.93354882331,5689.93354882331,5516.900580427128,5533.71240234375,245880
2024-03-20,5584.245618821969,5672.581008643737,5466.268598706012,5637.04052734375,272707
2024-03-21,5662.896840187773,5777.924432254087,5653.065422062447,5766.0283203125,381358
2024-03-22,5775.958567198814,5932.327091793889,5736.681856921963,5866.80078125,514271
2024-03-26,5781.8568571247415,5885.67672598154,5776.252756911423,5829.833984375,383434
2024-03-27,6006.997010678525,6234.987521342281,5983.401605071932,6173.4921875,1232034
2024-03-28,6174.131046537808,6362.845323650531,6117.895138616322,6253.6181640625,722060
2024-04-01,6314.179196755301,6457.570043140167,6289.20701118804,6394.9931640625,396061
2024-04-02,6434.663772551925,6434.663772551925,6265.219169101281,6321.455078125,280233
2024-04-03,6349.130316643161,6410.085113736979,6323.421252265961,6394.40380859375,217760
2024-04-04,6481.853638708513,6510.8073556275185,6380.639002261966,6392.19091796875,325004
2024-04-05,6411.166820234584,6571.025791182648,6405.169558559671,6557.4091796875,382254
2024-04-08,6557.55621711631,6634.142872127856,6518.7221135816635,6586.8046875,179056
2024-04-09,6605.729861893677,6608.286126625293,6386.145041273829,6419.71923828125,317551
2024-04-10,6467.745923930367,6553.623459056511,6449.410424754082,6529.58544921875,234204
2024-04-12,6537.893265255449,6658.918122310951,6530.0281305002545,6639.10791015625,418148
2024-04-15,6547.724456967053,6615.610206952209,6436.6783974675245,6450.4423828125,333967
2024-04-16,6458.947548448199,6553.623921632802,6415.000913389445,6532.83056640625,268622
2024-04-18,6531.453974580154,6531.994510582659,6203.625129707492,6262.1220703125,1041299
2024-04-19,6262.12157334636,6262.12157334636,6139.72042162619,6186.51806640625,286043
2024-04-22,6267.528903051179,6433.7782755326425,6201.658403207348,6415.294921875,384870
2024-04-23,6459.045040637609,6459.045040637609,6189.271016911608,6201.1181640625,550348
2024-04-24,6259.467113491381,6273.919490186616,6193.842397363518,6236.904296875,239797
2024-04-25,6266.54596245009,6352.276121198192,6238.526420572175,6323.2734375,260935
2024-04-26,6360.927740821148,6380.541612660109,6270.281870639941,6302.3818359375,163903
2024-04-29,6351.68633862365,6354.979959834469,6242.164432431454,6343.1328125,158748
2024-04-30,6390.421834090605,6530.519543530284,6345.197310341657,6430.48486328125,393914
2024-05-02,6473.988887354448,6634.19203900902,6434.663214538324,6569.84521484375,317802
2024-05-03,6620.31307475912,6699.393447450656,6549.520515133997,6609.16357421875,337954
2024-05-06,6620.461024000768,6934.217597120327,6620.461024000768,6847.7373046875,689802
2024-05-07,6883.897969285374,6946.057288772973,6735.455401707574,6796.52978515625,384249
2024-05-08,6813.450917743171,7121.682117237233,6712.022404570229,7090.84912109375,545654
2024-05-09,7108.855670045441,7108.855670045441,6868.160773563004,6891.89013671875,412297
2024-05-10,6946.057582407387,7113.78908652802,6936.191023341467,7082.5615234375,509593
2024-05-13,7449.251263351481,8079.67517721245,7301.252893880922,7877.70654296875,3294820
2024-05-14,7927.779799077693,8011.54678485796,7810.268990332527,7973.01806640625,856307
2024-05-15,7972.179447455722,8016.578961705166,7858.911546032255,7976.421875,460611
2024-05-16,7976.421673325706,8265.8577442391,7920.478575845198,8194.3251953125,1059012
2024-05-17,8189.244087499892,8278.141399952936,8125.111453079712,8259.6416015625,319044
2024-05-21,8238.577429415307,8485.04390040582,8238.577429415307,8435.2177734375,375839
2024-05-22,8440.841207380005,8475.374163809964,8272.665516859874,8300.93359375,326374
2024-05-23,8347.108328990698,8376.708003916197,8245.038590583052,8311.14453125,203242
2024-05-24,8364.671158944964,8395.208351619773,8264.032257594565,8309.8134765625,163314
2024-05-27,8347.058848256092,8356.974546245252,8150.861766179866,8286.2802734375,229846
2024-05-28,8253.474933163958,8262.947407979445,8068.033244706427,8123.77978515625,328008
2024-05-29,8024.472616201575,8138.38223513927,8016.53022873316,8088.9501953125,226167
2024-05-30,8033.648281357698,8181.005920700064,8000.940734057888,8154.3662109375,319976
2024-05-31,8216.869800005425,8239.562884227342,8057.919448515323,8206.9541015625,516112
2024-06-03,8387.068972635663,8648.039473578212,8283.223433035651,8611.533203125,537121
2024-06-04,8633.23881266406,8633.23881266406,6889.225810566378,7564.44384765625,1346607
2024-06-05,7745.248359260794,7794.532011272118,7141.562886014218,7708.4462890625,1097810
2024-06-06,7696.951875809026,8036.016563891678,7696.951875809026,7880.9140625,483840
2024-06-07,7942.530642102186,7993.096755622337,7814.314518626327,7965.51953125,323673
2024-06-10,8068.920968314685,8090.578257698532,7887.622949430282,7954.37060546875,271789
2024-06-11,8036.312204627618,8223.185215154435,7964.385086773567,7987.22607421875,434290
2024-06-12,8011.793380944082,8213.909927587438,8011.645478920119,8170.4970703125,436181
2024-06-13,8238.578082110058,8376.611650000088,8194.227699608486,8333.888671875,386195
2024-06-14,8393.13726939859,9022.96871318944,8340.251932064235,8899.63671875,1242412
2024-06-18,9027.852209808352,9027.852209808352,8683.656726125586,8748.677734375,517839
2024-06-19,8785.18339898613,8794.803293206718,8407.294220885087,8429.9873046875,601292
2024-06-20,8485.240792141756,8549.965034167024,8273.701380469385,8425.3505859375,409555
2024-06-21,8475.373599026902,8525.199718555523,8243.509478448168,8287.3173828125,318529
2024-06-24,8277.104411446986,8451.05163134557,8140.650110884658,8352.3369140625,435447
2024-06-25,8381.592565842571,8483.11887784046,8273.158699149159,8287.564453125,244800
2024-06-26,8313.562197939302,8322.44210059554,8125.801782258643,8278.880859375,336425
2024-06-27,8268.669514477346,8574.877778169131,8216.425893480258,8527.7158203125,654170
2024-06-28,8603.63815030843,8603.78653408351,8324.41457272388,8377.595703125,400414
2024-07-01,8377.597272487448,8530.478838947387,8348.440818753375,8472.8095703125,251582
2024-07-02,8475.32512264577,8554.306735496226,8301.771962749594,8400.5859375,240074
2024-07-03,8422.095135482565,8527.371517382335,8416.175199820322,8502.8525390625,235527
2024-07-04,8564.173029426736,8691.155833755913,8465.655825324411,8599.4951171875,329126
2024-07-05,8599.642152138698,8599.642152138698,8489.630038889227,8563.580078125,222477
2024-07-08,8583.90608808076,8583.90608808076,8378.681666664575,8445.330078125,161299
2024-07-09,8500.041071097296,8598.657526723582,8452.829968958764,8476.361328125,195613
2024-07-10,8509.858548378326,8509.858548378326,8269.755241449251,8428.853515625,178905
2024-07-11,8470.489509094083,8475.373648198272,8314.54874660848,8345.0859375,134239
2024-07-12,8287.90919446813,8386.57478011656,8081.698120462911,8099.70458984375,406193
2024-07-15,8100.740914233399,8154.711185810028,8006.466133702592,8141.04638671875,279190
2024-07-16,8178.390848500127,8189.194923434743,8075.729493638928,8122.447265625,212920
2024-07-18,8124.814848981734,8139.8122101063955,7610.421742434055,7787.822265625,715249
2024-07-19,7794.58185619792,7804.152611436451,7498.5850768486325,7518.8115234375,355166
2024-07-22,7424.733714491187,7656.302052072296,7325.92022026391,7613.974609375,363722
2024-07-23,7663.307095325774,7707.804890191053,6959.081459555658,7402.92822265625,714300
2024-07-24,7449.202418612724,7536.028132144571,7335.78613760553,7422.21728515625,388681
2024-07-25,7350.586295537553,7662.369553173777,7311.169200481431,7522.06689453125,304924
2024-07-26,7596.2139578249735,7764.981241790718,7547.275733188155,7746.4814453125,237187
2024-07-29,7793.595138398098,7887.820779076288,7707.805213158161,7867.89013671875,207473
2024-07-30,7883.3808544475,7941.593554123645,7725.5159061732065,7738.78662109375,136915
2024-07-31,7694.140125972985,7841.940985048367,7686.049354998337,7791.4736328125,274082
2024-08-01,7791.473570771104,7841.940922605114,7631.783220476919,7666.11865234375,143518
2024-08-02,7592.366227896653,7676.133698527425,7446.834483848346,7477.66748046875,195829
2024-08-05,7303.32525269637,7496.512272485526,7140.230754109539,7366.07666015625,335130
2024-08-06,7347.379339376552,7547.917137842767,7328.879542470075,7366.07666015625,271285
2024-08-07,7455.171947601584,7809.3814141432695,7370.664966491481,7765.37646484375,470318
2024-08-08,7775.834596574537,8045.191638176471,7672.235734419946,7836.31640625,630662
2024-08-09,8041.245717716345,8153.477828193674,7815.30151288726,7865.7197265625,1288936
2024-08-12,7883.3313525591475,7883.3313525591475,7529.023129183564,7572.2880859375,499233
2024-08-13,7684.8154844111505,7684.8154844111505,7424.585013024414,7444.12060546875,485092
2024-08-14,7498.584598464306,7710.715610131388,7351.5728740996765,7653.4404296875,505429
2024-08-16,7736.368403602043,7819.2474937566885,7621.275096782065,7805.6318359375,383686
2024-08-19,7848.798357069984,7877.85508357209,7704.746599108324,7718.21435546875,140445
2024-08-20,7763.945884617484,7775.83489511976,7632.325606423792,7696.65576171875,180753
2024-08-21,7720.581834473727,7824.180696150372,7662.171616898394,7815.84326171875,139006
2024-08-22,7843.914113987773,7843.914113987773,7726.107500251558,7754.6708984375,112842
2024-08-23,7765.4498889827555,7819.592353107174,7675.6411592307795,7702.1689453125,141683
2024-08-26,7726.128076429204,7738.576921476225,7607.568566304971,7696.88330078125,186052
2024-08-27,7734.723502440167,7927.925902899904,7734.723502440167,7812.0341796875,465311
2024-08-28,7834.75865728884,7860.446551925294,7750.877415405428,7843.10693359375,153307
2024-08-29,7858.025391337909,7918.24393441613,7695.7962715757585,7781.94970703125,261097
2024-08-30,7836.437582493422,7864.447362737902,7749.148048258457,7840.78466796875,328066
2024-09-02,7849.627635643792,7851.949522554926,7544.978995239014,7606.82763671875,278992
2024-09-03,7655.634399075959,7734.822174649584,7588.500366552664,7674.6533203125,199718
2024-09-04,7661.809026664755,7671.78788137176,7484.068667275091,7547.349609375,301420
2024-09-05,7563.108661581162,7585.832567422621,7520.03194358903,7558.267578125,165098
2024-09-06,7558.168216413757,7558.168216413757,7410.018046445656,7426.171875,170226
2024-09-09,7409.969028004303,7538.408491156378,7342.340517707441,7509.65771484375,197525
2024-09-10,7509.657271873451,7549.127897535653,7419.848549035535,7445.240234375,175153
2024-09-11,7469.149656786904,7563.0092616177535,7442.1278740700545,7478.09130859375,137928
2024-09-12,7530.603387951857,7662.8959379468815,7523.637727643507,7627.52587890625,267442
2024-09-13,7680.927291738138,7775.429005133539,7560.4409961586825,7592.15576171875,282303
2024-09-16,7637.20819172075,7802.203504530241,7606.679215355542,7671.98583984375,355094
2024-09-17,7725.63390778491,7789.013748021238,7669.367348546951,7779.1337890625,157996
2024-09-18,7779.133661150155,7822.457376955822,7666.848025914389,7691.794921875,164835
2024-09-19,7736.008079773363,7738.8239646388665,7261.819243397079,7412.63720703125,438617
2024-09-20,7469.2487026118315,7676.53004109997,7426.369778765993,7603.369140625,474901
2024-09-23,7656.968465049728,7863.459614623327,7656.968465049728,7844.341796875,267031
2024-09-24,7775.527580316286,8002.766632854119,7775.527580316286,7981.228515625,333336
2024-09-25,8001.778699310972,8096.230720296196,7896.507930380959,8080.17626953125,302067
2024-09-26,8115.398776598438,8115.398776598438,7866.96700067751,7973.5224609375,231382
2024-09-27,7992.886814950749,8088.969416032821,7968.186917500345,8035.8154296875,339640
2024-09-30,7879.26745537273,8097.614553509078,7879.26745537273,7958.30712890625,266470
2024-10-01,8002.7659488522695,8203.576094420692,7987.9952187318295,8168.84765625,368953
2024-10-03,8102.554291255561,8160.846048746608,7949.21713620947,8012.94287109375,320792
2024-10-04,7992.936086632916,8006.916614639181,7785.407739538671,7835.20263671875,305714
2024-10-07,7808.131160441962,7963.246508055448,7580.052223215485,7665.16796875,193223
2024-10-08,7676.678540231707,8078.842057616308,7652.077057654683,8056.76025390625,190857
2024-10-09,8054.882657146489,8476.806065262172,7983.79616726259,8356.517578125,567692
2024-10-10,8396.977440479694,8516.22874264472,8342.63766412643,8408.1416015625,321074
2024-10-11,8403.249357316488,8504.667508087978,8320.25771341786,8451.01953125,226675
2024-10-14,8489.453464800263,8584.696658641926,8436.74426773024,8467.619140625,181469
2024-10-15,8516.525258588692,8573.829024829776,8442.425560863154,8544.4853515625,192358
2024-10-16,8575.804011085307,8833.27534465275,8514.05427022208,8664.0810546875,660651
2024-10-17,8669.663836174557,8709.18367132521,8318.974506038501,8586.3759765625,407941
2024-10-18,8564.986028805906,8743.76408749502,8457.294471118115,8677.568359375,197602
2024-10-21,8724.101916428956,8764.807539104086,8160.845858770976,8180.3095703125,337458
2024-10-22,8171.961151708583,8277.42971485743,8057.155834263856,8079.3857421875,267921
2024-10-23,8052.215415388377,8101.4675876047,7528.775405006991,7611.322265625,553732
2024-10-24,7681.668086545442,7810.107552944272,7490.2438818164155,7556.29150390625,482630
2024-10-25,7624.068267605883,7644.470286759586,7326.08860326119,7431.359375,287311
2024-10-28,7429.729500065535,7496.617018452966,7229.166323401531,7250.85302734375,497757
2024-10-29,7251.39571338917,7417.823811244423,7113.619495864768,7402.55908203125,352099
2024-10-30,7413.377956894358,7440.8932565064915,7301.28963015895,7337.74658203125,262509
2024-10-31,7370.449194158015,7390.061008672019,7230.202987368258,7340.26611328125,520624
2024-11-01,7384.281307280013,7409.969200508442,7295.361676873911,7341.20458984375,39200
2024-11-04,7354.641509023437,7362.545476255058,7173.838258600104,7272.48974609375,331535
2024-11-05,7312.108356417523,7349.207409024473,6851.75147967799,7047.2265625,2177411
2024-11-06,7064.170608535702,7111.545204395858,6952.625969117063,7078.0517578125,658234
2024-11-07,7103.690837730812,7153.633839734662,6891.370605838108,6915.724609375,418991
2024-11-08,6945.660453613723,7033.443986694705,6865.583578082098,6960.8759765625,565723
2024-11-11,6955.491108623388,7180.902275837201,6911.377188345994,7150.91650390625,408263
2024-11-12,7208.467746155985,7221.0154878423455,6851.998996005969,6880.65087890625,547081
2024-11-13,6856.691081207733,6914.982835356329,6700.587739589459,6720.34765625,509564
2024-11-14,6726.276314059253,6752.112311231658,6550.264935021836,6599.9609375,599381
2024-11-18,6619.918302770516,6664.477013521434,6525.712798961639,6546.36181640625,327357
2024-11-19,6592.15554459978,6706.911170174373,6546.756940709827,6621.1533203125,415057
2024-11-21,6621.153025499885,6748.011595018907,6536.08648709335,6679.64208984375,337186
2024-11-22,6693.62284940496,6855.703379805969,6679.939010045889,6821.765625,254886
2024-11-25,7004.890471075363,7212.3203896289515,6966.358633505273,7172.70166015625,745341
2024-11-26,7212.370195479037,7301.289828026039,7163.415190750278,7241.7138671875,456499
2024-11-27,7241.713531170932,7449.587766018107,7228.671792701224,7406.21484375,475285
2024-11-28,7429.729132783696,7429.729132783696,7252.5816617213095,7306.08154296875,358113
2024-11-29,7345.7494943653155,7382.25613572826,7286.469740543941,7332.16455078125,191937
2024-12-02,7289.433543557888,7418.8117959632,7251.9389072478425,7400.830078125,353136
2024-12-03,7442.572682977452,7543.348258931746,7390.258110139123,7447.06787109375,339612
2024-12-04,7484.06881642417,7629.798209219228,7484.06881642417,7572.1982421875,395551
2024-12-05,7558.168532540858,7589.78440091227,7330.929478621329,7398.50830078125,424954
2024-12-06,7449.4886940622855,7483.080552894927,7400.088901661342,7461.73974609375,228818
2024-12-09,7485.007603380535,7548.288546723802,7442.128196119013,7478.8818359375,209644
2024-12-10,7544.336649112047,7617.448345292546,7479.326712233011,7600.8994140625,265407
2024-12-11,7610.532250664624,7693.52390444313,7558.168469113901,7635.97314453125,173332
2024-12-12,7651.0402252621825,7661.908180127612,7542.607675582105,7565.1337890625,118184
2024-12-13,7523.588660072453,7625.945130185252,7470.582777355785,7610.779296875,132883
2024-12-16,7610.779177223191,7848.392183697365,7596.996441883877,7795.63330078125,340801
2024-12-17,7795.633692699699,7864.447511945244,7687.596242518334,7723.60888671875,213086
2024-12-18,7718.272884488579,7720.940666285206,7529.022469999221,7565.232421875,201768
2024-12-19,7528.528770365281,7528.528770365281,7247.048834476937,7263.64697265625,233391
2024-12-20,7271.451905345108,7318.530295096948,6803.33964903716,6838.16650390625,557249
2024-12-23,6882.378823081686,6971.298446118917,6810.2551288403765,6875.66064453125,167980
2024-12-24,6923.77657154995,6931.73022822711,6759.720040573923,6795.6337890625,159850
2024-12-26,6797.411311353635,6871.955789705528,6760.9046724620775,6861.92724609375,119925
2024-12-27,6885.146084241351,6922.838516221864,6740.157676455151,6764.70947265625,155724
2024-12-30,6730.227774477375,6802.697367035613,6588.055267211008,6621.4990234375,901044
2024-12-31,6621.499550161734,6864.990858913368,6621.499550161734,6829.27490234375,362642
2025-01-01,6829.0280353045,6864.29968383675,6764.067301317048,6845.28076171875,74460
2025-01-02,6827.545810028792,6854.61680177212,6713.432281187416,6808.9716796875,323524
2025-01-03,6817.171503644041,6848.688475416047,6685.768052921628,6718.52001953125,149381
2025-01-06,6718.421365612747,6744.998841412078,6494.887291947276,6540.8291015625,208851
2025-01-07,6548.0908754390175,6660.969406070871,6548.0908754390175,6625.6982421875,207775
2025-01-08,6619.522993666892,6637.306918981646,6488.613543433292,6577.08837890625,162710
2025-01-09,6558.316848118621,6611.668627238598,6379.9835864305505,6404.63427734375,193962
2025-01-10,6402.213374263114,6467.371896248446,6286.617855005586,6338.6357421875,259956
2025-01-13,6275.750071612719,6307.267044915337,6007.015181896305,6035.9140625,389091
2025-01-14,6061.305861795927,6180.309682860024,5988.292576174379,6072.81591796875,254776
2025-01-15,6116.139220662507,6155.165057490837,6033.394566627757,6119.3994140625,252993
2025-01-16,6163.217089043009,6276.786924035183,6145.532059580489,6232.52490234375,170841
2025-01-17,6224.374476373994,6475.0292415095855,6176.604775773716,6449.1435546875,385172
2025-01-20,6468.952526317676,6500.667291996858,6377.562903247379,6446.92041015625,131130
2025-01-21,6446.920509222788,6463.667233378259,6188.2136757800745,6205.80029296875,337700
2025-01-22,6247.740375672992,6263.894205636806,6040.607125120415,6204.2685546875,303115
2025-01-23,6204.268055591814,6411.055876869456,6185.051825722126,6254.2607421875,243034
2025-01-24,6283.653686267063,6303.314707449242,6078.446752632821,6104.7275390625,145838
2025-01-27,6026.775115466443,6103.641005118701,5936.86748669473,6010.275390625,241956
2025-01-28,6026.774777487923,6110.507427060399,5838.462669104083,5926.93798828125,270318
2025-01-29,5942.7951287496835,6065.504408166622,5942.7951287496835,6037.49462890625,119869
2025-01-30,6051.475291313778,6060.318048176803,5609.8410945436135,5650.69482421875,854672
2025-01-31,5671.096334447457,5876.451373982806,5641.555354206694,5804.1298828125,511763
2025-02-01,5848.935670288208,5872.054677636117,5340.117786808743,5433.4833984375,510445
2025-02-03,5414.316797274169,5432.989824573501,5044.213411412987,5134.9609375,1444875
2025-02-04,5208.072323362443,5582.176877244604,5201.798452865989,5561.97216796875,1337087
2025-02-05,5607.864793622252,5735.859470987944,5572.346147636204,5675.9873046875,699315
2025-02-06,5725.386928874684,5803.833705414809,5574.519764738227,5613.19970703125,384010
2025-02-07,5644.222654103132,5689.720153698521,5533.814114829887,5617.49755859375,284417
2025-02-10,5606.827638062234,5655.584850768677,5491.775320233052,5513.51123046875,376402
2025-02-11,5528.824895647998,5528.824895647998,5343.723772680886,5371.58544921875,350160
2025-02-12,5357.901714573255,5443.85735705304,5163.562729929748,5384.1328125,348968
2025-02-13,5384.676416949342,5502.1490300492915,5339.03081453836,5377.41455078125,297830
2025-02-14,5389.517694542567,5429.976320066251,5160.302643188969,5200.5634765625,296054
2025-02-17,5199.822395807669,5212.617135616907,5080.274892502952,5178.9755859375,252290
2025-02-18,5374.697795576795,5448.797489449637,5031.863211925114,5080.32421875,3924895
2025-02-19,5028.849809674056,5131.601380934567,4959.492306105267,5062.3427734375,938108
2025-02-20,5038.779553114366,5291.7065267608905,5011.115665371776,5280.49267578125,757479
2025-02-21,5263.05360620265,5301.5362354314375,5122.807409968254,5227.880859375,597090
2025-02-24,5185.20059595319,5344.070153528277,5132.540121775226,5325.2490234375,557026
2025-02-25,5324.309681835271,5327.174773341154,5178.5310858711655,5238.15625,415818
2025-02-27,5238.156143090123,5253.865662856644,5043.916547195484,5082.9423828125,541660
2025-02-28,5048.659468391372,5057.551432230026,4858.964239833418,4876.1552734375,784607
2025-03-03,4895.321788431248,5083.238797589983,4831.299848438292,5027.21923828125,558162
2025-03-04,4939.979234361366,5149.4343538982885,4939.979234361366,5129.08154296875,506485
2025-03-05,5038.7784741888245,5291.705393677519,5038.7784741888245,5248.52978515625,445752
2025-03-06,5277.874200200768,5366.793832925978,5220.175335005276,5305.5380859375,532908
2025-03-07,5305.537989878606,5305.58719670572,5216.618358763322,5262.609375,482112
2025-03-10,5264.042083613495,5345.798743226674,5077.952961895175,5098.35498046875,342786
2025-03-11,5038.778964599632,5119.794626383391,5019.0190470913985,5067.72705078125,549888
2025-03-12,5092.476973735643,5116.43587529905,4974.559561722065,5078.0029296875,222937
2025-03-13,5090.155102601502,5241.022276191985,5049.647268904557,5057.1064453125,367022
2025-03-17,5098.058962339849,5155.8075170033,5039.767202886739,5125.376953125,276511
2025-03-18,5125.376953125,5125.376953125,5125.376953125,5125.376953125,0
2025-03-19,5367.386780520553,5446.623764576652,5282.567233529537,5409.87060546875,580679
2025-03-20,5433.977460036264,5439.510333570457,5276.5402165965115,5395.1494140625,442929
2025-03-21,5404.288535276598,5505.755427929638,5368.176994549721,5391.98779296875,685475
2025-03-24,5405.474060422856,5530.801445832133,5405.474060422856,5465.79150390625,310148
2025-03-25,5525.861376155634,5527.788161235789,5332.708166958704,5349.158203125,265207
2025-03-26,5388.727352355168,5555.352761982202,5342.636958354771,5457.39306640625,729146
2025-03-27,5419.157107960711,5511.485510908396,5379.686481726955,5473.8427734375,403518
2025-03-28,5493.207610846007,5557.476546653144,5437.682052203065,5479.671875,420034
2025-04-01,5473.00371066264,5481.4016764611115,5308.502380610229,5334.33837890625,380081
2025-04-02,5360.075342965676,5366.694625788516,5148.5453324482105,5249.3701171875,682715
2025-04-03,5186.978211434872,5289.877882707272,5179.7660346992925,5263.35009765625,224578
2025-04-04,5261.077976291257,5267.055158301073,5014.770800341,5034.72802734375,457097
2025-04-07,4628.217530472312,4962.061244540852,4628.217530472312,4903.966796875,765239
2025-04-08,4980.536158045588,5058.489414533221,4910.339247683956,5003.60595703125,304029
2025-04-09,5013.091169034194,5029.788203168407,4910.3395959992,4975.7451171875,353532
2025-04-11,5087.684849534029,5111.84154207885,4991.404456821039,5081.55908203125,416323
2025-04-15,5157.338616369246,5225.016335760299,5096.576868302827,5183.5205078125,334196
2025-04-16,5216.6182382191655,5391.987506644147,5189.448351561774,5314.923828125,566818
2025-04-17,5357.407276735886,5577.236344338234,5230.943813126444,5504.61865234375,1143784
2025-04-21,5610.334998714456,5630.588915677324,5452.7496447838475,5561.42919921875,684672
2025-04-22,5581.188758919242,5635.528532638583,5524.3789954853855,5614.28662109375,325345
2025-04-23,5646.39591344576,5722.471588920007,5541.668360195497,5644.419921875,376059
2025-04-24,5651.336715522545,5664.1806626032785,5554.019116487761,5620.21484375,374809
2025-04-25,5629.60043480917,5639.974391384371,5320.3577292817445,5432.9892578125,638225
2025-04-28,5432.989076118249,5491.77482807843,5393.469242867707,5469.544921875,205197
2025-04-29,5514.992615658861,5557.476435521515,5493.256707822155,5516.474609375,224766
2025-04-30,5522.8972447586575,5536.729187768787,5403.349737313972,5456.20751953125,316444
2025-05-02,5472.111789035219,5497.95645870187,5387.6195997403975,5408.494140625,203903
2025-05-05,5466.147115425683,5471.6142565667715,5383.145972647352,5454.7158203125,241475
2025-05-06,5467.141070256843,5467.141070256843,5278.276196920698,5302.1328125,400370
2025-05-07,5239.012637867647,5412.47012867647,5238.515625,5365.25390625,270305
2025-05-08,5369.727080747636,5407.003046228576,5178.874137485224,5255.9111328125,345691
2025-05-09,5158.993620976357,5435.332778323454,5158.993620976357,5407.9970703125,321841
2025-05-12,5482.0517316811065,5680.856871542615,5439.8056394605355,5553.62158203125,669665
2025-05-13,5556.603974236006,5664.95278160483,5494.974377384015,5602.826171875,638165
2025-05-14,5586.4245750610025,5710.677790698481,5558.094841895658,5601.3349609375,400038
2025-05-15,5606.30534478531,5713.16311509815,5574.496520134046,5700.73779296875,356216
2025-05-16,5710.67804773075,5830.955165881389,5666.94091385779,5785.22998046875,418266
2025-05-19,5834.433880044402,5877.6739982456,5789.205710431655,5803.1220703125,181786
2025-05-20,5862.266891970082,5862.7639048477395,5675.887062848524,5704.216796875,444180
2025-05-21,5715.648005997568,5864.254854153505,5687.815285272711,5851.33251953125,266662
2025-05-22,5858.290613806787,5923.3992988334,5791.690890191778,5888.6083984375,286074
2025-05-23,5914.4529243140305,5953.716939525863,5839.900996696627,5925.38720703125,208138
2025-05-26,5929.363482457866,6011.867618089719,5929.363482457866,5960.67529296875,219984
2025-05-27,5964.15449772425,6013.855785205285,5922.40541624018,5978.56787109375,244514
2025-05-28,5978.567440286004,6025.783659990649,5945.267580073255,5979.064453125,160963
2025-05-29,5979.064797794118,6033.736213235294,5950.735064338235,6007.39453125,160875
2025-05-30,6043.676441341484,6081.4494190998685,5909.979980591414,5935.32763671875,296253
2025-06-02,5924.393754838271,5954.711541670917,5855.805974790647,5938.80712890625,159034
2025-06-03,5938.806555145238,6043.676266680567,5930.357336680307,5959.18408203125,197089
2025-06-04,5973.100900493591,6013.855957394945,5934.3338951484,6005.40673828125,171316
2025-06-05,6004.909553214763,6043.676557448396,5974.094754977773,5995.46630859375,135626
2025-06-06,6033.239142751926,6138.60586968688,5990.496036542464,6015.3466796875,336263
2025-06-09,6057.095508244607,6203.217283859928,6034.729930344303,6177.86962890625,270782
2025-06-10,6222.601248695383,6222.601248695383,6123.19867283763,6131.15087890625,207893
2025-06-11,6153.019242957565,6157.989371586772,5997.9512297263245,6040.6943359375,294907
2025-06-12,6042.6822998574,6062.562814086245,5939.3036258674065,5985.02880859375,369396
2025-06-13,5854.811834687292,5981.550121431371,5849.841705795367,5963.16064453125,220342
2025-06-16,5965.148466160339,6008.885598723421,5905.506921756137,5978.07080078125,133245
2025-06-17,6003.915383679261,6047.652515613348,5978.070714809118,5998.4482421875,101944
2025-06-18,5965.148494536162,6053.119772950834,5964.154468791363,6007.8916015625,165662
2025-06-19,6007.891514538785,6032.245144933589,5815.050522841147,5833.93701171875,130952
2025-06-20,5861.769931299478,5955.208353131283,5818.529810558165,5932.8427734375,241725
2025-06-23,5864.751723801384,5923.3992410393985,5844.871209483414,5888.111328125,88496
2025-06-24,5939.303568279832,6030.753932845814,5905.009681567589,5967.63330078125,228616
2025-06-25,6014.849666006296,6028.766026165623,5905.506836183012,5930.8544921875,138938
2025-06-26,5949.243882780016,5989.004911236357,5917.435060014943,5976.57958984375,110098
2025-06-27,6023.796013237294,6138.108973884536,5993.975240894534,6033.2392578125,241168
2025-06-30,6053.616584104669,6096.856702562559,6023.7958127544,6044.17333984375,157658
2025-07-01,6077.970299417887,6107.791071187048,5886.123334369617,5913.9560546875,365605
2025-07-02,5943.279696858862,5953.716966773065,5807.098175121169,5870.7158203125,284183
2025-07-03,5894.572378225326,5903.021596642681,5827.475643734566,5836.421875,193225
2025-07-04,5856.7992859199085,5866.242529846629,5806.103976418564,5826.978515625,153889
2025-07-07,5826.978889105012,5826.978889105012,5767.337344692473,5809.08642578125,89857
2025-07-08,5813.062068573417,5849.841018049684,5787.217401373877,5805.10986328125,242940
2025-07-09,5805.607676736619,5904.513243697546,5786.224173663874,5862.76416015625,204872
2025-07-10,5862.7636430429175,5893.578440081631,5791.690804711692,5858.29052734375,189571
2025-07-11,5844.871558238513,5861.769996417094,5683.839382654391,5722.109375,280804
2025-07-14,5722.10905739023,5747.95372611118,5543.681440643675,5613.76025390625,456678
2025-07-15,5645.568930893924,5690.7970999855115,5557.100644099389,5574.49609375,454138
2025-07-16,5574.496381564132,5584.43663902056,5469.6266653988305,5517.8369140625,590118
2025-07-17,5534.735521064302,5630.1619955654105,5435.33294345898,5603.8203125,1071876
2025-07-18,5650.042568543567,5693.2826902416045,5596.862188983911,5612.7666015625,425486
2025-07-21,5632.1498998337365,5810.57752196931,5601.83211445694,5801.13427734375,428913
2025-07-22,5815.547622736343,5836.919176259774,5696.76154617588,5720.6181640625,346363
2025-07-23,5737.019908597102,5753.421334308243,5641.096418831942,5676.88134765625,186980
2025-07-24,5676.8809454818,5700.240550142775,5621.215504587564,5664.95263671875,116292
2025-07-25,5664.952549411329,5675.886832275607,5576.981273639631,5609.287109375,340538
2025-07-28,5606.305556025156,5610.2816592563795,5491.992588127479,5512.3701171875,265335
2025-07-29,5511.873044774489,5558.59225723696,5445.273316370541,5545.669921875,209954
2025-07-30,5576.484287963911,5576.484287963911,5437.320687194758,5520.81884765625,331867
2025-07-31,5477.08154296875,5541.1961998692,5456.704016356978,5477.08154296875,255793
2025-08-01,5505.908370613399,5505.908370613399,5328.474782573231,5355.3134765625,382061
2025-08-04,5278.276774208395,5331.954165132548,4984.542162762335,5062.076171875,1957165
2025-08-05,5039.710592514506,5068.537339493386,4989.51229174094,5053.626953125,614211
2025-08-06,5093.388012019938,5093.388012019938,4994.48244855468,5066.54931640625,385429
2025-08-07,5062.07622844446,5109.292452470207,4987.027282887748,5087.9208984375,355953
2025-08-08,5122.549040763609,5122.549040763609,4985.111154572226,5001.5439453125,348746
2025-08-11,5036.401650462218,5101.634853567868,4982.123641771256,5026.4423828125,429040
2025-08-12,5058.809698797431,5068.768965848908,4996.564279725704,5050.84228515625,273262
2025-08-13,5076.736527584099,5081.218197887999,5017.976850266304,5066.279296875,231709
2025-08-14,5079.226593563619,5084.704190870403,5003.038194660165,5009.51171875,237754
2025-08-18,5069.267110925869,5069.267110925869,4983.119447842354,5016.98095703125,307068
2025-08-19,5017.479130119438,5061.299908548429,4987.103363253888,5047.35693359375,204663
2025-08-20,5063.2914200551595,5119.561279463719,5049.348446042419,5100.638671875,312054
2025-08-21,5129.022505857665,5173.839207365159,5091.177291251337,5120.55712890625,377717
2025-08-22,5148.941111526023,5148.941111526023,5030.425832556662,5042.376953125,219900
2025-08-25,5079.226157744952,5092.671168162512,5024.450189377114,5079.72412109375,246352
2025-08-26,5079.724192167743,5088.687532571529,4990.58875148565,5001.5439453125,482397
2025-08-28,5001.544261589466,5018.972980143391,4932.825314148273,4980.1318359375,335387
2025-08-29,4982.621402210129,5039.887188863554,4919.380055210261,4978.6376953125,251338
2025-09-01,5021.4626024494055,5119.561385936368,4997.162087351714,5106.5146484375,242505
2025-09-02,5106.514899847803,5153.423148676997,5076.238822844072,5127.23046875,306762
2025-09-03,5129.022624369662,5188.678537829589,5127.230150784879,5167.26611328125,213167
2025-09-04,5198.737713287307,5200.530186947356,5124.04320591249,5141.7705078125,350954
2025-09-05,5141.770150511685,5164.079297531263,5049.348347659234,5096.55517578125,259197
2025-09-08,5119.063258533572,5166.170397115594,5076.836063542657,5087.4921875,101582
2025-09-09,5090.1813231443075,5129.022464134843,5070.262789303007,5110.99609375,150868
2025-09-10,5108.904678562003,5173.839295030039,5100.140717968975,5140.8740234375,184147
2025-09-11,5160.593580192115,5215.668132230913,5136.093686093304,5196.84521484375,178386
2025-09-12,5202.721296312921,5243.554292704351,5179.81498126407,5227.22119140625,196396
2025-09-15,5227.221406947586,5361.372452750777,5219.851646016886,5317.0537109375,435154
2025-09-16,5348.126374745863,5354.998171711931,5294.943986266634,5327.2119140625,154462
2025-09-17,5353.70365586047,5393.7396173509005,5309.9825710699315,5363.86181640625,196332
2025-09-18,5388.063504126819,5449.013930545211,5374.02083944134,5413.85791015625,293576
2025-09-19,5436.5646042382405,5442.440960941322,5395.930988432542,5414.75390625,272034
2025-09-22,5407.882035841892,5433.0787870904815,5319.24455864301,5340.95556640625,155891
2025-09-23,5338.366681728482,5353.504476331493,5263.4727967077715,5277.1171875,167342
2025-09-24,5276.419743072667,5328.008552461198,5202.322892636797,5215.966796875,137979
2025-09-25,5215.668549175602,5243.554499027981,5162.884429812167,5179.5166015625,308529
2025-09-26,5179.71513298473,5188.778163311554,5100.14068604961,5152.3271484375,348241
2025-09-29,5152.327132574638,5224.631508815184,5146.052988832798,5186.5869140625,228230
2025-09-30,5179.815109993991,5211.2864930582355,5154.020704012925,5162.18701171875,215173
2025-10-01,5163.880267501863,5186.786583056838,5122.051343444953,5177.8232421875,94280
2025-10-03,5168.859754245744,5187.284398841803,5127.528794746476,5162.38623046875,291382
2025-10-06,5169.357620771473,5223.137663449763,5154.916683385636,5196.74560546875,156474
2025-10-07,5211.68475741136,5321.236701480775,5188.280478451076,5198.23974609375,382453
2025-10-08,5215.170440861271,5215.170440861271,5080.222365861424,5107.6103515625,399870
2025-10-09,5099.145050034004,5140.973974272564,5054.32834549269,5125.537109375,212517
2025-10-10,5130.01854131767,5188.7782178732405,5126.532797793187,5164.8759765625,180079
2025-10-13,5138.981798658329,5154.418662588408,5080.222123053515,5126.53271484375,284296
2025-10-14,5148.443309922157,5148.443309922157,5060.80175633416,5098.64697265625,299352
2025-10-15,5098.646716269662,5206.704762702958,5076.736328974432,5152.4267578125,218559
2025-10-16,5168.859631881655,5238.57450167582,5056.817876855319,5190.77001953125,542569
2025-10-17,5187.284559133282,5205.709204298678,5154.916939248126,5180.81103515625,145812
2025-10-20,5206.7051742598915,5252.019842475046,5182.304968297885,5210.19091796875,141485
2025-10-21,5226.623664122138,5240.566638835878,5198.7377146946565,5218.65625,26961
2025-10-23,5222.639954043231,5257.995354189786,5143.9617396325875,5160.39453125,333500
2025-10-24,5176.827239100801,5188.778360083719,5130.516645291992,5159.896484375,245669
2025-10-27,5176.826994439672,5218.655915903017,5150.932900200459,5216.6640625,72330
2025-10-28,5238.5747565150705,5253.513657911977,5120.557435479513,5154.4189453125,236636
2025-10-29,5154.418857654522,5278.411737140173,5154.418857654522,5267.45654296875,193168
2025-10-30,5275.9217143361375,5284.387091319971,5215.668148745323,5257.4970703125,121312
2025-10-31,5262.477106905531,5273.930264878547,5183.300927874686,5198.73779296875,146857
2025-11-03,5193.7578249485705,5257.497134784948,5183.798557786637,5234.5908203125,79178
2025-11-04,5241.562255859375,5249.031706157483,5204.2150043688325,5222.6396484375,101847
2025-11-06,5236.582880792129,5258.991232792476,5150.933179813026,5206.705078125,302941
2025-11-07,5078.230360902771,5130.018550502094,4942.28636320455,4996.06640625,1147124
2025-11-10,4943.780553964469,4988.597259228046,4901.4536656599785,4971.66650390625,207748
2025-11-11,5001.046040503462,5006.025674119417,4920.873939286589,4958.22119140625,202095
2025-11-12,4973.658232477406,4979.633793029041,4890.996311513124,4903.943359375,322415
2025-11-13,4912.906816895227,4938.800913234022,4876.057525951557,4892.98828125,308690
2025-11-14,4892.988042458039,4942.784379140901,4879.045068186838,4932.3271484375,120184
2025-11-17,4934.817177582317,5039.389489115342,4905.935301063671,5020.96484375,201519
2025-11-18,5020.96452226574,5074.2466013971925,4978.13967361803,5059.8056640625,185933
2025-11-19,5060.801520108003,5078.2302373375405,5016.482782010039,5062.29541015625,241340
2025-11-20,5062.29584208641,5150.9333258451525,5062.29584208641,5126.03515625,315841
2025-11-21,5109.10400390625,5111.095857319079,5047.85451146176,5071.2587890625,195539
2025-11-24,5071.25880200094,5079.226215672583,5004.03374914645,5036.4013671875,453211
2025-11-25,5021.960730169455,5071.259105210285,5014.491279405693,5049.8466796875,179842
2025-11-26,5049.846408748948,5185.292441998106,5037.397324810606,5176.3291015625,157689
2025-11-27,5213.676699578404,5243.0565396237835,5167.3661042526355,5219.154296875,123457
2025-11-28,5238.57467164855,5239.07263502038,5148.941264719203,5153.9208984375,82669
2025-12-01,5196.745728491726,5198.239618601488,5127.528820072758,5168.36181640625,68252
2025-12-02,5149.937062968026,5200.231362267947,5139.977795779923,5161.88818359375,149427
2025-12-03,5161.888184549852,5161.888184549852,5067.7731096048465,5086.19775390625,81229
2025-12-04,5079.226462436563,5160.892456538485,5074.246828649861,5151.43115234375,90233
2025-12-05,5151.430831117263,5172.843255064874,5119.561176869654,5152.4267578125,99564
2025-12-08,5150.435060766034,5172.843412089101,5028.434036896008,5036.8994140625,130551
2025-12-09,5030.426060458703,5107.112420913132,4960.711187318314,5096.1572265625,113585
2025-12-10,5088.687761294916,5170.851718689344,5077.234603597511,5131.0146484375,118196
2025-12-11,5133.006478563126,5236.084897370127,5126.034991300817,5221.14599609375,197330
2025-12-12,5248.534050725003,5277.415926905463,5208.696980131264,5256.50146484375,200377
2025-12-15,5266.4604363765375,5276.419703464995,5179.316849352531,5263.47265625,191017
2025-12-16,5258.493165180274,5258.493165180274,5205.709048181306,5220.64794921875,71299
2025-12-17,5216.664101215009,5241.064305583044,5131.014404249661,5149.93701171875,85858
2025-12-18,5163.879913943722,5163.879913943722,5054.825940833435,5076.736328125,362593
2025-12-19,5085.201800972149,5170.353535007229,5079.226240688985,5155.91259765625,351488
2025-12-22,5159.398521000711,5211.6846753009795,5148.941290140659,5159.896484375,67499
2025-12-23,5163.880126390157,5193.757928471488,5130.018617364648,5182.802734375,64953
2025-12-24,5191.267995715484,5244.550074904123,5180.810765220518,5193.7578125,103441
2025-12-26,5193.7578385956795,5223.137676800583,5143.46353929576,5161.88818359375,54254
2025-12-29,5197.243504441327,5197.243504441327,5134.002158741983,5143.96142578125,53679
2025-12-30,5134.002126448927,5147.945100216199,5079.226158077503,5117.5693359375,107504
2025-12-31,5129.022870829303,5186.288660163806,5120.557493275507,5148.94140625,106827
2026-01-01,5161.888074316473,5174.3371580380535,5125.038786500591,5155.41455078125,37884
2026-01-02,5135.496462575641,5198.737813370473,5135.496462575641,5184.296875,63490
2026-01-05,5208.696759063317,5228.117330153515,5110.100013528466,5147.447265625,101498
2026-01-06,5147.447341000409,5233.0970403959855,5139.479927103147,5203.21923828125,122892
2026-01-07,5193.758165971763,5285.8813932684825,5160.394618788628,5277.416015625,123203
2026-01-08,5290.363031517626,5346.134930946276,4963.201085762064,5000.54833984375,681840
2026-01-09,5029.430033026335,5117.0715860770915,4963.200904868661,5072.2548828125,329338
2026-01-12,5054.328009216986,5054.825972567647,4930.833098252866,5027.43798828125,172796
2026-01-13,5029.429815125667,5060.801506051698,4902.947124725477,4945.77197265625,113004
2026-01-14,4940.294569243921,4971.666261398176,4904.939170149442,4914.8984375,107017
2026-01-15,4914.8984375,4914.8984375,4914.8984375,4914.8984375,0
2026-01-16,4914.898250605279,4939.79641803489,4832.236334738969,4852.65283203125,186282
2026-01-19,4857.632761719954,4921.870037605333,4819.289581540309,4845.681640625,238177
2026-01-20,4835.224152993612,4835.224152993612,4653.9654926754165,4672.39013671875,413609
2026-01-21,4673.386293999768,4732.145972496515,4618.610322519749,4688.3251953125,349292
2026-01-22,4705.753630356462,4787.4196192854,4699.7780701909305,4736.12939453125,145026
2026-01-23,4740.61112904729,4755.550029664036,4649.483835285141,4675.3779296875,114255
2026-01-27,4675.378147508132,4757.54210472816,4630.561443569935,4688.3251953125,178884
2026-01-28,4739.615383758954,5054.328235464738,4730.652043045814,5022.95654296875,419235
2026-01-29,5029.43017560285,5524.9037424072885,4963.201045567684,5451.703125,2492153
2026-01-30,5417.841489647755,5582.667365849355,5378.004419870933,5555.77734375,634906
2026-02-02,5467.63792784439,5514.44648569661,5346.632826162588,5445.7275390625,156864
2026-02-03,5618.520622937822,5745.501280462341,5585.157077627458,5645.41064453125,646658
2026-02-04,5637.9414768407905,5843.102392620547,5559.761224953844,5731.55859375,509746
2026-02-05,5726.578536273289,5816.70990280072,5639.932913202719,5746.4970703125,205411
2026-02-06,5745.50150069246,5821.19193474561,5703.174613228526,5792.31005859375,304093
2026-02-09,5821.191850829007,5826.171484576509,5724.586956127483,5791.81201171875,137449
2026-02-10,5826.171309359029,5860.03281782368,5782.350533698893,5846.08984375,155125
2026-02-11,5827.167126966704,5837.1263939757055,5757.452257903694,5801.77099609375,91365
2026-02-12,5795.297640256544,5840.612306458927,5736.537963202903,5764.921875,169801
2026-02-13,5764.922003859622,5831.151132866561,5703.174545236611,5756.95458984375,152957
2026-02-16,5757.452441174051,5889.910696610161,5719.109261968862,5864.0166015625,188248
2026-02-17,5898.376179538907,5915.804897671779,5782.350713111507,5812.228515625,116120
2026-02-18,5812.228303260223,5884.930953386678,5747.991030203286,5857.54296875,178419
2026-02-19,5861.029004392867,5883.935319958038,5671.802919289274,5696.203125,136031
2026-02-20,5701.6804802332135,6220.558302102472,5696.202883265304,5962.61328125,4034978
2026-02-23,6065.19384703739,6065.19384703739,5751.476923914765,5893.396484375,831004
2026-02-24,5857.5432981544,6050.25512816254,5857.5432981544,6031.33251953125,782563
2026-02-25,6076.148804057306,6154.827013452574,6021.870798841584,6142.3779296875,363747
2026-02-26,6144.867843212436,6180.223241662038,6085.61020355747,6108.0185546875,283878
2026-02-27,6103.039155123086,6103.039155123086,6014.40167392107,6048.26318359375,602254
2026-03-02,5816.212354274611,6048.263292381801,5811.23272040965,5958.6298828125,275442
2026-03-04,5875.967886410899,5887.421044155599,5769.901686427381,5806.7509765625,275613
2026-03-05,5820.19583693498,5976.058370898075,5809.738606221802,5904.849609375,268401
2026-03-06,5875.967968041178,6093.080004826429,5845.094238039606,6037.30810546875,377080
2026-03-09,5957.633872557982,5975.560554220644,5829.159320642238,5958.1318359375,249926
2026-03-10,6007.928061922331,6224.542127975892,6007.430098552093,6199.14599609375,474110
2026-03-11,6204.623584917396,6299.236625136843,6155.823174698945,6254.419921875,599883
2026-03-12,6216.574764247543,6403.311029594613,6120.965796389843,6382.89453125,596298
2026-03-13,6413.2704725233425,6527.304088348162,6313.677794947082,6366.4619140625,1070957
2026-03-16,6373.93102685751,6390.861781147601,6137.39843015772,6192.67236328125,371084
2026-03-17,6212.093244038334,6311.685921297465,6151.341710910263,6284.7958984375,297126
2026-03-18,6294.754792745316,6389.367830528847,6254.917724204882,6311.685546875,280678
2026-03-19,6235.497523155249,6296.24905628294,6153.333564416979,6188.68896484375,212355
2026-03-20,6224.542029872856,6354.012504094211,6224.542029872856,6271.3505859375,274862
2026-03-23,6238.485308646445,6238.485308646445,5950.6624711306695,6016.8916015625,274731
2026-03-24,6174.745605627231,6219.064344248266,6020.376965486551,6136.900390625,280421
2026-03-25,6174.745740065393,6264.379145969568,6160.304802447497,6187.19482421875,231844
2026-03-27,6164.786586302212,6164.786586302212,5962.613455927519,6080.1328125,425645
2026-03-30,5970.580909637192,6075.153219147101,5886.923062029265,5917.298828125,342351
2026-04-01,6154.827137323726,6163.29251445435,5987.51144815376,6038.3037109375,339497
2026-04-02,5996.972763454049,6132.916761164167,5892.400457523188,6116.98193359375,275527
2026-04-06,6124.949646365645,6222.052506612906,6063.202186516105,6168.2724609375,259645
2026-04-07,6149.847728530268,6254.420038084224,6056.728576689365,6243.46484375,253657
2026-04-08,6372.935432707183,6557.679849454672,6344.053556234529,6538.25927734375,626418
2026-04-09,6548.218426792362,6614.945519506445,6457.091128533579,6587.0595703125,591302
2026-04-10,6614.945501277881,6877.37220100488,6585.565662029508,6831.5595703125,798909
2026-04-13,6697.6071322742,6850.481882430941,6660.757843962802,6800.685546875,320237
2026-04-15,6861.935148889904,6964.51560176881,6816.12251944884,6845.00439453125,499662
2026-04-16,6845.502646373007,6878.866193132809,6705.076971951156,6855.4619140625,548523
2026-04-17,6851.9761362828085,7054.149269373711,6805.66554175706,7000.8671875,558816
2026-04-20,7025.765330312238,7289.685921783319,6965.013797935876,7128.84375,559841
2026-04-21,7170.672273432116,7270.264943896451,7154.737446157822,7225.4482421875,260767
2026-04-22,7223.456659584755,7790.636939142663,7131.831399322546,7556.09619140625,1729200
2026-04-23,7556.096223988412,7618.839609003738,7502.8141430627,7544.64306640625,376857
2026-04-24,7544.642824214486,7563.067468429121,7274.248721280787,7298.64892578125,343502
2026-04-27,7300.640727709588,7444.55213691142,7252.83624576019,7400.2333984375,267337
2026-04-28,7418.658167415079,7459.491163100945,7221.962639416089,7258.31396484375,296110
2026-04-29,7310.1021354381755,7342.967717246003,7182.6235150926595,7234.90966796875,361430
2026-04-30,7250.0,7305.0,7102.0,7230.0,327820
2026-05-04,7269.0,7363.0,7185.0,7236.5,364239
