time,open,high,low,close,volume
2015-01-01,301.2534971302684,304.5587862837353,298.65648422397294,301.77288818359375,1456204
2015-01-02,301.58404541015625,307.67520411862415,300.3563492344595,301.58404541015625,2894058
2015-01-05,302.6228575033178,309.2806430236795,301.5840465261413,305.7864685058594,2099786
2015-01-06,303.75606109915907,313.01088782758546,298.04264435250246,303.9449462890625,3672197
2015-01-07,304.0393520308211,310.41383734964234,299.74245944993976,303.23663330078125,2981544
2015-01-08,307.8640777761784,318.53542845336983,305.5503638232396,315.93841552734375,2932673
2015-01-09,320.99079254326824,324.012782754883,309.13898142114084,312.7275695800781,3543488
2015-01-12,313.6719101442904,317.07164162636525,307.4390738971251,310.1777648925781,2990475
2015-01-13,311.83047014950046,312.8692523767428,302.9061768711905,305.031005859375,2688701
2015-01-14,305.9753508254717,315.3245918922829,304.7004477663985,312.822021484375,2272652
2015-01-15,315.4190068014689,318.535410610197,308.10015260173424,312.2081604003906,2140699
2015-01-16,311.45260999977717,315.98559449401864,307.86402249252,312.4442138671875,1970666
2015-01-19,313.5774581350302,316.17447075834946,308.43066859162354,310.08331298828125,1362398
2015-01-20,310.69718649167334,314.1441251979028,308.66680030744243,312.1137390136719,1091657
2015-01-21,311.9720476646419,314.9468017977156,308.0529253102857,311.0276794433594,1514648
2015-01-22,310.7443250061036,313.199687934599,308.8083818466174,311.0748596191406,1376133
2015-01-23,313.5302089279709,333.125846985969,311.73591530349313,327.6012878417969,7519790
2015-01-27,328.6401552625471,330.0095007707406,321.9351348366149,325.9486999511719,2928237
2015-01-28,324.29604500504973,330.5288810982982,315.3245468038102,320.3769226074219,3391819
2015-01-29,321.6990445598444,329.01789863296796,318.865939757345,325.00433349609375,4034959
2015-01-30,327.129189157149,332.4176576565613,305.5031598065272,322.0768127441406,4373172
2015-02-02,320.61301879543055,324.76823330451253,314.47462521024556,317.2132873535156,1735161
2015-02-03,317.59106531994826,318.20492780475206,307.9112897098061,309.5639343261719,1537152
2015-02-04,311.1221269636998,314.4746226744893,301.48955942591806,303.3782958984375,2792395
2015-02-05,304.0866161559387,304.74768554508154,291.2904362276215,294.8318176269531,2167857
2015-02-06,293.7930305051629,296.48448635113755,281.98842488232475,283.4994201660156,3265593
2015-02-09,280.19403465784626,290.77094038264994,276.2276769986523,283.45208740234375,3103409
2015-02-10,281.5161772668953,301.9145369539185,281.5161772668953,300.1674499511719,3921257
2015-02-11,302.1034612143945,310.602777259425,301.25353537385905,307.95855712890625,2148555
2015-02-12,309.46948745880275,319.196468918627,308.61953297682254,317.8743591308594,3539194
2015-02-13,318.9131799149806,325.19322321756385,313.1052919329067,316.69390869140625,2180303
2015-02-16,316.45784546031143,322.69068244479735,311.3110263336155,312.822021484375,2205960
2015-02-18,313.813550199037,317.11883899242974,311.6415148055972,315.2301025390625,1227170
2015-02-19,316.5050109382029,322.029570924779,305.6920118456774,315.27734375,2643121
2015-02-20,316.41055974257847,319.2436643950528,308.2417804252436,310.6971435546875,1302901
2015-02-23,312.58592722529437,313.9080371656035,303.3311288232953,305.4087219238281,1737238
2015-02-24,305.73920556542714,318.1576416645819,301.48954865409297,315.4661865234375,2330482
2015-02-25,317.3077419615196,318.67708749494136,308.6667779667126,309.9416809082031,1467120
2015-02-26,309.8472783707056,314.0024935743386,304.5588095570653,309.0917663574219,1775811
2015-02-27,311.07487792990804,330.1983338946954,309.5638830526749,326.98748779296875,3025639
2015-03-02,315.8911373296533,316.9299480295311,307.48626679396597,311.9720153808594,2592113
2015-03-03,314.0024380966026,320.1880385071144,313.5302539791641,317.8271179199219,2016305
2015-03-04,320.99074594832746,324.2015920696859,311.7359491009125,313.5302429199219,1846535
2015-03-05,314.28572801641803,316.74109112057437,308.9972891087958,314.5218200683594,1770268
2015-03-09,313.105278173089,317.21328577750006,305.503125375601,306.919677734375,1825760
2015-03-10,306.96691783369664,309.65837337056206,297.19272855640673,299.8841552734375,1215285
2015-03-11,301.1590378301675,301.1590378301675,285.3881048930861,290.6765441894531,4828130
2015-03-12,289.4960303495636,294.64284803711723,287.0879032156527,292.9902038574219,3431277
2015-03-13,295.4928426595823,298.7036891955198,288.03233866788906,289.2127990722656,4356123
2015-03-16,289.6377971419885,297.23995116408054,286.1908294578467,295.87060546875,1629195
2015-03-17,297.7593227829554,303.0005843039249,293.0374811351455,301.77288818359375,5158959
2015-03-18,302.24508743951816,303.09504203442975,295.4928593099772,299.03424072265625,3069180
2015-03-19,298.56202527208916,304.7004190779862,293.2263502663144,295.4928283691406,1470026
2015-03-20,295.49286040166913,299.08147753834345,289.4489085323347,291.0071105957031,2049167
2015-03-23,291.14871034449806,293.9346081180472,285.71859308609237,286.9462890625,1387396
2015-03-24,287.08798572361684,291.80982759407107,282.36614385316267,290.0155334472656,2447607
2015-03-25,292.8957690131082,297.94814425976716,291.99863658377916,297.2398681640625,2456872
2015-03-26,296.10667623552126,298.0426485901392,286.1436019528841,287.27685546875,3406327
2015-03-27,290.6765685021633,290.6765685021633,278.9664066495832,288.0323486328125,3371344
2015-03-30,288.9766990295103,292.75417221943854,286.14359413706416,291.38482666015625,3039118
2015-03-31,293.69854099841393,297.900991457032,288.07953809125047,291.0543212890625,2590770
2015-04-01,291.2904461739965,294.69014937757225,289.0711746573359,293.6513671875,1026200
2015-04-06,296.29553412648954,305.8336590766791,294.12349871102475,303.3782958984375,2039045
2015-04-07,305.0309337446313,307.4862968700093,299.0341898095245,305.880859375,1913068
2015-04-08,306.25863265392815,306.9197020015573,300.3091238046007,301.3951416015625,1317175
2015-04-09,301.9145871158387,302.71727719493913,294.6429389534755,299.08148193359375,1503986
2015-04-10,299.2703098496399,305.8336810920402,296.05946337919113,302.00897216796875,2127407
2015-04-13,302.6700218014339,313.1997219441321,301.77286044288854,312.3970031738281,2405161
2015-04-15,312.11374039551157,315.04128805123673,306.2114381943861,307.62799072265625,1576904
2015-04-16,309.75279326693703,313.9080079004538,303.8976984516412,309.2806091308594,1676768
2015-04-17,309.37505273881646,313.53026738598953,303.1422163581405,304.79486083984375,1471127
2015-04-20,306.4474990577028,306.87247630081583,291.1487217832838,296.0594482421875,2002115
2015-04-21,296.4844503539004,302.81170090762475,292.99027598584536,296.9566345214844,1679188
2015-04-22,298.7980984300653,300.54518539744157,287.79621445363813,296.2483215332031,2317579
2015-04-23,297.47600093296046,302.0561927430375,295.77614959841924,300.875732421875,1069160
2015-04-24,301.25351096886516,301.25351096886516,295.54009384049334,298.7037048339844,1316393
2015-04-27,299.1286709118965,305.45595030126583,287.60736566612485,288.92950439453125,2330507
2015-04-28,289.92103155593287,293.509619115664,281.89390201773926,289.07110595703125,2539436
2015-04-29,290.8654258233625,297.853745225282,288.74059722562686,295.44561767578125,1566799
2015-04-30,295.63449773728206,302.103426639619,291.52651850819944,299.8841552734375,2916537
2015-05-04,307.43913525000823,333.36206055172477,303.1894772543064,327.8847351074219,6375610
2015-05-05,330.1511760377987,332.13435530741503,319.14929068709125,323.6350402832031,4219216
2015-05-06,321.4158068383853,325.0988380192987,310.74442609080194,312.77484130859375,2247751
2015-05-07,313.8135388445091,313.8135388445091,297.85372215498654,304.842041015625,1709602
2015-05-08,308.0529822652113,321.79353089738527,308.0529822652113,316.4578552246094,2097977
2015-05-11,318.818693787468,325.80701234629225,318.29927401212007,324.90985107421875,2266220
2015-05-12,324.29601972463666,324.29601972463666,314.6162461041994,316.2688903808594,1550748
2015-05-13,317.7327499052148,324.86271957730577,315.9384269447043,321.5102233886719,3022877
2015-05-14,319.5742171686927,321.08521216638337,312.34980565891556,315.3717956542969,3075816
2015-05-15,317.16607160847013,319.81029108951384,308.85561400264686,310.6971435546875,1663198
2015-05-18,312.39703835263515,321.60462975630975,311.16937102674586,320.4714050292969,1370344
2015-05-19,319.47981521735267,325.7126523632853,316.6939457551941,320.943603515625,1685421
2015-05-20,321.84065626662374,325.2876230943476,319.71582791410685,323.9654846191406,1660453
2015-05-21,324.86272914571543,331.47330793647126,324.4377518383751,329.0179443359375,2609479
2015-05-22,329.2547588720107,336.1231147507744,328.5442392983455,330.5810852050781,2369700
2015-05-25,329.3494747692511,331.8599712837677,322.43376302569766,324.8495178222656,1420555
2015-05-26,324.9916339159648,331.8126332298903,324.94427750992827,327.0758361816406,1576396
2015-05-27,324.9442374770094,326.7442143513653,318.407464137974,321.06005859375,2585896
2015-05-28,322.0074465278754,322.67060965636057,303.676036796843,315.4706726074219,3394601
2015-05-29,315.56538042659605,317.08116104949966,305.57072272418617,306.80230712890625,3711024
2015-06-01,308.6496503863883,308.6496503863883,292.0235061275146,295.1497802734375,3889157
2015-06-02,301.3550066622619,304.1023429188704,290.08143649204027,292.8761291503906,7395219
2015-06-03,294.6287607717554,295.3866366948259,272.83949550567706,281.6025695800781,24022178
2015-06-04,285.1551900180065,299.6971631317127,285.1551900180065,294.8182678222656,6343813
2015-06-05,294.62882859355034,299.03404484656755,292.4499131298145,294.91302490234375,2533852
2015-06-08,295.3392846736104,297.3761015443091,282.54993313201055,286.24462890625,2647500
2015-06-09,287.4762639748435,294.96039855855196,285.3447050098628,290.4130554199219,2724447
2015-06-10,290.83933526973755,297.70769090721507,289.93933227693265,296.47613525390625,2282770
2015-06-11,303.15501104149547,303.43920729990094,286.623577781193,288.2341003417969,3718393
2015-06-12,287.0498835530149,296.57083347275386,284.2078054980346,295.62347412109375,2854243
2015-06-15,293.77614508057724,300.3129189215685,291.88142634921087,293.728759765625,3154460
2015-06-16,293.6813902607616,298.41818687787065,287.28671482766435,296.71295166015625,4130581
2015-06-17,295.5760823829381,298.41816009815864,292.1655833424515,294.62872314453125,4251580
2015-06-18,295.8602785900163,297.18660465267357,293.06558618338187,294.62872314453125,2616024
2015-06-19,295.52880232898224,296.76035809261333,287.0499233904608,288.5657043457031,3438440
2015-06-22,289.8919637466267,297.94451829514406,288.091986747416,294.6761169433594,3121416
2015-06-23,294.67610621129916,301.63920302599774,294.67610621129916,299.41290283203125,2683470
2015-06-24,300.21815834367993,301.26025936269144,293.44454508677256,295.1497802734375,2241106
2015-06-25,294.4392890239953,299.79189274595205,291.8814359987566,296.09716796875,5190167
2015-06-26,294.62878437076427,298.74980369643697,292.7340655002127,294.8182678222656,2127770
2015-06-29,290.46039505973994,291.31301272940806,285.0130785615478,290.50775146484375,1890624
2015-06-30,288.94461906895714,293.1129946765815,288.94461906895714,291.69195556640625,2632153
2015-07-01,292.5446259586657,296.2393514396994,290.36571049492983,294.91302490234375,2854143
2015-07-02,296.00243239399384,302.20762440270806,295.481367419046,299.41290283203125,8669541
2015-07-03,303.1076399841884,308.6023127292742,302.20763702421635,303.9128723144531,5189498
2015-07-06,300.2655492539391,304.19708466563185,299.6023861628098,303.2497253417969,2853145
2015-07-07,304.86024266288723,317.0812020240118,304.67078812998636,315.5180358886719,7877450
2015-07-08,312.0602084794458,312.0602084794458,302.11293389004834,303.77081298828125,6546522
2015-07-09,306.3760176170085,306.3760176170085,296.144547880552,298.560302734375,3521086
2015-07-10,301.97082162057285,304.62341648918573,298.6077071716763,300.4076843261719,2531442
2015-07-13,302.2076360413174,305.04971412321066,297.0919012761322,304.4812927246094,1890469
2015-07-14,305.3339381840469,305.76026149961586,297.47086633889813,299.2708435058594,1960113
2015-07-15,299.27082755628186,303.86552641128645,298.5129516035677,302.82342529296875,2112588
2015-07-16,307.891795439055,311.6812329213818,305.76023685524615,309.6917724609375,3075862
2015-07-17,312.34439045432447,313.29174980794863,303.2497348773101,311.9654235839844,2556255
2015-07-20,310.73385385235247,313.1022521286661,308.4601972893137,311.4917297363281,1847655
2015-07-21,313.102242448519,313.81276190944607,304.1023292767764,305.66546630859375,1927178
2015-07-22,305.4286911613918,308.2707696068969,303.15503418721113,307.41815185546875,1703725
2015-07-23,308.554957102059,315.8022504704742,307.8917939813461,313.90753173828125,3000343
2015-07-24,313.00756809853567,313.00756809853567,305.0497542058245,306.8497314453125,2337434
2015-07-27,305.23923872856057,305.71291847276314,296.28667999868577,297.42352294921875,2359169
2015-07-28,297.3760929430394,300.40765441484626,295.76559940142124,296.9497985839844,2415757
2015-07-29,298.1340637207031,299.64981588081315,296.9972206895014,298.1340637207031,2000338
2015-07-30,299.3655273405765,303.1076079967778,298.51290978543614,301.5918273925781,3092912
2015-07-31,302.96556460742767,309.31288499098554,300.7866492638221,307.891845703125,3265863
2015-08-03,308.83917762927797,314.4285925464804,306.94445874811674,313.2917785644531,2834386
2015-08-04,314.76013203408144,322.3863629463089,312.24963563454213,321.2969055175781,4458398
2015-08-05,323.9968998415528,325.89161855407656,319.78113914174236,321.9600830078125,2486133
2015-08-06,323.0495704040307,330.06002450740823,317.6496100087839,328.49688720703125,2426994
2015-08-07,327.7389960934577,329.3968750439585,320.20747729673656,321.6758728027344,1883328
2015-08-10,321.24961121259486,326.128506839886,319.26015048668575,320.7285461425781,4031354
2015-08-11,322.4811282650024,322.4811282650024,311.6338806738308,314.3338317871094,3016995
2015-08-12,314.3338317871094,314.3338317871094,314.3338317871094,314.3338317871094,0
2015-08-13,310.7338876402445,320.20748177561785,310.7338876402445,317.0812072753906,4693354
2015-08-14,322.1021749489905,346.54403430714535,322.1021749489905,344.6019592285156,13845397
2015-08-17,344.838802620679,345.78616196853807,337.82834922874497,339.4388427734375,3561590
2015-08-18,342.6125153038318,353.17556664896836,342.6125153038318,344.3177795410156,4140901
2015-08-19,341.04941058909026,348.81776983917734,336.3599696290436,346.2598876953125,2272302
2015-08-20,347.63354009546333,355.07028818599827,339.67569808209026,349.1492919921875,5891117
2015-08-21,341.57046972716046,347.8230484577259,337.591577015796,345.8335876464844,4288543
2015-08-24,330.2020960272535,331.2915824289329,308.2707324485586,316.9864501953125,6795047
2015-08-25,320.20744342166495,330.9125919479447,308.5075502836511,326.64947509765625,5152340
2015-08-26,325.89163149856176,336.54942467983744,318.5495961959052,329.5389709472656,4493391
2015-08-27,338.01784572574985,343.7493878386913,329.6337375849731,337.781005859375,14512261
2015-08-28,341.52308892762665,350.00196774839026,338.20733078269825,343.5599060058594,5905591
2015-08-31,345.7861304673856,352.79658322066666,327.028428653051,336.7388610839844,30058587
2015-09-01,326.79158515509806,336.0756942492667,321.15478604792503,324.23370361328125,3654461
2015-09-02,325.8916137455081,329.1600150408311,315.423304577721,316.9390563964844,4886043
2015-09-03,319.7337754875507,326.60213066469066,318.4074782010841,321.53375244140625,2448672
2015-09-04,320.2074786995222,324.61269414792883,312.62860346403056,321.4864196777344,2104869
2015-09-07,322.9547731911519,327.31263166706,304.38652549670286,305.66546630859375,2580631
2015-09-08,306.61291395582185,310.11815587105207,295.29198462902,300.8340148925781,4788058
2015-09-09,306.4707851507797,310.354964716985,303.29712517920524,306.9918212890625,2070584
2015-09-10,302.3023684526583,310.73386072047305,298.228705980692,309.02862548828125,2432225
2015-09-11,311.6813126782082,316.4181107432266,303.62875596767697,305.9497985839844,2528750
2015-09-14,307.323375907527,313.76543701341325,305.997078562852,312.58123779296875,2471856
2015-09-15,313.00756500385063,317.2706826447021,309.6918068387439,314.5233459472656,2164523
2015-09-16,319.8758859117914,319.8758859117914,313.67069359471515,316.6075134277344,1854497
2015-09-18,322.1021894138056,332.71262604129413,317.36539251066137,321.8179931640625,11182333
2015-09-21,318.1232825886187,319.54432172271515,314.04964863532155,315.3759460449219,2001172
2015-09-22,317.83908748904605,317.88644389590974,300.4076798292469,302.3023986816406,2640588
2015-09-23,296.28670223434614,299.9340423206539,292.97094377608806,294.4867248535156,3910066
2015-09-24,296.5235327070886,296.8077290014659,284.5394404422047,285.9604797363281,10386968
2015-09-28,288.56566846166993,295.5761219828875,286.81304785358714,291.02880859375,3282892
2015-09-29,287.99723679434896,288.8972397237763,277.57628414718505,281.7446594238281,5666979
2015-09-30,287.00254881528383,287.52358493358395,278.52367041342234,283.2604675292969,5296746
2015-10-01,287.0025725700936,290.9341087194543,282.78681122358637,288.99200439453125,4450444
2015-10-05,293.68144718510035,302.82346064589683,292.78144408895696,301.11822509765625,5465126
2015-10-06,303.01287842670104,304.05497944077865,296.5234614279251,299.1760559082031,3585046
2015-10-07,299.1760815528337,302.6813228339795,295.6708691828018,297.99188232421875,1851446
2015-10-08,297.56557518932806,305.4286461657266,295.7182129074559,303.8655090332031,3186244
2015-10-09,305.99710267414656,307.60762530529905,299.318230109018,301.7813415527344,1322859
2015-10-12,305.04970821104104,307.1812667311492,301.26027084195977,303.8655090332031,1229567
2015-10-13,303.15501307950154,308.1760064191848,302.3023953874384,306.51812744140625,1271687
2015-10-14,305.9971126327162,311.112848052402,304.3865899491499,307.41815185546875,1676790
2015-10-15,308.08125956085905,313.5759320012704,307.8917761341779,311.68121337890625,1970502
2015-10-16,313.05492331360995,313.48121769424387,303.2023624870598,306.2812805175781,1561900
2015-10-19,306.28126339978775,307.60758960615993,298.98661382030446,300.97607421875,1396880
2015-10-20,302.49186679072636,302.49186679072636,292.4498795514241,293.5393371582031,5636626
2015-10-21,292.7340588396755,298.2287318748092,292.7340588396755,297.66033935546875,2184160
2015-10-23,300.5971218425936,301.26028497774496,296.5708444490231,297.6129455566406,1598163
2015-10-26,298.7024292822432,300.31295194545095,295.1972165904332,299.6971740722656,1674155
2015-10-27,299.17614300096426,299.9814044240388,294.01305065041805,294.91302490234375,2983187
2015-10-28,292.7340340990929,294.3919129329875,282.5499212623122,284.8235778808594,6552757
2015-10-29,285.0131013872549,287.38150005440656,282.45521926228446,284.3025817871094,4435704
2015-10-30,285.91304532341064,286.813048286277,278.8552353877244,280.65521240234375,3247944
2015-11-02,277.67108245853245,286.7657396774418,274.8290038845682,279.9920959472656,7004865
2015-11-03,282.64467702240387,285.6288532894741,275.0184166608756,275.8710632324219,3207025
2015-11-04,278.0026025430927,279.66048134429434,272.41315945586604,274.2131652832031,2575040
2015-11-05,273.9763755986493,277.5289736800057,268.10273520635997,269.14483642578125,2305175
2015-11-06,269.523763671351,272.7447800208768,266.49220186525844,270.0447998046875,2510273
2015-11-09,263.3185607031106,268.5763938867114,259.9554174365199,261.5185546875,5642736
2015-11-10,261.47121563943114,262.03963710782716,248.63450629114493,251.61868286132812,5013279
2015-11-13,252.47130420265907,254.79234651868765,247.8292484817192,253.2765655517578,4675141
2015-11-16,252.94498065481682,258.8659773929914,252.56604264579704,257.7765197753906,2383616
2015-11-17,261.28168093198474,261.850102288891,255.36068536235933,256.4975280761719,2545418
2015-11-18,256.16597642145,258.0606952247316,251.71340458040697,253.22915649414062,2005924
2015-11-19,254.03438813698548,257.20804754452695,251.38179368623778,256.4975280761719,2036037
2015-11-20,253.98708767048865,259.1028231870217,253.98708767048865,255.50286865234375,3352666
2015-11-23,259.9554549327683,264.21857291096603,259.00809538205766,261.9449157714844,3246402
2015-11-24,261.9449231397433,262.4186029284228,255.31340609823081,256.02392578125,2730094
2015-11-26,257.20804570326163,258.1554049876199,252.9922853234231,253.8922882080078,5489324
2015-11-27,254.83971582076757,257.3975981388064,253.4660329256877,254.1291961669922,3022945
2015-11-30,254.36596785018693,255.02913091368208,250.33969089166442,253.8922882080078,4828780
2015-12-01,254.8396966975865,255.17127829335686,247.35556268831937,249.3923797607422,5104457
2015-12-02,249.81866855164552,251.80810002902442,246.36078384519277,247.6397247314453,3928835
2015-12-03,246.26608487536527,249.10816304398523,243.32926498556847,245.22398376464844,5427457
2015-12-04,241.57665145564548,244.32398798409452,241.15034260889408,242.0977020263672,3911817
2015-12-07,244.2766404704325,245.2713563305454,241.1029805241391,241.67140197753906,2699537
2015-12-08,241.5766616930491,241.5766616930491,236.8872352689427,237.8345947265625,2741462
2015-12-09,235.8924822572802,238.0714116913303,230.8241038643087,231.1556854248047,4226145
2015-12-10,232.1978253327315,236.31883059266696,229.40310316985904,233.90306091308594,4531790
2015-12-11,234.89778164845376,237.21880949790238,226.18207726888994,228.4557342529297,3975604
2015-12-14,227.17676456189668,242.05030278100793,226.56097233941387,241.1503143310547,4625481
2015-12-15,243.09243256878747,243.85030853913977,237.88195576704896,238.82931518554688,3908369
2015-12-16,240.34507425900148,241.10296466182,235.89248801883372,238.40298461914062,2954754
2015-12-17,239.68192263847158,244.087137964031,238.7345632604539,242.80819702148438,2430145
2015-12-18,242.52403863182738,247.49767614283166,240.20301068447054,246.50296020507812,3384209
2015-12-21,247.78188648541325,248.77663139068724,244.37141512767377,246.8819122314453,1249639
2015-12-22,247.5450074657986,247.5450074657986,242.85559563451258,244.039794921875,1992099
2015-12-23,245.3660766917568,246.5502759035896,242.38190046016084,243.75555419921875,1924064
2015-12-24,243.66085580999095,247.54500632575943,241.05560293423406,244.5134735107422,1660435
2015-12-28,245.36614256414748,249.15558105934667,243.56616506115213,248.20822143554688,2392484
2015-12-29,249.43976533010257,252.37658580421075,247.92401313415508,249.67660522460938,1721015
2015-12-30,250.48182542170036,251.05024685718496,247.30816557543366,247.97132873535156,1410867
2015-12-31,248.68182686952923,249.1081501371792,245.55555261047164,247.16604614257812,2727837
2016-01-01,247.26081072850042,254.17652298902766,246.4081930254528,253.46600341796875,1347893
2016-01-04,250.52920449847034,252.47127970095497,243.47136541517983,244.37136840820312,2536252
2016-01-05,245.55556417340318,246.59763636808393,240.86612365288372,242.2397918701172,2815055
2016-01-06,239.68193339399278,243.7555673378241,237.36090570480673,238.54510498046875,2029467
2016-01-07,232.7188357020025,234.4714564109335,228.7872998918806,232.10305786132812,4244402
2016-01-08,232.38729195920683,234.23464012265183,226.75050573513246,228.6925811767578,4219352
2016-01-11,224.52418434911795,226.13469248498322,220.26106692476762,221.72947692871094,2995719
2016-01-12,221.87158285755882,227.83995035249893,221.7768555848012,224.7610321044922,3544439
2016-01-13,226.18204825979873,227.17677848357096,211.07166928810886,218.08212280273438,4137056
2016-01-14,215.05058127746605,220.68736675023536,212.87165179191337,215.8084716796875,2802513
2016-01-15,216.47161833772955,217.3716068576503,205.1033057773236,206.7611846923828,3286291
2016-01-18,199.98757618017257,214.00848380989842,198.756006062546,207.75592041015625,4116330
2016-01-19,211.0716715046907,221.58735188706004,207.1874922874784,220.59263610839844,3713322
2016-01-20,216.9926738733588,217.2768845850102,204.67700164996123,207.85064697265625,4087126
2016-01-21,212.20851765865226,212.20851765865226,203.77702430175938,209.65065002441406,7664473
2016-01-22,211.26114934084782,213.15586816901686,205.05594228748274,210.0769500732422,5622627
2016-01-25,211.2611332920936,213.91374234113252,206.2874967459793,206.9032745361328,1804218
2016-01-27,208.37171518330072,208.466456913728,203.2086088973015,204.0138702392578,2189628
2016-01-28,204.6296431115163,208.37171008286063,196.24550611847397,199.75074768066406,12022147
2016-01-29,200.22440871605113,205.340143533983,197.61917044745388,201.0770263671875,4589849
2016-02-01,202.02437468987256,210.1242997549505,201.55069503057624,209.46115112304688,3982611
2016-02-02,210.2664388494363,212.16115785588414,200.55600394139117,202.0244140625,2971041
2016-02-03,200.84021398020147,203.208612729968,197.05077598057503,199.1349639892578,3026403
2016-02-04,201.36123697487483,206.5243426500138,200.50860486858198,204.3454132080078,2023624
2016-02-05,204.34543959568774,206.52436931906482,198.09287561991363,199.9875946044922,3022383
2016-02-08,200.31915179285446,205.48225787799075,198.94548348845055,200.8875732421875,2723554
2016-02-09,198.94546389693528,201.55070211463325,197.57179572780586,199.32440185546875,1954496
2016-02-10,198.8033755297883,198.8507319352609,187.9560988540267,192.17185974121094,3393463
2016-02-11,192.3139798922077,194.01922989566418,172.8931100016153,177.01412963867188,3670827
2016-02-12,178.0562056748065,180.66144416140546,160.24584512985473,168.67735290527344,12168356
2016-02-15,174.74043314067418,183.78771802746758,174.31412431471153,181.08773803710938,9208050
2016-02-16,185.20876779817547,193.5929045011855,183.55088880253965,189.803466796875,9113057
2016-02-17,190.46662544611513,203.01913849686767,185.9666679373548,201.3138885498047,6728882
2016-02-18,203.20858098044104,204.44015102900957,194.91918665140207,199.32440185546875,4659211
2016-02-19,197.9033649965979,199.7033564582505,194.91918878766074,198.37704467773438,2019974
2016-02-22,198.04550082935944,200.55599765195004,193.49817246537722,195.06130981445312,2342159
2016-02-23,195.10866938797997,197.66653692733,192.3139619939576,193.45079040527344,2174859
2016-02-24,192.17184970192088,193.02446733368757,188.3824123064129,189.6139678955078,3502611
2016-02-25,190.70345920487875,191.2718661986491,185.16140066838065,188.00347900390625,4868927
2016-02-26,191.2718552119669,193.68762454951312,186.2982184104835,189.56661987304688,2188367
2016-02-29,190.41924473880127,193.26132301848486,185.49297861179454,186.34559631347656,3939877
2016-03-01,187.57717355888514,197.05076818307126,186.0140362281177,196.0086669921875,2152599
2016-03-02,197.9980875604816,210.83480856855212,197.85598945211007,207.28221130371094,4228824
2016-03-03,209.22434211879926,217.37162478571594,206.19278028821265,215.52427673339844,3290989
2016-03-04,216.80319964034823,216.80319964034823,210.5032510974203,213.29795837402344,4768604
2016-03-08,212.2084795146495,219.50314310685448,210.59797162372976,216.23475646972656,3066086
2016-03-09,215.99794451958311,220.4031599742727,209.65063939191737,214.1032257080078,4117976
2016-03-10,216.75582605141312,216.75582605141312,212.39796718117736,214.52952575683594,1543894
2016-03-11,214.52955293490456,220.5926623248946,214.10324405687646,219.02951049804688,2649095
2016-03-14,220.73475752641102,224.9978751610413,217.56109750507403,220.1663360595703,2722628
2016-03-15,220.82945477715433,221.3031344189281,215.24002633089054,216.23475646972656,1913147
2016-03-16,216.94529074919487,217.41897042331973,211.02429482263386,216.51898193359375,2172701
2016-03-17,219.2189842827315,226.8926020767361,218.88741712839726,223.29263305664062,5383866
2016-03-18,224.00313100058608,230.39780705797224,223.33998230056125,229.21360778808594,4606790
2016-03-21,226.37152584553343,232.10305310934504,224.287338055663,231.0135955810547,3240298
2016-03-22,230.29986810113084,231.53701905712626,225.0657801897415,227.96832275390625,3153670
2016-03-23,228.15865585053533,231.44185362488105,225.8746959695286,226.7787628173828,2083410
2016-03-28,228.7772306030286,231.20394712142263,221.44951004481115,224.2568817138672,2756755
2016-03-29,225.01820285469867,230.49020405205007,222.02050365935744,226.35052490234375,2043092
2016-03-30,228.3965404146358,236.48558455432084,227.96829980557055,234.05886840820312,2883662
2016-03-31,235.1532910097339,237.9130768932711,230.77568458647298,235.72427368164062,4192902
2016-04-01,236.00977416865982,236.00977416865982,227.92072948949206,231.15634155273438,1772898
2016-04-04,237.3896678928437,237.3896678928437,229.53853626696392,230.82327270507812,1986415
2016-04-05,230.68051970089832,230.7281052217587,213.02738054135392,215.31134033203125,4836504
2016-04-06,216.02506175269514,218.64210545234232,210.45789025593035,213.50318908691406,6273776
2016-04-07,214.59759417181832,216.97672492760344,205.55689729983484,206.31822204589844,4171133
2016-04-08,205.5568950657426,209.3635042336267,204.31974418196793,208.64976501464844,1631016
2016-04-11,210.2199922649907,218.78486316884195,208.17394557971772,217.97596740722656,2417006
2016-04-12,217.92840799753873,223.44799503444025,215.3589493227412,222.30601501464844,2704639
2016-04-13,223.63830058579245,226.44567209318885,220.78334355703765,222.25840759277344,2830268
2016-04-18,224.44720851882911,225.30368980999873,217.02431741813098,220.1171875,5479038
2016-04-20,220.78333695797645,224.8754448144272,220.30751080073944,222.2108154296875,2111521
2016-04-21,222.7818077452895,224.5899412947463,217.35737805479593,218.26145935058594,2990447
2016-04-22,218.40420726779882,222.11564550444774,216.31057506966195,218.97520446777344,7431640
2016-04-25,219.83169279410606,222.40115123424027,219.11795353178755,220.593017578125,1454607
2016-04-26,220.97367314777475,221.6398268897138,216.02508382343282,218.0235595703125,2703783
2016-04-27,218.88004662706444,230.29987514673738,216.64365773353668,229.5861358642578,7177265
2016-04-28,230.014370784541,230.014370784541,223.01973470358175,224.06654357910156,5899252
2016-04-29,224.58993118491034,228.49171122154715,221.4970613698639,226.68356323242188,2160232
2016-05-02,225.54161883079354,225.77953193082604,220.59302925433056,221.6874237060547,2312439
2016-05-03,223.87620740432902,230.72810117731606,221.25916353456535,224.11412048339844,5328996
2016-05-04,223.1624853310465,223.1624853310465,195.5645660363755,198.18161010742188,22904231
2016-05-05,199.5138979770497,200.51313579170682,187.1900036524431,188.42715454101562,17225029
2016-05-06,188.42717989112023,189.85465852665902,181.33737223882363,185.14398193359375,15642446
2016-05-09,186.66659740210196,188.80781512947226,184.95363483705535,187.2375946044922,9413270
2016-05-10,188.37959436572288,189.33124678941542,184.62057019635014,185.14398193359375,4925308
2016-05-11,182.52691964530192,186.00044483846713,180.147788822295,183.6688995361328,7021749
2016-05-12,184.81086854742523,188.09406598568543,184.23988589615377,185.71493530273438,6098282
2016-05-13,185.19155107175456,190.5683809814068,170.72642389476798,179.43405151367188,15272242
2016-05-16,179.8622858174814,182.90757029218935,174.81852569193225,176.81700134277344,9997240
2016-05-17,177.5783304175334,178.29206966435459,173.866877621426,174.39028930664062,7208437
2016-05-18,173.5813875972292,176.53151577164957,171.82083941403104,174.34271240234375,5909252
2016-05-19,175.57984500343824,175.57984500343824,161.49538840789324,163.25595092773438,13478073
2016-05-20,163.30352887809312,171.67805690584296,162.1139635876672,169.3465118408203,13115129
2016-05-23,170.583675708194,173.62896018064117,169.39411032668636,172.34423828125,10109957
2016-05-24,172.20151029343694,172.7249220523539,168.53765702314675,172.10635375976562,3874787
2016-05-25,173.96205803145762,175.15162350689008,172.58216498416851,174.0096435546875,4249199
2016-05-26,175.10401647156527,178.43479939357874,172.6297147782165,175.86534118652344,5744871
2016-05-27,176.43632013937372,183.6212974821289,176.0556650503918,182.43173217773438,8241406
2016-05-30,183.3833791315935,184.62052991669063,176.48390056511923,181.0518341064453,3672794
2016-05-31,181.05186688093826,185.28671710482118,177.5307559483074,182.86000061035156,6758009
2016-06-01,183.52616011543495,193.47092419337574,183.19307598703358,192.51927185058594,10935767
2016-06-02,193.6136763066611,196.51621900735032,190.99663222787072,195.27906799316406,6232617
2016-06-03,196.2782980411833,196.2782980411833,192.32894657993114,194.66049194335938,3927140
2016-06-06,191.28211935819002,194.66048805206202,186.52385768261314,193.85157775878906,5811557
2016-06-07,194.75562710471715,197.61058385399357,192.42408199702024,196.5161895751953,3666830
2016-06-08,196.9920401481708,197.80095046928162,191.94827969427078,193.5660858154297,2752494
2016-06-09,194.56531187577312,195.89763382241355,191.28211431047728,192.1385955810547,2365078
2016-06-10,193.13783732727262,195.75488123284828,191.75794435399968,192.947509765625,1978971
2016-06-13,191.47244184744972,193.851572622197,188.1416587628035,192.8047637939453,2446154
2016-06-14,192.80476505824245,199.84698638924834,192.091025821138,198.51467895507812,4836424
2016-06-15,200.79864428239168,201.65512558228028,196.32588117652244,196.99203491210938,4053483
2016-06-16,197.46787274770028,199.37117754526847,192.32895560269142,198.41952514648438,4409306
2016-06-17,198.89532345657935,199.3711495892506,196.46860727574378,197.65817260742188,2988774
2016-06-20,193.51849927603237,198.80015787676473,193.51849927603237,196.80169677734375,1787203
2016-06-21,196.99202061051372,199.79939191306966,193.18541151659076,193.42332458496094,2846802
2016-06-22,194.1370928751355,198.3719432223657,193.28061150911176,197.32513427734375,3917750
2016-06-23,197.75334832475602,198.7050006126316,194.7080639077665,197.134765625,4392227
2016-06-24,190.3304620004749,193.28058996990703,185.90528456738863,192.1385955810547,6402985
2016-06-27,192.23377631850977,195.70730161683008,192.23377631850977,193.9943389892578,2862705
2016-06-28,194.1370637877565,196.80169305768305,192.75717089543812,193.09024047851562,5865629
2016-06-29,194.13705315626976,195.3266184329626,192.42407625361997,193.2329864501953,6496278
2016-06-30,195.94520761618142,197.75335574361588,193.66124784802025,196.8492889404297,5638170
2016-07-01,195.18391700272252,197.8485321598553,193.94676595344603,194.42259216308594,3280576
2016-07-04,196.0403855246648,203.60601885793326,195.56455934620686,202.9398651123047,5170996
2016-07-05,204.177001953125,205.93754997896622,202.7019379977553,204.177001953125,6536180
2016-07-07,205.98513047343852,205.98513047343852,198.5146688833977,199.89456176757812,7139883
2016-07-08,199.89456871926345,201.70270228264832,194.70806658328522,197.03961181640625,2451302
2016-07-11,200.08488940938977,207.6981075557637,197.9436718057221,206.93678283691406,7409680
2016-07-12,208.60218495415916,209.26833867175728,204.98590324583267,207.460205078125,5113880
2016-07-13,206.9367941636565,211.26681512562376,204.79557644278867,206.79405212402344,5136217
2016-07-14,206.79406076998836,210.0296729861544,204.1770167795103,206.41339111328125,3685749
2016-07-15,208.60218926822944,212.83703926167834,207.69812245271646,209.83934020996094,5747335
2016-07-18,210.93373898830683,212.1233044338106,205.79482207215548,207.41262817382812,3449057
2016-07-19,208.3166735623712,211.07647382446103,205.65205885561005,209.9344940185547,3614887
2016-07-20,210.315160923715,211.64746835191107,207.93603014403496,210.69581604003906,3477005
2016-07-21,211.266803143502,215.40649631081942,209.17317106160746,212.40878295898438,5312623
2016-07-22,212.21847565412364,215.0258472036316,210.88616816247796,214.45486450195312,3937731
2016-07-25,215.35891255962878,216.45330686655439,213.31285145742442,215.21615600585938,4843432
2016-07-26,216.02508316516253,218.35662851537577,211.40956346532326,213.55078125,3999228
2016-07-27,215.0734249336623,218.35662254281772,212.74187964722216,217.64288330078125,3648076
2016-07-28,218.68966990290264,220.35506118770553,213.55073951144644,214.35964965820312,4676659
2016-07-29,216.9291513898564,222.21082486363278,215.21617424686644,221.16400146484375,4990407
2016-08-01,223.11486447050774,224.82784140446822,214.93066392990218,217.5001220703125,3414966
2016-08-02,218.88002658758313,220.49783257553992,212.9797852968258,213.78868103027344,2083401
2016-08-03,214.7879298212708,217.35738823012352,210.7909929051597,212.0757293701172,3212161
2016-08-04,215.26377035941545,218.40422618922477,212.26607110249844,216.88157653808594,2779249
2016-08-05,219.45104842713604,223.54314211497092,218.16631188351883,222.68666076660156,2112014
2016-08-08,224.11413282838038,229.7288759952735,222.73423979798082,229.01513671875,3171611
2016-08-09,229.3482110398405,231.1563446545513,223.44796951066283,228.1586456298828,7445154
2016-08-10,232.67899754277124,248.61917426604904,232.34591341475544,245.95455932617188,19509517
2016-08-11,246.0021431826981,247.19170867197613,238.95992129459734,241.24388122558594,4663215
2016-08-12,242.00519728552757,248.38126517311534,239.05506917044866,245.76422119140625,8089419
2016-08-16,247.04893135088543,261.3237151842325,245.81176599338878,260.324462890625,15191371
2016-08-17,260.752714342806,262.9891029202288,252.37818622893676,254.709716796875,11251645
2016-08-18,255.32832215558747,263.60770948552096,254.99526705600323,262.1326599121094,9439270
2016-08-19,261.609225991284,264.4641830498476,257.08887731522503,259.8486633300781,3970921
2016-08-22,261.13341098060874,266.17718609167855,255.66140971771904,257.46954345703125,3638085
2016-08-23,258.5639765389947,262.79881242215976,257.04132684438804,259.3252868652344,4511269
2016-08-24,260.56241727951016,260.56241727951016,255.56624214544917,257.04132080078125,3036313
2016-08-25,258.3736115813597,258.3736115813597,247.52478066040158,249.09500122070312,8422383
2016-08-26,250.23700445309493,250.47491754763402,242.76652747614145,245.24082946777344,4991512
2016-08-29,241.19628760348445,250.617654674876,235.5815444910359,249.90391540527344,6941895
2016-08-30,251.75962005300158,252.5685303668864,247.52478447910516,250.23699951171875,2076344
2016-08-31,250.52248360267797,253.56778276949413,249.04743406251325,250.23699951171875,5047234
2016-09-01,250.42732541533775,251.14106472150465,245.33597922292176,246.19248962402344,3552214
2016-09-02,246.47800060488976,256.3751809211389,244.38435346166423,255.23321533203125,6194172
2016-09-06,256.9461536179964,258.6115453544094,254.66219361648407,257.51715087890625,4376626
2016-09-07,256.9461236118285,260.84790388991433,253.4249984491873,259.08734130859375,3506325
2016-09-08,258.8494062747727,263.13184130505385,258.8494062747727,262.2753601074219,3257359
2016-09-09,261.6568390221278,262.1802362253278,257.04131907325666,259.039794921875,2254000
2016-09-12,255.8992955385743,255.8992955385743,244.00364188726346,247.42959594726562,4089149
2016-09-14,248.38126420243287,255.04283067529508,244.4319127448039,251.9023895263672,5183715
2016-09-15,253.18708061425852,256.708205710736,249.33290044935254,254.47181701660156,2969754
2016-09-16,255.04282826768537,261.7043946776622,254.75734418125055,258.04052734375,5596231
2016-09-19,258.84941599974275,264.2738455254098,256.61302736926166,262.79876708984375,3949553
2016-09-20,263.56014559364803,263.56014559364803,254.9001028861837,257.04132080078125,4084585
2016-09-21,261.70442137112974,262.6560738124793,255.0428542816828,256.6606750488281,5226987
2016-09-22,259.9914288793028,263.98835125088874,258.4211792968366,262.0374755859375,4923688
2016-09-23,263.3697503748692,264.27383159553375,260.0865386178464,261.7995300292969,3066615
2016-09-26,261.22853157739877,261.22853157739877,255.80410236495428,257.3267517089844,2817192
2016-09-27,259.8010924416252,260.4672607057614,251.04587917472773,251.9023895263672,3623937
2016-09-28,253.80570298751533,258.8494490169511,249.42809620306815,257.8977966308594,4450516
2016-09-29,260.0865713792017,260.4672555466679,242.14793358808652,244.38430786132812,7369816
2016-09-30,245.526296346306,247.2392588900121,237.0565965830946,244.33673095703125,8404996
2016-10-03,248.09578400925295,254.5670084962322,246.76344746005825,251.71205139160156,3775937
2016-10-04,254.66220662657392,256.7558246340319,250.3797705141611,255.7090301513672,3083178
2016-10-05,256.89858584992226,256.89858584992226,251.23624225793967,252.61614990234375,2157411
2016-10-06,254.09115747105236,254.66215464458037,248.57158589190104,252.09268188476562,3683355
2016-10-07,254.4718377380136,255.2331770587158,249.66600488998154,253.9484405517578,3109737
2016-10-10,255.94692762484632,255.94692762484632,250.42732621427047,251.23623657226562,4104061
2016-10-13,250.5700406130545,250.5700406130545,236.10494298365893,238.95989990234375,5621911
2016-10-14,239.81637621075953,243.8133274311214,239.10263699584655,242.05276489257812,2690365
2016-10-17,240.76803348499425,242.71892361704943,237.34207937401624,238.62681579589844,1657111
2016-10-18,239.38818884678778,255.99452203757755,239.38818884678778,254.09121704101562,4975655
2016-10-19,255.99447863314512,260.1817431071954,250.0942225273529,258.4687805175781,4745567
2016-10-20,259.65834850119546,272.5532261769497,255.7089970724022,271.4588317871094,7256284
2016-10-21,272.17257495523023,274.3137927651927,268.0328813808777,271.9346618652344,4031821
2016-10-24,271.60159495156006,280.64229294462194,269.3176349512119,271.8395080566406,7433061
2016-10-25,272.7911177614298,301.6737700039903,266.98603309803894,297.67681884765625,20614093
2016-10-26,297.8196287227779,301.197983109206,284.87715033841204,290.3491516113281,11974635
2016-10-27,290.68225302290114,293.8702655027697,284.8771672584208,290.2539978027344,6866827
2016-10-28,291.205635195058,294.7267607015221,287.7321097339998,292.15728759765625,6175751
2016-11-01,292.15722988592535,293.10888210053747,286.87557171167634,290.39666748046875,5197221
2016-11-02,285.4956837316476,289.4450348815108,282.7834689277724,285.4005126953125,4954922
2016-11-03,285.2102380335514,287.3038559039602,273.21941189529474,274.2662353515625,5762076
2016-11-04,275.0275417683477,277.73975689870997,270.50719289845273,273.7904052734375,6331988
2016-11-07,283.8778867420425,283.8778867420425,276.7404940578598,279.3099670410156,4697049
2016-11-08,281.40359756118073,281.40359756118073,272.64838475837314,275.83642578125,4446596
2016-11-09,255.0428247866282,269.317609756029,248.28608742602026,268.7466125488281,7432798
2016-11-10,275.0275149313901,282.78347537449076,272.17255802898813,280.3091735839844,4488690
2016-11-11,274.0758701727642,278.83413180770805,259.6583432273093,263.3697814941406,4430411
2016-11-15,267.12888402750775,267.12888402750775,245.5263593941897,253.75814819335938,4007163
2016-11-16,257.8977353943619,261.70434403486905,248.2860427686574,252.4257354736328,3586045
2016-11-17,254.0911649191336,256.3751246380719,249.52324548125702,251.8072052001953,2448535
2016-11-18,252.18784443702057,253.42498073627806,244.38428442627165,249.2377166748047,2821119
2016-11-21,249.3804773805012,252.18786332493016,233.29755907499646,243.33749389648438,4715918
2016-11-22,244.57466574006185,250.4749222113419,244.57466574006185,248.19093322753906,4773262
2016-11-23,251.18861190452589,251.90235106048632,245.62144067961032,250.95069885253906,4191100
2016-11-24,250.95074373671227,250.95074373671227,243.76575085635542,245.24082946777344,4052569
2016-11-25,247.4296253447548,253.13953977578763,243.38510262277325,252.23545837402344,3644381
2016-11-28,254.04356965540774,261.22853224043666,251.3789260360616,259.5631408691406,5898358
2016-11-29,261.7044089800813,266.46267096153736,254.6621870559517,263.5125427246094,4965658
2016-11-30,265.4158246776811,268.2707816208805,262.8939518529464,264.46417236328125,4877016
2016-12-01,266.4626200721351,266.7957041556494,258.5639183082737,261.7995300292969,2039195
2016-12-02,260.467294563011,261.1334338716114,251.47416703881126,253.0443878173828,2854273
2016-12-05,253.61538310178062,260.18177933238786,250.95076780424185,255.7090301513672,4802020
2016-12-06,260.7527174843279,261.2285436111241,257.0412795037418,258.7542419433594,3001729
2016-12-07,259.32522184376563,269.22239881396604,259.1348797888671,263.9883117675781,3768935
2016-12-08,266.3675122005061,274.36138688966906,266.3675122005061,273.21942138671875,4172911
2016-12-09,275.45580467914164,277.21633842303623,270.5072004766148,271.8395080566406,3130514
2016-12-12,271.220931424449,271.64918661723283,265.79650117910955,267.7474060058594,1781321
2016-12-13,267.79497020859986,273.31457136130496,264.98761315182037,272.1725769042969,2703309
2016-12-14,273.5524801539641,274.40896146219734,268.461134263182,270.12652587890625,2454540
2016-12-15,276.07437465015533,277.54942429392037,269.365207620142,270.5072021484375,4952579
2016-12-16,272.17256233970784,272.17256233970784,265.7013382086203,266.7005615234375,3752270
2016-12-19,267.3191558628671,267.4143269121864,261.9423255607805,263.0843200683594,2479261
2016-12-20,262.75122796239486,262.75122796239486,255.4710930628234,259.2301025390625,1657363
2016-12-21,261.1333672207602,262.32293251334943,257.04127423110185,260.94305419921875,2500157
2016-12-22,258.6115605842562,260.2769524187454,248.4764675142189,250.80799865722656,2771674
2016-12-23,249.47562241085248,255.518619785908,246.52549473525394,250.18936157226562,3336863
2016-12-26,249.33290053147536,249.33290053147536,244.81255214397723,247.42959594726562,2684615
2016-12-27,248.38128136782763,256.6130689840448,245.71666621138374,254.0436248779297,5604754
2016-12-28,254.94764904356327,258.7066872997012,254.1863388094177,255.51864624023438,3862488
2016-12-29,255.04282320295397,255.1379942439172,249.9514774537239,251.8547821044922,4400374
2016-12-30,252.18790250063378,258.04055933514735,251.61690521484817,255.4711151123047,3744173
2017-01-02,256.75573880686534,263.51247488959734,254.09112440004202,260.5623474121094,2622173
2017-01-03,261.8947657573606,264.2738968814568,258.897037307297,260.7052001953125,2064823
2017-01-04,261.84716604239946,263.51255783138345,259.0398087376747,261.6092529296875,2741205
2017-01-05,262.9414899010697,274.9323133682913,262.1801797618037,273.6000061035156,5997054
2017-01-06,274.83716706307166,277.6921239053146,271.22090001307976,272.2201232910156,5651466
2017-01-09,272.50567600528365,275.0275491073582,268.93697943382136,270.9354553222656,2877279
2017-01-10,271.3160839413181,280.45195207901605,271.22091290029664,279.69061279296875,5779720
2017-01-11,281.5939617028685,285.25782954211036,280.26165404554297,281.3560485839844,3323800
2017-01-12,282.6407753205727,284.40133814698834,275.55095300965337,278.59625244140625,3420733
2017-01-13,280.26159865205807,280.88016683047164,276.50256049980777,279.8333435058594,1699998
2017-01-16,280.45194406017714,288.3030755249123,278.26312634776485,286.1142578125,3614730
2017-01-17,287.8272595803177,287.8272595803177,278.4534782968055,280.5946960449219,2231245
2017-01-18,282.4028118096234,286.0190788275733,276.0267299682606,277.78729248046875,2613239
2017-01-19,277.97765599938845,283.1165728579652,277.88248495638936,281.0705261230469,2290542
2017-01-20,280.73742026524036,282.02215664098037,269.69824810062335,270.4119873046875,3279639
2017-01-23,271.3636989242775,275.3606509580232,270.41204644406463,272.4105224609375,2261781
2017-01-24,273.12418192536927,280.68982854677034,272.17252972353873,278.9768371582031,1945278
2017-01-25,280.97537166784656,291.30080603713935,280.2140613631585,289.9208984375,4477090
2017-01-27,290.2539229067472,294.0129607382894,287.49413731704163,289.25469970703125,3386640
2017-01-30,289.06442622668106,291.06290214235275,286.78046619825375,287.97003173828125,2241418
2017-01-31,288.826470770902,291.1580305043533,278.35829555350523,279.1672058105469,3859712
2017-02-01,281.2608796567142,291.2056597181903,279.4527457479356,289.87335205078125,3158512
2017-02-02,290.68223389057914,293.67993310805747,286.6377112365822,289.445068359375,3018242
2017-02-03,289.82570628771504,296.20178853323193,287.1135203733994,288.8740539550781,3352462
2017-02-06,291.06281400189965,295.96381673425213,287.9699445344195,294.2508544921875,2426463
2017-02-07,294.346068399407,295.39289182185695,286.6852783863482,288.96923828125,1803476
2017-02-08,291.25316989198467,292.06208014178327,284.5440329068496,290.77734375,1581009
2017-02-09,291.6813884116902,293.2040376832746,286.30455949082835,290.0635681152344,2032244
2017-02-10,290.82495247007137,298.53334200872956,290.3491263138841,296.2017822265625,5313049
2017-02-13,298.05750793906435,299.5801283647387,289.87329246151126,294.5839538574219,2291161
2017-02-14,295.0122448054509,300.6269881723552,290.49189589310936,292.15728759765625,6996004
2017-02-15,293.204143277621,298.34306100809033,282.6407946392435,285.44818115234375,4562477
2017-02-16,285.4956985648256,288.35065555047385,279.78578459352906,284.16339111328125,2837571
2017-02-17,285.59081550522126,287.8747748526532,281.4986938423751,282.87860107421875,2264046
2017-02-20,283.78277256857695,288.2555216640013,281.78429661260395,285.7812194824219,1690844
2017-02-21,285.97154294730876,290.63463384584463,283.8778960742717,289.445068359375,2559043
2017-02-22,290.2539976199743,291.68147629679385,283.0690332301671,285.7812194824219,3507421
2017-02-23,285.8287285422895,288.7312559776754,281.4986938423751,282.87860107421875,6593433
2017-02-27,282.6407318169908,286.16185692785655,280.7374272256306,282.3076477050781,2116155
2017-02-28,283.2593518772102,288.6837825728727,282.45044146931264,287.1611328125,2570349
2017-03-01,288.30304147766765,290.25391684287837,286.5900501169295,287.8747863769531,1892520
2017-03-02,289.06441945410666,290.92015326992197,277.8825036398326,279.64306640625,2458242
2017-03-03,278.8341450243476,283.0214096531482,276.93084028015414,282.0221862792969,2871834
2017-03-06,283.4496622931362,290.1587998393454,282.117354792585,288.493408203125,1877927
2017-03-07,288.35062751862836,294.44119602082856,287.3514042876401,293.3468017578125,4069985
2017-03-08,293.3468492019429,294.06058849440507,286.3046273247416,291.68145751953125,2786117
2017-03-09,291.6814315695782,291.6814315695782,285.2102075104957,286.3521728515625,2564963
2017-03-10,287.8272528971253,291.2056069821934,282.6883071872699,284.35369873046875,2684711
2017-03-14,290.8725381260324,296.15422615113164,289.39748858437304,294.2984924316406,5102357
2017-03-15,293.10891028736484,298.6284820460567,293.10891028736484,295.2976989746094,4865596
2017-03-16,296.91550782016424,311.52337595243335,296.43968168583706,309.9531555175781,7051972
2017-03-17,310.99994038408323,312.9984158963079,305.76585306460606,309.6676330566406,6779619
2017-03-20,311.2378608649704,313.85490458710774,309.0015012815691,309.7152404785156,4103266
2017-03-21,309.2869627594673,311.4757511867632,304.5762727867443,310.0007019042969,2802311
2017-03-22,306.3368667908443,309.09665262745807,303.91016506464246,308.00225830078125,2518171
2017-03-23,308.3353521860605,311.19030915074626,306.5272185835177,309.8580017089844,3911142
2017-03-24,311.38061994051435,311.9515880423743,306.14653269790995,307.62158203125,4636734
2017-03-27,307.00301864759905,308.33532597610855,302.2923284394488,303.862548828125,2353739
2017-03-28,305.5279289826393,307.38366240035657,304.05287968084804,305.3376159667969,1760774
2017-03-29,305.62314976049106,306.43206007532615,301.4834561839677,305.48040771484375,4426029
2017-03-30,306.33685589252633,325.36990104325326,305.0521195364278,322.8955993652344,9728166
2017-03-31,325.4650815019716,326.13124971838624,319.7551677914107,323.1811218261719,3417463
2017-04-03,324.13279370287535,327.2732348166528,322.37223106061384,325.5602722167969,2441776
2017-04-05,327.2256430157223,341.8810823519608,326.46430376475183,340.8342590332031,5947873
2017-04-06,338.55028758314893,341.2625023012345,334.12511043370506,339.4067687988281,3524928
2017-04-07,335.2195213869635,336.2663447213659,328.84343938461336,330.3660888671875,4918075
2017-04-10,331.22254864291176,336.7421490289851,329.31924417367026,335.12432861328125,2222773
2017-04-11,335.4098683606768,338.6454804070655,314.568659532738,317.6615295410156,9397306
2017-04-12,317.6615181913066,320.3261619900459,308.0022533959181,311.76129150390625,8100661
2017-04-13,309.8580044229678,309.8580044229678,302.91092498944334,304.9570007324219,5730306
2017-04-17,305.1472546095145,311.3805935870623,302.24472718293543,304.5286865234375,4219235
2017-04-18,306.0989755772383,319.04145347285447,302.7681923195053,303.9101867675781,9315409
2017-04-19,306.4320421843243,311.80887189869907,303.8149983457936,310.0483093261719,4403069
2017-04-20,311.61859216292254,317.09059350095856,308.3353797432502,316.3292541503906,4439900
2017-04-21,318.80351809636215,318.80351809636215,308.47808491078666,310.2386474609375,2517582
2017-04-24,312.28473306067986,318.04224757618323,311.4282516986582,314.9969482421875,5048373
2017-04-25,316.4243808781565,316.99537805057173,310.71446723824994,315.3299865722656,4330049
2017-04-26,316.3768275259509,317.7567059739451,302.6254397927333,307.8595275878906,4078479
2017-04-27,309.42974022381696,312.99843635674307,305.62313101536256,306.9078674316406,2983463
2017-04-28,309.0966911251866,312.5702456550963,306.0514208387185,311.85650634765625,1808460
2017-05-02,312.8557093209045,316.80506075561794,310.85723358221674,314.61627197265625,4233839
2017-05-03,314.6162597616369,316.2340512647367,308.24017766237205,311.6185607910156,3271643
2017-05-04,312.9032411280253,323.942412787546,312.808099138868,323.0383605957031,6728527
2017-05-05,322.9907734332887,329.6999393372129,319.89790356724404,328.2724609375,8196507
2017-05-08,326.8925852502495,329.93788441528244,321.6584972768103,324.0376281738281,2462230
2017-05-09,323.4665947880515,332.5072911860113,319.5648147447182,330.69915771484375,3459067
2017-05-10,329.3669022920874,335.93329806048166,329.3669022920874,334.886474609375,3207734
2017-05-11,334.9816057103345,345.0215257419058,333.55412727690975,342.64239501953125,4604066
2017-05-12,342.9754821189941,342.9754821189941,336.31391603827285,340.6439514160156,2958586
2017-05-15,341.6431608499068,342.35690004388294,333.88720075045734,338.9785461425781,1530781
2017-05-16,337.0752337193918,340.8342426275606,334.1726769733601,337.3607177734375,1321254
2017-05-17,337.3607375299069,337.6462216006711,330.74674248334577,331.6983947753906,1239867
2017-05-18,327.65384964632665,342.16654608624367,325.6554032063301,331.0798034667969,3618961
2017-05-19,332.17424745969464,335.45745974640323,328.6055510794138,332.554931640625,1302961
2017-05-22,335.3622363936009,340.12049749181347,333.5065319905705,337.3131408691406,2939697
2017-05-23,337.64619073664466,338.4075299259609,312.6177493605479,315.6154479980469,6270500
2017-05-24,317.28087183994,326.369168753942,312.23712625362106,323.22869873046875,8363216
2017-05-25,328.2248329387531,329.50956919747773,315.282357408782,324.2754821777344,5992900
2017-05-26,325.8457893603963,334.0300061456088,322.6101768756735,331.175048828125,2754435
2017-05-29,330.9846443155991,331.5080704837213,309.3821554451089,311.95159912109375,3943111
2017-05-30,312.5226103123702,326.3215686977281,311.61855805032775,323.8948669433594,3680879
2017-05-31,324.98926875021607,329.03379112851303,320.2785781280558,322.6101379394531,12190256
2017-06-01,321.27781388432624,334.9340298405268,321.27781388432624,332.3169860839844,3447544
2017-06-02,334.981571356008,342.02379176359096,333.5540930689795,340.5963134765625,3297747
2017-06-05,342.5472608676664,346.8772672646833,338.026912391652,343.59405517578125,2830068
2017-06-06,345.40220987868554,350.92178153754554,339.78743814038637,343.9747314453125,5229905
2017-06-07,346.02077757935086,346.3538616884351,340.0253507422046,341.73834228515625,5435369
2017-06-08,341.88112075435816,344.3554227742276,333.5541623504594,341.78594970703125,4568139
2017-06-09,342.5948599698174,343.16585721152563,333.3162491789682,342.4521179199219,7152603
2017-06-12,342.3093523815858,342.3093523815858,336.456667358331,339.5971374511719,4963488
2017-06-13,341.64320959675103,345.5925612251684,338.21725516841406,342.02386474609375,5463098
2017-06-14,343.070701503621,343.4513566677377,338.88343661408277,342.1190490722656,6005138
2017-06-15,342.07145145314024,348.68541791119304,340.4536308288574,342.5948486328125,3997432
2017-06-16,344.0223391784952,347.44829359284734,339.0261641281851,345.5925598144531,5332597
2017-06-19,347.3531016979955,357.4406222406636,347.3531016979955,355.7276306152344,7328947
2017-06-20,357.4406492114331,359.4391250708337,352.2065609826883,357.48822021484375,4597214
2017-06-21,356.6316702704272,358.96322983167204,349.44670760964596,352.0637512207031,2797034
2017-06-22,352.1114099310614,355.72767765944803,349.7322787828786,351.5880126953125,1935079
2017-06-23,351.5879507188133,352.5871740080597,344.1650454196855,347.7813415527344,3011500
2017-06-27,350.1128899469511,354.7759806027864,347.78135914009573,349.9225769042969,2780694
2017-06-28,350.5886964083321,351.77826176601656,345.49735086901813,346.87725830078125,2394375
2017-06-29,349.20881801869194,350.8742095194502,344.8312116939886,346.87725830078125,3343365
2017-06-30,346.40145684139316,348.1144194616709,343.1182446033815,345.49737548828125,1386974
2017-07-03,347.2579407201341,352.6823707946789,342.1190237791642,350.20806884765625,2171316
2017-07-04,350.6838879015582,357.5357963783571,350.2080617307284,353.72918701171875,4186188
2017-07-05,356.39383499900606,356.39383499900606,353.87196186818625,354.8711853027344,1422559
2017-07-06,355.822826363623,357.48821806274333,353.5388664132547,355.013916015625,2318749
2017-07-07,354.1098288385032,356.8220437187788,352.11135318766196,353.6340026855469,3077926
2017-07-10,356.6317709221005,358.5826469113603,354.34781075263965,356.8221130371094,860121
2017-07-11,357.821288347788,358.63019866444614,353.72919480534165,354.68084716796875,2646484
2017-07-12,354.25258846362914,357.15511652391564,353.68159124330845,355.7752380371094,2035281
2017-07-13,357.6309410721792,359.62941681314004,354.2525868506948,357.7737121582031,2956936
2017-07-14,357.7736969092864,360.1528276799503,356.3462184468881,357.44061279296875,1737806
2017-07-17,355.7752225492675,365.14900362824807,355.7752225492675,362.81744384765625,4784990
2017-07-18,361.15207527126006,365.52968199206407,360.1528518972412,363.43603515625,3927479
2017-07-19,362.10367807906397,365.2441188607985,359.0583792878316,362.6270751953125,4847964
2017-07-20,363.53120390239513,364.00703008551346,358.82051307267363,361.6278991699219,4490409
2017-07-21,362.5795538296445,364.1973744793304,360.2955939446545,363.43603515625,6613707
2017-07-24,364.95865160939076,371.4774755756363,362.6746919318635,369.6693420410156,4777031
2017-07-25,371.239586080238,374.3800272060104,366.5288953494545,371.858154296875,3297724
2017-07-26,373.71391144434347,375.2841321057815,369.241133519397,374.0469665527344,3243876
2017-07-27,375.18895123718653,375.7599484742542,371.8581679034385,373.5235595703125,2847871
2017-07-28,372.5718718075105,379.1858668446974,371.1443933714664,376.61639404296875,3203051
2017-07-31,378.0963391932891,380.0059166639623,375.613882653846,378.0008544921875,1581010
2017-08-01,379.4807650646435,386.9758327451009,378.5259764034043,385.734619140625,3391013
2017-08-02,386.6894308629369,394.80513496746767,384.4456715476458,392.6568603515625,2997197
2017-08-03,393.27747411050535,393.27747411050535,384.4456783119446,388.9331970214844,2541125
2017-08-04,387.6442246955315,391.8452892833831,384.87534320384566,388.26483154296875,2770532
2017-08-07,393.18199613850453,402.44345868144615,390.0312049142841,395.521240234375,3863466
2017-08-08,396.1895978219029,399.8655111467486,391.6065944045069,396.0463562011719,2154068
2017-08-09,392.9910812508889,398.62432941991324,377.1415811278221,379.28985595703125,3603960
2017-08-10,375.23193573400727,378.95560560456363,363.9654414307164,368.2142333984375,3177276
2017-08-11,363.05843211248134,368.023345403344,361.9126739260235,365.4454040527344,6480493
2017-08-14,367.5936474451119,387.45324063895913,367.5936474451119,378.28729248046875,2746774
2017-08-16,380.1968688703263,386.593935625046,374.5158644968825,379.57623291015625,2644234
2017-08-17,380.5310452180921,383.25219898716995,370.50576332831946,371.6992492675781,2502761
2017-08-18,371.41280712559353,373.13141514353265,365.97049983905464,368.7394104003906,2554849
2017-08-21,369.5509823963916,371.1264071798203,357.71160745599974,358.9528503417969,1999552
2017-08-22,360.7669594006354,364.53835773535394,352.93767946628947,358.6664123535156,3245723
2017-08-23,361.0056520551201,368.7394471829878,361.0056520551201,367.59368896484375,3003871
2017-08-24,369.45552801369905,370.12386267326343,361.864945599936,362.8674621582031,2507753
2017-08-28,364.7293135710686,372.22441131364434,363.29713040259577,369.98065185546875,3245331
2017-08-29,370.31479547999845,370.31479547999845,361.1965461004779,365.9704895019531,3419877
2017-08-30,368.54844852469535,374.65909054831405,367.641387579149,372.12890625,2979277
2017-08-31,373.7042946384242,379.7194809840191,370.83992851323774,375.1842346191406,2775034
2017-09-01,377.09383846443893,378.57374941103546,373.99077494467633,377.04608154296875,1511368
2017-09-04,378.0963277009761,378.0963277009761,363.1061333566857,367.450439453125,2425859
2017-09-05,366.8775621708687,375.2319633914155,364.8725000503697,372.6540222167969,2363336
2017-09-06,371.3173303686031,371.3173303686031,367.0207810940267,367.6413879394531,1825546
2017-09-07,369.2168116167862,373.22690677912755,368.0710534916375,370.1716003417969,1832093
2017-09-08,371.50830806405025,373.895279936554,365.3499089778545,368.4529724121094,1858507
2017-09-11,369.9806464626338,372.74952805375375,366.92531075928997,367.9278564453125,2402644
2017-09-12,369.64644802660507,372.36760171284374,367.5936581011406,371.4605407714844,2576054
2017-09-13,372.41531200725586,376.95055822542366,368.5961572972198,372.3675842285156,2116076
2017-09-14,373.17920355974354,387.2623381805689,372.5585966752077,384.8753662109375,5052114
2017-09-15,387.07133878003293,391.2246755129857,385.0185488727553,386.8326416015625,6452962
2017-09-18,388.50353288420865,389.7447757302091,379.7194939497381,386.40301513671875,3698399
2017-09-19,387.16681119203884,390.0311772427814,383.9205354954315,388.5035095214844,4105917
2017-09-20,389.6493035732004,394.18455023894836,387.6919691084362,391.1769714355469,5238339
2017-09-21,388.59899196767253,395.9508764438178,387.64420328961927,391.6543273925781,4319190
2017-09-22,390.508589191879,390.98598355519425,380.5787922624896,383.0612487792969,4371220
2017-09-25,382.010986698586,383.0135032361881,365.6840931607095,371.0786437988281,4413073
2017-09-26,368.7394531822677,376.4254915123545,368.7394531822677,372.89276123046875,3115143
2017-09-27,374.85007520171325,374.85007520171325,353.7015098712648,355.70654296875,3009736
2017-09-28,355.70655088756797,358.04579507049846,347.2566934341773,355.2291564941406,3785886
2017-09-29,357.4729153320203,361.1011301982893,355.42012527151934,359.7166748046875,2109890
2017-10-03,360.48050353596744,368.35751121793436,358.14128843433105,366.35247802734375,3673873
2017-10-04,366.5433826431405,371.89020528611854,362.0081362372122,370.12384033203125,2084250
2017-10-05,370.4580346125806,371.55603584636424,366.829849021511,368.4529724121094,1853539
2017-10-06,370.83994351286026,374.56361379864876,369.7419422813616,371.6515197753906,3006087
2017-10-09,370.458022247058,377.80990702410696,364.82477464354946,375.90032958984375,4359490
2017-10-10,377.09386600635474,380.3401422519451,372.55861899238266,378.907958984375,4067875
2017-10-11,380.4832982862337,383.10896722045493,376.18674912114454,379.0033874511719,5121486
2017-10-12,379.14660039252107,387.9783959093325,374.99326370029064,385.4482116699219,4202243
2017-10-13,388.12159856482157,390.9859646058904,382.3451387038014,389.7447509765625,3245961
2017-10-16,390.6040821374196,392.22720552425045,385.40047181230386,388.4080505371094,4209209
2017-10-17,388.0738703851165,389.7924783528474,384.49341283747856,388.4557800292969,3291749
2017-10-18,388.69447891333584,388.69447891333584,384.1592326663268,388.5035095214844,3641132
2017-10-19,386.6894425828181,387.9306562989355,379.05113260587353,383.252197265625,137226
2017-10-23,384.97084556138503,394.2800361134334,381.96323761121965,388.6467590332031,4555429
2017-10-24,388.6467827934286,390.26993546456515,384.3979899695476,387.8352355957031,3406694
2017-10-25,390.3176237802484,398.76750992484955,386.88040763952375,396.6669921875,2475241
2017-10-26,397.19209162315656,400.3906395347088,391.0336929704988,395.5689392089844,1542452
2017-10-27,397.6694962441587,419.1522421397015,395.664434133007,412.5164489746094,5306544
2017-10-30,416.76525989006007,416.76525989006007,408.4585866975971,410.3681640625,1465328
2017-10-31,410.79782585217157,413.3757669199758,406.35806435792017,410.893310546875,3418248
2017-11-01,412.4687390011472,417.672349331182,409.93855464734247,413.5190124511719,3931939
2017-11-02,413.42350183642884,419.91605325863236,408.93598334842693,417.4813537597656,3075833
2017-11-03,418.8180658489128,420.870855767622,413.1848182332088,415.18988037109375,3097775
2017-11-06,414.37830345556216,423.25782687447423,411.17975542390184,417.7677917480469,4541407
2017-11-07,417.72003612890995,419.8683106004301,408.9359688568928,412.0390319824219,3989010
2017-11-08,413.42352680071104,416.95625681419034,407.8380068119787,410.2727355957031,2723792
2017-11-09,411.13202319653425,417.4813622725978,408.888263906781,413.805419921875,3478532
2017-11-10,415.76275388687367,415.76275388687367,406.8354736538248,412.5164489746094,1506241
2017-11-13,413.4234869656683,413.9486090699586,392.8000462224924,394.6618957519531,4344820
2017-11-14,394.6618997109459,398.9584486947978,388.31256092904334,392.179443359375,2326922
2017-11-15,391.4633699486793,395.5212219542449,385.400455830443,388.6944885253906,1849192
2017-11-16,389.5538339435056,392.0362906736552,377.1415794305998,379.24212646484375,5321941
2017-11-17,382.8702985843711,386.68945368246955,378.096354711748,382.82257080078125,6515843
2017-11-20,382.82255574618335,387.5487425115171,379.1466132812528,380.57879638671875,4437937
2017-11-21,381.2471381567863,387.5010219837633,381.2471381567863,382.6793212890625,5418727
2017-11-22,384.3024537531688,397.81270810102296,383.49087752637075,395.7599182128906,5170814
2017-11-23,396.52373844166084,396.52373844166084,384.3501824249641,388.6944885253906,3903036
2017-11-24,392.41816767364867,392.41816767364867,383.68185662965,386.3075256347656,1374660
2017-11-27,386.21208506024374,386.21208506024374,380.00595761180966,381.4381408691406,2993007
2017-11-28,381.53357168749,385.40045428093475,377.33250722030385,379.0033874511719,6013556
2017-11-29,379.6240136640311,387.2623236808613,377.18928486346226,385.20953369140625,5205458
2017-11-30,383.2044377581862,383.2044377581862,378.0963125564345,380.0058898925781,5552149
2017-12-01,382.7747805217677,386.4984505903397,364.77700786285806,369.2645263671875,1836997
2017-12-04,369.2645892738043,371.60383362117386,360.28957987403294,370.6012878417969,3650818
2017-12-05,370.60125900182805,371.6515324870347,361.9126752792514,371.2696228027344,5100915
2017-12-06,368.93039083528396,371.31736286338213,365.3022050077116,368.3097839355469,4212760
2017-12-07,369.55099364334745,373.3224210611221,366.9253244415109,372.0812072753906,6934180
2017-12-08,373.7997987887764,378.95565225484654,373.51337381648824,375.6138916015625,3282945
2017-12-11,378.09636559209474,378.09636559209474,367.11629436909203,374.03851318359375,3457130
2017-12-12,373.7997837990707,387.2623105757239,371.8902063594842,384.3024597167969,6686699
2017-12-13,383.6341392962678,384.0638059238492,374.18173573006106,376.1867980957031,5035855
2017-12-14,379.57627562317344,380.86524633019275,368.7394460580631,377.237060546875,3587939
2017-12-15,387.35777378409483,389.55377606264625,382.01095142233413,383.2044372558594,4643671
2017-12-18,377.9053673356918,395.7599282256141,357.13871247704975,386.3075256347656,9127457
2017-12-19,386.6894277570392,390.84276447533074,382.8225451346044,387.4532470703125,2700184
2017-12-20,385.73463697627244,389.69700427605994,382.44060428755233,386.1165466308594,4228842
2017-12-21,386.68942184700614,389.8879698059009,382.870267063332,384.1114807128906,3336146
2017-12-22,384.77986850615486,390.9382676349007,381.1516828900171,383.9682922363281,2449944
2017-12-26,385.49594630294104,387.50100844564497,382.1064579967754,386.259765625,3466595
2017-12-27,387.5965089930401,388.5990255364623,382.58386800024795,385.9256286621094,4355090
2017-12-28,385.9256549468347,386.59398964202177,379.576285946581,380.67431640625,4180605
2017-12-29,383.0135393092203,388.7422723786974,381.2471741185629,387.3100891113281,3574054
2018-01-01,388.3125766581888,389.26736535994206,380.053631077752,381.581298828125,2701537
2018-01-02,385.209502887014,385.209502887014,377.14152692178,379.4330139160156,1322980
2018-01-03,380.1014139407598,392.32269850227476,379.4808070698262,389.2196350097656,4679468
2018-01-04,390.2221282876055,392.1317055649849,387.6919150848084,391.32012939453125,1990506
2018-01-05,393.2774849015831,407.6470732400139,391.65436149028517,404.63946533203125,5448214
2018-01-08,404.8304248062812,408.17218538840854,402.06154329437226,403.7801513671875,3447843
2018-01-09,403.78016207346246,406.31034646802186,400.247461132819,402.0615539550781,2509904
2018-01-10,402.92084254313863,408.5540902013634,399.81777918232063,404.3052978515625,4253925
2018-01-11,403.8756319397905,411.17975988134646,401.9660544838104,406.2626037597656,4415043
2018-01-12,406.5967770273362,408.9837487967372,392.943281023659,404.16204833984375,2581486
2018-01-15,406.3103235912663,408.55408288571,400.53386355508303,401.5841369628906,1599208
2018-01-16,402.44342121550676,408.8882446869295,399.53132745022117,404.4007263183594,2318100
2018-01-17,405.0691090775291,416.28787638845654,403.63692601655964,413.805419921875,6715953
2018-01-18,418.14974415252607,418.34068441956384,390.8427801118621,397.4308166503906,8794103
2018-01-19,399.8655019547392,415.7627573605321,399.8655019547392,413.8531799316406,7588904
2018-01-22,414.3782956442452,423.30557581345744,412.9938403746301,418.24517822265625,7092514
2018-01-23,418.24516384217304,422.01659073121834,413.4234927299039,418.579345703125,4659591
2018-01-24,417.24265864380226,431.8986709019932,409.69983380023484,428.46142578125,5201505
2018-01-25,429.6549059681057,429.6549059681057,415.14210637804774,416.7652587890625,6792843
2018-01-29,416.76529581363684,422.35081591499596,412.46874637225915,416.90850830078125,2126497
2018-01-30,415.3330680994144,416.431069233489,407.50378941343985,408.88824462890625,2389618
2018-01-31,408.6495748780809,415.8104903257109,405.3078143358536,409.4611511230469,2734628
2018-02-01,411.5139362301841,413.42351366048655,395.7121946495667,409.36566162109375,1681704
2018-02-02,405.3078095060629,406.9309619766527,393.3729505688996,399.053955078125,4265914
2018-02-05,389.553781585356,394.3277249871373,387.93062917361505,389.7447509765625,2936554
2018-02-06,377.1415560316472,391.7975691632299,369.5032460360695,386.49847412109375,2963450
2018-02-07,395.66442954175045,395.66442954175045,385.8778454140103,388.5989990234375,2592845
2018-02-08,389.7924907172249,397.3353156959426,382.9657572707494,386.784912109375,2952821
2018-02-09,381.9154820645363,383.44314982036224,376.1867498335683,380.960693359375,2936187
2018-02-12,385.4959844058091,387.7874717363185,381.9155263463124,385.11407470703125,1249277
2018-02-14,386.689418765015,397.955913631922,386.689418765015,394.3277282714844,3001847
2018-02-15,402.4434348885957,404.83040662577594,391.03369832973846,393.0865173339844,3293138
2018-02-16,395.2825422598256,396.8102100864655,384.15925915665224,387.1191101074219,1740283
2018-02-19,389.0764089710288,389.0764089710288,371.078635513758,376.0435485839844,2140756
2018-02-20,376.18677747275655,380.00593257400277,369.6942254557743,377.04608154296875,2045167
2018-02-21,378.5737205085142,380.7219950889534,372.12889676719647,377.71441650390625,1800533
2018-02-22,377.1415211894725,387.8351658504862,374.99324670168437,385.734619140625,4726021
2018-02-23,386.7849141757358,390.7472815144106,383.8250633324204,388.1216125488281,1953157
2018-02-26,389.0763912244075,398.14688378055934,389.0763912244075,396.2850341796875,2299169
2018-02-27,398.1468902555357,398.1468902555357,391.1291874414495,391.8930358886719,1334518
2018-02-28,391.4633654920669,393.7071247559916,384.87532931501204,389.8879699707031,2823115
2018-03-01,389.8879595679998,395.04381256300684,386.6894116930943,387.73968505859375,1216685
2018-03-05,386.64170889855893,392.8478356600906,382.0109777181558,385.6869201660156,3665892
2018-03-06,388.312586410965,395.04383527225065,377.284759146039,386.9281311035156,3321338
2018-03-07,380.9130076416646,380.9130076416646,355.4201347436645,359.90765380859375,6951930
2018-03-08,361.8649080193381,375.2319494765168,352.98538499220456,370.4102783203125,11040375
2018-03-09,374.2771940980182,375.8525897251994,356.90002700261687,360.8146667480469,5352078
2018-03-12,364.72927364297226,371.6037637542054,359.95533027068205,369.1213073730469,3693431
2018-03-13,369.50321488256355,373.7042791983637,363.91769534165496,367.78460693359375,2175696
2018-03-14,365.7795567663247,367.3549522936224,359.8121273918344,364.82476806640625,3616289
2018-03-15,366.25698346848077,368.9303804092633,363.1061629977285,364.8725280761719,1818766
2018-03-16,360.8146680865497,364.9680050375008,350.8371429854951,353.7492370605469,4972566
2018-03-19,353.27186731563086,354.704050561505,339.18873206453475,347.8295593261719,5253759
2018-03-20,347.8295428542068,354.9904587444623,343.86717522250035,353.2718505859375,1780257
2018-03-21,356.04072245087303,356.85229872369905,345.91995577655916,347.2566833496094,2296120
2018-03-22,348.49783195287966,348.49783195287966,338.0906422508949,342.0530090332031,3443184
2018-03-23,338.9500108756768,350.4074760320377,334.6057336590262,346.01544189453125,4518979
2018-03-26,347.92505215917373,352.0306617092316,335.60828178468705,348.6411437988281,3884338
2018-03-27,351.50549580710504,352.69898182379205,345.5380657236697,348.9753112792969,2631162
2018-03-28,348.0204638844162,348.0204638844162,335.17854485137894,338.0906677246094,4766456
2018-04-02,339.90479506501805,355.0859303653539,339.90479506501805,352.98541259765625,2978988
2018-04-03,351.83965694376946,354.22662883619665,346.3018938084746,349.8345947265625,2679172
2018-04-04,351.3622340394637,356.80454116749286,347.3043821517797,351.1712646484375,5611445
2018-04-05,355.1814230388022,362.6287638022214,354.7040286529974,358.9528503417969,3648555
2018-04-06,361.3397895977082,366.2569454993102,357.7115751109577,362.1513366699219,2037081
2018-04-09,363.4403728742596,365.49316309084935,359.33479244108,360.2895812988281,1571745
2018-04-10,361.8649361735394,372.8450067962193,361.48302650118814,369.741943359375,3493681
2018-04-11,370.4580390562017,370.6012515427017,358.5231795505251,360.8146667480469,2045552
2018-04-12,360.91014505582046,361.62623661347095,352.5557435498987,355.5155944824219,3609657
2018-04-13,358.80959625971053,369.4077570842311,355.515592594713,365.7795715332031,6485732
2018-04-16,364.4906163763231,371.41283502394157,362.10364442886845,369.98065185546875,2682231
2018-04-17,373.7997732434065,376.13901719597834,364.7292806615103,366.06597900390625,3770554
2018-04-18,367.83238445694093,370.17162866735214,363.0107126818179,367.54595947265625,2568988
2018-04-19,369.78966943991253,373.03597448455895,366.11375608037844,369.0735778808594,2848405
2018-04-20,368.5484867596625,369.7419727919153,361.8172371928938,363.9177551269531,2178241
2018-04-23,364.20423073493106,371.937997369724,358.5709530202231,368.8826904296875,3614484
2018-04-24,369.74192562066804,376.66414372460565,369.5987131426371,374.515869140625,3093161
2018-04-25,376.18673316212653,379.4807657040873,372.55854789843903,374.1816711425781,3205946
2018-04-26,371.07863010818244,380.4833048254123,370.5535079674487,379.1466064453125,3663748
2018-04-27,380.2923337448429,387.54873381052226,380.2923337448429,384.2547302246094,8210865
2018-04-30,387.4532539206304,392.70459192128766,384.20697807506474,388.88543701171875,2264144
2018-05-02,389.55379558092386,392.6091311229688,379.33754467893556,382.96575927734375,3047308
2018-05-03,381.6290581091929,387.9306402695166,375.75708424677646,379.0511169433594,3161687
2018-05-04,383.7773534578419,391.0814816389582,373.6088298609696,389.7925109863281,4782981
2018-05-07,391.4633955926963,395.56897564743457,387.5965127303926,393.7548828125,2582072
2018-05-08,394.42323388954645,396.85793351874366,391.55886767268385,394.13677978515625,1945992
2018-05-09,393.46840993507766,396.5237161435765,391.08143830132667,394.6618957519531,1408466
2018-05-10,395.139326513539,395.66444866624954,390.6040799912281,392.2272033691406,1552936
2018-05-11,393.7071389174804,395.7599288608433,392.27495582148214,394.04132080078125,1442596
2018-05-14,395.23480431352755,395.2825320946351,388.98092068294983,391.4156494140625,5517825
2018-05-15,380.9606948654612,393.3729480816291,379.4330271035958,390.65179443359375,3089340
2018-05-16,389.3151282468836,391.22470582258876,382.1542123379894,384.8753662109375,1897907
2018-05-17,385.73464800515586,387.1668311041849,377.71442847816115,379.9104309082031,1614257
2018-05-18,378.23950572742984,379.14656657094565,366.686557605743,371.8901672363281,3895361
2018-05-21,371.74702897591027,374.80233568499824,364.2519309903491,366.35247802734375,1544488
2018-05-22,365.3976626092614,371.4605478005799,360.67144668910595,362.5810241699219,1861819
2018-05-23,362.6287471808956,365.7795674654922,356.6135898505996,357.3296813964844,1560605
2018-05-24,357.99806214703455,361.4830353414571,348.211477222266,354.46533203125,3299522
2018-05-25,354.7039935854444,364.7292746962039,349.9300501993684,362.7242126464844,2372618
2018-05-28,365.2067157197747,366.11377673421543,359.1915579395269,361.76947021484375,1807896
2018-05-29,362.62875784721933,366.4956697914416,356.3271753683512,360.7669372558594,3394813
2018-05-30,357.09099072009667,361.81720666417516,353.27183573913305,357.472900390625,3110433
2018-05-31,358.5231537487516,379.6239896637958,352.5557244253703,374.4203796386719,11133305
2018-06-01,376.28223747188656,377.5234511431595,365.01571318024384,370.07611083984375,3219572
2018-06-04,370.45803762332594,371.3650985973852,359.048300324894,361.4352722167969,2481566
2018-06-05,361.62626300580985,362.1991421213083,354.70404410998907,356.7091064453125,2767220
2018-06-06,357.09099273408765,360.4327533612783,356.47038587374885,358.8096008300781,3927114
2018-06-07,360.91015682526603,367.4027088378857,359.5257014468581,362.8674621582031,1770108
2018-06-08,363.77448295763696,365.44536312870224,358.14123563704163,363.2970886230469,1232441
2018-06-11,366.63886903432416,370.1715989588011,362.9151988482622,365.0157165527344,2030226
2018-06-12,366.6388629475084,373.0836867102576,365.06346741084866,371.31732177734375,1920763
2018-06-13,373.4655976659993,374.2771738961481,364.34737715096094,365.5408630371094,2529140
2018-06-14,366.3047307171913,366.3047307171913,355.22917440371316,357.52069091796875,2398168
2018-06-15,353.0808626327395,358.90507974520756,353.0808626327395,356.0884704589844,7278768
2018-06-18,356.13617997160645,358.76184885879655,352.5079946189881,353.79693603515625,966982
2018-06-19,352.8421788720461,354.89499804115644,345.06065621146234,346.0632019042969,3037612
2018-06-20,346.5883154021172,350.1687732058581,341.0505523208007,349.1184997558594,4112085
2018-06-21,352.3170740653898,357.85483755816415,349.4049798237803,350.31201171875,4844094
2018-06-22,348.40238424616007,350.74162817227545,344.86968360534206,349.2616882324219,2982451
2018-06-25,349.4526609106195,351.1235411198916,342.8168678529464,344.8219299316406,1716838
2018-06-26,344.6787355883489,349.9778014471058,340.28670155106784,346.4928283691406,1997309
2018-06-27,345.63350442952793,348.5455982675143,339.09319610101477,344.7742004394531,3186106
2018-06-28,343.4375024673871,347.9727487319359,341.9575625194103,345.4425354003906,9627099
2018-06-29,347.9727742398242,360.33727116368243,342.81689164032883,356.2794189453125,3241005
2018-07-02,354.226649299349,356.9955310269507,342.9123960480682,346.3973693847656,1732427
2018-07-03,346.1109731872685,348.927612072482,343.96269818127854,346.34967041015625,1488048
2018-07-04,346.5406054036583,347.0657275866858,339.85708382702336,343.6762390136719,1616705
2018-07-05,345.0129332433753,346.9702385972395,339.52289773032453,345.5380554199219,1526982
2018-07-06,345.5380467012148,354.13114554829696,342.1485582555575,349.2139892578125,1549142
2018-07-09,350.407468992994,353.1763505225913,349.07077057917184,350.3597412109375,1050376
2018-07-10,350.932566577203,358.33217882397383,350.932566577203,353.70147705078125,1656692
2018-07-11,353.17634121097694,361.1965606202941,351.3622484730589,356.61358642578125,2480112
2018-07-12,357.47288591265794,358.71412871390373,351.935123069681,352.6512145996094,1458875
2018-07-13,357.090992889915,360.2417841132193,350.8848660081384,353.65374755859375,3006407
2018-07-16,353.7492212741049,355.46782931746685,342.29175661745376,343.77166748046875,1340324
2018-07-17,344.77424014596943,352.50803522299515,344.48778602439563,350.1210632324219,1775116
2018-07-18,349.3094881520179,358.42770953282076,345.39484824619274,347.5908508300781,2065237
2018-07-19,349.8345572281801,354.2265908670369,347.6385549776703,352.889892578125,1537925
2018-07-20,352.88994260533747,359.85988911707784,350.3120012172464,353.319580078125,1886770
2018-07-23,353.4628012997562,367.59366292052624,353.2718318976486,366.4001770019531,2517823
2018-07-24,367.97557651909375,376.47319052257217,365.4453921722491,374.8500671386719,3937762
2018-07-25,374.75458567269544,383.2999566699223,373.51337194853346,380.7220153808594,4308866
2018-07-26,379.81036962821514,385.75991232826124,378.75483110683587,383.1689758300781,2388169
2018-07-27,386.1916975856597,386.1916975856597,375.3481813184663,378.706787109375,2966414
2018-07-30,379.0426987629136,381.44170318546367,371.98961990367195,375.0123596191406,1649794
2018-07-31,374.00478206059574,385.2801026230383,370.55020990366904,383.6007995605469,2502908
2018-08-01,386.6715421941421,386.6715421941421,379.0906648371079,382.881103515625,1774615
2018-08-02,381.5376838465262,388.25489648718786,378.0831114886699,383.0250549316406,2966243
2018-08-03,382.92910410733066,387.19934402671953,382.0654683047364,383.4089050292969,1632617
2018-08-06,387.1993048965985,389.9821441058256,379.3305588576738,381.2977600097656,2817990
2018-08-07,377.60330479233374,378.5149382077545,354.28499298283344,357.2597351074219,9635697
2018-08-08,359.8506927921897,361.338063941841,354.7168170514096,359.46685791015625,3276532
2018-08-09,360.8102581690228,365.60826692127046,356.54001866563385,362.7294616699219,1992284
2018-08-10,362.0577555852654,366.6638618999001,360.8102849310422,363.9769592285156,1142258
2018-08-13,362.72945517201146,364.2648238021705,359.51478350864863,361.9137878417969,1438549
2018-08-14,362.2976510354211,363.40121654282274,356.01227090450044,358.0754089355469,1501909
2018-08-16,356.97188047789723,358.98705017624945,352.4617401665719,355.3405456542969,2376448
2018-08-17,356.0122586686521,363.7850389062329,356.0122586686521,358.9870300292969,1983257
2018-08-20,361.1941216331928,364.1688931522508,359.0350175235945,362.9693908691406,1280487
2018-08-21,363.2572562172765,366.56789420078024,360.2345163497907,362.6815185546875,1592878
2018-08-23,364.36081154746705,370.02245625417305,357.4516669423434,368.9668884277344,2012760
2018-08-24,369.44668289518705,372.13355614780863,359.8506651576497,361.52996826171875,2085488
2018-08-27,362.7294751451993,366.85575111153344,360.37843905536914,363.35321044921875,2055581
2018-08-28,365.0325227019711,372.7093371827054,360.954215009081,371.31793212890625,5128415
2018-08-29,367.76739430807226,377.4113808010874,367.76739430807226,370.3103332519531,3234342
2018-08-30,370.5982285171262,373.4770339298908,364.74465165422674,368.2471923828125,3566612
2018-08-31,368.48708460868244,378.0831024370336,365.8002113306331,367.6714172363281,3931829
2018-09-03,368.4870822814844,377.07552989750684,363.1613041342737,368.9189147949219,2744322
2018-09-04,369.01484073617286,371.31790836075174,357.40368300507396,358.6511535644531,2960605
2018-09-05,359.178939744975,365.1284825810788,353.61326105421165,363.8810119628906,2276777
2018-09-06,366.08808651765395,371.84569731478615,359.51480833398347,369.2547607421875,1820623
2018-09-07,367.57546799299297,370.02247022184196,360.4744203325616,362.20172119140625,1859785
2018-09-10,360.4743981293182,367.479508603385,355.6284209169974,356.92388916015625,3129554
2018-09-11,358.79510943070943,362.5855482785549,348.335455601547,349.9187927246094,2452935
2018-09-12,351.8859924306421,362.2017117998951,350.06272557946085,360.8582458496094,3711887
2018-09-14,361.5779255788724,370.3103073099253,360.90622192861986,364.74462890625,2937705
2018-09-17,362.05774504048946,368.4870887720152,361.0981432468123,365.4163513183594,1401771
2018-09-18,368.10329368286335,372.3255361742864,361.8658813500467,364.2168884277344,2692099
2018-09-19,366.5678962448218,366.6638622840295,356.0122761958871,357.355712890625,2121141
2018-09-21,357.97947605309525,364.4088204785224,303.7619688587924,347.135986328125,3241191
2018-09-24,349.6308974502317,351.2142344535289,324.82518678284026,331.8782653808594,3415863
2018-09-25,331.1585709971391,335.332844481901,311.19883695306356,324.29742431640625,5028005
2018-09-26,326.74443481226933,330.9666771584785,317.2443822121175,324.8731994628906,3424347
2018-09-27,324.8731867658845,331.01466188549796,316.81253727729654,321.7065124511719,4896009
2018-09-28,321.70651460765794,327.2242251490272,313.30999856644394,315.613037109375,4653499
2018-10-01,314.74935521397913,320.8908001904787,307.0725416721748,317.0044250488281,4159563
2018-10-03,314.07764439358795,324.34539494142103,313.2140086663688,316.4286804199219,4438442
2018-10-04,311.5827067111619,316.09281746335665,301.31495604910305,304.2417297363281,4508937
2018-10-05,304.28971200845086,305.5371825335944,285.9613132549638,289.6077880859375,7177862
2018-10-08,289.6078074439703,293.254311803405,282.2188912589538,292.0548095703125,5915306
2018-10-09,291.7189215686274,310.91095588235294,290.27951899509804,305.873046875,5771005
2018-10-10,305.82509324414883,319.451420692863,303.2341567730223,313.8857421875,2734052
2018-10-11,307.0725553229665,311.7266295965244,298.5321057349907,300.83514404296875,2739752
2018-10-12,304.1937613626394,314.60544643341547,304.1937613626394,310.0953063964844,2428109
2018-10-15,312.83017255137406,313.2140073969467,302.41848763865545,308.2720642089844,1925052
2018-10-16,310.3351909024709,322.23424639313583,308.89578832009886,319.88323974609375,4764262
2018-10-17,323.8655692879799,325.5928406102947,297.0926880837841,301.2189636230469,3323311
2018-10-19,301.2669456452431,307.3124242443597,293.01436571023083,302.6103820800781,2731598
2018-10-22,305.8251204146217,311.77463429639,296.4690024044801,302.6584167480469,4606057
2018-10-23,304.52960859174,307.74428017788387,298.4361318749694,306.1129455566406,3893139
2018-10-24,311.87057797467224,316.0928199426156,294.98158081817627,301.4588928222656,7675048
2018-10-25,299.2997823374866,300.25938409508336,286.63305670804226,293.2543029785156,4584103
2018-10-26,294.59771942073,298.00429371317307,289.27194174443855,291.81488037109375,4704344
2018-10-29,292.7745132724637,314.7014201272602,290.7593436476641,313.2140197753906,5379930
2018-10-30,310.9109413651006,321.8503945561881,307.07253468158086,309.5675048828125,4301781
2018-10-31,311.48676580329675,311.82263230713386,300.5952789685604,305.96905517578125,6383757
2018-11-01,309.6635251817969,313.4059664972253,301.2190114271459,305.4412536621094,5167082
2018-11-02,308.70388386024075,326.40851795586866,306.4967823418282,320.1231384277344,7387791
2018-11-05,320.93879655675863,320.93879655675863,313.50188346800917,316.2367248535156,3085488
2018-11-06,317.62819393020754,323.8176372176611,310.095313987607,312.44635009765625,5044028
2018-11-07,315.70893706587066,315.70893706587066,311.2467953320656,313.0220642089844,301934
2018-11-09,314.74939509478753,325.16108063703234,312.97412588136314,323.9615783691406,3522988
2018-11-12,325.30499183644326,330.77473350156396,314.07763969634124,315.37310791015625,3573699
2018-11-13,314.413523002627,321.4666020691484,311.5827152716578,320.60296630859375,1738296
2018-11-14,321.75447331301035,323.3858080944383,316.1887945611793,318.5877990722656,2981090
2018-11-15,320.50698863092435,333.79747889666606,316.66858158145226,332.2141418457031,5293256
2018-11-16,332.0221706310678,337.20401367992696,328.1837640341769,333.4136047363281,3619678
2018-11-19,334.13338674137816,337.77986217597874,328.56767825968876,336.388427734375,2321979
2018-11-20,335.7166552940288,343.1055706963729,332.981784635325,340.89849853515625,5778336
2018-11-21,340.8985475111173,348.19152722051655,338.3076108759611,346.6561584472656,3161864
2018-11-22,344.8329204684861,355.9163097947061,344.8329204684861,353.27740478515625,4446824
2018-11-26,353.565314561894,355.43652060499227,341.61825977443203,354.14105224609375,3906643
2018-11-27,353.565314561894,357.9314912805145,348.5274048320744,354.14105224609375,4995025
2018-11-28,353.3253913566597,354.0930610759977,347.6157489831441,350.63848876953125,2583045
2018-11-29,351.69404369146844,356.3481180665672,348.5273696094994,354.8607177734375,3425961
2018-11-30,354.8606981451052,359.4668038915001,348.9111851558351,350.87835693359375,4137466
2018-12-03,352.60570873205455,364.5527341000584,350.2546725040963,360.47442626953125,4303979
2018-12-04,359.3228917708222,360.47439631527374,355.6763875015879,358.6991271972656,2615507
2018-12-05,359.85067926143466,361.5299824313214,357.6436068091872,359.61077880859375,4847267
2018-12-06,357.83548844563074,360.13852679980516,347.9516020868014,349.2470703125,6200377
2018-12-07,350.06267296668926,359.46678678168064,349.05510294013095,358.3632507324219,3286454
2018-12-10,345.5525940645576,350.73443762811075,343.1535897032162,344.6409606933594,2917295
2018-12-11,332.98181100873484,348.86320843661724,332.98181100873484,341.3783264160156,6177739
2018-12-12,342.57787242976315,360.95424264292996,341.18643798471567,359.32293701171875,2845017
2018-12-13,359.7547145434709,361.24211492737686,355.05267150747875,356.06024169921875,2369770
2018-12-14,355.05266517556095,356.1562013860539,352.1738597822456,353.709228515625,2380991
2018-12-17,354.23698368745715,362.34563026969255,354.23698368745715,356.3960876464844,3175781
2018-12-18,354.09303884129116,359.2269139605684,350.2546319161823,357.8354797363281,2687027
2018-12-19,358.79508568888696,362.1057234146319,356.97184823495377,360.66632080078125,1607147
2018-12-20,359.08299427742236,361.62593311260343,354.0930533563439,359.9945983886719,2746343
2018-12-21,359.1789328985248,364.1688738456078,344.64097185491335,346.51220703125,10909545
2018-12-24,346.65614144064773,351.9339512065261,343.8253044886968,346.51220703125,2268806
2018-12-26,345.648606527482,363.20930909756953,343.05766975530014,361.33807373046875,4519020
2018-12-27,363.9289825161298,370.21436258992856,358.55520658116194,368.4870910644531,5043675
2018-12-28,369.39874886592236,374.96442795728456,368.4871153822067,371.749755859375,3282766
2018-12-31,371.55785775385465,374.1967629103885,370.07045727660955,372.03765869140625,2062181
2019-01-01,370.69412836979757,375.10830208691493,368.5350245251476,373.2850646972656,1233249
2019-01-02,372.3254612972588,373.23709463030247,362.72944425351506,365.8961181640625,1506543
2019-01-03,366.9517153998115,369.7345547093017,361.38603678083126,362.825439453125,1902063
2019-01-04,363.3532162052164,368.439123322939,360.66634287546617,366.7118225097656,1669709
2019-01-07,369.44669706883315,371.3179323133308,364.02495269606635,366.2320251464844,1260331
2019-01-08,367.5274959551619,367.5274959551619,360.5703827810759,363.4491882324219,2154121
2019-01-09,366.5679102276839,366.5679102276839,358.2193623384515,362.0577697753906,1166498
2019-01-10,362.68150792112186,366.37595138155086,361.72190613197716,364.8885803222656,1286641
2019-01-11,364.93652744461946,365.6082603717893,359.9466160025037,361.9137878417969,1829555
2019-01-14,361.7699101008983,361.7699101008983,357.35573557959214,359.32293701171875,927301
2019-01-15,359.8506548225341,370.4062740306618,359.8506548225341,369.5906066894531,1965520
2019-01-16,369.7345603446764,374.9164334716923,363.88101281590843,373.5729675292969,2847403
2019-01-17,375.39625287655605,379.4745607112731,370.88611249839096,378.56292724609375,4156932
2019-01-18,380.48210258247656,383.7927404096303,376.40379505164293,383.1689758300781,3617922
2019-01-21,381.44174562698214,386.4316870949862,376.25990135465497,380.19427490234375,2563705
2019-01-22,377.50736912275096,378.7548691223445,371.4618890665035,374.82049560546875,3328908
2019-01-23,374.24468758858376,376.1638911146791,368.10324216202315,369.63861083984375,3653992
2019-01-24,370.40627991575724,370.88608079647713,362.34563097660737,365.560302734375,3633336
2019-01-25,367.04768088858435,368.24718311371043,357.2117626425504,358.74713134765625,4760625
2019-01-28,359.80270044255246,360.1865352990137,280.2996868214534,312.9261474609375,15177384
2019-01-29,316.66853777066933,340.27474371597185,314.3654997165534,335.140869140625,9816333
2019-01-30,334.94897183820626,334.94897183820626,322.0423461522684,324.48931884765625,7672859
2019-01-31,326.1686489896461,327.8959498165078,316.8605290141077,324.9691467285156,6403921
2019-02-01,326.1686266364081,332.7898728071312,319.88324693272824,324.7772216796875,3119675
2019-02-04,323.6256700751979,325.113040981374,315.75692450032676,322.0903015136719,4517829
2019-02-05,319.64331829498576,327.1761971709587,317.3882485406256,326.0726318359375,3262960
2019-02-06,325.1130417815272,327.99184685970386,305.96900558248433,317.0044250488281,6687853
2019-02-07,317.1963443119672,322.7620519900453,309.5675280289032,318.92364501953125,4871712
2019-02-08,319.54737377598275,322.90597980666126,314.74936516072773,318.10797119140625,2915806
2019-02-11,319.4994302138536,320.4590320114207,305.53720648841863,315.5170593261719,3783848
2019-02-12,315.5170428503852,316.6206082877393,310.19126486588044,313.59783935546875,4496913
2019-02-14,328.18380043759635,337.97175005927295,326.31256530016003,334.9969787597656,6612759
2019-02-15,333.5095464196377,338.6434211760617,333.26964600377414,336.0045166015625,7728519
2019-02-18,333.94141679245394,338.64345962023083,331.59038073620445,333.2696838378906,6875440
2019-02-19,333.46164055783134,334.4212424011632,323.91359050278936,325.8327941894531,3300497
2019-02-20,328.18377956527485,341.9540697402354,327.1762094997956,340.418701171875,4885571
2019-02-21,337.87578584592285,344.73693257892796,336.6282859860081,341.3783264160156,4089677
2019-02-22,339.2671761519158,344.11318240531716,338.45153811826964,339.98687744140625,1719606
2019-02-25,315.7089599913642,325.83274623464615,307.6483115506564,311.438720703125,21795407
2019-02-26,310.91095319744977,313.3099574659486,302.9942391114036,310.43115234375,14243781
2019-02-27,313.35794421169135,318.8756543527788,309.56753481603835,312.1104736328125,5738757
2019-02-28,315.42108895019135,316.38069064546454,312.01448536113963,312.68621826171875,5059506
2019-03-01,315.5170476666118,321.2746582392487,313.78977620870944,319.73931884765625,4756894
2019-03-05,319.7872808986318,326.7443935363365,317.1483761050197,325.5448913574219,5098498
2019-03-06,328.6636184097466,335.0929622209944,320.554971438741,323.43377685546875,7949482
2019-03-07,324.3453956099626,328.66360353968105,321.4665903234836,327.12823486328125,3047318
2019-03-08,327.1282869130867,329.095488409351,324.44141326541643,328.3277893066406,2265000
2019-03-11,329.3353124653691,338.64343130855065,328.3277131177627,337.1080627441406,2918059
2019-03-12,338.30764753918635,350.39863767237273,337.39604327967095,346.4642639160156,5386817
2019-03-13,346.8480971358464,354.4769142007971,343.34552698849274,352.31781005859375,3888377
2019-03-14,352.1738657299938,354.28500143463515,345.64858510883147,351.2142639160156,1775804
2019-03-15,351.45419946308687,354.0451363334288,346.8960903915519,352.2698669433594,3057825
2019-03-18,350.3026094442047,360.61832832504155,350.3026094442047,354.0930480957031,3037029
2019-03-19,355.05264209218,356.97184556294854,347.855629076798,350.9743347167969,1933040
2019-03-20,352.17385523750943,352.70162450558405,344.9768418470971,346.03240966796875,2925322
2019-03-22,345.07285525381815,347.37589399796434,340.94654943936,346.1763916015625,3229387
2019-03-25,344.4010999713592,348.33547343459014,338.88338930400687,346.75213623046875,3162063
2019-03-26,346.7521154817796,354.90873076283975,346.7521154817796,353.709228515625,2657710
2019-03-27,352.3658012993886,356.68400950509323,349.4869958289188,351.50213623046875,2965654
2019-03-28,353.9490945154335,367.1915863219119,351.50209259844684,365.8961181640625,5909606
2019-04-01,365.5602992013545,370.88607721198474,363.49713200642145,367.575439453125,2479521
2019-04-02,367.52748350146,370.4062888552573,362.24967368616484,364.3608093261719,1825681
2019-04-03,364.9365363933185,370.69414693405804,364.6486675801701,366.56787109375,2701443
2019-04-04,366.56789771847116,366.6158660959061,359.5628160989972,362.9693908691406,1397625
2019-04-05,363.68904806359006,373.18909913495617,362.15367947075754,371.5097961425781,2443633
2019-04-08,372.6133528085867,372.6133528085867,359.9945954837887,364.5527038574219,2624528
2019-04-09,364.4087402196656,366.18400919552033,357.93142883985587,365.32037353515625,1542463
2019-04-10,363.11331343196287,369.8305259980896,360.04260525828147,367.9593200683594,2067637
2019-04-11,367.04768438785254,367.5274852824772,362.24967544160614,364.12091064453125,1621369
2019-04-12,363.8810204264938,371.36590287916124,362.0577535478872,370.0704345703125,2146541
2019-04-15,369.4467073420541,373.2851146910624,367.2876032082369,371.41387939453125,2070828
2019-04-16,371.413861608965,380.53007862631966,370.50225747806314,379.66644287109375,3728013
2019-04-18,379.04270054358875,379.5225014303528,373.1891238681231,374.7724609375,3218018
2019-04-22,372.7093497925259,375.9719902002778,368.72700800285565,375.2522888183594,2279282
2019-04-23,373.81286911664495,375.87603641243925,369.974461920336,375.10833740234375,2424827
2019-04-24,372.0376053894154,378.08308462253706,370.5022367522781,375.9239807128906,1674322
2019-04-25,374.2447258098507,377.0275653499533,371.9896555794361,373.5250244140625,5163069
2019-04-26,371.6537412665903,377.7952158151393,370.07040425646045,375.9239807128906,1681376
2019-04-30,375.348212069492,378.035114493179,369.25473520696715,376.9315490722656,2502107
2019-05-02,376.9315619911214,380.96190112242624,374.3886231680294,379.33056640625,2139442
2019-05-03,377.12351490313813,382.30535886929,369.4946687274677,371.6058044433594,1863548
2019-05-06,370.4062685260909,370.45423689879925,363.161287163886,364.45672607421875,1648057
2019-05-07,365.6082667927305,368.4391036694499,355.1486135734523,356.8758850097656,1628805
2019-05-08,355.10061821251765,359.75469258761643,352.8455775129417,354.8607177734375,1688110
2019-05-09,354.9567076036221,355.7244066309808,346.5122232957408,349.1990966796875,1315271
2019-05-10,349.19905438510943,363.40117718150447,349.19905438510943,357.4996032714844,3030255
2019-05-13,354.9566831694784,357.2597215235734,348.2874685458435,350.0147399902344,1520562
2019-05-14,348.2394663482986,358.69911948015886,347.3758306373599,355.5804138183594,3050760
2019-05-15,356.0123028675847,359.8507104456719,344.59304617972055,345.6006164550781,2499138
2019-05-16,346.41624662211893,358.89106990768,346.41624662211893,356.4920654296875,3157194
2019-05-17,353.9011726191782,357.73958025836555,347.3758913464503,352.2698669433594,3059404
2019-05-20,372.80525994591954,391.70942512424665,360.85820708318556,383.9366455078125,10973781
2019-05-21,392.4771223278519,394.7801607095061,369.7345487578015,371.941650390625,9115899
2019-05-22,373.28508050646764,377.55532000507026,363.11329610615945,370.3583068847656,4543570
2019-05-23,382.8331414868705,413.20453193852325,376.30783181813945,391.085693359375,23021274
2019-05-24,391.9493642279573,398.0908098487702,383.3609164631418,393.6766357421875,9272570
2019-05-27,392.71700651266144,400.44178869596783,389.21446606839305,395.73974609375,5088602
2019-05-28,403.03269222875946,409.5579717223854,392.1892053183968,395.9796142578125,18296760
2019-05-29,395.6437780131988,396.26754255987555,387.96696424211785,390.1260681152344,2511011
2019-05-30,390.12607932125013,395.1639885032314,385.3760682347863,392.7649841308594,5598272
2019-05-31,392.28517649433627,400.8256553405405,390.8937715531777,399.5781555175781,4217665
2019-06-03,399.57817021284853,409.12621951534067,395.45189432563234,407.5908508300781,3852273
2019-06-04,406.29538256431823,412.4848256795229,400.537771958443,408.3585205078125,7683485
2019-06-06,410.8535163069213,412.14898463010735,403.8004370226627,409.0782470703125,4848580
2019-06-07,409.0782436510533,410.1338115087051,402.50499461988335,408.022705078125,2648848
2019-06-10,406.9671085241699,412.148952123493,403.6085023951076,408.5504455566406,2374282
2019-06-11,407.5429075751388,410.5176498105806,406.0555071726942,409.0782470703125,1707108
2019-06-12,408.0706141512508,412.0529552636843,405.9115103726728,407.7827453613281,2329686
2019-06-13,406.8711120520408,409.0781842006996,405.43170953298875,407.7827453613281,2925612
2019-06-14,407.7827589078847,410.8534668130399,406.63122514050144,409.1741638183594,2745328
2019-06-17,408.79031757406153,409.12618402056154,405.0478768616654,405.767578125,2736051
2019-06-18,407.7347656939232,408.5024646421165,401.6892865610934,404.37615966796875,3509487
2019-06-19,406.3913723957324,407.68684071485944,384.5124625260971,391.22967529296875,5938743
2019-06-20,381.87357299876817,395.93173443124016,373.9568576310078,384.9922790527344,8383317
2019-06-21,385.903852623936,391.1816624502318,381.5856445842395,385.7599182128906,4710025
2019-06-24,383.84071688346677,390.94176428886635,383.64878481113595,389.59832763671875,2582740
2019-06-25,387.67911411227175,390.74985148249533,386.38364586906107,389.262451171875,2099347
2019-06-26,389.0225232562878,400.72967570816644,387.6790867334623,398.1867370605469,3327963
2019-06-27,398.4746406057811,401.4014143316215,388.3508535035569,390.078125,8841636
2019-06-28,392.1892290325164,396.65137110934194,390.55789441811044,393.6286315917969,2148799
2019-07-01,395.35594816952135,397.2751518014122,391.9973418137123,396.5554504394531,1457022
2019-07-02,396.31548904411176,399.6261265139368,392.8609171809723,397.32305908203125,1671598
2019-07-03,397.27515815409623,402.5529682261917,397.27515815409623,398.1387939453125,2542307
2019-07-04,399.1943618166764,400.393864105789,396.6514228207024,398.1387939453125,1101623
2019-07-05,399.578168990991,399.6741350244118,384.36847516252936,386.1917419433594,1670037
2019-07-08,384.8003212094106,388.11095912821855,379.9543438407373,381.7295837402344,1648021
2019-07-09,381.63365141356616,389.59833471981096,376.78764470397596,388.63873291015625,1952280
2019-07-10,390.5099681528722,392.28520807295484,386.0957939715159,388.63873291015625,2023029
2019-07-11,391.7094631240133,396.9872729788778,387.58315784846747,396.2195739746094,1732979
2019-07-12,395.30797094172743,402.4569867396216,393.05290086780167,398.5226135253906,2818537
2019-07-15,396.8432999013131,399.3862680172307,391.61348783049993,392.5730895996094,2601603
2019-07-16,395.0200502406104,404.47213323240436,391.18164328229574,400.8736267089844,2111513
2019-07-17,403.22467328377945,404.08830901515705,397.5629994436689,400.201904296875,1698318
2019-07-18,399.8660510879286,402.360992148687,394.1564091022008,395.73974609375,1300071
2019-07-19,397.80291485788274,399.8180844967613,385.520023519984,389.1185302734375,1894624
2019-07-22,387.4872082712264,392.95695043067104,380.48212660747515,390.7498779296875,1941825
2019-07-23,392.47711574800167,392.47711574800167,381.92149649805543,383.6007995605469,2835920
2019-07-24,383.8407174708492,384.36848674348255,362.7294780099525,365.4163513183594,4748109
2019-07-25,365.41633079996564,369.97443906399087,361.7698559026339,364.9845275878906,2998970
2019-07-26,365.4645760051681,369.0649758002409,362.1522257737782,366.4246826171875,2701597
2019-07-29,366.32865516261,367.5287883918154,357.1596490115317,358.93585205078125,1888927
2019-07-30,361.57614875534244,364.74448879194165,356.29556249425843,358.55181884765625,2312161
2019-07-31,358.1197772342012,366.5687039582807,353.9433074841786,362.4882507324219,2429787
2019-08-01,361.00011011327524,362.7763133235927,351.6870636376412,356.29559326171875,1720133
2019-08-02,353.7992931009061,364.60049268675465,349.14277008609224,360.4720458984375,3029294
2019-08-05,357.15969947507443,357.15969947507443,344.82232227565373,353.1752624511719,2432675
2019-08-06,351.01501456557094,363.4964016366105,350.6789713613244,361.9122314453125,3719169
2019-08-07,364.4084864314308,364.4084864314308,351.06300915536,357.39971923828125,3419644
2019-08-08,362.9203110532306,364.36047101772755,352.79119768965387,359.0318908691406,3397923
2019-08-09,362.6322950547723,365.32058196680197,359.31991537733415,361.576171875,2223023
2019-08-13,361.384139218624,364.4084693229916,344.77430580089526,346.16644287109375,2576776
2019-08-14,347.1265415702211,348.51870790864064,342.3740313151808,344.5342712402344,4506969
2019-08-16,341.8459295830374,344.2461959873562,336.0372966046366,343.0940856933594,4433448
2019-08-19,343.33415341670286,348.9027604210039,342.2780302124028,343.1421203613281,2152462
2019-08-20,343.1420688640613,345.398325075518,337.9574994484568,340.7898254394531,1767899
2019-08-21,340.8378275766468,340.8378275766468,334.50111844336544,336.7093811035156,1459740
2019-08-22,334.885159150975,334.885159150975,327.2043066080616,331.2847595214844,2171160
2019-08-23,332.5809124032706,340.02173837480797,326.1001930087058,335.4132385253906,2246560
2019-08-26,351.3990450866121,360.0400052116927,335.413274715239,353.51129150390625,4974219
2019-08-27,355.52748545950186,359.31991849702416,352.6471654715498,357.2076721191406,3040184
2019-08-28,358.2158004553418,359.3199172535431,349.52681760834446,351.3510437011719,2186454
2019-08-29,352.3591686318642,355.5275091093186,346.8865485706625,351.5910949707031,1725632
2019-08-30,353.75131630683484,354.13535311700747,345.06233331351086,351.11102294921875,2313806
2019-09-03,348.23073908750547,352.503196657095,345.2063793054977,346.8865661621094,1638833
2019-09-04,346.8865071075811,351.15899324994905,342.42201722293896,349.8148498535156,1846644
2019-09-05,351.11102626408695,353.0792332473851,346.83853979773727,351.9270935058594,1642165
2019-09-06,353.31923647898157,353.9913228336398,349.2867769512895,351.15899658203125,2366109
2019-09-09,351.2070035987735,356.96764354386085,349.1427801451432,354.8074035644531,2954338
2019-09-11,356.39158718478546,359.99198699080046,351.8790743745286,358.455810546875,3341392
2019-09-12,360.04002681974316,361.19216662561934,355.71954649790626,357.5917663574219,2625251
2019-09-13,361.4801451436194,361.96019845722316,355.6234888576279,359.27191162109375,2925109
2019-09-16,358.11977128121373,358.8878448614972,353.41525467668737,355.8155212402344,2561643
2019-09-17,355.8155422233967,358.3598190707719,348.32669252342004,350.7269592285156,2609989
2019-09-18,350.4388966623258,353.6072366107289,349.6708231294182,351.73504638671875,1469778
2019-09-19,351.6870487844421,351.87908183155054,343.57416529637067,347.46258544921875,1317155
2019-09-20,347.99062880357707,369.44898663487004,346.5984625938834,365.5125732421875,6134710
2019-09-23,378.2820566745458,400.8445651310225,370.6972192662248,394.5558776855469,6695717
2019-09-24,393.59573879461135,400.8445323908489,387.83509880815603,397.34014892578125,3112368
2019-09-25,392.9716411938398,401.2765871790332,392.77963744339536,398.2522277832031,2997555
2019-09-26,395.75595704891794,403.8208467268895,395.5639240065332,402.4286804199219,8639414
2019-09-27,401.32455667915576,403.7248231664713,389.89929405955945,392.299560546875,3789544
2019-09-30,386.92297774881945,398.9723044177197,385.4348241698373,397.4361572265625,3152658
2019-10-01,398.6362414829415,401.22851152415643,385.57878686382355,387.9310302734375,2532760
2019-10-03,387.4030420487503,389.99534178251156,382.6985252172302,387.7870788574219,2619077
2019-10-04,389.32324997817136,391.0034366303583,377.27392313539707,378.85809326171875,1610595
2019-10-07,380.2022271925403,384.76273370558215,375.0656508388779,379.4821472167969,1399825
2019-10-09,380.5382882001607,386.7789816156038,375.92975855944746,384.4747314453125,3905912
2019-10-10,381.93039502913365,385.5788177013346,379.8181780821915,383.9466247558594,3034826
2019-10-11,385.24280798284065,393.883768161895,380.1062313497099,392.73162841796875,2283201
2019-10-14,394.5077846643885,396.52401432607195,388.6511287138327,391.1954345703125,3313476
2019-10-15,392.53959357584307,397.9641900653205,391.1954501811246,397.2441101074219,2434978
2019-10-16,396.5240578256002,397.2441378337581,387.49906091671437,393.64373779296875,2008661
2019-10-17,392.77964310547947,394.7958729650544,388.45916310644617,392.82763671875,2478950
2019-10-18,393.64375385449955,406.8932148251593,391.723540421063,404.87701416015625,4047650
2019-10-22,404.68498482933654,411.74177512233,400.4605210968384,403.96490478515625,2380735
2019-10-23,401.32457797564683,402.2846846215216,379.2421251205275,380.2982482910156,6752056
2019-10-24,383.082552362897,385.4348253693877,377.65795566440073,383.2265625,6433637
2019-10-25,386.87497235968215,386.87497235968215,381.01831614625837,383.0345458984375,3272059
2019-10-27,386.2028894033164,386.2028894033164,382.650483175391,383.8506164550781,110114
2019-10-29,385.00275273977394,385.00275273977394,382.2664430261114,383.0345458984375,2269051
2019-10-30,383.27456794840066,388.84317453026426,379.7221617943692,382.21844482421875,5590453
2019-10-31,383.3225724684558,384.0426524417841,377.945969474245,380.01019287109375,2529130
2019-11-01,380.2022351943353,381.4023685124992,372.3773718199324,374.2015686035156,3665336
2019-11-04,374.4415962238751,379.1941358959993,374.20156955962904,375.4017028808594,3146855
2019-11-05,376.0737823624546,377.22589274962456,371.08121611766325,374.44158935546875,1395899
2019-11-06,374.4415962238751,378.66605965458,373.00143623839864,375.4017028808594,2277683
2019-11-07,374.92162031803934,376.36178019122,372.56934747179315,374.8736267089844,1615593
2019-11-08,375.5937344007337,375.5937344007337,370.1211147581872,370.74517822265625,1206504
2019-11-11,370.745167410037,373.62548728524143,367.24078408856406,372.42535400390625,2300763
2019-11-13,375.4017040956929,376.16977770371386,354.66339437769506,356.0075378417969,5392849
2019-11-14,357.0636530792969,359.1758994045288,351.25501963510317,354.3753662109375,2662084
2019-11-15,354.3753890960027,356.1035694372473,350.91899911338226,351.68707275390625,2362065
2019-11-18,351.68705173940225,352.7911978193594,349.57483470410784,351.06298828125,1835202
2019-11-19,352.8391739087063,353.46323733586615,347.12652794441885,349.52679443359375,2758083
2019-11-20,349.95889002736845,362.0562402340197,349.47883668028015,352.0711364746094,6385953
2019-11-21,353.319263480695,361.2401437081834,353.319263480695,357.2557067871094,6556285
2019-11-22,357.39969590460606,360.56803608914856,355.6715156766973,356.6316223144531,3679373
2019-11-25,357.15968389426115,364.0724636896861,356.67963055569356,359.7519836425781,3050808
2019-11-26,362.0082081329016,362.92032118927597,353.7513142126149,355.6235046386719,4348236
2019-11-27,357.1596947702226,359.415951390222,352.5991879149576,358.0718078613281,1417796
2019-11-28,361.00010508333895,362.63229812956564,355.71951843983265,357.7357482910156,1649478
2019-11-29,357.15971561338614,369.5931099065398,356.007575778451,366.80877685546875,30111277
2019-12-02,365.8965995085557,368.0568391719228,360.85604029403254,362.68023681640625,3783084
2019-12-03,364.8405657897244,364.8405657897244,345.20637098967165,347.5106506347656,4189825
2019-12-04,347.07857892537476,355.5755292487194,343.0941419014722,353.1752624511719,4369308
2019-12-05,353.31924079487857,358.69584379743515,350.5829310319576,353.7032775878906,3179935
2019-12-06,355.86354042763514,356.4876039189835,348.9027668930728,351.5430603027344,2376977
2019-12-09,353.5593152945261,362.4403028477491,350.3909746982944,358.6958923339844,4988293
2019-12-10,358.98390018043295,360.85612002238713,351.4470564963423,352.2631530761719,2108098
2019-12-11,354.23136653290595,356.0555633402994,350.43893347795546,354.9514465332031,1710192
2019-12-12,356.63160925996584,361.4801358831009,356.1035330484528,357.63970947265625,2012086
2019-12-13,357.68773853500954,365.7046353214343,357.68773853500954,361.9122314453125,2699035
2019-12-16,362.20024760786845,365.2726007257874,352.31116045353764,353.6553039550781,3579883
2019-12-17,354.4713987347303,358.11979240648674,352.8871992692351,356.4396057128906,4226416
2019-12-18,357.2557167704721,360.8080940583549,354.3753966072597,359.5599670410156,3960881
2019-12-19,359.0798815886577,359.3199082474737,352.9352049829953,354.9034118652344,2769484
2019-12-20,355.4314923529879,362.92031247771433,355.4314923529879,357.44769287109375,10808900
2019-12-23,357.20769687142325,359.27194977926627,349.7188761038709,352.2631530761719,4275342
2019-12-24,353.31925484454126,357.1596815276341,351.39904150299486,353.89532470703125,2948878
2019-12-26,354.08730438877404,355.8155138587531,347.6546077119933,349.14276123046875,2503435
2019-12-27,352.11914019726254,353.2232570672344,348.3267069263463,349.1908264160156,2146972
2019-12-30,356.1995706107268,356.1995706107268,349.23879733059806,351.3510437011719,4732203
2019-12-31,351.3990478515625,353.94332471505174,350.3429246346054,351.3990478515625,2043206
2020-01-01,353.31923601405595,364.12043548459434,351.39902277484913,362.5842590332031,11377167
2020-01-02,362.8723310138126,369.3530510964502,361.4801646093419,367.8648681640625,5919760
2020-01-03,367.43284726979977,369.01701747106716,364.07247380644964,367.2408142089844,3684824
2020-01-06,372.52138245106073,372.52138245106073,359.79996926168815,365.0325622558594,12482680
2020-01-07,368.7289556405722,374.201575390713,367.1447854918884,369.44903564453125,8091465
2020-01-08,363.8804331320009,372.1373564720672,363.1603531192067,370.26513671875,4620991
2020-01-09,373.62549255482037,378.28201561210176,370.64915611510537,376.1697692871094,4186783
2020-01-10,376.16979388129516,378.57006063474944,374.4416135388606,376.4098205566406,2405154
2020-01-13,376.26577192306837,378.1859851294123,373.7694888947956,374.7776184082031,1516112
2020-01-14,375.4017032132688,376.9378797258299,370.60116992409655,373.67352294921875,1963128
2020-01-15,373.76949583023804,375.7857255943368,370.60115570103204,375.20965576171875,1536571
2020-01-16,376.36182957148935,378.85811287255103,374.24958309363757,375.3537292480469,1340762
2020-01-17,375.30569998217663,376.74586001994413,370.60118305216247,372.1373596191406,1644832
2020-01-20,372.1853045327821,373.6734872904899,363.6883555617639,364.88848876953125,1760945
2020-01-21,363.6883953917361,366.76074846014546,360.3280220419703,364.79254150390625,2005178
2020-01-22,364.79252221245775,369.64104892637556,363.8804092028476,368.2969055175781,1817459
2020-01-23,369.11300988282795,371.32124343725764,365.5606035907843,370.4571533203125,1202104
2020-01-24,367.7208448661621,371.9453082421965,365.1285452058005,369.4010314941406,1572385
2020-01-27,368.3929530702702,370.8412134389408,364.64851349447105,366.0406799316406,1076027
2020-01-28,365.51263483570773,366.2807084807524,355.43151441880633,358.0718078613281,2220618
2020-01-29,362.4402550850755,372.28134810394175,358.8398552001244,368.056884765625,3588224
2020-01-30,365.8006385924324,368.39293830250955,361.81620180112355,362.9203186035156,1526892
2020-01-31,364.8885210891127,366.32868106599403,353.5592743243648,354.66339111328125,2912256
2020-02-03,349.4787969918566,355.2394365027114,341.31789101814564,352.6951599121094,2857926
2020-02-04,355.3354594864151,361.0000825817953,351.7350597266233,357.63970947265625,3061868
2020-02-05,357.15969858356317,357.6397519418744,346.6945412324045,351.9751281738281,3441871
2020-02-06,355.23948549112606,358.31183870731826,352.9832288448723,355.4315185546875,4172547
2020-02-07,355.4314963319415,358.79186963324247,352.55117635939786,354.8074035644531,2197903
2020-02-10,355.2874453440157,358.55183131355494,351.543035361453,353.55926513671875,1537598
2020-02-11,355.71950538037447,363.30434187528783,354.327339050872,359.27191162109375,2836917
2020-02-12,361.91221313051705,363.7844035163509,356.7756366973488,359.1759033203125,1873710
2020-02-13,359.07988288063115,359.75196924778567,352.3591364096033,354.3753662109375,1602247
2020-02-14,355.5274686577326,357.15966162715546,351.39902192349166,352.2151184082031,1012713
2020-02-17,352.21514029551395,352.21514029551395,345.06233383225776,348.3266906738281,1979626
2020-02-18,348.03868477564964,353.7513314596061,344.0542477616927,351.9751281738281,1693616
2020-02-19,356.1995590772825,359.5119386647644,352.69517574422997,356.4875793457031,2057811
2020-02-20,356.1995826535077,359.55995607476723,355.2394759617193,356.0555725097656,1799254
2020-02-24,352.9832462068285,356.5836465747074,347.0785954635336,347.7986755371094,2070656
2020-02-25,347.8466441400081,350.15092364984565,341.41394685874974,344.10223388671875,2530137
2020-02-26,342.66207384313583,348.0386771992049,338.82164706024804,344.10223388671875,4164401
2020-02-27,344.3902547579973,346.35846160005286,337.4774754051797,339.5897216796875,1977795
2020-02-28,333.1569614766869,334.7411313700812,325.6681423623909,328.5484619140625,4299292
2020-03-02,332.29289534930206,337.0454053709934,324.8040463967424,327.060302734375,2510491
2020-03-03,330.27666729406525,335.12519385841824,328.356454112123,333.44500732421875,3671071
2020-03-04,333.92503838099856,335.84525143505863,326.3402026774864,332.14886474609375,3490806
2020-03-05,333.4450188093268,337.86151513994037,332.6769452301457,335.2212219238281,2709900
2020-03-06,326.2442190496949,329.5086050107431,318.0353191361934,327.7803955078125,3966036
2020-03-09,321.3476698348112,321.3476698348112,304.2097622796904,309.05828857421875,3230309
2020-03-11,309.92240120049223,313.3307972374092,303.58572103069537,307.4261474609375,5634335
2020-03-12,276.70275887504266,289.85620290503834,272.6702990701501,276.1746826171875,9895066
2020-03-13,249.62773454179123,288.7040877843468,222.74474774498293,281.07122802734375,21079070
2020-03-16,265.00585723867283,268.7431252527251,244.62079129723645,253.7455291748047,7727458
2020-03-17,257.2400816726489,275.05274985665636,257.2400816726489,259.3271179199219,9691217
2020-03-18,262.0937197893256,265.0058722314292,248.50367505950868,252.7748260498047,5581367
2020-03-19,240.73793451224384,256.41501585508655,233.94291216714018,250.7848663330078,8727962
2020-03-20,250.0567946637543,256.75473843733096,239.96132536164436,248.8919219970703,7028900
2020-03-23,228.1185821574532,228.89515901655375,197.05562628920427,201.71507263183594,5716748
2020-03-24,209.6749611271238,231.75878226435557,206.37452784898574,224.96376037597656,9694177
2020-03-25,215.7904795380643,258.69618536849316,215.7904795380643,248.11537170410156,11745146
2020-03-26,250.10532896167865,252.4835984106035,234.42824907852466,240.9320526123047,8701776
2020-03-27,251.41580515431323,251.99824151575294,236.85504423804028,243.9412841796875,4871435
2020-03-30,240.7379086296534,247.38732856296272,230.06001752108006,244.28102111816406,8946439
2020-03-31,247.53293557664045,251.99824151575294,239.81573525341017,243.9412841796875,6401278
2020-04-01,238.8450190635956,240.54377451239503,228.16712767114197,237.63162231445312,4034211
2020-04-03,238.79648023123548,245.39736150896485,231.9043807713175,237.63162231445312,7210403
2020-04-07,246.75634303928038,248.35803552560841,238.40818286425056,240.83497619628906,7360798
2020-04-08,240.73790516691722,248.35804236412636,235.6416390293111,243.50445556640625,6897792
2020-04-09,246.56222466486693,247.14466104162014,240.2040226018627,244.52371215820312,5290625
2020-04-13,244.62077175975253,257.7254559611679,240.2525436926141,255.15306091308594,6979344
2020-04-15,257.2401173945092,271.21844237719546,257.2401173945092,261.0259094238281,7606664
2020-04-16,259.18154069745896,263.3556135857058,252.67772239592284,259.76397705078125,3267284
2020-04-17,266.94733393127984,267.8209738266287,255.88115946764577,260.29791259765625,3470146
2020-04-20,265.4912542600508,265.4912542600508,258.74475532781173,262.5791015625,2234365
2020-04-21,258.25935122374034,261.70541575213895,253.26016256169362,257.43426513671875,2562044
2020-04-22,252.3865184358613,265.8309600542526,250.9304423679621,263.93804931640625,3229099
2020-04-23,265.49124362096336,271.50970413763565,260.6376559862108,269.47119140625,3594086
2020-04-24,265.9280557511421,268.8402080844317,261.65687529649426,262.72467041015625,2515755
2020-04-27,265.2970584966208,268.9858024594821,261.60834415770415,263.21002197265625,1845577
2020-04-28,263.2100272638444,266.6560919414741,262.0937081354638,264.95733642578125,1808291
2020-04-29,265.97660951980833,284.61439838683424,264.71468855049824,279.2268981933594,4058322
2020-04-30,286.4101665725275,287.33235998286136,276.75154589476796,281.6051330566406,4675412
2020-05-04,266.94729814315406,271.8008853821205,254.32797132184132,258.55059814453125,6359013
2020-05-05,263.7439432129832,263.7439432129832,253.4543323104536,255.39576721191406,4866839
2020-05-06,253.4543375852946,265.4912283000698,253.4543375852946,262.23931884765625,10547916
2020-05-07,263.25856773483963,276.1690971583963,260.5890949152066,274.1305847167969,6505707
2020-05-08,276.7515565775475,278.4503121497759,272.3347743153858,276.7030029296875,2594066
2020-05-11,276.8486293727983,284.66289301782706,276.8486293727983,281.21685791015625,3204070
2020-05-12,280.53731792050814,284.22603205050854,276.89712780908286,282.964111328125,4602740
2020-05-13,288.3030766867707,302.7667604678163,254.66772366476977,300.29144287109375,9559902
2020-05-14,292.2830369932479,302.32996876180516,292.2830369932479,299.3692626953125,5684066
2020-05-15,299.9516870965857,302.86383939849435,296.40857438738595,300.1943664550781,3712050
2020-05-18,297.0395496591666,298.3500241853934,282.8185444646527,284.71142578125,3625908
2020-05-19,291.0210561202944,311.5031985833229,288.642816334533,309.8529968261719,10540236
2020-05-20,308.68812006062984,315.28898625008503,302.4269812475588,314.2697448730469,6985180
2020-05-21,310.04712066451424,312.71659342005773,306.1642512019056,307.8630065917969,4602568
2020-05-22,305.7759413410107,305.7759413410107,297.5733685253028,301.5047912597656,3428549
2020-05-26,303.25212130798127,311.16346249249784,300.5341243347304,306.3584289550781,4031218
2020-05-27,303.83455202782375,318.88067201642207,303.83455202782375,317.0848388671875,6352246
2020-05-28,319.85137676775236,324.3652066607787,317.86141798797047,322.0840148925781,5654879
2020-05-29,320.3367272751949,320.3367272751949,312.61951245035175,314.3182678222656,12299517
2020-06-01,316.45387083063497,326.5008017955988,316.45387083063497,319.7057800292969,2865749
2020-06-02,320.5308675572297,331.6455629804804,316.25968769480085,329.995361328125,4668305
2020-06-03,333.9267905249275,334.84898391810617,326.9861669373524,329.6070861816406,5177337
2020-06-04,331.0146133489568,332.85897037244695,327.71418031366767,329.267333984375,4625229
2020-06-05,330.14100634317015,336.9845524264047,327.3259316998519,331.1602478027344,2348630
2020-06-08,333.0531277229095,337.4698798027451,330.96609135138215,333.24725341796875,2771175
2020-06-09,334.4121175293222,341.0615371118053,331.30581024841365,335.9167175292969,3387618
2020-06-10,335.91671044089316,339.50837630715716,330.4321636104693,336.4020690917969,2324983
2020-06-11,337.80964222115347,337.80964222115347,326.9375959092863,328.7334289550781,4260956
2020-06-12,320.9676868870091,337.61548356836704,318.1040884696469,335.1886901855469,3022904
2020-06-15,336.35355038674464,336.69330737252966,326.986134201195,329.80120849609375,2474091
2020-06-16,336.8388935085133,336.8388935085133,326.06392586054227,330.8204345703125,2686016
2020-06-17,331.0146132976529,336.305034655946,327.6656266214575,331.3058166503906,2457982
2020-06-18,330.3836781899549,335.3828669534739,325.3359357813089,333.7326354980469,2502231
2020-06-19,334.31503023228856,344.5075618224434,331.49995600360546,338.6832580566406,6917609
2020-06-22,339.7511045381541,343.5368966353616,336.5477488306582,339.3628234863281,2515837
2020-06-23,339.75104898009164,346.74022526582974,336.59621781099077,345.235595703125,2715717
2020-06-24,344.94444706368057,349.45827721964525,339.36282180253346,341.54693603515625,2841354
2020-06-25,339.55690641441316,341.2071377066679,332.17947848747633,333.9267578125,5056963
2020-06-26,337.8096389660374,338.78035631938815,329.65561912268026,333.15020751953125,3979419
2020-06-29,331.3543513510033,333.9752702476534,329.1702374584913,332.61627197265625,3263757
2020-06-30,333.92678958000835,339.5569387175354,332.3736357967078,333.8297119140625,2828818
2020-07-01,335.77114799476715,336.8874670974645,331.3058419600333,333.7326354980469,1202080
2020-07-02,335.8682133365341,339.3628018278301,334.8004182942015,336.644775390625,1204040
2020-07-03,339.9452575554609,356.0591432758298,338.44062775698154,349.8465576171875,9300920
2020-07-06,354.4089557635543,355.28259556556554,345.67249849554855,348.9244079589844,3360559
2020-07-07,350.42895557462936,350.42895557462936,334.1694403228979,335.8196716308594,4348413
2020-07-08,338.7803627721035,339.41132313901073,329.3643924156798,330.6263427734375,3988463
2020-07-09,331.014617666721,336.35356311295845,330.04390031285965,333.1016540527344,3635224
2020-07-10,331.0146127215155,332.6648440480032,322.52083600212177,325.14178466796875,3368457
2020-07-13,326.40371403597254,329.7041471527372,321.7928065514495,322.4723205566406,2187702
2020-07-14,322.9576947214534,323.73425680123387,310.3383683693813,311.0178527832031,3146768
2020-07-15,311.163437639061,314.9977830574421,303.73745576603926,305.92156982421875,3905249
2020-07-16,307.7173985099342,308.1542331649669,300.53409607833936,302.0872497558594,3122788
2020-07-17,302.86381633136983,309.5617601908327,301.5048179521074,303.83453369140625,3264266
2020-07-20,306.7467156332912,309.36766461011604,301.2621679399535,308.0086364746094,4328735
2020-07-21,311.50320171789093,315.82290591402466,304.4169766843535,305.4847717285156,4264584
2020-07-22,306.9408555197625,309.31909538926675,300.0487560147766,302.86383056640625,3068805
2020-07-23,304.22280174106413,306.69814867799425,302.47552241706535,304.7081604003906,2831414
2020-07-24,304.7081942393589,304.7567478850486,296.40857209274867,300.3399658203125,2457668
2020-07-27,299.9516896005214,301.6019211016234,289.27379773771963,300.0002136230469,5465737
2020-07-28,300.82531563766133,310.6295672797162,299.0294825270367,309.27056884765625,4973488
2020-07-29,307.7659268818929,313.54170701865576,302.91234008593847,305.92156982421875,4000041
2020-07-30,308.54252605174185,312.32831791992186,301.019466334945,303.34918212890625,2498353
2020-07-31,305.7759984679247,308.8337525278148,303.5918841931538,305.97015380859375,1944926
2020-08-03,301.89312261126565,310.1927448399072,299.61193071176126,302.2328796386719,2408531
2020-08-04,303.8345671174489,308.44547508488625,302.2328892219704,305.72747802734375,3182644
2020-08-05,307.1349794503782,319.1718692861838,304.2228272502344,317.52166748046875,8387003
2020-08-06,320.4338049355214,321.2103669702478,311.9885520941437,314.3182678222656,3281920
2020-08-07,314.41536596598456,318.7350703284181,312.13417410744046,317.0848388671875,2634656
2020-08-10,319.36599485005485,324.1710573820258,316.1626395780351,321.5986328125,3187734
2020-08-11,323.7342619938637,326.88909363248456,321.0162650470914,325.1903381347656,3504782
2020-08-12,326.16105874884016,337.56698863068203,322.035509642642,331.20880126953125,10674205
2020-08-13,333.4899321100888,338.7318294735774,331.7426527382208,337.4698791503906,2707033
2020-08-14,343.39125474146806,343.39125474146806,333.5870038049798,337.9067077636719,3376980
2020-08-17,340.57620001623746,347.51682338531754,336.64477683765193,346.9829406738281,4507708
2020-08-18,346.4490283383952,348.97289946095435,344.119312542165,346.9829406738281,2151389
2020-08-19,349.45823832153917,355.4766976088757,345.0900103425199,346.2063293457031,3269069
2020-08-20,344.55611023855704,346.64314646487844,337.76108928145646,343.2456359863281,3533915
2020-08-21,347.41972853999044,348.8272805264042,342.6632195196059,343.97369384765625,1341709
2020-08-24,347.9051024204835,352.66161164885284,337.4213665855493,338.7803649902344,3488987
2020-08-25,341.5954506418911,341.69252830767647,331.01463679806153,335.9653015136719,3532971
2020-08-26,336.20795637630215,356.1561858484478,336.20795637630215,343.8766174316406,11568355
2020-08-27,345.5753948307025,346.98294691203444,339.3142557433214,340.28497314453125,2996658
2020-08-28,344.60469415545765,352.37043374205956,338.2950307413437,349.5068054199219,5406394
2020-08-31,354.311838263956,367.2709210129194,341.69251251756856,345.33270263671875,19379155
2020-09-01,346.5460753325742,354.65157069441284,331.4028795613206,338.586181640625,6726316
2020-09-02,342.6147375182537,352.8557948167262,334.0238821185594,349.3612060546875,5694675
2020-09-03,352.85579910695225,357.2240277066257,349.02145326432714,355.2825927734375,4285869
2020-09-04,352.7586620356624,352.7586620356624,340.81885105663804,342.6632080078125,7628188
2020-09-07,344.60465583573614,347.46828383944097,337.03307243033066,341.74102783203125,3344349
2020-09-08,342.3719873443849,345.5268184199679,333.48990077089945,335.4798889160156,2339457
2020-09-09,334.31507169334367,336.15942885645967,325.53009094000595,333.78118896484375,3413201
2020-09-10,335.8681962262371,338.7318241997081,326.74345924776935,331.5970458984375,3892385
2020-09-11,331.0146270529197,333.82970153415295,323.6857226730263,332.470703125,4656343
2020-09-14,334.89748818588293,343.24566338139203,333.3928881320162,341.3527526855469,4221864
2020-09-15,344.7016943564491,346.3518958733666,340.721747787984,342.32342529296875,2042309
2020-09-16,341.93519231038147,345.67246009576616,338.73183685087633,343.1971130371094,1998091
2020-09-17,341.69252830767647,345.0900392425539,334.8975064379215,335.9653015136719,2433176
2020-09-18,338.4891578341215,349.26409691222096,336.9360041216206,347.3712158203125,4963124
2020-09-21,347.5168070393353,348.48752437743394,333.87824028862536,337.6640319824219,3086172
2020-09-22,337.66403915763334,338.1493978369964,317.5701779824277,322.5693664550781,4670128
2020-09-23,322.8120335680248,325.53005984387613,310.7751447005164,315.0948486328125,4281260
2020-09-24,312.1341443284456,313.4931722840109,302.96088337203065,304.56256103515625,6847625
2020-09-25,309.6588336811143,320.0455211431926,306.35840062622947,316.5994567871094,6282538
2020-09-28,318.20115656342,333.150228443052,318.20115656342,329.6070861816406,4249775
2020-09-29,333.3443643785467,336.2565167108414,327.0347009919081,331.0146484375,3490634
2020-09-30,330.57774221562477,336.40204562009166,320.3366872456794,331.74261474609375,2757175
2020-10-01,335.38285356900195,344.50759098299363,334.41213619253597,342.9544372558594,3004005
2020-10-05,345.4783206109395,347.51683309859726,338.2464936741761,340.0908508300781,11896461
2020-10-06,345.575431608458,353.8265303968622,344.4591124030516,352.27337646484375,7483578
2020-10-07,351.9335905811326,357.95205046565854,348.4875555719903,350.0892333984375,4024700
2020-10-08,349.2641001911193,352.17625232041917,345.9151430167905,349.215576171875,3036028
2020-10-09,350.4289791392027,351.8365312096995,344.75027646105013,346.7402648925781,1988867
2020-10-12,348.58461503057197,352.22480518414113,344.6531918903513,347.17706298828125,3626399
2020-10-13,347.1770510921483,348.1477684331715,338.197915687684,339.65399169921875,2413110
2020-10-14,338.87747425411214,340.9159868632084,334.60632331654386,338.73187255859375,2363379
2020-10-15,340.33354631117305,343.4883780460725,331.2573321644424,332.7619323730469,2855273
2020-10-16,334.26652213429173,344.3619765509548,331.9368064418221,339.7025451660156,2634960
2020-10-19,342.2749431203042,342.2749431203042,334.7033300251076,337.372802734375,2181974
2020-10-20,336.5477582539791,341.98375237964086,335.5284871374579,338.73187255859375,1999765
2020-10-21,339.9937629190864,349.60385907252453,339.3142489023616,344.9444274902344,4398526
2020-10-22,340.28492444503405,353.3896074859048,339.8966434649073,347.8565368652344,4506437
2020-10-23,349.4582512251214,358.1947075057494,347.17705949372436,353.6808776855469,6357073
2020-10-26,355.28259561684695,362.9512577395251,349.7980478114854,353.0499572753906,7541562
2020-10-27,349.65240549049764,355.4767096599744,340.7217939143895,353.7294006347656,5869559
2020-10-28,352.37037139630024,359.1653923323171,341.6924813539881,343.2941589355469,3863941
2020-10-29,340.28493242801744,340.28493242801744,331.1601958732466,332.6648254394531,3346474
2020-10-30,335.0916782738401,352.07923378491944,333.1502433582882,349.31268310546875,12044256
2020-11-02,349.4582347397784,352.0791833499034,340.9159341846049,346.4490051269531,9364431
2020-11-03,351.3996541197264,352.03061442471136,337.0330502760099,343.2941589355469,7971473
2020-11-04,356.8842181144594,358.68005108799684,339.36278227218673,350.5260314941406,17940352
2020-11-05,355.33107888254085,363.6792541292697,353.63232349726235,357.8549499511719,16920686
2020-11-06,357.85497628562604,364.89267768539685,355.0884256726512,360.2332458496094,7290106
2020-11-09,364.01900304419195,364.9897203856431,355.28254697113135,356.3017883300781,7038841
2020-11-10,359.84493499770304,363.53364909353434,353.4867185542783,356.0105895996094,6850175
2020-11-11,356.0105819043412,361.5436825524313,354.5545059047324,360.71856689453125,4370366
2020-11-12,362.0775848816551,364.60145600937227,355.3796408448261,357.27252197265625,4759659
2020-11-13,356.73867618336396,359.553750968593,352.07924409911914,354.7972412109375,4156320
2020-11-14,358.1947439078421,358.1947439078421,352.3704391288528,355.3796691894531,444529
2020-11-17,357.70937398088853,375.42496712919575,355.5252597571246,368.5328674316406,11192618
2020-11-18,370.8140486978139,383.62753029297056,370.8140486978139,379.6475830078125,15514329
2020-11-19,378.5797659104343,381.2007146009297,368.48431141094454,370.7169494628906,6894431
2020-11-20,369.8433045603906,371.44498223802907,362.0775658819572,364.8441162109375,5562369
2020-11-23,364.8441258182394,368.24163657951937,359.456626693844,364.16461181640625,4065424
2020-11-24,366.9311630803358,390.22837978384916,364.989728355043,380.7638854980469,19485370
2020-11-25,384.6952755082747,392.84932498034317,373.1437449214346,387.2677001953125,18238080
2020-11-26,389.0634964554233,400.9062598053021,384.06430809934665,398.13970947265625,12856261
2020-11-27,398.9648660392847,403.81845321737813,396.2468690691304,399.4987487792969,10593353
2020-12-01,402.84768365238534,413.5255740624486,399.93553172236807,411.3899841308594,9170159
2020-12-02,412.4577888647706,429.0570611837728,408.0410368492203,425.36834716796875,13049398
2020-12-03,429.05706409125753,431.48385744019,420.36913205250244,423.0386047363281,10810399
2020-12-04,426.82441677027197,444.8797351942138,426.1449027977832,440.4144592285156,10271034
2020-12-07,447.50070497870826,460.9936704187874,445.5592702499503,457.6932373046875,16140936
2020-12-08,458.85813516641014,460.7995700016834,444.15174259005954,449.78192138671875,9218366
2020-12-09,453.9560169124114,456.1401312102489,444.73420098820867,450.3158264160156,5811412
2020-12-10,450.31578642298365,460.21711554341096,443.6178424292562,457.2078857421875,4785102
2020-12-11,457.9359294458183,461.09076096823253,449.1509489022116,452.6455078125,4922448
2020-12-14,454.8781659252487,458.6154337279754,449.5392203853372,453.32501220703125,5943652
2020-12-15,455.75183320358684,465.60460918937594,447.9375697447753,461.8188171386719,10973876
2020-12-16,465.94436874142565,466.3812034366988,459.2949483877225,461.6246643066406,5452263
2020-12-17,464.00295474094736,464.7795168741988,451.9175102835763,454.0531005859375,6757703
2020-12-18,454.0530722796967,459.100814702988,445.0739361629951,449.7333679199219,5980780
2020-12-21,445.5592612554736,453.32500001373893,414.6904615409458,431.2411804199219,8223842
2020-12-22,431.24122742527817,456.7225605033053,422.2620910073067,454.9267272949219,9462053
2020-12-23,453.47062144271405,462.7409902635528,448.95679151764966,456.9652099609375,7943560
2020-12-24,460.9936915813724,468.75943085290174,452.35431256658484,464.53680419921875,7679078
2020-12-28,465.94431568991695,478.51511688987785,465.94431568991695,469.3903503417969,8372924
2020-12-29,470.79793524654684,475.5059205238011,464.1970688287501,469.2447814941406,5866837
2020-12-30,469.8271894020636,473.3217777273632,464.14848707644444,471.1861877441406,3736356
2020-12-31,471.18624206909413,476.4281103494286,466.187053150108,469.5845642089844,4386328
2021-01-01,470.79791912336145,493.12441838075796,468.4196497441921,489.095947265625,7815730
2021-01-04,492.15371023470516,495.9395020809527,480.69925703345507,484.2908935546875,9998803
2021-01-05,484.2908862602064,489.72690941537377,477.5929423832783,484.8247985839844,5135408
2021-01-06,487.1059364246015,490.16371966353876,475.16612530930684,482.2523498535156,5203982
2021-01-07,485.4557959740567,505.64673642993705,484.8733595873009,498.8031311035156,10295126
2021-01-08,504.7730838030404,511.90783349994564,499.43413772435434,501.8609313964844,7272250
2021-01-11,505.2098895043174,507.19984835162154,489.24157620902827,493.4642028808594,7156036
2021-01-12,492.1537174439372,505.40403353581365,487.8340132025934,496.2792663574219,6751375
2021-01-13,500.7931009718305,524.1873652398631,499.5311210275749,520.9354858398438,11045555
2021-01-14,522.1974630535661,526.5656915700043,514.577295537267,521.2267456054688,6066782
2021-01-15,521.0811212412791,525.1581464272613,508.6559495894361,512.4902954101562,5427713
2021-01-18,515.4509666879471,516.7128875251755,489.04744016056816,500.40484619140625,6258367
2021-01-19,500.890200981855,519.3338324133574,500.890200981855,517.1982421875,6694907
2021-01-20,513.5095243693744,546.0285585213102,513.5095243693744,542.2427368164062,14440729
2021-01-21,545.3975428856113,545.3975428856113,526.7598163612953,531.6134033203125,8870257
2021-01-22,533.4092538890548,541.1749937090956,516.1304946390425,520.1104125976562,6843849
2021-01-25,527.0995823524078,531.4192869118724,506.7145156315964,508.31622314453125,5816153
2021-01-27,512.7814751763296,520.3045351528873,497.492675869132,503.6567077636719,8920054
2021-01-28,500.5989799015344,512.4902681672635,492.20225061066003,503.8993835449219,5707393
2021-01-29,512.101971245109,517.4894411625208,492.25081746363054,494.7746887207031,6781488
2021-02-01,499.23989264881874,529.4777600678334,485.45572484302147,526.8568115234375,10259084
2021-02-02,532.6326596972186,538.6025362758096,524.1874063016695,534.671142578125,7160471
2021-02-03,533.4577347935976,545.8343816313749,526.128830280413,543.6987915039062,7462289
2021-02-04,541.5632655570724,556.6093853792587,537.8259679879898,551.7557983398438,6850462
2021-02-05,554.279598928141,557.1432269192907,545.2034155345135,550.3482055664062,5586868
2021-02-08,555.3959159140318,576.6060648005564,554.3766153708775,565.0059814453125,8887710
2021-02-09,572.38347048687,572.5290425308118,556.4151593077628,564.908935546875,10917915
2021-02-10,567.6270042090295,569.8111183765717,534.3799329919977,559.9583129882812,19987392
2021-02-11,559.9582826409329,576.3149056245787,559.4243999451567,574.51904296875,10595917
2021-02-12,574.9558910896724,603.4464816802194,568.9374314970199,598.5443115234375,24953701
2021-02-15,599.8548400439989,621.1620992094884,592.9141868091363,609.3678588867188,15146033
2021-02-16,611.3578137243977,624.6566541074202,609.6590582547972,617.91015625,15120148
2021-02-17,638.7320879151973,650.3806974212496,627.9571478212557,636.5479736328125,34868085
2021-02-18,641.4499662060765,650.3805770237399,630.0440381761825,644.6047973632812,13189027
2021-02-19,645.4785568153495,656.8359624179908,610.2415265079869,634.3638305664062,17553743
2021-02-22,639.5085757463362,658.6317193136416,629.9955576043528,654.0693359375,16739107
2021-02-23,660.0877799872545,662.70872861031,639.9453955244081,642.6148681640625,11247164
2021-02-24,647.1772674274993,651.3513401721701,634.2667385553328,645.72119140625,3919187
2021-02-25,649.7982089886495,690.5197538713315,647.61409498073,683.6762084960938,18596690
2021-02-26,676.6870715061132,682.8511625053601,648.4392190462189,656.10791015625,19909990
2021-03-01,664.5531056363535,684.0160368254569,653.5840109105715,672.610107421875,11600468
2021-03-02,677.1724043022336,703.4788802162712,675.6192802307426,699.40185546875,11486477
2021-03-03,710.5651545401678,732.8431312759436,702.2170083909009,708.4780883789062,19961472
2021-03-04,711.7785943152337,743.2783884839795,694.8880864141192,730.4163818359375,30607959
2021-03-05,730.4162483621682,738.715869474493,709.1089916571841,727.0187377929688,17665200
2021-03-08,740.3661712573506,745.3168062876823,722.4078993954864,726.4849243164062,15286852
2021-03-09,733.4254836876006,737.162781042722,717.0203959823072,728.7660522460938,8548163
2021-03-10,735.3184096973636,736.8715337942695,721.2430077955659,723.524169921875,5235249
2021-03-12,727.0673144448328,730.0765146105366,701.8286626750523,706.827880859375,10961076
2021-03-15,706.4881008479507,706.4881008479507,685.3749977273527,697.9943237304688,13403522
2021-03-16,709.9828055648537,714.156878979183,693.3349766852247,696.3441772460938,14979009
2021-03-17,694.062942964919,695.9558537498556,663.7765481495994,668.0962524414062,8151544
2021-03-18,674.6485963755545,684.8411291265521,655.6225589395144,659.7481079101562,10925357
2021-03-19,657.5640205079849,671.2511127742913,637.8584089891832,666.1548461914062,10373422
2021-03-22,665.9122044098511,704.9835837502251,661.0586169141525,700.760986328125,22864950
2021-03-23,708.8663367451481,732.8915908833781,705.8085534284014,716.9232788085938,30612174
2021-03-24,719.3016362102508,728.5234520591001,677.2210581149211,686.151611328125,21213413
2021-03-25,690.1800733539264,691.4905181484811,663.1456173865461,668.0962524414062,16860086
2021-03-26,677.560718760708,689.8888411092265,672.3188213060984,682.4628295898438,12350673
2021-03-30,682.4627843294192,696.97501978027,676.8811598673906,689.7431640625,9109273
2021-03-31,684.3557506602729,698.8194632740915,678.1431357494504,681.8319091796875,7752226
2021-04-01,692.606853346509,720.272298785017,684.3557555841469,714.690673828125,15017049
2021-04-05,710.3224214301362,723.1844263279145,694.0629058046428,720.5149536132812,15622924
2021-04-06,733.8623861192663,827.7307746060575,721.2430593738292,811.0829467773438,64555516
2021-04-07,831.9048403669407,859.0849285002829,771.7203595002542,790.8920288085938,97717880
2021-04-08,794.046803804678,813.461151085966,782.3981954359052,798.900390625,34025873
2021-04-09,800.5991367408382,812.4904243129209,793.1246012745233,799.4827880859375,21804785
2021-04-12,786.1841025031515,786.1841025031515,713.4773403147747,722.8447875976562,28112240
2021-04-13,728.0380509392468,733.6196759964477,680.8126256691656,709.6429443359375,52812517
2021-04-15,714.3509281436461,732.4062473207896,703.7700852320378,728.3777465820312,26108614
2021-04-16,728.9116770433795,771.5746568983395,721.2429863294176,733.376953125,41791181
2021-04-19,694.0629040102709,709.4973335468561,686.7339998804388,699.8386840820312,22935238
2021-04-20,722.8932284543586,724.0581011337003,689.2093242774203,699.3533325195312,21315167
2021-04-22,669.3096721862755,723.0874418449961,669.3096721862755,716.1953125,26840536
2021-04-23,714.8848003204912,725.0288084217093,699.0135361866569,704.1098022460938,18435449
2021-04-26,711.535798549489,717.9910924537639,707.5558812199208,709.3516845703125,9390549
2021-04-27,713.4772769823613,735.3184181144744,706.0512652982881,727.2129516601562,20573107
2021-04-28,732.8916040161746,737.7451907977387,719.3986090642724,724.3978271484375,11156977
2021-04-29,731.1443790096152,743.4239189316387,721.6313600597132,724.8832397460938,13851910
2021-04-30,717.3601739767425,737.2113570818337,703.2847713750338,708.6722412109375,12600934
2021-05-03,706.3424776450271,741.6280283304441,692.8494832733697,739.1041870117188,25953577
2021-05-04,757.0139532920791,759.1010194359756,737.7937603017178,746.239013671875,31400296
2021-05-05,749.3939196380063,752.1119168233838,711.2447332469459,716.486572265625,29426971
2021-05-06,723.1845080939556,731.6297618501345,714.0597402658282,719.1074829101562,11926793
2021-05-07,725.8053783880493,755.2181024032786,723.4271090180506,745.2682495117188,20782117
2021-05-10,751.7235770974008,756.6742121305946,740.1234923357506,743.03564453125,9201326
2021-05-11,729.0087458778362,766.5755199983486,728.3777558873094,740.317626953125,12978165
2021-05-12,740.6573268094902,750.1703448455398,725.8053634294665,729.5911254882812,10615003
2021-05-14,735.7067682941271,736.4348063709792,706.1969345465646,712.0697631835938,10876267
2021-05-17,718.3308527854228,737.7452001580019,715.4187006795361,732.1150512695312,12271212
2021-05-18,742.5988436752745,757.1596053159661,734.9301521786872,753.1796875,9877934
2021-05-19,761.0424020478227,768.711092808428,746.772845159849,749.7821044921875,15666729
2021-05-20,753.7620563163892,756.6742084979079,738.7644607319911,743.2783203125,6964023
2021-05-21,749.3937779213816,752.5486092403512,744.2004639108468,746.67578125,5274817
2021-05-24,747.161176991659,757.0625060875001,724.7375700322707,744.1033935546875,8354397
2021-05-25,750.3645078649072,753.9561738918453,736.7744650316488,741.6280517578125,4730725
2021-05-26,745.3653097481518,747.3553277573446,734.8330499701908,736.094970703125,7375242
2021-05-27,736.0949477952528,742.5987658292163,727.5041230269705,729.3970336914062,7909776
2021-05-28,732.8916063943043,761.916079141392,731.9208890348416,753.4223022460938,13623565
2021-05-31,757.111048632708,757.111048632708,739.3954560674255,747.0155639648438,7820165
2021-06-01,750.4616172503407,778.3212191856134,741.9193157635384,774.82666015625,17847137
2021-06-02,779.4376209569717,799.8712122853127,779.4376209569717,787.7372436523438,27748928
2021-06-03,794.8718570164215,824.1390080326349,786.960546374968,801.1329956054688,24105079
2021-06-04,806.4720020097988,817.2955246912987,798.9004181587226,809.4326782226562,14457348
2021-06-07,812.8787453675802,872.4807560457907,811.1799899783758,852.8722534179688,33684310
2021-06-08,857.5316852147419,861.8028057795157,833.991790725549,848.60107421875,16422574
2021-06-09,853.503247566504,874.6163503638558,806.9573378257537,827.6336059570312,31225441
2021-06-10,833.4094713774488,838.6513694105711,818.606029971343,821.9550170898438,11744190
2021-06-11,827.0511999013844,831.3223800319545,796.6677580456643,815.159912109375,17460610
2021-06-14,733.6682158513836,760.7512556300006,661.155612563248,745.9478149414062,89771631
2021-06-15,779.3890116539543,779.3890116539543,732.891625240844,739.541015625,45408426
2021-06-16,732.8915536482777,732.8915536482777,677.3665128335604,686.0059204101562,29440056
2021-06-17,663.0000301920687,684.0160870591002,619.6574715762561,627.9571533203125,70812142
2021-06-18,624.3654204954994,683.9674311079301,619.4147263894074,674.017578125,76266975
2021-06-21,671.7364416666118,722.8447365417021,665.0384678988154,709.6429443359375,51759617
2021-06-22,718.3308918723916,739.3469477459221,716.3894570294932,721.14599609375,35597113
2021-06-23,727.0673908112325,734.8331306329814,694.5483553076593,697.6546630859375,31168761
2021-06-24,707.7229813905973,708.7004993206948,685.9243434820147,693.9400024414062,21503302
2021-06-25,698.9253930498595,702.8354651788097,690.6164897758401,696.1883544921875,12085421
2021-06-28,702.8353911022033,713.539224359648,696.9702835269416,700.147216796875,14139292
2021-06-29,701.369125430594,706.7454741272745,693.0602228993605,695.0152587890625,9303151
2021-06-30,701.4669205026182,701.4669205026182,686.3153909071598,687.8794555664062,9100756
2021-07-01,690.1276725994588,695.8461287409415,684.2625649003134,687.2928466796875,8035542
2021-07-02,689.1501512046281,708.0162356099783,689.1501512046281,694.4287719726562,17676086
2021-07-05,700.8803705759397,704.7904423783159,687.1951192676229,694.0866088867188,11105134
2021-07-06,695.9927275075348,715.494221060597,691.2028660513595,696.677001953125,14580124
2021-07-07,700.7826956184268,706.7455317025987,690.127725286355,703.9107055664062,8719991
2021-07-08,707.7229825531391,711.633054279952,693.157941505577,695.6995239257812,7804439
2021-07-09,696.4815986753738,720.4307904894744,692.4248749722888,712.1218872070312,14924156
2021-07-12,717.8891922476719,719.1110896611768,698.9741844888379,701.90673828125,8664504
2021-07-13,703.8128939541904,704.6926839368165,686.2175716053356,688.172607421875,12287372
2021-07-14,693.4512690086333,695.5040328722353,679.7170938547152,681.5744018554688,13812481
2021-07-15,683.9692980124374,690.5186799846675,679.8637108311171,683.3827514648438,7490612
2021-07-16,683.9693610986143,687.0974306520894,669.8442139717254,672.141357421875,6941246
2021-07-19,670.5772914614835,677.4199168845598,646.5303745541415,658.5538330078125,13618862
2021-07-20,646.1393918335575,665.5431000831923,645.1618738428864,657.4785766601562,11533588
2021-07-22,662.7571518020591,679.3749564932612,651.7112112046166,676.2468872070312,9740403
2021-07-23,684.2626045610194,684.2626045610194,661.9752059450534,664.7611083984375,8682097
2021-07-26,664.7121805274786,675.4160136023878,659.286968045471,667.44921875,5339116
2021-07-27,667.4492449653145,670.8705577935843,645.5039550342484,648.2899169921875,7133113
2021-07-28,653.3729833656889,661.5352339047987,639.4922173563363,650.4404296875,11132158
2021-07-29,655.9146305423186,655.9146305423186,643.1580315530387,644.81982421875,4572153
2021-07-30,646.3837632503751,672.3368536456426,644.6731067880867,659.3358764648438,13440904
2021-08-02,666.6672038701228,679.3749364952131,662.7571322931719,676.4423828125,8925708
2021-08-03,682.3076062851885,698.8765493446215,679.6194316185921,689.1990966796875,18429941
2021-08-04,701.8578821846668,701.8578821846668,676.4424156988711,679.0817260742188,14045587
2021-08-05,679.3749935647093,684.7513424346458,668.6222958248362,677.9575805664062,5851411
2021-08-06,677.3710421032986,703.7151614940047,675.9047652503423,694.7219848632812,17504802
2021-08-09,697.9478355673357,700.8803894982908,678.4952039601479,684.1648559570312,7521213
2021-08-10,685.9243397532088,690.8607933407739,667.8891221083604,677.419921875,5937282
2021-08-11,677.8109128893653,689.150096282159,669.1598439680499,683.431640625,6297975
2021-08-12,685.2401395559921,694.4288329102317,684.2626215252418,688.2215576171875,5068665
2021-08-13,688.6125794101782,693.5490334663166,683.3339582501112,688.3193359375,3390071
2021-08-16,688.172620436286,700.3427305569912,686.217584582774,691.0074462890625,6385995
2021-08-17,689.932144839063,698.8275938227584,670.6261656718199,677.0778198242188,7262774
2021-08-18,680.7923407205045,692.3759037547931,673.2165771364621,689.5411376953125,7354758
2021-08-20,674.4873433320737,690.5186605750043,665.4941668217213,671.7503051757812,6274741
2021-08-23,676.2468784115332,676.2468784115332,650.0494103481396,653.2752075195312,6636881
2021-08-24,657.8695657516425,686.2175856725901,653.4707350742542,679.7659912109375,7640710
2021-08-25,682.7963065664428,708.7005329429793,679.7660247045612,704.5460815429688,21275432
2021-08-26,708.7005288162977,716.5206725825465,701.564659562188,705.4747314453125,14969643
2021-08-27,707.7229638604712,715.4942431448455,706.012307525173,710.655517578125,6751256
2021-08-30,714.1746827814575,718.8668172787416,710.7533695139194,713.5881958007812,4757858
2021-08-31,715.8363970598936,737.0485489284916,711.7308096558162,731.4766845703125,15419587
2021-09-01,733.1873642309885,734.9468846990283,721.0172531940206,728.0065307617188,5320381
2021-09-02,728.2508457966179,743.5490250130995,727.2733278827969,736.90185546875,5788915
2021-09-03,738.9547266698536,744.868698498304,728.5441363492789,737.9283447265625,4491254
2021-09-06,741.3496648733345,747.8012597194544,730.45031545799,734.3115234375,5260360
2021-09-07,736.9508603047217,738.1727578316476,724.9762645408481,728.7396850585938,3515903
2021-09-08,731.9654370928147,736.0710244606456,721.6526345392717,730.0592651367188,4036193
2021-09-09,728.3485965017676,734.1159762388684,725.3183147393346,732.84521484375,2829060
2021-09-13,731.183397585036,735.7288797373456,723.8520132509614,728.3485717773438,2514604
2021-09-14,730.9878813074378,745.6017859973689,728.6907380836748,738.4170532226562,5615411
2021-09-15,741.4962019673591,752.493278503348,736.6574763589322,748.7298583984375,7039338
2021-09-16,751.7112691838649,755.3769613287797,742.9136080360694,752.3466796875,4625316
2021-09-17,755.9146271961398,768.3291172315834,742.9136502493682,749.85400390625,9701785
2021-09-20,742.7182044325867,758.5540088172937,729.3261951793787,732.0632934570312,5570433
2021-09-21,737.0485393983737,741.740613658238,717.5470442283843,732.7474365234375,7766479
2021-09-22,733.1385362126509,742.5226856109862,725.3183918263827,728.544189453125,4343365
2021-09-23,737.4395645507583,742.9136411996769,733.6760846495362,737.5372924804688,3526253
2021-09-24,739.0036338372422,747.7035682065972,726.295899392951,728.055419921875,4445517
2021-09-27,732.8451895817087,736.8529891503807,719.8442133020378,733.3828125,3803939
2021-09-28,737.0485421587507,739.8833681091612,716.520664989873,722.092529296875,3748173
2021-09-29,721.0661799203997,731.0368158364232,719.4532513477089,725.318359375,2734053
2021-09-30,729.0329031788315,739.4923575781609,719.4532388334784,721.310546875,4356469
2021-10-01,719.3065491920988,721.6526161031991,705.7679496464744,718.4268188476562,4008108
2021-10-04,722.2391758238476,730.6947306862731,719.5021372602247,727.4689331054688,3414151
2021-10-05,727.4200638778962,736.8530770435283,725.3183762540224,727.2245483398438,3270764
2021-10-06,730.8902106812708,732.16097213155,705.6213349240796,707.7230224609375,3615568
2021-10-07,713.5881548604015,722.1903015069475,710.2157057575778,719.5999145507812,3237419
2021-10-08,723.0700484398471,730.2059176300113,717.009425142722,723.2655639648438,2878232
2021-10-11,727.1756695843532,729.2284335347479,719.9420124642651,720.8706665039062,2118247
2021-10-12,721.066207378986,724.2920049842432,712.4640008810111,720.3330688476562,2152513
2021-10-13,723.9498022770968,747.410234126158,722.4835252865305,741.9361572265625,9083125
2021-10-14,748.8765092057248,799.3164733502708,747.0681247871598,794.526611328125,19754735
2021-10-18,802.4444948389777,811.2421562335009,788.8569717089189,792.3271484375,8883845
2021-10-19,796.677132074146,801.5647218414721,767.3515934701898,774.4385986328125,5543852
2021-10-20,774.1942267761967,784.8491964391851,760.0202163112285,777.029052734375,5467049
2021-10-21,781.036802865093,784.8491465440106,757.8696166798072,761.8285522460938,4607499
2021-10-22,762.7572386763374,769.5998642745208,736.9508007895362,744.6731567382812,3860760
2021-10-25,747.8012028807652,748.3388257999179,721.9458421688321,735.142333984375,2973109
2021-10-26,735.0935966236385,741.496328119083,723.4122436276771,733.0408325195312,3093933
2021-10-27,736.7064136779221,739.5411798843352,726.9312343531329,729.0817260742188,3246881
2021-10-28,708.065026743174,717.986856729257,665.8363035944308,672.6300048828125,18160551
2021-10-29,681.3299935741343,693.6466955612233,671.5548143262987,677.419921875,7612968
2021-11-01,689.1501465658195,691.1051824426019,674.487377489951,688.5636596679688,3233662
2021-11-02,691.1051746099998,698.9253180285006,684.8979596367486,686.5596923828125,3028354
2021-11-03,686.2175961805005,703.6174036382403,686.2175961805005,693.2557373046875,3036191
2021-11-04,696.9702665492543,700.3427152554714,696.9702665492543,697.654541015625,453287
2021-11-08,700.8803864704751,718.5734379122855,693.1579706204691,714.0280151367188,3227351
2021-11-09,714.5656121122362,727.7621042647877,711.4375427805209,720.7728271484375,3456614
2021-11-10,719.8442698936818,728.2997646881724,713.6858588417748,721.310546875,2751881
2021-11-11,718.426894420111,724.8784896098501,712.1218911383859,718.573486328125,2325810
2021-11-12,721.1149994274215,738.5148069030006,717.7425505870658,733.4317016601562,4585484
2021-11-15,736.9508528093957,739.4923757743662,723.9009515567751,732.9429931640625,2434426
2021-11-16,735.7776994684101,744.5753601404207,726.7356593332881,729.668212890625,3378779
2021-11-17,727.6644369622163,728.2509239082316,716.5207076842064,719.0133666992188,2444025
2021-11-18,722.8256937160214,724.6340781425384,700.049536353119,709.7269287109375,2202581
2021-11-22,708.7005337801846,716.9117086574435,688.1726562499999,698.9253540039062,3557560
2021-11-23,697.9478314085533,717.1071597781131,689.3456851949338,712.85498046875,3487221
2021-11-24,719.111123789028,754.9859858217316,715.5431593070796,745.8950805664062,11647665
2021-11-25,747.6056759082721,756.8920959324461,738.514771396146,745.3085327148438,6140941
2021-11-26,733.1384163081779,748.7787025227523,697.2146339090772,701.0269775390625,7219931
2021-11-29,691.1052413442745,698.9253855179014,667.3027013809839,686.8041381835938,5930351
2021-11-30,688.1726581411717,696.6282125360743,664.4189831521301,668.4756469726562,6190734
2021-12-01,679.3750045801153,695.0641564223583,667.4004091756457,692.0338745117188,5582125
2021-12-02,694.0377709441597,725.61158999959,686.5108705097782,722.4835205078125,8478638
2021-12-03,722.3858074828132,729.7171925384574,717.498217445717,720.8706665039062,5578503
2021-12-06,722.3857557640446,727.762104419934,705.2791918589421,707.1853637695312,3537411
2021-12-07,712.6106573429669,733.0896723912463,709.4825876552329,727.9577026367188,3993342
2021-12-08,734.3115310634342,747.2147805526391,731.378977073295,744.2822265625,4621331
2021-12-09,749.4629793362102,758.3583682835654,742.9135975306513,752.4443969726562,4687479
2021-12-10,751.5646616169315,777.0779162364333,745.8462054013846,750.4405517578125,10049545
2021-12-13,757.5764086188769,761.2909648833838,733.2361878832281,741.3984985351562,4985928
2021-12-14,738.905889018332,748.7787970727741,733.6272678891867,746.530517578125,2919015
2021-12-15,746.5305249832276,749.4142150793657,726.247026036258,728.7396850585938,4673906
2021-12-16,735.0934960435067,739.4434628396541,722.7278701504629,728.3975219726562,3303620
2021-12-17,727.7621780499894,727.7621780499894,704.9860197360215,707.6741943359375,4973404
2021-12-20,700.8803282137853,700.8803282137853,670.0885146311713,685.92431640625,4559002
2021-12-21,694.0377911598279,711.633115442753,685.9244035619608,709.2870483398438,6943546
2021-12-22,710.6555392160919,713.4903650946551,701.124739343524,706.5988159179688,3626585
2021-12-23,716.3251636884984,730.6946899246253,712.4639557355683,714.85888671875,6641505
2021-12-24,716.0319040906566,718.3779710545681,697.3613349618048,706.1589965820312,3946754
2021-12-27,700.8804164163975,710.0691096181442,696.9703443582864,706.9410400390625,2663285
2021-12-28,710.7532929655703,722.2880527556331,708.8960446181427,712.85498046875,3604123
2021-12-29,712.61058582265,717.6936910971871,703.9106521991371,706.5010986328125,2396416
2021-12-30,706.6477817997136,709.6780637162366,700.3427788051791,707.9674072265625,3654532
2021-12-31,708.7005144487341,718.4756939583718,708.7005144487341,713.88134765625,2538092
2022-01-03,715.5431143044502,722.0436323091482,714.0768374308756,720.0396728515625,2377227
2022-01-04,726.2958191764246,730.2058908812775,716.1785325053015,722.630126953125,4068551
2022-01-05,722.3857850265704,741.7406290392095,717.5470591076701,737.9283447265625,5409002
2022-01-06,732.0632350107755,732.0632350107755,713.6858493587378,723.1677856445312,5440633
2022-01-07,727.9576548179627,730.8902087707708,714.0768875087457,719.5509643554688,2590751
2022-01-10,720.5284792769877,726.2958592248465,717.5959253366451,722.2391357421875,2173107
2022-01-11,722.0436838311472,751.6136028915552,712.1218524134615,747.8989868164062,8959781
2022-01-12,752.200094076716,757.478715093317,737.0485652161714,746.3838500976562,5775798
2022-01-13,745.846238912085,758.5539729957773,742.9136848927715,754.8394165039062,4049411
2022-01-14,751.7113416483859,777.1268096364977,746.4816442160176,762.561767578125,9627761
2022-01-17,765.8853675056046,771.6527476800223,756.5012183930576,761.535400390625,3187871
2022-01-18,762.4640330977819,772.2392130092919,742.9136732747619,745.79736328125,4300929
2022-01-19,744.6243626759446,744.6243626759446,719.4532732910997,727.4689331054688,5843870
2022-01-20,727.2733719988568,734.8002723244481,718.475710240806,721.4082641601562,4741333
2022-01-21,715.5431771230225,717.1561056907395,698.3877481286904,707.6253051757812,9244367
2022-01-24,707.625304792423,708.9449302285936,673.5099026921765,686.6575317382812,5349759
2022-01-25,680.3525389372724,696.8236936368753,674.4874308429855,695.113037109375,4482325
2022-01-27,684.066993688221,696.2859670667008,675.4648483623624,693.1578979492188,4749083
2022-01-28,696.9702894638275,716.3251326944666,691.5939408073745,694.1843872070312,3543413
2022-01-31,703.519690901128,707.6252782841411,698.4854495193559,700.1961059570312,2152066
2022-02-01,704.7904740541719,727.566631394065,704.4483666212728,722.1414184570312,6052108
2022-02-02,707.6252900769929,730.0592800031513,705.279223058184,728.4464111328125,6167378
2022-02-03,727.322242139473,728.2508961544102,713.0016395095163,716.0319213867188,2689612
2022-02-04,718.4756970597587,724.4874563493207,707.722999552742,710.606689453125,2453595
2022-02-07,712.415044184929,713.4903496886993,697.3123804726779,699.0719604492188,2610637
2022-02-08,702.8354480935442,706.7455201274443,687.1951599579437,701.6624145507812,3207780
2022-02-09,705.767978533467,718.8667432744809,702.8842885722405,716.9605712890625,3186942
2022-02-10,720.3330178907443,724.8784406656619,711.6819480352574,714.614501953125,4752601
2022-02-11,711.5353972249983,717.4005053994163,703.2753579467665,707.4298095703125,3621116
2022-02-14,698.7298604230036,698.7298604230036,675.4649437572988,680.108154296875,6219506
2022-02-15,683.9694431435315,706.2079804595938,674.4875054102424,704.3995361328125,3319096
2022-02-16,708.6027996031931,733.9693431687283,705.8657015595853,724.096435546875,9382605
2022-02-17,724.4386255786252,728.2509699576852,714.9078242939441,717.6937866210938,3407347
2022-02-18,713.4904152200905,722.5813207276959,709.1893121358864,711.1443481445312,2151557
2022-02-21,706.4522818894418,710.4112179204924,693.5978961176105,695.113037109375,2805791
2022-02-22,682.3074959097231,695.112956566628,669.5997631778802,689.687744140625,6112926
2022-02-23,695.0152659572125,703.2264406438323,689.1501582276157,690.8119506835938,2978284
2022-02-24,666.6672614996539,672.532369372085,637.2928581711546,640.1276245117188,9547717
2022-02-25,659.3358375175097,687.1950982576863,655.181386354501,679.5216064453125,5738223
2022-02-28,674.487369389079,693.6956205129518,669.1110207924995,691.5939331054688,4288186
2022-03-02,687.1462605260468,701.7601659311082,681.916503652838,694.3309936523438,4448558
2022-03-03,702.639894073096,708.309486279114,687.1951223177502,690.8119506835938,7533817
2022-03-04,684.1648002131651,694.7219815718412,673.5586952292559,684.4091796875,7941457
2022-03-07,674.4873762671571,676.1491686920016,648.6320149109907,662.5616455078125,4890958
2022-03-08,664.3701027488183,676.4424256418372,655.5235175154745,673.3632202148438,3831397
2022-03-09,681.3300590077756,701.8579373996886,677.1267434601198,698.0455932617188,5351552
2022-03-10,711.5353919571373,721.0661926700052,704.3994626673871,713.9791870117188,5850213
2022-03-11,713.0993400388192,715.2987554124825,706.0611989105047,713.0504760742188,2864685
2022-03-14,709.629234330236,717.0094836127432,707.7230622162592,714.1257934570312,1905433
2022-03-15,716.5207130713817,719.4532671494364,700.1472861355759,705.083740234375,4228582
2022-03-16,709.6780784196363,713.0993914698687,704.7904883478758,707.5275268554688,2693057
2022-03-17,714.0769104845718,727.0778881610751,713.1482564370434,723.4610595703125,4957379
2022-03-21,724.3407703538935,733.5783265237918,709.0915148432053,718.622314453125,6662688
2022-03-22,718.4756863492481,727.175619885872,706.794335026352,722.5324096679688,5010054
2022-03-23,731.1346129935025,734.1160310137617,715.34767314846,717.2538452148438,4698808
2022-03-24,716.5206762673564,725.6115815097795,714.5656403157401,716.9605712890625,2914647
2022-03-25,720.4307349314403,730.108186579286,713.6369731918284,726.5402221679688,4003497
2022-03-28,730.205966405985,732.8452770123347,710.2157108147542,720.4307861328125,5691095
2022-03-29,724.340810950906,749.65855007065,721.457121025999,744.81982421875,11423551
2022-03-30,751.5158282726966,758.5051058546718,744.9664457243709,750.1473388671875,6913983
2022-03-31,750.147323248771,763.441543938729,748.2900152177939,756.79443359375,5468951
2022-04-01,757.0876400371361,772.9234425037521,757.0876400371361,768.084716796875,6816743
2022-04-04,773.2167301724098,803.6664394293405,766.0319968103294,800.1473388671875,13743062
2022-04-05,821.1151228645161,841.5452730009737,807.4298708167743,828.984130859375,21090646
2022-04-06,833.7739939557871,843.2559305329956,821.11512386363,830.74365234375,8785541
2022-04-07,830.8903180204837,846.5306063596928,795.3086381835969,799.0232543945312,11662093
2022-04-08,804.4972558177384,825.8071347439882,799.0231792788161,820.4307861328125,5777924
2022-04-11,821.1151374260612,840.6654978409675,820.4308628789465,835.3380126953125,6030153
2022-04-12,834.7025684293704,839.6878859124448,816.2274560382904,825.9049072265625,5597246
2022-04-13,830.7925132150756,835.6801028688577,817.6937490777556,821.6038208007812,2955807
2022-04-18,812.6595901314562,827.7133916541252,802.9333334662473,823.7544555664062,3969878
2022-04-19,829.9127899756627,831.1346874874054,788.857033581107,800.8804931640625,4472320
2022-04-20,807.0388260412101,817.156173002422,801.564749180286,809.0427856445312,3071216
2022-04-21,814.2724639515818,839.590203082488,813.5881894442402,831.3790283203125,5539106
2022-04-22,828.3976332023892,866.0809398136053,821.7993867647574,854.4973754882812,17864000
2022-04-25,854.3018690189375,861.1444950268377,829.5706755229766,840.2255859375,10145325
2022-04-26,848.4855574512953,892.4738640011897,845.9440347158185,889.0525512695312,21010788
2022-04-27,893.5002274445018,903.8619530156994,860.2157547747302,867.3516235351562,20793885
2022-04-28,878.7886151094457,880.0105125164388,857.0877052286561,867.1561279296875,8778304
2022-04-29,872.6303141407053,878.6909375594525,832.9430482884308,837.1464233398438,11543840
2022-05-02,830.8902988267896,843.4513812438679,819.2089468106908,837.2930297851562,5760499
2022-05-04,841.1542314417416,844.771059941835,787.6839853896099,794.526611328125,7969164
2022-05-05,802.4444746119509,816.716212204805,787.879433916305,793.109130859375,6597383
2022-05-06,779.9615888534819,802.4933654570225,772.4346887764984,793.1580810546875,6150326
2022-05-09,789.2969401684614,789.2969401684614,765.3966125564244,774.78076171875,4768026
2022-05-10,777.3222749330965,785.8755568763239,747.850085286392,751.8090209960938,5344522
2022-05-11,753.6663434055126,767.3027308121734,732.2098123578088,742.81591796875,8985117
2022-05-12,741.9360676193901,741.9360676193901,689.4433457643203,697.2634887695312,10570456
2022-05-13,710.6555738437172,719.3555077600839,686.0221087324978,690.0299682617188,7247809
2022-05-16,698.9253011067708,711.7796854048968,688.1726041666667,696.4815063476562,5606071
2022-05-17,703.8129602530212,730.4991897300221,699.2674776862015,728.0065307617188,4430294
2022-05-18,735.7289219797703,749.9517964719003,725.3183317624693,742.7181396484375,9020504
2022-05-19,727.2733471345418,730.5480083673425,713.5880959787843,716.3251342773438,4445667
2022-05-20,733.0895923672757,755.4258534716662,728.3485945518873,750.2938842773438,5434279
2022-05-23,757.4297630734782,762.3662764733834,734.3603632156809,736.608642578125,4787481
2022-05-24,739.5900192290521,747.6056779411476,730.6946302047857,735.2401123046875,4653281
2022-05-25,718.4756981105917,727.2244957548706,689.5411904600298,691.9849853515625,7699306
2022-05-26,695.9927589595956,703.1286278421794,653.128622037731,685.7288208007812,13569693
2022-05-27,698.045544128121,698.045544128121,681.3300110507405,687.2928466796875,5815428
2022-05-30,697.9478010272215,720.4307133852413,694.0377293127833,718.1824340820312,5546106
2022-05-31,714.6633319160424,732.160926658649,711.6330502102758,723.2166137695312,6346866
2022-06-01,723.1678353710179,726.9801795991189,712.6595164219589,720.3330688476562,3196984
2022-06-02,720.4307591249983,734.995801051191,713.8325126879647,731.6233520507812,3536560
2022-06-03,740.9586152122471,741.4473741932578,722.1413944433344,723.2655639648438,2960614
2022-06-06,721.8969698154907,728.250836171348,708.993721591004,724.5851440429688,2753267
2022-06-07,722.3857946249011,725.8071075899717,697.3613579455703,718.0358276367188,2488075
2022-06-08,719.0133666541021,723.3633337694982,709.0426709317134,712.2196044921875,2839931
2022-06-09,709.6780566870963,720.4307545156887,706.8432306671004,718.9644775390625,2604731
2022-06-10,709.678060735692,715.6898202393409,702.0534323463311,710.069091796875,3377686
2022-06-13,695.0152307405441,698.6320589231217,673.3143213080367,679.6193237304688,4535069
2022-06-14,679.7660282970978,705.5724672145956,677.9575842332877,688.85693359375,6144330
2022-06-15,694.9175611670975,697.2635685392796,685.8265961531318,687.9282836914062,2447673
2022-06-16,695.943878790359,700.9780601627755,661.7796163532672,666.3739624023438,4301251
2022-06-17,661.77965209551,673.9497625046,648.0944007966368,653.91064453125,6103963
2022-06-20,655.9145813410892,658.7494074207146,638.4169851867746,648.2410888671875,3507676
2022-06-21,655.4257353315004,676.0024746721799,652.1021506905877,673.6075439453125,3313116
2022-06-22,669.5020406282523,672.3856707332646,650.5870332662118,653.2752075195312,2964156
2022-06-23,657.576396885208,667.9380642352702,651.2225296305745,660.117919921875,2762533
2022-06-24,667.6447379676539,672.4834635941547,661.8773583864979,670.9683227539062,2740927
2022-06-27,682.3075227616094,682.9917972528449,669.5020616007519,672.2879638671875,2711512
2022-06-28,665.6897201420339,668.426758453785,655.1814022396451,662.8060302734375,4596840
2022-06-29,659.8246072178711,669.0132996872743,652.0044637249185,662.5616455078125,3332554
2022-06-30,665.2498822446773,670.4796394940009,651.6134938169363,656.9409790039062,3502799
2022-07-01,654.937008371693,664.7121876011213,641.2517574504934,662.659423828125,3151179
2022-07-04,664.5655488880062,668.9155156617421,657.9673027806531,666.667236328125,1874921
2022-07-05,671.0172571361065,678.5930217953347,661.7308359409235,663.4903564453125,2472875
2022-07-06,662.7571684116795,680.6457349185176,661.9263020214803,678.7395629882812,2634839
2022-07-07,685.2400933674838,691.1052011566492,679.3749855783185,687.7816162109375,2896584
2022-07-08,693.9399663384614,701.6134578253218,690.6652456452298,699.6095581054688,3880791
2022-07-11,698.9253845227335,715.5431908680292,697.019212450533,712.80615234375,3814715
2022-07-12,712.6106693519132,726.1981943199695,710.0202226145964,715.4454956054688,5846548
2022-07-13,720.479617135746,722.38578913439,708.0651268242539,710.4111938476562,2373553
2022-07-14,717.5472319594546,719.3189415045925,705.292812484809,713.0687255859375,2859869
2022-07-15,726.1105778776905,726.8487952077662,714.6927804600853,719.4174194335938,4127381
2022-07-18,725.3723575944542,730.8351537995179,721.090661051679,728.1283569335938,2403691
2022-07-19,725.3724126550748,739.9890928100571,722.5179480765518,737.2330932617188,2864129
2022-07-20,745.0581593981485,745.0581593981485,730.24461025598,731.86865234375,2176017
2022-07-21,735.9534876244991,745.0089657031565,729.5556039927483,742.4005737304688,2639283
2022-07-22,745.7471830452815,752.9324864933762,739.7429792835621,742.4005737304688,2854708
2022-07-25,745.107382970919,745.3534554223626,734.3293975824373,738.1681518554688,1592179
2022-07-26,738.1189618525448,741.6623811826921,733.2959176922436,737.3314819335938,1803260
2022-07-27,736.9377378389072,750.2256492835703,735.3136357429372,748.7000122070312,2539587
2022-07-28,751.6529406766882,756.5251271961619,745.7472017912341,752.4895629882812,2696358
2022-07-29,756.9188724744077,763.4644238156554,746.9283067590892,751.7021484375,3182798
2022-08-01,757.9031154019599,791.3689672508776,753.0308690734057,788.6621704101562,6459641
2022-08-02,788.2684465142618,797.66846197705,782.5103753300809,789.6956787109375,4393310
2022-08-03,790.1878386467203,797.1763322656084,782.854867628684,794.5187377929688,3326267
2022-08-04,798.3082213116554,807.6097718324777,783.9868168977068,794.5679321289062,4641779
2022-08-05,798.3574352904312,805.8380738400091,792.8454364234009,797.5208129882812,2807602
2022-08-08,800.1291679760208,810.0704704971755,782.8548346692801,789.055908203125,7519923
2022-08-10,790.3846684132195,795.3061171580091,766.0726995987028,778.1302490234375,5541103
2022-08-11,782.2150923991919,787.3334112195272,775.9156138393516,780.2957153320312,2140171
2022-08-12,781.03396027632,787.1365690826455,773.1596418362311,775.96484375,2281608
2022-08-16,779.852846465093,813.0234268645327,778.7209491683774,811.2025146484375,6820860
2022-08-17,814.3521592889763,818.8799285108744,808.2496104604387,811.7930297851562,3694850
2022-08-18,811.7930527550225,823.3092560006326,807.5606184206624,819.962646484375,3836669
2022-08-19,824.0966794298149,870.013825103089,820.84853493015,858.1038818359375,24506694
2022-08-22,862.4347932722305,877.8881561956531,824.1950959027505,827.049560546875,14693558
2022-08-23,822.6694089975533,843.7332349061161,793.4359897029472,819.4212646484375,13515300
2022-08-24,817.2066186946242,824.9825322616474,804.2631836001734,823.1615600585938,6558722
2022-08-25,827.2956440495509,829.1165562968372,799.5386574213283,803.1805419921875,6287921
2022-08-26,808.1018996381534,831.7248540733734,804.8045529454158,824.53955078125,8513113
2022-08-29,802.2945890406138,831.3311380353362,802.1961840914832,823.260009765625,6652807
2022-08-30,830.7406510000952,847.0798388257439,825.5239266998306,828.9197387695312,9490984
2022-09-01,828.575159774524,833.2505364269373,818.2893191239583,824.6380004882812,3888408
2022-09-02,828.7720390140697,847.3751408799346,824.8840821602078,838.5657348632812,8840020
2022-09-05,841.5185269673262,851.3122219158214,834.874571208596,837.5321655273438,5434684
2022-09-06,841.2725415932813,845.0620334617677,830.7898307252738,836.9908447265625,3380947
2022-09-07,833.6934425124746,864.9446429844593,831.8232679025366,861.1551513671875,8930248
2022-09-08,866.7655892150642,874.4430978521925,853.3792717282711,871.1456909179688,7943521
2022-09-09,874.8367909902965,910.4680949371476,873.0650813072972,892.6032104492188,18369177
2022-09-12,900.3298961154453,927.2009957607719,896.6880118238462,923.7559814453125,12571292
2022-09-13,931.1381655706006,938.9140791444622,918.3423979676219,933.8941650390625,9651873
2022-09-14,926.2167450311258,943.7370922736309,924.2481653392424,932.9591064453125,8500355
2022-09-15,939.9967476904096,957.4186889560535,935.4690386953976,953.3338623046875,8703534
2022-09-16,955.0072322463129,961.1098413653341,911.600073651666,923.4607543945312,10712402
2022-09-19,928.0868833760221,957.32024259314,920.6062447944315,944.5244750976562,7922869
2022-09-20,958.895097686535,972.3306168854942,951.8081993883462,955.0071411132812,7539047
2022-09-21,958.69830707101,960.7652917107727,902.6921909744383,918.2440185546875,13178269
2022-09-22,919.2282592741121,938.5203151352097,913.4701279545721,931.7779541015625,8855564
2022-09-23,935.0752710163356,935.9118932809437,895.8513481521094,899.4439697265625,6646619
2022-09-26,894.719469380132,895.6053542714182,841.8138901951131,849.8358764648438,9880236
2022-09-27,847.4734951475895,861.2535519792576,820.7008012879497,830.9374389648438,11598728
2022-09-28,822.7678775042186,833.6934703818981,810.4149923082542,814.1060791015625,7040943
2022-09-29,825.8191442548381,834.1856075756558,800.2768118660262,803.57421875,7476709
2022-09-30,809.5784195565367,817.403536052614,788.4161873128096,807.7575073242188,10406215
2022-10-03,808.1019490165046,821.2914567459475,761.0037047639001,772.0769653320312,12903551
2022-10-04,791.3689816817406,813.3186317205924,777.6873297340939,810.1196899414062,10445528
2022-10-06,819.814996522846,821.8819810674731,809.3814886216097,811.1531982421875,6175752
2022-10-07,808.1019092818414,813.0233581812436,793.6820399760807,804.0663452148438,6086925
2022-10-10,794.8139911827195,801.1626722297136,786.4475281176383,795.404541015625,4642360
2022-10-11,801.2118740193307,807.7081624808674,782.7564408032835,784.8234252929688,6193388
2022-10-12,788.4161653037582,793.8297594475418,773.9962950538936,791.2706298828125,5628537
2022-10-13,794.3218338095332,798.9972101547567,764.7931411028592,772.42138671875,7491563
2022-10-14,791.3690336978856,793.9281632589322,766.0235702430092,767.844482421875,4562526
2022-10-17,769.8130694076945,777.5397807935625,759.527288512797,773.8486938476562,4602870
2022-10-18,779.0161638449807,802.1961763108542,778.0810765321843,797.2255249023438,7372253
2022-10-19,801.2118712603599,810.5134215844739,788.5637717703612,792.4024658203125,5222275
2022-10-20,788.4161607073811,809.3323197773335,782.5596241525377,807.1668701171875,4481441
2022-10-21,811.2516302215403,811.2516302215403,786.8412562485458,789.055908203125,5266210
2022-10-24,795.3061223376396,797.2747018483764,789.4003838054294,792.8453979492188,665021
2022-10-25,794.0265208194634,799.9814615478123,784.5773035607059,787.7762451171875,4485050
2022-10-27,792.353372559337,811.0548807315449,782.5104735213328,808.3480834960938,7110289
2022-10-28,811.054787070785,821.6851047889808,804.4600334616279,807.4129028320312,6898541
2022-10-31,811.0548198801412,817.9448486898026,806.6255156453589,810.6118774414062,4487537
2022-11-01,814.6966722509238,831.6264686760551,810.6118455866334,828.5751342773438,7769108
2022-11-02,836.646315268031,836.646315268031,815.9762298319973,820.30712890625,11859603
2022-11-03,812.0391199606377,824.6380179278004,810.5626851970728,820.7500610351562,6632872
2022-11-04,823.8505592189538,853.3792530977693,818.9291102391512,849.3436889648438,11128361
2022-11-07,853.5761710678654,855.3478807849593,832.2662717565754,839.5992431640625,7995787
2022-11-09,845.9970995624694,886.8451270573414,845.5049546528926,876.8053588867188,20088415
2022-11-10,879.9551047134278,883.8922640186333,862.5331627726368,879.4137573242188,9906420
2022-11-11,890.7823089889604,893.5383085374262,876.8053811862524,880.447265625,8777095
2022-11-14,880.9393839503143,893.2430066311846,871.096485805618,880.9885864257812,7653024
2022-11-15,884.7781472247469,901.1173342800322,880.9393928788954,892.6524658203125,10675723
2022-11-16,900.6252463313905,901.6095362180914,860.6631009618458,873.4096069335938,11504802
2022-11-17,872.0807716745893,883.5969744670385,866.6671777194988,876.8545532226562,5190475
2022-11-18,878.035718574651,880.8409805967462,865.7812983470249,874.9352416992188,5384458
2022-11-21,871.0964280567333,874.0492973043832,855.3477920692669,857.9069213867188,6108453
2022-11-22,857.9069674533383,871.8346921831358,856.8242727015746,868.5865478515625,5466001
2022-11-23,871.5393576842675,873.5571396253297,853.034722685488,859.87548828125,5319949
2022-11-24,860.1708885706929,868.6357569020585,854.6588295916074,862.877685546875,5111180
2022-11-25,863.222181505903,867.159340828621,858.3991373050601,865.7813110351562,5079099
2022-11-28,862.2378676124778,871.3425482921757,859.7771431044513,864.7969970703125,4168244
2022-11-29,864.2063893146361,877.7895756735741,860.9090427253249,864.4032592773438,3663099
2022-11-30,865.0923172370293,870.2598386152682,859.5802583878059,867.1593017578125,3797377
2022-12-01,870.8503963395765,882.4158014336597,868.1435994026634,876.5592651367188,4491806
2022-12-02,879.9550846675526,889.4042427542753,870.3582590797353,874.2462158203125,6279538
2022-12-05,877.5927719693148,882.4158160765428,864.747801943524,879.1184692382812,3966501
2022-12-06,879.7582460797396,888.1247097112091,872.0807973508244,882.3666381835938,4836193
2022-12-07,883.6954216671462,888.3215960106581,870.8996535251644,872.8190307617188,2867882
2022-12-08,874.0493314979267,884.384374269017,873.4095191053945,878.8723754882812,2822061
2022-12-09,881.9728886254702,897.6723234019786,868.3404985341443,876.7561645507812,6979639
2022-12-12,878.0357052073996,880.7917046356984,864.7477928902583,867.45458984375,3412185
2022-12-13,871.0472622681995,883.8922320211798,867.4545805017434,880.7424926757812,3821073
2022-12-14,883.1048138700799,894.2272765103736,877.6420175368137,886.4021606445312,4930906
2022-12-15,886.1069001453258,892.7016538778538,866.5195089247079,870.06298828125,3679459
2022-12-16,869.0787109517362,876.9530295331869,840.9772485294409,846.9321899414062,7791763
2022-12-19,846.9321667802095,881.923657004356,846.0954844080414,878.8231201171875,5205837
2022-12-20,880.0535070974508,881.2346669008225,857.6117111385239,870.3582763671875,4023275
2022-12-21,873.065091378732,878.9708304410458,838.1720044036373,844.1762084960938,4660583
2022-12-22,851.1154370212222,860.5645954586827,832.2662625467809,843.43798828125,5517570
2022-12-23,839.5992053823463,840.5342927142655,777.7858175171674,781.62451171875,9112806
2022-12-26,785.4631984996884,799.2432546137179,772.9627070095632,793.38671875,7205540
2022-12-27,797.3730872632818,808.2987393260353,785.5616104881609,804.3123779296875,4872234
2022-12-28,802.9343905191125,804.164752747919,796.0935645116923,797.6192016601562,3624974
2022-12-29,794.3219179107484,809.578410757857,786.9889464302682,806.6747436523438,5308353
2022-12-30,809.5291944268954,813.7616287419565,802.7867729479437,805.2474975585938,3252956
2023-01-02,810.0704845841136,813.761571239266,803.4757310783186,809.3814697265625,2042294
2023-01-03,809.3323175995869,813.4171444492409,804.9522158144083,807.5606079101562,2166531
2023-01-04,807.905036812869,809.0861965603299,793.8297050193504,797.2747192382812,3260112
2023-01-05,801.261080707694,808.6924565065258,784.4789520302085,806.723876953125,3119740
2023-01-06,807.0192212572856,811.4485253035357,790.8768447026616,793.4359741210938,2892006
2023-01-09,797.7177035478538,807.3637318521967,796.3888762335674,803.8203125,2040072
2023-01-10,804.1647737645094,807.7574555970302,768.828745599179,783.888427734375,4545808
2023-01-11,787.4317775327023,790.4830516401307,776.653793062468,783.9375610351562,3618663
2023-01-12,784.1837015236215,786.8904984938085,773.7501935200404,780.4926147460938,2670641
2023-01-13,783.1009207796986,787.67789226291,773.6517629723802,782.1658935546875,4059998
2023-01-16,784.4789368025364,784.9710816813334,772.0769098873617,774.6852416992188,3601251
2023-01-17,775.9648058130392,779.016140105163,765.8758358049256,772.42138671875,2948618
2023-01-18,771.6831964200572,783.3470064170673,764.3994279335391,774.1439208984375,5585785
2023-01-19,771.6340067731776,771.6340067731776,759.625659103802,763.8580932617188,5086667
2023-01-20,763.8089013679929,774.2423494437951,760.3146845174552,762.2832641601562,3328697
2023-01-23,766.1219002058945,766.1219002058945,750.4225268092559,756.968017578125,4283589
2023-01-24,757.066571497415,761.8403532982918,746.0917155040119,749.241455078125,3011438
2023-01-25,741.1702132357661,745.0089674543523,694.9085930205191,701.9462890625,17085455
2023-01-27,688.0185341563239,688.8551564119825,528.5635949097939,587.57177734375,64194046
2023-01-30,610.2596989668393,646.2846829721102,558.0431351269497,587.6210327148438,58256575
2023-01-31,590.5738569694246,617.0512755873989,578.8607847756858,603.025146484375,33272489
2023-02-01,617.1497112956334,619.1182909169911,452.28116800692754,487.37109375,46557720
2023-02-02,501.98781448216596,525.6107704577973,417.3880913791795,455.1848449707031,115517458
2023-02-03,451.789043733827,499.03495680403114,388.8929279667463,491.01300048828125,89662866
2023-02-06,490.17635416749425,540.0798624805265,469.2109919984791,536.8809204101562,38363919
2023-02-07,541.3593631555776,589.0482136160838,534.4693348972339,544.4598999023438,46650736
2023-02-08,555.1394761029412,595.4953600040415,554.1551862516948,589.835693359375,31111885
2023-02-09,578.024162841968,579.7466699257883,537.6190801196117,573.1519165039062,22494005
2023-02-10,564.5885662053066,590.475434216123,551.2022498815513,574.7760009765625,12527188
2023-02-13,578.6640053745011,586.7351337839985,528.9573697938388,545.0012817382812,19528545
2023-02-14,542.3437051700485,572.1184730128687,529.8432121100371,556.22216796875,17976429
2023-02-15,558.8797451526607,569.7561355972588,553.0724712877386,560.110107421875,9259895
2023-02-16,570.8881408122899,581.5184596949164,564.2933864807525,568.1321411132812,9909820
2023-02-17,569.9038035770302,576.7938322903967,560.1593103661845,569.559326171875,8880620
2023-02-20,558.3875566492937,572.512150442877,551.2022535733256,570.5927734375,9507162
2023-02-21,575.8095514784751,584.4712899811851,570.1006824705264,574.037841796875,7702230
2023-02-22,574.3331178155951,574.3823202920106,531.516510060705,538.5049438476562,10994235
2023-02-23,531.0242832779038,549.3813098721447,525.2662126704604,543.1802368164062,10711597
2023-02-24,548.2493933068604,557.0095961532267,534.6662067087684,550.1195678710938,8631548
2023-02-27,550.218028872887,562.9645945087234,544.4106946986341,553.1708984375,8484384
2023-02-28,554.1551118139932,604.7968298733515,543.2787224339651,583.1424560546875,25360275
2023-03-01,588.6053049598745,606.3225214971283,585.258695583436,592.640869140625,18661166
2023-03-02,594.4618321601689,615.1811202758016,576.4000784231026,613.1141357421875,21080489
2023-03-03,652.5841445352387,692.9400267764827,640.3297243759946,673.89404296875,42832968
2023-03-06,679.1599759941639,711.3954676083797,670.3997725631463,679.898193359375,37435406
2023-03-08,689.00284556438,703.7671922550453,671.2856295355816,700.863525390625,20232587
2023-03-09,702.6845311850855,705.3420656556701,675.2228209945881,686.2960815429688,17041388
2023-03-10,674.0415751962263,690.7252976426067,669.9568089830436,686.8373413085938,12138642
2023-03-13,692.6447506854265,699.3871118473119,666.5118682688328,670.4982299804688,9693337
2023-03-14,670.4982636401257,673.7956106356588,628.5674796213373,644.2177124023438,18147337
2023-03-15,651.1568998132649,677.0437093248624,646.9244657233702,668.67724609375,15514873
2023-03-16,676.1086419236557,681.4729729098277,664.5432375558519,668.9232788085938,12992236
2023-03-17,677.683546182627,680.8824881217606,660.7537491356475,669.6615600585938,7625895
2023-03-20,660.4585004877321,667.1024570872733,648.9422970332699,656.2752685546875,5250369
2023-03-21,660.950650164895,663.805114829033,650.8124764814204,654.3558959960938,5011027
2023-03-22,659.3758066578746,661.3443863940363,643.8732412356012,646.8261108398438,4457720
2023-03-23,644.7098470081312,656.8658025357097,641.8061799567308,644.66064453125,4491324
2023-03-24,647.8595328682327,650.2710547985445,623.9905061579856,627.9768676757812,6072701
2023-03-27,627.9769397508959,634.7193013587727,615.6733163231745,619.2167358398438,5621870
2023-03-28,612.818853050199,617.9371724230208,562.5708668724424,584.07763671875,19860622
2023-03-29,584.0283354386935,632.4554061644665,580.829393552328,626.6481323242188,17057169
2023-03-31,633.7842564837522,645.1035897237153,617.4942114556472,621.9727783203125,9466910
2023-04-03,628.5182492994104,628.9611917313791,612.3759323805562,617.9371337890625,6072184
2023-04-05,617.0512906382095,629.7485928269908,615.2303184890366,626.7465209960938,6622367
2023-04-06,626.9926155639274,641.1171504554587,621.6282240277549,631.5203247070312,7094042
2023-04-10,635.85121913044,646.6784070722896,632.8983496917538,641.7569580078125,4254629
2023-04-11,644.7098839804721,649.877405951308,637.2293047770153,643.6763916015625,3798770
2023-04-12,645.694179672653,651.5999191208784,639.7884402244275,647.4166870117188,4271203
2023-04-13,649.3360548211348,654.4543742830962,643.1350405067318,651.2554321289062,3306659
2023-04-17,652.5840807239741,656.2259646829378,647.6626321513951,654.2573852539062,2731225
2023-04-18,657.5055912207986,660.8522005958484,640.821866973218,648.2040405273438,2964854
2023-04-19,648.6470073955992,654.5527464614165,644.6114430644711,648.0564575195312,2683546
2023-04-20,652.5841625446631,667.8406550325096,650.8124528516538,655.6354370117188,5009410
2023-04-21,657.5055945512652,660.0647240324787,648.3025088376849,651.2061157226562,1982614
2023-04-24,654.6511144392845,662.1809553534143,645.6941013925526,660.7537231445312,3357178
2023-04-25,664.3956451559975,671.7778189910642,658.3422385807291,660.9014282226562,4814190
2023-04-26,660.4583984401005,661.0489482382993,651.6981959503993,654.2573852539062,3373385
2023-04-27,657.4072405276493,657.7025154789274,646.8753267059546,649.38525390625,3197568
2023-04-28,655.7338669260959,672.269923302467,651.7475053112275,670.5966186523438,6162262
2023-05-02,673.0573114153661,675.1243559127333,662.0332543249089,670.79345703125,5563089
2023-05-03,664.3956261952509,674.0908568581054,646.4323370425644,659.1296997070312,5645727
2023-05-04,659.4742186063351,671.285697148538,657.2103639010035,669.071044921875,5124811
2023-05-05,672.0730679208937,682.7033858167538,666.8563439612502,673.1558227539062,5193692
2023-05-08,673.9432341905383,679.7997704820366,667.9390303993785,674.3369140625,3671007
2023-05-09,674.3369107158783,684.9672885028717,673.7463608727259,679.652099609375,4029312
2023-05-10,681.128515836989,681.5222557726089,674.7798348518652,680.1442260742188,1794579
2023-05-11,683.0970747471429,702.7828694084437,681.374567714279,697.66455078125,5979387
2023-05-12,700.8143464006696,700.8143464006696,684.1306220659028,689.0028686523438,4025355
2023-05-15,688.8060289747252,690.6762037309909,676.6992757653799,683.1463623046875,2616737
2023-05-16,683.146323356669,687.8216999044921,674.533787610679,676.2070922851562,1403759
2023-05-17,676.4531183830658,681.0792921391732,671.8269446269585,673.8447265625,2295396
2023-05-18,678.8647135387079,678.8647135387079,650.9108580985002,654.5035400390625,4405410
2023-05-19,653.5683756097085,683.2447347676782,649.1390718593415,677.2897338867188,6340270
2023-05-22,687.9202122299104,741.5640099933487,682.2605454934007,718.236328125,30204070
2023-05-23,732.6068532987233,773.3072707508229,718.5315218046551,722.5178833007812,39497528
2023-05-24,727.3902009618104,727.3902009618104,697.6154329251463,706.9661865234375,12809164
2023-05-25,705.7358676444424,715.5787667747693,694.5149386053541,713.1180419921875,7458008
2023-05-26,717.6456823642181,718.8760446368741,709.2792189101581,715.4310302734375,4507617
2023-05-29,719.5158733613613,728.3744819253178,716.6122063168075,725.9137573242188,4302323
2023-05-30,728.374419363623,730.6874762594688,716.2184649088092,722.5178833007812,4785799
2023-05-31,724.4372907841,737.233058148493,709.9682187491069,727.2424926757812,13649365
2023-06-01,719.023679273151,733.2466785101687,717.5472446134524,720.54931640625,3771760
2023-06-02,726.405861761581,732.3116004750899,722.4687026192419,725.02783203125,5554473
2023-06-05,726.4059394775447,732.3116788228906,723.4530698048717,727.193359375,5166097
2023-06-06,731.2289725767495,735.2645370359908,728.3745079071394,733.689697265625,5492469
2023-06-07,738.2173631171219,739.2016529346114,730.293842101588,732.0655517578125,2129238
2023-06-08,733.2467207169435,737.2330825123342,721.4844452357023,724.8310546875,2141709
2023-06-09,726.4058805019773,730.3430397458905,721.4844314470859,723.40380859375,1335172
2023-06-12,723.6499034251484,734.8215690947194,722.0258011562964,730.4414672851562,4571836
2023-06-13,729.3587154996462,730.7367452004678,723.502179385574,726.2581787109375,3636359
2023-06-14,724.7817498236392,731.0812283970541,724.2404024641145,727.734619140625,3900945
2023-06-15,725.7169354461421,736.937864401464,725.4216604896942,727.8823852539062,6448934
2023-06-16,729.358785036212,737.9221188191007,729.1619150492852,735.6582641601562,6800269
2023-06-19,738.1189644920955,738.1189644920955,719.515862751589,724.0928344726562,5256363
2023-06-20,726.4059153970657,730.3430748301121,718.7284665178821,726.2090454101562,6753358
2023-06-21,728.2760695257899,741.4163147307975,721.7797205995375,737.676025390625,9312613
2023-06-22,743.1388230594364,746.0916925550368,729.3587654133012,733.886474609375,10061086
2023-06-23,729.3587354827883,729.3587354827883,691.9557234067479,703.0781860351562,15398550
2023-06-26,698.8457943964605,714.8897069567843,694.0227500947598,713.0195922851562,5696079
2023-06-27,712.9703177095845,718.9745217468156,704.7515216206396,708.9347534179688,6935089
2023-06-28,711.5923818986314,747.0760201140894,710.4604245043075,744.6152954101562,17910387
2023-06-30,740.973345166854,747.9618387524647,726.4058682258201,727.63623046875,6629272
2023-07-03,732.8037410228909,735.7074078884056,721.1891336371126,725.8153076171875,2808490
2023-07-04,728.423688251522,739.2016740765501,723.4530365462907,730.0477905273438,3263045
2023-07-05,729.3587915606066,735.1661258073256,722.5179649686339,731.081298828125,2212779
2023-07-06,730.7368232942492,734.1818378381919,726.6027938262607,728.4237060546875,1949877
2023-07-07,728.325340551609,728.374543032502,704.9484548799577,707.4091796875,4248724
2023-07-10,710.6572841532861,718.5316030912727,696.8772260118097,708.787109375,5135483
2023-07-11,712.576630036373,720.9430935396254,707.7535858686908,718.4331665039062,2716491
2023-07-12,720.3524738766184,720.9430838087638,710.6572432724586,712.8226928710938,1349350
2023-07-13,713.5609244065761,717.7933586611072,703.7672285809964,705.9326782226562,1378288
2023-07-14,707.3598990038454,716.0216373535304,703.4719422225071,714.6928100585938,2043145
2023-07-17,718.7284411570749,731.1304689030434,718.6299761289521,719.5650634765625,2683898
2023-07-18,719.5158341862245,735.7566156692241,714.2006453067305,716.7106323242188,4464508
2023-07-19,720.4017518494421,723.8959687367093,717.5472873070078,719.9096069335938,1039827
2023-07-20,721.9274050879064,724.3881297217351,716.6614183257421,720.943115234375,1423489
2023-07-21,717.3503978113658,723.7974840183438,714.8896732990627,717.0059204101562,1491198
2023-07-24,718.5315669965232,728.6205376290087,717.0059297941845,723.748291015625,1919024
2023-07-25,726.0613884303941,740.1859229020687,721.6320843704748,737.4791259765625,3210148
2023-07-26,741.1210195546975,753.3754396234316,733.2959036016782,740.8257446289062,5868377
2023-07-27,742.0561160931304,746.9283026198613,730.2446383046288,736.9869995117188,2243079
2023-07-28,743.1801876186913,753.8819702243687,736.3429057005359,748.828369140625,3257195
2023-07-31,751.7515521974592,772.9073905545494,747.5401978258479,770.7769165039062,5854918
2023-08-01,771.8669339550793,773.8982809832677,754.6746631278562,758.3905639648438,2590545
2023-08-02,760.0255831444379,766.8628648641363,744.7160596278309,754.5260620117188,3017482
2023-08-03,754.5260544961892,772.4119115515439,746.5492662227657,766.3178100585938,4135776
2023-08-04,769.3896618798082,772.8083027243152,761.7596667799323,768.2005615234375,2758619
2023-08-07,769.9841852207355,787.4241827375473,764.1874041180256,784.2037353515625,4175164
2023-08-08,786.5323627975707,797.6800655773789,757.3501420912859,777.0692138671875,11993737
2023-08-09,785.4919204511746,799.5132169538268,776.8710182293833,783.9064331054688,7007648
2023-08-10,785.789185342591,812.3454786276204,784.7982784253873,795.5000610351562,8064730
2023-08-11,799.5627716099826,803.08047887612,787.0277756062504,793.7659301757812,9040236
2023-08-14,773.8982691340537,786.9782519760126,764.0882668825457,779.9923706054688,17841454
2023-08-16,778.8528495106256,778.8528495106256,765.4260726615315,769.0428466796875,11481440
2023-08-17,770.9255537716206,806.2018145593391,769.7859866658853,802.2877807617188,14011644
2023-08-18,799.6618396881986,841.8744479257738,796.9863790578947,828.299072265625,22502392
2023-08-21,832.4608833800224,856.2426495765825,830.8754564923154,850.3468017578125,17432300
2023-08-22,856.04446819286,861.0980690319403,845.5903523423524,846.7299194335938,8037324
2023-08-23,850.7431007331118,854.607661807166,812.6427186082171,818.1918334960938,4748732
2023-08-24,826.416404730453,836.7218613076453,812.7419007769885,814.872314453125,4692796
2023-08-25,815.5164007205568,822.8491361706182,796.1937156488061,799.2655029296875,4442243
2023-08-28,808.5800299805106,816.507285176398,791.2391592395071,800.1077880859375,5067265
2023-08-29,802.1391709045914,823.2454767088284,792.7750881908344,816.0614013671875,5935085
2023-08-30,820.470915261182,825.4254497736288,809.1745523807404,811.2554931640625,8592012
2023-08-31,796.5900828118534,803.5264311267415,780.5373789013667,784.9964599609375,9998925
2023-09-01,772.9073575647866,800.6527498876251,772.5605643528133,792.2300415039062,11900199
2023-09-04,800.2068247825683,804.3686457014463,788.3159424315768,793.7659301757812,12522148
2023-09-05,797.6800264112868,803.5264011074813,790.2482249229828,797.6304931640625,10483413
2023-09-06,798.6709246450065,801.1481917810022,793.171403699127,799.7113647460938,6729598
2023-09-07,802.3373289849162,805.5577764097511,797.7295877080893,802.5355224609375,9787939
2023-09-08,803.5264062499458,821.2636029607871,802.7832260963592,817.4981689453125,11683222
2023-09-11,832.3618305386871,879.1326502554643,827.4072958330996,874.4258422851562,20638175
2023-09-12,881.4117339954627,881.4117339954627,845.2931634911847,850.9413452148438,8036897
2023-09-13,851.1889934874044,859.3144418425702,835.4831439346757,841.9735717773438,7180448
2023-09-14,846.2839859624506,850.0494199089492,833.3526636229531,842.0726318359375,6234825
2023-09-15,838.3072424437735,846.8290176429828,833.848161366945,837.96044921875,4013431
2023-09-18,840.3386309960731,840.3386309960731,820.619618881914,823.69140625,2801202
2023-09-20,824.4344906349215,829.9835447452105,807.5890743599292,810.611328125,3016411
2023-09-21,813.6831887441992,834.7399594276711,812.5436216680906,823.5426635742188,6437320
2023-09-22,826.317289580867,831.0736306133476,814.6245397558154,819.529541015625,3156509
2023-09-25,821.1645880360649,824.1373088371028,811.5032454326918,818.142333984375,2395763
2023-09-26,818.5882167588519,823.4436850625972,811.552801523787,813.8814086914062,1569635
2023-09-27,818.290894371175,825.4254360464796,814.0300068573625,823.1463623046875,2463842
2023-09-28,825.6731463657349,833.6994677909094,811.7013837426073,815.6154174804688,5057959
2023-09-29,818.9845507053716,824.9299920898026,814.8227296402384,817.6468505859375,1468496
2023-10-03,818.489105364413,829.1413546170371,816.7550182767766,823.8400268554688,2453090
2023-10-04,823.394101752134,837.7622518213482,811.8995454086681,817.101806640625,4096647
2023-10-05,823.2949990019611,824.4345661640833,812.7914097308766,817.6964111328125,2083505
2023-10-06,822.4527426624097,828.8936376350672,818.8855019465399,823.1959228515625,1877058
2023-10-09,807.5891054967642,811.3545395367914,777.86189915946,782.865966796875,5994282
2023-10-10,793.2705196166289,816.2100389172402,793.2705196166289,812.0482177734375,7591327
2023-10-11,819.8763591493542,819.8763591493542,804.9631625405417,807.4404296875,3281387
2023-10-12,811.1067912548324,815.7640655532322,805.1613501454253,807.53955078125,2563606
2023-10-13,804.6163768481183,817.2999726629935,798.5222754176128,806.3504638671875,3801000
2023-10-16,811.0572870209102,811.0572870209102,795.9459569939476,798.3241577148438,2664794
2023-10-17,804.616395509644,806.9945962401589,796.6891403814701,797.7791137695312,2162192
2023-10-18,801.5941799367554,801.6932464385342,788.1674030170981,791.3382568359375,2271927
2023-10-19,789.5050639897263,790.0500506827685,780.2896420159686,785.6405029296875,2862500
2023-10-20,784.6000745136715,795.6982439348214,781.4787540540767,786.4332885742188,2434862
2023-10-23,786.4332643158116,788.563677805663,762.8992260710701,764.4351196289062,2002377
2023-10-25,765.4756141489194,776.2269302979761,754.1297175454374,762.1065063476562,2581498
2023-10-26,757.0528582613643,764.7819198491533,747.6392428772244,763.3450927734375,3855358
2023-10-27,767.8537817389616,779.2492110998976,766.0205676841077,775.2855834960938,2995404
2023-10-30,778.7537789038222,787.176487791785,772.7092103549534,777.8619384765625,3522068
2023-10-31,782.6182031434465,783.9063699279062,775.3845953721079,777.6141357421875,2825760
2023-11-01,777.6142242114751,783.3119391387971,760.2238194423763,762.1065063476562,2693768
2023-11-02,769.8356105895238,776.3755720715795,765.0296757378712,767.2592163085938,1741799
2023-11-03,772.9073682184718,791.5364055102702,770.2319075401457,788.1673583984375,4310765
2023-11-06,794.2118519245279,798.9186595310675,792.0318447265206,795.2027587890625,2270316
2023-11-07,795.6981838070831,801.0491048765518,788.7618360030363,790.2977294921875,2394891
2023-11-08,794.7073357964589,816.3090941746951,792.7750552405731,811.2554931640625,5123208
2023-11-09,817.498177916645,820.1736385949489,790.8427585900881,798.869140625,4982049
2023-11-10,800.6527944908637,811.35457717268,798.8691741239207,801.247314453125,3903183
2023-11-13,802.6345611008019,820.4708846808197,800.1572939369105,802.4859008789062,1050882
2023-11-15,810.5618214049973,810.5618214049973,801.6931928033736,803.3777465820312,1694698
2023-11-16,806.9946171792317,810.9582448461628,800.7518552196884,806.2018432617188,1689762
2023-11-17,804.3191025263919,814.4758977424954,801.6931751808985,802.68408203125,3218979
2023-11-20,802.6841474461953,808.5800557823065,793.8155183167668,796.2927856445312,3227659
2023-11-21,797.6800055417958,807.4900074417627,792.0318244624257,794.0631713867188,3643664
2023-11-22,796.6891683603749,797.630542035937,781.379644260403,784.69921875,3212329
2023-11-23,787.7709919463758,797.3828010510614,784.2532845186217,785.8882446289062,3776615
2023-11-24,788.6627716479836,795.6486527163759,777.861862988942,788.31591796875,4421350
2023-11-28,798.6709425519806,846.6308595722265,798.6709425519806,830.0827026367188,15929818
2023-11-29,842.2708876946534,842.2708876946534,825.7227299227384,827.9522705078125,8057644
2023-11-30,831.3708955983117,831.3708955983117,815.5163850743868,817.99365234375,5998210
2023-12-01,831.5690677284932,831.5690677284932,817.9936313448491,820.272705078125,2932775
2023-12-04,857.1344965705974,875.3176145890197,850.6936015096622,870.660400390625,11064795
2023-12-05,875.9616997306404,1014.9859862055004,871.9980721300493,1003.8877563476562,46564412
2023-12-06,1035.497683398216,1072.6566911756638,998.9331955531447,1008.6936645507812,41008947
2023-12-07,1019.6432281652773,1049.1227092516883,1012.3600864418747,1030.1964111328125,14840081
2023-12-08,1038.4703983224833,1045.4067464028817,983.2768736438546,1013.648193359375,12202462
2023-12-11,1017.4632447476866,1038.4704224668992,1006.4146087135381,1022.516845703125,7889666
2023-12-12,1027.6199950103573,1038.9162363082974,1013.9454321250604,1032.475341796875,4902289
2023-12-13,1035.4976904778957,1065.2248969030986,1019.4450473924114,1053.8294677734375,8151639
2023-12-14,1070.1794673340646,1079.9894699766903,1053.3340497926952,1064.9276123046875,8004131
2023-12-15,1069.18853549812,1076.6203371813783,1057.347246533587,1068.74267578125,11672787
2023-12-18,1069.1885630953898,1092.3758091377147,1062.9953948661532,1084.3494873046875,5448342
2023-12-19,1085.0430536536533,1089.0066812469086,1058.883087346105,1064.2340087890625,5993252
2023-12-20,1068.1976042307256,1073.9943852193217,995.8614028310567,1002.9464111328125,8467564
2023-12-21,987.0919057047327,1018.6522654168801,980.2546240891523,1009.6845703125,5352057
2023-12-22,1024.5977553318887,1041.3935792426123,1009.7341515311359,1018.1568603515625,5252106
2023-12-26,1024.6967743619607,1031.5340559856281,1016.7695193687954,1019.3954467773438,2176775
2023-12-27,1027.570424344471,1027.6200180721028,1008.7431938116407,1015.0850219726562,2803997
2023-12-28,1020.1882217041606,1021.8231212799235,1005.4236850722278,1007.7027587890625,4865603
2023-12-29,1012.5086609203333,1025.4895776317146,1008.3468398336297,1015.0354614257812,2429250
2024-01-01,1017.2155328204377,1048.3299129030938,1013.6977649197279,1038.32177734375,3989711
2024-01-02,1038.3218594522,1073.0531976409125,1021.7241674628491,1068.5941162109375,6344621
2024-01-03,1094.9521764380925,1133.5975473712017,1053.0863579272243,1084.2999267578125,33060778
2024-01-04,1106.8429979218051,1120.7156944042629,1093.5153486138552,1112.986572265625,9771995
2024-01-05,1118.8329401013266,1149.4519870519277,1115.1666330095104,1143.7542724609375,10622789
2024-01-08,1149.4519342064134,1171.251884682742,1141.5246794877485,1158.221435546875,8760094
2024-01-09,1171.2519299417752,1218.716393595945,1167.7837558683434,1186.214599609375,14701104
2024-01-10,1208.9063872926647,1208.9063872926647,1186.1155291715734,1203.3077392578125,7036728
2024-01-11,1209.8973935534045,1212.473727447531,1189.0883474726336,1192.011474609375,3721202
2024-01-12,1199.3936982779733,1207.6677464410147,1190.1287432460574,1196.1236572265625,3912779
2024-01-15,1202.9609432826069,1204.2986433684946,1178.287337963908,1192.1600341796875,2825654
2024-01-16,1192.6555754889073,1200.9792180237098,1176.0084113796224,1182.498779296875,3173587
2024-01-17,1169.2700731836044,1193.7454237890026,1148.9068892029363,1156.2396240234375,5268593
2024-01-18,1160.4015695850424,1173.531085964285,1133.052442472104,1143.55615234375,5918594
2024-01-19,1151.6815168252501,1156.1901914959356,1139.542907592203,1141.9705810546875,2732559
2024-01-23,1188.2459490016424,1196.2226764043746,1119.9724442446975,1126.7601318359375,7201014
2024-01-24,1127.65208304398,1136.3225186561372,1108.180737734329,1110.4102783203125,18373913
2024-01-25,1111.9461619495166,1145.2406083974317,1101.4920461471854,1135.8765869140625,4305042
2024-01-29,1144.4975011111444,1193.943780978919,1140.5338734016684,1185.768798828125,6768033
2024-01-30,1189.0883418556887,1206.1318930381585,1170.261109776307,1176.5533447265625,4683729
2024-01-31,1184.9264789993358,1203.2086622968059,1180.8141913124978,1196.668701171875,5510242
2024-02-01,1202.5645845003933,1228.2290972925998,1189.3855953629943,1207.766845703125,7433628
2024-02-02,1221.837712963012,1275.792541377333,1220.499891976624,1249.9793701171875,10450227
2024-02-05,1257.956339460111,1279.5085650475528,1237.4940872965221,1247.10595703125,5611298
2024-02-06,1254.4881447201064,1272.9189890049738,1237.4940670667875,1261.5235595703125,4408002
2024-02-07,1268.3607347064562,1274.6529688467278,1240.7640038504119,1244.232177734375,3359763
2024-02-08,1252.555888701798,1253.0017484131938,1225.50408252275,1233.877197265625,3354609
2024-02-09,1241.209945942713,1263.9017379106708,1220.8963547022827,1259.9381103515625,3538164
2024-02-12,1266.37900861532,1268.1130956771954,1232.5891077731242,1237.989501953125,2204823
2024-02-13,1238.5840083052178,1259.4426465475858,1215.4959505395022,1253.299072265625,2245009
2024-02-14,1250.4749141600203,1269.8967861696567,1237.2959249652697,1256.3212890625,3382943
2024-02-15,1263.406225474904,1265.9330863099772,1250.6235030015669,1255.528564453125,3382824
2024-02-16,1258.2535276519711,1299.0788402269254,1254.042173669542,1294.966552734375,5476230
2024-02-19,1301.457062316105,1314.9333710907613,1290.3093604134892,1295.115234375,2700240
2024-02-20,1299.0789610478841,1300.9617083719008,1281.9362230938657,1288.6744384765625,1856718
2024-02-21,1292.935305089197,1303.0425065658887,1269.797533394476,1279.2607421875,2770510
2024-02-22,1284.215287734715,1305.0243317489349,1269.351684867415,1299.029296875,2556009
2024-02-23,1300.1194260464126,1319.8879700058433,1286.197135936625,1308.690673828125,2924829
2024-02-26,1307.9970717356352,1330.7879298037562,1304.7766243999224,1325.9820556640625,2802425
2024-02-27,1324.6938189813013,1327.0224259232164,1302.2993480125617,1317.361083984375,2197456
2024-02-28,1322.3653373292614,1322.7617243050886,1283.373172668642,1287.68359375,2121625
2024-02-29,1288.1789623810819,1317.8071027079097,1281.2922078509396,1308.4925537109375,2672239
2024-03-01,1322.8607262745156,1336.7334230294546,1300.4662542764636,1310.0780029296875,3301090
2024-03-04,1333.0174067713656,1344.2147022816848,1324.2479055592814,1330.3914794921875,2170214
2024-03-05,1331.8284519137387,1342.6292402304719,1321.8697892998803,1326.1307373046875,1815438
2024-03-06,1330.490553473727,1332.3733006445102,1292.142507501777,1312.75341796875,2758443
2024-03-07,1317.7080025852608,1323.20746313121,1303.0425325421074,1313.3974609375,1640786
2024-03-11,1318.8971326101569,1330.143902148465,1310.0285639117444,1314.8839111328125,2217673
2024-03-12,1322.860801575948,1334.7020914531165,1281.6885686933313,1289.46728515625,3139768
2024-03-13,1295.1153446580022,1296.1062515781691,1177.2964876581068,1198.551513671875,8670336
2024-03-14,1198.9973490854763,1264.3972044901386,1184.8273320303401,1256.3212890625,7195603
2024-03-15,1262.2172014037799,1277.130277008585,1245.22312463338,1271.33349609375,4024586
2024-03-18,1238.6336114337846,1258.501342945308,1216.0904797056896,1255.0826416015625,4858444
2024-03-19,1259.4922414306805,1261.2758012430563,1225.9995404168606,1229.91357421875,2311324
2024-03-20,1236.651773121733,1241.556713741577,1219.013582460712,1234.075439453125,2772098
2024-03-21,1248.542663452585,1257.1635048875376,1239.9218220176324,1250.9703369140625,3155563
2024-03-22,1250.9703972839627,1277.3780909893176,1243.637782817757,1269.9462890625,3076926
2024-03-26,1269.946227054895,1302.0516340032007,1269.3517071218419,1292.3406982421875,3610644
2024-03-27,1303.0424847675117,1330.7878760781507,1300.1688307611341,1310.7716064453125,4938400
2024-03-28,1321.8698423051853,1346.3451950491976,1302.0517037398902,1329.6484375,4188741
2024-04-01,1344.4624968187563,1369.185574973874,1337.9720084012833,1363.3887939453125,3251462
2024-04-02,1385.0897233388353,1411.9927491024328,1375.576920260978,1391.3819580078125,5769001
2024-04-03,1387.1209224478682,1389.2513963561678,1376.5677403590923,1384.4949951171875,2727582
2024-04-04,1395.7915078066837,1395.7915078066837,1349.862994792911,1354.421142578125,4197697
2024-04-05,1354.5696900724906,1369.3342266142822,1345.007414593523,1363.0419921875,1853120
2024-04-08,1369.3838485085691,1369.3838485085691,1324.8426282756527,1336.38671875,14038860
2024-04-09,1343.818489961263,1352.4889258094217,1333.8598266886777,1344.165283203125,1935801
2024-04-10,1346.642445659621,1347.534286040862,1335.9406030053535,1340.00341796875,3984001
2024-04-12,1337.724236779,1346.047878444353,1328.8060752004733,1331.9769287109375,2183230
2024-04-15,1307.9971338925372,1322.8607376867706,1296.7007708168564,1303.587646484375,3372368
2024-04-16,1290.1607728795857,1309.9789107118374,1282.629904695393,1292.4893798828125,2696593
2024-04-18,1303.9839360065514,1324.34712195611,1279.2608563002902,1283.76953125,6219274
2024-04-19,1268.3608062977098,1304.033453974833,1258.4517374985091,1298.0880126953125,3899281
2024-04-22,1309.087158203125,1318.8971612807486,1303.0426499505518,1309.087158203125,8903130
2024-04-23,1309.0870960186205,1326.3784941929302,1306.9071491983993,1310.0780029296875,3847872
2024-04-24,1318.8970760994,1320.7798233903275,1306.0648802044218,1308.4925537109375,2553035
2024-04-25,1308.492509540943,1324.7928790151668,1304.8262025405147,1318.451171875,6097087
2024-04-26,1327.815165305932,1329.4005920575191,1309.087001842018,1312.55517578125,2565490
2024-04-29,1322.167105505896,1323.6038721055272,1295.1152991517306,1305.2720947265625,2191564
2024-04-30,1311.5149609231335,1322.5140040342935,1304.2812916999467,1312.8526611328125,2321071
2024-05-02,1321.820225416985,1336.436102352827,1294.6694728264536,1326.626220703125,7991511
2024-05-03,1340.6970409669175,1341.6879478708101,1298.533903822154,1308.29443359375,3528822
2024-05-06,1310.474405641192,1310.474405641192,1245.570002185995,1278.2203369140625,4000668
2024-05-07,1279.3598645743118,1289.3185272269698,1253.4972188749623,1275.9412841796875,3474340
2024-05-08,1281.5893178773872,1281.9361110740642,1257.510354606903,1265.6357421875,1627418
2024-05-09,1267.3699719499687,1274.1081875031814,1228.7246014213924,1233.2332763671875,2591646
2024-05-10,1238.6336325658056,1267.0726123853904,1234.4222782150819,1255.2313232421875,2022402
2024-05-13,1255.4789973004185,1301.060713066653,1250.1776697674945,1294.520751953125,2495810
2024-05-14,1294.5208835670646,1327.7162669022318,1273.5631770604093,1319.1448974609375,2989543
2024-05-15,1325.684814453125,1341.6383918622778,1320.8789400261887,1325.684814453125,2189768
2024-05-16,1339.904346019904,1354.3220907053042,1298.583574076679,1332.8194580078125,4822618
2024-05-17,1317.906200243574,1331.0853106301365,1309.1366982159714,1323.5543212890625,1945123
2024-05-21,1331.7788535276075,1386.0805992133048,1320.8788777918903,1372.9014892578125,4200578
2024-05-22,1381.671017371011,1381.671017371011,1351.795150023982,1365.6678466796875,1878562
2024-05-23,1371.4151629708686,1435.6259791010298,1357.4433997367112,1430.2254638671875,7821034
2024-05-24,1421.951431600066,1431.8109070796468,1369.5820250185661,1403.2232666015625,19100263
2024-05-27,1431.8605415875084,1443.8010187094426,1410.6551086826603,1418.6319580078125,5517078
2024-05-28,1424.9241460917976,1424.9241460917976,1385.2878694272135,1387.76513671875,4070886
2024-05-29,1393.215083388741,1414.8663746817738,1370.3251584867214,1397.1787109375,3214475
2024-05-30,1397.1787102316364,1400.7955445601142,1361.15926909255,1370.919677734375,3477661
2024-05-31,1378.351604022053,1437.8060225995678,1378.351604022053,1424.3297119140625,8238969
2024-06-03,1534.914847949069,1606.6565344984685,1521.0421508081479,1569.5469970703125,23398347
2024-06-04,1543.8329692579646,1543.8329692579646,1177.1974117320037,1237.5931396484375,52109624
2024-06-05,1269.351746612089,1355.560647435861,1150.046530935174,1342.282470703125,20879925
2024-06-06,1371.4151690019078,1391.2333072822823,1332.5716663565008,1340.6474609375,12153840
2024-06-07,1345.3543057197355,1372.40611359936,1342.72849909374,1366.31201171875,5884018
2024-06-10,1391.2332656385024,1402.4800345839021,1368.6901340193601,1371.4647216796875,4843234
2024-06-11,1378.3514899719598,1405.8987500176386,1371.464735440697,1390.688232421875,4122878
2024-06-12,1398.9128498328873,1401.5882501433227,1377.9551442000832,1381.274658203125,3258265
2024-06-13,1390.8369525144044,1398.1696880399163,1375.4284222209853,1391.67919921875,2839159
2024-06-14,1402.1781826462716,1435.0184097770925,1388.693737762958,1423.7730712890625,5651491
2024-06-18,1439.9942230752595,1451.538036365905,1427.1069702234236,1438.00390625,5651898
2024-06-19,1438.999046715492,1444.969997116801,1413.5727009981988,1441.387451171875,4484742
2024-06-20,1452.2346911306545,1469.6499630037658,1437.1082106732888,1462.2857666015625,4905603
2024-06-21,1472.7845617849914,1491.6428855368783,1462.882784724998,1478.3077392578125,25891893
2024-06-24,1467.7093420561873,1472.4861509682707,1443.1786631984553,1453.1800537109375,3009931
2024-06-25,1459.0514370009787,1461.788122459451,1430.0425468453147,1449.099853515625,3343186
2024-06-26,1451.8365477936857,1467.3609938292868,1444.0245790060853,1460.6934814453125,3217949
2024-06-27,1468.455647228092,1486.7665852919367,1451.9360427984843,1478.3077392578125,7803408
2024-06-28,1472.8344287673342,1486.766646336755,1438.0038848437825,1470.943603515625,11534763
2024-07-01,1475.8198077440181,1484.179162036538,1464.4749784526905,1467.3609619140625,3372730
2024-07-02,1472.3368614690432,1482.3879370723641,1448.005287037499,1467.7093505859375,5368562
2024-07-03,1472.6354472605935,1506.6698159107152,1463.6790216706354,1503.3360595703125,4435563
2024-07-04,1507.3166148659561,1512.6406877275601,1487.1148518262994,1496.369873046875,2980840
2024-07-05,1500.6987968940957,1502.191534424163,1486.6670884073235,1493.185302734375,2111633
2024-07-08,1488.7569567167961,1493.7825551958272,1461.8876800915598,1468.1572265625,2177821
2024-07-09,1472.8344330123055,1496.6684281169682,1467.8586410088856,1470.8441162109375,2256634
2024-07-10,1484.7762962729585,1487.2143857012602,1452.93122825638,1480.5966796875,2082079
2024-07-11,1487.7618119698423,1491.2448663791363,1470.744627580294,1476.665771484375,1765496
2024-07-12,1482.7860244554458,1489.7521332951694,1473.9788968610833,1479.501953125,2018935
2024-07-15,1486.7665585897473,1497.7133003196584,1478.1087296314424,1487.8115234375,1913095
2024-07-16,1488.7569546403818,1503.2862428697563,1486.0202690619988,1491.792236328125,2170314
2024-07-18,1482.7859723162937,1496.9669790985133,1465.0721047264356,1486.6671142578125,3263419
2024-07-19,1485.3237119953674,1494.9268933297992,1458.4046288017469,1462.186279296875,2568243
2024-07-22,1462.882799437063,1467.8585912718831,1435.5657508556187,1460.24560546875,1721261
2024-07-23,1460.8925428954851,1509.6553048858657,1412.1297809051043,1500.052001953125,5987213
2024-07-24,1500.6988317983287,1506.222009379755,1472.8343972556543,1477.6112060546875,2201442
2024-07-25,1463.878002749086,1492.1902105667564,1459.7480711035266,1479.800537109375,2211808
2024-07-26,1488.657492356205,1540.4057297645463,1482.7860334313218,1535.2806396484375,4500728
2024-07-29,1540.405728385495,1551.4519624496038,1532.5439526442526,1541.2017822265625,1928637
2024-07-30,1547.073220196865,1549.3621331024478,1528.5632983023443,1538.763671875,2800881
2024-07-31,1549.4616266974976,1570.2604615251346,1539.5100427110012,1562.2991943359375,2622023
2024-08-01,1573.2956416043264,1597.1794434732692,1560.9059679765317,1582.451171875,7160588
2024-08-02,1572.300449805686,1591.9548280096474,1542.6944877009848,1580.3115234375,4313297
2024-08-05,1532.54389272946,1555.8803079588502,1464.4253507644685,1486.6173095703125,7147230
2024-08-06,1517.5170151012455,1532.2950925258015,1480.8951386771212,1486.8660888671875,3159971
2024-08-07,1512.6407433969514,1540.3558800903063,1506.8687761791136,1536.3255615234375,2258441
2024-08-08,1530.5536397365145,1548.4664911768639,1506.4708547250975,1511.6456298828125,2468123
2024-08-09,1534.0366946308325,1536.0270114581187,1511.6456303238629,1526.3740234375,1503033
2024-08-12,1492.7376133067207,1516.870204721846,1450.2940828725068,1494.130859375,9230512
2024-08-13,1498.559272957807,1510.1030862607404,1472.33687305296,1476.2677001953125,2485446
2024-08-14,1480.7956277626452,1480.7956277626452,1444.9699270909682,1454.8717041015625,2648057
2024-08-16,1464.0769642627536,1489.9510822169516,1449.9955703288085,1486.21923828125,1985315
2024-08-19,1493.6829246323464,1499.7036814342016,1482.7859889429067,1489.2047119140625,1343387
2024-08-20,1497.6635975446497,1502.6891960968253,1479.1039904186803,1485.32373046875,990643
2024-08-21,1491.8418600134746,1509.6552187961163,1485.3236457005783,1496.2205810546875,1551436
2024-08-22,1499.7037312794307,1502.1916273167224,1483.1841258876736,1485.074951171875,1442064
2024-08-23,1485.7714325355475,1495.7230161426176,1478.9048155508108,1484.0797119140625,1181075
2024-08-26,1488.2593224400064,1489.7520599750515,1472.8343679112065,1475.3720703125,1087057
2024-08-27,1477.7107188642647,1489.6526195544263,1468.4556972376713,1471.1923828125,910064
2024-08-28,1472.2373340582778,1479.2034427295885,1459.8973458303828,1462.683837890625,1225101
2024-08-29,1464.9229309627651,1475.8198665509078,1445.5670277283143,1468.903564453125,3359850
2024-08-30,1473.779746383045,1479.8005031415455,1458.9021772733731,1474.7252197265625,1996592
2024-09-02,1482.785947562939,1492.2399519265955,1471.640222589082,1487.26416015625,2054244
2024-09-03,1487.2641655351101,1490.8467113268573,1469.4508066369913,1472.3865966796875,882478
2024-09-04,1464.8731647058657,1468.0079379615238,1453.9762288182849,1464.97265625,1122071
2024-09-05,1469.6000704576943,1469.6498769661343,1455.9166433584608,1458.454345703125,959956
2024-09-06,1458.5041302500283,1461.638903513423,1420.6384259265865,1435.41650390625,3340767
2024-09-09,1424.0715758444799,1434.6202298882108,1404.1684091660104,1428.9478759765625,1621371
2024-09-10,1432.0328547528766,1456.911813313559,1428.0522213831673,1446.3631591796875,1542798
2024-09-11,1447.9056667496254,1450.791650407999,1418.200212779607,1423.673583984375,1637596
2024-09-12,1437.0087093016402,1467.858619265872,1433.227058843339,1465.47021484375,4003674
2024-09-13,1465.818485916369,1468.505486427539,1442.979649707543,1445.0694580078125,1683544
2024-09-16,1448.0549141419633,1454.0756708482766,1431.833905662941,1433.724609375,1673805
2024-09-17,1435.8145091750096,1438.0038089429297,1413.2243418493701,1419.69287109375,1321316
2024-09-18,1423.076465668153,1432.281680568454,1408.1988966642487,1421.88232421875,1421406
2024-09-19,1426.0619339988111,1431.0377258131823,1387.6985305182914,1401.3819580078125,2072872
2024-09-20,1412.0798757453908,1446.0148722698104,1402.377081945548,1431.7342529296875,4407151
2024-09-23,1440.9892886792038,1451.8862240039496,1436.8593572369239,1449.099853515625,1139915
2024-09-24,1449.0998329421716,1458.7528201942011,1439.9941098864927,1449.597412109375,1537307
2024-09-25,1451.9360568571738,1456.9118486901318,1431.236714240351,1445.517333984375,1227806
2024-09-26,1449.7964702651482,1468.6049880553294,1440.989342845412,1465.47021484375,2066994
2024-09-27,1477.8101241351292,1477.8101241351292,1445.417671812371,1449.6470947265625,2694100
2024-09-30,1449.6472009403392,1461.6389083203203,1437.008737780114,1441.1883544921875,2042408
2024-10-01,1441.1882924664976,1465.7189704062484,1440.9893093856474,1460.3948974609375,1687795
2024-10-03,1445.7163447331866,1461.887668499777,1407.3529403751877,1418.2996826171875,3967953
2024-10-04,1417.9017018298148,1439.3970984421135,1397.4013421135996,1406.8553466796875,2611371
2024-10-07,1403.1732760765417,1417.0060014628,1330.5267163931464,1348.6385498046875,4531821
2024-10-08,1335.5025821886725,1417.453852708936,1335.5025821886725,1411.6820068359375,3031170
2024-10-09,1417.8518799469293,1426.012129944835,1397.550625013473,1401.332275390625,1507508
2024-10-10,1410.1393958260082,1423.1262610130175,1400.0385141782556,1410.33837890625,1628495
2024-10-11,1408.3480647165782,1419.9416839248458,1398.396481100776,1401.4317626953125,1158809
2024-10-14,1411.1345948275011,1419.0958619351316,1400.3371506086364,1403.471923828125,762384
2024-10-15,1409.094425881124,1417.8020614979448,1400.1878071847782,1413.4234619140625,1018477
2024-10-16,1411.1346187324618,1411.5327063904463,1385.260500194349,1397.00341796875,1450465
2024-10-17,1397.0034264218873,1401.1830431577691,1380.8321022377156,1387.9473876953125,1418861
2024-10-18,1382.27495131213,1403.7206623954062,1369.3378927325348,1398.7945556640625,1290065
2024-10-21,1403.073804107461,1406.059279204585,1364.6607154869937,1368.84033203125,1644382
2024-10-22,1368.0441895344725,1380.3841778608582,1347.3449679192313,1356.2515869140625,2467299
2024-10-23,1356.2018472312895,1364.163114026943,1328.7353796028524,1333.9599609375,1916219
2024-10-24,1338.4880162628226,1352.4202335324728,1329.7305739587534,1347.842529296875,1115993
2024-10-25,1353.4153973186556,1361.3766643617064,1297.8358260702153,1312.3153076171875,2078274
2024-10-28,1320.4258362222392,1357.4954848669988,1296.8406318507127,1345.653076171875,2126411
2024-10-29,1358.0925661229896,1370.780835220676,1315.5993527169649,1366.0538330078125,3790528
2024-10-30,1373.2687400120806,1408.0495978278802,1351.4748689572286,1389.4400634765625,2526884
2024-10-31,1401.1331532037052,1401.182959713025,1365.456750577893,1369.2880859375,1891761
2024-11-01,1379.7870285850604,1391.1815429052085,1371.7262703843157,1387.6488037109375,243881
2024-11-04,1387.4497265835835,1388.2459018573686,1329.531559054799,1342.7174072265625,1700308
2024-11-05,1343.4638639820716,1346.499145747973,1289.6258178768721,1322.913818359375,4852958
2024-11-06,1323.5606092466924,1375.3088435931797,1308.8322170332835,1363.366943359375,3645515
2024-11-07,1366.3026983827979,1366.3026983827979,1343.4638613318755,1346.548828125,1292794
2024-11-08,1346.5488233132298,1360.6801456546918,1332.1190263356734,1355.5052490234375,1400491
2024-11-11,1348.539115281882,1351.375292408646,1332.566895947319,1341.3740234375,1269498
2024-11-12,1341.5232459970864,1348.2405647779076,1313.6090060272907,1319.5799560546875,1038042
2024-11-13,1315.599428537686,1322.814327067866,1278.629269014765,1281.66455078125,1437072
2024-11-14,1283.7045386618838,1290.3721728771102,1254.5464702210927,1258.4276123046875,2963013
2024-11-18,1257.8802289230962,1282.6596976020135,1255.1933498106282,1273.106201171875,1445637
2024-11-19,1278.7784951801798,1315.0519688836516,1275.793020094156,1283.406005859375,2631778
2024-11-21,1155.0802657213978,1155.0802657213978,990.8294504575306,1109.2532958984375,46926687
2024-11-22,1067.406900728538,1150.3036459961224,1048.8969783476743,1131.246337890625,27086168
2024-11-25,1179.2627133379492,1185.6317514442414,1134.1819888692603,1161.15087890625,10532688
2024-11-26,1166.3754367138986,1168.7637196605704,1113.930516802697,1123.384521484375,5802555
2024-11-27,1096.6645433006545,1225.7365376001294,1096.6645433006545,1194.1402587890625,24434211
2024-11-28,1190.8562989254217,1220.9598399002632,1157.5184932177458,1161.9468994140625,15602469
2024-11-29,1169.3111472177857,1209.7145549023871,1163.2407051323448,1184.288330078125,9412850
2024-12-02,1196.0808488156242,1214.9888575234,1183.6413694026141,1209.91357421875,6941125
2024-12-03,1221.009542876991,1303.159916890073,1214.0932406306904,1282.410888671875,16753958
2024-12-04,1294.7010015428618,1294.7010015428618,1255.8898262468038,1263.4033203125,4874025
2024-12-05,1267.8317837606774,1278.5795429211673,1248.127599126211,1270.8670654296875,4369917
2024-12-06,1272.8075849867434,1276.290639363173,1250.0184334851012,1252.9542236328125,2232531
2024-12-09,1251.710198576756,1271.3645756336844,1242.9527566634724,1260.71630859375,2849557
2024-12-10,1266.7370777457922,1266.7370777457922,1238.3750650006252,1242.7039794921875,2406907
2024-12-11,1248.028057553975,1252.2574805249199,1224.7911344682898,1227.826416015625,2595435
2024-12-12,1227.8264836832834,1261.8608524040394,1217.5264970500177,1237.97705078125,5457302
2024-12-13,1235.9368809030952,1255.8898546821154,1224.044787051507,1253.8497314453125,2818291
2024-12-16,1251.9091804355608,1255.740515714168,1234.9416822997864,1237.131103515625,1337624
2024-12-17,1229.120127263958,1253.4020167513484,1223.0994917741286,1225.9356689453125,2684726
2024-12-18,1230.015716760166,1232.9017002620146,1201.4049142869824,1204.19140625,1931870
2024-12-19,1181.7506212416527,1203.1465272262383,1179.2627251969334,1199.1658935546875,1541271
2024-12-20,1199.1658456036826,1210.0130962207697,1170.5052357228478,1176.7249755859375,3045185
2024-12-23,1184.1886450019783,1193.1948767753609,1168.56470730064,1186.02978515625,1540796
2024-12-24,1192.1997473922984,1197.2750308691445,1174.2868964298098,1176.4761962890625,1380778
2024-12-26,1181.2530236678738,1242.95284461767,1176.8246173688412,1237.92724609375,3827047
2024-12-27,1242.4053937239835,1244.8932895995006,1219.815347766005,1224.7413330078125,2595142
2024-12-30,1227.7766288848113,1252.7053944399036,1206.1319345154134,1212.6004638671875,8312636
2024-12-31,1216.083487726683,1230.8118797049412,1202.3005690560806,1225.139404296875,1717204
2025-01-01,1217.0786679941784,1225.836110108666,1200.5092570898958,1212.7994384765625,1937930
2025-01-02,1217.874909077101,1222.4526134609544,1202.25084917398,1220.064208984375,3772207
2025-01-03,1228.5230471244,1231.6080138743773,1191.2046070537922,1193.7423095703125,3040564
2025-01-06,1193.7422243893313,1195.0856638401508,1152.4431536581394,1157.4189453125,2298522
2025-01-07,1157.4189824874195,1176.426482921717,1156.423824124584,1168.31591796875,2010913
2025-01-08,1177.8197692389635,1177.8197692389635,1135.575222403115,1146.7210693359375,2900996
2025-01-09,1151.099635675922,1151.099635675922,1124.4791493318746,1126.8675537109375,1884725
2025-01-10,1129.4052308111336,1131.8931266753402,1100.9437264204669,1106.8150634765625,1902237
2025-01-13,1095.5698925276747,1101.0929486878645,1053.8229253060756,1061.4857177734375,2273302
2025-01-14,1073.6265980695514,1125.9222197300949,1069.8450690986786,1111.69140625,6277854
2025-01-15,1119.5531841708903,1136.4210702206803,1113.0846546623472,1123.434326171875,3135942
2025-01-16,1174.2370419118447,1184.2384318820607,1139.8543939409944,1145.178466796875,3997547
2025-01-17,1157.369242079226,1167.967703544599,1139.9539697349558,1157.8668212890625,2464355
2025-01-20,1166.32566749733,1166.32566749733,1140.9491278034889,1143.138427734375,1312101
2025-01-21,1144.4321004547567,1148.6615234346982,1098.6548164365663,1100.8441162109375,3134022
2025-01-22,1110.099178681922,1112.63688115588,1075.2188286892165,1096.913330078125,1906032
2025-01-23,1096.913258096446,1108.855157935101,1084.3742875617158,1098.65478515625,1968815
2025-01-24,1098.8041226183802,1109.601566480652,1082.9810804686724,1088.8525390625,2400140
2025-01-27,1079.846319179314,1088.3051652944546,1062.3813627350407,1076.7613525390625,2371555
2025-01-28,1081.7371979784696,1091.3405009868336,1056.1118687715277,1075.4676513671875,2404643
2025-01-29,1079.7468221878535,1097.5103746441177,1069.2976593924873,1091.638916015625,4603700
2025-01-30,1098.55530399389,1113.0845913055975,1005.8562813251075,1071.8353271484375,14097862
2025-01-31,1079.7468452537926,1103.8794360348106,1068.8001030438463,1094.02734375,4659891
2025-02-01,1100.5456979835865,1112.0895111185778,1057.8533783615644,1078.8511962890625,4919797
2025-02-03,1078.7516738604343,1088.7032575676337,1049.8920811095554,1079.5975341796875,3961203
2025-02-04,1094.6742580059347,1122.4392021184904,1086.46420107089,1119.6527099609375,4071098
2025-02-05,1120.5483165795777,1149.3084175620702,1118.1102271822895,1138.8094482421875,2979646
2025-02-06,1150.0050231994053,1163.7382577165608,1134.5800679932988,1158.4141845703125,6263278
2025-02-07,1154.3837515367961,1169.9580048943376,1127.3154914717904,1140.551025390625,4079540
2025-02-10,1144.43212337701,1153.2392506393135,1121.7922705015083,1138.66015625,2415627
2025-02-11,1138.660203307191,1154.3837547655444,1108.656274450818,1134.580078125,4901591
2025-02-12,1134.4805575216703,1138.6601741418744,1093.6292572753343,1123.4840087890625,2862155
2025-02-13,1128.3106086973553,1146.0741613091398,1100.6949639249692,1106.1683349609375,3763868
2025-02-14,1114.5774359099241,1114.5774359099241,1037.104376825795,1057.5548095703125,4565339
2025-02-17,1053.8228674739842,1084.0260200449159,1034.9646656672435,1077.656982421875,2518527
2025-02-18,1077.6570118550699,1082.6328036528314,1056.8083713348735,1079.8961181640625,1715308
2025-02-19,1056.4600631357303,1086.4143046948939,1049.4442697682239,1077.607177734375,1792268
2025-02-20,1068.9990662255354,1120.5483180825045,1068.8000831444137,1106.3175048828125,3714173
2025-02-21,1106.3174546063979,1113.6816504626277,1074.7709844867875,1078.0052490234375,2360177
2025-02-24,1078.0052898844838,1078.0052898844838,1060.5402121328568,1065.217529296875,1669749
2025-02-25,1069.3972237973244,1086.115934000775,1062.5804128526872,1075.119384765625,1665355
2025-02-27,1077.7565142070866,1082.6824995445706,1063.9237885746827,1073.72607421875,1819078
2025-02-28,1068.8001164313782,1077.6570504444062,1054.0717235908846,1064.222412109375,2849138
2025-03-03,1069.7454085392976,1075.7661650854695,1035.5617438705985,1047.9515380859375,2274285
2025-03-04,1042.8761749960593,1057.8533571962469,1031.4816601447883,1052.8277587890625,1788886
2025-03-05,1051.6833687639366,1113.2338870046535,1049.8920351832833,1107.3126220703125,3785743
2025-03-06,1112.7860024947447,1143.188138245011,1096.515188000347,1130.6988525390625,4020627
2025-03-07,1130.6988772748598,1151.348413194356,1128.6090690198293,1138.958740234375,2211623
2025-03-10,1140.4515439400245,1162.9919063425523,1131.445311689791,1137.3665771484375,2430740
2025-03-11,1131.793673606775,1140.3520113746895,1118.9561062152559,1129.5047607421875,2399428
2025-03-12,1133.485426646705,1149.5572592308388,1099.6500407766541,1122.8372802734375,2842848
2025-03-13,1129.5048015561129,1133.9332079132257,1109.651439759247,1113.78125,1358839
2025-03-17,1109.4026430326385,1142.9892393390442,1105.8199755765168,1131.6444091796875,1489537
2025-03-18,1131.6444091796875,1131.6444091796875,1131.6444091796875,1131.6444091796875,0
2025-03-19,1154.3837212398807,1178.7651015591712,1153.1895797751433,1167.818359375,2416781
2025-03-20,1179.2626396092755,1181.2031497916,1155.5778223908076,1171.7491455078125,1919013
2025-03-21,1176.2771860576158,1196.7277390262227,1166.3754089291353,1183.0443115234375,3127446
2025-03-24,1190.2093973398676,1204.9874746748596,1180.3076202597351,1194.9862060546875,2135192
2025-03-25,1199.1658456036826,1203.2459706580105,1168.8633215824275,1176.7249755859375,2090037
2025-03-26,1177.2723964574402,1196.3793892959686,1167.3706188912965,1175.879150390625,1676081
2025-03-27,1176.2772242042251,1206.131976087581,1169.311115431442,1190.955810546875,2004036
2025-03-28,1191.90111999978,1199.1658246244915,1169.5100568843848,1177.2225341796875,1670913
2025-04-01,1173.2916787897027,1196.180320530299,1162.3947435962214,1169.062255859375,1584541
2025-04-02,1176.6752438733452,1193.1450414898375,1161.698062285485,1189.6619873046875,1232853
2025-04-03,1164.584105619558,1199.962034967333,1164.584105619558,1194.090576171875,1300511
2025-04-04,1190.2093575796541,1194.289482419312,1137.4659663156726,1142.7900390625,1785093
2025-04-07,1044.8665171016496,1113.5822534510019,1036.457477184288,1105.272705078125,2192949
2025-04-08,1129.5047889953614,1150.0548343421056,1105.6707938016716,1125.8724365234375,2423486
2025-04-09,1128.3603143084927,1130.1018414880646,1106.616127819411,1126.3203125,1537177
2025-04-11,1157.3691990791608,1164.6339038645829,1142.441823338673,1158.9117431640625,3536245
2025-04-15,1194.190106659284,1219.9647340905403,1173.2917797927466,1204.9378662109375,3176522
2025-04-16,1204.1416350253176,1229.518173614694,1195.7822803706053,1226.9307861328125,1909731
2025-04-17,1226.9307931187877,1276.2906245562544,1212.69997966847,1253.302490234375,4280765
2025-04-21,1253.3024282395018,1253.8994989431408,1203.544511614774,1237.081298828125,6049182
2025-04-22,1243.5498695409763,1249.5208197354552,1221.0593147709637,1227.229248046875,2932537
2025-04-23,1234.095866374614,1236.7828668525535,1210.908749315716,1233.1007080078125,2580999
2025-04-24,1232.0060474366173,1241.9576310184964,1225.6370096483563,1230.413818359375,2133285
2025-04-25,1230.3144073450105,1237.3800078547386,1175.4810810365152,1187.2239990234375,3628854
2025-04-28,1182.3476135947096,1208.8188014593507,1178.3669801871156,1204.0421142578125,2646406
2025-04-29,1206.131899157721,1217.9743076119755,1196.6778949976563,1210.5106201171875,2381980
2025-04-30,1209.2168614651948,1220.5616907134647,1198.0711367703298,1210.610107421875,1824334
2025-05-02,1248.92373867037,1288.7300729706208,1236.683242281326,1256.9844970703125,10694521
2025-05-05,1283.754359476099,1370.3331418593707,1279.4751296861257,1340.577880859375,14191797
2025-05-06,1343.4638503496399,1349.7333969096571,1308.6333060813158,1314.4052734375,3604276
2025-05-07,1292.511802753668,1334.8060355469254,1292.4121897283621,1331.720947265625,3269847
2025-05-08,1333.5122470928063,1360.2820321698568,1310.0265333055384,1326.6456298828125,5077662
2025-05-09,1293.7059173682228,1318.4853857736734,1286.3417209273443,1299.9754638671875,2979366
2025-05-12,1353.415440653582,1368.3428168372611,1338.9856436760253,1355.5052490234375,3662785
2025-05-13,1354.012463037518,1385.160968819839,1340.5778249521143,1362.57080078125,3356599
2025-05-14,1373.3185753848668,1375.20940061785,1355.405724401586,1365.1583251953125,1557379
2025-05-15,1368.939780818734,1403.073760288198,1365.2577435723251,1399.3916015625,3706424
2025-05-16,1404.0689918528594,1418.0012092642976,1394.2168995303407,1400.5859375,2777119
2025-05-19,1400.6854379192648,1403.770404641203,1385.2604828302783,1391.530029296875,1317210
2025-05-20,1392.2265449066854,1400.4864078820515,1374.7117820757692,1377.896240234375,2970441
2025-05-21,1373.3185360766447,1384.2652780308788,1363.5659355620646,1377.896240234375,1993690
2025-05-22,1373.4180833935823,1401.183027046398,1352.0221777959277,1364.76025390625,3186493
2025-05-23,1376.4035461688645,1391.7290096847053,1368.3427874983695,1388.64404296875,1715309
2025-05-26,1389.0420547993251,1403.7703252932338,1388.0468964627385,1393.420654296875,1024835
2025-05-27,1390.2362753479333,1412.129759999082,1378.6924622822778,1397.4013671875,2571237
2025-05-28,1398.1975068241718,1420.8871662027864,1396.207190088479,1404.16845703125,2035398
2025-05-29,1414.120003112428,1434.0231699401893,1403.6708405278534,1431.634765625,1662886
2025-05-30,1435.018323155412,1450.4432773918259,1421.88228168773,1425.8629150390625,2575127
2025-06-02,1425.8629307682531,1474.8246729380428,1418.39924315217,1460.8924560546875,3164701
2025-06-03,1462.8827777314712,1464.8730944358679,1419.7923724895693,1425.3653564453125,3677200
2025-06-04,1425.3654393450756,1434.1227604661747,1416.2099090847878,1429.2464599609375,1446972
2025-06-05,1436.8096494175065,1460.5938363868227,1431.0376824958357,1449.6470947265625,2019939
2025-06-06,1449.6472087950817,1471.7397984081272,1446.6617335619108,1464.5745849609375,1269864
2025-06-09,1474.8247102400528,1476.815026988015,1456.0161926759506,1459.996826171875,1493331
2025-06-10,1464.873095084471,1486.766578842527,1462.683795300382,1466.6644287109375,2125187
2025-06-11,1466.6644122499329,1468.8537120094504,1441.7854537131873,1449.3486328125,2192673
2025-06-12,1452.732266287877,1458.5041120621972,1433.1275731176486,1438.800048828125,2192452
2025-06-13,1405.0,1423.800048828125,1397.0999755859375,1405.0,3380550
2025-06-16,1389.0,1411.199951171875,1375.0,1400.5999755859375,2823300
2025-06-17,1400.5,1414.800048828125,1384.0,1392.300048828125,1571621
2025-06-18,1387.0,1395.199951171875,1365.199951171875,1372.5999755859375,1732093
2025-06-19,1370.5,1372.5999755859375,1331.5999755859375,1338.0,2950283
2025-06-20,1338.0,1356.699951171875,1334.5999755859375,1349.300048828125,4541583
2025-06-23,1341.0,1364.9000244140625,1335.699951171875,1354.800048828125,3921155
2025-06-24,1395.0999755859375,1418.699951171875,1385.0999755859375,1389.5,7635176
2025-06-25,1399.699951171875,1404.0,1385.5,1393.0999755859375,1915989
2025-06-26,1399.0,1433.0,1395.199951171875,1429.300048828125,2877806
2025-06-27,1434.9000244140625,1456.800048828125,1427.0,1440.199951171875,2888390
2025-06-30,1440.800048828125,1453.5,1432.699951171875,1450.199951171875,1586196
2025-07-01,1450.300048828125,1459.800048828125,1442.0,1447.0,2134736
2025-07-02,1458.0,1458.0,1440.0,1443.9000244140625,1219600
2025-07-03,1444.0,1451.0999755859375,1426.699951171875,1431.0999755859375,978007
2025-07-04,1432.0,1439.9000244140625,1416.5999755859375,1424.4000244140625,608462
2025-07-07,1424.4000244140625,1437.800048828125,1417.0,1435.5999755859375,764520
2025-07-08,1438.0,1449.9000244140625,1430.0,1448.5,824935
2025-07-09,1448.4000244140625,1455.800048828125,1438.300048828125,1443.0,1008636
2025-07-10,1444.0,1450.199951171875,1437.199951171875,1443.0999755859375,1035509
2025-07-11,1444.0,1453.9000244140625,1428.300048828125,1431.699951171875,819864
2025-07-14,1432.0,1446.5,1426.0999755859375,1433.0,718442
2025-07-15,1434.4000244140625,1449.300048828125,1429.0,1445.0999755859375,735108
2025-07-16,1447.5,1474.0,1442.9000244140625,1456.699951171875,2488981
2025-07-17,1455.0,1464.0,1448.9000244140625,1452.5,1168071
2025-07-18,1452.4000244140625,1456.5,1429.0999755859375,1443.0999755859375,1147990
2025-07-21,1442.0999755859375,1453.0999755859375,1430.0,1450.5,815780
2025-07-22,1454.5,1454.5,1417.0999755859375,1420.699951171875,976668
2025-07-23,1430.0,1438.5,1419.0,1420.800048828125,740816
2025-07-24,1423.199951171875,1426.0,1405.0,1411.5999755859375,598011
2025-07-25,1411.699951171875,1416.699951171875,1390.0,1396.300048828125,744410
2025-07-28,1396.300048828125,1404.0999755859375,1373.5,1376.0,790020
2025-07-29,1376.0,1398.699951171875,1373.5999755859375,1395.9000244140625,782760
2025-07-30,1398.800048828125,1403.0999755859375,1391.5,1394.0,627316
2025-07-31,1382.0999755859375,1395.800048828125,1370.300048828125,1373.0999755859375,1412892
2025-08-01,1371.0,1375.9000244140625,1342.800048828125,1347.0999755859375,1239941
2025-08-04,1349.800048828125,1397.0,1345.199951171875,1388.9000244140625,1368323
2025-08-05,1392.0,1394.199951171875,1346.0,1358.0999755859375,3000067
2025-08-06,1374.0,1386.9000244140625,1358.0999755859375,1367.0999755859375,2293293
2025-08-07,1351.0,1357.9000244140625,1315.0,1345.4000244140625,2857406
2025-08-08,1345.4000244140625,1356.9000244140625,1317.699951171875,1325.0,1561061
2025-08-11,1325.0,1348.300048828125,1313.699951171875,1339.4000244140625,2053173
2025-08-12,1342.0,1349.5999755859375,1328.199951171875,1330.5,1260241
2025-08-13,1335.199951171875,1339.300048828125,1316.5999755859375,1319.5999755859375,1205658
2025-08-14,1324.800048828125,1329.0,1290.5,1300.300048828125,2298528
2025-08-18,1321.9000244140625,1332.0,1295.0,1327.199951171875,10225114
2025-08-19,1332.0,1371.699951171875,1325.0,1369.4000244140625,3150673
2025-08-20,1369.4000244140625,1374.5999755859375,1358.0,1370.5999755859375,1594619
2025-08-21,1371.0999755859375,1377.800048828125,1355.300048828125,1361.800048828125,1227167
2025-08-22,1364.0,1364.0,1338.199951171875,1341.199951171875,1210284
2025-08-25,1341.300048828125,1348.9000244140625,1332.5,1340.4000244140625,1214246
2025-08-26,1335.199951171875,1339.9000244140625,1310.0,1315.4000244140625,1652272
2025-08-28,1316.9000244140625,1338.800048828125,1311.199951171875,1315.4000244140625,1785681
2025-08-29,1318.0,1322.9000244140625,1303.0,1312.800048828125,1592903
2025-09-01,1318.300048828125,1338.5,1316.0999755859375,1335.300048828125,983914
2025-09-02,1340.9000244140625,1348.800048828125,1328.199951171875,1336.199951171875,1495993
2025-09-03,1338.0,1344.800048828125,1327.5999755859375,1332.4000244140625,1774676
2025-09-04,1338.0,1348.0,1326.0,1328.199951171875,1350147
2025-09-05,1330.0,1335.699951171875,1312.800048828125,1321.800048828125,1135666
2025-09-08,1321.9000244140625,1363.4000244140625,1321.9000244140625,1348.300048828125,1445628
2025-09-09,1354.699951171875,1385.0,1348.300048828125,1380.9000244140625,3515252
2025-09-10,1400.0,1404.9000244140625,1385.0,1389.0999755859375,2553605
2025-09-11,1404.9000244140625,1423.0999755859375,1388.0,1393.0999755859375,4041646
2025-09-12,1395.5,1406.5,1391.0999755859375,1393.0999755859375,1466190
2025-09-15,1393.0999755859375,1409.0,1392.199951171875,1395.199951171875,1254831
2025-09-16,1400.0,1412.5999755859375,1396.5999755859375,1408.199951171875,1636246
2025-09-17,1410.0,1413.0999755859375,1396.199951171875,1406.0999755859375,1062568
2025-09-18,1410.0,1415.0,1401.0,1412.800048828125,1416920
2025-09-19,1447.800048828125,1460.0,1425.0,1427.800048828125,8069167
2025-09-22,1433.0,1461.699951171875,1425.0,1444.199951171875,5490489
2025-09-23,1453.0,1455.0,1423.0999755859375,1441.5999755859375,2550337
2025-09-24,1445.0,1452.4000244140625,1429.0999755859375,1431.5999755859375,2603193
2025-09-25,1431.699951171875,1439.9000244140625,1404.0999755859375,1407.199951171875,1970560
2025-09-26,1407.199951171875,1416.699951171875,1390.300048828125,1392.0,1899079
2025-09-29,1393.5999755859375,1401.300048828125,1377.5999755859375,1383.199951171875,1978395
2025-09-30,1389.699951171875,1408.0,1387.199951171875,1403.5,1999250
2025-10-01,1406.0,1426.9000244140625,1392.699951171875,1422.699951171875,1602493
2025-10-03,1413.0,1431.0,1412.5,1419.0999755859375,1576970
2025-10-06,1419.0999755859375,1419.0999755859375,1395.0,1400.5,1338654
2025-10-07,1400.800048828125,1415.0,1397.300048828125,1399.5,1608151
2025-10-08,1399.4000244140625,1411.0999755859375,1386.0,1394.300048828125,1704405
2025-10-09,1394.5,1399.800048828125,1388.4000244140625,1395.5999755859375,1250770
2025-10-10,1400.5,1418.0,1395.699951171875,1409.4000244140625,1359246
2025-10-13,1400.800048828125,1441.9000244140625,1396.0,1437.800048828125,2245061
2025-10-14,1440.0,1442.199951171875,1422.0,1429.0,2640234
2025-10-15,1430.0,1456.300048828125,1430.0,1450.699951171875,2675240
2025-10-16,1454.0,1490.5,1453.0,1479.5,6512312
2025-10-17,1479.5,1489.0,1462.5,1479.4000244140625,3290072
2025-10-20,1488.0,1489.0,1459.0999755859375,1467.0,2660484
2025-10-21,1477.0,1481.5,1470.0,1473.5,394024
2025-10-23,1478.800048828125,1483.5,1450.300048828125,1453.0999755859375,2999137
2025-10-24,1463.0,1463.5,1422.300048828125,1429.0,1907383
2025-10-27,1429.0,1429.800048828125,1410.0,1420.5999755859375,2280976
2025-10-28,1425.9000244140625,1435.0,1410.0,1417.9000244140625,2068057
2025-10-29,1424.0999755859375,1464.800048828125,1421.5999755859375,1454.800048828125,3578596
2025-10-30,1458.0,1463.0,1449.5999755859375,1457.9000244140625,1380931
2025-10-31,1457.9000244140625,1461.699951171875,1443.0,1451.5,1141853
2025-11-03,1451.5,1457.4000244140625,1435.300048828125,1444.699951171875,1059573
2025-11-04,1449.5999755859375,1466.300048828125,1432.0,1444.4000244140625,3554714
2025-11-06,1452.0999755859375,1466.300048828125,1434.300048828125,1436.800048828125,2745063
2025-11-07,1435.0,1464.0,1425.0,1448.300048828125,2184538
2025-11-10,1452.199951171875,1463.9000244140625,1441.0,1444.9000244140625,1161695
2025-11-11,1453.0,1476.0,1437.800048828125,1474.4000244140625,2258827
2025-11-12,1477.0,1515.0,1475.5,1506.9000244140625,4641466
2025-11-13,1515.0,1515.0,1487.800048828125,1499.0,2304918
2025-11-14,1500.0,1523.5999755859375,1497.0,1512.699951171875,2345593
2025-11-17,1518.9000244140625,1519.0,1503.0,1507.5999755859375,1750560
2025-11-18,1518.9000244140625,1518.9000244140625,1490.199951171875,1495.0,1818617
2025-11-19,1499.0,1499.5,1478.0,1484.199951171875,1746304
2025-11-20,1500.0,1505.0,1487.5999755859375,1491.0999755859375,1459401
2025-11-21,1492.0,1492.300048828125,1467.0999755859375,1479.800048828125,1165365
2025-11-24,1482.0,1490.199951171875,1471.300048828125,1485.9000244140625,2485518
2025-11-25,1490.0,1492.4000244140625,1474.5,1483.9000244140625,1355333
2025-11-26,1484.300048828125,1523.0,1484.300048828125,1506.199951171875,3986754
2025-11-27,1511.800048828125,1513.9000244140625,1501.0,1509.0999755859375,861910
2025-11-28,1510.0,1534.300048828125,1503.0999755859375,1516.9000244140625,2612938
2025-12-01,1530.0,1549.0,1523.0,1530.5,4059126
2025-12-02,1528.0999755859375,1530.0,1510.0,1518.0999755859375,1974536
2025-12-03,1514.0,1524.0,1488.5999755859375,1497.699951171875,1958074
2025-12-04,1497.699951171875,1509.0999755859375,1490.199951171875,1505.5999755859375,1591805
2025-12-05,1504.5999755859375,1514.0,1493.300048828125,1509.4000244140625,1141428
2025-12-08,1509.4000244140625,1510.9000244140625,1472.5999755859375,1480.5,1070689
2025-12-09,1476.9000244140625,1499.199951171875,1460.9000244140625,1497.199951171875,1327921
2025-12-10,1500.0,1521.0,1493.5999755859375,1498.0999755859375,1677388
2025-12-11,1496.0,1515.0,1495.0,1504.0,1451645
2025-12-12,1512.0,1527.4000244140625,1509.5,1522.800048828125,1152570
2025-12-15,1522.800048828125,1522.800048828125,1508.0999755859375,1512.5999755859375,850425
2025-12-16,1512.5999755859375,1512.5999755859375,1494.199951171875,1499.0,1122212
2025-12-17,1494.0999755859375,1500.0,1479.300048828125,1486.300048828125,964352
2025-12-18,1486.4000244140625,1498.0,1476.0,1495.699951171875,683681
2025-12-19,1495.0,1503.699951171875,1490.699951171875,1496.4000244140625,1276175
2025-12-22,1497.5,1515.0,1497.5,1508.699951171875,1116833
2025-12-23,1508.699951171875,1513.800048828125,1491.199951171875,1493.5999755859375,928446
2025-12-24,1503.0,1507.199951171875,1492.0,1494.300048828125,1318023
2025-12-26,1499.5999755859375,1501.4000244140625,1485.0,1487.0999755859375,876540
2025-12-29,1487.0999755859375,1487.0999755859375,1451.0,1454.4000244140625,1568472
2025-12-30,1450.0,1470.5,1447.300048828125,1461.199951171875,3463973
2025-12-31,1468.5,1475.0,1461.300048828125,1469.800048828125,707055
2026-01-01,1472.800048828125,1490.9000244140625,1470.4000244140625,1481.0999755859375,981252
2026-01-02,1480.0999755859375,1495.0,1478.300048828125,1489.5,1251176
2026-01-05,1488.0,1496.800048828125,1479.0999755859375,1493.0,790039
2026-01-06,1490.0,1493.0,1470.699951171875,1473.199951171875,1675609
2026-01-07,1473.199951171875,1480.4000244140625,1459.0,1465.300048828125,2124534
2026-01-08,1468.0,1489.0,1460.300048828125,1465.199951171875,1974347
2026-01-09,1463.0,1463.0,1431.0,1435.9000244140625,2280396
2026-01-12,1435.9000244140625,1447.0999755859375,1403.9000244140625,1443.5,1539180
2026-01-13,1443.5,1449.0,1420.0,1428.5999755859375,919873
2026-01-14,1429.0,1438.9000244140625,1423.0,1430.0,1278819
2026-01-15,1430.0,1430.0,1430.0,1430.0,0
2026-01-16,1430.0,1448.0,1416.0999755859375,1421.9000244140625,1556318
2026-01-19,1421.0,1421.0,1395.5999755859375,1403.0,1130162
2026-01-20,1409.0,1412.9000244140625,1359.5999755859375,1367.5999755859375,1799611
2026-01-21,1371.699951171875,1390.4000244140625,1345.0,1378.5999755859375,2141532
2026-01-22,1400.0,1421.699951171875,1388.5,1414.199951171875,1689638
2026-01-23,1417.0,1417.0,1292.0,1308.4000244140625,6380222
2026-01-27,1334.300048828125,1368.300048828125,1322.0,1363.9000244140625,3838632
2026-01-28,1373.9000244140625,1384.300048828125,1363.699951171875,1381.9000244140625,2938285
2026-01-29,1384.9000244140625,1429.0,1371.5999755859375,1417.800048828125,3918681
2026-01-30,1417.800048828125,1428.5,1407.0,1419.800048828125,2227414
2026-02-02,1348.0,1406.0,1348.0,1403.0999755859375,2796673
2026-02-03,1477.199951171875,1537.0,1477.199951171875,1530.800048828125,11977119
2026-02-04,1529.9000244140625,1572.300048828125,1508.5,1567.9000244140625,6632728
2026-02-05,1568.0,1577.699951171875,1548.5999755859375,1570.199951171875,3285127
2026-02-06,1563.0,1575.5,1527.0,1550.699951171875,4429173
2026-02-09,1575.9000244140625,1583.9000244140625,1554.5,1561.699951171875,1761025
2026-02-10,1565.0,1568.0,1525.0,1554.699951171875,1643366
2026-02-11,1554.699951171875,1559.4000244140625,1539.199951171875,1553.4000244140625,1359416
2026-02-12,1542.0999755859375,1551.0,1532.5,1543.699951171875,1107584
2026-02-13,1543.0,1543.0,1507.0,1519.0,1838361
2026-02-16,1517.5,1545.5,1495.300048828125,1540.0999755859375,1644108
2026-02-17,1545.0,1576.5,1535.699951171875,1566.300048828125,3168457
2026-02-18,1565.0,1565.0,1540.0,1550.800048828125,1326139
2026-02-19,1550.0,1550.800048828125,1506.699951171875,1513.300048828125,984392
2026-02-20,1513.300048828125,1529.199951171875,1505.199951171875,1511.5,1126987
2026-02-23,1511.0,1564.5,1510.800048828125,1555.800048828125,3113728
2026-02-24,1553.699951171875,1564.0,1536.4000244140625,1555.4000244140625,1360612
2026-02-25,1567.0,1584.0,1518.5,1528.699951171875,2153982
2026-02-26,1537.5999755859375,1554.5999755859375,1526.0,1550.5999755859375,1353287
2026-02-27,1545.0,1545.0999755859375,1516.199951171875,1521.0,1596106
2026-03-02,1462.0,1497.300048828125,1430.0,1470.300048828125,4207514
2026-03-04,1435.0,1450.5,1409.0,1434.4000244140625,3386838
2026-03-05,1447.199951171875,1505.5,1447.199951171875,1499.300048828125,3236481
2026-03-06,1489.0,1497.800048828125,1470.0,1477.5,2576061
2026-03-09,1405.0,1436.0999755859375,1405.0,1421.300048828125,4874245
2026-03-10,1450.0,1470.300048828125,1416.5,1424.0999755859375,2706284
2026-03-11,1425.0,1454.9000244140625,1405.699951171875,1410.800048828125,2212011
2026-03-12,1402.5,1418.5999755859375,1375.300048828125,1391.5,2699173
2026-03-13,1388.699951171875,1390.0,1354.0,1363.199951171875,2688559
2026-03-16,1356.5999755859375,1383.0999755859375,1347.0,1373.9000244140625,3322087
2026-03-17,1379.0,1379.0,1351.199951171875,1365.5,2605905
2026-03-18,1367.0999755859375,1411.0999755859375,1367.0999755859375,1401.9000244140625,1956685
2026-03-19,1377.0,1379.5999755859375,1350.5,1356.0,2160622
2026-03-20,1364.9000244140625,1393.5,1358.0,1365.4000244140625,4213342
2026-03-23,1350.0,1350.0,1293.5,1303.5999755859375,3361416
2026-03-24,1343.0,1361.0,1313.5999755859375,1344.199951171875,3132212
2026-03-25,1359.699951171875,1392.699951171875,1354.800048828125,1375.9000244140625,1856531
2026-03-27,1375.0,1375.0,1330.0999755859375,1337.800048828125,2667313
2026-03-30,1325.0,1337.300048828125,1307.0999755859375,1312.5999755859375,2856500
2026-04-01,1351.199951171875,1405.4000244140625,1348.699951171875,1385.4000244140625,3684039
2026-04-02,1354.4000244140625,1384.199951171875,1332.5999755859375,1377.5999755859375,3210456
2026-04-06,1379.800048828125,1391.800048828125,1348.0999755859375,1387.0999755859375,2519628
2026-04-07,1375.0,1390.0,1368.4000244140625,1381.0,1812944
2026-04-08,1464.9000244140625,1505.699951171875,1449.0,1453.300048828125,7636467
2026-04-09,1437.0,1456.199951171875,1415.199951171875,1447.4000244140625,3159307
2026-04-10,1442.0,1478.0999755859375,1438.300048828125,1475.300048828125,4026881
2026-04-13,1426.800048828125,1477.9000244140625,1421.0,1465.300048828125,3629785
2026-04-15,1484.300048828125,1515.0,1480.9000244140625,1511.800048828125,4415637
2026-04-16,1524.9000244140625,1555.800048828125,1510.0,1549.800048828125,7476052
2026-04-17,1559.0,1578.5,1549.199951171875,1573.4000244140625,6024587
2026-04-20,1572.4000244140625,1600.5,1566.0999755859375,1578.4000244140625,2998603
2026-04-21,1578.5,1611.9000244140625,1578.4000244140625,1594.0999755859375,4276868
2026-04-22,1588.9000244140625,1603.4000244140625,1582.0,1588.5999755859375,1918773
2026-04-23,1575.0,1611.0,1566.199951171875,1602.9000244140625,2406876
2026-04-24,1612.0,1618.800048828125,1556.5,1585.0999755859375,2290223
2026-04-27,1600.0,1649.9000244140625,1593.0,1628.5,3787783
2026-04-28,1628.4000244140625,1648.0,1624.5,1637.5999755859375,2500914
2026-04-29,1645.0,1672.0,1644.9000244140625,1661.0999755859375,2345365
2026-04-30,1650.0,1677.0,1596.800048828125,1657.300048828125,6313698
2026-05-01,1657.300048828125,1657.300048828125,1657.300048828125,1657.300048828125,0
2026-05-04,1702.0,1748.5999755859375,1687.300048828125,1742.5999755859375,7171346
