time,open,high,low,close,volume
2015-01-01,24.5416050331639,25.23209673929908,21.738037856079757,24.453006744384766,16552206
2015-01-02,24.342359862210664,24.691349133879942,24.00085745977426,24.330713272094727,10896534
2015-01-05,24.227554294195734,24.358580788800612,23.801195472561393,23.871076583862305,7117209
2015-01-06,23.867745092196618,24.242108905772497,23.232575624774235,23.555360794067383,14174127
2015-01-07,23.634813025210217,27.28610566934253,23.634813025210217,26.729551315307617,106931187
2015-01-08,26.68795005638591,27.16214243205852,25.965011763338367,26.15968132019043,53019450
2015-01-09,26.330223032387625,27.611379077797274,26.21375401537016,26.639698028564453,41711868
2015-01-12,26.77863349110014,27.195425582971932,26.359346823422754,26.74660301208496,30037887
2015-01-13,26.887608050825555,28.517750042528515,26.837691414583,27.727428436279297,67516218
2015-01-14,27.66129718317693,27.91087413861366,27.17046585538653,27.362224578857422,20496861
2015-01-15,27.553150181604178,27.76944939220054,27.087277133861964,27.20832061767578,11048400
2015-01-16,27.428363384392387,28.027347542421246,27.241182209538632,27.402990341186523,21368655
2015-01-19,27.506975749661663,27.727849374326915,26.954166473192288,27.045677185058594,11937024
2015-01-20,27.237018915580112,27.30107673010047,26.13056775499948,26.31650161743164,17753967
2015-01-21,26.42298269695598,26.98536179035498,26.06401046643064,26.217500686645508,18738423
2015-01-22,26.355186072604123,27.037358275281665,26.20460826750288,26.691696166992188,38991249
2015-01-23,26.94584811438795,27.286935793615353,26.462921496585498,26.760332107543945,28132434
2015-01-27,28.468257736185322,29.73277510712467,27.9607875279131,28.322673797607422,58023207
2015-01-28,28.453095670951424,28.71019472396479,28.152661037914783,28.4039249420166,19361529
2015-01-29,28.335168851344974,28.335168851344974,27.618455895722537,27.89055824279785,11334510
2015-01-30,27.96307000233977,28.14683001001551,27.535124398878704,27.81805992126465,8474994
2015-02-02,27.91847638997627,29.151889588830656,27.585120705800378,28.527267456054688,20583486
2015-02-03,28.724367608368695,30.232797854033002,27.885144678461515,30.00778579711914,44045100
2015-02-04,30.335306367889718,30.607824222202908,29.461081982716287,29.61359214782715,22104819
2015-02-05,29.593592851534453,29.610261111819035,29.00188849541244,29.10106086730957,7194330
2015-02-06,29.16856253641531,29.61317638509366,28.285173135966577,28.40976333618164,8053254
2015-02-09,28.409762705949113,28.43934760606636,27.460118885483563,27.54345703125,8275806
2015-02-10,27.418445060712404,28.401840731959197,27.204681592824613,27.82638931274414,10634481
2015-02-11,28.37684136184276,29.33440374861976,28.37684136184276,29.15439224243164,31994127
2015-02-12,29.318570559592427,30.91033876418043,28.852290542354893,30.72991180419922,44479017
2015-02-13,30.960762104484296,31.0853523038294,30.021951378918356,30.1732120513916,20106603
2015-02-16,30.376967381777195,31.205772472137014,30.04361485895255,30.505727767944336,16078788
2015-02-18,30.751166077817647,34.54307857001773,30.676992954324692,33.280914306640625,109588149
2015-02-19,33.16049142395646,33.54385198039686,31.718730927262698,31.977916717529297,37016100
2015-02-20,32.08541805832457,32.82713036595441,31.778729662537852,31.888322830200195,24559821
2015-02-23,32.11625738708451,32.48544866026885,30.878261351821,31.041189193725586,20875833
2015-02-24,31.402031390578223,31.797892991049125,30.55531176257401,30.82949447631836,31191039
2015-02-25,31.151604176097266,31.543714232826,30.751997180289763,30.888669967651367,21727827
2015-02-26,31.027019161755085,31.49371786022799,30.168628936061776,30.391979217529297,34231131
2015-02-27,31.168685315709602,34.04387108197576,31.143682934044573,31.403284072875977,161824707
2015-03-02,31.32703745056756,31.335371580452872,30.21446573150842,30.351972579956055,24964632
2015-03-03,30.5186447885015,30.720325648140797,30.043615234409447,30.336549758911133,19086210
2015-03-04,30.526982807563414,31.227027609736542,30.302801662395424,30.51781463623047,26097885
2015-03-05,30.65990296914967,30.79366131470923,29.601918801642594,29.85485076904297,24376671
2015-03-09,29.826945433709454,29.833611479613754,28.576863544834556,28.706039428710938,17811090
2015-03-10,28.835212409002004,29.010226015108593,27.335116018070025,27.634719848632812,32164803
2015-03-11,27.7518001031184,28.793534648395227,27.460115059906755,27.958478927612305,38426553
2015-03-12,28.21850052969817,28.65186268069184,28.085991645513644,28.211000442504883,20495079
2015-03-13,28.451843545534164,28.62685393405568,27.59845466993721,27.745548248291016,22500522
2015-03-16,27.8351385463614,27.900143487710277,27.045505074151652,27.200929641723633,11763873
2015-03-17,27.40177743671404,28.143492845111354,27.293436913075567,28.053070068359375,27175302
2015-03-18,28.080570911221358,28.26016697156984,27.326772918867245,27.455530166625977,12434202
2015-03-19,27.665547695688513,27.851809816840795,26.973418413273578,27.0396728515625,16199865
2015-03-20,27.168432510411016,27.180102810105623,26.252540592145223,26.59547996520996,15232635
2015-03-23,26.785070266452042,27.087172977773882,26.377127586929436,26.565471649169922,20835441
2015-03-24,26.751734717458852,27.2184333335288,26.571723203430903,27.091341018676758,23075019
2015-03-25,27.168429195472886,27.168429195472886,26.4350510342438,26.589641571044922,11144727
2015-03-26,26.580060047240707,26.760071579656763,26.043360045999098,26.345462799072266,11206899
2015-03-27,26.58505771999421,26.667980409597604,25.685000174188993,25.847509384155273,17418456
2015-03-30,26.418387547797415,27.282609799846302,26.418387547797415,27.068012237548828,44026785
2015-03-31,27.2434342431994,28.14307631708564,26.927996302745463,27.922643661499023,36140247
2015-04-01,27.960157081384224,29.96028561075275,27.918486425634676,29.12023162841797,57692745
2015-04-06,29.24355760820236,30.0769451240599,29.24355760820236,29.951520919799805,23404095
2015-04-07,30.12695744900365,30.201127420638596,29.093972369214757,29.885692596435547,16399251
2015-04-08,30.00112074966189,31.04244017129982,29.73152043273588,30.689083099365234,21605661
2015-04-09,30.95200643638094,31.29369308670892,30.34363399123248,30.788660049438477,13617351
2015-04-10,30.82616876447906,30.82616876447906,30.001949196102455,30.286968231201172,10212444
2015-04-13,30.409472743442564,30.518647310190758,28.585189275105094,28.69936180114746,22594671
2015-04-15,28.818541667157472,28.90188297114711,27.339280731294576,27.70930290222168,31522194
2015-04-16,27.908478532954074,28.297252409392403,27.34344161522004,27.49428367614746,19918404
2015-04-17,27.584710653406788,27.750971506871778,26.669234193126307,26.746740341186523,13110966
2015-04-20,26.81840902760802,27.364275597431277,25.835011697490962,26.004188537597656,18779310
2015-04-21,26.251699543167646,26.47004865199246,25.83500732341707,26.069189071655273,11051964
2015-04-22,26.260034862800833,26.663393440811735,26.085024468767845,26.486299514770508,12318372
2015-04-23,26.80757339106678,27.16842729733472,26.543389707652118,26.632978439331055,15151257
2015-04-24,26.710070189398106,26.81257557713888,25.853763552283546,25.964187622070312,12249567
2015-04-27,26.08502999565761,26.135033200785227,24.793279218473383,24.83286476135254,12447864
2015-04-28,24.668268215302227,25.154966559624494,24.368249011336072,24.854530334472656,12513897
2015-04-29,24.908282724159594,25.418316927073526,24.593263357632235,25.01453971862793,14457663
2015-04-30,25.001627860857834,25.918353874795184,24.684940349061637,25.706256866455078,11784564
2015-05-04,25.991689405906147,26.45921737442519,25.835012182789995,26.11627960205078,9386982
2015-05-05,26.191696862625925,28.035148903367055,25.87667596962878,27.272598266601562,30648519
2015-05-06,27.401780589149443,28.001819028795655,25.434985827644713,26.196287155151367,32678316
2015-05-07,25.935014817692142,26.87674138333508,24.68493338395619,25.0437068939209,35901459
2015-05-08,25.430815411706615,26.1683621241911,25.430815411706615,25.875843048095703,20133630
2015-05-11,26.210035303520108,26.659648669206735,25.960436317371325,26.07752799987793,11096118
2015-05-12,26.193366253369003,26.542556163392515,25.677083048125176,26.176280975341797,18304902
2015-05-13,26.443381818503465,26.58422165433437,26.26003415405668,26.40462875366211,15410835
2015-05-14,26.400877071234685,26.626726269074442,26.126692764825634,26.196697235107422,7010487
2015-05-15,26.459213290766673,27.08425400198748,26.180863489159538,26.31378936767578,10490337
2015-05-18,26.501726803297313,26.75174128269493,26.210457117938446,26.377552032470703,6051672
2015-05-19,26.49338772209449,26.710068785482125,26.266288997262283,26.548809051513672,8670123
2015-05-20,26.793405849660537,26.877993480385033,26.418382642092148,26.50213623046875,5335011
2015-05-21,26.710065404207413,27.207598374099824,26.502133943823733,26.832990646362305,12054933
2015-05-22,26.895907458025533,26.951744224893467,26.468380557748997,26.624223709106445,4779918
2015-05-25,26.74048852861464,27.041757235162926,26.585060792000483,26.774240493774414,5633595
2015-05-26,26.77048942368186,27.65179844767009,26.77048942368186,27.48887062072754,16580421
2015-05-27,27.33510250706893,27.776795501250344,27.095087203152882,27.602619171142578,8275707
2015-05-28,27.668475877834776,28.101835022761815,27.610136951468,27.804733276367188,8401536
2015-05-29,27.935145848426615,30.235296076695224,26.529221172007738,29.829435348510742,84869631
2015-06-01,29.876940764190913,30.459895482690424,29.67943008317334,30.071537017822266,22627737
2015-06-02,29.793598914234217,29.87693704940113,28.586018980951966,28.94270896911621,23190651
2015-06-03,29.026469182213262,29.026469182213262,26.355879609450778,27.120927810668945,24557346
2015-06-04,27.418445234394976,27.801802551309795,26.690899115630565,27.582622528076172,18543294
2015-06-05,27.485111705486535,28.293500028369753,27.10175443611633,27.688457489013672,15275700
2015-06-08,27.71013324757876,28.118492993322853,27.29343937254766,27.424280166625977,8058699
2015-06-09,27.31677245472895,27.701797880193098,26.818408541220684,26.965917587280273,8142849
2015-06-10,27.00175514239508,27.65179836333563,27.00175514239508,27.261356353759766,6222150
2015-06-11,27.460116326444382,27.611373835192637,26.572975411144874,26.726316452026367,8519544
2015-06-12,26.818406283721284,27.168427079348795,26.443798550933735,27.078838348388672,8975538
2015-06-15,27.08508828287882,27.576786098785735,26.897576697326375,27.237598419189453,7584984
2015-06-16,26.96924808991516,27.251768109599205,26.855909612459108,27.170928955078125,5414607
2015-06-17,27.326773520828695,27.804305239327384,27.115093579414133,27.522619247436523,13570920
2015-06-18,27.535119713491476,28.267666934207018,27.535119713491476,28.071821212768555,12617847
2015-06-19,28.232662295887536,28.543514547122374,28.168491403277383,28.38433837890625,11836044
2015-06-22,28.585192946375816,28.666863010847532,28.088493925424416,28.374343872070312,7175916
2015-06-23,28.368514503260002,28.6952010861343,28.12808050524929,28.288509368896484,7694577
2015-06-24,28.37684202260356,28.61018817857984,27.73096594792807,28.019733428955078,7587063
2015-06-25,27.935151468173604,28.238088288031438,27.70763726759717,28.07599449157715,6584886
2015-06-26,28.12307649508794,29.04271989484725,27.959730091459207,28.69811248779297,15173235
2015-06-29,28.221412007686936,28.318500820005774,27.28926750741235,27.776798248291016,9170766
2015-06-30,27.901395686184873,28.288504650179533,27.76847136356178,28.0543212890625,11378862
2015-07-01,28.160166349472696,28.734368399155304,28.13432991673091,28.44310188293457,9997515
2015-07-02,28.500187115123072,28.96021660151112,28.335175751651388,28.472267150878906,9492714
2015-07-03,28.54102328901127,28.785205734404975,28.33975783456143,28.48476791381836,6734277
2015-07-06,28.301834750073645,28.418509401248148,26.58505779097333,28.199329376220703,8270658
2015-07-07,28.285165503563206,29.29356342699589,28.251413547149955,28.77561378479004,14410341
2015-07-08,28.53518357006655,28.988546932091747,28.11973923298238,28.411008834838867,8962668
2015-07-09,28.58518890958622,28.875205880109377,28.40225982496331,28.56393814086914,5673393
2015-07-10,28.709366329929424,28.918547309375302,28.335173997228825,28.66227912902832,4535784
2015-07-13,28.751865917946496,28.885208829853546,28.513100054750975,28.75103187561035,4255911
2015-07-14,28.793534586998717,29.3519022877857,28.71019330569079,29.087303161621094,9681408
2015-07-15,29.29356879158994,29.58525385661732,29.168560007341178,29.35982322692871,6866046
2015-07-16,29.566085142604184,30.650321250511976,29.335234822880704,30.487812042236328,24660603
2015-07-17,30.87700523193308,30.98534576681687,30.301969187239763,30.4069766998291,14044833
2015-07-20,30.535315660984427,30.663238870136947,30.235296472585762,30.44489288330078,5303826
2015-07-21,30.584493680964176,31.04327376992101,30.106130900926377,30.21405601501465,12587157
2015-07-22,30.235300287660927,30.660328311687916,29.835274652654338,30.520734786987305,5129982
2015-07-23,30.809923086268125,31.584141127005495,30.680331766927004,31.32537078857422,18236295
2015-07-24,31.493708274904893,31.577046403601926,30.474058606550177,30.59656524658203,13132845
2015-07-27,32.57710968921299,32.734202326661226,30.543645535301025,30.68115234375,40279536
2015-07-28,30.985340748558215,31.41036868985655,30.73532634900758,31.265361785888672,12994542
2015-07-29,31.449547169041796,32.93547734990598,31.048271994999297,32.7496337890625,27314100
2015-07-30,33.127151645916435,33.17715327132452,32.585864458747125,32.726707458496094,14478750
2015-07-31,32.82880047759702,33.460507356375665,32.614621530609476,33.21174240112305,19211247
2015-08-03,33.218819404524254,34.61890878844845,33.177148766234595,34.37014389038086,20486565
2015-08-04,34.58558715589743,34.66892846832865,33.91929413539134,34.39057540893555,16490925
2015-08-05,34.502235972336834,34.60224236218913,33.52717445810924,33.70093536376953,10469547
2015-08-06,33.78552143456125,33.835526200854105,32.71045357988607,33.175899505615234,10861389
2015-08-07,33.25215346824167,33.702183781932646,32.837546345172235,33.04505920410156,12000879
2015-08-10,33.2127151196813,33.53000952362983,32.71896242742574,32.8430290222168,5712597
2015-08-11,32.8191350569429,33.05301873519331,31.77546115743289,31.937252044677734,11398761
2015-08-12,32.039523485473104,32.064251957525,31.127881501023328,31.268293380737305,10953360
2015-08-13,31.519793787508508,32.16947123016418,31.313573261924738,31.503448486328125,12544983
2015-08-14,31.645535733665177,32.337964804258235,31.42506571987527,32.22772979736328,11867130
2015-08-17,32.40000187668437,32.40000187668437,31.653921042459697,31.78427505493164,7882083
2015-08-18,31.855102204834136,32.08144166294016,31.02141927284253,31.117822647094727,12560724
2015-08-19,31.43554523589562,31.435966294415046,30.487856479397383,30.555339813232422,26581401
2015-08-20,30.58592414303931,30.845375221600634,30.136597917896484,30.368806838989258,13040478
2015-08-21,30.178519395705564,30.261509058494138,29.717457271272956,30.021759033203125,15330051
2015-08-24,29.41567914088972,29.41567914088972,26.163105066929543,26.596084594726562,20647935
2015-08-25,26.910026732064836,28.190098575906738,24.74639357434446,27.9520263671875,29554767
2015-08-26,27.70556151595973,28.47678866280628,26.96325127151087,28.209375381469727,13196007
2015-08-27,28.4600205194702,29.05520713418638,28.4600205194702,28.670011520385742,12168684
2015-08-28,28.862401384742856,29.96894604247665,28.862401384742856,29.133167266845703,16223328
2015-08-31,29.214482224815544,29.256398114335305,28.149850289540492,28.242483139038086,12774465
2015-09-01,28.007764089191173,28.007764089191173,26.917564587529895,27.003910064697266,12255012
2015-09-02,27.32832481516548,28.29236180378936,27.096957964041515,27.453651428222656,18747630
2015-09-03,27.663642967907503,28.16661783410905,27.41299606872948,27.672447204589844,7975539
2015-09-04,27.666154523737216,27.666154523737216,26.92300870761503,27.06048583984375,15925536
2015-09-07,27.06007328002096,27.20258414534823,26.238966608482365,26.45901870727539,16773471
2015-09-08,26.57387049214115,27.629280576361385,26.456507553519334,27.417190551757812,13866336
2015-09-09,28.082377637919787,28.418113238719137,27.729454618316492,28.091596603393555,23537052
2015-09-10,27.705564333836456,29.130660597316385,27.45407526811485,28.51828956604004,37580499
2015-09-11,29.046830963521604,29.406877131366038,27.873220640334335,28.025371551513672,54376938
2015-09-14,28.921082790585338,28.921082790585338,27.110370039149664,27.527841567993164,14214090
2015-09-15,27.537899250023678,28.039617287052643,26.876489260649183,27.3518009185791,11272899
2015-09-16,27.634726180744206,28.267216160696083,26.964511894157162,27.075164794921875,10171392
2015-09-18,27.625923611173842,28.038364658218224,27.15312873523391,27.355575561523438,13291344
2015-09-21,27.53789999319406,28.06602442357466,27.413415487670136,27.715200424194336,9001212
2015-09-22,27.940282000955428,28.00189900236572,27.336712082706793,27.520299911499023,9080445
2015-09-23,27.387003285537684,29.04682166647936,27.236109266428294,28.733718872070312,22769439
2015-09-24,29.170052889509325,29.927030433186715,28.48475025116242,29.469324111938477,45326292
2015-09-28,29.725848947704485,30.341993708858983,29.480650419808477,29.754772186279297,11624745
2015-09-29,29.398913945724836,29.700698936254515,28.713611123327897,28.873306274414062,9061635
2015-09-30,29.1725786578855,29.297063190297763,28.292370028510685,28.555173873901367,7614486
2015-10-01,28.669591250516827,29.039280528601342,28.44199810305681,28.771446228027344,7382925
2015-10-05,29.069466846851054,29.924525935890966,29.069466846851054,29.7711181640625,9730083
2015-10-06,30.430005007963846,30.848733346884323,29.494473379936768,29.890565872192383,18573786
2015-10-07,29.876738220263256,30.555753558972373,29.452979285288915,30.27031707763672,10532973
2015-10-08,30.296721464858752,30.430007037445563,29.927032159301827,30.261510848999023,5093979
2015-10-09,30.354559426693182,30.78083199050014,30.25396445825745,30.368391036987305,7844793
2015-10-12,30.50545651272246,30.631197861451366,30.17852204115075,30.350791931152344,4172223
2015-10-13,30.181034395742238,30.37845381311354,29.690634292965303,29.877992630004883,4650525
2015-10-14,29.788717101405076,30.142054789290253,29.63027882198405,29.833982467651367,3386955
2015-10-15,30.10056099676888,30.10056099676888,29.603873467670965,29.75225067138672,2798169
2015-10-16,29.92702980452694,30.12947974930572,29.354896914985105,29.964754104614258,6246306
2015-10-19,30.100556980411202,30.266539471142945,29.801285759686753,29.891822814941406,2439591
2015-10-20,30.123197520711173,31.56170738810242,29.876739016175264,31.351713180541992,15788388
2015-10-21,31.58685731612335,31.659789084138463,30.17852736858137,30.938018798828125,10940028
2015-10-23,31.15932331574167,31.254890922847547,30.33067393390395,30.57587242126465,4580829
2015-10-26,30.782090917049203,30.782090917049203,30.05277655507387,30.204927444458008,8727213
2015-10-27,30.08547077951714,30.882686366285743,30.077926551989734,30.58844566345215,7597887
2015-10-28,30.593472541739608,30.90280166260156,30.17851791643136,30.480302810668945,8467767
2015-10-29,30.468998793774574,31.184481796402938,30.329422622890153,30.637495040893555,31515660
2015-10-30,31.561706692556818,31.908757008518972,31.058728613150095,31.280040740966797,23721390
2015-11-02,31.285062401017417,31.482481799317913,30.744363280519334,30.958127975463867,3293103
2015-11-03,31.20962215808705,31.813192044448623,30.304267328544693,31.635894775390625,11755029
2015-11-04,31.813187620029215,32.190417955078615,31.268717954360124,31.589365005493164,7079688
2015-11-05,31.434702641510547,31.56924822151735,31.058725957786034,31.192014694213867,3305280
2015-11-06,31.225978358530188,31.737757679861925,31.083888491776023,31.29891014099121,8562015
2015-11-09,30.896516240323194,32.693397275855666,30.555750182022116,32.45448303222656,11813043
2015-11-10,32.51735934188676,32.51735934188676,31.18447495176882,31.420875549316406,5994417
2015-11-13,31.813186889473034,31.813186889473034,30.772029795670598,31.077585220336914,3767379
2015-11-16,31.058729672281526,31.780499885038903,30.81101432104323,31.39572525024414,4003890
2015-11-17,31.444754926520986,31.91377910720814,31.393199022190334,31.5390625,4960758
2015-11-18,31.561707135191757,31.635895738115547,30.813530555727276,30.946819305419922,4275975
2015-11-19,31.087646862199165,31.49882779876595,30.94681390898717,31.38314437866211,2664156
2015-11-20,31.435958303539838,31.863487718902988,31.154292386617502,31.507633209228516,8867463
2015-11-23,31.737734073900118,31.793060500183817,31.251104660022786,31.458581924438477,4149420
2015-11-24,31.586851203700324,32.014380646507036,31.385661250126923,31.564218521118164,6782490
2015-11-26,31.56423005689433,32.47587256506751,31.385672720645758,32.17408752441406,15326388
2015-11-27,32.20928849687462,32.617955854937364,31.915047745801164,32.06216812133789,3939540
2015-11-30,31.737760609183333,32.06343838918101,31.389450135651906,31.53279685974121,7236141
2015-12-01,31.5679898266819,31.835827322668365,31.058727546335348,31.132919311523438,4438302
2015-12-02,31.308964727054036,31.308964727054036,30.480312068219227,30.642520904541016,6123315
2015-12-03,30.430016000449758,31.18825382057356,30.406126467493642,30.767011642456055,5696559
2015-12-04,30.505454533940263,31.159320268816725,30.442580697801237,30.829872131347656,3926439
2015-12-07,31.16938153095276,31.16938153095276,30.505454712075963,30.77705955505371,3788235
2015-12-08,30.62868708030669,30.9329888977848,30.432527645092783,30.551984786987305,3471864
2015-12-09,30.480316398640902,30.80473411737539,29.80507140743456,30.111886978149414,6490077
2015-12-10,30.153381070392605,30.335708927109007,29.64034811726359,29.976083755493164,7385664
2015-12-11,30.05277542574303,30.417434175953897,29.273165188369003,29.451719284057617,6885648
2015-12-14,29.449207370194944,30.116907918544648,29.12227290179169,29.82769775390625,3628944
2015-12-15,29.90188198137409,29.9924158649828,29.454233605377034,29.608898162841797,4976697
2015-12-16,29.98236704737879,30.570848549846755,29.725847439986698,30.051525115966797,6116022
2015-12-17,30.178521379786183,30.59347605271556,30.177264536179976,30.295461654663086,10445721
2015-12-18,30.30426621920315,31.423385738262834,30.179778549637454,31.02351951599121,32125863
2015-12-21,30.756934918831558,31.784263459884492,30.756934918831558,31.63336944580078,13544388
2015-12-22,31.561706980477098,32.16527688224747,31.46110883099556,31.94522476196289,12566730
2015-12-23,32.06216008833476,32.24071734386388,31.511403033851845,31.994258880615234,5534331
2015-12-24,32.316165138890206,33.55851545975824,32.04330344457823,33.124698638916016,20373309
2015-12-28,33.32085438614505,33.361089202215226,32.77638162100247,32.8681755065918,9020814
2015-12-29,32.961233955258436,33.93448997521826,32.89458958422512,33.789886474609375,21020076
2015-12-30,34.02628278308769,34.60344625495178,33.85023920224447,34.012451171875,16273092
2015-12-31,34.22369942264329,34.76817230385602,34.076579072010745,34.481475830078125,19482474
2016-01-01,34.62986374798999,34.70153868009294,34.24508903187422,34.598426818847656,7632504
2016-01-04,34.50033902775405,35.63203333635069,34.32806913637246,34.45507049560547,14444199
2016-01-05,34.68014775618641,35.00708220940347,34.17717289194969,34.35698699951172,8738796
2016-01-06,34.32807734288343,34.70530781397913,33.77480324153647,34.03635025024414,5917362
2016-01-07,34.02628046749675,34.02628046749675,32.312392310527045,32.537471771240234,14032953
2016-01-08,32.819139342269956,33.19511602318346,32.36646354508421,32.64435577392578,6597558
2016-01-11,32.492213041454605,33.62139060355774,31.966602246307854,33.462955474853516,10047939
2016-01-12,33.74964837322096,34.44249852597406,33.561033167438374,33.701866149902344,16810035
2016-01-13,33.95083891797884,34.20232797381196,32.55508383907964,33.69306564331055,17194683
2016-01-14,33.246668042490484,33.44408745417531,32.44190827324657,32.88704299926758,5554494
2016-01-15,33.03290997373162,33.32212334406601,31.25992127203035,31.676136016845703,6103053
2016-01-18,31.48625777335272,31.75157842271945,30.10433440973843,31.063758850097656,7673622
2016-01-19,31.18446915451583,31.762892605697584,30.69532591562357,31.63966178894043,5920530
2016-01-20,30.819813849206273,31.149261982742992,29.59129519643513,30.50293731689453,8477106
2016-01-21,30.70664302950621,31.180697801882012,29.24424072548888,29.475610733032227,16178118
2016-01-22,29.924514138180882,30.480301693767395,29.141130285330973,30.018821716308594,11598576
2016-01-25,30.465216060298214,30.90783392992049,30.17851960328424,30.4149169921875,7404012
2016-01-27,30.68023768955456,33.1611645162952,30.015050874045947,30.329410552978516,37507305
2016-01-28,30.379718204872237,31.159328656022964,30.07793320773128,30.877662658691406,12522939
2016-01-29,30.958136083790528,31.212138830995794,30.604798355542044,30.971967697143555,5345769
2016-02-01,31.310219543226637,31.39823976268115,30.731799149180787,31.019752502441406,6798957
2016-02-02,31.159318031240975,31.310212061286045,30.555748242765794,30.763225555419922,5510934
2016-02-03,30.518035231802596,31.18447586341768,30.147089024053894,30.58090591430664,7856574
2016-02-04,30.87323435040642,31.164303000730623,30.252041931512537,30.767391204833984,8496345
2016-02-05,30.769912270605406,31.25754448130488,30.593505976104225,31.145401000976562,3783747
2016-02-08,31.147921295029057,31.639331827690096,30.87071592292875,31.000497817993164,4560798
2016-02-09,30.492698279346996,30.846767065725732,30.254554424353014,30.468759536743164,4598781
2016-02-10,30.54309926825204,30.54309926825204,29.80724152287907,29.94206428527832,6421965
2016-02-11,29.73667928970979,29.998765025030732,27.859236222224634,28.32670783996582,13682889
2016-02-12,28.350652547755285,29.182271714535112,27.434610127853723,28.36199378967285,14815482
2016-02-15,28.72865698775524,29.847563173441632,28.702199380111914,29.265432357788086,4469619
2016-02-16,29.611939682268964,29.76188199500529,27.771038918488674,28.131404876708984,5975376
2016-02-17,27.947445463424174,28.368295978732405,27.21662847605756,28.2271728515625,11192577
2016-02-18,28.703464354432032,28.980669709325483,28.35065494353304,28.848365783691406,7631679
2016-02-19,28.4766563250612,28.723622576320295,28.290171410495635,28.470355987548828,5712927
2016-02-22,28.70093709412837,29.5854777405099,28.42751326073056,29.169668197631836,8107869
2016-02-23,29.37127186909211,29.37127186909211,28.086044425100447,28.147785186767578,8421996
2016-02-24,28.199447214137578,28.67574129930067,27.26702583369391,27.493831634521484,9448065
2016-02-25,27.720633492346565,27.922237914989093,26.586607821888627,26.88649559020996,8384673
2016-02-26,27.065421385732613,27.17756485315994,26.461869050889117,26.605512619018555,8811000
2016-02-29,26.674815173592904,27.18386724479868,25.830596866340432,25.955339431762695,12762288
2016-03-01,25.83059616740521,26.295545861051725,25.402185894423127,26.190963745117188,19493628
2016-03-02,26.511007545090727,27.090621100829356,26.35980421570512,26.479507446289062,12335598
2016-03-03,26.71261143488736,27.403107376972912,26.59920855036739,27.09440040588379,16994406
2016-03-04,27.341368102817377,27.965082415379158,26.83861645066606,27.734495162963867,14022426
2016-03-08,27.84663885256254,28.08604530959183,27.202764091239082,27.37034797668457,6107805
2016-03-09,27.36783109116114,27.695439153940573,26.916741477910353,27.594636917114258,5204232
2016-03-10,27.622356554963876,27.753397858845396,27.065420703247895,27.314908981323242,5288217
2016-03-11,27.31490513880538,27.84537696167702,27.14102093182016,27.38798713684082,7105395
2016-03-14,27.493829864837252,27.645034779781525,26.574009218353652,27.08306121826172,10004445
2016-03-15,27.166224969274317,27.166224969274317,26.376187684354864,26.799558639526367,6046491
2016-03-16,26.964616549878762,26.964616549878762,26.359803254393167,26.841135025024414,9017316
2016-03-17,27.090622052124232,27.6198345166511,26.96461848011779,27.314908981323242,12100539
2016-03-18,27.569429486544916,27.91467584219022,27.406883356647977,27.79245376586914,13588113
2016-03-21,27.846639502608703,30.316295483719667,27.7697791976196,29.662342071533203,30386136
2016-03-22,29.98869221039131,30.29109891874625,29.679985164005494,30.023975372314453,21158181
2016-03-23,30.102098587160448,30.7951168160652,29.60690972624392,30.28354263305664,9746913
2016-03-28,30.550663664777076,30.714469269399565,29.18479425689837,29.425457000732422,10003983
2016-03-29,29.499804884140662,30.066816294570188,29.271736445463073,29.739208221435547,8062098
2016-03-30,30.139887979813356,30.646421044915147,29.83748136347448,30.490175247192383,12866271
2016-03-31,30.719498363802376,31.475516453817168,30.165087847182782,30.85306167602539,26654034
2016-04-01,30.442301345327067,30.718247245641134,30.027751192154746,30.218017578125,7250529
2016-04-04,30.61870417093173,30.71824696478911,30.29739647795394,30.389379501342773,6463941
2016-04-05,30.297401473144884,30.297401473144884,29.487205225536364,29.763151168823242,8653590
2016-04-06,29.887889571008543,30.16761696210349,29.364977383379788,29.525001525878906,6180009
2016-04-07,29.610679231060203,29.610679231060203,28.808039787528596,29.039886474609375,11185977
2016-04-08,29.232674919057125,29.66990438843816,28.844585544875127,29.425457000732422,5622408
2016-04-11,29.535078422238627,29.610679292636828,28.540913176670703,28.99704360961914,8720118
2016-04-12,29.104146900219995,30.064291619761143,28.980665369702315,29.827404022216797,9551091
2016-04-13,30.147451507668567,30.616182614532143,29.862683259041738,30.09075164794922,8398434
2016-04-18,30.165101052678757,30.656511598746583,29.81355104349203,30.39568519592285,7556703
2016-04-20,30.395688679866183,30.764877141446032,30.04287919700305,30.19408416748047,6570828
2016-04-21,30.29109334687995,30.46749960691985,29.162108510024876,29.467037200927734,6347979
2016-04-22,29.031062892728237,29.69887954049192,29.031062892728237,29.469554901123047,7199775
2016-04-25,29.605634190407983,29.89670273458487,29.390169678283318,29.53507423400879,5381013
2016-04-26,29.48467223654875,30.083185136732503,29.425450345670626,30.022706985473633,7310721
2016-04-27,30.080665848760923,30.795103655156286,30.063027445683037,30.558216094970703,9726387
2016-04-28,30.69430061770068,31.059710620107776,29.688800532507805,29.829923629760742,16132512
2016-04-29,29.984914412129434,30.38686393018934,29.610685112918393,29.783309936523438,5478495
2016-05-02,29.488459284433514,30.21549473829823,29.488459284433514,29.918128967285156,3579312
2016-05-03,30.1071319406911,30.21423450030205,29.509878376215088,29.633359909057617,4534959
2016-05-04,29.56027623331664,29.829924938944522,28.728657152055494,28.900022506713867,5203704
2016-05-05,28.950429972602592,29.28307575650546,28.747562900408834,28.892467498779297,7493508
2016-05-06,28.90002191541719,29.09406657523296,28.602656175189768,28.782840728759766,4345869
2016-05-09,28.8483570434622,29.257866199920137,28.739995069535595,29.04366111755371,7226010
2016-05-10,29.101627552094858,29.585478202656518,29.099108686263847,29.47585678100586,6585249
2016-05-11,29.13187374086827,29.42672066744723,28.85466522224028,29.168413162231445,2995509
2016-05-12,29.157065211369815,29.45191207011161,29.145727143831532,29.233928680419922,2950497
2016-05-13,29.207465945150854,29.225107520236374,28.879857993792022,28.952939987182617,3763254
2016-05-16,28.980669080464775,28.993269756192277,28.049507061107583,28.59636116027832,11061171
2016-05-17,28.728662713530234,28.980669890371786,28.35065512064355,28.540918350219727,7111038
2016-05-18,28.47917844054926,29.13187571600055,28.3506559819582,28.976892471313477,6377085
2016-05-19,28.98066528532016,29.026027077523718,28.030602376786604,28.169206619262695,5153676
2016-05-20,28.300252935070763,28.45145468909744,27.59463417502843,27.723159790039062,17118783
2016-05-23,27.86679955110637,28.35065020120316,27.527853478405802,27.686614990234375,5337123
2016-05-24,27.718119499786578,28.10746830773924,27.26702674898995,27.94492530822754,6896406
2016-05-25,27.99783760539404,28.38718950093069,27.796233191212295,27.95121955871582,9635175
2016-05-26,28.025564370316737,28.602657472102827,28.023042332100896,28.325448989868164,12716385
2016-05-27,28.577455916776668,30.36669767486114,28.577455916776668,29.81354331970215,27444186
2016-05-30,30.11468681749208,30.21548902354802,29.48467223654875,30.022706985473633,10446975
2016-05-31,30.137372314874305,30.139894353277956,29.610681869682534,29.692583084106445,4653825
2016-06-01,29.837494172672592,30.240703167554866,29.08777605989885,29.14447593688965,6768168
2016-06-02,29.27803453074292,29.459478548803038,28.892467182005998,29.344816207885742,3668346
2016-06-03,29.610682869186725,29.648484895139312,28.728660975963386,28.811824798583984,5763450
2016-06-06,28.90507352922775,30.090761803246924,28.90507352922775,29.896717071533203,13310682
2016-06-07,30.013884268197494,30.820301907422863,29.991204961734777,30.677919387817383,19364730
2016-06-08,30.99670989433518,32.767050502302844,30.99670989433518,32.488582611083984,41726619
2016-06-09,32.332339298188444,33.11229618797051,31.50072028519714,31.794307708740234,25260246
2016-06-10,31.878728357635765,32.60954517553729,31.626724418027383,31.89636993408203,15447861
2016-06-13,31.74515871508611,31.856042710557606,31.19830802257384,31.397390365600586,7603332
2016-06-14,31.578846801582117,31.803130551468982,31.03073334235069,31.331880569458008,7024908
2016-06-15,31.500724329822283,32.22650032401191,31.399922108407058,31.741390228271484,8456415
2016-06-16,31.929141294399553,32.322268454600156,31.70233545531221,31.98710060119629,13936791
2016-06-17,32.206354314312414,32.28573669407568,31.626742074491933,31.687223434448242,6652965
2016-06-20,31.52592555684859,32.7985557081104,31.37346436321141,32.37644577026367,14185578
2016-06-21,32.65994957215277,32.85903196519184,32.18617757273227,32.34872055053711,12154956
2016-06-22,32.33234582812642,32.48102871910486,31.551126175406473,31.869915008544922,8904258
2016-06-23,31.85604454321761,32.22901108244367,31.640580047417814,32.11560821533203,5525520
2016-06-24,30.29109429135632,31.67586777259023,29.737943096526074,31.45536231994629,10806411
2016-06-27,31.626730228632464,31.977017577298135,31.42512259858073,31.692249298095703,6742791
2016-06-28,31.737613793057807,31.934180535289347,31.350783819082032,31.47300910949707,10660155
2016-06-29,31.634280648181225,32.251694513854844,31.634280648181225,32.01984786987305,9329430
2016-06-30,32.256736102895275,32.433142351598796,31.777926393271088,31.931650161743164,10950225
2016-07-01,32.00474037487965,32.33108900497761,31.998440036795678,32.0488395690918,7899738
2016-07-04,32.25169686493464,32.50244136196112,32.03623234705076,32.118133544921875,10511523
2016-07-05,32.23028295177467,32.55285007187833,32.0047365853505,32.1231803894043,5635905
2016-07-07,32.45834291518845,32.48354108807464,31.879987268848303,32.00221252441406,5829021
2016-07-08,32.07528953228466,32.07528953228466,31.50071856161713,31.709882736206055,4411572
2016-07-11,31.901418469954553,32.18114268777631,31.64059209353415,31.70359230041504,6797505
2016-07-12,31.803140423481416,31.97954357016659,31.70863851115892,31.798099517822266,4329402
2016-07-13,31.878734075785744,32.20130120666386,31.271401839320077,31.40748405456543,8253366
2016-07-14,31.50071317859795,32.307130664448685,31.147903942351224,32.23027038574219,13721796
2016-07-15,32.29707207955208,32.40543409992916,31.473012510046534,31.567514419555664,10370745
2016-07-18,31.74516458890045,31.871168143131644,31.252494784219966,31.325576782226562,5091273
2016-07-19,31.449058575348634,31.73256419558344,31.05466893814932,31.28777503967285,5785461
2016-07-20,31.32431750929148,31.878731303461507,31.24871663766038,31.491901397705078,6440181
2016-07-21,31.527195724664164,31.80188226703918,31.141625115216335,31.186986923217773,8993292
2016-07-22,31.18068502701719,31.412531788932696,30.911039403968136,31.15044593811035,9319200
2016-07-25,31.18446393068989,31.55113030155194,30.897176747857966,31.343225479125977,8267259
2016-07-26,31.513326580644595,31.575067349529938,30.76990897087374,30.90473175048828,4663791
2016-07-27,30.996722308898455,31.20210511077535,30.52043127654815,30.723295211791992,6979368
2016-07-28,31.198314110206447,31.474259961610297,30.65398217659647,30.772422790527344,15301506
2016-07-29,30.845513155462665,31.27014515751037,30.795113623016388,31.145401000976562,10115787
2016-08-01,31.14791362717267,31.70232740726597,31.130275221919163,31.266357421875,10576599
2016-08-02,31.62545945354346,31.65318283514078,30.9967074980495,31.23737335205078,9098661
2016-08-03,31.22352017805773,31.549868803127865,30.814010898411148,31.161779403686523,12184260
2016-08-04,31.344484420511936,31.369682598787705,30.921111881172735,31.020654678344727,4116882
2016-08-05,31.208396086889657,31.929134344332912,31.163037466846152,31.73634910583496,14064567
2016-08-08,31.248708109982427,31.55111468635611,30.921100192484037,31.30792999267578,15772878
2016-08-09,31.372199022173767,31.651923178259867,31.210915482673713,31.290294647216797,8674182
2016-08-10,31.29911404711947,31.42511442109763,30.996707439297623,31.044588088989258,5608812
2016-08-11,31.04459352719054,31.087433281162568,30.27975608610803,30.520421981811523,7988772
2016-08-12,30.618699068542277,31.047109254454472,30.50781822364726,30.965208053588867,3440019
2016-08-16,31.019392233636523,31.321798894964463,30.695565695284866,31.142873764038086,4589079
2016-08-17,31.198314781902436,31.46040053335732,31.0534102140975,31.260055541992188,4400286
2016-08-18,31.414319943042905,31.68205738434715,31.149134369210632,31.260055541992188,3674847
2016-08-19,31.363323761094613,31.613207755312672,31.24093042151576,31.35312271118164,2686464
2016-08-22,31.33782633832062,31.54181525058607,31.109612338394,31.16953468322754,3929574
2016-08-23,31.19503396967093,31.2192590572311,30.914546809053146,31.12363624572754,4007025
2016-08-24,31.158064509552702,31.443649034438355,31.068819746763044,31.312332153320312,3262083
2016-08-25,31.286832604689963,31.404128655782717,30.623870136720377,30.74626350402832,6525288
2016-08-26,30.83040380399844,31.256231877100063,30.77685631140091,31.087940216064453,3269310
2016-08-29,31.135125978673184,31.337840654700717,30.855916228074182,30.978309631347656,2505591
2016-08-30,31.010182756734984,31.25114335608721,31.0076308880761,31.08157730102539,2959242
2016-08-31,31.20396770562848,31.694815582694506,30.918383136073984,31.119823455810547,5384808
2016-09-01,31.15424072835234,31.46532466607703,30.999973088516526,31.230735778808594,2819487
2016-09-02,31.235835178461365,31.439824112253476,30.917102068174106,31.082841873168945,3834435
2016-09-06,31.104521395381482,31.302135494005242,30.86865816416074,30.936229705810547,3371247
2016-09-07,31.21032824388267,31.21032824388267,30.728404102608028,30.85207176208496,7576635
2016-09-08,30.853350432303948,30.93622353640391,30.59836589553159,30.665937423706055,12228117
2016-09-09,30.75135108752163,31.057334408948563,30.75135108752163,30.88394546508789,5343129
2016-09-12,30.473429915735462,31.149142121201738,30.116447641787456,30.595823287963867,6735102
2016-09-14,30.700361548821117,30.700361548821117,30.34337933155017,30.400753021240234,4491300
2016-09-15,30.593267944306305,31.18483584287181,30.419878958295765,31.089216232299805,12278871
2016-09-16,31.285556751053072,31.46532380609333,30.74116147986222,30.901803970336914,11109549
2016-09-19,31.184843479839497,31.618320865866615,31.13512216893668,31.504854202270508,11196603
2016-09-20,31.669310736651084,31.965093069556747,31.427072687283676,31.566041946411133,14822676
2016-09-21,31.7203039223326,32.000791076833515,31.497190453482617,31.752178192138672,12498651
2016-09-22,32.10279264087128,32.12319153608613,31.771309791155666,32.035221099853516,12518682
2016-09-23,32.12828595531886,32.510767613530035,32.013541778845166,32.16271209716797,26270244
2016-09-26,31.949803372426015,32.51077466690324,31.872033978889657,32.259613037109375,26825238
2016-09-27,32.330999072929295,32.74280311833271,32.330999072929295,32.63060760498047,28611264
2016-09-28,32.84225026786375,32.84225026786375,32.56176307794291,32.66248321533203,13159707
2016-09-29,32.75299881424169,33.12273072163133,31.267702750388224,31.42197036743164,56855667
2016-09-30,31.711383305194662,31.985492420857355,31.42197261269066,31.739431381225586,12572670
2016-10-03,31.740701346665926,32.63825249585258,31.740701346665926,32.45721435546875,8482584
2016-10-04,32.70839003256104,32.70839003256104,32.19586569963393,32.37818145751953,5913831
2016-10-05,32.60510688780047,32.60510688780047,32.30677272592852,32.45848846435547,11828124
2016-10-06,32.485267733653615,32.778501420529416,32.27235529016001,32.43809509277344,11703417
2016-10-07,32.43936771674288,32.541362176812676,32.13211000763818,32.32207489013672,5227035
2016-10-10,32.508223665455404,32.51077553393445,31.94980422449666,31.975303649902344,5917692
2016-10-13,32.088756445726666,32.088756445726666,31.619578823613754,31.722850799560547,6919506
2016-10-14,31.822300124108157,32.506938933820045,31.648911148609038,32.370521545410156,11869308
2016-10-17,32.63443908269236,32.636987740948236,32.204787943063764,32.24940872192383,9585906
2016-10-18,32.30677682963385,32.75937544491418,32.007165091062724,32.68288040161133,13391037
2016-10-19,32.76575500673781,32.87795053494453,32.32590282723486,32.448299407958984,10091697
2016-10-20,32.434268488177935,32.668857360666955,32.38709584789088,32.533714294433594,5921520
2016-10-21,32.53498723037953,32.63570736126905,32.06453838649433,32.23283004760742,3518658
2016-10-24,32.45594951039807,32.63826203280805,32.23538464491434,32.34630584716797,3416358
2016-10-25,32.35777049720119,32.48526436825548,32.12828217128271,32.338645935058594,2114409
2016-10-26,32.33864945230353,32.38327343548967,32.00461797753015,32.114261627197266,2585253
2016-10-27,31.92557828383079,32.357778082061344,31.92557828383079,32.11299133300781,5722596
2016-10-28,33.148224836910494,33.84943620513021,32.741521408770154,33.1788215637207,41732625
2016-11-01,33.91318484494023,34.26251783955215,33.65820032694899,33.91828536987305,16200723
2016-11-02,33.55621310851913,33.55621310851913,33.14186036883888,33.19540786743164,6853242
2016-11-03,33.224718932666775,33.76783970738855,33.176271976644536,33.28464126586914,9568119
2016-11-04,33.47715478499261,33.62249886305766,32.79634232321165,33.1443977355957,10960587
2016-11-07,33.42871855209644,33.75510085329531,33.11763461879208,33.1992301940918,5020323
2016-11-08,33.34584615203179,33.86219331394807,33.34584615203179,33.64035415649414,5196807
2016-11-09,32.35777890935868,33.489919257625424,30.705468311002413,33.24130630493164,11724603
2016-11-10,33.55621157147448,35.288843172689454,33.51668811385716,34.76484680175781,10143276
2016-11-11,34.34412423236574,34.63480930668396,33.1265621019865,33.201786041259766,6715071
2016-11-15,33.59191378201051,33.59318811117368,32.30805764414022,32.87540054321289,7809153
2016-11-16,33.3522260810924,33.758929660023654,32.69946142823128,33.31015396118164,7524561
2016-11-17,33.06026374201743,33.78570039815275,32.74025308965721,33.52433776855469,5736522
2016-11-18,33.3330977138619,33.63270625529486,33.16480604351201,33.34967041015625,8050416
2016-11-21,33.34967325132314,33.505215225514675,32.31952745828309,32.59109115600586,7109982
2016-11-22,32.765745832894495,33.367514675925015,32.50820945264761,33.15332794189453,7614024
2016-11-23,33.37770628214721,33.44018047738895,32.67649499030401,32.997779846191406,13912536
2016-11-24,32.740253395730186,33.50521351718929,32.69435829216209,33.1099853515625,9225579
2016-11-25,33.43891797277231,33.68880523639951,33.06408868227995,33.269351959228516,6715170
2016-11-28,33.122737724781175,35.57060838434361,33.122737724781175,35.318172454833984,27132633
2016-11-29,35.69427049766056,36.386558504240554,35.380637931011435,35.88423538208008,29433657
2016-11-30,35.8842325534195,36.84552906981063,35.84853529732213,36.69381332397461,21258600
2016-12-01,36.695087368306325,37.154064008471856,36.327907340132384,36.562496185302734,17914479
2016-12-02,36.60203215164677,37.10052920446258,36.01301278468762,36.18385314941406,10175220
2016-12-05,36.42990330722536,36.667040819852,36.183842282746554,36.50002670288086,7455624
2016-12-06,36.82004479895028,37.66150011193197,36.59055640270122,37.146427154541016,19838346
2016-12-07,37.4039482384295,37.60921145541177,36.97429724433266,37.18975830078125,14647974
2016-12-08,37.92412571607339,38.388202935113384,37.280287868298004,37.744361877441406,15582831
2016-12-09,38.34996200270629,38.732443732208736,37.93050867639956,38.465980529785156,15616491
2016-12-12,38.247958582820615,38.88542477319406,37.908826595221115,38.39457702636719,10948938
2016-12-13,38.24795798843391,38.604940205058156,37.44475201339994,37.57606887817383,10120506
2016-12-14,37.66914092337739,37.94197571186622,36.23356604167412,36.33173751831055,11504262
2016-12-15,35.74909666604181,37.29431534700566,35.74909666604181,36.69892120361328,11336952
2016-12-16,36.94752231854191,37.09924126932879,36.5229718258426,36.84425354003906,6757773
2016-12-19,37.100519662821476,37.55312148744446,36.55229823171281,36.706565856933594,10815618
2016-12-20,36.899080231998504,36.99597416114894,35.90208002720209,36.00535202026367,7061934
2016-12-21,36.2055225257513,36.59055287747897,35.73634793479102,36.0512580871582,7208388
2016-12-22,36.02957738754333,36.05252814817844,34.98413332680291,35.55147933959961,11355597
2016-12-23,35.7044624146548,35.953075276668265,35.0657220073713,35.314334869384766,9659529
2016-12-26,35.44311873284008,35.51961379733462,34.31097829675186,34.58126449584961,6534099
2016-12-27,34.67815877642715,35.21363065259747,33.918299021755665,34.98796844482422,9690318
2016-12-28,35.1881167672052,35.31561063007142,34.448656214456484,34.652645111083984,6700254
2016-12-29,34.832413126491886,35.185569114481616,34.448657198186154,34.87321090698242,15370938
2016-12-30,35.123101584006655,35.532353758117935,34.90763728141742,35.06190490722656,12502347
2017-01-02,35.31561245252977,35.31561245252977,34.49965682391245,34.818389892578125,8992995
2017-01-03,34.984128838146844,36.34830582578386,34.85026011794006,36.28838348388672,20316219
2017-01-04,36.565048695906434,36.98067573146817,36.33556035164155,36.5191535949707,18360375
2017-01-05,36.71804660730886,37.02275570570369,36.26162172921117,36.50768280029297,7328706
2017-01-06,36.5994768297018,36.91948430229628,35.912289238042156,35.99515914916992,16340709
2017-01-09,36.11244544982091,38.37545132129658,35.7261440442864,37.08012008666992,31377258
2017-01-10,37.45622658166362,38.96191836752651,37.310882472445385,38.54629135131836,45535479
2017-01-11,39.3444081487539,39.48209989348333,38.72734074584826,38.9530029296875,28558068
2017-01-12,39.04989291073546,39.98824523576238,39.01164699103247,39.545841217041016,23395680
2017-01-13,39.65038568649797,39.701381313665706,38.75793171704501,38.97849655151367,10845780
2017-01-16,38.978490978331976,39.229652511210645,38.514417034903985,39.002716064453125,8161494
2017-01-17,39.316361403218,39.37500622468457,38.42645592901179,38.622798919677734,6088005
2017-01-18,38.62279292804799,38.97849762879552,38.31170900106837,38.552669525146484,11967153
2017-01-19,38.6304440536892,38.80893680225465,37.79536364148767,37.99298095703125,13663023
2017-01-20,37.91648807672059,38.198249675127286,37.12603154181773,37.60795593261719,10197726
2017-01-23,37.73798705573391,38.757931697541245,37.5492964945254,38.61259078979492,14906034
2017-01-24,38.96191990021348,39.1098126729951,38.567966089034485,38.756656646728516,11601744
2017-01-25,39.03842268186085,39.08941831396736,38.500399022271225,38.61642074584961,12168948
2017-01-27,38.681437487447006,40.01884093099913,38.64063970089343,39.289581298828125,23096865
2017-01-30,40.54283856797274,41.43529258413468,40.18330766150064,40.41279602050781,63852426
2017-01-31,40.38857423784739,40.40897313181108,39.1659117191464,39.267906188964844,47114397
2017-02-01,39.515237952269004,40.12720466537051,39.34949817118176,39.992061614990234,25770492
2017-02-02,39.95502047894045,40.3497292453246,39.37508986980782,39.48877716064453,16414002
2017-02-03,39.49644885937063,40.09553758460676,39.219257641650614,39.45429611206055,15787497
2017-02-06,39.5858565716821,39.99206270692062,39.16559952354272,39.265235900878906,11405427
2017-02-07,39.343152212010715,40.17089212228763,39.343152212010715,39.98311996459961,18650082
2017-02-08,40.26286301775414,40.57070951774236,39.510487998497936,39.99333572387695,13352130
2017-02-09,40.28586886259496,40.396999423893874,39.72765608137045,39.965248107910156,11168817
2017-02-10,39.96651859286827,40.07892912385104,39.37509377020155,39.44279479980469,6972207
2017-02-13,39.598632011426595,39.626733838149356,38.759397874672445,39.00082015991211,7557297
2017-02-14,39.16432480930202,39.430018613437134,38.50264544908693,38.57417678833008,18594774
2017-02-15,38.902472746775416,39.414699249293854,38.85776323827416,38.948455810546875,23131218
2017-02-16,39.057030058364475,39.164330298315676,38.78111883111672,38.9957160949707,12281841
2017-02-17,39.19370751715989,39.519438539199555,38.860315868020926,39.028926849365234,7979565
2017-02-20,39.03658730102933,39.46961852161074,38.85903250473175,39.23713684082031,11227029
2017-02-21,39.34316013437059,40.109586250664336,39.21797867070467,39.856666564941406,11338899
2017-02-22,38.67892881813484,39.034038453438384,38.50520431416061,38.590789794921875,42311049
2017-02-23,38.525643088097844,39.44279901350937,38.33531412220678,38.46049880981445,44609301
2017-02-27,38.54863829433869,38.83093660236213,38.275280601233625,38.526920318603516,77749914
2017-02-28,38.586958136244284,38.92929685984065,38.58568136495653,38.71980667114258,25550052
2017-03-01,38.75556407338828,38.95866714623783,38.73640286001698,38.86158752441406,13325367
2017-03-02,38.874358678973124,39.131108627062744,38.3212531559842,38.40811538696289,12683550
2017-03-03,38.3212531783049,38.547350976374126,37.97125392839984,38.18840789794922,16429677
2017-03-06,38.31870727694679,39.1860465571678,38.316150518553755,39.090240478515625,15495249
2017-03-07,39.343159130553104,39.37381771812579,38.94462000444555,39.100460052490234,11109087
2017-03-08,39.13622333848805,39.168158695252465,38.57801066890529,38.86669921875,8635242
2017-03-09,38.89990987806945,39.851554607968744,38.73001891812738,39.71232223510742,27252786
2017-03-10,39.85410926792252,40.18367056941219,39.59863284787707,40.04954528808594,23827617
2017-03-14,40.6205289779304,40.7112247402692,40.00738947614351,40.158119201660156,16393608
2017-03-15,40.23476461617517,40.66779258636351,39.98695205402804,40.10063934326172,12442188
2017-03-16,40.72272977106533,42.48551032956331,40.36506657418933,42.19171142578125,30188881
2017-03-17,42.39608215251539,42.53659450152263,41.08038730653087,41.284767150878906,20305566
2017-03-20,41.29754782230386,41.69353343132757,40.735501553463216,41.51470184326172,11478343
2017-03-21,41.514698017001095,41.61688794591288,40.084035796188026,40.74827194213867,14300866
2017-03-22,40.41614996139411,40.46724652893362,39.16432264924981,39.29206085205078,20921224
2017-03-23,39.53476893009814,40.28841768376165,39.279292486923595,40.160682678222656,10892574
2017-03-24,40.25010456334461,40.28842378438944,39.62419072044181,39.73915481567383,6134990
2017-03-27,39.72636751121342,40.87600486668475,39.483665255442986,40.569435119628906,15834465
2017-03-28,40.62054559820657,40.9782120619487,40.28842742817081,40.467262268066406,12604670
2017-03-29,40.82695406350714,40.82695406350714,39.83775367445887,39.991912841796875,10068646
2017-03-30,40.107545864204084,40.46725608659119,39.32389618727029,39.42667007446289,24407532
2017-03-31,39.567966914954475,40.50578191327605,39.36241921970106,40.274539947509766,17963398
2017-04-03,40.9040431551208,41.469297879317594,40.647106837267124,41.08389663696289,16554813
2017-04-05,41.23805273504427,41.597759643430784,41.1609699108826,41.45644760131836,14952531
2017-04-06,41.58491280761056,42.85674060239654,41.23805303406917,42.522727966308594,32088790
2017-04-07,42.381411515047404,43.4990768638652,42.13732237904255,43.07513427734375,24437493
2017-04-10,43.06229638907315,44.55251933051392,42.68974227092593,44.167118072509766,26679721
2017-04-11,44.44973822429938,45.73441318815896,44.44973822429938,45.37470626831055,28558572
2017-04-12,45.70872595237125,45.73442023186781,43.9358756523497,44.873687744140625,13919162
2017-04-13,44.95076697763255,44.95076697763255,43.2935345994017,43.66609191894531,14012512
2017-04-17,43.678939573195095,44.4497420299645,43.563318557794545,43.96156692504883,8772819
2017-04-18,44.26989195693927,45.58026140923489,43.833102139507396,44.167118072509766,12658522
2017-04-19,44.7709056109935,46.83923327525891,44.71952029589469,45.914268493652344,42584797
2017-04-20,46.286825441264355,46.89062152946704,45.477481610932,45.760108947753906,25164770
2017-04-21,46.27397327145798,46.98054315389633,46.11981409883606,46.376747131347656,17237962
2017-04-24,46.63369310473585,47.083330048251135,46.376756784319724,46.69792556762695,8938535
2017-04-25,46.94200169621116,46.993387005351025,46.09411660279121,46.3125114440918,10220826
2017-04-26,46.36390574418437,46.659383458131636,45.52886762472388,46.1968994140625,10616304
2017-04-27,46.582296780661004,46.64653246726856,45.96565359578035,46.132659912109375,9521120
2017-04-28,46.608000077761886,47.4044968704803,46.376758030061076,47.006248474121094,14299025
2017-05-02,46.582296725872,47.353102323278854,46.582296725872,47.04478073120117,8068744
2017-05-03,47.17325873004949,47.26318547556558,45.70872681853069,45.952816009521484,11362962
2017-05-04,46.00420267758478,46.83924086729841,45.55456573406949,46.69792556762695,8101486
2017-05-05,46.26113552031307,46.7236196008598,45.93996673869469,46.11982345581055,11472865
2017-05-08,46.119822614425736,46.942013645352915,46.119822614425736,46.46668243408203,6032136
2017-05-09,46.46668031892758,46.78784908006719,46.261132570552284,46.569454193115234,5079927
2017-05-10,46.3510550839055,47.532956146613344,46.3510550839055,47.26317596435547,8149076
2017-05-11,47.725664380439746,48.02114211924604,46.51807208399118,46.69792556762695,15243901
2017-05-12,46.83924295076578,46.83924295076578,45.59310918049747,46.09413146972656,7175988
2017-05-15,46.24829083558335,46.49238002820778,45.93996917699638,46.23544692993164,5182042
2017-05-16,46.24828519014457,47.0447851367532,46.094125996882,46.916316986083984,5923694
2017-05-17,47.006246538547366,47.13471469691632,46.119823038095724,46.26113510131836,6199492
2017-05-18,45.73441323168342,46.11981766186332,44.84798983456302,44.95076370239258,9948081
2017-05-19,45.220547385224656,45.56741042884953,43.93587232091833,44.73237228393555,9595324
2017-05-22,46.11981569148882,46.37674873287306,44.87367895856547,45.130615234375,6467049
2017-05-23,45.20770638998166,45.34902170127571,43.74317765266556,44.20566177368164,6969454
2017-05-24,44.19280247766534,44.616745060513416,42.522726420245704,42.85673904418945,9802204
2017-05-25,43.43484398881342,44.60389787461011,42.908127545077555,44.19280242919922,13634989
2017-05-26,44.19280521424006,45.06638470800401,43.80740078406016,44.95076370239258,16167171
2017-05-29,45.22054453351478,45.29762412687316,43.97441096411489,44.3341178894043,8203582
2017-05-30,44.59104763973884,44.65528008571238,43.52476768937314,43.71746826171875,12844893
2017-05-31,44.17996402058931,44.9379226107203,43.82025381757645,44.35981750488281,13470012
2017-06-01,44.55251506249179,45.46463602954737,44.24419343873974,44.37266159057617,14179136
2017-06-02,44.706677136467746,44.976457342198266,44.10288103238591,44.218502044677734,9192975
2017-06-05,44.39835385648198,44.424048132570384,43.627548214808286,43.6917839050293,8791081
2017-06-06,43.845949662248564,44.37266622885256,43.332080235613695,43.460548400878906,10209972
2017-06-07,43.78170452458887,44.295573802488676,43.51192113217582,44.077178955078125,6827393
2017-06-08,44.398363020349564,44.4240573017413,43.434856577995106,43.51193618774414,10178609
2017-06-09,43.53762307368645,43.73032368253932,43.062291886385445,43.22930145263672,12007531
2017-06-12,43.3963051677601,43.6018529027325,42.41995504385388,42.54841995239258,13142731
2017-06-13,42.63834708509499,43.01090437976922,42.35571975544331,42.407108306884766,13319423
2017-06-14,42.41994915281672,43.267834250434866,42.41994915281672,42.651187896728516,17473391
2017-06-15,42.65119359843935,43.53762022242151,42.54841973148673,42.89528274536133,19151632
2017-06-16,42.959523209873915,43.73032897296183,42.959523209873915,43.614707946777344,22207561
2017-06-19,43.93587702149363,43.93587702149363,43.113685927389895,43.33208084106445,12413695
2017-06-20,43.61470095105139,43.61470095105139,43.049446285288695,43.12652587890625,6717635
2017-06-21,43.16506855296756,43.781715069391346,43.049450767715534,43.49908447265625,7135689
2017-06-22,43.666088180637736,43.666088180637736,42.45849282321628,42.75396728515625,9751797
2017-06-23,43.06228523858984,43.06228523858984,41.75191936002433,42.471336364746094,9145884
2017-06-27,42.57411731890364,42.58696445757534,40.531483724190636,41.25090408325195,9581484
2017-06-28,41.05820389030291,41.623461870017074,40.49294914501469,41.04535675048828,11784554
2017-06-29,41.276591126045794,41.751922273131655,40.8911899409467,41.10958480834961,7076104
2017-06-30,41.16097992771484,41.8033175454945,40.67280476134978,41.507843017578125,8591533
2017-07-03,41.81615735455244,42.08594078862162,41.37936759228846,41.72623062133789,10894996
2017-07-04,41.77761800382776,42.18871347810584,41.75192372807902,41.9831657409668,10296468
2017-07-05,41.957473318324844,43.717476299613885,41.7647727105493,43.57616424560547,14784669
2017-07-06,43.935866158604796,44.55250932672114,43.678933122435595,44.19280242919922,17489016
2017-07-07,44.01294345752765,44.16710585875356,43.190752609456275,43.730316162109375,10662973
2017-07-10,44.179960980034345,44.745218907459254,43.93587181498769,44.37266159057617,2278960
2017-07-11,44.668136921896014,45.02784710696725,43.73032489424773,43.96156692504883,17347773
2017-07-12,44.14141928174564,44.21850211300972,43.49908176109871,43.794559478759766,6511470
2017-07-13,44.26988561021857,44.603901495334995,44.03864359479755,44.475433349609375,8588639
2017-07-14,44.668136246032304,45.207699898262284,44.30842930082942,44.51397705078125,14834658
2017-07-17,44.56534716671163,45.207684474771526,44.55250003241949,44.937904357910156,5949296
2017-07-18,44.96362413208937,45.32333115861485,44.19281827829333,44.629608154296875,10553010
2017-07-19,44.706675541850416,44.86083472979049,44.192806191341,44.61674880981445,4820290
2017-07-20,44.70667518708315,44.82229619433345,43.92302241225899,44.3341178894043,10397821
2017-07-21,44.35980932032961,44.59105131999958,43.55046555590999,44.064334869384766,7562362
2017-07-24,44.25704362322569,44.68098628936456,44.06434299942181,44.35981750488281,7285782
2017-07-25,44.51397994458143,44.56536526819706,43.92302769923357,44.35981750488281,9441366
2017-07-26,44.359822400075146,45.23340210777485,44.269895648004805,45.09208679199219,13393868
2017-07-27,45.46463335717965,46.119817982051245,45.27193275796458,45.593101501464844,37764926
2017-07-28,45.59311099422221,45.96566513234927,45.07923831009007,45.7087287902832,6569801
2017-07-31,45.978512585971075,46.06843933597869,45.374716382758415,45.9271240234375,16658911
2017-08-01,47.520109259130635,48.175293863749594,46.196896146844125,46.49237060546875,29153430
2017-08-02,47.00624738290889,47.00624738290889,46.50522511413858,46.77500534057617,14308899
2017-08-03,46.749313620007015,46.7621607593315,46.18405566185887,46.40245056152344,7276546
2017-08-04,46.09412136675661,46.351054407860666,45.708716953462606,45.97850036621094,8845141
2017-08-07,46.11982068319338,46.86493208237661,45.991352531384074,46.71076965332031,5944758
2017-08-08,46.63369081630598,47.22463979606755,46.068432879784616,46.72361755371094,10737771
2017-08-09,46.50522085786067,46.8906220701917,45.73441519877304,46.05558395385742,7223907
2017-08-10,45.837193988350904,45.837193988350904,43.678942439568175,43.87164306640625,12330222
2017-08-11,43.357775316779644,44.295587442021784,41.39222108484967,43.97441864013672,12930030
2017-08-14,44.530244149986494,46.00381336683985,44.129537359409056,45.564327239990234,5945438
2017-08-16,45.78406511116793,46.06844036946281,45.047280586298,45.318729400634766,6269561
2017-08-17,45.202396926249854,47.80053418672115,45.150691147824446,47.348121643066406,26626620
2017-08-18,47.1412929002834,47.95563266567352,46.53376643216928,47.18006896972656,13600478
2017-08-21,47.296412943257536,48.265866939326095,46.029660502781965,46.301109313964844,19677741
2017-08-22,46.50792170111176,47.03788957736106,45.796986882305376,46.06843566894531,7591950
2017-08-23,46.456212439001945,47.43859271622319,46.06843220653697,47.32225799560547,10218766
2017-08-24,47.54200660595963,48.963873050121514,47.348116466844715,48.58901596069336,21204341
2017-08-28,49.18361259695462,49.455058121638324,48.65364473547482,48.82168197631836,14316997
2017-08-29,48.472677523681895,49.06727759319186,47.59370548881838,47.86515426635742,9450404
2017-08-30,48.188304403126814,49.97209806011187,48.188304403126814,49.59724426269531,16054206
2017-08-31,50.0755078472657,50.33403018417839,48.86046132519347,49.118980407714844,19380999
2017-09-01,49.32579368979404,50.30817394847602,49.19653252994805,50.14013671875,10242157
2017-09-04,50.12720735310496,50.230615624071106,49.08019820277387,49.5584602355957,9781609
2017-09-05,49.55846959380949,49.93332668084101,49.40335553087436,49.73943328857422,4331424
2017-09-06,49.17069208220914,50.54085282186231,49.17069208220914,50.02381134033203,7678727
2017-09-07,50.07551088971693,50.91570365414402,50.02380837182787,50.165992736816406,7797820
2017-09-08,50.334024412926915,50.4632855665623,48.44681938038857,48.64071273803711,10831124
2017-09-11,48.98972561775545,49.76528947508117,48.7312065015747,49.63602828979492,9218018
2017-09-12,49.97210469169038,51.18715459284658,49.84284350996881,51.07081985473633,20454624
2017-09-13,51.17422707002903,51.48445194698354,50.140144146847334,50.37281036376953,19274115
2017-09-14,50.37281267684997,50.60548215884774,48.78290888905412,49.170692443847656,21851544
2017-09-15,49.093130653345405,49.312873677414714,48.343419733766275,49.14483642578125,13158420
2017-09-18,49.53261120301207,50.21769308538895,49.144830970355656,49.85576248168945,8670192
2017-09-19,49.881612663255034,50.204763924429294,49.18360763140195,49.33871841430664,6527172
2017-09-20,49.636023625417025,49.8169905695687,49.144835072757175,49.493839263916016,3679826
2017-09-21,49.76527889362729,49.86868716899052,48.43389775512457,48.65364074707031,7126359
2017-09-22,48.49853656512152,48.49853656512152,46.53377567945238,46.76644515991211,7359891
2017-09-25,46.79228591918945,47.167139676020085,45.00849245533816,46.79228591918945,15014148
2017-09-26,46.80521296174746,47.54199729878058,46.65009892818689,47.1929931640625,11293223
2017-09-27,47.335193342056236,47.72297364747115,45.52554649280035,45.71943664550781,13886829
2017-09-28,47.20592560430152,47.36233165092839,46.09687135103831,46.509212493896484,16193742
2017-09-29,46.58030473772235,47.376550153243436,46.05421610886177,46.29593276977539,11087949
2017-10-03,46.63717182427794,46.83623640413862,45.57077302868636,46.49498748779297,12084912
2017-10-04,46.750928668530804,46.992645326591884,46.36702440097857,46.77936553955078,7194519
2017-10-05,47.09217383538919,47.16326600721131,46.480771394545876,46.56608200073242,5632314
2017-10-06,46.92155316290037,47.87420135991606,46.72249181131047,47.26280212402344,14234925
2017-10-09,47.49030262723474,47.547179630311774,46.82202631700663,47.29124450683594,8180193
2017-10-10,47.461867849228746,47.461867849228746,46.8362500772735,46.992652893066406,6092373
2017-10-11,47.291244801543534,47.60405367565409,47.04952811373273,47.177494049072266,11937174
2017-10-12,47.20592550628247,48.343416628499334,47.1348333281412,48.15857696533203,17344374
2017-10-13,48.32920195269112,49.02591506893575,47.94529767793076,48.62779235839844,7833861
2017-10-16,48.6420117825629,49.068571373321646,47.973735524293055,48.82685470581055,8306547
2017-10-17,48.798412370378266,48.798412370378266,48.34341270403657,48.58513259887695,3679266
2017-10-18,48.59935976141504,49.48091587468888,48.3434213861361,49.09701156616211,10262934
2017-10-19,49.43825265654992,49.43825265654992,48.784194894717004,48.997474670410156,1513617
2017-10-23,49.424038783872255,50.021219607422836,49.139663553771456,49.56622314453125,8494290
2017-10-24,49.48090971768864,49.978561460512,49.21075619338949,49.765281677246094,4764408
2017-10-25,50.163409261281274,50.29137844546687,48.18701727827146,48.74154281616211,8386635
2017-10-26,48.74154789659177,49.4240459441977,48.130145294006724,48.3007698059082,10685091
2017-10-27,48.88372288270936,49.4666884581901,48.585132504941235,49.01169204711914,5783406
2017-10-30,49.352934404488245,50.262927165345495,49.21075006959856,49.90746307373047,7391871
2017-10-31,52.89338867496138,54.71337450659648,51.54261448275387,52.49526596069336,75144498
2017-11-01,52.879161190323934,53.177751547734225,52.52369384461435,52.83650588989258,14100363
2017-11-02,52.96447524447621,53.078225974100526,52.38151292512354,52.68010330200195,8766645
2017-11-03,52.86495021999562,52.86495021999562,51.841206593163214,52.04026794433594,7825704
2017-11-06,52.02605379700174,52.75120382964855,51.25824519999443,52.50948715209961,9703422
2017-11-07,52.893391647175896,53.31995125723377,50.447781480501945,51.34355926513672,13384689
2017-11-08,51.74168030403406,51.89808310270294,50.390906080244555,50.83168411254883,9024780
2017-11-09,51.01652831825928,52.609015998133934,50.874340697873656,52.40995788574219,8723295
2017-11-10,52.381515675522834,52.60901063793451,51.48573798907088,51.741676330566406,5964225
2017-11-13,51.89807546154098,52.026044623274636,50.732147589352735,50.888553619384766,6147795
2017-11-14,50.902771405566476,50.902771405566476,49.62309274026914,49.89324951171875,9238092
2017-11-15,49.85060026715425,50.78903010069567,49.523569716440406,50.17762756347656,9654879
2017-11-16,50.34824923802165,51.329334326446904,50.33403080221209,51.11605453491211,9771558
2017-11-17,51.471520716016705,51.898080288951626,50.64683844109035,50.81746292114258,10201404
2017-11-20,50.81746412851994,51.25824214739909,50.547310593746886,51.11605453491211,6510531
2017-11-21,51.21558481715704,51.25824012290101,50.36246568471268,50.461997985839844,9066429
2017-11-22,50.51887302787012,51.613708842117404,50.50465459225595,51.286678314208984,9406272
2017-11-23,51.798551194502416,53.43369405303536,51.798551194502416,53.20619583129883,31021161
2017-11-24,53.53323086331218,53.87447985184688,52.35308109448858,52.50948715209961,11278188
2017-11-27,52.58058359247004,53.31995537602657,51.78434131207537,52.97870635986328,7129203
2017-11-28,54.03088219663338,54.03088219663338,52.90760943835716,53.04979705810547,20069670
2017-11-29,53.248854516185396,54.99775147813674,53.17776233437938,53.74650955200195,26750220
2017-11-30,53.4621234716674,53.63274792778363,52.62322613334499,52.83650588989258,16002063
2017-12-01,53.12089677322992,53.71808095558261,52.26777744255236,52.46683883666992,10760892
2017-12-04,52.60900669584731,52.75119429109144,50.561522898043094,51.258235931396484,11866296
2017-12-05,50.90276926344781,51.91229436920328,50.14918248349418,51.78432846069336,11439243
2017-12-06,51.75589131937459,51.75589131937459,50.68949241506892,50.945430755615234,8780127
2017-12-07,50.90277482602838,52.36729649753078,50.81746421103248,52.125579833984375,4550679
2017-12-08,52.552133497401655,52.80807182233892,52.353072163778776,52.637447357177734,4826619
2017-12-11,52.77963164134624,53.29150503626592,51.841201965579984,52.15401077270508,4514526
2017-12-12,51.92652053022337,52.22511420329302,51.48574249320769,51.5710563659668,3302022
2017-12-13,51.4715268934994,52.026055706624454,51.05918570654808,51.37199783325195,4752969
2017-12-14,51.38621139526367,51.585272751264675,50.831682634748454,51.38621139526367,4593927
2017-12-15,51.54261425758384,52.23933063170488,50.95965187903011,51.17293167114258,8831664
2017-12-18,51.11605677156696,52.62323706846024,48.912166580736866,51.88386535644531,9356181
2017-12-19,51.898084270724645,52.75120348204829,51.898084270724645,52.35308074951172,6707226
2017-12-20,52.75119795648758,53.14932064732176,52.48104443570409,52.808074951171875,8328321
2017-12-21,52.637463353683835,53.12089677322992,52.28199588110419,52.46683883666992,4412676
2017-12-22,52.60901373502236,53.80338188434318,52.49526624712022,53.60432052612305,11938740
2017-12-26,53.83182083074235,53.87447939474091,52.893391001821485,53.04979705810547,9328047
2017-12-27,53.135104553593585,53.41947652198092,51.940736428462415,52.39573287963867,9960756
2017-12-28,52.39573113824763,52.59479574021151,51.41464609000283,51.627925872802734,23326452
2017-12-29,51.8269903389625,52.722764829745294,51.68480272374297,51.798553466796875,15759831
2018-01-01,52.04026529101262,52.29620037107381,51.52839513089026,51.5994873046875,8166816
2018-01-02,51.898073437021345,52.225103918477295,51.400421752430994,51.65635681152344,11789442
2018-01-03,51.7558990987039,52.210898853403485,51.41465335066881,51.471527099609375,8387208
2018-01-04,51.49995681940831,51.7274550379569,51.1018373777417,51.20136642456055,13893633
2018-01-05,51.47152356014566,52.18245513619026,51.41464981511604,51.841209411621094,10396050
2018-01-08,52.196679004297266,52.665893929148496,51.95496232344638,52.338863372802734,12205740
2018-01-09,52.60900936385241,52.60900936385241,51.855422555940464,51.912296295166016,7031151
2018-01-10,51.94073697011262,52.25354906755295,50.95965187903011,51.17293167114258,11870301
2018-01-11,51.215583069658706,51.471518149781154,50.76058664846523,50.90277099609375,11858856
2018-01-12,51.130274003810975,51.215584614962125,50.063875092465594,50.61840057373047,9999291
2018-01-15,50.7605874830341,51.187147041715065,50.56152613869025,50.789024353027344,8986140
2018-01-16,50.760587221984395,50.845897831525384,49.082785865882336,49.25341033935547,13604358
2018-01-17,49.196540000783486,50.27716072750717,47.49030154400737,50.063880920410156,14795268
2018-01-18,50.106526350266726,50.58995961651894,48.07325773817327,48.65622329711914,9535365
2018-01-19,48.84106295906791,49.310277760198275,48.37184815793754,49.12543487548828,5545041
2018-01-22,49.31028119348138,50.02121266122706,49.01169082316984,49.8790283203125,7885137
2018-01-23,50.0496523491943,50.376682860504516,49.42403470514117,49.679969787597656,13850478
2018-01-24,49.70840314700801,49.73684001478486,49.01169012330257,49.352935791015625,10449144
2018-01-25,50.70371043123827,51.044956103259224,49.87902823773528,50.30558776855469,45728052
2018-01-29,50.760594385221616,50.81746813294153,49.62309990447379,49.950130462646484,10870470
2018-01-30,50.31981171574148,50.60418368264701,49.76528296316481,50.33403015136719,10192740
2018-01-31,48.6988840279883,48.91216381680342,47.632485083912705,48.15857696533203,43235283
2018-02-01,48.343415377050356,48.684664332077276,45.812498102433715,45.94046401977539,41361114
2018-02-02,45.91202278579845,45.92624121970732,42.71282634043824,43.18204116821289,39743727
2018-02-05,42.655948638916016,43.16781872082676,41.63220522070391,42.655948638916016,57654582
2018-02-06,39.812224727677574,42.74126800295738,39.812224727677574,42.42845916748047,41933931
2018-02-07,43.58017463488222,45.38594547868155,43.39533169383254,44.88829040527344,53579583
2018-02-08,45.60649388290339,45.60649388290339,44.385534762477675,45.08938217163086,21077784
2018-02-09,43.95460964077265,45.33357647127902,43.95460964077265,44.90264892578125,8938587
2018-02-12,45.39103403112847,45.41976538442122,44.744642692510666,45.3192138671875,6431490
2018-02-14,45.93687025409775,46.72690508988429,45.62085829241265,46.137969970703125,15063036
2018-02-15,46.324708611323786,46.58326446696005,44.87391841064796,45.08938217163086,10960020
2018-02-16,45.4772213960053,45.4772213960053,44.14134662391738,44.730281829833984,7547409
2018-02-19,44.81645708241389,44.81645708241389,43.45185122944019,44.01205825805664,10100100
2018-02-20,43.98333875037639,44.299354044697814,43.66732345605496,44.170074462890625,8543745
2018-02-21,44.19879963513494,44.45735549410876,43.10711678457738,43.336944580078125,11911635
2018-02-22,43.164562814813834,43.451846670061585,41.756868307612955,42.10160827636719,24507504
2018-02-23,42.76237386323682,43.58113683104465,42.0585264381547,43.36567306518555,34034544
2018-02-26,43.94023677194926,45.03191944848916,43.75350110142438,44.58662796020508,19477392
2018-02-27,44.960105621490136,45.04629310430516,43.72478238649363,43.91151809692383,10397679
2018-02-28,43.810973848515594,44.58664488392979,43.4231383308085,44.34245300292969,6432813
2018-03-01,44.486082102561994,44.51481345281147,43.98333443279441,44.04079055786133,4595199
2018-03-05,43.925876083690945,45.16120243637929,43.49494859207556,44.68717956542969,9187710
2018-03-06,45.23303390300985,45.37667753204919,43.42313601289416,43.667327880859375,10445304
2018-03-07,43.52367569257197,43.55240375301685,42.273985336925264,42.61872863769531,7936389
2018-03-08,43.32258183845657,43.32258183845657,41.656327805669264,42.30271911621094,9916260
2018-03-09,42.73364130499554,43.48058403486307,42.33144187933083,42.647457122802734,9234141
2018-03-12,43.02092964182189,43.33694491792156,42.41763372875188,43.13584518432617,14156727
2018-03-13,43.09275242000444,43.724779674678906,42.97783687928358,43.53804397583008,12466362
2018-03-14,43.15021013673996,43.595501708976116,42.86292620592456,43.42313003540039,6788655
2018-03-15,43.3943974147632,44.328075845382195,43.09274948346529,43.46622085571289,9095664
2018-03-16,43.52368182970471,44.069521630555975,42.69055480846371,42.8629264831543,10796703
2018-03-19,42.89166085512136,43.00657641771951,42.08726178008446,42.67619705200195,6301965
2018-03-20,42.37454076853256,43.135847650901276,42.288356572513315,42.94911193847656,6695130
2018-03-21,43.0927482104673,43.66731599479635,42.51817713842247,42.61872863769531,7860561
2018-03-22,42.74801291549019,42.84856443359419,40.93811846678217,41.19667434692383,19364409
2018-03-23,40.47846727573762,40.55028744817373,39.65970415909902,40.20554733276367,24617190
2018-03-26,40.20554294524074,41.65632999643006,40.133719492925785,41.06739807128906,14150625
2018-03-27,41.383414346802084,41.5126906563983,40.938122704981645,41.09613037109375,8877729
2018-03-28,40.92375858447888,41.88616203809278,40.421010806117906,40.636474609375,23399328
2018-04-02,41.02430364311856,41.756882490002106,40.82320388982861,41.584510803222656,7534800
2018-04-03,41.627597143631384,42.331444538907654,41.29721784903713,42.15907287597656,9860166
2018-04-04,42.317073175247685,42.733636585270425,41.08174697395849,41.297210693359375,11741064
2018-04-05,41.65632078470982,42.00106407398049,41.26848540620924,41.670684814453125,10456299
2018-04-06,41.6706933017723,42.05852875926565,41.23976574627221,41.598873138427734,5684175
2018-04-09,41.65633225249138,41.81433991088213,41.29722483461692,41.541419982910156,7065069
2018-04-10,41.656328920974666,42.21653605352957,41.55578069313256,41.79997253417969,6792945
2018-04-11,41.94361363315424,42.029801117753166,41.51268607330871,41.627601623535156,5636949
2018-04-12,42.0872536582875,42.84856048333051,41.9148819915121,42.317081451416016,13782747
2018-04-13,42.25962084384733,42.43199249234443,40.823194823325856,40.9381103515625,14176671
2018-04-16,41.11048971738621,41.139217782909306,39.84643510807148,39.946983337402344,17572878
2018-04-17,40.21990282483323,40.46409795464557,39.60224284714605,39.91825485229492,10461405
2018-04-18,40.19117177696406,40.36354344321527,39.731516192104905,39.846431732177734,13714419
2018-04-19,39.645332491438154,39.6740605548814,38.85529759588456,39.113853454589844,15710562
2018-04-20,38.48183162160308,38.59674388176101,37.49069693915947,38.007808685302734,24909216
2018-04-23,38.05090376823286,39.903890250286324,38.05090376823286,39.42987060546875,26176191
2018-04-24,39.67406875232501,39.803348352247426,38.869669658845105,39.01331329345703,9272688
2018-04-25,39.01330228519357,39.01330228519357,37.86416339569754,38.15144729614258,8935848
2018-04-26,38.180176438135874,38.33818406732532,37.51942114700797,37.64870071411133,15748587
2018-04-27,37.720514471670135,38.69728485551001,37.63432701231389,38.266357421875,13382757
2018-04-30,37.792343573203226,38.194543044964135,37.57687980531104,37.691795349121094,13847460
2018-05-02,37.9216226404356,37.993442799531046,37.28959537724727,37.4332389831543,9106338
2018-05-03,37.34704449064403,37.47632404045291,36.456461534249925,37.03103256225586,14574378
2018-05-04,37.24649980318265,38.00780328164145,37.05976411925838,37.23213577270508,7078263
2018-05-07,37.31832813200036,37.90726337376376,36.87303651420077,37.72052764892578,7313223
2018-05-08,37.892887115478516,38.165806954017924,37.69178742189277,37.892887115478516,8788539
2018-05-09,37.864166669844,38.1370865632522,37.777979190856676,38.02217102050781,6669102
2018-05-10,38.036536099001964,38.15145164490837,37.16031697943701,37.28959655761719,6999927
2018-05-11,37.34705631632011,37.519428008073696,36.628844769682836,36.729393005371094,7212126
2018-05-14,36.91613374277555,36.91613374277555,35.73826638335794,36.1260986328125,9882675
2018-05-15,35.65206908155666,36.72938789549172,34.27310231480623,34.53165817260742,37511736
2018-05-16,34.330563610690305,35.422246620672915,32.29084121678374,34.94822692871094,28314477
2018-05-17,34.99131271034193,36.413374817102145,34.05763752888567,36.02553939819336,22246566
2018-05-18,35.82443745268779,36.34154912070444,34.761482768239496,34.89076232910156,11526891
2018-05-21,34.47420298678124,34.90513052411601,33.54052446407846,33.69853210449219,9176997
2018-05-22,33.32505608249602,34.31619059625781,32.980316072977466,33.64107131958008,16655865
2018-05-23,33.56926134277792,34.10073719205897,33.35379753863649,33.55489730834961,8386623
2018-05-24,33.65544379132778,33.813451449502296,33.08087258105826,33.33943176269531,7425024
2018-05-25,33.43997640983024,34.24437536034018,33.1957845757932,34.02891159057617,8685510
2018-05-28,34.1869164893076,36.02554222155131,34.115096327479584,35.50843048095703,21852888
2018-05-29,35.47969905278692,35.78135030725334,35.04877150730598,35.278602600097656,13140726
2018-05-30,34.01455225213984,34.53166405584371,33.52616851667322,34.316200256347656,25204605
2018-05-31,34.44547591039097,34.44547591039097,32.70740167914858,32.86540603637695,27125460
2018-06-01,32.75049823921235,33.23888198535334,31.658815183753056,32.00355529785156,20689938
2018-06-04,32.17592662507201,32.86541013297819,31.601355391291843,32.204654693603516,24504603
2018-06-05,32.21901161385925,32.85103884514979,31.888635610977822,32.46320343017578,17626572
2018-06-06,32.4632080243028,33.58362233450112,32.39138785866821,33.38252258300781,19982229
2018-06-07,34.38802136302952,35.1205969161322,33.396886638039824,34.962589263916016,32471313
2018-06-08,34.33055997736602,34.660939296020736,33.89963243251324,34.057640075683594,10464249
2018-06-11,33.98581452323791,34.818941416163746,33.98581452323791,34.172550201416016,6191661
2018-06-12,34.1294646945471,35.005683931000526,34.04328048940743,34.876407623291016,10322559
2018-06-13,35.048765032131655,35.120588468253445,34.043269803583094,34.24436950683594,8779887
2018-06-14,34.11509987155948,34.17255929470739,33.16706048607657,33.368160247802734,11821971
2018-06-15,33.46870051338766,34.21564324695766,33.15268855606515,33.569252014160156,21030120
2018-06-18,33.597988316724425,33.727264622366306,32.5781254669664,32.8366813659668,9619353
2018-06-19,32.736123289959636,33.09523060647453,32.39138000308808,32.59247970581055,10429416
2018-06-20,32.52066661385216,32.80795055676889,31.917367374782305,32.104103088378906,10259367
2018-06-21,32.29084251035225,32.29084251035225,31.041151790414272,31.414623260498047,16149600
2018-06-22,31.40025497660251,31.687538913632835,30.796955749894163,31.515167236328125,17661147
2018-06-25,31.443351537556513,31.888643182637452,30.84005222520651,31.428987503051758,18864450
2018-06-26,31.285336426573366,31.371523900812086,30.236745718633408,30.45220947265625,19411377
2018-06-27,30.452217024542595,30.452217024542595,29.24562167541906,29.99256134033203,26922588
2018-06-28,29.66217685563553,30.308568166596828,29.101973025432134,29.80582046508789,24051936
2018-06-29,30.064368512017516,31.400246170707874,29.992548369830267,31.213510513305664,19270500
2018-07-02,31.270970651687975,31.270970651687975,29.820180578778622,30.337295532226562,18396411
2018-07-03,30.164932585830158,30.98369569927461,29.963832816076838,30.8687801361084,18868143
2018-07-04,30.69640087623377,30.81131641110205,29.83454587172742,29.97818946838379,13058145
2018-07-05,29.96382837603692,30.351663823642912,29.303073026962956,29.374893188476562,10440048
2018-07-06,29.446703054596647,32.2477311146207,29.389246945474024,31.8311710357666,53028897
2018-07-09,32.08974012903174,32.34829601507722,30.75386531136639,30.9549617767334,22921557
2018-07-10,31.170431099648223,32.50630944231299,30.969334598561815,32.405757904052734,26831130
2018-07-11,32.46320725297133,32.5206666718302,30.940600051396693,31.11296844482422,23040108
2018-07-12,31.314064488747615,31.81681215222892,30.193653625372033,30.45220947265625,17688438
2018-07-13,30.854417390517845,31.227888876762638,29.518542406315554,29.8201904296875,21314028
2018-07-16,29.920729772086997,30.19364961420144,28.87213920345036,29.015779495239258,15895158
2018-07-17,29.36052128254187,30.006912425969936,28.958321910491247,29.892000198364258,24264597
2018-07-18,29.93509675496855,30.179288562819675,28.44121455895357,28.59922218322754,24044445
2018-07-19,28.699771378238125,29.073242761934512,27.78046023780022,28.125200271606445,19658436
2018-07-20,28.268841987571303,29.935095784434363,28.082106308159158,29.777088165283203,27581040
2018-07-23,29.647819228452402,29.99255932458253,28.77159673515177,29.53290367126465,16157148
2018-07-24,29.547268367596786,30.89750729046406,29.432356095548496,30.710771560668945,22493088
2018-07-25,30.595849006641426,30.595849006641426,28.88650323262925,29.015779495239258,31127565
2018-07-26,29.11633718022371,29.446713209324372,28.656681573299863,28.785961151123047,32172804
2018-07-27,28.987053142989456,29.633444357231134,28.84341284274624,29.44670867919922,17262075
2018-07-30,29.59035959609612,31.25661379334101,29.489811361022088,30.969329833984375,42168243
2018-07-31,31.14168895056548,34.37364485850049,30.796948959681753,33.42560577392578,77121654
2018-08-01,34.10072685741531,35.020037933085774,33.468699670962934,33.64107131958008,80280801
2018-08-02,33.61234410547016,34.1438198070585,32.75048912840682,33.569252014160156,22892568
2018-08-03,33.6123510580135,34.63221386854942,33.497435503034644,34.330562591552734,28213677
2018-08-06,34.50293428016277,34.646577901957215,33.89963501388589,34.330562591552734,29598678
2018-08-07,34.129455670107575,34.301827322525455,33.339424135409,33.46870040893555,13025202
2018-08-08,33.49742949493193,34.99131171541519,33.06650199455629,34.74711990356445,40606014
2018-08-09,35.04877519461404,35.364790514661806,34.23001540223559,34.81895065307617,38338101
2018-08-10,34.89076817272485,35.73825925615422,34.41674851636653,34.80458068847656,43808427
2018-08-13,34.66093302477539,34.67529705449049,33.468698832127515,33.712890625,14906724
2018-08-14,33.51179817541495,33.95709305612116,32.549394825313165,33.78472137451172,28673466
2018-08-16,33.6123493958496,33.98582082141673,32.836678479320376,32.994686126708984,14290698
2018-08-17,33.238872425613856,34.01454321275128,33.066500774281565,33.77035140991211,11741781
2018-08-20,33.784765730649205,34.1595123150895,33.568566285616996,33.856834411621094,9578118
2018-08-21,34.01537521831309,34.7360388711651,33.8856575422281,34.18833541870117,14753664
2018-08-23,34.18833950796903,34.24599181534705,33.43884631628759,33.49650192260742,13224216
2018-08-24,33.438847420394644,34.00096733271619,33.208238183268186,33.871246337890625,10920258
2018-08-27,34.01537420614133,34.27481284953281,33.52532306874173,33.6550407409668,15681402
2018-08-28,33.784764292512186,33.856832970416285,33.15057906081734,33.179405212402344,8750094
2018-08-29,33.20823775610985,33.59739413769696,33.00644807833595,33.09292984008789,8680368
2018-08-30,33.150584012129954,33.35237040230503,32.80466684250274,32.91997146606445,12692523
2018-08-31,32.91997181713166,33.842422011230916,32.58846772191442,32.71818542480469,29239140
2018-09-03,32.934385692266176,33.2947192513437,32.28578726529195,32.41550827026367,23274777
2018-09-04,32.6893531573696,32.6893531573696,30.988583868117157,31.464221954345703,20666517
2018-09-05,31.53629723760137,31.53629723760137,25.79980295335028,27.226720809936523,435838635
2018-09-06,27.298779161259056,27.34202003485008,25.828624098048305,26.304262161254883,144894588
2018-09-07,26.23219711310173,27.02492947741991,25.972758449906816,26.477224349975586,64860561
2018-09-10,26.477227128835132,26.837559009861643,26.131306675642197,26.21778678894043,32605425
2018-09-11,26.34750171973083,26.491635767569107,25.410638656135465,25.511531829833984,47399022
2018-09-12,25.51153150614766,25.540357655561298,24.5746668049684,25.266504287719727,56999529
2018-09-14,25.396228461262684,25.799799552352376,25.396228461262684,25.59801483154297,22618239
2018-09-17,25.58359977163664,25.59801449744356,25.021481547175842,25.107961654663086,22569123
2018-09-18,25.107962252492666,25.237681592076765,24.12785819306594,24.214338302612305,33779469
2018-09-19,24.430536474371745,24.473775702148682,23.72428420771946,23.81076431274414,23632947
2018-09-21,24.01255382330359,24.113447017483594,21.47581254045905,23.104515075683594,37031124
2018-09-24,23.23423364558748,23.320712103438673,22.254129611369603,22.39826202392578,21786213
2018-09-25,22.225304515824096,22.600049466081973,21.403745931396273,21.965864181518555,26192304
2018-09-26,22.68653012924115,24.87735087503367,22.55680913419817,24.271991729736328,142002327
2018-09-27,24.502598880347268,24.776452238111922,23.493668842759273,23.6522159576416,45255255
2018-09-28,23.81076610859964,24.012552485719425,22.729768837937176,23.147754669189453,22137960
2018-10-01,23.219819570665123,24.171097411354367,22.513567315624833,23.839590072631836,29322090
2018-10-03,23.85400472595365,24.430537688455313,23.39277967552903,24.041378021240234,30933705
2018-10-04,23.68104514006805,24.070203141104297,23.205405383951547,23.709871292114258,24482433
2018-10-05,23.637808825868245,23.998142393892433,22.945971146373314,23.234237670898438,20945433
2018-10-08,22.773011569672388,22.98921105703935,21.67760105360928,22.23971939086914,29928747
2018-10-09,22.239716882995015,22.700943613646242,21.562292338827678,21.879384994506836,28296093
2018-10-10,22.19647589224261,23.580152675668185,22.095582707541222,23.479259490966797,26090592
2018-10-11,22.62887585555422,24.935002837488828,22.398263322307855,24.473777770996094,42896796
2018-10-12,24.790871234030902,25.194444005254912,24.44495242275504,24.661151885986328,23021736
2018-10-15,24.92059061436817,25.396230423775954,24.30082002858076,25.151203155517578,17167395
2018-10-16,25.237681782484096,25.511535189868543,25.007069254934514,25.367401123046875,13062003
2018-10-17,25.540364009625353,25.72773732637104,24.45936664297111,24.646739959716797,11772090
2018-10-19,24.473776175470043,24.848522754667634,23.695458514136913,23.954898834228516,22909692
2018-10-22,24.185512061053043,24.790871217485027,23.854006327617718,24.416126251220703,18668121
2018-10-23,24.315228327900712,25.223265236417106,24.24316130440218,25.09354591369629,21949755
2018-10-24,25.367402569226677,25.482708839575007,24.214339865743376,24.416126251220703,20489004
2018-10-25,24.15668544042952,24.560258203608917,23.63780640912329,24.026966094970703,27339909
2018-10-26,23.983724373869013,26.232197193724208,23.508084623922105,25.43946647644043,72418194
2018-10-29,25.655665174250792,26.23219643845135,24.805280528635745,24.906173706054688,39264528
2018-10-30,24.90617513750566,26.232197946113807,24.90617513750566,25.900693893432617,53536695
2018-10-31,25.65566207826555,26.924032355917532,25.65566207826555,26.823139190673828,34635969
2018-11-01,26.909623084849535,28.394191326985425,26.866382208222955,28.105926513671875,58131714
2018-11-02,28.336537417008923,28.50949761476427,27.255540304714735,27.3852596282959,20519661
2018-11-05,27.399676383921243,27.875316166907975,26.82314506307314,27.414091110229492,12621051
2018-11-06,27.60146312348512,27.889729612455596,27.298783557486765,27.45733070373535,12935340
2018-11-07,27.659116288601837,27.659116288601837,27.428502114350263,27.514982223510742,1471155
2018-11-09,27.529390651573244,28.610387709867236,27.471738354848558,28.437427520751953,26676957
2018-11-12,28.451850064197192,28.624806991880245,27.24113177676423,27.399677276611328,13179546
2018-11-13,27.38526093558084,27.471741038586796,26.722249561653115,27.269954681396484,11296545
2018-11-14,27.5149782582081,28.235645180863372,27.154646446351112,27.61587142944336,16517217
2018-11-15,27.58704446715669,28.091510308462343,27.111406423547503,27.87531089782715,8838150
2018-11-16,27.96179728623243,27.976210364440004,26.405161747219303,26.76549530029297,17977203
2018-11-19,26.808726199426772,27.241125009094944,26.635766015771278,27.068164825439453,10805367
2018-11-20,27.082582965145317,27.673528995283224,26.606944845327234,26.779903411865234,21194664
2018-11-21,26.938447259898123,27.428498396260125,26.606941594279515,27.16905975341797,10910604
2018-11-22,27.183476445823093,27.313195784508018,26.866383812665006,27.024930953979492,10296039
2018-11-26,27.327611911434932,27.716769947438852,26.83755903526178,27.644702911376953,20503503
2018-11-27,27.38526469736606,27.529397122527605,26.693427077225458,26.851972579956055,13761777
2018-11-28,26.99610319087155,27.096996376545505,25.43946782543181,25.56918716430664,29465751
2018-11-29,25.655666653104923,25.713320607583665,24.07020352332505,24.444950103759766,80182452
2018-11-30,24.43053537660891,24.617907004693745,23.8540024686642,23.998136520385742,35208714
2018-12-03,24.257577400973997,24.920588821445655,23.753111472584305,24.560256958007812,30724905
2018-12-04,24.502597475443004,24.90617012712682,24.07019867705906,24.185504913330078,14637795
2018-12-05,23.940483251923304,24.185508837572257,23.349538901333936,23.839590072631836,16503828
2018-12-06,23.50808928335831,24.214341685608414,23.493676204665405,23.580156326293945,21612813
2018-12-07,23.724284847243243,23.796351878284955,23.061273439966232,23.09010124206543,21818304
2018-12-10,22.513565603764345,23.147750782669068,22.138820715941005,22.383846282958984,60029283
2018-12-11,22.052344621930803,23.00362256296711,21.619945707775297,22.700942993164062,49626948
2018-12-12,22.88830905978627,23.608974290636173,22.84506983871291,23.11892318725586,24321090
2018-12-13,23.37836539489869,24.54584268694782,23.24864606233119,24.32964324951172,51720444
2018-12-14,24.473776244158298,24.473776244158298,23.42160518357614,23.753110885620117,29710962
2018-12-17,23.8684155171813,24.358466640101177,23.85400079344488,24.14226722717285,24032520
2018-12-18,24.01254611580968,24.387292616613244,23.882826807635563,24.31522560119629,26882103
2018-12-19,24.401708047720696,25.165614247970172,24.329642669939247,24.978240966796875,35638596
2018-12-20,24.747630934805134,26.217786231746757,24.617909942879194,26.030414581298828,62658462
2018-12-21,26.27543451471923,27.327605403070603,25.367396014693995,25.482702255249023,113350500
2018-12-24,25.482704709011504,25.756558087618497,25.13678595403746,25.352985382080078,33134253
2018-12-26,25.29533540995654,25.799799688855426,24.574670033638423,25.56918716430664,37833786
2018-12-27,26.015994764760382,26.08806178512244,24.689972146710353,24.834104537963867,74696946
2018-12-28,25.079136678002698,25.439468551713574,24.963830412436376,25.33857536315918,22391712
2018-12-31,24.90617345072143,25.8574512640031,24.87734730017461,25.352985382080078,31537269
2019-01-01,25.482700638640797,25.58359379890966,25.107955792978203,25.20884895324707,10478028
2019-01-02,25.151201982313445,26.01599979601983,25.007069563186022,25.857454299926758,30694161
2019-01-03,25.9727597695843,26.188959216388767,25.468295493354464,25.59801483154297,39807891
2019-01-04,25.62683968249,26.563702804726695,25.511533426684394,26.477224349975586,34527270
2019-01-07,26.66459628147118,26.86638264374422,26.24661213044367,26.347503662109375,24057507
2019-01-08,26.37633241478277,26.47722559955814,25.95834659920922,26.1889591217041,14104692
2019-01-09,26.261025118104254,26.7654910220908,26.001584803423686,26.621356964111328,18285609
2019-01-10,26.491640282148175,26.80873293217084,26.37633401391002,26.635772705078125,17549421
2019-01-11,26.693426835212385,26.779905299842667,26.44839957034698,26.534879684448242,22185702
2019-01-14,26.491642933480744,26.67901625667203,25.857457569964968,26.405162811279297,15934200
2019-01-15,26.520463990660993,26.563703218710412,25.871865673094792,26.001585006713867,22043667
2019-01-16,26.088061747658788,26.30426115896389,25.482702736216257,25.6268367767334,17562354
2019-01-17,25.71332425800016,25.770976571192723,24.99265879679556,25.136791229248047,23812968
2019-01-18,25.33857567793784,25.43946886774562,24.805283574516984,24.89176368713379,11667606
2019-01-21,25.050307633143348,25.252095649723493,24.70438885358635,24.935001373291016,9151740
2019-01-22,25.064722113377627,25.19444144825691,24.315230606944066,24.54584312438965,19554852
2019-01-23,24.61790371171402,24.718796874634975,24.099026473229703,24.185504913330078,11639016
2019-01-24,24.19992729494335,24.30082048979498,23.75311363233125,23.86842155456543,13418628
2019-01-25,23.983723165132144,24.214335665829665,23.075684587981105,23.16216468811035,17708478
2019-01-28,23.16216576454496,23.378365200180337,22.787420845863334,22.97479248046875,13648203
2019-01-29,23.046859315483005,23.753109919582318,22.945966136401562,23.59456443786621,26089251
2019-01-30,23.738700174313635,24.40170994891339,23.63780533861713,24.214338302612305,23315919
2019-01-31,25.252096491642163,25.367401105867962,24.026965171842168,24.113445281982422,87060927
2019-02-01,24.257575697395044,24.848521693360276,23.99813703785519,24.387296676635742,29213256
2019-02-04,24.358472801441035,24.358472801441035,23.536914164716475,23.86842155456543,11287905
2019-02-05,23.52250107047781,23.983726128867712,22.84507491031286,23.00362205505371,15855786
2019-02-06,23.061269405317223,23.695454549013,22.571218298488116,23.60897445678711,18884961
2019-02-07,23.637806107598674,23.926072598974105,23.21982192189008,23.53691291809082,16189332
2019-02-08,23.479044725977538,23.68157522116952,23.001652598420446,23.146316528320312,10374135
2019-02-11,23.102916508703377,23.117382735300627,21.96006639643214,22.205995559692383,24270603
2019-02-12,22.234930583092982,23.131849913445993,22.03240009129322,22.480859756469727,26343552
2019-02-14,21.728605985019495,22.119200770753302,20.976350525662546,21.555007934570312,53580390
2019-02-15,21.699670909971417,22.061331539953105,21.453740092252502,21.72860336303711,30063423
2019-02-18,21.858805374856086,22.075802126816193,21.656276507839976,21.786474227905273,12307260
2019-02-19,21.844336389232243,22.278329838392843,21.74307114072453,21.98900032043457,17095686
2019-02-20,22.50979363785762,22.7846569385975,22.075800172360523,22.42299461364746,37576563
2019-02-21,22.33619433579272,22.55319104027833,22.003466165951682,22.408525466918945,14611077
2019-02-22,22.799124181155133,22.92932189548668,22.567661209998217,22.726791381835938,31188135
2019-02-25,22.72679081787234,23.52244662397808,22.307265227782025,23.406713485717773,66028140
2019-02-26,23.00165009594658,23.305445805682975,22.39405867647379,23.05951499938965,45772245
2019-02-27,23.146311157351594,23.941965070504363,23.05951215733144,23.334375381469727,42834909
2019-02-28,23.435648762096058,24.072172776374977,23.160785442294515,23.86964225769043,71638554
2019-03-01,24.014304855249012,24.67976129036792,24.014304855249012,24.59296226501465,34016796
2019-03-05,24.824425882753417,26.372335426135948,24.636361611335758,26.083005905151367,59932653
2019-03-06,26.285537303249335,27.16799046854547,26.05407434076711,26.647199630737305,51195621
2019-03-07,26.835265789163596,26.835265789163596,25.72134951460251,25.851547241210938,34017735
2019-03-08,25.460953281090777,25.750282860042027,25.11375877968166,25.229490280151367,36310506
2019-03-11,25.38861784524166,26.61826545113718,25.258420136120392,26.517000198364258,42558603
2019-03-12,26.676130277240453,27.110123716337522,26.24213683814338,26.38680076599121,45229077
2019-03-13,26.415733956627367,27.298188742197556,25.446481805261683,27.081192016601562,63010848
2019-03-14,27.34158837737017,27.39945328991586,26.37233619224659,26.9654598236084,45891693
2019-03-15,26.922061543809114,27.616450438115507,26.719531035747988,27.471786499023438,63556005
2019-03-18,27.659853691497585,27.81898387570096,27.023329643576314,27.298192977905273,35936859
2019-03-19,27.32712109279526,28.064908632552886,27.037791574590905,27.978111267089844,48370725
2019-03-20,27.96364476628127,28.25297262610499,26.92205983536576,27.052257537841797,54651846
2019-03-22,27.196921883174916,27.312653359982875,26.198737274873654,26.343402862548828,41619885
2019-03-25,26.184273342245476,26.936528835208563,26.039609397444266,26.560401916503906,30160203
2019-03-26,26.690596755525583,26.979924613942703,26.53146494339793,26.73399543762207,20409297
2019-03-27,27.08384274510761,27.462842527802067,26.69026797253058,26.850614547729492,27294354
2019-03-28,27.083841655772805,27.17130326889156,26.719420214001428,26.95265007019043,49917378
2019-04-01,27.34622618360621,28.439492164657583,27.06926635810866,27.958454132080078,65733300
2019-04-02,28.10422664914323,29.67853257047159,28.002190032367096,29.401569366455078,106871754
2019-04-03,29.7514123032055,29.795142276583896,28.206263222487046,28.35202980041504,61986711
2019-04-04,28.36660315518928,28.862216076908997,28.016756777279877,28.381179809570312,37349862
2019-04-05,28.614414961326943,28.672721589742963,28.075068639329935,28.22083854675293,20317581
2019-04-08,28.249991011663887,28.410337571370285,27.535724825892252,27.696069717407227,20624223
2019-04-09,27.739798535708573,28.08964328573671,27.171300608388933,27.929298400878906,27228855
2019-04-10,27.85641860961914,28.220840061352,27.666918720713767,27.85641860961914,21749289
2019-04-11,27.812688438518446,27.841841755832743,27.08384382831947,27.20046043395996,53425362
2019-04-12,27.27333869733921,27.462838561316783,26.821455689539878,27.38995361328125,41529546
2019-04-15,27.594031452555363,27.914722903776735,27.41910990437461,27.696069717407227,20654934
2019-04-16,27.710648249811193,27.885571478023948,27.37538011922969,27.448265075683594,13209351
2019-04-18,27.448267936770254,27.56488287833701,26.865191560744773,26.96722984313965,16277727
2019-04-22,26.792305874623437,26.792305874623437,25.830231441384914,26.063461303710938,22971246
2019-04-23,26.034304057132093,26.19465060589075,25.626151025591483,25.77191925048828,24354744
2019-04-24,25.80107423002069,26.005150745790996,25.509536112035782,25.77191925048828,20413533
2019-04-25,25.815657669341768,26.121772523435855,25.261736267348926,25.37835121154785,48818151
2019-04-26,25.50953957341559,25.81565438860765,25.23257974171197,25.699039459228516,21338169
2019-04-30,25.655305810368468,25.728190761098453,24.868154681611983,25.407499313354492,22789725
2019-05-02,25.305463530153983,26.019731446387347,25.145118624660043,25.728193283081055,24345006
2019-05-03,25.72819453535882,26.03430937150133,25.509541319284406,25.786502838134766,26423517
2019-05-06,25.553270051458966,25.786501583018943,25.422078461838186,25.728193283081055,11389035
2019-05-07,25.946846234714233,26.04888450746377,25.20342500987947,25.276309967041016,18255918
2019-05-08,25.276307175312713,25.4512303859038,24.955615734689964,25.334613800048828,15589908
2019-05-09,25.320038457588463,26.559072565990146,25.14511524944621,26.223804473876953,29622102
2019-05-10,26.26753578993596,26.457035663783806,25.8885377104317,26.150920867919922,20809257
2019-05-13,26.15091989188541,26.384149727212613,25.18884557001717,25.334613800048828,18117831
2019-05-14,25.334617106360742,26.180076620902668,25.072233924422978,25.976001739501953,17664834
2019-05-15,25.97599526335049,26.180070093872708,25.815648727993754,25.946840286254883,14422137
2019-05-16,26.09261289880877,26.136344537730796,25.261731777587677,26.019729614257812,12642906
2019-05-17,25.946844841721674,26.938072532222066,25.844806574450203,26.806880950927734,20954694
2019-05-20,27.725229975539516,29.182915937838164,27.725229975539516,28.94968605041504,51849138
2019-05-21,29.124608368539377,29.124608368539377,27.856420687714653,28.264572143554688,25111281
2019-05-22,28.57067979417168,29.80971558566981,28.2208367100614,29.474449157714844,45689826
2019-05-23,30.319907462741806,31.38402012256921,29.547334620313922,29.926334381103516,77956989
2019-05-24,30.057520683167304,32.79797528628911,30.02836737220828,32.59389877319336,108593046
2019-05-27,32.506434520802024,34.3285464280759,31.908784991452315,32.94374084472656,68298933
2019-05-28,32.92917101618407,33.43936066937611,32.521017959077305,32.8708610534668,35917173
2019-05-29,33.03121151713141,33.13324812527918,32.06913538696487,32.71052169799805,32644272
2019-05-30,33.81836388839517,33.81836388839517,32.462714534776815,33.060367584228516,105093189
2019-05-31,33.191557679762944,33.51224749488544,31.967098379004646,32.550174713134766,49922292
2019-06-03,32.65221334027857,32.856289903031666,32.25863687379878,32.418983459472656,31057965
2019-06-04,32.30236350716624,33.29358946151103,32.30236350716624,32.98747634887695,28189440
2019-06-06,32.94374675044427,32.98748005978263,30.96129461873998,31.15079116821289,41677017
2019-06-07,31.398604563541532,32.06913756394025,30.596874956708817,31.573524475097656,39082830
2019-06-10,31.646408052477806,31.923367888751105,31.005025096214343,31.398601531982422,15825306
2019-06-11,31.500639215141963,32.40440538071622,31.354869294881095,32.2003288269043,23772855
2019-06-12,32.06913178877877,32.33151828162806,31.1216357596122,31.19451904296875,20186847
2019-06-13,31.267399932572932,32.14201251809945,31.252823278572972,32.08370590209961,18529365
2019-06-14,31.996247892367276,32.53559418802032,31.73386474092816,32.302364349365234,24943608
2019-06-17,32.36067374205541,32.725093519399756,31.617254193345207,31.777597427368164,32924067
2019-06-18,31.879632397846308,32.27320876550022,31.70470919706873,32.01082229614258,23424801
2019-06-19,32.229483946652756,32.65221373631259,30.917564600063635,31.369447708129883,32430930
2019-06-20,31.48606050572334,32.346096640110765,31.384020567272735,32.244056701660156,16063953
2019-06-21,32.28778601548725,33.031208875207255,31.763019685647322,32.506439208984375,33804483
2019-06-24,32.60847437967625,33.585126947298086,32.50643445821966,33.45393371582031,42151767
2019-06-25,33.512244107501694,33.61428404044238,32.84170789240161,33.20613098144531,33003267
2019-06-26,33.191547374378885,33.62885365510488,33.08950746280568,33.351890563964844,21223506
2019-06-27,33.672603241739445,33.99329314420534,33.41021998765206,33.51225662231445,51050244
2019-06-28,33.52682027866016,33.84751339310664,32.56474760808633,32.797977447509766,20912469
2019-07-01,33.01663370575584,33.65801665800622,32.010827635795465,32.31694412231445,33367893
2019-07-02,32.36067236135319,32.900015343730374,32.36067236135319,32.68136215209961,14009295
2019-07-03,32.85629900850143,33.19156893178898,32.33153246535536,32.97291564941406,25226940
2019-07-04,33.002058150956856,33.36648128084665,32.75425162372976,33.11867141723633,12187362
2019-07-05,33.308170134392974,33.45394004847481,31.252831361392857,31.60267448425293,30916248
2019-07-08,31.515211593323226,31.996247927554418,29.372409737512154,29.503602981567383,53678784
2019-07-09,29.44529837424856,31.51521732443897,29.153761856688195,31.29656410217285,71879163
2019-07-10,31.325714392703187,31.325714392703187,30.115835125834977,30.27617835998535,24602505
2019-07-11,30.465673334950313,31.252826066700553,30.072096969075194,31.13620948791504,28447611
2019-07-12,31.019598601278453,31.22367512736468,30.407369023019776,30.917558670043945,58318251
2019-07-15,30.83010152250375,30.83010152250375,29.50360565105324,29.984642028808594,30095892
2019-07-16,29.999217797280476,30.66975404199276,29.88260120253865,30.04294776916504,23451318
2019-07-17,30.17413799846053,30.436521139866265,29.765984962325984,30.11583137512207,16754862
2019-07-18,30.261600224261286,30.290753538137412,27.95845339602671,28.1479549407959,43257153
2019-07-19,28.42492202224253,29.13918840386834,27.346232451280564,28.731035232543945,63753267
2019-07-22,28.68729290635926,29.663942096044252,27.92929520072118,29.299522399902344,41161548
2019-07-23,29.43071863076054,29.853444987625583,28.643565867779934,28.81848907470703,30391386
2019-07-24,28.905954129967103,29.2120706304063,27.94388132603423,28.454071044921875,24861369
2019-07-25,28.62898506624623,29.22663454349501,28.337448654505796,28.90594482421875,40596891
2019-07-26,29.1246006629992,29.1246006629992,28.5269477940473,28.760177612304688,21059481
2019-07-29,28.585266282926305,28.658149580266155,26.865192106446184,27.040115356445312,41593818
2019-07-30,27.229608635361043,29.27037215958346,27.18587699941427,28.68729591369629,114516858
2019-07-31,28.395761354188704,30.17414018600048,28.279144762674747,29.94091033935547,68598411
2019-08-01,29.547334776438863,29.678528028600155,28.19168562843181,28.789335250854492,38784582
2019-08-02,28.279143475503034,28.760179803789274,27.477415705628847,27.798107147216797,41095086
2019-08-05,27.681497819903765,27.681497819903765,26.588231700095623,26.96722984313965,70443657
2019-08-06,26.938076158643277,28.483225364544296,26.938076158643277,28.264572143554688,42197172
2019-08-07,28.249989255045417,28.687295600592197,27.462838166699477,27.6523380279541,33700071
2019-08-08,27.754376103124113,28.395758961448117,27.258761469622357,28.279142379760742,31400160
2019-08-09,28.20626382095322,28.833070128492164,28.13337719405965,28.468647003173828,17455608
2019-08-13,28.46864467581882,28.701874522768367,27.229610488327534,27.4774169921875,22317750
2019-08-14,27.404536547654274,27.987612929139157,26.85061682116957,27.710651397705078,21367104
2019-08-16,27.710648865060676,28.133376950942697,27.41911236915525,28.01676368713379,16438485
2019-08-19,28.10421924085383,28.687295477882987,27.812682790530562,28.526948928833008,20751876
2019-08-20,28.749469126023534,28.882981953855552,27.295677680430884,27.696212768554688,27155040
2019-08-21,27.770388758251197,28.27476455938476,27.14733450047721,27.280845642089844,25750647
2019-08-22,27.5478719798992,27.948405439005313,27.32535282561144,27.68138313293457,35013807
2019-08-23,27.82972554883397,29.95107616631152,27.533032810495147,29.63954734802246,51949131
2019-08-26,30.24776755620736,31.15267846624978,29.72855738022736,30.32193946838379,51918060
2019-08-27,30.26260244063343,31.093341452279574,30.188427131854095,30.75214385986328,27645471
2019-08-28,30.61863918231942,31.01917097244179,30.48512632202991,30.766983032226562,26066439
2019-08-29,30.63346949279417,31.553218318693062,29.89174007358333,31.063676834106445,60333249
2019-08-30,30.855990538836515,31.152685040903453,29.862073124419954,30.529630661010742,26464308
2019-09-03,30.04008808263168,30.796651905822795,29.787900141567974,29.921409606933594,20432799
2019-09-04,29.936233839067683,31.805396278615685,29.936233839067683,31.59771156311035,51820020
2019-09-05,31.74606535308397,32.47296378377961,31.50871519824198,31.99825668334961,46413759
2019-09-06,31.894413465546574,32.487799054962494,31.731235229640006,32.354286193847656,29489361
2019-09-09,32.54713821411133,32.90317026454371,32.265281488153434,32.54713821411133,30785802
2019-09-11,32.54712993161512,33.03667132985266,31.80540064323619,32.02791976928711,28361922
2019-09-12,32.19109511956453,32.695474250530324,31.760894682997282,32.04275131225586,26803833
2019-09-13,32.072417945240126,32.57679364736105,31.271347857447687,32.235599517822266,22195425
2019-09-16,32.932831140493235,33.644891675267246,32.25043937024658,32.4284553527832,53785869
2019-09-17,32.621307222766866,33.36303655629246,31.87957449386867,32.05759048461914,55784604
2019-09-18,32.35428699968662,32.754822197634056,31.34553520746528,31.716398239135742,34163946
2019-09-19,31.95375487216026,31.95375487216026,30.84115899771698,30.94499969482422,20922834
2019-09-20,31.271359276666782,32.91800319278824,30.766983390365223,32.07242965698242,63740280
2019-09-23,32.71031406271769,34.31245121528647,32.16143169841891,33.363037109375,60392520
2019-09-24,33.37787849351754,33.60039768347433,32.78449285517499,33.185028076171875,33511350
2019-09-25,33.08117535433012,33.09601313214172,32.01308623722469,32.32461166381836,18553128
2019-09-26,32.265273429252005,33.170184319760224,31.835069557170485,32.932830810546875,24021438
2019-09-27,32.769656938965795,33.007010504146905,31.998258700970478,32.08726501464844,18383574
2019-09-30,32.14660547460579,32.309787126531695,31.182356740756738,32.131771087646484,23611185
2019-10-01,32.22077708299179,32.99217530189302,31.345534771996782,31.790573120117188,30449868
2019-10-03,31.50871351555383,31.805404588634868,30.94499674178974,31.2713565826416,20914977
2019-10-04,31.449369512225655,31.894407776056077,30.930159336214327,31.13784408569336,26160762
2019-10-07,31.182348471195372,31.52354267614822,30.707641423642848,30.959829330444336,18641931
2019-10-09,31.152681511558317,31.642222970522525,30.870824822362685,31.2713565826416,20174292
2019-10-10,31.182355540026634,31.582890763251676,30.82632347596584,31.345537185668945,13718334
2019-10-11,31.360365180136796,31.568049942612717,30.85598595962516,31.16751480102539,18654189
2019-10-14,31.330694458908443,32.68064363310184,31.30102229865774,32.32461166381836,33280899
2019-10-15,32.62130665369814,32.97733523361566,32.08725869076303,32.78448486328125,25630197
2019-10-16,32.9328269105347,33.407533872745056,32.680639049071196,33.214683532714844,31470330
2019-10-17,33.214693434705616,33.67456615365527,33.12568712602105,33.5855598449707,24550347
2019-10-18,33.51138247597611,35.89975199133517,33.49654469823323,34.579471588134766,77943672
2019-10-22,34.653642082679504,35.024504985806715,34.01575354322453,34.22343826293945,28561275
2019-10-23,34.22344832745185,34.57947695497059,33.615228369750525,33.80807876586914,32842875
2019-10-24,33.9564167163859,34.47562682860495,33.407534447567635,34.40145492553711,21415911
2019-10-25,34.41629331183364,34.787159697670006,34.01576155376283,34.62398147583008,22725063
2019-10-27,34.653648848458886,34.846499225515714,34.49046723781501,34.6091423034668,2065533
2019-10-29,34.80198439911464,35.72172952054601,34.62397184299646,35.21735382080078,27978864
2019-10-30,35.57339508521511,36.22611814886685,34.92067202156337,35.410213470458984,28093326
2019-10-31,35.558551614826285,35.721729792510295,34.90582871797459,35.05417251586914,23706222
2019-11-01,35.24703363339893,36.122275890271155,35.039348857427235,35.72174072265625,25696773
2019-11-04,35.91459226309577,36.22612113470462,35.32121008023013,35.45471954345703,32659980
2019-11-05,34.208609620274714,34.38662221385441,33.11084831633705,33.40753936767578,62888307
2019-11-06,33.36304094312516,33.37787532802386,32.087263469598994,32.4581298828125,50423022
2019-11-07,32.50263434234506,32.71031913463748,31.953755288312152,32.309783935546875,26145681
2019-11-08,32.23560410598686,33.466874777045874,32.23560410598686,32.472957611083984,40157721
2019-11-11,32.38394723774541,32.680641659353604,31.968577763791775,32.29494094848633,22302711
2019-11-13,32.280111434136955,32.51746496998829,31.805404362434285,32.369117736816406,26958765
2019-11-14,32.47295849957424,32.90316237596588,32.28010813477395,32.4284553527832,17998971
2019-11-15,32.54713865615432,33.33337469679866,32.51746988411088,33.00701141357422,16088199
2019-11-18,32.94766578622152,33.31853213652405,32.50262752400747,32.606468200683594,17733186
2019-11-19,32.5619735258873,33.22953109290121,32.517470367161046,33.06635284423828,11950386
2019-11-20,33.21469123198063,33.452044768105075,32.75481854352872,32.873497009277344,20834538
2019-11-21,32.814151675174244,33.03667079764044,32.54712940728928,32.75481414794922,12233283
2019-11-22,32.69547673432331,32.87349271198924,32.04275374646313,32.472957611083984,17271447
2019-11-25,32.14659924762914,32.324615252031656,31.123013164217234,31.671892166137695,33287655
2019-11-26,32.0279204808375,32.28010837658164,30.440617799126187,30.603796005249023,31860954
2019-11-27,30.707641949500292,31.004333010458193,30.440619655100914,30.574129104614258,12796782
2019-11-28,30.574133271552075,31.22685641091701,30.336779711362382,30.94499969482422,22439826
2019-11-29,31.019170316001635,31.271358250879953,30.455456907537858,30.588966369628906,14661717
2019-12-02,30.648307303709046,30.737313611769746,29.891740103701075,30.588966369628906,20186343
2019-12-03,30.485123571839555,30.618636420084314,29.802731737708875,29.965909957885742,26022180
2019-12-04,30.0252504554284,30.2032664520666,29.698887229029573,30.040084838867188,18411348
2019-12-05,30.203267198404866,30.648305503311132,30.09942311639457,30.27743911743164,19073526
2019-12-06,30.41094542315104,30.855983681981275,30.11425438238837,30.45545196533203,24794031
2019-12-09,30.499955582696757,31.15267859874287,30.277436449848594,30.410945892333984,18155055
2019-12-10,30.514793328653713,30.529627712787192,29.001662379428552,29.58021354675293,35565381
2019-12-11,29.876900332768923,29.876900332768923,28.64562964970633,29.20934295654297,39852759
2019-12-12,29.461534297608903,29.506040844202847,28.971992843430687,29.313190460205078,32591919
2019-12-13,29.609884337464905,30.02525391231912,29.224183532904117,29.669221878051758,28292490
2019-12-16,29.787900633511548,30.351614065111114,29.520874907624226,29.980751037597656,19226304
2019-12-17,29.980743561664827,30.099418614357173,29.669214757602813,29.72855567932129,12393666
2019-12-18,29.77306560506968,29.891740684790964,29.565380820184355,29.802734375,13404162
2019-12-19,29.74339193132502,29.90657355303908,29.52087277275963,29.698888778686523,10160163
2019-12-20,29.713722216568204,29.787897530642912,29.224180762389985,29.313190460205078,10121097
2019-12-23,29.283516951808974,29.6840486433272,29.224176031081768,29.328020095825195,22862667
2019-12-24,29.328018009749243,29.609874630509335,29.224173952392153,29.550537109375,11035944
2019-12-26,29.55053921127854,29.876898996103062,29.17967288706555,29.328020095825195,22525710
2019-12-27,29.461535078312206,30.188430086971383,29.417031925911765,29.58021354675293,17607090
2019-12-30,29.713722147861436,29.90657253141328,29.55054392709454,29.65438461303711,9577833
2019-12-31,29.72855614715557,30.26260068341992,29.550540169943332,29.684049606323242,22468632
2020-01-01,29.75823068582202,29.951081082279728,29.491204970497183,29.71372413635254,15438294
2020-01-02,29.862066700391416,30.796646371493946,29.63954756939689,30.603796005249023,26262750
2020-01-03,30.618633903172057,30.826315257234437,29.77306052299954,29.95107650756836,21950223
2020-01-06,29.52087270877676,29.93624225658161,28.37860984768632,28.76430892944336,36402729
2020-01-07,29.17967975349343,29.37253015164996,28.27476869740181,28.586294174194336,33298260
2020-01-08,28.200594314526665,28.8236469489841,28.022580003690173,28.319271087646484,20424309
2020-01-09,28.779136657714844,28.853308561464104,28.423106426660233,28.779136657714844,41681037
2020-01-10,28.779142879224892,29.253849956587125,28.779142879224892,28.838483810424805,23088681
2020-01-13,29.135179028628823,29.4467045313999,28.94232861439022,29.075838088989258,28538664
2020-01-14,29.32802284771905,29.728557972192352,29.061000563194373,29.624713897705078,21417702
2020-01-15,29.728559795916443,31.0488369168027,29.520871634201082,30.81148338317871,39241374
2020-01-16,31.449366454530015,31.820232770121688,30.95982509098719,31.375194549560547,54250446
2020-01-17,31.330706367494294,32.32462395018544,31.063683986724566,32.22078323364258,33279852
2020-01-20,32.339451012286844,32.339451012286844,30.752148079949883,31.15268325805664,28115967
2020-01-21,30.85598595962516,31.449371480323887,30.81148280953161,31.16751480102539,17126625
2020-01-22,31.167512843939047,31.167512843939047,29.669216450595854,29.95107650756836,46807380
2020-01-23,29.99557592824787,31.01916177044746,29.713715906293366,30.01041030883789,64975338
2020-01-24,30.06975806440497,30.752149989890654,30.054923678766578,30.21810531616211,20621760
2020-01-27,30.173594033119137,30.707638563022783,29.965905899368224,30.158756256103516,24177363
2020-01-28,30.143921759116804,30.277434588767996,29.491198783191994,29.72855567932129,32134050
2020-01-29,29.936240049896508,30.010415360705135,29.58021146043115,29.832399368286133,28345554
2020-01-30,30.040089961355886,30.69281313008431,29.758233232583454,29.891742706298828,33639177
2020-01-31,28.556621771059223,29.372526414360095,26.67262627675704,26.895145416259766,169747995
2020-02-03,25.218838238061156,25.945734988622384,23.957896835464062,24.773799896240234,76345218
2020-02-04,25.08531986801239,25.84188517128323,25.055651106464612,25.174327850341797,44426844
2020-02-05,25.218835747641705,26.153417191785447,25.08532459781728,25.782550811767578,45829710
2020-02-06,26.064405593657785,26.1089087382254,25.41168262054923,25.812217712402344,31688880
2020-02-07,25.841891673785245,26.108913990277255,25.57486935729323,25.97540283203125,30367869
2020-02-10,26.064408813823164,26.064408813823164,25.471024991180435,25.66387367248535,37802355
2020-02-11,25.90513355070958,26.297177841644455,25.72418896989938,25.844818115234375,40352259
2020-02-12,25.754344914510902,25.829738774786165,25.18135606301881,25.332143783569336,23629242
2020-02-13,25.332141464289027,25.784501133294185,25.07580305306829,25.694028854370117,25245033
2020-02-14,25.709109715642708,25.859895711058396,24.92501943337348,25.0456485748291,28646769
2020-02-17,25.06072969584784,25.196437269527653,24.27663765766354,24.427425384521484,36810129
2020-02-18,24.35203279662297,25.30198758775458,23.99014533931643,24.970258712768555,45656493
2020-02-19,25.10596965437627,25.603564759081575,24.713923562267823,25.543251037597656,29175999
2020-02-20,25.528163779021543,26.267018740941367,25.286907234593876,26.101154327392578,38155335
2020-02-24,25.844816002125736,25.844816002125736,24.50281536008431,24.713916778564453,25592289
2020-02-25,24.789311344773953,25.27182790047161,24.789311344773953,24.879783630371094,17040831
2020-02-26,24.759151970539705,24.94009479769558,23.91474635842848,24.216320037841797,19537644
2020-02-27,24.276638034181257,24.35203189877955,23.26636784127213,23.356840133666992,42868818
2020-02-28,23.08542272171115,23.08542272171115,21.969601917865106,22.301332473754883,52332150
2020-03-02,22.919555535209224,23.190972373434363,21.7132642284815,21.999757766723633,27625068
2020-03-03,22.13546873369406,22.663222340213995,21.7886597138711,22.467199325561523,57863331
2020-03-04,22.52751308543943,22.678299079381322,21.275984676560313,22.572750091552734,61044003
2020-03-05,23.07034480453499,23.07034480453499,21.909286970489514,22.04499626159668,46784883
2020-03-06,21.38153427365638,21.758500101637075,20.853780733991208,21.562477111816406,29644698
2020-03-09,21.079963217354514,21.26090780380328,20.401423606594836,21.019649505615234,51248196
2020-03-11,20.95933073636649,21.155353719588405,20.386341937853746,20.763309478759766,36373143
2020-03-12,19.94906674264867,20.13001135518879,18.818167228312223,19.798280715942383,71924844
2020-03-13,18.094391658091784,21.275988627890836,18.094391658091784,21.079965591430664,65882406
2020-03-16,20.657760932694664,21.095042257966547,19.602255416062356,19.87367057800293,41016261
2020-03-17,19.90382858228392,21.532322957860966,19.858593298479462,21.019649505615234,37733433
2020-03-18,21.07996228780957,24.17108646975853,20.250636708656284,22.55767059326172,98464686
2020-03-19,20.8236282562218,21.86405540244912,18.968952127575545,19.466548919677734,60526506
2020-03-20,19.602257174528912,21.713270122782426,19.45147115165926,21.502168655395508,55460706
2020-03-23,19.617331795585763,20.401422068386502,17.234904123587647,17.92852210998535,24523071
2020-03-24,18.697535117340568,19.149894851837644,16.888096179352274,17.626951217651367,27422100
2020-03-25,17.430929536685685,19.104661027233732,17.069042066581787,18.90863800048828,18227226
2020-03-26,19.07450312728956,20.64268394621022,18.42612203389431,20.310955047607422,37021584
2020-03-27,22.316410547158906,23.14573606096059,20.73315164996416,22.060073852539062,47228853
2020-03-30,21.90928942550535,22.889402798310098,21.321222092068705,21.89421272277832,46529544
2020-03-31,22.602909471026457,22.859246207057147,21.894212977004884,22.45212173461914,21484521
2020-04-01,22.256100626195312,22.99495398349069,20.32603069856305,20.823627471923828,28985310
2020-04-03,21.637877212087005,21.683112503277552,20.65776370575005,21.09504508972168,27952953
2020-04-07,21.954525747895747,22.014839459375136,20.65776024370343,20.808547973632812,37884333
2020-04-08,20.80854827127427,21.502166316901345,19.63241362444844,20.024457931518555,50097555
2020-04-09,20.32603000859527,21.547401669146986,20.22048101166355,21.155357360839844,29167602
2020-04-13,22.014837913734695,22.16562563307742,21.140277079377444,21.260906219482422,29985114
2020-04-15,21.713269276018167,22.09023518129939,20.778391138960387,20.98949432373047,34458015
2020-04-16,21.260905675778073,21.77357907670981,21.170433391609148,21.411691665649414,70586814
2020-04-17,21.864056145652082,22.045000753588205,21.30614561773399,21.502168655395508,59145438
2020-04-20,21.803739548321175,23.31160475480331,21.547401099983013,22.72353744506836,104546547
2020-04-21,22.602908804903585,23.236211412057646,21.803740037712767,22.889402389526367,62019870
2020-04-22,22.904480904581117,23.43223451722659,22.587828736993835,23.10050392150879,31721535
2020-04-23,23.130659000246798,23.854435574199844,22.829087009580437,22.919557571411133,39150099
2020-04-24,22.64814133072395,23.432231574344314,22.120389509974956,22.482276916503906,72877884
2020-04-27,22.678295450840725,22.874318419532134,22.060071421541373,22.210857391357422,21745512
2020-04-28,22.391808510264333,22.46720065450131,21.924370313532812,22.090234756469727,14137194
2020-04-29,22.301332121077177,22.34656912493761,21.758500154058787,22.060073852539062,29327631
2020-04-30,22.34656894671566,22.452117928445947,21.517241713912906,21.74342155456543,51318042
2020-05-04,21.27598458674434,21.321219867051347,20.205399029991874,20.341108322143555,36058335
2020-05-05,20.68791610443849,20.68791610443849,19.647487462088854,19.722881317138672,25048227
2020-05-06,19.692726118651006,19.858592268562717,18.92371425454984,19.19512939453125,31888788
2020-05-07,19.119740304094027,19.406235642475625,18.86340355043699,18.8935604095459,26103246
2020-05-08,19.14989346790219,19.225287326741576,17.943600354548593,18.003915786743164,39644082
2020-05-11,18.24517243733601,18.69753209880397,17.898363478584915,18.13962173461914,43531365
2020-05-12,18.003920943336098,18.45628077470442,17.415853507680442,18.260257720947266,40166454
2020-05-13,19.421308498974955,20.08477134724587,18.772927528502017,19.8133544921875,84071691
2020-05-14,19.436389405822407,19.753039827262263,19.074500251693358,19.19512939453125,33954891
2020-05-15,19.014186717121127,20.748231739797333,18.77292842923708,20.43157958984375,100684062
2020-05-18,21.411692347224406,21.65295062894438,19.30067979375159,19.451467514038086,128706990
2020-05-19,19.768117072840155,20.09984587264726,18.59198094611949,18.78800392150879,63288999
2020-05-20,18.87848057980639,19.36099719222411,18.607063691109776,19.059423446655273,50209938
2020-05-21,19.421314330387155,19.722888129130297,18.81816845851669,18.999113082885742,61140009
2020-05-22,18.848318815751878,19.164970936306446,18.54674684670344,19.014184951782227,34434273
2020-05-26,19.164973554517797,19.692727160874153,19.10465984271448,19.60225486755371,32415078
2020-05-27,19.61733683175736,20.23556284287658,19.36100005915465,20.099853515625,48061671
2020-05-28,20.19032096072461,21.230747956746157,19.96414110395404,21.004568099975586,70314837
2020-05-29,20.808548439270567,21.245829759743103,20.50697469827887,20.86886215209961,40149138
2020-06-01,21.110117259937326,21.411690955290222,20.8688589939011,20.929174423217773,47417268
2020-06-02,20.98949139855496,21.230747956746157,20.70299610802507,21.004568099975586,21847401
2020-06-03,21.200593686269034,22.37673012017422,20.959335373061705,22.195785522460938,72952329
2020-06-04,22.195779426142273,22.557666796556855,21.622790658248743,21.95452117919922,30651105
2020-06-05,22.135466333002352,22.421961609931593,21.969601917865106,22.301332473754883,28620174
2020-06-08,22.678300343103086,23.34176151440255,22.36164818512624,22.512435913085938,45790467
2020-06-09,22.72353667669438,22.964794963524373,21.879130947174012,22.029918670654297,35356647
2020-06-10,22.21086264688834,22.48227952751792,21.63787375526874,22.150548934936523,28261539
2020-06-11,22.27117771266502,22.527514435411945,21.20059208723773,21.306142807006836,31884348
2020-06-12,20.326028253887582,21.788658089533847,20.326028253887582,21.683107376098633,42305706
2020-06-15,21.698185857609012,21.879128691267216,20.944252494790078,21.3966121673584,27797562
2020-06-16,21.969603981093943,21.984682408830178,20.868861500194175,21.306142807006836,31937172
2020-06-17,21.456929778637654,21.95452654447425,21.306143768852746,21.607717514038086,35644017
2020-06-18,21.69818743482305,23.296524830663554,21.60771514861003,23.17589569091797,100177014
2020-06-19,23.356838014832306,24.578209537326572,23.05526603502739,24.140928268432617,85894965
2020-06-22,24.698841422462625,25.000415161437125,24.186167964383007,24.517898559570312,68067777
2020-06-23,24.68375909575572,25.256747901377473,24.27663469872293,25.12104034423828,66445521
2020-06-24,25.36230018606875,25.814659888439135,24.744076064783044,24.879783630371094,69841656
2020-06-25,24.71392079132685,25.618640317073833,24.427427195168598,25.241674423217773,60786960
2020-06-26,25.61863903719579,26.070998777469907,25.271830018026666,25.72418975830078,46124379
2020-06-29,25.61863871283513,26.749538049201963,25.422617426649534,26.402729034423828,69975135
2020-06-30,28.076459664199763,28.40819024257914,26.538435916657622,26.734458923339844,186678036
2020-07-01,26.734456181137798,26.93047916771358,26.40272563678463,26.749534606933594,35384595
2020-07-02,27.126504141324897,27.292368562843556,26.68922285875478,26.855087280273438,27362040
2020-07-03,27.443155899177402,29.539091853097993,27.292369897187008,29.312911987304688,205331484
2020-07-06,29.614486330623762,31.227902373900527,29.2525971362754,30.820777893066406,132074268
2020-07-07,30.669988506589746,31.182661904003638,30.06684110001245,30.775537490844727,93081504
2020-07-08,30.458887806094353,31.785810211510235,30.323181950614046,31.227901458740234,68150529
2020-07-09,30.94140304251416,31.04695202475956,30.00652337218817,30.112075805664062,54329937
2020-07-10,30.112080224929475,30.609675259574654,29.659720475028216,30.066844940185547,36404634
2020-07-13,30.368415307929023,30.564438315743253,29.463695857236157,29.704954147338867,32371863
2020-07-14,29.9462141901441,30.202550922679272,28.815316536203852,29.282752990722656,57521871
2020-07-15,30.006527093506275,30.036687400547276,28.770078749138595,28.98118019104004,37963695
2020-07-16,29.10180975710397,29.17720535341161,28.39311496530731,28.48358726501465,36942912
2020-07-17,28.46850814926103,29.689879925841637,28.362959142302277,29.554170608520508,30369327
2020-07-20,29.55416636092294,30.12715695575561,29.04149292691479,29.177202224731445,34037145
2020-07-21,29.433534523647616,30.398567537215005,29.13196256971538,29.931129455566406,42519072
2020-07-22,30.12715326564589,30.142231691197445,29.1018030719883,29.524005889892578,26700693
2020-07-23,29.554162533861188,31.212816942750283,29.418456704848317,30.91124153137207,63984771
2020-07-24,31.0469566988883,31.559630163724364,30.51920480574712,30.80569839477539,68255931
2020-07-27,30.986643742407065,30.986643742407065,29.629564454418436,29.97637176513672,34955964
2020-07-28,29.312907210139556,29.916051119805932,28.754995124783317,29.116884231567383,64748145
2020-07-29,29.116892994234526,30.217635619802717,29.101811113285223,29.34307289123535,52234014
2020-07-30,29.49385530777163,29.659721475324318,28.634372789341857,28.845474243164062,36716154
2020-07-31,28.8907063615637,29.17720165336975,28.27248222225751,28.905786514282227,44032875
2020-08-03,28.951021532981034,29.916054663752213,28.664526243773743,29.192279815673828,31139499
2020-08-04,29.539094993047982,30.45888953040026,29.222441076539127,30.2779483795166,51828114
2020-08-05,30.443814552391185,30.835857163870337,29.810510170604697,30.2779483795166,34169139
2020-08-06,30.277947385073308,30.56444098246078,29.73511359655738,29.87082290649414,20002308
2020-08-07,29.946214443549128,30.383495770759698,29.659720851965627,29.916057586669922,23311572
2020-08-10,31.800896608612575,34.34918933150478,31.48424266504743,32.660377502441406,197460327
2020-08-11,32.99210592874268,33.27859952573751,31.740575637230314,31.921520233154297,64308066
2020-08-12,31.95168252652531,33.53494197056479,31.770737899817316,33.369075775146484,86740731
2020-08-13,33.47461651544867,34.80153871136025,33.0674921108255,34.515045166015625,89867817
2020-08-14,34.68090979456461,35.72133850340613,33.03733710923964,34.12300109863281,102780930
2020-08-17,34.650754970964094,34.665833398698055,33.14288803895196,33.414306640625,45730728
2020-08-18,33.4746246988498,34.138085958999184,33.08257862439078,33.685726165771484,44837076
2020-08-19,33.97221004938668,34.7110632463431,33.715873366819366,33.866661071777344,50101056
2020-08-20,33.474621370834505,34.07776540101987,33.06749690715924,33.746036529541016,34004268
2020-08-21,33.926977758136,34.22854974335366,33.41430434789678,33.80634689331055,29551281
2020-08-24,33.4746196312506,34.68091108016468,33.35398876074379,34.56028366088867,53662929
2020-08-25,34.72615168610892,34.96741346410934,33.56509534142683,33.896827697753906,43986726
2020-08-26,33.95713581996488,34.138080398027,33.35398837683475,33.715877532958984,36546204
2020-08-27,33.73094971798719,33.97220796034614,33.1127239620292,33.263511657714844,27418104
2020-08-28,34.36425406573388,34.60551230926768,33.414299516117666,33.791263580322266,48606249
2020-08-31,33.92697585059214,34.10792041204139,31.665177460552666,31.996906280517578,42730581
2020-09-01,32.268320216547785,32.78099703043625,31.48423174726066,32.55481719970703,34287075
2020-09-02,32.55482854157629,33.082580513399364,32.04215154907484,32.87147903442383,17392587
2020-09-03,33.022258783986416,33.27859549246514,32.50958536702897,32.70560836791992,26656869
2020-09-04,31.815964677238735,32.720684117373125,31.77072939547817,32.08738327026367,29954895
2020-09-07,32.23816141227205,32.61512892438611,31.57470383682108,31.846118927001953,19157754
2020-09-08,31.996907150564454,32.14769486441073,30.639828079639628,30.95648193359375,30300756
2020-09-09,30.549362556941325,31.19774534674121,30.066845934585853,30.473970413208008,34565667
2020-09-10,30.65490806264742,30.971561932682153,29.855741076508377,30.639829635620117,23708142
2020-09-11,30.76046334191444,30.98664321942852,30.549361892819235,30.83585548400879,14088816
2020-09-14,31.966751438701884,33.06749385122691,31.48423487865296,32.28340530395508,53551527
2020-09-15,32.40563342942844,32.695923426530314,31.763940487827288,32.02367401123047,26941557
2020-09-16,32.08478495561584,32.237567314571315,31.259746229400104,31.61115264892578,14635695
2020-09-17,31.32086220987627,32.05423159182676,31.290305735122395,31.641712188720703,21721305
2020-09-18,31.77921560797546,31.962557949325735,31.22919208088894,31.748659133911133,27984618
2020-09-21,31.687544496244666,31.718100968679764,29.05964940022096,29.42633056640625,40827702
2020-09-22,29.441611257655612,29.518005942077757,27.80681536730921,28.173500061035156,48561300
2020-09-23,28.433233304305958,29.18187742462168,28.219334484649412,28.677688598632812,48748803
2020-09-24,28.173502906972317,28.40267998946018,27.394300476817104,27.638755798339844,30841869
2020-09-25,28.081828746999623,28.845751108645292,27.91376638695188,28.509626388549805,19431048
2020-09-28,28.72352457129906,30.037474021577207,28.677689857281933,29.777740478515625,21869313
2020-09-29,30.159702197774095,30.343041046397047,28.967980448420803,29.33466339111328,27336762
2020-09-30,29.3346631985789,29.472170831107984,28.692966741717118,29.258270263671875,14189412
2020-10-01,29.411053827196547,29.823573219995634,29.029092656870016,29.365219116210938,12637821
2020-10-05,29.45688778773248,29.54856070433252,28.906864275989076,29.395774841308594,11784675
2020-10-06,29.518005542962893,29.640231441242644,28.922143797956014,29.258270263671875,19176597
2020-10-07,29.288828397133923,29.472170740957097,28.692966653949696,28.769359588623047,13131330
2020-10-08,29.029093488119567,29.120764661197946,28.295727600456946,28.586017608642578,13561056
2020-10-09,28.479067779815416,28.738803057802716,28.051271892537017,28.356840133666992,12672492
2020-10-12,28.433233485833412,29.029093488119567,28.295727600456946,28.586017608642578,21410115
2020-10-13,28.586016910460412,28.708244555418904,27.806814581048666,27.9596004486084,19966965
2020-10-14,28.09710595447941,28.647131223670307,27.852650667835043,27.974878311157227,22321728
2020-10-15,28.03598653470795,28.249885311601844,26.84426677599263,27.0123291015625,15857307
2020-10-16,26.798436573984308,27.91376534861696,26.798436573984308,27.806814193725586,21800793
2020-10-19,27.92904679681787,28.09711092894218,27.027618423403858,27.516529083251953,22512567
2020-10-20,27.24150871150205,27.837370396185108,27.210952240025584,27.485965728759766,14685903
2020-10-21,27.501245659698032,28.356839153152542,27.241510390691783,28.23461151123047,28952280
2020-10-22,28.219334070032744,29.074927587605806,28.00543525351894,28.448511123657227,28783392
2020-10-23,28.677686013163715,28.799913649307573,28.1582172481908,28.295724868774414,17663049
2020-10-26,28.295724462260075,28.34155916947477,27.210952240025584,27.485965728759766,18531900
2020-10-27,27.47068745542606,27.638751555977723,27.104004529425314,27.409574508666992,12329295
2020-10-28,27.409573258995398,27.516522659429786,26.798435076857483,26.96649742126465,13325832
2020-10-29,26.783156890911762,27.165119810319126,26.3859174829674,26.477588653564453,16816755
2020-10-30,26.55397547390874,27.455407046207128,26.416469614856457,26.58453369140625,27632397
2020-11-02,26.84427076194802,27.37901778358435,26.660928426392108,27.088726043701172,14246079
2020-11-03,27.149843061122695,27.623475428600212,27.149843061122695,27.31790542602539,10505982
2020-11-04,27.577636806399834,27.608195028201273,26.859549192502968,27.165119171142578,10174500
2020-11-05,27.317903546075907,28.55545996058384,27.210954139958822,28.38739585876465,21741264
2020-11-06,28.14294361856355,28.570739514267686,27.959601271488776,28.24989128112793,20163741
2020-11-09,28.876303325870794,28.998530948250824,28.035986454966032,28.4332275390625,24865398
2020-11-10,28.417955516550208,29.411054946903874,28.12766375714321,29.151321411132812,31640469
2020-11-11,29.319387249340313,29.762463159110197,28.876311339570425,29.24299430847168,24266727
2020-11-12,29.365216874449672,29.48744276108049,28.723520478745794,28.79991340637207,32573475
2020-11-13,28.69296769917393,29.716623619282725,28.341562984447062,29.54856300354004,23221539
2020-11-14,29.70134579521466,29.70134579521466,29.45688702194586,29.518003463745117,2843181
2020-11-17,29.80829460310189,29.869407550303837,29.258269335873745,29.380496978759766,13608048
2020-11-18,29.380494313567308,30.037468927284852,29.24298844635437,29.502723693847656,31608804
2020-11-19,29.48744682378664,33.07788868967341,29.242993268362792,31.50420570373535,127231584
2020-11-20,32.13062672838383,33.582080439399746,31.93200612110374,33.10844802856445,111976335
2020-11-23,33.16955819874319,33.32234056234956,31.932000071746753,32.39035415649414,32719695
2020-11-24,32.390357603597074,33.276509394678165,32.390357603597074,32.909828186035156,32900253
2020-11-25,33.00149956703095,33.73486552468314,32.35980304272351,32.65009307861328,37300935
2020-11-26,32.818154212418776,33.39873772825023,32.65009010297225,33.27650833129883,28747059
2020-11-27,33.44457591724081,34.77380369955635,33.32234650758391,33.94876480102539,42740469
2020-12-01,33.948756087434155,34.46822307697421,33.7043008278292,34.162654876708984,32351613
2020-12-02,34.22377063111648,35.140478804244275,34.0862665033258,34.69740295410156,48411381
2020-12-03,34.865460709589144,35.69049931411336,34.78906954137895,35.140472412109375,48553872
2020-12-04,35.41549413772613,36.05719062319172,34.95714000481706,35.369659423828125,46007778
2020-12-07,35.400221633243554,35.6752334581375,34.94186742609862,35.12520980834961,26587011
2020-12-08,35.308542060651384,35.461327918187436,33.94875806977634,34.57517623901367,36642735
2020-12-09,35.369651135211306,37.43224424994863,35.07936118492008,35.73633575439453,147504747
2020-12-10,35.69050353625481,35.69050353625481,34.36127607037033,34.95713424682617,38748615
2020-12-11,34.95713650980825,35.56827645824017,34.63629004763589,35.033531188964844,41079909
2020-12-14,35.33910228556028,36.43915288331747,35.20159814644341,36.22525405883789,75008775
2020-12-15,35.873853304710714,36.45443691978395,35.8127403442709,36.13358688354492,32266752
2020-12-16,36.36275743593896,36.882227997054486,35.8585686091473,36.087745666503906,38725125
2020-12-17,36.05718517568649,36.92805859603541,35.38493231585259,36.75999450683594,56242236
2020-12-18,37.11139795937614,37.49336081426749,36.22524637408499,37.0502815246582,97760322
2020-12-21,36.88222560729159,37.646147916660915,33.35289705450204,34.208492279052734,86979072
2020-12-22,34.20849004212284,34.865464653945125,32.49730320188194,34.3001594543457,73882653
2020-12-23,34.59046100527262,35.43077813491507,34.37656216312663,35.277992248535156,39047973
2020-12-24,35.49188338626162,36.10301980518906,34.92657817724516,35.109920501708984,28256172
2020-12-28,35.50716389159598,35.61411154780726,34.80435451702926,35.018253326416016,28341882
2020-12-29,35.201598365697556,35.50716661815829,34.81963542739829,35.064090728759766,20782080
2020-12-30,35.140476569183335,35.23214947884388,34.65156604087353,34.95713424682617,18996630
2020-12-31,35.35438204329805,36.897508594040616,35.26271261327882,36.653053283691406,112170381
2021-01-01,36.973895982376035,39.11288060214456,36.85167008825658,38.62397003173828,201696168
2021-01-04,39.41844846877092,40.27404363162454,38.77675209663071,40.12125778198242,105614565
2021-01-05,39.72401896840508,40.717118306101874,39.418450748413164,40.182373046875,64361523
2021-01-06,40.33515865817996,41.37409269796436,39.61707107257272,40.686561584472656,74098809
2021-01-07,41.068526717351915,41.251869056998096,40.12126204230498,40.258766174316406,46011027
2021-01-08,40.65600500817321,40.86990380939788,40.19765093368664,40.36571502685547,19906347
2021-01-11,40.57961516318055,41.41993215970769,39.586515801440605,41.129638671875,42426342
2021-01-12,41.23658329281042,41.54215147179967,40.762951041743456,41.083797454833984,32608233
2021-01-13,41.11436839332003,42.07691496528905,40.47267534129383,40.961585998535156,38455479
2021-01-14,41.175475518827284,43.08528665580184,41.114362569569835,42.519981384277344,94302666
2021-01-15,42.38247572838199,42.626931013608655,40.45738642313725,40.778236389160156,44817729
2021-01-18,40.90046917970756,41.32826687522821,39.20456013393229,40.808799743652344,53634528
2021-01-19,41.114362418278475,42.22969122294458,40.9768582829552,41.87828826904297,64391526
2021-01-20,41.96995690062275,42.45886747758629,41.221312798207585,41.4046516418457,39771243
2021-01-21,41.71021549764281,42.10745657776304,40.42682285277604,40.915733337402344,31082454
2021-01-22,40.79351844141753,41.40465496316276,39.999036067398336,40.44211196899414,30823161
2021-01-25,40.86991386028321,41.175482152766094,39.38790362023158,39.93792724609375,22702206
2021-01-27,40.02958272995699,41.06852015735664,39.96846979215811,40.54905319213867,55897923
2021-01-28,40.02958942659513,41.16019994679914,39.67818647850084,40.09070587158203,49918659
2021-01-29,39.96848066492055,41.63383315171774,38.80731704604782,39.73930358886719,77617473
2021-02-01,39.724018748149696,41.19075388929938,38.37951299249752,40.8546257019043,47400000
2021-02-02,41.175473664329374,41.80189185689813,40.151817822513976,40.793514251708984,32215686
2021-02-03,41.00741158961403,43.14639611319467,40.99213335353615,42.50469970703125,63440358
2021-02-04,42.703318861841474,43.329737011226506,41.87828365000741,43.070003509521484,55032168
2021-02-05,43.39085143523282,43.7575360954344,42.38247386512459,42.84082794189453,29863140
2021-02-08,43.58159403037764,44.13716535792327,43.05688738411383,43.44269943237305,31927191
2021-02-09,43.658749589368014,43.82850529879371,42.40870908109264,42.578468322753906,48306774
2021-02-10,42.871695177091894,43.9365443279145,42.7019359001302,43.164913177490234,33662136
2021-02-11,42.995159986639344,43.36553971118581,41.544495174436406,41.79141616821289,35392794
2021-02-12,41.93031323463699,42.28526063867908,41.405606533581704,42.05377197265625,24806265
2021-02-15,42.3932847450478,42.57847635888207,41.606224801547455,42.007469177246094,23422254
2021-02-16,42.00747280647217,42.73280698434117,40.91176243340855,41.09695053100586,48715293
2021-02-17,40.77286638438535,43.1340498675174,40.77286638438535,42.93342590332031,46231716
2021-02-18,43.01058743301501,44.41495152911411,42.54761018084528,43.68962097167969,43649379
2021-02-19,43.334675028493315,44.04457332713028,41.05065318688343,41.79141616821289,51636933
2021-02-22,41.822277344510965,42.146363550083706,39.893206580071784,40.21729278564453,28665003
2021-02-23,40.51051351311018,41.85314838170627,40.20185962675742,41.42103576660156,32119296
2021-02-24,41.86857279221012,42.88712124042977,41.729678216436625,42.08462905883789,22656720
2021-02-25,42.3161271438741,44.13716818166015,42.30069480224588,43.735923767089844,59326020
2021-02-26,43.01058600286795,43.93654047641846,41.97660162354403,42.31612014770508,38633409
2021-03-01,42.809970243782,45.37177787469383,42.578481581156005,45.04769515991211,62059455
2021-03-02,45.66499395695132,47.39344444800062,45.217448992821524,46.76070785522461,106691166
2021-03-03,47.17738916098299,47.5323365523784,46.51378787106324,47.19282150268555,39659358
2021-03-04,46.7607050564011,47.82555420820377,46.313160119058736,47.16195297241211,30333900
2021-03-05,46.54465220251913,47.2236858290069,44.67731061273692,45.37177658081055,29141961
2021-03-08,45.68041959699077,46.513780037526296,44.507544163941205,44.7698974609375,34685358
2021-03-09,45.078561204531404,45.49523798404504,42.97972730328758,43.21121597290039,37113744
2021-03-10,43.64331890041638,44.02913444119715,42.91798836824788,43.1340446472168,24247668
2021-03-12,43.90567259762097,44.291488141926166,42.97971811707731,43.22664260864258,39599325
2021-03-15,43.627886630410956,43.627886630410956,41.174109394843725,42.31612014770508,30156603
2021-03-16,42.43958512953782,42.76367136249644,41.82228087857001,42.54761505126953,29273370
2021-03-17,42.43958595690303,42.73280751286513,41.004356989353504,41.31300735473633,35855832
2021-03-18,41.46732556671591,41.822272882286136,39.52282266969295,40.06296157836914,45353232
2021-03-19,39.63085349412908,40.14012778324998,38.581436703369306,39.49196243286133,56393928
2021-03-22,39.72345106721049,40.726567305311434,39.30677081893475,39.49196243286133,38945382
2021-03-23,39.91324781022962,40.49057193520041,39.36713338689763,39.507564544677734,38253711
2021-03-24,39.47635232111881,39.53876814909629,37.947230604951045,38.212486267089844,32029023
2021-03-25,38.274905282195725,38.493351790408234,36.1528560390693,37.21388244628906,60718449
2021-03-26,37.447933822481005,38.774212431151696,37.432330754809186,38.19689178466797,36092943
2021-03-30,38.69619062587865,39.61678574991884,38.35291962315294,39.257911682128906,42697440
2021-03-31,39.25791334939938,39.63239049815747,38.852226497874696,39.039466857910156,24134520
2021-04-01,39.32032585077884,39.63239073852201,38.7898144702216,39.351531982421875,30019032
2021-04-05,39.585584993207306,41.192725912167724,39.008260793525814,41.00548553466797,61276776
2021-04-06,41.28634529414736,42.11332215966483,40.19411628024315,40.86505889892578,61173012
2021-04-07,41.177120931594274,41.95728496839243,40.8806555262818,40.97427749633789,38346498
2021-04-08,41.30194596300381,41.70763283842536,40.41255687893079,40.58419418334961,25322349
2021-04-09,40.88065121568118,41.052288499925154,40.2565214805783,40.53738021850586,15591087
2021-04-12,39.91325199405193,40.10049236694825,37.60396239472778,38.040855407714844,35499102
2021-04-13,38.10327048094799,39.382739789301766,37.962839311267935,39.195499420166016,19430589
2021-04-15,39.0082617973379,40.47497514940177,38.82102498633307,40.100494384765625,42679908
2021-04-16,40.022473090736455,40.412553293591685,39.19549634661546,39.944454193115234,21451458
2021-04-19,38.72739959269498,39.46075798968114,38.1188728679916,38.50895309448242,30034584
2021-04-20,38.96144388572069,39.83522976034967,38.58696677610288,38.78981018066406,26634339
2021-04-22,38.415338404977966,39.53877713688604,38.24370108882082,39.335933685302734,23128215
2021-04-23,39.27352067256971,40.25652820517769,39.117486427073146,39.60118865966797,27613263
2021-04-26,39.944455624644064,40.47497057649262,39.85083722971876,40.365745544433594,16704927
2021-04-27,40.272122387661994,40.59979030246935,40.05367592068628,40.318931579589844,19097265
2021-04-28,40.693416107453515,40.740225303809765,40.00687051362357,40.19411087036133,19394331
2021-04-29,40.568591121329995,40.95867493015005,40.303335417005044,40.52178192138672,16660074
2021-04-30,39.99126166728132,42.58140944235172,39.88203665359288,41.11469650268555,53187741
2021-05-03,40.880652179625734,41.45797630521841,40.20971323426664,40.646602630615234,19524450
2021-05-04,41.005485969442056,42.83107341962305,40.740230253218755,41.442378997802734,52932507
2021-05-05,41.69203219180143,43.22115423974389,41.348757563038355,43.018314361572266,51816273
2021-05-06,43.59562970309259,44.656656024168406,42.87787796904326,44.438209533691406,61565505
2021-05-07,44.5474275224427,44.750270931460946,42.8466684994148,43.03390884399414,32525013
2021-05-10,43.37718482215984,45.53044010420605,43.267963358525,45.171566009521484,67119504
2021-05-11,44.54743742715394,46.7318990761077,44.141754090230044,46.357421875,70482693
2021-05-12,47.57447266814201,48.55748010018675,45.49923277198486,45.826904296875,136024881
2021-05-14,46.123366854585164,46.40422561517648,44.48501991793745,44.73467254638672,47657991
2021-05-17,45.09354428661137,46.52905128950295,44.90630750351973,46.23258590698242,51486270
2021-05-18,46.96594192128711,48.37023925922552,46.59146477395789,48.24541473388672,97548693
2021-05-19,48.15180132224919,49.27523645179383,47.761717497577024,48.417057037353516,83953914
2021-05-20,48.66670536799658,49.524888277621436,47.746110194780925,48.93196105957031,67499931
2021-05-21,49.46247268094327,49.618506911984625,48.76032399822651,49.18161392211914,58163772
2021-05-24,49.41566613299752,49.9305744803398,48.74472354624638,48.947566986083984,74623869
2021-05-25,49.2596345769484,49.2596345769484,46.43543647481277,46.560264587402344,53594838
2021-05-26,46.8099181726379,48.120597309997095,46.49784967061142,46.73189926147461,45070683
2021-05-27,47.059570644804424,47.106379848528725,44.37580368016485,46.357421875,360249207
2021-05-28,46.341807965846435,46.6850789508328,45.06233526882341,45.20276641845703,44625315
2021-05-31,45.42122173851435,45.62406518469831,44.84390110587115,45.374412536621094,29061186
2021-06-01,47.746111948683115,47.746111948683115,45.561646929632744,45.85811233520508,74882883
2021-06-02,45.63965929411378,47.12197182433981,45.56164040162492,46.91912841796875,24742749
2021-06-03,47.199986699806736,47.41843673966273,46.56025392957649,47.18438720703125,26792298
2021-06-04,47.3092236014346,47.80852892027384,47.07517401002163,47.6837043762207,23574183
2021-06-07,47.7461147195212,48.136194975243136,47.55887433969181,47.8397331237793,16889640
2021-06-08,47.9333464930612,47.99575875136066,46.26379001305013,47.73050308227539,31918326
2021-06-09,47.87094249815016,48.52628208624587,46.66948837229807,47.02836608886719,31016931
2021-06-10,47.10637899510257,47.73051241405907,46.8411232741572,47.44965362548828,17381064
2021-06-11,47.43404361865486,48.37024189496138,46.85672301487858,48.07378005981445,25835898
2021-06-14,47.746109480029475,47.85533093967834,46.04535032345041,47.35602569580078,26533281
2021-06-15,47.43404943941968,47.71491181382745,46.82552262793422,47.02836608886719,22951029
2021-06-16,46.80990790755376,47.2780069866293,46.26378993442393,46.71628952026367,19709055
2021-06-17,46.24819590870659,46.73189453820137,45.14036033824146,45.60845947265625,22419540
2021-06-18,45.733279223108745,45.87371037727851,43.845279816417104,45.62405776977539,34091544
2021-06-21,44.31338713129616,46.809917241268224,44.31338713129616,46.560264587402344,23199468
2021-06-22,46.80991031127778,47.43404006788633,46.49784186166077,47.246803283691406,28261329
2021-06-23,48.40144417087009,53.05122513442672,47.590070551230205,52.583126068115234,363893778
2021-06-24,52.723561073369005,54.143461440294935,52.05261855306674,53.41010665893555,169690515
2021-06-25,53.410110664218834,54.892423403362166,53.316492265612595,54.61156463623047,71399592
2021-06-28,54.97043893672957,55.266900752120215,53.987427955065414,54.22147750854492,38881053
2021-06-29,54.12785770509058,54.876815542444405,53.846998962496976,54.50233840942383,49605246
2021-06-30,54.87680616828743,55.82860726029063,54.54913828645318,55.54774856567383,43091670
2021-07-01,55.485345248398374,58.01308104950306,55.266898768238086,57.62299728393555,87835578
2021-07-02,57.872648597612844,57.872648597612844,56.249904883333336,56.374732971191406,40351092
2021-07-05,56.577576827199856,56.79601973287381,55.734997048635684,55.922237396240234,22985568
2021-07-06,55.70379424906718,56.858438961785225,55.67258811781978,56.49956130981445,41588856
2021-07-07,56.203095510408936,57.232912053875744,55.82861481934144,57.076881408691406,17834940
2021-07-08,57.35774032423751,58.48117882970987,55.891030826952445,56.374732971191406,44887437
2021-07-09,56.374729164398765,57.01446548243296,56.234298021455345,56.43714141845703,18512454
2021-07-12,56.4839554397429,57.71661899069009,56.4839554397429,57.37334442138672,18021216
2021-07-13,57.4201605758287,57.6698132149858,56.21870658026396,56.686805725097656,15530661
2021-07-14,56.51517095201752,57.62300659678151,56.421552547381076,57.46697235107422,18423249
2021-07-15,57.46696346579838,57.54498236224571,56.00025392539066,56.156288146972656,14669931
2021-07-16,56.32792736405614,56.546377438395474,55.76620982559587,56.06267166137695,21219636
2021-07-19,56.01585800326176,58.59040306369641,55.438537444201145,58.044288635253906,45407127
2021-07-20,58.24713839225654,58.27834452626956,56.2499136736056,56.54637908935547,21901098
2021-07-22,56.82723308130517,57.65420627694911,56.79602337860724,57.57619094848633,14278368
2021-07-23,57.48257663434971,57.794641541663516,56.67120287549554,56.998870849609375,12770211
2021-07-26,56.998872465125494,57.73222733945186,56.234311456314586,57.60740280151367,13753260
2021-07-27,57.60739755663319,57.81024098362798,56.73361158536726,57.123695373535156,14436747
2021-07-28,57.10808886134086,59.79185530515197,56.95205464122753,59.276947021484375,48274629
2021-07-29,59.58901809495336,59.823067649809715,58.65281987552794,58.91807556152344,27425199
2021-07-30,58.80884807424312,58.80884807424312,56.952054778537,57.62299728393555,28756776
2021-08-02,57.732219443481235,58.35635276174967,57.248520853812494,57.35774230957031,21084204
2021-08-03,57.357748539199946,57.70101958017704,56.65559981912978,56.874046325683594,17656980
2021-08-04,56.95206353483178,57.669815345336666,54.54915545493771,54.75199890136719,38353227
2021-08-05,54.9236261895147,55.89103410606271,54.330702558511774,55.11086654663086,33065568
2021-08-06,55.2044882652074,56.10948034448133,54.61156106552999,54.73638916015625,23813595
2021-08-09,51.49090106092717,53.95622108581084,50.66392431666937,53.41010665893555,110821485
2021-08-10,53.41011169816557,54.36191305433983,52.3334858080999,52.81718444824219,32690748
2021-08-11,52.817181583124466,53.89381098610042,51.58452152124828,53.753379821777344,27235548
2021-08-12,53.644159069876245,54.377513890342996,53.051231844276565,54.252689361572266,17966661
2021-08-13,54.361906056213215,54.79879901121709,53.84699777757029,54.45552444458008,27821241
2021-08-16,54.34631346758321,54.78320650680502,53.81580202194813,54.40872573852539,12560913
2021-08-17,54.33070916021157,55.07966710836896,53.768991591921825,54.939239501953125,18039039
2021-08-18,54.9548409406729,56.74921863533333,54.0654518411447,54.33070755004883,34210602
2021-08-20,53.644161959237806,54.58036026069506,53.14485667463568,53.37890625,15542163
2021-08-23,53.80019915842203,55.204496687831025,52.785981895195555,54.65837860107422,26688300
2021-08-24,54.611560848736154,55.68819021460496,54.42432049319644,55.43853759765625,14925912
2021-08-25,55.32931141529453,56.34352849860852,55.32931141529453,56.156288146972656,16571559
2021-08-26,56.28111790724877,56.85844208093514,55.984656072822254,56.57758331298828,21301485
2021-08-27,56.63999669338005,58.044294132058894,56.577584426233365,57.82584762573242,28167945
2021-08-30,57.70102002173656,58.278344211801446,57.32654284428795,57.43576431274414,13619223
2021-08-31,57.38895223933088,58.48118472578579,57.31093690862442,58.247135162353516,21603702
2021-09-01,58.418773380113876,60.0259142171366,58.215929945773574,59.24574661254883,26940252
2021-09-02,59.526603460062674,60.057118414049555,59.21453857107434,59.33936309814453,25664589
2021-09-03,59.916699915615666,62.27279550393791,59.46420376670704,61.97633361816406,52170660
2021-09-06,62.80330086335376,63.31820560881481,60.77486658539901,60.993316650390625,36365391
2021-09-07,60.9933188029547,61.78908590502452,60.33797572747734,60.634437561035156,15882570
2021-09-08,61.16496081402772,62.22598369847383,60.618842732856216,61.50822830200195,19285563
2021-09-09,61.39900778835631,62.17916827955951,61.00892040012849,61.49262619018555,11581218
2021-09-13,61.63305234335334,61.99192642577646,61.055728198498315,61.32098388671875,10518984
2021-09-14,61.36808908151719,64.05264711905734,61.13260140828536,63.55027389526367,29010315
2021-09-15,64.00555430620432,65.55977457129727,63.64447508079832,65.24578857421875,35238519
2021-09-16,65.27716687983538,65.62254342986053,64.28811606575763,64.53929901123047,12378501
2021-09-17,64.63351496787064,65.10449028765301,63.01649922418364,64.46082305908203,16039149
2021-09-20,63.58166029710589,64.66490483576642,63.12638037822136,63.299072265625,12243591
2021-09-21,63.29908176599649,65.07309412052783,63.29908176599649,64.19393920898438,20777913
2021-09-22,64.17824668212329,64.9475055530133,63.98985939450244,64.66492462158203,9672642
2021-09-23,64.99460834065472,66.1563443630852,64.85331427652429,65.13590240478516,19379646
2021-09-24,65.30858961132739,66.09354380127739,63.927061325737895,64.52362823486328,17282355
2021-09-27,64.71199768054579,65.84234261350373,63.66015820606587,64.0526351928711,10315860
2021-09-28,64.366628650138,66.70580268958814,64.09974311793916,66.04644012451172,29934006
2021-09-29,66.2191292633483,66.69010455772057,63.958446413058795,64.4137191772461,27378225
2021-09-30,64.68059965412083,65.16727744072413,63.33046962400956,63.72295379638672,34237251
2021-10-01,62.796706364999466,64.13114121716883,62.52982083186819,63.3461799621582,22069932
2021-10-04,63.42467196541865,64.71199909747128,63.346173691733966,64.61780548095703,16627587
2021-10-05,64.9317901480856,65.19867564969755,64.22532725796354,64.63350677490234,18733530
2021-10-06,64.64919619136931,65.46555515041544,62.1687286320492,62.576908111572266,15618651
2021-10-07,63.11069508182385,63.989850001364466,62.95370569851778,63.770057678222656,7587423
2021-10-08,63.738665190120024,63.94275499892861,62.60832716172929,62.843814849853516,9881742
2021-10-11,62.84381096632918,66.25053456040665,62.84381096632918,65.4969711303711,21749220
2021-10-12,65.52835972646471,66.47031028733677,64.22533003366169,66.0150375366211,18331041
2021-10-13,66.28193118524615,67.17678145330402,65.02599455442493,65.5126724243164,16863453
2021-10-14,65.71676102494446,66.76860795937719,65.63826991908596,66.10924530029297,15404877
2021-10-18,64.44511423673805,69.54735116062781,64.36662314877887,68.1815185546875,40084623
2021-10-19,68.82518518464852,68.82518518464852,64.60211028278248,64.9474868774414,15424062
2021-10-20,64.94749259581408,65.99933937480348,63.69156322254097,64.30382537841797,16082943
2021-10-21,64.63350254399921,64.99458163668882,63.75434782452844,64.17822265625,15707487
2021-10-22,64.39802400775123,64.96319292522405,62.796703690646765,63.251983642578125,10288875
2021-10-25,63.58166525126803,63.58166525126803,60.83431174085329,63.20488357543945,13207770
2021-10-26,63.20489064024406,65.0730966978968,63.142094885005676,64.743408203125,9505146
2021-10-27,64.82188957787021,65.85803364199214,64.69629810016129,65.0102767944336,9492999
2021-10-28,65.0102767379091,65.2614668796202,62.76529673651161,62.89088821411133,11429706
2021-10-29,62.105939913747996,68.71528903854635,57.60027697519416,64.9474868774414,95295024
2021-11-01,65.2143749776871,65.55975877259085,61.634967094226916,62.96939468383789,23954010
2021-11-02,63.42467338453075,63.92704653702617,61.93324927022523,62.9850959777832,19613109
2021-11-03,63.40897797575837,64.75910822049654,62.62401669273278,62.9066047668457,25307715
2021-11-04,63.48746725101905,63.51886512296359,63.204879217005924,63.37757110595703,1434759
2021-11-08,63.28339144466095,66.97269611051033,63.28339144466095,66.705810546875,35893830
2021-11-09,66.70579114659813,70.39509473947453,66.70579114659813,69.32755279541016,51756600
2021-11-10,69.35895940520369,69.51595596018134,68.74669008842115,68.982177734375,15949584
2021-11-11,68.99788340679487,70.64629700354423,68.91938512573105,70.1125259399414,23431827
2021-11-12,70.80328524915183,71.58824648772325,69.73574313898393,70.20671844482422,23132022
2021-11-15,70.56780223312737,70.960286471459,69.31187279270343,69.90843963623047,8602539
2021-11-16,69.84563880019282,70.33230944665091,68.04022868287898,68.38561248779297,8030718
2021-11-17,68.35421379985567,68.38561167388208,66.89418750483273,67.64775085449219,18084606
2021-11-18,67.67915651866694,68.29142591242588,65.43417592806436,65.57546997070312,28766142
2021-11-22,65.90514829674632,66.06213767784422,63.03219591031895,63.7386589050293,17243226
2021-11-23,63.895649981562045,66.45461619936741,63.64445980687904,66.25052642822266,17089326
2021-11-24,66.59590288122138,66.86278839878462,64.99458977584189,65.41846466064453,11478315
2021-11-25,65.41846891069466,66.75290377171787,64.57071908601351,66.45462036132812,9875469
2021-11-26,65.46556026971565,66.04643166573025,61.729156110952424,62.231529235839844,22881369
2021-11-29,61.619275892201635,63.20489394774319,59.280101547852524,61.93326187133789,14850591
2021-11-30,61.93323859216378,64.4608064485499,61.9175360651779,63.97412872314453,32274063
2021-12-01,64.05263537106542,64.77479360371704,63.267674208759104,64.63350677490234,14136084
2021-12-02,64.08402401662924,64.93178080002882,63.50315269641883,64.6491928100586,13228377
2021-12-03,64.63351395995595,65.87374799117386,64.55501567904533,64.88469696044922,12481431
2021-12-06,64.88471570147767,66.31334458221764,64.88471570147767,65.2614974975586,14751723
2021-12-07,65.74813985908183,67.41224837593076,65.37135826714076,66.06211853027344,23275224
2021-12-08,66.26621981075252,66.86278657651603,65.40276753469944,65.60685729980469,9462426
2021-12-09,64.71200394150145,65.73245282973909,64.11543713907614,65.2300796508789,12294123
2021-12-10,65.18296608877168,66.20341477103354,64.39801219765768,64.53929901123047,18276354
2021-12-13,64.93179225930459,66.37611595808129,64.74339783723921,65.60685729980469,27024840
2021-12-14,65.74815727754765,66.84709729087949,65.51266961851132,65.87374877929688,19438713
2021-12-15,65.77956148400763,66.04644704416795,64.80621287874406,65.30858612060547,14031681
2021-12-16,65.62255723841437,66.18772617116468,64.53931259184375,65.05738830566406,23209956
2021-12-17,65.23007879481942,65.35567029125804,62.89089764783018,63.20488357543945,12549333
2021-12-20,63.079295354269725,63.079295354269725,60.17494513599128,61.30529022216797,16835343
2021-12-21,61.35238265372546,63.25198645087718,61.35238265372546,62.63971710205078,10884186
2021-12-22,62.95369750540754,64.11543316370496,62.95369750540754,63.86425018310547,8943987
2021-12-23,64.17823015305812,65.85804152117656,64.17823015305812,65.59115600585938,8703837
2021-12-24,65.37138121179719,65.52837060249459,63.55027553365267,64.06834411621094,9183225
2021-12-27,64.05264890785368,65.13589367227453,63.26768757965485,64.97889709472656,8676960
2021-12-28,65.55975028917761,65.6539438974593,64.52360622505569,65.0102767944336,10372101
2021-12-29,64.96319136905822,66.8470925065147,64.96319136905822,65.84234619140625,24965061
2021-12-30,65.87375943361658,66.69011870004934,64.36663960932748,65.92085266113281,42195855
2021-12-31,65.93655519464768,66.87850598314266,65.49697768091575,65.92085266113281,12683187
2022-01-03,65.8580423489732,66.62730103141023,65.77955125828377,66.32901763916016,8974341
2022-01-04,66.72150566394882,68.7780916540296,66.3133260975166,67.86754608154297,31336737
2022-01-05,67.74196090635556,68.10304732500447,66.7529168548767,66.97270202636719,11957511
2022-01-06,66.25051549840421,66.92558044751082,66.12491683852731,66.53309631347656,8820915
2022-01-07,66.53310827042823,67.17677546686967,65.15158025559326,65.32427215576172,12974964
2022-01-10,65.60684823366756,66.40750465389452,65.30856489200526,66.20341491699219,9408897
2022-01-11,66.25053463140863,66.61161381486897,65.48126866860422,66.07784271240234,10022118
2022-01-12,66.25053002286178,66.54881343075479,65.5597623948881,66.12493133544922,7794744
2022-01-13,66.53311850020242,66.65871001544876,65.07309916917903,65.79525756835938,12144687
2022-01-14,65.65394216006358,69.73572975619238,65.43415707988912,69.1077651977539,27463650
2022-01-17,69.70433624846694,69.95551921295235,67.75763952765729,67.97742462158203,28842888
2022-01-18,68.54259978104008,68.60540271444842,65.18297701652916,65.41846466064453,17939775
2022-01-19,65.66964536055578,66.06212231528774,64.36661583417597,65.35565948486328,30378717
2022-01-20,65.62256112490913,66.8157019971683,65.13589044356961,66.67440795898438,20278191
2022-01-21,66.37612782772968,66.45462611650366,64.36663487643595,64.97889709472656,17723898
2022-01-24,64.97889351350103,65.54406966310292,61.24248872070232,61.948951721191406,20025537
2022-01-25,61.63497222392879,64.52361994450793,60.97560245273394,64.11544036865234,29718342
2022-01-27,63.3932773793144,64.77479819949407,62.21583914557166,64.3352279663086,23800311
2022-01-28,64.91608195421331,66.2505165323373,64.47650460406247,65.0259780883789,24666333
2022-01-31,67.41226141044913,68.99787915934334,65.19867901124029,65.84234619140625,53776260
2022-02-01,66.45461293454677,66.70579591037693,63.8485464412355,65.12017822265625,29395494
2022-02-02,65.79525350828264,66.62730802521624,65.46557220784794,66.17203521728516,30206025
2022-02-03,66.25053036282155,66.3918172088021,65.16728569572157,65.29287719726562,11555226
2022-02-04,65.76385171900066,65.8109521247664,64.16253853414662,64.30382537841797,17933076
2022-02-07,64.33522474161926,64.61780559164605,62.67110876763447,63.45606994628906,18325029
2022-02-08,63.48747410915557,64.02124517638485,61.666368593600986,62.63971710205078,26278878
2022-02-09,63.08262030385987,64.30061423593064,62.67134849703768,64.09497833251953,15305202
2022-02-10,64.20569848989317,64.77514890016519,63.43061220355696,64.15824127197266,12104241
2022-02-11,63.54134213142109,64.4271572172595,63.22498477287579,63.38316345214844,11505933
2022-02-14,62.323350161021224,63.082622327348886,61.010448979329155,61.97535705566406,31961610
2022-02-15,62.07026816139746,63.08262628606024,60.93135984043447,62.94026184082031,10746255
2022-02-16,63.193353044815765,63.69953209154649,62.18098771039808,62.95608139038086,13420629
2022-02-17,63.03516985428061,64.7435287368456,62.78208394039339,63.58880615234375,19166469
2022-02-18,63.27244567871094,63.778624780719376,62.95608826555382,63.27244567871094,10616886
2022-02-21,62.63971471032675,63.857708680297144,62.27590011641565,62.687171936035156,10470885
2022-02-22,61.6906275467961,63.304071832406855,61.16862703271006,62.434078216552734,20409699
2022-02-23,62.44990234365014,63.446438947703,62.44990234365014,62.95608139038086,10145349
2022-02-24,61.91207212716143,62.244258192187225,59.159723472137934,59.42863082885742,24915339
2022-02-25,61.01045527934161,63.636265154826035,60.70991212774798,63.31990051269531,22461840
2022-02-28,62.33918311867437,66.9106167236977,62.07027568549402,66.57843780517578,35587689
2022-03-02,65.66096915258095,69.4731294278366,65.66096915258095,68.334228515625,51608091
2022-03-03,68.96696424200931,69.58387204331326,67.27442678158478,68.03369903564453,28625697
2022-03-04,67.70150733217955,71.1023958594281,67.24277832018772,67.9862289428711,46128378
2022-03-07,67.3218720954569,69.09350221400987,65.34460607953777,67.78059387207031,38244033
2022-03-08,68.47658260259777,68.88785432574247,65.86659510191005,67.3851318359375,20461842
2022-03-09,67.82804715164484,71.29221422961486,67.448411113889,70.37476348876953,30245265
2022-03-10,71.29221937123519,71.65603394821854,68.22350235575983,68.57150268554688,37328694
2022-03-11,69.04604848501639,69.22004865628135,67.73314731759746,67.95459747314453,29348391
2022-03-14,68.33423991485334,68.3658756543057,66.18297342730969,66.37279510498047,28491564
2022-03-15,65.80332221561895,66.48350124437917,64.30059975841301,65.02822875976562,23328489
2022-03-16,66.08806183344294,66.40442644797753,65.36043263325634,66.11969757080078,23656146
2022-03-17,66.49932457277413,67.00550354228534,65.48696663375169,66.2462387084961,36269526
2022-03-21,66.43605880587008,67.82805290167583,65.4553365157519,66.08805847167969,38413833
2022-03-22,66.21460916676205,66.64170251080385,64.85425788839727,66.37279510498047,19632078
2022-03-23,67.6698690016077,67.6698690016077,65.43950997816638,65.61351013183594,33279774
2022-03-24,65.61351598954938,66.61731969136333,65.08771995493335,66.12338256835938,15609300
2022-03-25,66.31459067746131,66.34645688450223,65.31078692140422,65.6453857421875,22413369
2022-03-28,65.64538397276995,65.90032091593295,64.86465098075057,65.3426513671875,13461477
2022-03-29,65.64537285332202,66.47390866112504,65.4860418494006,66.09150695800781,12104067
2022-03-30,67.52552704621782,67.52552704621782,66.17119489410018,66.4261245727539,22181898
2022-03-31,66.98378293669195,67.66891727358012,65.88438064785217,67.17498016357422,21738033
2022-04-01,67.22279167970676,69.15073011802251,66.99972821993121,68.54525756835938,45845880
2022-04-04,69.31006312424273,70.21826103390485,68.7683302700189,69.93146514892578,29426580
2022-04-05,70.55285175286556,71.28578170354557,69.31004797513921,69.66058349609375,29299197
2022-04-06,69.46937375238294,70.42537434206575,69.2144441517772,70.1067123413086,27765654
2022-04-07,70.74406469908705,75.81087225042373,70.60066310919869,74.67960357666016,162897504
2022-04-08,76.06579693669501,77.1811287856526,74.87079592220208,76.35260009765625,86792331
2022-04-11,77.06959481991264,79.0931243678483,76.81465788589567,77.7387924194336,53098242
2022-04-12,77.73878758230656,78.5195204977372,75.66745520884349,77.24485778808594,34166946
2022-04-13,77.77066195769827,79.74639592960852,77.77066195769827,78.74259948730469,35185764
2022-04-18,78.39205256157793,81.67432240148773,77.83438308976224,81.2441177368164,58066713
2022-04-19,81.26007038916497,82.6940716313267,79.04533610987617,79.76233673095703,39192846
2022-04-20,80.5271334697747,81.451268095053,79.85793580382138,80.71833801269531,31402827
2022-04-21,81.0848035955489,82.4391356874578,80.27220434040356,80.59087371826172,32102493
2022-04-22,80.44748001579195,81.78588278148393,79.93761333748667,80.19254302978516,14025423
2022-04-25,79.66673353493593,79.66673353493593,77.35639347045723,78.32833099365234,15988692
2022-04-26,78.72667023297024,80.75020735400581,78.71074077510484,79.8260726928711,16455561
2022-04-27,78.88599806327151,79.33213227092668,77.38826439961045,78.55139923095703,13818495
2022-04-28,79.66672579638211,79.66672579638211,77.5953861264174,78.59918975830078,9256521
2022-04-29,78.94973210662994,79.61892972322717,75.4443911132632,76.01799011230469,21932493
2022-05-02,74.88672938597855,76.28886433435704,74.4724614133091,75.8905258178711,13942155
2022-05-04,76.1613814406336,76.43224780079277,72.91097782501765,73.67578125,16041333
2022-05-05,74.83891402179474,75.97018238412724,73.93071635870257,74.85485076904297,18857412
2022-05-06,74.01038638596857,74.64772505956738,72.41705428938488,72.703857421875,16795458
2022-05-09,71.70006683755834,72.38520129580888,70.58473489576565,71.8593978881836,23472795
2022-05-10,71.700058529673,73.10219349383375,70.77592395571008,71.0308609008789,13234959
2022-05-11,71.66818289761511,71.76378150434036,68.75237798340514,69.78804779052734,17541396
2022-05-12,70.10673497561372,71.11053154263794,68.8798676423343,69.56499481201172,23454804
2022-05-13,70.23418495312016,71.92311562609449,69.18258564625037,69.70838165283203,12118287
2022-05-16,69.72431202658348,72.51264470377271,68.92764242151263,72.28958129882812,15258537
2022-05-17,72.91099043267172,74.53619616836073,72.06652500460518,74.16973114013672,17055900
2022-05-18,74.72738413740313,75.60372295750201,73.93072176566682,74.28125,18878982
2022-05-19,73.13405840078305,73.54832637075451,71.44512031503068,72.4967269897461,11176905
2022-05-20,73.61205526831537,75.95425410937001,73.1499843647495,74.87078857421875,17729133
2022-05-23,75.28506137970054,76.5437947667822,73.38898927719761,73.7395248413086,15413691
2022-05-24,70.10673062840088,74.36093144470037,69.81992745920219,73.81919860839844,36815832
2022-05-25,73.93073015517238,75.03012522817033,71.8593902487113,72.13025665283203,12376107
2022-05-26,72.40111698294686,73.14998371900913,70.93524971488625,72.01872253417969,11313504
2022-05-27,73.29339701911066,74.13786979627932,72.40112857504685,73.5802001953125,11187723
2022-05-30,74.53618865871051,74.98232280652859,72.97472278820055,73.50051879882812,8326164
2022-05-31,73.7395316242172,75.18946967678019,73.18186931406109,74.80706787109375,13674072
2022-06-01,74.99826283525596,78.9338015639554,74.80706558510931,78.42393493652344,34360020
2022-06-02,79.09313387573405,79.52333863603312,77.80253418225227,78.3124008178711,26049855
2022-06-03,78.71073767748278,79.01347030208939,77.03773621981964,77.19706726074219,11056728
2022-06-06,76.76686749390859,78.18493194972643,75.9383315186223,77.56352996826172,13057254
2022-06-07,78.39206340604103,79.20466260455736,77.16519623329118,78.32833099365234,28241430
2022-06-08,78.69479442100585,79.81012620267667,77.77065987263623,78.16899108886719,24623397
2022-06-09,78.13713710163161,78.85413777918896,77.46793938672796,78.24867248535156,6650814
2022-06-10,77.43606333616212,78.85412775895854,76.95806294519815,78.61512756347656,9887892
2022-06-13,77.43605265040307,77.43605265040307,74.8389170649758,75.04605102539062,13056528
2022-06-14,74.58399342672645,77.24486918353291,74.58399342672645,76.91026306152344,11702244
2022-06-15,77.46792654427573,77.64319432000646,76.11359458686584,76.52786254882812,9599067
2022-06-16,76.86245121725804,77.72285323299754,73.64391385535015,74.05818176269531,12906030
2022-06-17,73.29339636731157,76.04987084475852,72.9109945670124,74.79113006591797,20333781
2022-06-20,74.88672229710052,75.28505348217286,71.28578300194845,72.38518524169922,12914700
2022-06-21,73.24559730416958,74.05819653355476,72.73573069198433,73.37306213378906,12811437
2022-06-22,73.02253150991493,73.2774684801472,71.71599503660366,71.97093200683594,11056173
2022-06-23,72.2736681516811,72.75166861206749,71.7159985166609,72.30553436279297,9004842
2022-06-24,72.95879163812205,74.53619437846449,72.75165765025054,74.40872955322266,9668958
2022-06-27,74.88672538348116,76.89432543367238,74.7911194766619,76.49598693847656,14977953
2022-06-28,76.30478607333905,76.63938485012973,74.82298211278648,75.34878540039062,9497565
2022-06-29,74.85486443184891,75.74712551055185,74.6317936918928,75.23725891113281,20182623
2022-06-30,75.04605633465438,76.22512048267927,73.86698489292286,74.59992218017578,19573899
2022-07-01,74.249393251317,75.04606301820247,72.41706081055844,73.22966003417969,15324042
2022-07-04,72.87910750308987,74.13784792173006,72.32144536037036,73.1977767944336,13538427
2022-07-05,73.86698842400726,74.8548626869173,72.68792421961925,73.03845977783203,14922519
2022-07-06,73.22964431279425,73.83510941291449,71.42917846574949,73.62797546386719,21103464
2022-07-07,73.7713863101055,75.79492310825816,73.6439214926899,75.41252136230469,19351467
2022-07-08,75.87459584054812,77.26079402951508,74.39279174030871,75.20539093017578,21179418
2022-07-11,75.14166671592896,75.97020274596497,74.50433523559009,74.80706787109375,10090566
2022-07-12,74.40873742633524,75.46033693326316,73.35713062569944,74.0103988647461,12953874
2022-07-13,73.89885433164774,74.98231980713444,73.61205121462773,74.39278411865234,12866319
2022-07-14,74.568054265243,75.826787542098,74.45651890575532,75.65151977539062,16879224
2022-07-15,75.68338696649201,78.61512149908872,75.65152076246639,78.23272705078125,24300105
2022-07-18,79.58706709669526,83.10833770449882,79.39586985298493,81.08480072021484,114055476
2022-07-19,80.81394698536583,82.423216233616,80.32000975442307,81.3078842163086,30352653
2022-07-20,82.24792832171492,82.3753931396989,80.62273001129908,81.22819519042969,16157313
2022-07-21,81.2600579811276,86.0081951886249,81.06886076218397,85.62579345703125,56209248
2022-07-22,85.99225480277559,86.07192395415201,84.57419058799425,85.02032470703125,28925541
2022-07-25,85.94447929962253,87.44221301697665,85.418675905916,86.0560073852539,27481563
2022-07-26,86.27906745702505,86.35873661721453,83.80939642821991,85.05220031738281,16387791
2022-07-27,85.48240330992321,87.26694009983446,85.33900172971475,87.04387664794922,26434413
2022-07-28,87.31473612138423,88.2388706503373,86.40653104801811,86.78893280029297,26787639
2022-07-29,87.31474144341708,88.04767149405309,86.67740271954281,87.69713592529297,14660187
2022-08-01,88.01579930015059,91.71233738982653,86.96419995911016,90.56513214111328,24181113
2022-08-02,91.10687092278881,91.4733359180106,88.9399325682508,89.86406707763672,32577612
2022-08-03,90.18274306243701,90.53327133454643,87.314740710208,88.22293853759766,15700254
2022-08-04,88.66906673079492,91.6167380470614,87.93612944213854,90.54920196533203,39839988
2022-08-05,90.7881954663239,90.82006166838153,85.16372692553348,87.99986267089844,80363784
2022-08-08,88.25619593550672,90.86751610073367,88.04793068714251,90.30680084228516,21774303
2022-08-10,90.29077730026434,92.37342228689326,89.95435110501874,92.0850601196289,28967340
2022-08-11,92.43750806265818,93.6390354955937,91.52435014704378,92.10108184814453,23053884
2022-08-12,92.27730666069733,93.60699506148175,92.02097738654273,93.27056884765625,13774848
2022-08-16,93.71913747504408,94.6322953683075,92.96618079107041,94.11964416503906,18326535
2022-08-17,94.60025394477346,94.7444386981038,93.11036438313633,93.35066986083984,12973041
2022-08-18,93.25454921763536,94.35995596967118,91.87680405832573,92.51761627197266,16134525
2022-08-19,92.75792201302981,93.62302327053327,90.78741400057982,91.34812927246094,17598678
2022-08-22,91.31608873806387,92.99822721481767,90.61118870324952,92.6297607421875,18811092
2022-08-23,92.05300765465454,95.99402306642364,91.92484669823492,95.62554931640625,30535758
2022-08-24,96.12219433901757,96.41056385545119,93.39872972156492,94.21576690673828,20796507
2022-08-25,94.6963684711625,95.8978957810388,94.53616727435923,95.0648422241211,22580238
2022-08-26,95.32117301694464,98.6534095555925,95.32117301694464,97.83637237548828,31345068
2022-08-29,96.69891667844556,99.74278342670522,96.33045025808913,98.9577865600586,27834195
2022-08-30,99.74279529055146,99.91902029521526,97.13148246447247,98.20484161376953,25458348
2022-09-01,98.31698154516114,102.7866649391146,98.04463582344322,102.46625518798828,33768936
2022-09-02,102.85075035582292,105.63829552376383,102.69054913934642,103.98819732666016,37018653
2022-09-05,105.0455530528556,105.38197931595903,103.92412973132994,105.06157684326172,24073551
2022-09-06,105.55819643797928,106.95196542369638,104.068299384109,104.34065246582031,28364094
2022-09-07,104.58095217886083,105.6543113229041,104.37268693196314,105.49411010742188,14016204
2022-09-08,106.05483557710936,106.1829965618396,104.80524397536279,105.14167022705078,13824843
2022-09-09,105.41401598637366,106.63156734193768,104.99748545245814,105.14167022705078,16733637
2022-09-12,105.68634717703563,108.8743989007581,104.46880332284998,108.47389221191406,39074646
2022-09-13,109.09868678536623,109.45113677464505,107.35246795999919,107.5927734375,18851928
2022-09-14,107.33643977054558,108.7622561231316,106.7116440879587,107.62480926513672,48838458
2022-09-15,110.20409648419168,110.20409648419168,104.3887008350684,106.79175567626953,25552945
2022-09-16,107.03206679272844,109.0986955316217,105.20574355060087,106.69564056396484,27675466
2022-09-19,107.99328601937236,109.33899823357078,105.7344158742223,106.21502685546875,18503444
2022-09-20,107.1762578497264,107.75298960911515,105.73442478448345,105.92666625976562,13735873
2022-09-21,106.11890161259888,106.26308636754884,103.47554132816772,104.24451446533203,16931740
2022-09-22,104.38870849977776,107.65686479048296,103.42748649271988,105.73442077636719,20701188
2022-09-23,106.26308736988828,106.69563430527693,101.98564537824562,102.51432037353516,15215768
2022-09-26,100.92831702521792,100.92831702521792,95.64159565723031,96.79505920410156,41567351
2022-09-27,97.32372226571678,97.90045396799052,94.63229787705073,95.88188934326172,28782718
2022-09-28,95.16097575914783,97.03535568159316,94.77648550149344,95.30516052246094,24892912
2022-09-29,96.02607381278872,96.79504696898881,94.53617686399251,95.16097259521484,74476855
2022-09-30,95.49740844257168,97.41985252730807,92.51762157793871,97.03536224365234,28502920
2022-10-03,97.51596728071317,99.00586428837236,94.29587510309096,94.6323013305664,21407465
2022-10-04,96.36248730739425,98.47717237473881,95.9779971132751,98.09268951416016,14768228
2022-10-06,98.95780655189243,100.92831467661465,98.4291388275212,100.59188842773438,20520361
2022-10-07,101.12053589930429,102.37012724034926,99.96707261029411,102.12982177734375,20045623
2022-10-10,101.02442340694472,101.50503437209055,99.91901672040105,100.39962768554688,11511957
2022-10-11,100.92829664980377,101.31278686565405,98.5733059947247,99.05391693115234,11739022
2022-10-12,98.669438319115,99.43841150770817,97.08342057567532,99.24617004394531,6659580
2022-10-13,99.24617774111388,100.35158457733596,97.13149214154824,97.4679183959961,7795689
2022-10-14,99.00585185139211,99.58258350226487,96.55473316825685,96.89116668701172,7476515
2022-10-17,96.60280267823217,98.76555199192393,96.07412769035768,97.8523941040039,9943468
2022-10-18,98.38106367888967,102.7546264209283,98.09270149822623,101.84146118164062,21766333
2022-10-19,102.51432775479907,104.9654394543892,101.2166795216582,101.79341125488281,22878764
2022-10-20,102.65850258755059,104.91737260199605,102.4181971108321,103.81196594238281,25579790
2022-10-21,104.34064813556283,104.72513105805108,98.71749372490126,99.53453826904297,19880033
2022-10-24,100.5438046954255,101.26472108760142,100.30349923136686,100.73605346679688,3728536
2022-10-25,100.92829248127367,101.40890339785116,99.53452375661517,100.97635650634766,13217298
2022-10-27,101.5531077657163,104.67707932720968,101.12055345707662,103.66779327392578,29990758
2022-10-28,103.81196420883322,104.34063918220203,99.87095592316906,101.26472473144531,20059496
2022-10-31,101.7934003588073,103.04298442478019,101.07248393605873,102.70655822753906,12793983
2022-11-01,103.13911626557605,106.1189027888929,102.61044126941312,104.2925796508789,26521676
2022-11-02,104.29258108689453,105.97471949152187,102.65850671295885,102.94686889648438,19881462
2022-11-03,102.65851216841916,107.84910508313075,102.3701426360277,105.68635559082031,34173239
2022-11-04,106.3111381078692,107.08011854272917,104.3886943542602,104.7251205444336,22356935
2022-11-07,105.15767426831714,106.02277541986489,104.58094261179895,105.39797973632812,15333789
2022-11-09,105.92665238389358,106.88787430147353,103.47554089418946,103.86003112792969,17033165
2022-11-10,103.86003341381388,104.29258035282841,100.639934052216,102.5623779296875,12937603
2022-11-11,103.8119821450842,104.2445291372718,102.56239053769868,103.13912963867188,11075218
2022-11-14,103.13911493199942,103.47554113723434,101.3608485134667,102.46625518798828,10547759
2022-11-15,102.56238539983175,103.23524520607944,101.36085788889866,102.89881896972656,11675691
2022-11-16,104.72513788280013,105.54218248018717,103.18718409199641,104.10034942626953,27372424
2022-11-17,104.00421537681312,107.03206608268249,103.90809464545286,106.31114959716797,26985734
2022-11-18,106.55146442179547,107.08013949087933,102.27402916663468,103.18718719482422,23962357
2022-11-21,102.94688813451353,103.04300888031777,100.44771207588897,101.69730377197266,16407321
2022-11-22,101.12053783978747,103.61972056983625,100.97636042605002,103.28328704833984,11999335
2022-11-23,103.81198146078566,104.86932424969632,102.22596361064853,102.754638671875,21024176
2022-11-24,102.85074615478516,103.23523639216552,101.93758825785545,102.85074615478516,12820212
2022-11-25,103.13911884218145,103.81197127816031,102.51432310389163,102.99493408203125,8834584
2022-11-28,102.94686760812394,104.53288526506073,102.80268285139489,103.23523712158203,11289089
2022-11-29,103.7158527536754,103.7158527536754,101.1686130486866,102.0337142944336,8717535
2022-11-30,102.37014156918863,102.4182056019336,100.11127136746887,101.02442932128906,27869373
2022-12-01,101.5531077473592,102.22596022706551,99.8229051801973,100.11127471923828,19098551
2022-12-02,100.49576059840655,102.32207648732145,100.25545510422914,102.0337142944336,13020973
2022-12-05,102.22594445753353,103.42747179561817,100.92829639911028,103.28328704833984,17476086
2022-12-06,103.09104737081819,104.19645400746988,101.40890906873024,101.60115051269531,13880227
2022-12-07,102.12982548391079,102.99492664883564,101.36084504096847,101.60115051269531,11943855
2022-12-08,100.9282976770849,101.40890861840435,100.20738126510572,101.21666717529297,15789329
2022-12-09,101.88954526358116,102.75464664290503,100.44771207588897,101.69730377197266,12630851
2022-12-12,101.8895192189952,102.41819418609505,99.96707546014625,100.4957504272461,19335542
2022-12-13,101.02443047354276,101.31280000621808,100.35157800868951,101.07249450683594,7421330
2022-12-14,101.07249290796722,101.55310389912869,100.78412337985364,101.36085510253906,6168426
2022-12-15,101.16861401574086,101.55310427680833,98.76555905099643,99.24617004394531,10186774
2022-12-16,98.28494554322903,98.42913030413278,94.05556744678762,95.59352111816406,38364152
2022-12-19,95.59353407298315,96.93924646788633,93.95945945073522,96.55475616455078,22872344
2022-12-20,96.84312059850602,97.66015786637556,95.1609820273161,97.37179565429688,10478941
2022-12-21,97.9004656414479,98.23689189676058,94.63230916081963,95.35322570800781,11606766
2022-12-22,95.64158327524899,96.0260735189432,93.04628696401056,94.44005584716797,14577136
2022-12-23,95.11291136718953,95.30516016206057,92.27730947810201,92.80598449707031,23099245
2022-12-26,92.85404350374877,95.97801499602605,90.97966354179914,95.40128326416016,12096095
2022-12-27,95.929948501016,97.0353478185793,94.58423637504285,96.36249542236328,10240049
2022-12-28,95.73770458430792,96.98729605051889,95.40127836911003,95.88188934326172,9470020
2022-12-29,94.68035201825253,95.92994335394017,94.48811058208861,95.0648422241211,11367064
2022-12-30,95.54546628049881,97.41984620811725,95.40128151678776,96.02607727050781,9236774
2023-01-02,96.50668017399273,97.27565329344803,96.02606922425527,96.36249542236328,6973552
2023-01-03,96.41056909380129,96.98730082446312,95.92995809599279,96.45862579345703,8833881
2023-01-04,96.79504946410609,96.98729825826786,94.63230003119222,94.92066955566406,8927128
2023-01-05,95.16097687091155,96.26638362450424,94.48812441231172,96.07413482666016,10448282
2023-01-06,95.92996731004187,96.60281983818435,94.8726171464715,95.11292266845703,7215940
2023-01-09,96.02607165713795,97.75626671990379,95.64158142089843,96.1221923828125,11920266
2023-01-10,96.12219773651296,96.21831846754114,94.48812330840892,95.30516052246094,10397112
2023-01-11,96.45862262752948,96.84311287986506,95.68964945639993,96.31443786621094,11130194
2023-01-12,96.55474221218931,96.60280624323937,95.06485258567719,95.54546356201172,9299447
2023-01-13,95.64158786520909,96.21831959165777,93.62302315586781,96.07413482666016,11684608
2023-01-16,96.55473709514783,99.00585587797033,96.31443161971586,98.14075469970703,16485682
2023-01-17,98.38107682326027,99.00587263182004,97.56403953524013,98.90975189208984,11762030
2023-01-18,99.10198139590302,99.96708261601918,98.14075944767207,98.71749114990234,13005273
2023-01-19,98.04464942801795,99.00587148123381,97.9004646533271,98.86168670654297,4842895
2023-01-20,98.90973674621164,99.3903477048098,97.6601453204399,97.8523941040039,7912700
2023-01-23,98.38106421730542,98.52524897519692,97.17953679077863,97.61209106445312,9725869
2023-01-24,97.6120875720155,97.90044974393984,96.26637543574509,96.74698638916016,10169994
2023-01-25,96.3144391985693,96.98729898284992,94.96873429709149,95.30516052246094,9232812
2023-01-27,95.73770626842953,96.07413248954549,88.86496775045379,90.64323425292969,24624255
2023-01-30,89.34557431628575,89.34557431628575,83.62630683942007,85.50068664550781,62828817
2023-01-31,86.79834445807097,92.5176120902324,85.59681702832769,91.26802062988281,59004021
2023-02-01,93.23854588349063,93.47885141411818,85.59683294295156,87.42314910888672,44092961
2023-02-02,86.07743519631576,89.8742592583032,84.87590766612455,89.4897689819336,24502896
2023-02-03,89.77813875142597,90.73936077802894,88.14405690607568,90.21068572998047,15906920
2023-02-06,89.87425772853629,91.31609074022404,89.58588819278197,90.83547973632812,7015869
2023-02-07,90.83547858397787,91.4122103146281,90.11456208727964,90.78741455078125,10315670
2023-02-08,91.26800655434346,92.56566184517229,90.6912749437197,92.3734130859375,11577350
2023-02-09,92.6137277597174,92.950153954963,91.84475464680476,92.0850601196289,6577385
2023-02-10,92.42361490147842,93.48762151704399,92.23015445698198,93.1007080078125,10685751
2023-02-13,93.10071687289138,94.01963008752419,91.35960960544158,91.55307006835938,13582939
2023-02-14,91.69816016275934,92.03670673558122,90.05377949799873,91.50469970703125,9624926
2023-02-15,90.97270343913013,91.6981635706072,90.34396984923092,91.55307006835938,11575131
2023-02-16,92.76216892020591,95.1803693228194,91.16615517852861,94.5516357421875,32927840
2023-02-17,94.35818062290876,95.42218730111432,93.0523465299055,93.2941665649414,20383244
2023-02-20,93.53597572052149,93.5843426738077,91.11777565143086,91.79487609863281,17505922
2023-02-21,92.81052829108364,93.0523483307996,91.5047015525698,92.42362213134766,11933886
2023-02-22,92.56869462210881,93.00397505736665,91.69814851111487,91.8916015625,14589841
2023-02-23,91.98833170849862,92.56869826525586,90.5857785813552,92.27851867675781,16196352
2023-02-24,92.5203505797686,92.76217062447277,91.89161698758534,92.23016357421875,8061923
2023-02-27,92.23015172212756,92.56869826525586,90.10213855409731,92.27851867675781,13928820
2023-02-28,92.03670673558122,93.00398687493623,91.31124663106498,91.50469970703125,10965145
2023-03-01,92.08506055720176,93.92289418302065,91.69815442945996,93.8745346069336,14285091
2023-03-02,94.01962026171647,94.3581741915005,93.05234018750227,93.53598022460938,10048980
2023-03-03,94.06797669249782,94.503249725289,92.47196327266273,92.71378326416016,7938348
2023-03-06,93.1974400268794,94.06799362896098,92.76216691571953,93.2941665649414,8289319
2023-03-08,93.10071330870493,93.24580680539812,91.40797306672846,92.95561981201172,14292676
2023-03-09,93.00398958320866,93.7294497088503,92.13343595648632,92.32688903808594,7884249
2023-03-10,91.21450955800324,92.37524263926237,90.48904953727606,91.79487609863281,9620249
2023-03-13,90.97270410211355,91.79489078116035,88.89305023410425,89.32832336425781,11482697
2023-03-14,89.8119670246424,89.90869357076919,88.21595318438209,89.71524047851562,14285446
2023-03-15,90.44069060192876,91.16615068697097,89.18322350261762,89.57013702392578,8318506
2023-03-16,89.6668631776272,89.6668631776272,86.71666327220397,88.8930435180664,12278142
2023-03-17,90.05377663854986,91.60142333642358,89.86032356872623,90.34396362304688,13158718
2023-03-20,89.95703864541481,90.2955851643648,88.74793866362161,89.61849212646484,6579446
2023-03-21,89.95705306395588,90.39232617526385,89.3283194966963,90.05377960205078,5886671
2023-03-22,90.4406786381321,90.8759516796734,89.47339865269754,89.61849212646484,6096408
2023-03-23,89.27995489086013,89.7152279776612,87.87739433828513,89.08649444580078,9969670
2023-03-24,91.47187441058041,92.00737001153868,88.79441126209647,89.13518524169922,16650432
2023-03-27,90.64429984310621,91.27715627893764,88.94045959256604,89.32991027832031,15959308
2023-03-28,89.32990210549315,90.0601192889168,87.62606201083796,87.91815185546875,14999850
2023-03-29,87.82078829901141,89.62199672324175,87.52870586697811,89.13518524169922,36103221
2023-03-31,91.7639623976836,95.85317578791047,91.7639623976836,94.97692108154297,64455094
2023-04-03,96.33999941391127,96.38868353847532,93.27309269839247,94.05198669433594,24154016
2023-04-05,92.54285704350198,95.8531688689503,92.54285704350198,95.658447265625,24875169
2023-04-06,95.0255958244959,96.38866940268987,94.97691913522496,96.145263671875,11440418
2023-04-10,96.29131536281189,97.89779478471516,96.14527042842906,97.26493835449219,10870304
2023-04-11,97.75174007205642,98.28722820702241,96.19394492682768,97.36228942871094,8458648
2023-04-12,97.50834837602446,98.43328728739755,96.87549191806454,98.14120483398438,8938731
2023-04-13,98.14119510005527,99.11481803784092,97.84910524745816,98.23855590820312,9153834
2023-04-17,98.33592163423134,98.8227331274701,97.3622986477538,98.72537231445312,8323162
2023-04-18,98.72536315006741,101.11073627424862,98.53063411395568,100.2344741821289,19758227
2023-04-19,100.28316760718641,100.38052842020339,98.57932738085071,98.72537231445312,11271768
2023-04-20,98.82273355609534,100.57525791061771,98.67668862185948,100.13712310791016,13241812
2023-04-21,99.99107170611099,100.76997301955248,99.5042602422484,100.08843994140625,5625649
2023-04-24,100.0884376638709,100.47788088357635,98.82272491536843,99.11481475830078,5994078
2023-04-25,99.11481284396162,99.30953445005342,98.09250584159687,98.4819564819336,5696053
2023-04-26,98.14119487856422,99.21217862208067,97.75174421869819,98.9687728881836,4576455
2023-04-27,98.53064210779014,99.4069042710014,98.48196541592795,98.7740478515625,5362153
2023-04-28,99.26085938811353,100.72129385146873,98.57932627647595,100.57525634765625,11812226
2023-05-02,101.25679166047952,102.32777547125764,100.76998016211184,101.54888153076172,13598952
2023-05-03,101.4028322744097,103.73952885262871,100.91602079678714,103.5447998046875,16034319
2023-05-04,104.12896880616775,105.3946815793053,103.69084146139505,104.42105865478516,15414305
2023-05-05,104.22633380892859,105.10258847130001,103.00930519102027,103.4961166381836,9315810
2023-05-08,103.49613402221404,104.66447872038917,103.20404413359304,104.46975708007812,6721354
2023-05-09,104.37236844879361,105.29731463002356,103.78819621378956,104.71314239501953,10063354
2023-05-10,105.05391387857732,105.73544694693658,104.42105749901323,105.19995880126953,10360986
2023-05-11,105.39468419820999,106.12490140974494,104.66446698667505,105.7354507446289,9435021
2023-05-12,105.78414672256376,105.78414672256376,103.78821648268061,104.46975708007812,6855025
2023-05-15,104.27502074166904,105.73545522664523,104.08029911493378,104.81051635742188,7833289
2023-05-16,104.85919164183002,106.22226529513328,104.56710920564964,105.58940887451172,9051577
2023-05-17,105.93017942911362,106.85511825596762,105.10259398301379,105.39468383789062,9456088
2023-05-18,105.63808365043445,106.36830081852501,104.4210550369502,104.95655059814453,7220608
2023-05-19,104.95655943049232,105.00523612223606,102.911945245257,104.17765808105469,9255095
2023-05-22,105.68676645491264,108.36422937135706,104.76182026324909,107.5366439819336,27946526
2023-05-23,108.02346244746542,108.1208306841917,104.90787200421646,105.05391693115234,15214733
2023-05-24,105.0539212412321,106.41699490163434,104.46974893767509,105.93018341064453,10722681
2023-05-25,105.15127314478843,107.82873611838258,105.15127314478843,106.70906829833984,11158044
2023-05-26,106.66039934140639,108.07214967673283,106.22226454798682,107.78005981445312,7958341
2023-05-29,108.07214943016739,108.85105077570037,107.29324808463441,108.5102767944336,10330215
2023-05-30,108.51027337398087,109.62994123733277,108.07214602352528,108.3155517578125,7803617
2023-05-31,107.63402296143141,109.48390067319441,107.29324897732936,109.19181823730469,15741522
2023-06-01,109.24048709670652,110.45751572937105,109.04576548674152,109.92202758789062,9185292
2023-06-02,110.40883846560797,110.50619927008313,109.04576491849612,110.31147766113281,9939324
2023-06-05,110.3601517144567,115.52035593812607,110.3601517144567,112.5994873046875,35214281
2023-06-06,113.18367855723338,115.3743304002766,112.84291197839084,114.93620300292969,18999553
2023-06-07,115.61773616061474,115.86114192095287,114.40070735892405,114.93620300292969,11262532
2023-06-08,115.3743100931143,115.56903169584993,113.32970355177832,114.44937133789062,11188999
2023-06-09,114.88750937825981,118.24650562187118,113.62179655791581,117.17552185058594,19873573
2023-06-12,117.75969713139257,120.6318893956667,115.61772953443717,115.95849609375,24331332
2023-06-13,116.73739643539642,119.2201305700129,115.76377345833414,118.87936401367188,16552079
2023-06-14,119.1227613625618,119.90166266057876,117.9057327270061,118.19782257080078,8660080
2023-06-15,118.19781875928095,119.5122081576654,116.8834293608965,118.73330688476562,13948239
2023-06-16,119.07409001851141,123.89352066036433,118.44123361398688,121.89759063720703,32649860
2023-06-19,123.01725815437062,123.01725815437062,121.16737306513086,121.55682373046875,10053869
2023-06-20,121.70287779051274,123.40671807957992,120.63189395158706,121.84892272949219,15471361
2023-06-21,122.82254096867842,122.96858590197037,118.53859835165319,119.56090545654297,14141162
2023-06-22,120.29111671024081,123.9908794100312,119.560899508264,120.1937484741211,25032998
2023-06-23,120.48584005383091,120.63188498195113,116.34794251662865,116.88343811035156,12413343
2023-06-26,117.8083719217923,119.31749040114269,116.83474901334773,118.19782257080078,17369553
2023-06-27,118.87935646603158,119.3661679236551,114.79014319325539,115.2769546508789,19093714
2023-06-28,116.00716915173219,119.17144355303164,114.98486214312801,117.5649642944336,61890385
2023-06-30,118.19783171616166,123.35802907328757,117.56497529107581,122.43309020996094,27973500
2023-07-03,122.67649147727272,122.67649147727272,119.46353277684462,120.48583984375,15492508
2023-07-04,120.72924257773387,120.9239641912753,118.34386938516099,118.83068084716797,7595425
2023-07-05,119.31749845754251,120.48584305530211,117.85706399626612,118.5385971069336,15615891
2023-07-06,119.07409079708339,121.8002306240203,118.68464012804849,121.50814819335938,16906327
2023-07-07,121.07001364461756,122.57913220455524,120.38848054357366,120.7779312133789,22837962
2023-07-10,120.92396743264243,121.36210221708497,119.26881138871356,119.75562286376953,9068813
2023-07-11,120.19373612249261,125.25657189799149,120.14505943758849,124.03955078125,46215137
2023-07-12,124.91583066253862,125.1105522862752,123.2119904563053,124.28297424316406,18031857
2023-07-13,124.38031814392819,125.40262509993393,121.70285532673991,122.18966674804688,12374030
2023-07-14,122.67649753492255,124.13693202938592,120.82661235630484,123.7961654663086,9577719
2023-07-17,124.42902189954017,124.8671492766176,123.0659482190769,123.7961654663086,9411535
2023-07-18,124.331646951055,124.91582665985342,121.94627371002453,123.74747467041016,8994063
2023-07-19,124.38033530797773,124.38033530797773,123.35802821089722,123.5527572631836,8975718
2023-07-20,123.6501214163644,123.89352716718402,122.23837103287224,122.67649841308594,10187180
2023-07-21,123.01725602509472,123.30934587608083,121.45946081886028,121.65418243408203,9926528
2023-07-24,122.04364197532414,124.38033866882324,121.70287540980748,122.67649841308594,13121674
2023-07-25,123.21199525623553,123.84484427210998,122.04364318383956,123.69880676269531,7151050
2023-07-26,123.69880553778994,123.99088798188106,122.33573184756928,122.67649841308594,12681896
2023-07-27,122.87122463639038,125.40265048208256,122.67650299971605,123.8935317993164,11597763
2023-07-28,125.84076343482802,128.22613663699278,124.62373477491673,126.7170181274414,37245053
2023-07-31,126.86308206537755,127.54461520590318,125.45133166222273,127.25252532958984,16197160
2023-08-01,127.5446127466628,129.7352644923116,126.61967386976157,127.00911712646484,17079508
2023-08-02,127.00910795319788,127.25251368513437,120.43715319091271,122.04363250732422,20816954
2023-08-03,122.23836080914054,123.16329961363375,120.24243084809304,121.36209869384766,12415922
2023-08-04,122.96857810468458,124.67241821935988,122.18967679528593,124.23428344726562,10589274
2023-08-07,125.061864855817,125.79208206773066,123.26066388539405,125.15923309326172,8339894
2023-08-08,125.30527320869841,126.57098604036355,124.23428942783377,125.74340057373047,12505272
2023-08-09,126.37627269197256,128.90768366473483,125.5973712940809,128.2261505126953,13111006
2023-08-10,128.1287834776221,129.63788713345352,125.69472615362706,125.98680114746094,11116731
2023-08-11,126.76570144225516,129.73525432489308,126.13285248563207,128.56690979003906,10967883
2023-08-14,128.46955065829573,128.46955065829573,126.03549318141891,127.05780029296875,8529502
2023-08-16,127.30120482837815,128.4208653145559,126.03549198119391,127.83670043945312,7062446
2023-08-17,128.57025514769546,128.71697797626723,125.44036215675578,125.88050079345703,7162118
2023-08-18,125.44036407182251,126.76079492659197,123.97322531074856,124.36446380615234,8997702
2023-08-21,124.41336439904437,126.85859567624456,124.36446425085256,126.41845703125,5063202
2023-08-22,126.85860618280292,130.7709765503497,126.5162827303477,130.37974548339844,20596242
2023-08-23,131.01547762351044,132.43370865788654,129.89067730216186,130.47752380371094,19426832
2023-08-24,132.09139652793567,132.53153517275925,130.67316537261203,131.45562744140625,17543374
2023-08-25,134.2431856178014,134.92784733186167,130.13520040893383,130.47752380371094,33919926
2023-08-28,133.11840995921352,133.41182580209602,131.65127104676594,131.94468688964844,13346571
2023-08-29,132.33592537159163,132.87387926050414,131.16221729319662,131.60235595703125,11118400
2023-08-30,132.53154089723947,132.53154089723947,131.3089252063055,131.60235595703125,12555619
2023-08-31,131.60235226569358,132.09139852834983,129.3038288614063,130.28192138671875,14954352
2023-09-01,131.11327854588967,135.36797118529594,130.9665557431143,134.8300323486328,23415545
2023-09-04,136.44390139706667,139.23147094379874,136.15047066722536,137.4709014892578,28262276
2023-09-05,138.2044958518821,138.79134249321447,136.15049529594478,136.63954162597656,11695197
2023-09-06,137.42200326160747,137.66652639908364,134.7322487493696,135.27020263671875,10151022
2023-09-07,135.4169011940536,137.91104000890323,134.58553153877497,136.78623962402344,18438943
2023-09-08,137.47092035116032,141.13876766616187,137.12858196528992,140.16067504882812,16579557
2023-09-11,141.18766009596624,143.9263071903282,139.91613684529398,141.5299835205078,19902175
2023-09-12,141.43220054888968,141.77452401536456,130.67318159750693,131.21112060546875,48752780
2023-09-13,132.04251658922894,133.94979439950458,130.3797619578222,132.8739013671875,19282289
2023-09-14,134.97676280558707,135.6614245595546,132.53153159534094,133.8030548095703,13197189
2023-09-15,134.4877426493284,135.17240453609574,132.1403262019804,132.7271728515625,9651337
2023-09-18,141.8234062853998,141.8234062853998,135.95485154255567,136.8351287841797,51859825
2023-09-20,136.93297211575992,137.03078735136071,133.2651246483735,133.90087890625,19080613
2023-09-21,133.9986952466136,134.9767879126473,131.65127881793666,132.2870330810547,9531884
2023-09-22,131.21111885359318,133.9008735555264,131.11331854641006,133.0695037841797,12604969
2023-09-25,133.31402163368793,133.85197553756856,130.6731746526929,133.60745239257812,14984591
2023-09-26,133.60744472125378,135.2701990268169,132.92276801498588,134.63442993164062,12315581
2023-09-27,134.38991451694085,134.53663735864012,132.72716011590754,133.60745239257812,8713378
2023-09-28,133.90087785358656,134.9767857386988,131.65127669754912,132.09141540527344,22012674
2023-09-29,133.0205867870364,135.61252607448063,132.77606364956023,135.27020263671875,8504659
2023-10-03,134.87897397354783,137.51983613684712,134.1943120856409,136.15049743652344,19010910
2023-10-04,134.97675147483307,136.10155176732107,133.55852047684644,135.80813598632812,14912053
2023-10-05,136.44392930244328,138.25340673611478,135.07460551580695,135.90597534179688,15996620
2023-10-06,135.95486450195312,137.42200332751378,135.61252613951916,135.95486450195312,4987359
2023-10-09,133.216200668845,134.585539176525,132.0914002201326,132.77606201171875,10489249
2023-10-10,134.3899094913792,137.9110486173705,133.50963217213527,136.88404846191406,15593722
2023-10-11,136.88405473751882,137.42200864594557,134.48773088126347,134.7322540283203,10778916
2023-10-12,134.9278554186119,135.66142478289342,134.19428605433038,135.17237854003906,7567439
2023-10-13,133.31401184132707,135.17238163694756,133.31401184132707,134.43881225585938,8303230
2023-10-16,133.99867679417937,134.87895410258625,133.55853813997592,134.38990783691406,7785480
2023-10-17,134.48772457704632,135.85704816657312,134.48772457704632,135.5147247314453,6076896
2023-10-18,135.71033112963246,135.9059466400531,133.41180783979632,134.04757690429688,6806231
2023-10-19,133.02057998545848,134.19428800042874,132.09139509546148,133.99867248535156,7775836
2023-10-20,133.70524100166313,133.90085651564476,130.57534800443574,131.260009765625,8982112
2023-10-23,131.357846675335,132.92278597010576,128.52136901845313,129.7928924560547,19333777
2023-10-25,129.5972525689021,131.7001454143684,126.41845203419318,128.3257293701172,10225867
2023-10-26,127.1520297563544,127.34764527877033,124.21775214659237,126.02722930908203,18167694
2023-10-27,126.41843311392763,129.93957145672857,126.41843311392763,129.30380249023438,8761931
2023-10-30,130.57535737310602,131.01549604227105,127.93451043360774,129.05931091308594,9052085
2023-10-31,129.59727160255187,130.7220721409969,127.88560952478232,130.33084106445312,8098744
2023-11-01,130.81986621245258,131.60234316348445,129.15711201932646,129.4994354248047,10431945
2023-11-02,130.77097345077206,132.0424967749884,130.3797423930939,131.7979736328125,4885035
2023-11-03,132.18921782865485,133.9986952304021,131.79798673209257,132.97169494628906,9154983
2023-11-06,133.9497681498802,134.97676828477458,133.02058323716915,134.63442993164062,7070089
2023-11-07,134.5366038562159,135.9059271573689,133.70521940047718,135.02565002441406,8587321
2023-11-08,134.7322339705001,138.0577423055956,134.68332636346798,137.3241729736328,9755483
2023-11-09,136.884041431615,136.884041431615,134.5855330274138,134.9278564453125,5481774
2023-11-10,134.48772354592703,136.05267757153726,134.0475848901328,135.75924682617188,5781314
2023-11-13,136.10157520365937,141.04094566916459,136.00377490132263,140.2584686279297,20245049
2023-11-15,141.33436886161758,142.21464615808074,139.37818382547061,139.9161376953125,11440473
2023-11-16,140.11176741497505,141.1876752637069,139.08476718200538,139.47601318359375,11453235
2023-11-17,139.72053675318207,143.29056884679696,138.69353651715988,142.8993377685547,13496261
2023-11-20,143.19273226830737,143.5350706041165,140.01393172681927,140.6986083984375,7741502
2023-11-21,140.99202833379073,141.38327428968432,139.1336585479444,139.72052001953125,9972235
2023-11-22,140.11173980630107,140.30735530629522,137.0796473206206,138.74241638183594,7445272
2023-11-23,138.74242667721057,139.4270884402484,136.0526723103063,136.2971954345703,13138745
2023-11-24,136.88403787168693,139.03583831575662,134.34100641033427,137.27528381347656,19614754
2023-11-28,138.5468217733737,138.69354462967846,137.32420592671664,138.20449829101562,8595693
2023-11-29,138.93805673284993,139.52490333779815,137.4220102188435,137.9110565185547,14680789
2023-11-30,137.91105704821172,143.1438584450218,137.666533897417,142.70370483398438,27591484
2023-12-01,144.70877278002254,147.00729597218103,143.53506484286964,144.2197265625,34466616
2023-12-04,148.67006503891017,154.04957397123914,148.27883399545294,150.1861114501953,51416976
2023-12-05,150.33282888974492,151.7021674776609,146.66498165793018,148.67007446289062,29109123
2023-12-06,149.2569396361365,153.70724911318607,148.52337017185243,152.72915649414062,26688698
2023-12-07,158.25538952279643,158.25538952279643,154.78315772324984,156.837158203125,51346222
2023-12-08,157.81523278028828,158.79332529228387,153.85395512180477,155.27218627929688,22869782
2023-12-11,156.29919128356315,159.6736075704412,155.66342217620434,157.71742248535156,22941648
2023-12-12,158.89111401347486,159.2334523375367,156.49479051856065,157.2772674560547,16306341
2023-12-13,156.69040990470376,160.30934904022402,155.90793294781938,159.28236389160156,16804086
2023-12-14,159.5269034467439,160.74951915395525,159.03785716385934,160.4071807861328,13887946
2023-12-15,162.3633721914193,166.4713581414812,161.62980273874723,165.3465576171875,39766631
2023-12-18,167.9873800888438,170.53042645591566,165.73776444481967,168.91656494140625,35901409
2023-12-19,169.11220354778342,170.57934243891344,167.35164881803425,169.25892639160156,14732129
2023-12-20,169.94358501804962,172.43772407084208,162.51007547335607,163.5859832763672,24511237
2023-12-21,161.3852817104294,168.08522210275686,160.45609670972567,166.9114990234375,22646625
2023-12-22,168.18301131200738,171.4107197181349,165.68887231979485,170.9705810546875,19640046
2023-12-26,174.1004658144835,180.45806709422587,174.1004658144835,177.96392822265625,52736391
2023-12-27,179.96902821411112,180.84930553448572,175.1763807151689,176.2522735595703,26206240
2023-12-28,177.52378650656993,180.21354084757857,176.83912475012366,178.69749450683594,20453485
2023-12-29,178.94202666271073,181.1427348710033,177.13256442393032,180.16464233398438,19305150
2024-01-01,180.75150070994346,182.9033012693877,180.40916235808547,180.89820861816406,18008785
2024-01-02,181.92520805650685,182.12082357489194,175.81212982880166,178.1595458984375,22790965
2024-01-03,178.3551788330078,180.65368732403144,176.64351690533792,178.3551788330078,18738690
2024-01-04,178.50189485755115,183.53906564674176,178.50189485755115,182.8054962158203,25403124
2024-01-05,183.5879588683715,184.5171437564621,180.01792722088905,181.8762969970703,22023938
2024-01-08,182.65877471761684,183.3923440939928,179.18654335120246,179.57778930664062,11472441
2024-01-09,180.84930524025484,182.60987480264748,180.16464344502097,180.6047821044922,11550790
2024-01-10,180.36025833609222,181.925212369287,178.06174982269027,181.5339813232422,8701594
2024-01-11,182.90329470642953,183.53904885191648,179.77340173913532,180.3113555908203,10942508
2024-01-12,181.2894576312898,181.43616554197888,179.0887494239073,179.47998046875,8853157
2024-01-15,180.84930387025182,185.73976654845774,180.066841781345,184.51715087890625,24570393
2024-01-16,184.76168816418055,186.08211915823438,181.04494818367573,182.70770263671875,16471601
2024-01-17,182.21865488872032,184.3704556300043,179.7734233816911,181.5828857421875,16350370
2024-01-18,181.58287217271098,184.85948811707593,176.05665534959613,184.07701110839844,24831623
2024-01-19,185.8375869973647,189.45652649609596,185.8375869973647,187.64706420898438,22303305
2024-01-23,190.97256184784175,191.21708497440747,180.36025218508578,183.00111389160156,26628471
2024-01-24,182.70768028840206,186.0331887877208,179.96901832893,185.10400390625,14742783
2024-01-25,186.5711591266503,187.793774848319,184.1748352970812,185.54415893554688,12592882
2024-01-29,185.83758765011603,189.45652716155877,183.44126384689775,186.71786499023438,28919512
2024-01-30,187.79377002868392,188.13610839176854,182.90330726752026,183.78358459472656,20894159
2024-01-31,184.07702379521788,184.95731608734127,180.80042254953304,181.82740783691406,23757415
2024-02-01,183.5879570563722,184.2726188132337,177.57269422354403,179.3821563720703,27835431
2024-02-02,180.94712399939627,183.63687854533325,179.82232352271677,180.55589294433594,27710061
2024-02-05,182.90332534015417,182.90332534015417,174.88296860425785,177.57272338867188,23880364
2024-02-06,178.4040836188693,179.52889905946796,176.7413291898415,179.08876037597656,12134363
2024-02-07,180.11572979314622,180.11572979314622,175.71431349701115,177.7194061279297,14192151
2024-02-08,178.2084489143678,183.0011110760227,177.7683102782227,180.75149536132812,29094709
2024-02-09,182.12605001842203,182.32240934025,173.28974570485977,177.3642578125,21081134
2024-02-12,177.9533353407546,179.76969261811382,170.49156190775764,171.47337341308594,19640568
2024-02-13,171.57156685034238,173.6824556717358,168.62613222630216,173.38792419433594,13961795
2024-02-14,174.0260807230246,178.83695086898746,172.1115513784579,178.29696655273438,23449380
2024-02-15,179.67151474112288,182.91149587204995,179.27879611124007,182.56785583496094,17335763
2024-02-16,185.56237185919548,186.9369019545396,183.45148314536252,184.87510681152344,29843059
2024-02-19,186.49509588070214,188.99871826171875,184.87511285953224,185.31692504882812,25343215
2024-02-20,185.66057707220997,187.96782531263312,182.86240805708908,187.182373046875,17809897
2024-02-21,187.82053809215358,189.04780243543576,183.5987457550121,185.267822265625,17870782
2024-02-22,186.29873657226562,192.43505859375,185.26783147640526,191.20779418945312,31992371
2024-02-23,192.72959926415777,203.23497925347286,192.3859592487636,201.56590270996094,76179371
2024-02-26,201.9095184390423,203.13678274995613,199.111364798911,200.5349884033203,27013630
2024-02-27,199.8477266019646,205.19859608741922,199.40591443917552,201.614990234375,28877205
2024-02-28,202.44952996533135,205.19860518414498,197.78592530205532,201.90953063964844,38996363
2024-02-29,201.7131929469792,202.15500517669267,196.1168697476772,201.36956787109375,24059731
2024-03-01,202.20408342385755,204.26589364788293,201.0750061467159,201.86045837402344,12949604
2024-03-04,204.16769130178156,209.07674863041905,202.59680194537,205.78768920898438,34272251
2024-03-05,207.16224672220216,209.86222861076166,206.03316937948875,206.9167938232422,24964592
2024-03-06,207.9476897471194,209.56767281570757,201.86046111987952,206.6222381591797,26236957
2024-03-07,207.60403458433197,212.8567319982388,207.30948814389015,211.28582763671875,41484038
2024-03-11,212.51311063158104,212.51311063158104,208.04586500651664,208.68405151367188,22800967
2024-03-12,207.162215682255,207.5058556818124,197.83500691930988,200.5349884033203,34719550
2024-03-13,200.387747804815,201.86046516257332,184.7769348238236,186.8387451171875,41620003
2024-03-14,185.5623779296875,193.56413585320115,182.86239624023438,191.69869995117188,34622781
2024-03-15,193.17143642850135,193.17143642850135,175.84246731064536,185.41513061523438,88781999
2024-03-18,186.54418628868794,188.50780930225307,183.6478453399303,186.4459991455078,22999225
2024-03-19,186.5441862118812,188.94962140625717,181.19331649837028,182.02784729003906,27819341
2024-03-20,183.50055855421215,184.53146359847824,179.1805940597928,184.04055786132812,16235947
2024-03-21,186.54419250583803,193.9077790521211,186.54419250583803,193.2696075439453,43152810
2024-03-22,193.6144467124456,196.0284660690924,189.9195145232768,194.59976196289062,31321524
2024-03-26,194.10711211108645,197.55571562575042,193.07252804974362,196.47186279296875,25723863
2024-03-27,197.06305984436722,200.9550522693498,195.09242924592357,196.52113342285156,37817130
2024-03-28,197.55573077710628,199.47709273283252,196.0777577288985,198.54104614257812,17425093
2024-04-01,201.98964664809014,209.62584060673746,200.75800246121153,208.0000762939453,45840349
2024-04-02,210.61114841996275,219.38044870285975,209.4780418224679,217.7546844482422,93873385
2024-04-03,218.44438975662914,222.13932197522814,215.63625029132453,218.24732971191406,47658754
2024-04-04,220.21797799783772,220.61209811906934,215.04507247439858,217.06497192382812,18279026
2024-04-05,217.11424021774442,222.68126585010964,215.53772966686495,221.2032928466797,25365958
2024-04-08,222.23787306840822,222.38566435227835,218.83853822692785,220.26724243164062,16422350
2024-04-09,221.49888533990728,225.5386691018393,217.95174419969126,224.7996826171875,29048035
2024-04-10,225.63719795935793,229.43066778173213,223.1739097720287,225.390869140625,37218693
2024-04-12,227.90344569035776,231.94322964402684,227.16445917063203,230.07113647460938,57174716
2024-04-15,226.62253647351775,234.50505948129228,222.6812749696305,231.00718688964844,51676313
2024-04-16,229.08581926756634,233.47046957563617,226.6225308883452,230.02186584472656,32508661
2024-04-18,232.14028014795818,233.91383557961245,225.83425349360445,227.755615234375,18623078
2024-04-19,225.19380645399096,231.0564292641987,222.38565193945155,229.87405395507812,27227241
2024-04-22,232.53440215927887,232.68219343489977,228.88873869169137,229.87405395507812,17549094
2024-04-23,230.8101080863962,232.63294739787085,228.34681984641333,230.9086456298828,19202860
2024-04-24,231.7954249634047,235.63814863010091,230.6623183791713,233.02706909179688,33392337
2024-04-25,232.92854095768598,236.52495097871298,231.99249438923638,234.11093139648438,16197834
2024-04-26,234.9976969413519,238.10143409461455,234.4065017527694,235.4410858154297,20473627
2024-04-29,236.62346985084312,236.6727386241547,231.4013106436272,231.94322204589844,19876408
2024-04-30,232.83001621273212,233.81533154580782,229.7755326663099,230.3174591064453,14514418
2024-05-02,231.253511376553,233.9138598346089,227.36151872173795,231.3027801513672,19171145
2024-05-03,233.61826896537912,234.5050467416913,227.7556307690619,230.66232299804688,15782582
2024-05-06,231.64763300077115,232.3866194756336,226.62251895781912,228.4453582763672,32422021
2024-05-07,229.08581364710165,232.33735723484295,222.13933758118125,224.06069946289062,26418769
2024-05-08,223.86363918684842,229.23360470964133,221.30182835863096,228.19903564453125,18952985
2024-05-09,231.05643090847875,234.70209440201012,221.99153342775494,222.87831115722656,35229412
2024-05-10,224.55336171028725,225.14455693275102,219.87311380905936,223.76512145996094,18478580
2024-05-13,225.04601033891782,225.34160793826888,217.7546830734236,221.44961547851562,32874369
2024-05-14,222.43494164628032,228.49462507259034,222.43494164628032,227.55857849121094,23191411
2024-05-15,228.39608003364947,231.05642822589533,226.1791207009916,229.4306640625,33045920
2024-05-16,231.30275708815347,236.47566219875114,224.15922145923287,234.406494140625,55556781
2024-05-17,237.460984991118,245.98395623936008,234.35724784018362,244.5552520751953,82231249
2024-05-21,278.84422220359517,278.84422220359517,267.06969266581035,270.1241760253906,127035921
2024-05-22,272.9323378175305,280.3222025598824,260.4188214927066,279.4354248046875,85801218
2024-05-23,282.09578289325304,288.9929905930337,279.0413292531873,284.26348876953125,70631009
2024-05-24,283.770810944022,295.49605718789104,281.8001803124663,292.8357238769531,63609206
2024-05-27,297.3188882087628,298.74760740440047,285.3965672078796,290.1260986328125,49890427
2024-05-28,291.35776265324847,291.4070163932488,280.86413006147427,284.85467529296875,33893805
2024-05-29,281.2089849045867,289.63344889002246,280.81486479244967,287.85986328125,31645904
2024-05-30,288.6974247951416,291.9489537292218,285.3966120472475,286.3819274902344,42769599
2024-05-31,289.8797935633783,292.8357396701316,282.0957780933771,291.6040954589844,51397345
2024-06-03,318.25683054090865,318.25683054090865,304.75799938492867,313.970703125,67256146
2024-06-04,307.41837951124705,307.41837951124705,226.6717921305411,251.79733276367188,268052657
2024-06-05,260.6159081267951,260.6159081267951,226.6225288059088,256.52685546875,193487058
2024-06-06,263.0792196867546,277.3662934150615,263.0792196867546,269.6315612792969,95502477
2024-06-07,269.97640749930656,280.37147247561035,264.7542481411464,279.04132080078125,60109827
2024-06-10,284.6575762853141,287.7120596447448,276.9721291855918,279.23834228515625,42363741
2024-06-11,282.7854630343855,286.2340662421219,281.159698964625,281.9972229003906,32269277
2024-06-12,283.6723047414099,288.69741942098756,281.8494651919286,286.234130859375,33990756
2024-06-13,289.58414698537024,298.5505218059713,282.8347314851106,296.4813537597656,49511492
2024-06-14,300.5211630430165,305.9403971306774,297.0725595326868,305.0536193847656,67366844
2024-06-18,308.4036937153255,316.2862162384009,307.66470722878717,313.57659912109375,64859245
2024-06-19,315.2023748604997,315.2023748604997,299.63440433805516,304.7580261230469,58698689
2024-06-20,305.2506864666679,308.74857403594643,297.81156752726105,307.3198547363281,39505506
2024-06-21,308.10811768433985,309.38901559373625,299.63439977839454,300.471923828125,37620968
2024-06-24,300.3240932234359,307.3198379095136,293.08204978030955,305.201416015625,39139609
2024-06-25,306.33452096367034,310.32506597303615,304.65950299419745,305.15216064453125,29124110
2024-06-26,305.4477620327124,306.92573507480614,301.3587092968073,302.3440246582031,24238007
2024-06-27,301.6050138833133,303.6248981839685,296.7769750146125,300.02850341796875,39996580
2024-06-28,301.5064965330773,305.25068282826186,298.3042216515986,301.407958984375,24256902
2024-07-01,306.38382189924243,307.9110486728846,301.35870757101327,303.13226318359375,39495237
2024-07-02,304.46245006996315,304.46245006996315,298.55055783559493,301.60504150390625,23974162
2024-07-03,302.49178829708615,310.81771436756526,301.26014420792865,309.88165283203125,44919849
2024-07-04,312.73910359599955,313.8229565556055,308.45297556949976,312.6898498535156,35591681
2024-07-05,312.9854004194312,322.00102944053475,309.8816632245512,319.2914123535156,63125211
2024-07-08,323.6268400247433,330.8688838205481,320.81868525216674,329.6865234375,70983243
2024-07-09,333.036565857173,334.3667475039217,323.8731457474572,329.883544921875,52225572
2024-07-10,335.007223757877,335.4998814398739,319.38996922468823,328.9475402832031,46779965
2024-07-11,330.57330322265625,333.23366672197017,328.11001482308353,330.57330322265625,31919433
2024-07-12,331.952743522737,332.54393876108895,323.2819802583716,328.20855712890625,24517961
2024-07-15,331.06593408516096,331.11518782138734,326.1393576850842,326.5334777832031,22021426
2024-07-16,328.3563407088593,329.48944734858065,319.73483138792153,321.360595703125,26585927
2024-07-18,321.7054635567253,321.9025386555921,307.71397348145996,308.94561767578125,48043715
2024-07-19,305.3492040660203,312.24641113462104,300.52116513188713,301.80206298828125,43313606
2024-07-22,301.5064843260032,310.0787395355957,292.9342291164107,307.7139587402344,39386992
2024-07-23,312.34492454581,312.34492454581,276.9721141836887,297.0232849121094,76513131
2024-07-24,298.0578966036814,301.9991580463747,294.90487542175134,295.6931457519531,24099148
2024-07-25,293.5746816442534,298.94463154825434,289.09147935438017,297.0232849121094,27820556
2024-07-26,299.3387831610633,305.9404078542932,297.56522760707423,305.3492126464844,24512844
2024-07-29,308.2066092656599,320.8186629612729,306.28526250066494,316.6310729980469,51391698
2024-07-30,320.42457832272794,321.75473004976607,312.936175310557,313.4288330078125,41111245
2024-07-31,315.2023751490846,315.8921079233872,310.81773987353836,311.4089050292969,25709971
2024-08-01,313.03470530183455,313.03470530183455,303.5263879189475,306.58087158203125,28141436
2024-08-02,300.81674863443914,304.1668447052244,297.26963761503276,298.50128173828125,26155604
2024-08-05,285.59364234970866,293.0820445552545,280.81485718719716,285.9877624511719,50390560
2024-08-06,287.7120776728405,298.15642623238597,282.14505204682547,283.0318298339844,39171936
2024-08-07,291.1606626909102,296.5798966834652,285.5443536163062,295.7916564941406,22199473
2024-08-08,296.57991747924086,298.25496558580244,292.7864474045723,293.87030029296875,21963656
2024-08-09,298.0578811490847,300.5211694230441,296.2350418124674,297.7622985839844,15551076
2024-08-12,294.6092485274053,299.19095825148656,293.8702621180556,296.9739990234375,15361379
2024-08-13,297.565217400265,298.2056663244909,291.06213047630575,291.8011169433594,14746085
2024-08-14,292.59150257095865,293.48068228361836,287.15758969806905,290.17095947265625,16641055
2024-08-16,292.93732833232747,300.24840570740895,292.44333621035054,299.6556091308594,21353408
2024-08-19,301.13756118461293,301.8785493077551,297.4820378676421,298.5194091796875,12232725
2024-08-20,298.51943153331297,300.841200523193,294.2216940670901,299.5074157714844,14183642
2024-08-21,299.35922108027233,303.0641619352262,298.91461611732353,301.7303771972656,11862616
2024-08-22,302.7183504584314,303.212342554529,299.8532023312423,300.8411865234375,13074829
2024-08-23,301.82915855856504,305.4847119828029,300.44598677538005,302.3231506347656,21891698
2024-08-26,304.99070821931736,305.1882869516962,302.1255301664411,303.0147399902344,15280637
2024-08-27,302.9159455268709,303.75573808207105,296.00005649726603,297.284423828125,16873099
2024-08-28,297.4326141493362,300.84117150257583,295.9012507882478,296.3458557128906,14005947
2024-08-29,295.75310519725997,297.4326604108329,288.59021904739745,292.6409606933594,19185385
2024-08-30,293.2337136884681,298.5194354624331,290.81317036362054,295.70367431640625,28684991
2024-09-02,298.3218581138171,298.3218581138171,291.5047426277529,293.33251953125,11713172
2024-09-03,296.39525928439434,297.72904398135114,293.1843106421467,293.5794982910156,13971488
2024-09-04,293.5795203762291,298.2724456679351,291.7517434429662,295.35791015625,17937646
2024-09-05,295.4072766044543,295.9012687057995,286.51541878023994,287.10821533203125,26342723
2024-09-06,286.86121504706654,286.86121504706654,278.660928195247,280.19232177734375,30062372
2024-09-09,278.6115666557914,281.0815273530945,272.4366649125336,278.1669616699219,29170063
2024-09-10,279.1055490088275,284.88526286803716,278.9079400996172,282.3164978027344,19982334
2024-09-11,283.0080860710727,286.9600228699656,280.9333132214769,284.5888366699219,21650737
2024-09-12,287.4046018623776,288.98538263517446,285.52743788569376,288.19500732421875,16102095
2024-09-13,289.47937371764607,290.46735792828645,286.12023343164566,286.4660339355469,12330463
2024-09-16,287.40460612807243,288.6890037160455,284.9346455560696,286.9106140136719,9184637
2024-09-17,287.0094255631905,287.3552260819982,280.488723461698,280.8839111328125,15946216
2024-09-18,281.476710660429,282.5634993805315,277.0307814743716,279.45135498046875,10450571
2024-09-19,280.5874871892204,281.42727971274485,263.8905617634186,269.42327880859375,44560220
2024-09-20,270.7076724171605,276.0427810988545,269.5714966105502,274.0174255371094,38501362
2024-09-23,276.6355749062141,283.25508108039537,275.30179021131073,282.85986328125,19445968
2024-09-24,282.8598493952745,289.8745428733553,281.13087713698826,288.29376220703125,25346532
2024-09-25,290.46734629738137,291.4553304684609,284.19364078084953,286.3672180175781,19263084
2024-09-26,287.10823438864475,288.39260187703735,285.57684068229827,287.0094299316406,18343882
2024-09-27,288.8371920433617,291.3071525873431,285.72504778812225,289.9239807128906,208588855
2024-09-30,289.92399094446034,291.0601668046109,280.19234002756144,281.67431640625,32695169
2024-10-01,281.67429221766037,283.15626846908526,279.15491449970773,280.5381164550781,13883476
2024-10-03,271.745060117492,282.8598831024067,271.745060117492,275.3512268066406,27321529
2024-10-04,275.3512391597874,278.5127708601341,270.2630958443796,273.8692626953125,17451235
2024-10-07,274.06683373113816,275.5488101537841,261.81583466744286,264.1376037597656,21704629
2024-10-08,263.7917778838648,278.1175485929137,262.3591887526061,276.882568359375,29190708
2024-10-09,278.61152624311853,283.15625929711905,275.1535817684699,279.0067138671875,18984175
2024-10-10,280.5381016684313,286.12020589106567,279.9946923143539,283.45263671875,19155691
2024-10-11,283.7490887781746,285.18164785073753,280.73571872389147,282.4646911621094,9677338
2024-10-14,282.66227748215334,285.7250344438266,281.2296883731965,282.26708984375,11386559
2024-10-15,283.69965674451686,285.9720384930029,282.3164848959386,285.3792419433594,14701531
2024-10-16,284.68763297327314,287.55278104030265,281.3284928205184,282.26708984375,11835439
2024-10-17,282.6128661812072,284.44064296735996,278.31515906489074,281.1308898925781,11695551
2024-10-18,279.5007133089558,284.34182967100867,274.4619880542136,283.69964599609375,10095514
2024-10-21,282.8598652790838,283.99607123332436,277.7223655136418,278.9079284667969,8393942
2024-10-22,278.61156868443675,278.7597602971765,267.3979410068537,268.38592529296875,15240897
2024-10-23,267.7437356038306,271.39928944180224,263.10019750163815,265.4219665527344,13503954
2024-10-24,265.76773924864113,269.86786748568323,265.12555557431375,268.0895080566406,10700271
2024-10-25,267.7436995237196,272.6836201791388,254.3565266078868,269.0774841308594,40406841
2024-10-28,273.37526490819164,274.61024526981,264.1869929272185,266.8051452636719,24479817
2024-10-29,267.9413145934362,281.0814917797273,267.5955141094004,280.24169921875,34271117
2024-10-30,280.0441294809579,291.2083387183738,278.66092750034954,285.08282470703125,40787587
2024-10-31,284.4900852297046,284.98407736925896,280.3405391970931,281.4767150878906,18720310
2024-11-01,283.20567217424525,286.762421415781,282.5634884579271,285.181640625,5265231
2024-11-04,285.52744740188166,285.52744740188166,276.9319723920587,280.7357177734375,15157659
2024-11-05,279.10555628795845,283.7490944175289,273.8198344130356,282.9093017578125,18761867
2024-11-06,284.0454729092174,300.643596309297,283.74908969349286,298.2230529785156,52804364
2024-11-07,297.3832420447783,298.3712262376181,292.54212553004027,296.7410583496094,24357284
2024-11-08,296.74106725474223,300.84119574789435,292.1963338011158,294.17230224609375,22935845
2024-11-11,293.92529001625707,300.14957821507124,290.86253306490244,296.14825439453125,20155408
2024-11-12,296.3952865249875,297.2350792003192,283.84787400174133,286.66363525390625,14292965
2024-11-13,284.53947232931887,285.3792649965794,276.0922188048972,278.1669616699219,20001842
2024-11-14,278.6115290071767,281.03210222379806,272.18963206197583,277.57415771484375,20541591
2024-11-18,279.5995180406584,283.2550715029569,273.9186091052033,274.708984375,12999925
2024-11-19,276.6355671762993,281.7730969127842,273.67161467083895,275.6475830078125,13160982
2024-11-21,275.1041805264613,275.1041805264613,267.0026989691718,272.1402282714844,14858108
2024-11-22,272.68364285013416,280.0935244493226,272.1896507435216,277.4753723144531,13268900
2024-11-25,286.5154198058921,295.4072776619371,284.49006424348045,288.8371887207031,49366681
2024-11-26,290.4673631449476,297.3832527436369,289.6275705206439,294.32049560546875,27347402
2024-11-27,295.2590861488714,304.2497484583863,293.87591428991954,303.6569519042969,39464505
2024-11-28,304.2991056028976,305.7810817665481,300.6929696348579,302.0761413574219,27772319
2024-11-29,302.02678170336964,306.86789824843237,301.3351807036957,304.29913330078125,23241947
2024-12-02,304.10152104773874,305.6823017789324,299.6555922011292,303.21234130859375,15549685
2024-12-03,305.28712689181356,308.9920677521511,304.1015337561512,308.3498840332031,21405136
2024-12-04,312.20299490736403,316.99472411887217,307.46068299444113,309.0908508300781,41441172
2024-12-05,310.22701623671,311.61018798593284,306.8678762312025,310.72100830078125,17911694
2024-12-06,310.72102965092756,312.05481434574284,309.3378578066648,309.98004150390625,8359798
2024-12-09,309.83187047470653,313.2898153903821,309.4860699529616,310.8198547363281,11830104
2024-12-10,313.7343727635362,314.47536091852885,310.22704089025837,311.06683349609375,15811501
2024-12-11,311.1162114632836,312.6969921774539,309.2390475562182,310.3258361816406,9281006
2024-12-12,309.7824025699072,312.20297567584805,308.34984371508835,309.18963623046875,10978047
2024-12-13,309.23905613909943,312.54880925574923,304.44732671507376,311.8572082519531,15557064
2024-12-16,312.00541694130357,313.5368106333321,310.22705733540437,312.400634765625,10543307
2024-12-17,311.7584239619413,314.82118122542283,306.2751233304129,306.867919921875,18053073
2024-12-18,306.47268920344965,306.8678768252951,298.0254068009487,300.1495666503906,16598070
2024-12-19,291.4553245148267,296.8398501975727,291.4553245148267,294.91326904296875,13349532
2024-12-20,294.41927468579274,298.47001570325716,285.8732178769355,287.3551940917969,14964305
2024-12-23,290.4673403861233,291.75170772203506,284.53943548028406,290.8131408691406,10201072
2024-12-24,292.6903017968691,293.77709038224083,287.99737712670833,288.93597412109375,10685518
2024-12-26,289.47937675499327,292.44332941801366,288.98538464448984,291.6529541015625,9172485
2024-12-27,292.29512950803365,292.5915127055583,287.849200639856,288.540771484375,9495184
2024-12-30,288.5407966533403,288.9854016392942,279.45135937607273,281.4767150878906,25876258
2024-12-31,281.0815061390667,290.4673560804415,280.8345100879779,289.6275634765625,15725947
2025-01-01,289.6275421746702,291.06013122597346,286.76239422294657,290.3685302734375,6954271
2025-01-02,290.9119345475521,294.2216572101103,287.84917776271334,293.2336730957031,13361957
2025-01-03,292.9373329216239,293.67832111619805,287.9974116244633,288.4420166015625,8167968
2025-01-06,289.03476472435113,289.03476472435113,277.1789543623055,278.7597351074219,12638091
2025-01-07,278.7597234522281,284.7370456837066,277.6729348509699,283.55145263671875,13247733
2025-01-08,283.55147436896715,283.55147436896715,276.7343892035141,278.7103576660156,10996122
2025-01-09,277.8705139160156,280.6862744872073,276.2403462645511,277.8705139160156,12715512
2025-01-10,276.63557101879616,277.6235552010061,266.7557291966963,267.74371337890625,15317565
2025-01-13,261.815790565719,265.66892258537763,255.19628493257238,256.4806823730469,19429753
2025-01-14,259.83983664558554,267.7437100036262,258.06147720038,266.65692138671875,18938129
2025-01-15,268.7317204724351,268.9293293860785,263.1001980933565,264.631591796875,11376064
2025-01-16,270.1148612081333,274.7089814861429,268.138892903537,272.8318176269531,17234302
2025-01-17,272.140259079144,280.48870745188685,270.7570570828641,278.7597351074219,12741720
2025-01-20,279.797140418062,284.3418436647459,277.3271798923054,282.3658752441406,10483849
2025-01-21,282.365863293169,283.4526519086813,274.9065948814474,275.6475830078125,13020489
2025-01-22,275.64758920168794,275.94397239854015,263.1001779196085,267.1015319824219,21272549
2025-01-23,265.5701217758472,273.622216546721,263.89056684732356,270.65826416015625,11978782
2025-01-24,270.65828878582874,273.37524538738035,265.57014593857826,266.9039306640625,10164897
2025-01-27,263.79179039467544,263.79179039467544,258.6542603191438,259.79046630859375,13710372
2025-01-28,260.3338440768601,262.5074214388049,249.66361139941822,255.1469268798828,29049716
2025-01-29,255.8879272831933,264.7797857602155,255.8879272831933,263.9894104003906,14361301
2025-01-30,265.61956639641005,277.1295766513978,264.6809693170937,275.4006042480469,46735932
2025-01-31,280.48871352980245,290.66496906826546,278.2163618881914,289.1335754394531,50252116
2025-02-01,292.3939412279477,296.00007759162673,266.06413771100216,278.4139404296875,61832253
2025-02-03,274.5113881909679,274.5113881909679,260.1362014467065,270.8558349609375,41786023
2025-02-04,272.6836465255657,282.5634887909847,272.5848420727343,281.0815124511719,29035155
2025-02-05,282.2176917827597,288.29378882119636,281.57550805771757,285.4780578613281,18818511
2025-02-06,285.4780155136662,286.46599960590817,275.64756173550603,276.3885498046875,16834939
2025-02-07,277.37656187110156,278.90792530816606,269.81848883337494,273.72100830078125,26682639
2025-02-10,275.5487716150427,278.8091373793956,268.7316870544986,270.1642761230469,21789085
2025-02-11,270.5100657298253,270.70767463297733,259.5928522256014,261.8652038574219,23839025
2025-02-12,261.7664288102479,262.556804118831,250.94798963756563,256.0361022949219,27997028
2025-02-13,256.03613125284176,262.3098377335199,255.49275193559484,258.40728759765625,18016813
2025-02-14,259.04947706107544,261.3218287287975,245.21768277125375,247.34185791015625,25683310
2025-02-17,245.95865846919816,246.99604487275215,239.68496797469555,245.51406860351562,24947159
2025-02-18,246.00805877390954,246.7490469027466,237.65959553743355,241.6609344482422,21180375
2025-02-19,237.80778308028857,250.94797535615183,237.3631932256515,250.3551788330078,21516255
2025-02-20,248.97202443939122,257.81449530423976,247.24305204745102,257.1228942871094,18922988
2025-02-21,256.3819064489087,259.3458591246186,251.34318087002464,253.02276611328125,16594628
2025-02-24,247.98403853917054,255.34453301831687,247.49004643052677,253.26976013183594,15409569
2025-02-25,253.26974840069292,255.44329548751816,252.2817642291676,253.56613159179688,14770656
2025-02-27,254.0107463380353,255.29511375026078,248.87321638736276,249.41661071777344,11087361
2025-02-28,246.996047896177,247.93462986309402,240.57415065087642,243.29110717773438,17754591
2025-03-03,244.526078691217,255.78909204318117,241.4238090433643,254.29725646972656,24644079
2025-03-04,250.8393153540527,263.2977970875547,249.4660178784524,261.529296875,24998454
2025-03-05,261.8158213409684,272.48603898054785,260.16587440801476,271.61663818359375,28499877
2025-03-06,272.8911268216696,277.6235799180369,268.56375089417895,269.6703186035156,22586087
2025-03-07,272.48603951423325,276.36884046620946,270.7076799544489,273.6617431640625,25542382
2025-03-10,275.25241984151967,280.06389834566653,268.28711274391674,269.0577392578125,20986855
2025-03-11,270.1704239317,276.67754987154603,267.28937671643797,275.3661804199219,20980143
2025-03-12,276.9557148281683,278.5651090015789,272.3262053547748,275.0184631347656,15308721
2025-03-13,281.14809344413095,283.92975856660445,277.5915337291201,278.2372741699219,38015489
2025-03-17,279.1611804142402,281.5256109212779,274.9091892704679,278.0981750488281,13883681
2025-03-18,278.0981750488281,278.0981750488281,278.0981750488281,278.0981750488281,0
2025-03-19,284.1284701643319,291.07271922641786,282.89659419121415,288.102294921875,21095205
2025-03-20,292.88080804052265,295.8313740477965,289.1950941767289,295.10614013671875,27889890
2025-03-21,299.03030717356074,299.03030717356074,290.83429377096314,293.8047180175781,41751586
2025-03-24,294.9571238213965,302.9047729931034,294.41073506799194,300.12310791015625,29935092
2025-03-25,302.01067255746216,302.50740063732644,296.69567603933956,298.066650390625,19364944
2025-03-26,299.0998512030386,303.5008546837003,296.5367173507763,297.5798645019531,23869923
2025-03-27,295.0564777709916,300.023758541547,294.68890384483063,298.6825866699219,14453677
2025-03-28,302.01066069359933,304.5737641451472,297.11292929482534,299.34820556640625,20850848
2025-04-01,300.02376462335457,303.7988859583522,288.1022905323603,290.0892028808594,33171384
2025-04-02,288.0029228459198,288.84736661067814,272.65404399748735,280.552001953125,52653587
2025-04-03,281.14806948454486,286.3637138831097,280.7506931177527,285.6186218261719,20968721
2025-04-04,285.22126940411647,286.11537388392856,276.478837011382,278.167724609375,19699594
2025-04-07,255.31823339452924,272.7037162132229,254.52348059282508,270.3194274902344,24954083
2025-04-08,280.6017020006929,286.1153715120562,274.7899774532791,279.6082458496094,26787606
2025-04-09,279.1611857574465,280.9493947490269,274.7899846419017,278.3167419433594,11389916
2025-04-11,281.14809741639255,285.12192211485745,280.80038169170155,283.135009765625,13883110
2025-04-15,288.00292470443924,292.2251132376026,285.6682967460563,291.778076171875,19512440
2025-04-16,291.57938977318145,293.4172897757019,289.3937740429609,291.6787414550781,12479078
2025-04-17,291.08264230637,294.6590903914567,289.2447424261849,293.21856689453125,13609937
2025-04-21,295.5532029364431,299.6263791917473,293.2185749337062,297.9871826171875,14064356
2025-04-22,299.0303011828869,302.7557617457966,297.78848099525027,301.36492919921875,11962358
2025-04-23,303.60020773801585,308.2694334866551,299.82505614950605,303.84857177734375,21918666
2025-04-24,303.0041230174806,306.580571188803,301.4642781260173,303.6995544433594,17241517
2025-04-25,304.79233579538305,305.7857919489767,291.77808443760676,295.6525573730469,20307004
2025-04-28,294.0630063712262,305.8354672506762,293.91399401941027,303.05377197265625,29913417
2025-04-29,304.54398240143547,317.3595914850266,303.79889026019765,315.02496337890625,57882724
2025-04-30,316.9125153061537,318.3530388665139,310.5544019403891,312.0445861816406,24863436
2025-05-02,308.76617586682266,315.6707086070949,308.5675028168837,309.1138916015625,15451259
2025-05-05,311.8955832501454,314.82626082247975,311.1504911069944,313.2367248535156,10955241
2025-05-06,313.58443284151105,317.2105417850753,307.17665875934654,308.4681396484375,17029890
2025-05-07,303.0041327464874,313.13739783761883,303.0041327464874,307.9217529296875,19274367
2025-05-08,308.4681292749077,311.64720102743524,302.805417190054,305.1400451660156,17110997
2025-05-09,303.0041069499785,319.69415710728686,303.0041069499785,313.7831115722656,44244945
2025-05-12,322.87323765233975,322.87323765233975,314.13083595998006,320.6876220703125,39927141
2025-05-13,321.58178245753874,335.53982987052365,320.68764762771235,333.55291748046875,57985762
2025-05-14,336.7816524264598,343.73584583939555,332.311099518144,342.0966491699219,43684324
2025-05-15,344.2325522667968,348.7031048936383,338.5698401456474,348.1070251464844,35959338
2025-05-16,349.29917858349756,368.72123364282226,347.31226633935694,361.5186767578125,68855818
2025-05-19,370.4598080371817,371.0558878161243,360.1775303835209,361.36968994140625,52003735
2025-05-20,366.98270264923553,368.57223858270925,356.1540364741274,361.4193420410156,67088831
2025-05-21,364.4990629670271,381.3878178689629,361.61804613556626,380.49371337890625,88688170
2025-05-22,380.49370636629004,384.2191669377616,376.51988175672045,380.8910827636719,43486783
2025-05-23,386.60344852955916,387.34854063014984,378.6061387770363,381.2884521484375,37666187
2025-05-26,382.3812545239339,383.27535896835775,376.023141419517,382.0335388183594,26722908
2025-05-27,381.9839167055395,386.2557663256805,380.94079980137514,382.8780212402344,16859142
2025-05-28,382.9277079676158,390.9250183246151,381.5865360216051,387.8949890136719,27549144
2025-05-29,388.98774609078083,389.5341651677785,383.02700914963003,384.2688293457031,18562683
2025-05-30,384.26883735303096,387.4479092483733,381.13945645729245,382.083251953125,23144580
2025-06-02,382.4806235036542,386.7028122046686,381.23880329747357,384.9642639160156,11943152
2025-06-03,384.96427486597565,389.23612436959564,382.9773624795706,383.4740905761719,18630318
2025-06-04,384.4675276488394,388.73937694000966,381.5865108954077,388.0439758300781,20648850
2025-06-05,391.12369114644304,392.1171472780643,386.95116326648366,390.92498779296875,20746844
2025-06-06,392.2661781416247,394.2530904986112,386.6531567967133,388.1433410644531,17366507
2025-06-09,391.42174195217007,392.71322288222177,389.2361261897533,389.88189697265625,13744521
2025-06-10,393.90536452034297,399.220361000523,392.1171555727477,394.7994689941406,26456073
2025-06-11,395.64391496648386,395.64391496648386,388.0439814205334,390.32891845703125,18042738
2025-06-12,390.2295866627963,393.1602946057068,383.076720150652,384.86492919921875,15555771
2025-06-13,377.1656173411616,395.14717953176347,377.0166049837944,391.62042236328125,35564550
2025-06-16,393.5576508484238,401.85301582961904,391.6204295314417,401.207275390625,32061745
2025-06-17,403.14451824169424,404.833405927315,397.879212451263,399.12103271484375,24371681
2025-06-18,399.02164939654926,402.34973350267734,395.8922686439924,397.8791809082031,18879759
2025-06-19,398.37590467335895,401.15756968607286,390.8753230840902,395.9419250488281,18220823
2025-06-20,396.389021416201,407.3170395504822,395.14720117366903,405.5784912109375,122552435
2025-06-23,408.3104810154777,419.63587515525154,406.3732293798597,418.14569091796875,43017721
2025-06-24,423.6096802813512,423.7090319561702,412.28428666309645,415.7613830566406,33807025
2025-06-25,417.5496027523511,417.6489544297447,402.34973596525816,403.3928527832031,29028317
2025-06-26,406.2739133027358,411.19150315900634,404.1876492798288,407.4163818359375,25730795
2025-06-27,407.81377282965167,414.07253480439306,406.8203166230021,411.78759765625,41398277
2025-06-30,413.9235221094707,420.23197508027965,411.53923327897365,418.7417907714844,20350621
2025-07-01,422.02015685374556,433.14687776758603,421.3247557453027,429.4214172363281,35405785
2025-07-02,428.2292432003636,429.9181307110113,419.8345572789957,424.1560974121094,22843521
2025-07-03,424.901186314684,427.8815546162099,421.27504729352825,423.4606628417969,13499244
2025-07-04,427.1861464538295,429.5704351611594,422.9639577970184,424.7521667480469,16618426
2025-07-07,424.6528211088437,424.6528211088437,413.42674901358504,414.37054443359375,22221724
2025-07-08,415.26467027709384,420.57966673775616,413.52612201636435,419.2384948730469,15970711
2025-07-09,421.17575370650184,421.2254143876518,413.77449314258723,414.9169616699219,14956297
2025-07-10,415.711717729129,416.754834508377,407.8137295963975,410.7940979003906,17914452
2025-07-11,408.31046958002054,410.4960851939736,402.449084474442,406.62158203125,15186245
2025-07-14,402.8464955284591,407.66476423892254,402.498779789335,404.63470458984375,17844425
2025-07-15,405.82682787937205,410.1980287745957,405.1313964633223,406.2738952636719,11971127
2025-07-16,406.7209505751646,407.61505506599786,402.8464775696361,403.4922180175781,9173824
2025-07-17,403.4922140003199,406.02554540331425,400.4124938355553,401.55499267578125,7922270
2025-07-18,401.6046423594962,404.28698604971527,391.5707293377742,392.16680908203125,21172393
2025-07-21,392.017797792003,398.32625032662605,388.54070131189786,397.3327941894531,12980473
2025-07-22,400.36283703999635,402.0517246583826,397.1341044832222,400.4621887207031,12447434
2025-07-23,400.859570036162,402.25040262946555,394.00472843369147,397.5811767578125,10413255
2025-07-24,398.0779006494454,399.2700298663231,393.4086445091808,395.6439208984375,6767566
2025-07-25,396.3890129308967,398.07790055173774,390.92500398072144,392.6138916015625,9202508
2025-07-28,392.6138962492605,393.7563647978826,380.791743399177,386.70281982421875,19856033
2025-07-29,387.4478988500081,388.19299096318116,375.5264250392386,385.7093505859375,25307639
2025-07-30,388.3916865883668,389.83217978776514,382.48061048105495,383.9707946777344,11335944
2025-07-31,376.5198719137994,385.70934108319955,376.32116856136514,380.5930480957031,9702316
2025-08-01,380.59304395407577,380.99042033674516,373.7382028199361,374.7316589355469,8702605
2025-08-04,376.5199036034637,387.69628596636335,373.98660239502414,387.0008544921875,13454379
2025-08-05,387.4478961576739,387.6962601936724,380.84141886368866,384.11981201171875,13482710
2025-08-06,389.43480883247753,390.92499304994874,384.5668797856467,387.1498718261719,16852693
2025-08-07,383.4740677322594,387.74591698140136,380.9904273972059,385.2126159667969,11520396
2025-08-08,382.77865308669107,384.8649171231422,381.0897957755651,382.083251953125,7139111
2025-08-11,381.4871690633313,385.8583701452734,379.0531893210632,381.3878173828125,8910936
2025-08-12,381.4871931683632,382.8283651454214,377.0663008078807,377.861083984375,9329093
2025-08-13,379.69897275582633,387.34856732501834,379.5996210719922,386.3054504394531,10930440
2025-08-14,386.20584769640396,386.35520574469433,380.9282970138731,383.2683410644531,8046552
2025-08-18,386.3552249285131,388.09780648424737,379.4844808721172,380.8785400390625,11778056
2025-08-19,380.8785300781035,382.0734552689266,375.899725763357,378.43890380859375,11111204
2025-08-20,382.27258784095204,382.6708861070648,369.5268609960849,370.273681640625,20289349
2025-08-21,371.4188137845498,375.8001556443125,369.9251724422527,372.6137390136719,12680853
2025-08-22,372.2153886988177,378.3393421566636,372.016254764352,373.2609558105469,15246732
2025-08-25,376.24823995016146,378.4388955680221,369.9251525304778,370.4728088378906,8577673
2025-08-26,370.42302576047246,370.4728016462858,362.7058793904626,364.2991027832031,15718869
2025-08-28,362.5067206044238,366.19104785711414,359.6688265291508,362.3075866699219,12218065
2025-08-29,360.7641374224891,369.4272688196348,360.06712307273597,367.83404541015625,12739664
2025-09-01,368.381734839541,373.65925513520085,365.991884513452,372.3149719238281,8821349
2025-09-02,375.7005543971432,377.3435841007971,372.16561555518047,375.0035400390625,12169182
2025-09-03,376.14865007467824,379.5840370618813,375.50141161876985,377.0946350097656,9919255
2025-09-04,379.88277690298605,379.88277690298605,370.42304851352765,370.9209289550781,9288078
2025-09-05,372.4145658397017,373.90820714654546,366.9378810479414,369.2281188964844,7325669
2025-09-08,370.0745155968549,372.9124401105854,369.2779190683244,370.3234558105469,6897641
2025-09-09,370.32345422259624,372.41455808628416,368.3319325216001,370.3732604980469,10598912
2025-09-10,372.11585440822313,387.3509837741323,371.46858552322493,386.4049987792969,23174318
2025-09-11,387.948451614481,390.83615213862737,382.42196040226935,383.5173034667969,19042696
2025-09-12,384.36369250325316,398.1549865113875,383.66664774498406,397.6072998046875,26356961
2025-09-15,398.3043424647357,401.39120719647934,394.02258293852367,396.76092529296875,18486916
2025-09-16,396.7609294952146,401.5903453881819,394.5204675451209,401.1920471191406,12467341
2025-09-17,403.781026832813,414.88375429200426,403.2831464051523,410.45263671875,31367478
2025-09-18,413.240770666018,413.240770666018,406.46960874773873,408.1623840332031,12000897
2025-09-19,407.2661776191736,411.69732544781976,406.51935700006754,407.1665954589844,16150731
2025-09-22,408.0627964907123,409.6560199764403,403.63167880739974,404.6772155761719,10884230
2025-09-23,404.67721965313103,405.9717270431687,400.59459392613803,402.7355041503906,11906108
2025-09-24,402.7354990196453,403.23337945834527,393.3255465729328,393.7736511230469,10835672
2025-09-25,393.77363872231393,404.7270080287682,390.78635618419,401.44097900390625,23804019
2025-09-26,401.9388567097285,404.4282588080028,392.7280689461135,394.2217102050781,11687034
2025-09-29,399.3001144094393,406.4197986510677,397.3583685307176,398.25457763671875,23390892
2025-09-30,403.2831466066071,404.6772057271114,400.14650598841985,402.23760986328125,14681751
2025-10-01,400.29587050997463,407.26619661338214,397.65711027704094,404.77679443359375,13156495
2025-10-03,405.0755190180912,412.0458452673873,403.38274373333155,410.9007263183594,16002501
2025-10-06,410.9505126361802,413.1411682609187,405.77254409005405,411.4981689453125,14684188
2025-10-07,411.4981756393407,413.78841346341665,407.3657741455289,408.5606689453125,11933246
2025-10-08,408.6602592336353,410.2534827198984,401.39121696208633,401.9388732910156,8668516
2025-10-09,401.9886727746965,408.2619540598443,401.2916280149201,407.6147155761719,9035150
2025-10-10,407.2661771209237,413.7386224785912,406.6189386627987,411.7471008300781,13813014
2025-10-13,411.1994590297628,411.2492349174471,404.6274312803166,407.66448974609375,7858503
2025-10-14,408.2619412350048,412.3943426113271,399.89755632149047,400.69415283203125,10789648
2025-10-15,401.291639013773,408.5109054724575,401.291639013773,406.3700256347656,10892830
2025-10-16,407.3657851259235,410.95053039831953,407.3159788486255,410.0543212890625,11479498
2025-10-17,408.61048342122285,418.2195698411208,407.91343864953683,411.0500793457031,19566580
2025-10-20,414.7344055175781,415.77994228376684,410.7513620072052,414.7344055175781,10580573
2025-10-21,416.37739544088697,417.37315629588767,414.83397827091983,415.9293212890625,2915071
2025-10-23,419.7131991643585,420.7089600164685,416.22803618197355,416.8752746582031,21980966
2025-10-24,420.2110883694509,421.90389400868776,418.11998445869074,420.2608642578125,18720794
2025-10-27,423.1983565422036,423.1983565422036,412.842449895048,413.3901062011719,12158324
2025-10-28,415.0331284227572,415.0331284227572,409.1083693369713,411.7969055175781,12247991
2025-10-29,411.7969037744863,413.14118705320493,405.1253240465145,405.4738464355469,14498733
2025-10-30,406.07128007990156,408.90920470308146,402.5861169538026,408.1623840332031,11172780
2025-10-31,412.0458245731689,425.43882006339146,406.41978188929374,424.293701171875,51342361
2025-11-03,426.1856451609873,429.1729277205269,414.6348131864588,420.5097961425781,27222212
2025-11-04,418.21955234758946,420.6093722833624,412.7428677335139,413.3901062011719,12831686
2025-11-06,409.25770259066473,413.24074592488046,405.72276378683193,407.0670166015625,12786294
2025-11-07,406.27042176655857,414.23650846786364,403.58185534958443,412.4939270019531,10141248
2025-11-10,414.18673757271057,418.6178551207863,412.24499176058345,415.0829162597656,9288444
2025-11-11,415.38164996845944,426.0860795561272,415.38164996845944,425.4886169433594,24889361
2025-11-12,426.3350132761426,427.57971437200206,420.01192563153444,422.9494323730469,15221773
2025-11-13,421.3561906120078,423.39751855357974,417.2237892306822,418.0203857421875,9091428
2025-11-14,417.02463422223997,426.8826910044827,416.92508244723524,425.04052734375,14719899
2025-11-17,426.1358860024919,427.679303230227,420.60939481746345,422.7502746582031,12996079
2025-11-18,422.7502743503268,427.629527029468,418.5182905612587,419.1157531738281,13340937
2025-11-19,418.21955896908855,422.4515426015139,413.29053058309756,421.406005859375,9661756
2025-11-20,423.1983698851673,425.38905595515104,420.4102516035609,421.20684814453125,10463382
2025-11-21,419.713214994374,421.555378717899,413.7386496563758,414.5850524902344,8395038
2025-11-24,412.2449993266181,413.58928257597734,399.3001080434151,402.0882263183594,23696864
2025-11-25,404.7767915324711,410.65177455702246,404.27891110008187,408.5108947753906,14107503
2025-11-26,408.51087920829184,414.7343843759989,406.7682977613338,413.5394592285156,8339381
2025-11-27,413.53947316635526,415.5309948871433,410.25347448233896,411.29901123046875,5251173
2025-11-28,412.24500912525616,413.4897102397648,406.9176822775171,410.0045471191406,6690232
2025-12-01,414.1369484092208,417.4229775818122,411.7471283489248,415.4812316894531,9650320
2025-12-02,416.27781553243886,416.87527812631726,409.2577136219449,411.29901123046875,11215451
2025-12-03,410.25347259733854,410.9505173516956,401.6899231596551,402.23760986328125,12294040
2025-12-04,404.07975846405645,407.76408592562854,400.04693900029616,405.4240417480469,10865110
2025-12-05,407.2661831854217,408.95898876714847,403.63166220040637,405.1750793457031,11774958
2025-12-08,404.7270170492327,404.7270170492327,383.3679342703167,384.7619934082031,25593778
2025-12-09,383.41770024807204,389.34248941621115,378.93677645683687,387.799072265625,19270896
2025-12-10,388.34673751062127,389.79060292075246,384.1147538326209,385.7079772949219,8372979
2025-12-11,384.3636890435988,388.346732453377,383.517286241379,385.8573303222656,7666925
2025-12-12,386.35520688872106,392.4293541055928,386.35520688872106,387.799072265625,12661065
2025-12-15,387.4007612300449,390.73656628170284,386.35522445317497,389.09356689453125,9087687
2025-12-16,389.09356705183836,389.54167160679845,383.1190017228274,386.355224609375,8700626
2025-12-17,386.3552130488603,386.75351131456773,383.3679304737403,383.96539306640625,6612962
2025-12-18,382.4219561468656,385.16029858360804,378.83724126751684,381.82452392578125,7510229
2025-12-19,381.87429170050063,391.8319003497966,381.87429170050063,391.1846618652344,11595429
2025-12-22,391.33403012393524,397.6073115813247,391.23444795720303,397.2588195800781,9321669
2025-12-23,397.30858039849966,400.79374338445143,394.0723576258302,397.7068786621094,7734965
2025-12-24,397.308590927124,401.9388729392341,395.91453177344283,398.3043518066406,8097208
2025-12-26,401.29162503322124,405.8223247734737,395.46641794703254,396.76092529296875,13284184
2025-12-29,399.30009321732956,401.7397194084796,390.7863502678546,391.58294677734375,15690096
2025-12-30,394.12212301377053,395.3170481609764,387.8986178475083,391.6327209472656,37726382
2025-12-31,394.2217091263055,399.5988115662219,394.022575191914,397.9060363769531,9409818
2026-01-01,398.20475474113465,399.0511575346954,392.9272344324536,396.01409912109375,6084786
2026-01-02,397.9558160427617,403.8806052319912,397.25880168345844,401.44097900390625,10950368
2026-01-05,401.1422740677106,416.8255078292685,401.09246779109696,412.04583740234375,26097635
2026-01-06,412.9420393660888,413.9378002226377,408.461115511619,411.34881591796875,9927677
2026-01-07,411.3488224192345,414.48546308929525,407.81385308969095,413.88800048828125,8279218
2026-01-08,413.9378067648217,421.1570730888995,412.29477701498064,413.88800048828125,22238704
2026-01-09,415.23227532986357,422.7502576080101,414.087156427579,416.8752746582031,22963210
2026-01-12,417.72167867277983,418.02039477399614,408.8594131409158,415.9293212890625,14594852
2026-01-13,417.97063024366406,420.55961461465586,407.6644990367261,411.9462890625,13393010
2026-01-14,409.2577146587487,419.016158960048,409.2577146587487,415.8297424316406,17676239
2026-01-15,415.8297424316406,415.8297424316406,415.8297424316406,415.8297424316406,0
2026-01-16,414.7841760682113,415.4812208288403,404.62743348039635,408.5108947753906,18888193
2026-01-19,408.26196103537984,413.14118327255085,405.9717231653436,411.0500793457031,8012134
2026-01-20,412.1454153500886,413.6390566454295,404.2789106056019,407.6147155761719,32732305
2026-01-21,404.77680072851103,407.76408339071406,395.3170722982014,400.943115234375,19150437
2026-01-22,404.2789199950914,416.52676674606244,404.2789199950914,415.531005859375,19763144
2026-01-23,417.22378709535235,417.22378709535235,406.7682983972588,408.958984375,12715222
2026-01-27,414.68461748476284,417.4727357050885,409.8551712922261,414.1867370605469,15482165
2026-01-28,416.228050383511,455.5606053838667,415.53100560796724,451.0796813964844,71986647
2026-01-29,452.3243603014436,454.0171658799798,436.39218690612586,442.6156921386719,42412510
2026-01-30,444.9557389168396,450.0341252954324,437.43772631682003,447.09661865234375,36684903
2026-02-02,430.16867845683504,439.4790482927439,418.46848870714103,437.23858642578125,43652893
2026-02-03,458.04998695033777,458.04998695033777,433.40490613072717,437.0892333984375,26696516
2026-02-04,434.9483453500733,441.5203733130986,431.96106267489915,437.33819580078125,12400181
2026-02-05,437.1390278378264,437.1390278378264,426.3350161746708,431.06488037109375,14345511
2026-02-06,431.164448729225,431.5627469922106,423.7460182297548,427.8286437988281,11078888
2026-02-09,430.1686772817316,437.7364656448853,427.679275214129,435.4461975097656,12162696
2026-02-10,436.1432422439779,439.4292408179298,431.7120944083617,435.4461975097656,10878065
2026-02-11,436.8403092321109,436.8403092321109,432.508743336178,435.6951599121094,8274702
2026-02-12,435.1475055024796,443.0638166709096,432.75768546294563,442.01824951171875,16140306
2026-02-13,442.01825331400175,444.3085215955896,430.9653013493417,433.7036437988281,14086068
2026-02-16,431.2142211804464,436.740712095541,427.28098408101744,436.14324951171875,8156650
2026-02-17,440.12630322896257,447.44515167930336,438.43349759972097,444.95574951171875,17963084
2026-02-18,448.092392391287,451.57755544321924,444.2587069565195,445.8021545410156,14341134
2026-02-19,445.80213848775077,447.3455556284585,431.1146661549299,433.5044860839844,9791516
2026-02-20,433.1559838769783,443.5118909770847,431.861506885044,439.2799072265625,9533724
2026-02-23,440.9228921771227,443.412294301854,433.85301445345345,437.8858337402344,12915631
2026-02-24,435.14749534186916,435.6453757713221,428.525691707787,433.20574951171875,12223376
2026-02-25,433.15598449515255,439.130549798534,431.7121190582178,437.437744140625,9469190
2026-02-26,438.73223196141475,447.9927956134826,438.1347693800728,447.1463928222656,13738213
2026-02-27,446.6983417682473,447.0966400469945,439.827597698174,442.81488037109375,22732811
2026-03-02,440.22589273443896,454.76400771321033,439.8275944586255,452.0256652832031,35034174
2026-03-04,458.0499988355719,458.8964016501927,442.6157053965472,444.95574951171875,35193505
2026-03-05,446.8974541957692,465.9164923752496,443.9599779417617,458.04998779296875,38023711
2026-03-06,462.0,473.45001220703125,460.3500061035156,468.45001220703125,28154230
2026-03-09,470.0,470.0,450.0,457.3500061035156,21898419
2026-03-10,465.0,465.79998779296875,453.54998779296875,463.3500061035156,19398151
2026-03-11,463.5,469.79998779296875,453.25,454.1000061035156,16015126
2026-03-12,452.0,455.0,448.5,453.54998779296875,14089623
2026-03-13,451.8999938964844,452.3999938964844,433.6499938964844,439.3999938964844,19502809
2026-03-16,431.8999938964844,437.79998779296875,422.25,429.5,22324389
2026-03-17,432.45001220703125,441.04998779296875,430.29998779296875,439.3500061035156,14421128
2026-03-18,445.45001220703125,447.75,440.5,442.6000061035156,13700203
2026-03-19,436.1000061035156,439.0,428.3999938964844,430.79998779296875,12237975
2026-03-20,432.20001220703125,438.95001220703125,424.70001220703125,426.1000061035156,17599734
2026-03-23,420.6000061035156,421.75,404.0,405.5,18894757
2026-03-24,412.5,417.45001220703125,408.75,414.45001220703125,14642804
2026-03-25,416.29998779296875,422.0,412.54998779296875,413.45001220703125,15134997
2026-03-27,411.8999938964844,413.45001220703125,403.25,404.75,21818224
2026-03-30,400.0,413.25,399.3500061035156,400.6499938964844,22694742
2026-04-01,415.0,430.20001220703125,412.6499938964844,418.70001220703125,25301241
2026-04-02,417.0,423.6000061035156,407.5,421.6000061035156,19686517
2026-04-06,422.0,428.04998779296875,420.0,427.1499938964844,12327836
2026-04-07,424.0,429.0,420.6499938964844,427.79998779296875,11417162
2026-04-08,440.0,440.0,428.79998779296875,433.1000061035156,20054221
2026-04-09,425.0,443.29998779296875,424.5,439.75,19917307
2026-04-10,444.1000061035156,447.45001220703125,440.45001220703125,442.45001220703125,10833065
2026-04-13,435.0,445.5,434.0,441.54998779296875,15149734
2026-04-15,447.5,449.20001220703125,444.79998779296875,447.6499938964844,9915383
2026-04-16,449.8500061035156,457.0,448.8999938964844,455.6499938964844,12197884
2026-04-17,458.0,463.75,454.45001220703125,462.75,14128030
2026-04-20,462.0,464.3999938964844,456.0,457.54998779296875,9914017
2026-04-21,457.5,461.79998779296875,449.45001220703125,451.5,13492130
2026-04-22,450.79998779296875,451.8500061035156,444.70001220703125,448.70001220703125,11538028
2026-04-23,451.70001220703125,455.70001220703125,444.5,449.95001220703125,15021500
2026-04-24,450.0,451.20001220703125,438.75,444.45001220703125,11651499
2026-04-27,445.0,448.29998779296875,432.95001220703125,435.6000061035156,18502535
2026-04-28,435.6000061035156,441.0,433.54998779296875,435.75,10883746
2026-04-29,437.04998779296875,442.79998779296875,435.25,437.54998779296875,9507163
2026-04-30,436.45001220703125,436.45001220703125,424.5,431.29998779296875,15795581
2026-05-01,431.29998779296875,431.29998779296875,431.29998779296875,431.29998779296875,0
2026-05-04,433.0,438.6000061035156,428.6000061035156,433.54998779296875,10764998
