time,open,high,low,close,volume
2015-01-01,798.6854178629837,809.3067330025337,792.0389162355715,795.622802734375,96950
2015-01-02,800.1841642016074,818.8638162432301,798.4465221512238,816.0618896484375,308986
2015-01-05,820.6015150199702,837.0873739011637,813.3468801695731,816.6266479492188,344472
2015-01-06,818.8638128566587,829.7240756266409,803.6594449786836,817.5171508789062,228284
2015-01-07,821.8830172998272,872.6873628430001,821.8830172998272,866.974853515625,947474
2015-01-08,873.2085627200881,876.2060058694424,852.4872024342795,855.441162109375,452894
2015-01-09,858.3952201501289,860.0460014003312,837.1308455992587,845.058837890625,483074
2015-01-12,848.8380976769741,857.960717969306,834.9369619934208,839.2810668945312,276782
2015-01-13,846.2317264993658,855.7887583181472,836.4574894119758,839.8893432617188,463696
2015-01-14,847.5349544932826,857.9608073419955,839.715564856748,845.3846435546875,658212
2015-01-15,868.821135232749,868.821135232749,834.5027003910554,840.2152099609375,381804
2015-01-16,844.928446744317,851.3794322486959,832.7649523952985,837.8475341796875,395802
2015-01-19,842.7564552595505,843.625276347447,823.8595965978029,829.1376953125,280876
2015-01-20,830.5928899945496,843.5817747691227,829.724068979911,834.3939819335938,258474
2015-01-21,830.5929343852566,840.5843765875898,823.6423658966771,831.9179077148438,270598
2015-01-22,829.94130542709,836.1968275733287,823.7509554651241,825.8795776367188,287662
2015-01-23,834.0681651735345,837.1090386923962,827.9864181358107,831.7440795898438,460102
2015-01-27,838.4123047845811,842.7564099907189,827.5520417692368,831.61376953125,227478
2015-01-28,834.0682764532985,834.2420512832862,827.5521180435071,831.3532104492188,455520
2015-01-29,836.1967781363456,836.1967781363456,825.4233765753919,829.0072631835938,177374
2015-01-30,831.8961753865409,831.8961753865409,814.5631844163644,820.6015014648438,200600
2015-02-02,820.6013941366547,830.2452855508454,820.6013941366547,825.42333984375,324012
2015-02-03,832.7649524951888,841.8875732580469,830.006456346431,835.9144287109375,480162
2015-02-04,849.2725038502643,853.0518538835704,817.2129886315771,822.81689453125,680290
2015-02-05,827.3130646124422,828.203627358687,802.0303944458304,805.1798706054688,306482
2015-02-06,812.3477037834942,819.8195438047034,806.7437972532725,816.3225708007812,502006
2015-02-09,813.6509264832744,832.287148912883,809.7412316950472,817.6257934570312,686106
2015-02-10,827.1175895916849,842.3219570474145,826.2270268578278,839.8240966796875,359742
2015-02-11,841.4532617831034,841.4532617831034,827.9865343100646,838.2820434570312,390054
2015-02-12,841.7138126054402,857.960776652587,836.2402506613822,854.7026977539062,1068302
2015-02-13,858.3952387932195,886.1975137338906,825.3800373011726,878.7691040039062,644926
2015-02-16,883.5909345238159,888.3694499022633,868.8209778995241,883.6777954101562,563458
2015-02-18,888.3477607197206,905.7459230428581,872.3831743063753,893.0611572265625,295476
2015-02-19,901.4018721259719,912.2403939070706,890.5416086063818,904.0518188476562,265050
2015-02-20,904.4426495056489,919.6470168124201,888.3694612099192,911.19775390625,332866
2015-02-23,912.2620861108815,912.2620861108815,888.3695076651203,895.0593872070312,374346
2015-02-24,895.7545042355396,907.0491779067927,890.9759884515478,900.5330200195312,178172
2015-02-25,903.5739102920603,904.8554001553015,888.3695416092612,898.9691162109375,355214
2015-02-26,899.6641543077137,911.5453240219308,883.5692239136941,892.9959106445312,345486
2015-02-27,893.0177391713354,915.303021416809,889.9551236072543,905.0726318359375,519516
2015-03-02,911.3931637976154,939.6081025426278,893.2565267201367,921.9927368164062,781958
2015-03-03,921.8190821239724,950.9245856594606,920.950261122913,942.0842895507812,747818
2015-03-04,945.2772502903601,953.5310498103586,931.3978559931812,935.068603515625,455000
2015-03-05,936.5891306815773,975.6860795504742,936.1547201385895,960.3731079101562,810556
2015-03-09,957.8751532712633,960.481616273362,936.4804361290367,955.4207763671875,358904
2015-03-10,960.0471414865124,961.0028233118376,919.4297624236215,936.6107177734375,313578
2015-03-11,939.6299472180431,956.1375468455445,929.6385053382396,936.1546630859375,198510
2015-03-12,939.1954609391654,962.2192164571005,937.9357129657997,954.2477416992188,504848
2015-03-13,957.4406819027383,962.9359319599084,930.5940934764124,937.0016479492188,218480
2015-03-16,940.0643711582335,942.5839734014398,923.144102509882,934.1998291015625,145822
2015-03-17,942.6709700359845,963.8702278086167,936.154811256934,951.7718505859375,421918
2015-03-18,955.7030592350434,977.4235833085671,949.1869020129864,954.2477416992188,494498
2015-03-19,960.003833115423,972.9492887316189,933.9826835636933,958.8092041015625,325996
2015-03-20,972.6452699404973,972.6452699404973,903.7260751699881,926.793212890625,1115574
2015-03-23,929.2041830519472,929.2041830519472,904.0083707017775,913.43505859375,101134
2015-03-24,914.4341753415413,937.5665363092073,914.4341753415413,933.4396362304688,207346
2015-03-25,914.7816827140789,942.6708165356172,914.7816827140789,938.9132080078125,251918
2015-03-26,941.2155173252223,960.0472559219792,931.8105719242739,953.0098266601562,311924
2015-03-27,959.1783817896936,959.1783817896936,903.5738379178273,935.72021484375,350044
2015-03-30,943.97395512347,944.8645178020164,916.6060954029092,939.2605590820312,308498
2015-03-31,944.4085825683451,944.4085825683451,933.9827288509392,937.6969604492188,188924
2015-04-01,936.3719704834882,962.3497434160794,930.2251034272292,945.9507446289062,491816
2015-04-06,938.3702517288618,964.3914007033127,938.3702517288618,962.9578247070312,317168
2015-04-07,964.3045366780858,998.709830190914,946.906373361742,981.3768920898438,317256
2015-04-08,988.2836562781025,998.9267110380205,978.4659388521856,981.2244873046875,277230
2015-04-09,987.849603463048,998.7316090925965,965.1733936715233,989.5437622070312,329644
2015-04-10,989.5872456854984,995.0173776306558,981.7678556844717,989.5437622070312,306598
2015-04-13,989.5440147495518,1007.8327462312335,985.9167493188273,1003.5755004882812,554704
2015-04-15,1009.0485822911702,1032.9411562791954,1006.0945701139309,1018.4970092773438,414936
2015-04-16,1031.29073023432,1031.7251408199286,994.9088436896174,1011.807373046875,323720
2015-04-17,1011.3076962042899,1011.3076962042899,996.9721489642807,998.6880493164062,227748
2015-04-20,1012.1764557306668,1012.1764557306668,933.9825664467527,942.6707763671875,524974
2015-04-21,942.6708306042749,951.2286966568348,884.2426155276504,899.0125732421875,477392
2015-04-22,899.0125421522894,920.9285309681803,889.0211005144529,897.6007080078125,566608
2015-04-23,900.3157910308654,939.195532066939,900.3157910308654,934.6993408203125,321414
2015-04-24,942.6708388239398,947.818645965766,919.0605843779581,929.5081787109375,382882
2015-04-27,931.8105824972563,931.8105824972563,871.6447243733076,899.8814086914062,192502
2015-04-28,904.0082665264397,925.2943814038042,889.0428457475799,910.1117553710938,315738
2015-04-29,910.5245260556222,941.997549649861,905.7460099360555,934.6777954101562,201080
2015-04-30,933.5482292543517,962.2193242430847,933.5482292543517,954.7692260742188,302576
2015-05-04,959.1784339687752,981.767781145576,956.5719708329904,976.7285766601562,119988
2015-05-05,977.4236419583099,1031.464266673015,977.380158484655,1018.6708984375,172740
2015-05-06,1023.4711322973174,1044.757246678713,970.9509455628552,976.250732421875,448292
2015-05-07,975.2516271674186,994.7132398697834,951.641372746053,971.4940185546875,222604
2015-05-08,976.1203316995243,998.2752657968432,954.2694637215039,957.1799926757812,187348
2015-05-11,968.735510699491,998.7098381605963,959.6780084568176,991.8461303710938,305220
2015-05-12,992.6280952700706,992.6280952700706,976.5549051059601,987.1544799804688,103266
2015-05-13,1003.4883780254195,1003.4883780254195,979.2048705212164,991.5855712890625,191092
2015-05-14,991.8026372588763,1005.6602895384723,971.3418606514143,981.0292358398438,102350
2015-05-15,988.2838518261858,999.1441139341658,977.8797419381903,983.4618530273438,191820
2015-05-18,987.8495646371018,999.1442386391092,981.9632806284498,996.47265625,105844
2015-05-19,999.5786844046991,1016.0645437117853,997.4066316354581,1009.8959350585938,157598
2015-05-20,1014.7830391233236,1026.5556073853734,1007.8975895214354,1013.067138671875,514710
2015-05-21,1023.4061909399762,1032.7242765204196,986.9808219669249,993.8662719726562,326320
2015-05-22,1041.2820987887428,1109.7668802598903,1031.7250665929346,1055.9869384765625,1571302
2015-05-25,1064.1972564831167,1098.5808094681663,1059.9617535743666,1089.0672607421875,489642
2015-05-26,1090.8046652505705,1107.3122627334544,1081.6820455889767,1091.955810546875,260620
2015-05-27,1094.71458623667,1128.5986091439954,1086.0263752347914,1120.2362060546875,564436
2015-05-28,1125.1234126380364,1159.0074381923864,1124.254591469976,1154.3375244140625,978656
2015-05-29,1159.441708270608,1166.8266873041787,1094.7145390940173,1105.4444580078125,907876
2015-06-01,1112.0906610859472,1131.6391297378486,1088.0677439533868,1115.5224609375,375124
2015-06-02,1116.8694612987842,1127.9469297013975,1086.5042079827585,1089.9794921875,237394
2015-06-03,1092.5423829313866,1099.9273612653164,1053.0110283203503,1091.0654296875,370034
2015-06-04,1099.927334005846,1127.2083333277087,1090.370303457612,1120.9527587890625,441296
2015-06-05,1125.2970734386702,1183.7687773018822,1122.9512988349966,1177.013671875,932490
2015-06-08,1187.7219912837124,1192.0226135379278,1142.0653975915498,1148.559814453125,471082
2015-06-09,1157.6605477214337,1179.7286232611268,1119.3021838037778,1128.4248046875,605606
2015-06-10,1133.3771246630008,1149.8847255588205,1120.9964239911358,1128.3162841796875,330546
2015-06-11,1142.0652902306038,1152.0132490044596,1123.2552929571568,1130.6185302734375,446172
2015-06-12,1132.3778387757986,1142.4996247233917,1127.2083962047038,1131.8565673828125,303638
2015-06-15,1142.3909552905684,1148.1468941279484,1122.017146281533,1139.5238037109375,251662
2015-06-16,1139.458800093631,1145.9098387732588,1124.5151205480925,1134.5281982421875,305576
2015-06-17,1138.1554636999238,1208.4864783659632,1134.680179841298,1198.27783203125,790966
2015-06-18,1195.4978297651464,1205.3589280070619,1159.8761647794117,1166.0882568359375,442232
2015-06-19,1172.9084846911387,1192.9131117248235,1164.8284060403612,1175.2760009765625,334980
2015-06-22,1190.2849561503713,1215.3721664487962,1173.2343413588012,1209.2686767578125,426056
2015-06-23,1216.3928380412578,1220.6934594077316,1185.940620705732,1189.719970703125,354754
2015-06-24,1193.738501848555,1195.389283222176,1164.2203248970407,1169.715576171875,306668
2015-06-25,1165.0888480235542,1176.6442086259533,1159.8759225290416,1170.1280517578125,262836
2015-06-26,1172.0396031182095,1195.4977716016724,1158.6379959228095,1191.97900390625,284940
2015-06-29,1185.3761454305302,1185.3761454305302,1151.1880535057935,1173.0606689453125,242540
2015-06-30,1175.0804483556349,1209.2467930910216,1175.0804483556349,1200.2545166015625,444210
2015-07-01,1198.9729710936183,1212.8741069903558,1181.5965512226962,1186.614013671875,395924
2015-07-02,1194.6289173624546,1203.7515381859496,1186.809528085173,1192.9998779296875,302944
2015-07-03,1202.8827391420775,1211.8316383458855,1194.194528675179,1203.6212158203125,315626
2015-07-06,1182.0308841648157,1228.0783938015195,1182.0308841648157,1210.115478515625,553796
2015-07-07,1213.7428575182175,1229.207912728391,1202.8825957294002,1210.919189453125,311292
2015-07-08,1207.2268351909497,1220.0419455321276,1201.1450879103909,1212.8306884765625,309242
2015-07-09,1218.0872059034327,1229.3818804232221,1213.0480010024667,1226.73193359375,304796
2015-07-10,1230.0334117195237,1240.2420591415294,1227.4486902858291,1233.313232421875,289170
2015-07-13,1233.2914175942196,1244.5860906683477,1228.5129020628578,1236.1585693359375,209016
2015-07-14,1235.8980588091495,1241.1109855949876,1224.8205893892432,1229.9466552734375,189856
2015-07-15,1234.1602470121666,1238.5043520702875,1226.384341381031,1230.6414794921875,139626
2015-07-16,1238.069984285182,1240.676447409993,1230.2505949107492,1234.63818359375,212830
2015-07-17,1239.590433685597,1270.2163757128737,1232.335799126048,1250.428955078125,318050
2015-07-20,1250.4286734011432,1259.7902393220347,1248.4955682108716,1251.9273681640625,417282
2015-07-21,1258.4872735915433,1258.4872735915433,1236.7232641659016,1248.995361328125,453338
2015-07-22,1245.4549715250446,1250.1466263927464,1238.0482508840494,1241.0673828125,347626
2015-07-23,1245.7591005830268,1258.4873507823713,1234.4644263958187,1238.091796875,209390
2015-07-24,1248.9304143163497,1265.742082508041,1223.7780842213738,1257.662109375,299886
2015-07-27,1265.4811550416205,1291.6906370238426,1255.4560495127516,1280.77001953125,494314
2015-07-28,1288.1958353066198,1312.1774648617093,1284.7885818594923,1300.011962890625,472496
2015-07-29,1302.1743730769788,1314.405464135736,1289.5064573375516,1296.6048583984375,256804
2015-07-30,1296.495568670144,1347.5603278907115,1293.5470022656548,1339.217041015625,412304
2015-07-31,1348.914664385497,1417.7145541655216,1345.4200668093688,1377.5921630859375,897048
2015-08-03,1387.3554307890904,1390.7626852293045,1343.2361302507725,1370.2537841796875,370352
2015-08-04,1376.8712881882723,1413.127733911504,1368.571619890183,1387.2021484375,1781684
2015-08-05,1406.0730363747214,1410.157282774374,1374.8182120255617,1378.7496337890625,654644
2015-08-06,1391.2864562468276,1391.2864562468276,1352.4090639058643,1371.5201416015625,449868
2015-08-07,1374.031841553822,1409.9169414110306,1374.031841553822,1399.0181884765625,673756
2015-08-10,1401.98877307118,1461.1785156326835,1401.311673505907,1447.6588134765625,1294372
2015-08-11,1461.1786984126109,1478.6516873323433,1445.8898331078453,1470.7451171875,888330
2015-08-12,1470.7451171875,1470.7451171875,1470.7451171875,1470.7451171875,0
2015-08-13,1458.994604103381,1500.143472506545,1454.6700819175483,1484.7017822265625,720138
2015-08-14,1461.1785992260513,1477.3848380076686,1429.246671484154,1460.632568359375,705272
2015-08-17,1457.6401807397344,1457.6401807397344,1435.0782294703379,1439.88330078125,365490
2015-08-18,1450.2140429156336,1458.906917019261,1439.7739769429368,1448.7288818359375,186526
2015-08-19,1452.442094667304,1462.6637497575796,1435.5370004887775,1438.7039794921875,206312
2015-08-20,1429.290209797093,1442.9628422409226,1404.391205531068,1408.497314453125,276582
2015-08-21,1402.2073162747133,1405.2213641089772,1365.0772159995263,1397.55517578125,327224
2015-08-24,1375.560803599774,1375.560803599774,1285.1381023151907,1311.456787109375,818782
2015-08-25,1313.094941173827,1331.8565391802981,1218.7408136643305,1300.38330078125,833038
2015-08-26,1299.5971538038789,1325.39156595324,1249.3623153844308,1258.36083984375,525866
2015-08-27,1279.896443735017,1310.0373497478895,1262.6418671044596,1285.2694091796875,659924
2015-08-28,1295.6221646812146,1332.315442440224,1288.6329689175936,1299.0294189453125,501436
2015-08-31,1301.3007846380428,1302.6986023522975,1267.8836950023228,1279.87451171875,247434
2015-09-01,1266.7916707831807,1297.3694007676024,1258.0551765019175,1275.9212646484375,438396
2015-09-02,1287.7592772209941,1317.0265335214713,1278.0836523116648,1303.1573486328125,434290
2015-09-03,1327.510180811207,1346.468328954524,1308.7267198783732,1313.990478515625,560862
2015-09-04,1311.7844724193194,1317.856292620011,1284.5921369520859,1305.34130859375,289078
2015-09-07,1306.105768995808,1315.3664307108634,1261.5496524615028,1265.65576171875,263132
2015-09-08,1265.699434478687,1282.2550462002682,1207.8201678459254,1242.0235595703125,396490
2015-09-09,1266.7915591998321,1273.081791869613,1242.766202042594,1258.033203125,282108
2015-09-10,1253.6867392019933,1265.0441800449382,1223.1090138556033,1251.240478515625,270602
2015-09-11,1261.8553843746274,1300.208611166901,1254.0362655550773,1290.3145751953125,325902
2015-09-14,1299.5534542480673,1322.1372694177703,1293.001083890514,1306.65185546875,327416
2015-09-15,1310.473882681176,1348.0408006513699,1310.473882681176,1343.2138671875,538534
2015-09-16,1354.9864803886692,1373.8136674244354,1309.7096433562203,1315.4757080078125,567266
2015-09-18,1331.7256168504593,1332.315372870885,1305.6690654134675,1309.5567626953125,307558
2015-09-21,1310.0371631473179,1315.7158837611607,1289.5064040049624,1308.552001953125,212300
2015-09-22,1320.7394464838364,1323.797219305198,1258.4919283346892,1267.010009765625,465828
2015-09-23,1259.3437759931674,1274.6982285331264,1244.9504231322505,1260.5450439453125,368810
2015-09-24,1262.4232988200558,1275.4406953413709,1251.5026820482562,1261.9427490234375,445430
2015-09-28,1264.1705659544084,1288.6327469127523,1260.501281469315,1275.9866943359375,253704
2015-09-29,1264.1708318688156,1303.3977159147419,1244.9942679210415,1297.718994140625,389158
2015-09-30,1310.037251724352,1360.2720913203175,1303.9217060344085,1346.293701171875,611132
2015-10-01,1358.415384084061,1375.9102317282263,1354.593168597049,1364.115966796875,481470
2015-10-05,1376.4343719303417,1410.5066921494997,1373.2673934484328,1403.8013916015625,642062
2015-10-06,1411.7734964847905,1428.39469519102,1403.8014468887734,1421.60205078125,379552
2015-10-07,1424.1359443514848,1441.5215897020723,1405.090450366448,1413.586669921875,339762
2015-10-08,1415.0497512146846,1434.422967411122,1402.7531797789009,1426.9969482421875,215532
2015-10-09,1432.784787179441,1440.5165618053195,1402.818574886484,1408.3663330078125,153016
2015-10-12,1419.6800856419252,1423.174682775813,1378.9024626772152,1384.9306640625,218726
2015-10-13,1395.5892177724652,1395.5892177724652,1346.948752355645,1360.7305908203125,420724
2015-10-14,1358.5246305467863,1397.5549547936598,1353.5666282235943,1389.7138671875,279654
2015-10-15,1397.5112033161158,1397.5112033161158,1376.5436209892664,1388.5125732421875,201796
2015-10-16,1395.676675584067,1418.8065204048098,1386.1757390634991,1412.254150390625,367838
2015-10-19,1419.6581624801886,1446.1516398585447,1415.3555039307396,1443.2685546875,711934
2015-10-20,1452.4201040571752,1453.0753410345974,1431.0156961280518,1441.543212890625,423184
2015-10-21,1443.7057177778415,1446.9381780878775,1431.0378007383385,1435.68994140625,355418
2015-10-23,1441.52162454496,1441.52162454496,1414.5695597426493,1418.129638671875,199956
2015-10-26,1415.3119221627778,1419.6801688361197,1391.614183959898,1399.3240966796875,297962
2015-10-27,1402.1854924298195,1414.6131344181242,1387.1806272452036,1390.937255859375,308446
2015-10-28,1373.8136528591876,1408.3228034397523,1373.8136528591876,1394.8031005859375,304410
2015-10-29,1389.1897488173338,1406.5753914446432,1385.7824951733255,1393.5361328125,370816
2015-10-30,1393.1211681346495,1422.0389389608818,1386.1538362180388,1411.7735595703125,310486
2015-11-02,1408.1917397837585,1414.8751789078685,1380.5189595038241,1391.9637451171875,288336
2015-11-03,1403.954651707267,1407.4492494713174,1381.239766240939,1387.945068359375,197504
2015-11-04,1389.1026507244596,1396.2229152005875,1377.657864050968,1389.648681640625,219050
2015-11-05,1391.1554698992195,1406.5754016880478,1378.487554790849,1388.5782470703125,231464
2015-11-06,1393.4708353353385,1408.126325794921,1347.8226527984912,1367.2613525390625,248556
2015-11-09,1343.2358601840172,1373.813587082515,1325.7628733848753,1329.9345703125,601312
2015-11-10,1323.5789606101414,1352.4093934155107,1317.5071393901007,1325.916015625,301770
2015-11-13,1327.510362937181,1327.510362937181,1267.4032370471384,1271.771484375,548758
2015-11-16,1262.4232639647214,1266.7915105528348,1235.7769597772308,1243.2467041015625,685846
2015-11-17,1246.2608770281502,1268.03663112034,1246.2608770281502,1257.2252197265625,362128
2015-11-18,1258.0550847001616,1269.7620075121183,1242.7443582601575,1248.61962890625,315842
2015-11-19,1257.1812651069527,1290.3799364579354,1251.5025450074424,1286.2301025390625,317122
2015-11-20,1296.4518860782607,1314.405422544355,1286.9073310956296,1296.124267578125,282258
2015-11-23,1299.5533263365498,1309.0542624198506,1298.2428523940255,1301.890380859375,161994
2015-11-24,1299.5534312751345,1303.92167810295,1272.797919454764,1284.7451171875,311806
2015-11-26,1284.264608081447,1306.9357671776925,1259.1690505895947,1267.1629638671875,495604
2015-11-27,1273.3441805764212,1283.3911500972642,1265.2629224835691,1278.9136962890625,202562
2015-11-30,1277.2754971438892,1286.4488163778226,1264.6075801065524,1275.5281982421875,232868
2015-12-01,1278.1927501215034,1303.9216813426015,1268.1239198290418,1298.002685546875,324792
2015-12-02,1303.4848395524734,1303.4848395524734,1285.1600656340734,1293.0665283203125,107428
2015-12-03,1290.8169163545776,1301.4972583433084,1278.3674131003963,1280.7044677734375,143216
2015-12-04,1279.8962758856048,1292.0836414512492,1272.9070812050008,1282.495361328125,149132
2015-12-07,1282.4953209373023,1282.4953209373023,1254.9317492717441,1258.84130859375,218664
2015-12-08,1253.6867121019463,1270.853941718942,1247.178067648993,1257.3123779296875,241836
2015-12-09,1253.7306177935748,1254.2984045879102,1216.9936177575228,1221.9952392578125,245650
2015-12-10,1223.1090099045405,1262.2921593567967,1188.6217254010248,1252.135986328125,578630
2015-12-11,1252.1362873383168,1258.4483836667996,1207.1652005104056,1214.7222900390625,445344
2015-12-14,1206.946366888799,1243.6396332002935,1198.9961805173014,1235.3399658203125,301034
2015-12-15,1236.2136884217896,1260.675867415295,1233.2213970826795,1258.0767822265625,228250
2015-12-16,1260.1083421875546,1264.6076584675673,1226.6257675676247,1229.224853515625,290938
2015-12-17,1240.5819618010821,1275.0911079216053,1227.914047402409,1271.4873046875,333382
2015-12-18,1267.2284462890211,1287.9776194013027,1257.15961569152,1262.554443359375,318944
2015-12-21,1261.1128904010177,1288.6328460973336,1258.9287669330563,1285.5750732421875,211700
2015-12-22,1288.6330141680075,1294.311735925358,1271.9026048920182,1274.174072265625,196708
2015-12-23,1277.7777558946589,1287.104006097931,1261.7900355204663,1265.153564453125,193708
2015-12-24,1278.585962547098,1279.0227872695261,1258.4483001844974,1271.4656982421875,163944
2015-12-28,1272.03331613459,1277.7120362959051,1266.5730082871717,1268.691650390625,174490
2015-12-29,1271.2036005052234,1304.1401401844985,1271.159875376617,1300.776611328125,313522
2015-12-30,1306.1057557661927,1308.7267037710747,1293.6781153057068,1300.033935546875,169640
2015-12-31,1303.9217746717788,1316.1528666955007,1287.7811227769491,1295.753173828125,480318
2016-01-01,1294.0495317220687,1311.9375896531208,1294.0495317220687,1304.5333251953125,129486
2016-01-04,1301.7374646531596,1312.4178060791226,1289.5063743812507,1298.5050048828125,253614
2016-01-05,1300.4707749562829,1307.2196948160292,1288.763852405773,1295.927734375,228500
2016-01-06,1289.9433333390268,1313.0950423356296,1289.9433333390268,1311.2166748046875,267276
2016-01-07,1306.1057427047604,1308.2243849795118,1271.6184568814003,1287.125732421875,298800
2016-01-08,1287.3224300736024,1296.495749052749,1258.8850985795839,1267.79638671875,333412
2016-01-11,1262.4667892099446,1279.4592230887297,1241.0841402292094,1275.2220458984375,264812
2016-01-12,1275.5280864799506,1304.9700277352447,1267.2284174240879,1282.7794189453125,357368
2016-01-13,1284.3519750110804,1293.6344999829305,1252.1798781790717,1269.0631103515625,509212
2016-01-14,1262.4015132089496,1273.3439932106396,1241.0626907240985,1265.7432861328125,279524
2016-01-15,1271.1162428062596,1281.6437614880545,1245.1688964286636,1248.9473876953125,266612
2016-01-18,1244.9503225529058,1253.6868160445053,1199.345869185417,1207.9512939453125,422410
2016-01-19,1201.2678161018111,1205.7015437462196,1189.4954128333425,1193.841796875,296504
2016-01-20,1188.0976570465673,1188.163138090375,1137.928299531407,1170.55908203125,547548
2016-01-21,1186.8525460772685,1192.1163043150364,1138.0811177129115,1144.3494873046875,509584
2016-01-22,1157.5853386264848,1161.9535851873395,1136.7924423381587,1142.6895751953125,544196
2016-01-25,1150.0282408596445,1157.1485040219507,1130.8298187190733,1136.8798828125,497200
2016-01-27,1140.9859678911737,1159.76942754635,1136.1371716936228,1157.432373046875,912516
2016-01-28,1166.321946169015,1178.531175175049,1154.7679542113908,1166.43115234375,700714
2016-01-29,1172.8742667361537,1178.1161629003375,1169.3796692933643,1174.818115234375,389020
2016-02-01,1183.7948811631015,1229.6614724996791,1179.0990158595948,1223.3275146484375,696656
2016-02-02,1224.5506363816828,1256.0893566807122,1210.4849031343758,1219.98583984375,642304
2016-02-03,1214.3726132935326,1247.0471207647174,1191.0243554212298,1235.362060546875,500410
2016-02-04,1244.0766045794637,1257.9239246704894,1229.6613911134798,1247.7022705078125,762508
2016-02-05,1247.6368869584721,1254.5387388947229,1229.6615923086108,1250.4107666015625,518808
2016-02-08,1251.7211808453508,1290.096273490844,1242.263968726382,1247.134521484375,388862
2016-02-09,1241.4554882645655,1262.4230686434182,1205.6358717840255,1215.7265625,498770
2016-02-10,1240.5820538522914,1253.6867938577734,1174.0536357617987,1189.0367431640625,687422
2016-02-11,1179.4264947634895,1192.4220274372724,1140.5928280204873,1150.5960693359375,583352
2016-02-12,1157.5854610702368,1161.0363335596705,1094.2677418025373,1124.8236083984375,713848
2016-02-15,1137.9283031607783,1183.7948950348211,1123.5130885717933,1164.5308837890625,710510
2016-02-16,1159.8132270431793,1175.058365407841,1140.3308040509921,1147.057861328125,315378
2016-02-17,1155.4012703744709,1163.2641145584937,1111.806146291503,1158.54638671875,254606
2016-02-18,1165.6228118120746,1208.9776567776796,1165.6228118120746,1202.796630859375,390156
2016-02-19,1206.9466573568545,1206.9466573568545,1181.8510994371263,1190.12890625,254268
2016-02-22,1183.357925179341,1223.5457912245604,1183.357925179341,1222.8250732421875,704004
2016-02-23,1220.9687870043758,1230.9720301836137,1212.188567693232,1224.092041015625,331174
2016-02-24,1224.4197231831456,1226.560121710209,1195.4146036515285,1202.753173828125,419472
2016-02-25,1203.4519489393,1211.6205488241867,1167.304708004735,1173.2891845703125,442200
2016-02-26,1176.36889339026,1192.749819310102,1168.112949385321,1184.8651123046875,431106
2016-02-29,1189.0366807504251,1235.3400930059524,1153.2170599489796,1203.9979248046875,364926
2016-03-01,1203.888497056128,1242.7658832092468,1203.888497056128,1241.3243408203125,329542
2016-03-02,1245.387304994937,1273.1256753447014,1242.460600633822,1250.563720703125,320220
2016-03-03,1257.1815519262611,1263.6465791515311,1237.0876146821306,1241.390380859375,258812
2016-03-04,1251.0660027076763,1256.7228615232689,1241.4558588321286,1247.221923828125,172662
2016-03-08,1244.9501200719262,1260.1735001637392,1201.2676597185252,1231.430419921875,382152
2016-03-09,1227.4553629250215,1247.571158714718,1216.5566096010118,1239.6209716796875,307366
2016-03-10,1236.2139249518075,1248.4450167887865,1223.1091836979015,1238.2451171875,294114
2016-03-11,1240.8879135588752,1243.3996556033035,1227.040591791098,1230.14208984375,143186
2016-03-14,1237.0875382127788,1249.3186296922836,1229.6615183859365,1233.177978515625,224718
2016-03-15,1223.2181882331963,1232.6536430392807,1201.6827123266353,1205.0899658203125,153938
2016-03-16,1196.9432164230027,1203.8886854109487,1168.13454663441,1188.2940673828125,479506
2016-03-17,1196.899619616322,1196.9433447428514,1174.1847363243335,1178.3782958984375,268306
2016-03-18,1178.9898193688468,1185.9790142965614,1166.4311097331097,1173.2237548828125,241694
2016-03-21,1175.4951807008438,1200.8310114257226,1175.4951807008438,1194.693603515625,198826
2016-03-22,1195.1523132268762,1214.3288738396566,1190.3472417921191,1201.923095703125,241612
2016-03-23,1203.5176704586797,1206.5536877964723,1181.7420206020986,1190.478515625,216966
2016-03-28,1199.323976974049,1205.6360720363593,1136.2901566610794,1146.9268798828125,564336
2016-03-29,1142.2964525958969,1146.664699068539,1100.383149020225,1128.383544921875,391994
2016-03-30,1144.2622209338952,1157.1485486748952,1131.4413742346137,1152.5618896484375,523354
2016-03-31,1146.8392709522257,1181.5668269178175,1142.5147500378048,1173.529296875,692926
2016-04-01,1162.6088522424568,1187.2457208242542,1162.6088522424568,1170.275146484375,353070
2016-04-04,1179.4265936093216,1180.9773424969148,1157.585360394334,1161.6041259765625,368804
2016-04-05,1157.5857429126802,1160.3158979667196,1138.8677572035137,1153.8072509765625,428202
2016-04-06,1153.8068164451206,1189.8884680627018,1153.8068164451206,1182.5716552734375,967300
2016-04-07,1183.8384988509065,1188.6217073268642,1170.2969350185906,1179.9288330078125,204214
2016-04-08,1175.4952869719975,1186.197492297458,1171.1707650297599,1173.66064453125,276712
2016-04-11,1178.0288444326543,1182.7683283275874,1155.4013041783935,1160.621337890625,430044
2016-04-12,1172.8742425617754,1196.200637352948,1157.672722669634,1181.9383544921875,705890
2016-04-13,1183.1834028986584,1216.556766694378,1183.1834028986584,1206.11669921875,520830
2016-04-18,1210.2226782424034,1247.571185367372,1210.2226782424034,1245.234130859375,617242
2016-04-20,1242.7661480705615,1261.4841272651854,1235.1217165797937,1242.897216796875,626888
2016-04-21,1243.9455268974305,1253.6867378624147,1214.3725196019209,1217.8016357421875,355374
2016-04-22,1220.0512706971579,1236.2137830551223,1218.1947658992835,1232.9813232421875,289744
2016-04-25,1228.787711669854,1239.2715030243069,1223.1089913528585,1230.5787353515625,342514
2016-04-26,1231.8674840846131,1244.0767127983706,1221.4491726056428,1239.4027099609375,271578
2016-04-27,1236.476180859637,1256.2861192977703,1236.476180859637,1249.9302978515625,334868
2016-04-28,1255.870854834767,1274.6543145766436,1228.350902189692,1234.2698974609375,808750
2016-04-29,1234.9033447588572,1265.0442470539974,1234.466520087913,1250.454345703125,282588
2016-05-02,1247.5712923276603,1254.5386246792216,1238.3979740017216,1248.61962890625,148644
2016-05-03,1249.9301013801016,1266.747851623162,1238.3979724435208,1243.68359375,439892
2016-05-04,1243.6400387245892,1248.4013857470252,1224.8347122786092,1230.8629150390625,228920
2016-05-05,1230.5349116037776,1245.8237727703136,1227.5208644895988,1232.478759765625,113140
2016-05-06,1235.3401402346221,1243.6398087864106,1228.350945664695,1230.6661376953125,127562
2016-05-09,1240.1453020011938,1240.1453020011938,1223.1091389937806,1229.115478515625,560452
2016-05-10,1229.705149736426,1250.6290084059708,1229.705149736426,1232.2386474609375,231398
2016-05-11,1227.477242221337,1248.8379245251801,1219.1557114741026,1243.8363037109375,196196
2016-05-12,1252.3765323275882,1288.6329858271313,1240.5822643217127,1282.7139892578125,519274
2016-05-13,1282.080336604961,1300.426971745475,1277.9742275893125,1290.3800048828125,539448
2016-05-16,1294.748442470912,1301.278950566324,1268.1894787319209,1282.32080078125,292496
2016-05-17,1285.2256323265194,1318.2932413356245,1285.2256323265194,1312.942138671875,471342
2016-05-18,1312.199328049402,1312.2211906102646,1296.4955039052147,1298.068115234375,362640
2016-05-19,1301.7157607616605,1317.026488029779,1300.03404963227,1308.7049560546875,313492
2016-05-20,1314.7986439285642,1325.7848493058632,1271.1598983251372,1280.2021484375,404474
2016-05-23,1244.950232172501,1244.950232172501,1162.3903746705353,1171.7821044921875,1521808
2016-05-24,1171.7821322420618,1201.2677963338938,1140.1123448841684,1159.3544921875,1125678
2016-05-25,1162.259641473632,1207.8204862067132,1160.861823542257,1201.9014892578125,708388
2016-05-26,1204.2381002581678,1220.9247789488218,1191.6793927823974,1198.8214111328125,719338
2016-05-27,1205.199217193217,1206.4442101124764,1179.9071124522777,1187.8572998046875,1026142
2016-05-30,1188.163296695422,1204.7626368698436,1188.163296695422,1199.5426025390625,221882
2016-05-31,1200.3943039867493,1205.199375800379,1175.473432933093,1182.135009765625,548766
2016-06-01,1196.8994291819156,1219.7889960448435,1190.4344036365699,1207.86376953125,961922
2016-06-02,1209.9824350802978,1232.850248490429,1205.8763259707828,1222.890625,372480
2016-06-03,1223.108945016743,1225.118380942211,1203.9105241555396,1207.099365234375,333634
2016-06-06,1207.8203379074769,1218.085718717902,1194.7810774959964,1211.686279296875,204054
2016-06-07,1213.0621531227273,1227.4773677619244,1213.0621531227273,1220.990478515625,803048
2016-06-08,1214.4382403710401,1226.1670271260125,1205.658127214317,1210.17919921875,260920
2016-06-09,1210.0043447968537,1221.1433739637562,1202.1633632420308,1206.18212890625,394974
2016-06-10,1211.751887555676,1211.751887555676,1189.9325120633061,1192.2039794921875,184010
2016-06-13,1186.4158024311419,1186.4158024311419,1161.9536209377163,1169.90380859375,222102
2016-06-14,1168.9429003304501,1177.8978067044316,1165.2298903705066,1171.1925048828125,216544
2016-06-15,1178.9899326351733,1178.9899326351733,1166.8680465178609,1171.8260498046875,219818
2016-06-16,1170.6900541563514,1177.76659210961,1167.2173195414475,1173.7041015625,201042
2016-06-17,1175.0582775193257,1178.7712869464312,1151.8192280813569,1153.0423583984375,570482
2016-06-20,1146.6647808194957,1149.7225535683476,1130.2838553792171,1145.441650390625,361262
2016-06-21,1133.5601148375165,1138.8020113223142,1118.402318831641,1120.389892578125,917576
2016-06-22,1121.9404584848883,1144.4806544915496,1118.751723658014,1141.7286376953125,587516
2016-06-23,1143.6070056072049,1154.0907978664,1139.8066522425765,1146.861328125,326746
2016-06-24,1127.0077266923101,1155.139194730929,1100.4051451046305,1150.1375732421875,295184
2016-06-27,1151.0328202313262,1177.6572582542199,1146.795642943482,1172.1314697265625,340512
2016-06-28,1173.7479299372394,1202.840496650169,1170.712019702348,1200.459716796875,446176
2016-06-29,1201.1803747474282,1213.542532960068,1182.3750533182213,1210.61572265625,280750
2016-06-30,1214.3289464117981,1218.5006436451629,1192.9682611430007,1205.177490234375,744744
2016-07-01,1202.9059341501898,1230.5788196335113,1201.9449412062081,1226.7347412109375,433848
2016-07-04,1239.7085927293545,1244.9504895273644,1230.2513799149435,1240.975341796875,293932
2016-07-05,1238.3979388893097,1249.3185556343653,1227.4773221442542,1238.9439697265625,151092
2016-07-07,1236.213916872163,1240.5821639282485,1223.9828251151241,1227.1060791015625,253010
2016-07-08,1227.1059806378594,1238.8347657009865,1219.7891674060218,1225.3150634765625,191400
2016-07-11,1230.9719487395623,1253.0097325251759,1230.7972615261517,1248.990966796875,357570
2016-07-12,1255.4342577529303,1270.5265733082067,1242.2203098416478,1248.0955810546875,348976
2016-07-13,1252.8131149383305,1260.5886151539573,1236.170052865743,1252.638427734375,258710
2016-07-14,1262.423173497738,1263.7336473802616,1247.1124489742597,1249.209228515625,263182
2016-07-15,1249.318514784417,1256.591602640151,1228.0014502657596,1232.107666015625,201544
2016-07-18,1239.2934822456355,1244.3824471193327,1227.0186660539928,1230.2293701171875,193178
2016-07-19,1231.933045114192,1235.3184366697333,1202.7313767811645,1205.6580810546875,462542
2016-07-20,1212.1446261431972,1230.9718104016795,1205.635981798664,1227.2369384765625,177584
2016-07-21,1229.5742307291732,1240.5821922323253,1218.7409564535872,1229.5523681640625,291874
2016-07-22,1230.098125197927,1247.5492473706088,1226.603528251342,1245.34326171875,359138
2016-07-25,1244.950190737011,1255.3029130990756,1236.3447668882618,1245.1248779296875,238944
2016-07-26,1245.1249651031253,1247.8333633056939,1227.9141162006642,1233.5054931640625,285698
2016-07-27,1244.0768935327992,1244.0768935327992,1220.9251816798364,1228.70068359375,210406
2016-07-28,1229.661366188863,1264.1705128776446,1227.56458657971,1251.6336669921875,488140
2016-07-29,1251.0618459337704,1295.1393198703245,1250.6659832448352,1290.564453125,431340
2016-08-01,1296.766936081156,1317.0021140165761,1254.141136823534,1267.8658447265625,342678
2016-08-02,1278.775319685064,1280.9747956391145,1263.2469979702087,1267.2060546875,185460
2016-08-03,1274.8162599065013,1274.8162599065013,1240.5264513444502,1245.101318359375,363710
2016-08-04,1253.7010436982764,1272.6165331295135,1236.9630135478935,1267.2718505859375,395460
2016-08-05,1266.8979482742832,1276.0477882688513,1253.2391832901972,1268.9215087890625,246052
2016-08-08,1268.6134907694802,1459.2420835532328,1266.9419752342378,1386.6153564453125,3164246
2016-08-09,1385.6697032362163,1395.3473964016757,1358.4841618648984,1376.18994140625,792592
2016-08-10,1376.4319494856634,1377.5976286959396,1346.1671411337281,1365.148681640625,341644
2016-08-11,1372.472787321371,1441.5363218115808,1370.1853541550895,1423.896484375,1526490
2016-08-12,1420.8174310433449,1458.2525546661395,1402.583796899401,1445.0997314453125,714062
2016-08-16,1450.818545501774,1469.250113245344,1429.6595413315474,1439.3592529296875,338170
2016-08-17,1436.2578744626796,1477.2781031896766,1436.2578744626796,1467.79833984375,524616
2016-08-18,1469.249837052606,1482.4466918764317,1453.8755226621047,1464.6529541015625,304792
2016-08-19,1464.8509666998289,1482.4467741076346,1458.9123816996944,1473.8468017578125,243238
2016-08-22,1473.6485964078847,1492.5200533854675,1471.119199563304,1482.1165771484375,320086
2016-08-23,1481.5671059674944,1485.966058182362,1469.2500397658644,1478.641845703125,148404
2016-08-24,1482.0069074384894,1532.5948547093194,1469.249946822367,1510.13818359375,683696
2016-08-25,1516.318625216908,1539.1931736681058,1514.6249858826823,1523.9288330078125,742678
2016-08-26,1532.9028586373024,1532.9028586373024,1492.1466092771702,1512.227783203125,287814
2016-08-29,1498.282883387171,1517.1983748685711,1491.2445609754875,1498.4368896484375,147830
2016-08-30,1500.0424750238367,1527.3159745697246,1500.0424750238367,1514.64697265625,149210
2016-08-31,1514.2071773091516,1533.452591563696,1504.441525726674,1522.279296875,289590
2016-09-01,1524.6767335032953,1524.6767335032953,1495.7316084278127,1499.7567138671875,177454
2016-09-02,1496.0833644608178,1511.897573193961,1470.1295513166872,1475.826171875,291320
2016-09-06,1484.646161178146,1523.7968303173623,1471.1634175173658,1520.7615966796875,350724
2016-09-07,1496.523353620831,1541.1727129366789,1496.523353620831,1534.772216796875,399164
2016-09-08,1525.1164771396882,1534.5522065789926,1517.6382596284755,1527.3599853515625,215838
2016-09-09,1539.633006486415,1539.633006486415,1515.4387735273428,1519.8597412109375,153736
2016-09-12,1495.6435503379666,1517.5942759564737,1482.4466954820434,1507.9385986328125,235320
2016-09-14,1507.5208126457385,1561.6279208906833,1507.4548713259055,1557.1849365234375,437528
2016-09-15,1561.6060707558577,1576.6944988221578,1550.6307061025616,1553.5340576171875,306494
2016-09-16,1557.2289522753022,1566.9066463289905,1519.133986359997,1528.855712890625,312602
2016-09-19,1528.8557193961549,1533.474618850524,1495.6436328433108,1500.7464599609375,348164
2016-09-20,1502.6818745647633,1518.0561890094061,1495.2036568049268,1500.262451171875,295488
2016-09-21,1500.482466218988,1515.4389024111445,1476.816083941554,1494.807861328125,363438
2016-09-22,1504.0014076518573,1511.0397295361597,1485.107933822937,1496.061279296875,499366
2016-09-23,1508.3566338103237,1522.037417720023,1484.9982627333777,1504.925537109375,325008
2016-09-26,1515.4388472415837,1517.264369222419,1494.2579379520025,1503.143798828125,311480
2016-09-27,1505.3652610574698,1520.277663934426,1500.8563356942382,1509.3902587890625,174648
2016-09-28,1508.752447971892,1520.2776797360052,1491.640461733855,1497.4910888671875,252326
2016-09-29,1508.840443695327,1511.039919560772,1407.53256385367,1445.297607421875,336340
2016-09-30,1442.8560592161489,1490.056829217932,1429.6812212522564,1479.8072509765625,240412
2016-10-03,1494.6978269002084,1549.3107685867988,1486.8456552593354,1533.276611328125,259360
2016-10-04,1532.594845365315,1533.0347405562923,1511.5898499961434,1528.789794921875,185636
2016-10-05,1530.835403290258,1542.2726792918518,1513.459541672452,1522.2574462890625,412626
2016-10-06,1535.1901337332467,1538.731311383846,1514.0312401782737,1525.1165771484375,118930
2016-10-07,1525.116617422586,1528.6357789280319,1486.77979473115,1489.77099609375,337560
2016-10-10,1491.2448279718867,1500.372653983809,1482.7109034782948,1485.438232421875,109496
2016-10-13,1482.0066976148596,1482.0066976148596,1446.8150871045632,1462.8492431640625,322644
2016-10-14,1475.4082255544922,1475.4082255544922,1449.4544135963183,1465.1806640625,141352
2016-10-17,1467.1822721806125,1467.248213492665,1446.2212044610087,1454.46923828125,216882
2016-10-18,1454.5133514166603,1460.7159161519678,1427.4597989859558,1436.081787109375,278538
2016-10-19,1444.571595266425,1473.6487067369683,1442.8560471932108,1459.088134765625,347492
2016-10-20,1459.1323601604697,1475.8483775515153,1452.0940370484507,1457.438720703125,242764
2016-10-21,1467.0503133815273,1471.4492648459398,1453.6335114150695,1456.36083984375,127030
2016-10-24,1438.5892775680861,1464.653067869668,1438.5892775680861,1455.1292724609375,146430
2016-10-25,1455.3491888321971,1461.6176952259275,1442.8341922832697,1449.608642578125,182188
2016-10-26,1447.2553063655305,1455.5473744076326,1429.9674023512664,1436.60986328125,175920
2016-10-27,1429.659535530095,1438.08348645016,1405.4652972365086,1412.987548828125,434050
2016-10-28,1422.620840857492,1464.4108779265898,1421.6310768216451,1456.91064453125,215908
2016-11-01,1458.2525040622909,1469.2498834292765,1437.5554146143672,1465.0928955078125,257188
2016-11-02,1441.9763872718065,1457.7905973735205,1438.8971210390725,1452.7978515625,236004
2016-11-03,1452.7978925096181,1462.8714493678299,1430.5611692515174,1452.31396484375,258320
2016-11-04,1451.6540231594963,1486.8456358421506,1417.3422007939082,1452.5338134765625,455146
2016-11-07,1464.4109621360446,1472.768970030483,1445.0555754331351,1452.7757568359375,421832
2016-11-08,1441.9763851644175,1452.40187934361,1414.5049529360726,1423.3028564453125,906756
2016-11-09,1363.6751143241906,1404.013482517039,1288.4530354372757,1374.320556640625,451680
2016-11-10,1414.2630180145102,1426.0742466755717,1394.1378133258124,1409.4901123046875,274548
2016-11-11,1403.1996010797316,1403.1996010797316,1333.102265274655,1354.5911865234375,432078
2016-11-15,1347.8389017801883,1347.8389017801883,1223.4365169120802,1288.6070556640625,1158490
2016-11-16,1297.6907386384414,1346.0792068588578,1287.2872609295641,1315.7264404296875,470298
2016-11-17,1328.483454243961,1328.483454243961,1284.493935891512,1291.1143798828125,405504
2016-11-18,1284.9336267405722,1286.6932071948556,1262.9608872969598,1276.839599609375,581400
2016-11-21,1277.8954554231009,1288.0789855430894,1265.1825281021888,1273.1885986328125,182364
2016-11-22,1278.379560185888,1284.4940608733077,1254.559169242532,1278.3575439453125,354476
2016-11-23,1292.852036014763,1309.128158958807,1273.4966465677912,1305.4990234375,258996
2016-11-24,1301.209810511102,1314.4066645730807,1282.7342148243317,1294.4134521484375,310140
2016-11-25,1306.466627514278,1308.4461557623868,1284.9557968433405,1302.969482421875,175764
2016-11-28,1302.0677025856203,1315.7705017333078,1288.079014532515,1306.7086181640625,178032
2016-11-29,1313.9667202070978,1336.5772863609586,1307.3682934233327,1322.082763671875,208312
2016-11-30,1324.0845241451213,1352.2158001140635,1298.2186654500058,1334.1580810546875,474738
2016-12-01,1335.543730026726,1347.8167621060013,1317.9259072835493,1321.1591796875,188978
2016-12-02,1317.3979708227002,1326.2838310640072,1304.223133018251,1309.4798583984375,339406
2016-12-05,1310.8876308183442,1356.1088766090525,1310.8876308183442,1348.89453125,217160
2016-12-06,1350.3021774145056,1352.237673090217,1318.4097794642646,1321.6429443359375,179314
2016-12-07,1327.6036616324661,1339.3049164529496,1311.7674350523573,1317.3760986328125,235244
2016-12-08,1325.4041447063967,1349.5983790106952,1320.1254026763677,1336.7314453125,169386
2016-12-09,1338.11709331042,1347.3109669293005,1328.9673595639488,1330.8369140625,635442
2016-12-12,1330.902865791258,1332.22255132997,1306.5327158015527,1309.5899658203125,274716
2016-12-13,1318.7397555066252,1318.7397555066252,1286.6713337311794,1292.6978759765625,384088
2016-12-14,1293.2919160580823,1305.608981925302,1291.0924400103643,1294.0177001953125,233774
2016-12-15,1289.7726938880987,1299.4503880441487,1278.9952617597705,1284.5819091796875,216558
2016-12-16,1285.9235888785106,1292.477984122097,1267.7338801712149,1273.6285400390625,388160
2016-12-19,1275.6960567198366,1282.1845108014288,1260.5196725967903,1275.5201416015625,220010
2016-12-20,1276.5759197328964,1280.007123904752,1260.73969192091,1263.423095703125,401088
2016-12-21,1263.42295970216,1275.2560968071564,1243.9355822075338,1252.689453125,401742
2016-12-22,1249.302200701121,1253.3712307562214,1231.6404537447893,1236.3912353515625,185178
2016-12-23,1236.1275338503463,1249.8082101946727,1219.7634538153234,1245.4312744140625,182740
2016-12-26,1244.8594140053613,1245.5192568215193,1222.9086859463516,1234.9178466796875,136000
2016-12-27,1236.2155187922249,1256.714678617824,1223.5905476945463,1243.517822265625,157352
2016-12-28,1244.9033062671642,1270.4172256182228,1244.9033062671642,1249.1263427734375,247108
2016-12-29,1247.1027823471204,1274.8161775103897,1244.419378904546,1268.28369140625,180286
2016-12-30,1277.8955745441765,1285.3737930526966,1262.4992423207527,1269.6695556640625,220668
2017-01-02,1276.1800027255742,1276.1800027255742,1260.3656844299194,1269.7354736328125,104490
2017-01-03,1269.977345305496,1271.2970308046013,1254.2290768702521,1263.4888916015625,255186
2017-01-04,1271.2969359169354,1271.2969359169354,1245.1011592356554,1254.7568359375,273358
2017-01-05,1258.9798662789563,1264.69850298812,1254.8448950016084,1260.6514892578125,232668
2017-01-06,1260.2995277757984,1282.294283932444,1251.8535628909005,1273.474365234375,795436
2017-01-09,1284.4941893703667,1285.5059699713922,1264.9408660833565,1274.7724609375,344356
2017-01-10,1275.2560704428065,1277.0156510850181,1265.1164655128068,1267.25,546116
2017-01-11,1269.0977120079879,1313.0872340879876,1269.0977120079879,1312.6473388671875,691722
2017-01-12,1313.065208914269,1317.4641610923409,1283.790160689943,1296.72314453125,260102
2017-01-13,1306.048707466385,1313.0870299047353,1286.6933207609216,1293.291748046875,208658
2017-01-16,1291.0922429260752,1310.7995667845767,1285.8135012173486,1304.6190185546875,213010
2017-01-17,1305.916656471353,1328.5712557621052,1299.9341471158302,1325.64599609375,329502
2017-01-18,1327.6036948306596,1363.103215489518,1326.239976771424,1359.9580078125,539226
2017-01-19,1359.716039181902,1387.8693314846007,1349.0485807703326,1367.1722412109375,515150
2017-01-20,1371.5490561012903,1379.1153386583037,1347.8827827606656,1354.1292724609375,225986
2017-01-23,1348.3668729709473,1370.2736774802281,1348.3668729709473,1360.6400146484375,144082
2017-01-24,1362.047645277284,1385.8899456692425,1355.6031156104764,1384.9442138671875,303692
2017-01-25,1374.6723027829805,1384.7898909314633,1362.7951340869356,1379.0272216796875,190016
2017-01-27,1378.631422357269,1390.9484867561214,1359.7159306018884,1364.97265625,269430
2017-01-30,1375.9919539220944,1386.2854569104456,1363.7628479418702,1383.778076171875,260542
2017-01-31,1385.6695506734623,1385.6695506734623,1367.6338517599345,1377.069580078125,309880
2017-02-01,1378.4994984963862,1429.5713716457833,1369.2837159920166,1422.950927734375,422574
2017-02-02,1425.260448402681,1431.7048701259862,1403.1336983571719,1421.3013916015625,461788
2017-02-03,1417.8261639983355,1440.1508438539934,1412.063494318461,1421.2353515625,271328
2017-02-06,1421.2355031190034,1449.1907582091958,1421.2355031190034,1445.0557861328125,268304
2017-02-07,1447.2552204271017,1447.2552204271017,1412.063604124923,1421.12548828125,227652
2017-02-08,1421.2354206417208,1436.7856512040573,1404.1674657535746,1422.18115234375,258164
2017-02-09,1420.113752774796,1431.704927323371,1409.9961627677342,1419.0799560546875,225518
2017-02-10,1421.3013196111838,1438.4572315470662,1417.8921319828994,1424.9744873046875,422206
2017-02-13,1427.4598979783646,1449.894552769396,1417.3863410405143,1439.205078125,403908
2017-02-14,1442.8561194008155,1442.8561194008155,1412.151415868457,1418.419921875,376840
2017-02-15,1422.1812283696693,1426.5801805143326,1394.9077250727564,1405.1793212890625,272684
2017-02-16,1403.2657975212555,1424.5566839044384,1400.0765570723436,1421.1915283203125,159888
2017-02-17,1424.8643836108122,1431.7707157940688,1410.105880260394,1428.66943359375,314858
2017-02-20,1434.9379662108586,1437.2474157272923,1423.522708651741,1432.6944580078125,114270
2017-02-21,1437.0054651667451,1440.8765639663804,1414.3508649395224,1424.8424072265625,196132
2017-02-22,1426.1400299192317,1435.8177229044948,1419.4756615719803,1424.6883544921875,230530
2017-02-23,1426.1621919953309,1442.3942812038238,1413.6251793460171,1419.541748046875,420848
2017-02-27,1421.3011355898454,1437.9731177130013,1415.9564528295616,1433.6622314453125,261074
2017-02-28,1431.9029268820211,1433.6184752255544,1413.0753906007826,1420.5975341796875,191908
2017-03-01,1421.7410479212513,1434.0360952196577,1396.6670257270955,1399.306396484375,203810
2017-03-02,1407.664454977195,1415.3626199653515,1364.8626361637898,1369.8994140625,381920
2017-03-03,1373.7926094866343,1383.7782083196887,1348.9165162601896,1362.245361328125,466084
2017-03-06,1368.9537537847336,1370.9112657901633,1345.8152251420706,1357.5164794921875,319000
2017-03-07,1365.874683506623,1365.874683506623,1343.967879663876,1345.7054443359375,367252
2017-03-08,1348.2786233804338,1367.194114670926,1339.6127104777659,1357.25244140625,526952
2017-03-09,1357.5162892053622,1363.6307881846246,1347.3987018263201,1354.2611083984375,224428
2017-03-10,1357.1205958734997,1377.3117406816077,1353.5574021326436,1373.5726318359375,274980
2017-03-14,1387.3413176382985,1403.5074640755631,1379.7090939808352,1397.4368896484375,267266
2017-03-15,1398.8887009553125,1407.6645883943265,1379.2913490345034,1403.3756103515625,224208
2017-03-16,1406.3447577765153,1424.4684160033576,1406.0588688950015,1418.683837890625,225374
2017-03-17,1418.662006891463,1431.8148302914144,1414.2630549321098,1428.5816650390625,176806
2017-03-20,1430.7149660420507,1435.971799086597,1425.260309052337,1430.4290771484375,110944
2017-03-21,1425.260595755428,1460.892110649314,1425.260595755428,1449.1689453125,792904
2017-03-22,1434.9380068904804,1471.7792264113505,1434.9380068904804,1462.9813232421875,440156
2017-03-23,1463.5312703342493,1475.5624465189853,1442.8121643060801,1449.7845458984375,188328
2017-03-24,1451.2803493449746,1460.8921033720521,1444.1981003638175,1450.8404541015625,141284
2017-03-27,1451.6540284864464,1464.8508832908685,1448.2008085207774,1453.4576416015625,154350
2017-03-28,1455.9210875846466,1481.0611621088317,1453.5896216004376,1469.052001953125,201092
2017-03-29,1470.7015798680582,1502.4619904516348,1463.4872344631065,1491.8604736328125,304570
2017-03-30,1487.725431369168,1505.5411853521518,1487.1096211035765,1493.510009765625,1958514
2017-03-31,1486.8456698396749,1510.1380975373447,1465.3128228163712,1484.206298828125,396946
2017-04-03,1485.526115640325,1505.3654324559272,1439.6890565007732,1491.9925537109375,188616
2017-04-05,1494.3240684666978,1496.3256132051629,1473.6489930419305,1485.042236328125,391352
2017-04-06,1485.0421020458155,1493.2021791516697,1472.5271055964095,1476.7940673828125,226512
2017-04-07,1473.6488278348459,1485.657987523025,1469.2498761099657,1476.926025390625,103408
2017-04-10,1475.84822814867,1506.6408886465556,1473.648752398821,1503.0557861328125,136538
2017-04-11,1504.30918389497,1519.2876328511911,1487.8131183916996,1496.875,187738
2017-04-12,1486.8458383261,1522.0814882816353,1485.8780903247914,1517.1986083984375,334880
2017-04-13,1517.6383207101726,1518.7820910987853,1491.6845059502016,1497.315185546875,121998
2017-04-17,1497.1611783121934,1498.1949749087817,1483.5684606679185,1489.1771240234375,91102
2017-04-18,1482.7327190300682,1502.7040256301198,1475.3205493173048,1481.7869873046875,226604
2017-04-19,1480.2692208492037,1516.5165388594994,1468.8978880722013,1509.3902587890625,185988
2017-04-20,1511.8756960592946,1513.2394140711863,1481.6549187749786,1486.559814453125,134522
2017-04-21,1487.7695647833073,1499.0088009687065,1481.566999646936,1485.328125,167550
2017-04-24,1478.047779982248,1493.796048641077,1478.047779982248,1490.4307861328125,80630
2017-04-25,1494.7637304662749,1534.7941894046007,1490.0788900435423,1529.71337890625,274916
2017-04-26,1535.2339831062434,1582.742656508958,1522.037129383267,1563.123291015625,625874
2017-04-27,1561.6279950156184,1587.581812397568,1516.2308308369577,1563.8494873046875,352266
2017-04-28,1563.8494036897512,1600.7785831040317,1560.858094943358,1594.422119140625,329716
2017-05-02,1588.0216958256217,1603.1540479741418,1564.1133483884012,1572.1634521484375,187462
2017-05-03,1574.8907935226318,1596.819612705213,1545.4838631644443,1575.0447998046875,214202
2017-05-04,1572.6031944401177,1592.4204930497303,1568.3802653051573,1580.1474609375,239362
2017-05-05,1580.1477378915927,1583.4469521985436,1546.8695984777028,1552.5443115234375,96248
2017-05-08,1558.0864720750467,1567.7641645490212,1545.813441396104,1558.5263671875,72912
2017-05-09,1554.5896830428894,1585.3603317189365,1548.0132710865248,1580.521484375,188862
2017-05-10,1577.9040152985056,1637.201907216078,1577.9040152985056,1632.5830078125,669364
2017-05-11,1623.2131590828922,1646.9674979963002,1621.101640811333,1631.2852783203125,326904
2017-05-12,1629.8117329268641,1643.0085890639236,1610.8082815687562,1629.4818115234375,124618
2017-05-15,1629.3715647935592,1671.381549792961,1618.836097888147,1645.8896484375,236786
2017-05-16,1645.889880613988,1660.1644581455475,1630.6914802187453,1650.8607177734375,219248
2017-05-17,1650.486824217291,1651.2346245933552,1610.0164649880824,1614.239501953125,135124
2017-05-18,1621.2776896555847,1621.2776896555847,1559.9123131322935,1564.0252685546875,142012
2017-05-19,1583.556718000571,1614.4153221396307,1567.346537543189,1576.012451171875,287472
2017-05-22,1593.256347274355,1626.2925190344624,1585.0303286924968,1598.337158203125,212636
2017-05-23,1607.8169384091382,1620.5298665915325,1574.8468150091167,1581.0712890625,265432
2017-05-24,1585.8222027767758,1590.5951086756877,1527.272108448055,1554.28173828125,199372
2017-05-25,1570.425763324621,1570.425763324621,1518.1661954355702,1547.4632568359375,338880
2017-05-26,1545.7915094084747,1559.428258637747,1496.6112116765544,1502.6158447265625,886100
2017-05-29,1499.338719009083,1522.037353716667,1483.1066294958794,1503.7376708984375,392340
2017-05-30,1513.1073732709347,1517.6383149368137,1486.0978531752091,1506.8388671875,493310
2017-05-31,1503.1218908723547,1560.7481617837618,1503.1218908723547,1553.9957275390625,419000
2017-06-01,1577.02400836953,1588.461281512517,1557.2287279297452,1586.2177734375,405616
2017-06-02,1596.7753888453244,1612.2157518281656,1566.0267603023929,1579.927490234375,299542
2017-06-05,1579.9276061887779,1633.7707344462628,1579.9276061887779,1602.670166015625,502604
2017-06-06,1607.2449820361098,1615.2950852309784,1581.7971105586803,1595.65380859375,272076
2017-06-07,1600.1626310688437,1616.6146666223538,1583.7104881190571,1602.802001953125,259416
2017-06-08,1602.8020931815925,1609.5764358783204,1592.706413057568,1600.9105224609375,90782
2017-06-09,1604.7376059249932,1627.1722599551945,1601.7683134798194,1615.7349853515625,290830
2017-06-12,1612.215601728416,1630.4272165902512,1589.7809507903125,1595.3455810546875,162416
2017-06-13,1605.0674642464376,1605.0674642464376,1585.8220510060726,1595.1038818359375,106036
2017-06-14,1603.8578290898765,1603.8578290898765,1575.0446947493974,1589.583251953125,100490
2017-06-15,1592.4203733321572,1596.8193246397047,1563.4972684850331,1568.13818359375,175760
2017-06-16,1568.1382232369142,1573.9448176304154,1549.750584827265,1569.9637451171875,279670
2017-06-19,1570.4258329699571,1593.9822419437637,1570.4258329699571,1580.2135009765625,117850
2017-06-20,1574.3190001715743,1591.8487596842144,1569.9859894361052,1576.4964599609375,181608
2017-06-21,1574.8248055066704,1623.2132771842496,1566.0269015652923,1614.54736328125,178280
2017-06-22,1627.6121756367131,1627.6121756367131,1597.9192508109081,1601.98828125,301570
2017-06-23,1601.988273289256,1613.3596066615894,1586.4819681795022,1605.3974609375,203426
2017-06-27,1618.1983164545056,1618.1983164545056,1589.539083442211,1604.53955078125,167390
2017-06-28,1603.4176507536424,1616.8784838666236,1579.2454363182417,1599.5245361328125,257156
2017-06-29,1600.5365632996372,1626.2924470385933,1584.062510626447,1599.9866943359375,181420
2017-06-30,1593.3882985880696,1632.8249658898553,1592.1565706055305,1623.2352294921875,479702
2017-07-03,1639.0493861795478,1648.1112695447423,1618.3743134070198,1629.26171875,148906
2017-07-04,1632.0550241261267,1657.4808776477971,1632.0550241261267,1648.7490234375,245562
2017-07-05,1653.565880728431,1657.964832260031,1634.2104939893911,1642.3265380859375,226042
2017-07-06,1645.2078237801115,1649.606775180593,1637.0477474529632,1641.4246826171875,246406
2017-07-07,1636.4541620045316,1637.2679036795607,1617.4506036155815,1624.2470703125,239420
2017-07-10,1649.0792634058387,1649.0792634058387,1626.7325641924056,1634.628662109375,34224
2017-07-11,1623.4771507692756,1643.0743945961865,1621.9155014428595,1626.314453125,164310
2017-07-12,1626.2925660607098,1638.4776417088206,1624.0930900449393,1628.5579833984375,360402
2017-07-13,1638.1695083588493,1655.7212815613268,1629.3716055212615,1639.753173828125,127802
2017-07-14,1642.8766032273245,1642.8766032273245,1629.8776784197992,1636.0582275390625,77932
2017-07-17,1636.3878864834194,1642.128539476246,1616.7905367336941,1626.6002197265625,108708
2017-07-18,1627.6122597150907,1653.126181624138,1608.2788869201654,1646.5057373046875,131062
2017-07-19,1651.6743781706518,1688.75756258982,1651.6743781706518,1674.3289794921875,525198
2017-07-20,1673.801022980812,1686.9978773012915,1656.2052172201727,1667.6865234375,415898
2017-07-21,1679.959756006472,1691.3970311193727,1667.2907528636933,1686.5802001953125,240816
2017-07-24,1687.0421129257531,1701.5146219481305,1678.2661178288192,1684.556640625,203984
2017-07-25,1693.596336603505,1695.0480120855636,1680.861393421807,1693.8162841796875,195416
2017-07-26,1698.875235876003,1698.875235876003,1689.3295316642948,1693.8604736328125,156286
2017-07-27,1694.4761725572048,1723.6851685025863,1689.637325750837,1704.9896240234375,280736
2017-07-28,1713.8820155161613,1737.9268412556023,1696.7166293809853,1728.3265380859375,238964
2017-07-31,1734.0557391769507,1750.4247719228963,1716.0940005817142,1734.9405517578125,255936
2017-08-01,1734.1442558719039,1751.0441551203614,1718.9918399262565,1728.70263671875,228940
2017-08-02,1729.8087263986135,1738.2144465524686,1699.1278046332995,1709.5023193359375,321538
2017-08-03,1704.3258645286946,1720.9603834179109,1696.2077743122647,1713.8597412109375,149358
2017-08-04,1694.4162493682095,1741.9749299966907,1694.4162493682095,1733.08251953125,193840
2017-08-07,1733.7018449124691,1863.349033841371,1725.4067267163189,1817.3165283203125,1782682
2017-08-08,1820.9442921627644,1832.07076716794,1760.7770366394077,1801.63330078125,750352
2017-08-09,1800.1512080958282,1802.761362023513,1766.48404595965,1795.682861328125,348022
2017-08-10,1782.012566674593,1873.1262300698168,1782.012566674593,1822.360107421875,653174
2017-08-11,1805.349537577936,1839.0830184920615,1792.1879499425888,1814.7286376953125,297426
2017-08-14,1824.1960090146615,1860.8714470496543,1814.5293884277344,1840.41015625,198656
2017-08-16,1847.0464376744917,1907.6340713010254,1845.2988462541152,1902.3251953125,589396
2017-08-17,1919.6010806230977,1919.9771692102313,1873.5908219494859,1880.4481201171875,341412
2017-08-18,1862.9948994099193,1895.246490390436,1862.9948994099193,1880.8682861328125,160612
2017-08-21,1874.1216121334994,1892.3486216705542,1863.4373274148827,1871.2900390625,192688
2017-08-22,1878.0150331511663,1884.1866883955172,1849.5461401515943,1857.5980224609375,212366
2017-08-23,1869.4766994204956,1888.0577671126048,1838.6408887715718,1878.9661865234375,237424
2017-08-24,1873.5906084623132,1891.0213728083775,1855.1644299795216,1864.3443603515625,246838
2017-08-28,1880.2268541176486,1884.1421932411415,1847.466752631624,1852.9302978515625,300058
2017-08-29,1849.7006666385817,1866.622706939688,1832.5353892896421,1845.9844970703125,330262
2017-08-30,1849.2582341012296,1885.7567518795433,1849.2582341012296,1876.39990234375,202468
2017-08-31,1888.0573811018944,1889.959641712058,1863.5258662925132,1871.7989501953125,269094
2017-09-01,1866.954454353106,1884.783340578435,1858.769938380231,1877.5501708984375,192344
2017-09-04,1878.014848221612,1884.2085367669836,1836.428653702688,1866.7998046875,229534
2017-09-05,1876.6878242788064,1889.893697646326,1866.9548841246024,1884.9166259765625,274206
2017-09-06,1871.378517591102,1883.323486852322,1862.0879859434867,1879.2755126953125,231278
2017-09-07,1880.6689827395887,1900.134857884388,1877.5721389665525,1885.1373291015625,229848
2017-09-08,1893.9412361927396,1924.467268731235,1888.7872463664264,1897.148681640625,278692
2017-09-11,1897.9233518958922,1915.6196069252246,1897.9233518958922,1901.15283203125,142188
2017-09-12,1915.6192571366398,1919.379710643721,1903.6300033397354,1909.95654296875,226842
2017-09-13,1913.4074143259534,1928.8916361759898,1893.499129090192,1915.597412109375,185576
2017-09-14,1924.025190865198,1924.025190865198,1908.2977317368727,1920.3310546875,189126
2017-09-15,1922.2555769630767,1938.1158877005673,1915.6194817606724,1927.564453125,279594
2017-09-18,1937.695202008359,1950.5692678234973,1929.9088083592383,1941.4779052734375,435432
2017-09-19,1933.4259645696673,1944.3755195432043,1912.522268711097,1933.4039306640625,217864
2017-09-20,1933.3154481284262,1940.8143209994673,1920.596267548634,1924.9317626953125,94136
2017-09-21,1935.0850918140436,1935.0850918140436,1905.0234983218006,1914.7786865234375,160572
2017-09-22,1904.5149436370298,1922.5652512926033,1882.0185388265475,1889.2076416015625,385618
2017-09-25,1872.528770127683,1910.5093905667875,1872.528770127683,1893.9854736328125,267888
2017-09-26,1894.0742034344999,1920.043542361954,1886.8630663994777,1913.849853515625,211236
2017-09-27,1916.4598448902668,1927.7191718508534,1890.3801226112937,1903.121337890625,315854
2017-09-28,1896.5959880423586,1935.527746136067,1896.1535817003846,1919.910888671875,352834
2017-09-29,1922.2552666206138,1927.1660194813112,1912.9867687434714,1921.9234619140625,312358
2017-10-03,1953.2234966735377,1953.2234966735377,1915.618967292507,1920.0650634765625,145814
2017-10-04,1915.6195020776286,1945.7031339809262,1915.6195020776286,1920.862060546875,227520
2017-10-05,1939.9518887168776,1939.9518887168776,1922.2776682263207,1930.5064697265625,148214
2017-10-06,1930.4397660115467,1933.3154067767753,1914.0707339633223,1929.7098388671875,201946
2017-10-09,1929.7102173491496,1943.5574499578438,1912.5006532132907,1922.034423828125,368164
2017-10-10,1937.297376226612,1942.3407653336653,1917.3890907892526,1923.8482666015625,174918
2017-10-11,1925.3522804087415,1946.1453771870529,1903.36460017398,1935.947998046875,645590
2017-10-12,1944.3312979866994,2025.5571334138244,1941.7431780699615,2010.4932861328125,852122
2017-10-13,2012.9488871680562,2059.8439601438395,2012.9488871680562,2027.1944580078125,711828
2017-10-16,2030.7114429749204,2042.8998674009692,1997.5089331627416,2008.569091796875,222746
2017-10-17,2004.1008361180661,2052.7655363328536,2004.1008361180661,2041.8380126953125,212614
2017-10-18,2044.3592286284934,2090.3694774441965,2037.302762715155,2073.04931640625,358176
2017-10-19,2083.7338628744196,2090.369957979115,2043.9615760840213,2047.45654296875,29398
2017-10-23,2053.9601547114853,2100.0810191051983,2051.9250421915644,2059.490234375,242700
2017-10-24,2074.000757673236,2074.000757673236,2035.975849354062,2046.5052490234375,145054
2017-10-25,2056.746937787654,2061.569123369003,2024.0088708063063,2054.6455078125,307034
2017-10-26,2046.814630617595,2063.183662516078,2029.317549144393,2037.1259765625,300778
2017-10-27,2039.0064350791683,2059.2244902118427,2021.8411563545435,2033.896728515625,187416
2017-10-30,2035.0691689773748,2109.1501971990506,2035.0691689773748,2099.6162109375,315004
2017-10-31,2101.429839472869,2110.2779651127544,2048.650856438427,2052.5439453125,238030
2017-11-01,2053.6498279412153,2099.4609090656945,2053.6498279412153,2078.0927734375,271256
2017-11-02,2080.2605413497367,2089.816559719377,2028.3441238071664,2061.015869140625,168102
2017-11-03,2083.247104159789,2083.247104159789,2048.385572097516,2060.77294921875,115566
2017-11-06,2058.1629370686464,2079.5090437589006,2043.983683738805,2054.11474609375,240006
2017-11-07,2065.152790754732,2097.8908598455314,2038.608410410841,2056.7470703125,408354
2017-11-08,2065.5950908716222,2073.713289979732,2035.1576227166797,2058.73779296875,198650
2017-11-09,2063.8252718363447,2123.461551268856,2058.7818835076205,2104.947021484375,345826
2017-11-10,2114.259514720783,2175.6654171484734,2097.4480768552485,2155.845703125,487212
2017-11-13,2112.490095209997,2179.558933897263,2073.8015776347434,2159.960205078125,668372
2017-11-14,2170.887704288393,2174.493272413357,2113.065114732249,2118.396240234375,558680
2017-11-15,2114.701880896692,2134.6101622022047,2090.900510987794,2101.319091796875,195022
2017-11-16,2097.00575274396,2130.6506636985464,2091.696877420557,2095.5458984375,258546
2017-11-17,2109.8355898714876,2136.756055730643,2094.793776062381,2101.451904296875,398036
2017-11-20,2113.3751407734712,2123.1080805048964,2090.0824895745113,2107.27001953125,318362
2017-11-21,2110.278285041953,2142.994320962829,2109.8358786928875,2131.027099609375,301546
2017-11-22,2134.610887082549,2139.676526786857,2100.545594169522,2112.556884765625,242728
2017-11-23,2115.343576773714,2127.974189557897,2106.318315919889,2115.74169921875,143060
2017-11-24,2117.379028463806,2121.139482800139,2083.0925330443,2097.89111328125,291786
2017-11-27,2109.8356185243747,2134.14593081525,2106.1857665946563,2122.1787109375,388640
2017-11-28,2128.859353986427,2147.3077851697344,2114.7909184785453,2121.205810546875,302222
2017-11-29,2132.3984934897017,2137.28699698949,2116.9363059727834,2128.483154296875,305992
2017-11-30,2129.743766926115,2159.8273930480455,2074.9296737106274,2130.45166015625,6269128
2017-12-01,2141.7111512311762,2152.3068696072355,2107.8893157485822,2126.182861328125,331530
2017-12-04,2108.0662032799955,2128.3062932695148,2101.4301082014645,2107.2919921875,132580
2017-12-05,2107.291933074754,2128.2399158221046,2094.9265898511367,2106.672607421875,200320
2017-12-06,2121.2937446460205,2121.2937446460205,2086.0561290451456,2106.052978515625,156706
2017-12-07,2110.2785302645684,2189.911682350024,2108.0885321747182,2189.8896484375,279804
2017-12-08,2189.8892673054856,2196.0607059067706,2139.4769803377267,2148.2587890625,233564
2017-12-11,2154.562917379366,2189.468730476823,2140.27306459288,2154.164794921875,202690
2017-12-12,2157.173133028281,2171.7725410245757,2135.0528178823797,2150.138916015625,131964
2017-12-13,2150.0949658004874,2155.846248630818,2121.427119330642,2130.120361328125,146554
2017-12-14,2144.56478022014,2144.56478022014,2061.6135896494798,2077.031494140625,359052
2017-12-15,2100.6337081979714,2100.6337081979714,2070.925951940181,2080.90234375,255604
2017-12-18,2084.0211658812113,2084.0211658812113,2034.361059373662,2079.08837890625,373042
2017-12-19,2085.9457410392374,2114.458913981179,2069.709343137346,2104.32763671875,548372
2017-12-20,2110.277767974104,2110.277767974104,2085.945424737505,2099.39453125,263210
2017-12-21,2092.6481015194863,2101.429909714348,2081.9640326559415,2093.7763671875,172134
2017-12-22,2126.647263710559,2134.5885438737373,2094.794007420324,2099.947998046875,569018
2017-12-26,2112.4901005649867,2112.4901005649867,2090.944827163262,2099.4833984375,142748
2017-12-27,2099.4835842536986,2101.4301289588843,2089.8612462947813,2094.8603515625,188500
2017-12-28,2097.4925167885917,2097.51455069574,2059.887981922271,2064.289794921875,395054
2017-12-29,2064.2898170187473,2092.1173459326583,2064.2677831113633,2083.40185546875,263158
2018-01-01,2101.430208319593,2112.0479609511026,2086.0345534113967,2096.23193359375,112320
2018-01-02,2096.2318545968315,2098.001479968728,2054.5350567715263,2059.865966796875,176798
2018-01-03,2061.1709313409383,2083.7116185107748,2060.0869495091647,2070.8818359375,166046
2018-01-04,2061.171024247623,2074.3989298794686,2039.5594325282132,2046.74853515625,334700
2018-01-05,2062.4981309766245,2070.240241077888,2041.417514390352,2054.5791015625,264116
2018-01-08,2061.6137067243676,2084.176431840879,2047.3018172947545,2076.544921875,176830
2018-01-09,2079.3095279820136,2085.215695057786,2046.0627390521674,2053.6279296875,244280
2018-01-10,2060.219886200129,2083.2913322675176,2049.0048429384174,2068.138916015625,388758
2018-01-11,2066.03754612071,2100.987645937313,2049.226105702597,2088.843505859375,223456
2018-01-12,2094.7937796432043,2109.8355934780234,2062.2105996429896,2082.9814453125,257274
2018-01-15,2082.9813864858984,2117.356440598027,2081.5215321800497,2088.09130859375,177464
2018-01-16,2089.9272723134977,2111.605180091517,2035.5112997278586,2069.2890625,336198
2018-01-17,2070.4619170832652,2102.757583738624,2052.7876952938273,2101.341796875,205684
2018-01-18,2105.7214597687407,2114.171247714155,2037.7235215879034,2049.0048828125,355846
2018-01-19,2063.8255303919614,2076.124339964088,2048.341308834894,2072.430419921875,131186
2018-01-22,2068.249392701926,2102.3146768170163,2066.0373612658814,2082.561279296875,161802
2018-01-23,2072.673654802711,2106.097366606611,2056.857628514729,2095.435546875,200710
2018-01-24,2095.4136426184473,2103.708762669365,2070.9264050243883,2087.826416015625,160134
2018-01-25,2087.8039267875674,2087.8039267875674,2035.511414983212,2046.3946533203125,796634
2018-01-29,2052.7652852341466,2083.733727037248,2038.1658769555418,2075.814697265625,220442
2018-01-30,2065.5952379815894,2097.028122586863,2052.8540215718017,2081.787353515625,258332
2018-01-31,2074.88572770602,2084.7955864853493,2055.950822824421,2072.297607421875,143774
2018-02-01,2072.3414553330554,2106.6059054520147,2059.7771611655016,2097.226806640625,297688
2018-02-02,2068.4707857986295,2097.005993944071,2024.8937625067538,2091.011474609375,374368
2018-02-05,2078.8671036505334,2078.8671036505334,2017.3726309100728,2042.4571533203125,354840
2018-02-06,1990.8285670466403,2044.138532008667,1946.5879322233816,2004.2999267578125,274268
2018-02-07,2041.6607834717413,2046.1291302897357,1987.7535328029624,2013.1478271484375,256576
2018-02-08,2012.8825306770302,2058.959107816889,1997.685829683533,2047.45654296875,199332
2018-02-09,2002.3531562839148,2070.373131994259,2002.3531562839148,2053.274169921875,241482
2018-02-12,2066.0376270707834,2119.126388365964,2066.0376270707834,2111.38427734375,429514
2018-02-14,2152.306660186519,2157.0845618427616,2099.8151956346314,2107.68994140625,699924
2018-02-15,2118.1526674546258,2130.783496159945,2079.9951264085075,2103.9736328125,165652
2018-02-16,2123.9926952078304,2127.974351999513,2095.236285045675,2115.56494140625,165568
2018-02-19,2115.365572451582,2115.365572451582,2077.4955526710687,2094.04150390625,89962
2018-02-20,2091.6970302627924,2114.702158345209,2090.369811334961,2094.395751953125,265356
2018-02-21,2112.4903579872666,2117.7549504400754,2096.8292161286568,2110.167724609375,246902
2018-02-22,2112.047788282115,2156.7308269533537,2102.0273282590897,2148.2587890625,424906
2018-02-23,2167.791115522766,2202.7412171811948,2156.775240608855,2195.176025390625,305410
2018-02-26,2196.812856152216,2211.1467776535515,2187.278870386842,2196.436767578125,224702
2018-02-27,2200.9709917209348,2241.1413909513094,2172.435789918724,2190.90625,427034
2018-02-28,2181.062945531893,2216.145676889261,2166.5961738670353,2209.487548828125,180960
2018-03-01,2205.395159557946,2212.0092194128374,2176.638753264813,2187.190185546875,105070
2018-03-05,2173.0998940461254,2185.2440342181812,2163.986280439827,2168.875,157468
2018-03-06,2165.578600406193,2183.230566631713,2117.820759164432,2134.69873046875,156356
2018-03-07,2134.6102321842377,2174.4267961006276,2114.7019502260428,2161.02197265625,253844
2018-03-08,2170.2243362546214,2175.5332124211805,2133.394007849118,2144.962890625,268074
2018-03-09,2154.0765078197815,2158.9429776464435,2134.2788237522245,2142.04296875,377004
2018-03-12,2156.730845635176,2165.5789721813717,2132.7303023786203,2153.10302734375,146012
2018-03-13,2150.33803379124,2165.579018500534,2137.8623047054916,2154.496826171875,218066
2018-03-14,2145.781876351346,2147.883306981245,2126.205391009653,2134.05810546875,208792
2018-03-15,2142.573869006926,2166.02140463719,2129.0361920242003,2153.74462890625,606398
2018-03-16,2154.496404925039,2165.57859508691,2141.2462513218884,2150.35986328125,303842
2018-03-19,2150.9797941564225,2154.4970112433793,2124.877818044693,2130.429931640625,223656
2018-03-20,2132.3982589234124,2139.0343530901864,2126.204571034423,2134.63232421875,323252
2018-03-21,2132.3984022145746,2148.3250292850566,2132.3984022145746,2138.791259765625,404664
2018-03-22,2147.8825345653095,2154.518628904852,2132.6195175843613,2140.4501953125,177046
2018-03-23,2128.4166557619387,2154.5186268053712,2119.126123695632,2141.091552734375,273344
2018-03-26,2141.268680870312,2154.518836921701,2140.782206720067,2149.2099609375,192504
2018-03-27,2156.7305006633615,2205.7269935758677,2151.7977141066062,2196.45849609375,485252
2018-03-28,2196.4585722150173,2213.80098448013,2169.6489249541287,2199.024658203125,526032
2018-04-02,2211.147029353381,2264.103158060515,2200.7061958549684,2259.391357421875,291716
2018-04-03,2264.2354749296032,2264.677881235764,2231.7628952611612,2256.18359375,214838
2018-04-04,2237.2489061922524,2249.5477162831103,2208.050087167398,2222.826416015625,268380
2018-04-05,2223.091916894925,2245.0795989779735,2216.8982279722327,2242.049072265625,204054
2018-04-06,2251.8259916950137,2300.490683800364,2234.151773927455,2290.890380859375,272780
2018-04-09,2292.5491234363562,2303.609279377288,2272.441673528274,2284.09912109375,125078
2018-04-10,2284.5863936127475,2290.558879343532,2238.5761331681842,2271.4248046875,148514
2018-04-11,2273.9242393356067,2283.413941467225,2258.926708038273,2271.911376953125,87602
2018-04-12,2270.871764144324,2301.8402082296743,2260.696418230566,2284.07763671875,223378
2018-04-13,2309.3611932401977,2316.506012732013,2282.197486010046,2304.450439453125,293690
2018-04-16,2306.2198897024523,2361.5649641952214,2294.252885011871,2350.21728515625,191334
2018-04-17,2361.1225907560456,2398.0414855200233,2351.057846716379,2363.37890625,392794
2018-04-18,2374.8371554020573,2383.8622012389633,2354.0440581025236,2372.02783203125,129790
2018-04-19,2374.3947704459074,2397.510501162471,2365.1705552720136,2387.135986328125,129052
2018-04-20,2387.2245401976647,2389.4145379235306,2344.5323296474285,2354.641357421875,88072
2018-04-23,2366.8743473791224,2373.421875988667,2346.7228213523986,2350.52734375,181690
2018-04-24,2358.0257337630264,2363.821299877144,2323.119917605812,2343.514892578125,116198
2018-04-25,2344.753299552514,2412.2202577000157,2334.6885566157557,2378.06640625,190562
2018-04-26,2380.1462435719645,2394.3252811619586,2364.7063046380417,2377.226318359375,184850
2018-04-27,2384.5696315932164,2431.3983752615413,2379.415642105288,2415.869873046875,176864
2018-04-30,2416.865580557104,2449.360409210953,2415.538361677062,2439.074462890625,129498
2018-05-02,2453.1428930933994,2462.212222094015,2392.887069618414,2400.076171875,144158
2018-05-03,2415.5384400598664,2415.5384400598664,2353.601556981408,2361.166748046875,152102
2018-05-04,2366.8739439994138,2401.0498341253865,2345.196033110447,2382.136962890625,225300
2018-05-07,2382.137141765457,2433.2571123235102,2382.137141765457,2421.157470703125,151632
2018-05-08,2428.810695266487,2433.234758463694,2381.5838206363055,2408.769775390625,107506
2018-05-09,2397.3993355072084,2412.241977962313,2384.171432571125,2389.6572265625,125672
2018-05-10,2389.1931999464987,2400.5629122962164,2364.8828872451036,2382.99951171875,200292
2018-05-11,2388.994083789655,2429.8723837974253,2388.994083789655,2423.369140625,124232
2018-05-14,2437.658700786392,2437.658700786392,2394.833857568441,2417.352294921875,80048
2018-05-15,2433.23439792399,2436.641012488555,2396.204908042657,2413.237548828125,277736
2018-05-16,2402.2667017079357,2470.8396922723427,2360.525615538046,2451.90478515625,478002
2018-05-17,2455.3552397100525,2464.2033666999987,2407.154981524831,2422.948974609375,266524
2018-05-18,2437.2166168909785,2495.1718495670934,2424.4974341471748,2476.17041015625,306418
2018-05-21,2480.5722278813223,2508.886232265914,2423.8999352765463,2442.790771484375,222480
2018-05-22,2455.1117779312403,2490.7475197143426,2442.2154612086965,2479.421875,223362
2018-05-23,2486.3232543584977,2537.199975755513,2477.475128898147,2528.66162109375,389010
2018-05-24,2523.198288932458,2562.373284653766,2513.752870195683,2529.76806640625,263790
2018-05-25,2530.5643634706134,2588.0771899131273,2524.392708379483,2578.123046875,234922
2018-05-28,2600.7963127703306,2600.7963127703306,2562.8599685100617,2584.958251953125,136482
2018-05-29,2590.1565328368947,2596.040450859608,2556.3344811144393,2568.213134765625,169824
2018-05-30,2545.3402690074963,2574.605401465588,2537.64244287615,2561.466064453125,220698
2018-05-31,2565.956380720806,2661.4275679270463,2548.2601298192835,2620.792724609375,620770
2018-06-01,2642.9357532297404,2642.9357532297404,2563.3911713361485,2571.465087890625,244766
2018-06-04,2582.502618454842,2594.292703721515,2526.4055832845165,2551.00341796875,234986
2018-06-05,2546.2916460874235,2583.652946767949,2546.2916460874235,2571.177001953125,146208
2018-06-06,2568.16853659947,2605.3306652944493,2568.16853659947,2599.999755859375,137324
2018-06-07,2614.6215146015106,2661.9589937998794,2604.9328587917576,2651.473876953125,244240
2018-06-08,2661.516566527883,2661.516566527883,2604.9105883838174,2618.005859375,176896
2018-06-11,2622.142294930474,2638.621930578552,2610.639730451278,2614.820556640625,138474
2018-06-12,2614.820773888777,2634.529890947567,2592.744523566103,2630.813720703125,90798
2018-06-13,2625.725794318131,2689.8304269136975,2625.725794318131,2662.025146484375,198276
2018-06-14,2675.230552425139,2675.230552425139,2641.607677944519,2655.211669921875,153536
2018-06-15,2661.0739549626874,2733.827759058219,2652.358464247181,2714.87060546875,358540
2018-06-18,2713.587522932523,2713.587522932523,2680.9378094134613,2687.17578125,234716
2018-06-19,2680.9818762686914,2691.135186118467,2619.95184764484,2644.06298828125,190784
2018-06-20,2653.7298952939377,2678.9913381189467,2641.165599631758,2652.468994140625,259288
2018-06-21,2654.4379488044574,2667.6881046397248,2632.31763256442,2637.936279296875,151972
2018-06-22,2640.678900907807,2653.552967344244,2608.0071526960023,2636.498291015625,184020
2018-06-25,2642.9350708622114,2676.5136637278483,2636.741383049679,2644.439208984375,129686
2018-06-26,2657.092377006611,2690.626689896013,2638.0689051099603,2676.6025390625,225122
2018-06-27,2692.484489595068,2711.5079587131404,2675.6730517697947,2693.1923828125,273890
2018-06-28,2709.296196272571,2719.9139475316406,2679.013398461619,2711.75146484375,256268
2018-06-29,2720.798795121077,2768.5566424933268,2704.119990896349,2749.002197265625,315222
2018-07-02,2754.8641779974464,2772.980803362535,2729.71333528846,2757.49658203125,160600
2018-07-03,2769.2864429616934,2769.2864429616934,2736.747330875207,2750.24072265625,187682
2018-07-04,2747.365622306997,2795.6101671057686,2747.365622306997,2787.049560546875,197908
2018-07-05,2808.8375892114095,2817.6857151815193,2784.593810460788,2790.38916015625,144032
2018-07-06,2782.735464986932,2813.4827010468034,2778.753808518747,2791.539306640625,234676
2018-07-09,2792.0260536256023,2834.563374556882,2787.1595845097913,2823.81298828125,123170
2018-07-10,2835.824511890703,2842.4826406008406,2818.23886066642,2826.84375,183948
2018-07-11,2834.939411422083,2835.35978379099,2790.698783903012,2812.70849609375,294276
2018-07-12,2831.378559941709,2845.2037581538743,2797.003500699494,2833.900146484375,287710
2018-07-13,2826.9764226014545,2875.6411184521835,2826.9764226014545,2864.625244140625,220690
2018-07-16,2875.6413797175715,2905.282606246968,2875.6193458067596,2890.108154296875,172274
2018-07-17,2895.5495016027226,2908.46785316633,2837.837508016613,2843.30126953125,217354
2018-07-18,2853.9631237881754,2864.6029092032168,2791.583833685225,2816.27001953125,214518
2018-07-19,2815.9157844506753,2829.8072975127293,2779.749073472067,2819.145263671875,197248
2018-07-20,2820.7827383208264,2846.7520760989887,2792.02632709265,2812.8857421875,193864
2018-07-23,2831.4003386434206,2863.4305117705835,2815.9161180414644,2847.304931640625,169912
2018-07-24,2860.1572524652106,2873.4294438919633,2830.516024945463,2860.798828125,158028
2018-07-25,2875.1985575547506,2886.2587151080465,2844.6725227076545,2850.8662109375,108572
2018-07-26,2870.7745308289477,2873.229799429341,2837.8372948113233,2853.6533203125,215952
2018-07-27,2861.9586135541404,2886.829762275281,2829.0931670297755,2835.843994140625,139908
2018-07-30,2853.520223940969,2853.520223940969,2756.100778059952,2811.97216796875,387246
2018-07-31,2833.4902112894115,2913.477651777903,2794.2072471519346,2905.572265625,344678
2018-08-01,2922.3598402944863,2942.3455838831264,2853.4979371844174,2882.32177734375,307076
2018-08-02,2877.9472406105065,2908.5920491910815,2859.760126165743,2867.909912109375,232300
2018-08-03,2895.712165594149,2896.600420859669,2828.293677684884,2839.1748046875,344500
2018-08-06,2860.1821258829727,2881.5002535293056,2782.393209728665,2809.862548828125,1199318
2018-08-07,2813.104789895498,2827.5610594686855,2740.26784869833,2753.769287109375,699322
2018-08-08,2767.6259528241603,2805.5544113887763,2760.7196376370675,2798.6259765625,383192
2018-08-09,2806.8867958047304,2824.007830260141,2789.365872970146,2813.726318359375,261426
2018-08-10,2825.9845167025865,2825.9845167025865,2789.6105019386555,2817.43505859375,218272
2018-08-13,2817.1017943395623,2865.0675824191258,2803.7779643174613,2856.029541015625,324370
2018-08-14,2864.623560441501,2884.3427862299054,2853.320424145373,2868.8427734375,336188
2018-08-16,2873.0616786336923,2895.712188080333,2854.008646412181,2884.2314453125,295894
2018-08-17,2895.40140937118,2949.2076496531927,2877.592063432506,2944.52197265625,403128
2018-08-20,2961.8870977406914,3014.2052446323214,2953.4486729608034,3007.36572265625,289424
2018-08-21,3017.847393360238,3070.7874961875905,2980.118662603907,3045.583251953125,440782
2018-08-23,3072.474840439877,3079.7363703166566,3034.1467140106747,3064.547119140625,325100
2018-08-24,3060.039355462569,3060.039355462569,3004.52340198901,3008.2763671875,275836
2018-08-27,3014.116815643406,3046.715742460574,3011.851721209385,3022.2666015625,130788
2018-08-28,3039.5650617990927,3046.0272489698323,3028.5063271176646,3040.34228515625,155306
2018-08-29,3042.7187718694668,3042.7187718694668,2987.2917234899164,2991.55517578125,189950
2018-08-30,2991.555071863786,3009.4090909356314,2915.7870648739404,2971.214111328125,300922
2018-08-31,2971.4806023887318,3011.1855723155636,2953.4710954358306,2991.97705078125,219378
2018-09-03,3015.627109181838,3026.708182136736,2901.0421615870055,2916.075927734375,170104
2018-09-04,2902.9963692053293,2935.084596793711,2797.871468591874,2817.568359375,408846
2018-09-05,2783.7920373446345,2806.775642630624,2686.9722121785317,2746.929443359375,746628
2018-09-06,2753.569411148784,2806.4206034332715,2718.5720209322685,2751.126708984375,365564
2018-09-07,2771.7562445964327,2786.6345210704885,2742.8434908227687,2766.515625,173558
2018-09-10,2771.3565533208894,2773.577191584768,2702.516767140643,2706.513916015625,171172
2018-09-11,2710.3332102141685,2713.8638946164688,2629.302040605751,2638.14013671875,424094
2018-09-12,2655.8831279286323,2691.4133369979118,2624.9496830295284,2671.649658203125,439116
2018-09-14,2695.4107168563005,2731.3850566265032,2664.7659089039057,2714.641357421875,522686
2018-09-17,2712.731792564454,2712.731792564454,2654.351123939204,2674.42578125,295048
2018-09-18,2674.758699441653,2733.783219150892,2665.854027044808,2694.255859375,475678
2018-09-19,2721.613948037318,2721.613948037318,2633.6766827449896,2646.9560546875,266474
2018-09-21,2653.707505695582,2666.9647611225173,2384.9879064366014,2571.83251953125,741492
2018-09-24,2592.594984300389,2592.594984300389,2470.4598886802423,2488.0029296875,391462
2018-09-25,2498.2179734702654,2580.958866007921,2434.7298406274617,2564.326416015625,468202
2018-09-26,2607.02947338859,2609.2501117815955,2509.3213840963426,2523.489013671875,381034
2018-09-27,2524.8654746474613,2560.839811225552,2498.21781792295,2531.4384765625,464964
2018-09-28,2573.275675368389,2615.911930949225,2457.8913954464347,2586.37744140625,886018
2018-10-01,2602.587968839173,2611.470521633846,2531.971674121523,2595.281982421875,345992
2018-10-03,2586.5996123458235,2591.3295287733413,2532.4160353014913,2549.0263671875,267012
2018-10-04,2530.6393657616973,2530.6393657616973,2465.0860808337966,2498.37353515625,637498
2018-10-05,2493.777088418009,2493.777088418009,2389.473652487842,2419.474609375,518324
2018-10-08,2393.4040037829354,2473.7466555835426,2374.817217498063,2462.021728515625,459540
2018-10-09,2508.432941851894,2522.156442726375,2418.785733233452,2447.698486328125,638166
2018-10-10,2431.598692131594,2553.733786256925,2426.7354080036557,2535.302490234375,274440
2018-10-11,2453.8054687726,2514.850906047111,2438.5275197234887,2473.880126953125,274782
2018-10-12,2517.9595886204793,2571.054962362272,2496.5746688146255,2557.06494140625,435472
2018-10-15,2568.834208820555,2569.2562168122236,2495.9972775884366,2518.914306640625,388950
2018-10-16,2536.6130405377426,2562.6166285954905,2495.997478805313,2531.749755859375,196318
2018-10-17,2557.7313083193885,2566.014246176952,2444.967333774529,2460.93359375,378956
2018-10-19,2464.0200745160982,2484.449945357436,2431.5987577461497,2470.904052734375,341554
2018-10-22,2494.6649751705154,2497.1076772113624,2465.352550680351,2478.298828125,190686
2018-10-23,2473.3470006030793,2487.603542218657,2421.495094996972,2435.84033203125,384402
2018-10-24,2454.0276235342067,2480.0090941661406,2358.3181035140055,2380.591064453125,484590
2018-10-25,2358.318056207756,2402.553217922029,2334.3351607208974,2358.007080078125,496216
2018-10-26,2371.3975070232,2393.4039457034555,2334.8680072024335,2362.981201171875,267434
2018-10-29,2361.782049050466,2420.05168640083,2355.053558186858,2397.51220703125,188156
2018-10-30,2407.1718701811255,2428.0458697933973,2387.3637335601925,2419.56298828125,269272
2018-10-31,2428.046113556944,2516.449644684757,2415.632657712482,2506.701171875,424200
2018-11-01,2522.644681874878,2539.454954332798,2471.5700096186088,2479.58642578125,251860
2018-11-02,2496.4416354396817,2542.6309131635257,2478.232400952397,2487.55908203125,253576
2018-11-05,2493.3326991814956,2545.4955799256904,2492.0003161929767,2537.967529296875,183000
2018-11-06,2542.408502622658,2575.496009556956,2509.854035563862,2540.965087890625,230172
2018-11-07,2540.965087890625,2540.965087890625,2540.965087890625,2540.965087890625,0
2018-11-09,2591.0407604728803,2615.46778169777,2531.97178187451,2552.157470703125,442248
2018-11-12,2561.5063152262205,2585.8888807327344,2479.7423684936243,2557.087158203125,697690
2018-11-13,2567.0581342464975,2593.705796539714,2511.9862988405175,2581.514404296875,361806
2018-11-14,2602.5885967216136,2603.920979962256,2545.5626373939663,2562.9501953125,309186
2018-11-15,2573.2758245492387,2588.3761659428656,2545.7620275309855,2584.00146484375,122506
2018-11-16,2590.5969150433384,2660.3249650453618,2571.49942364151,2641.51611328125,451886
2018-11-19,2660.3242117333593,2675.424549496119,2638.117832670476,2660.124267578125,368136
2018-11-20,2651.44245740775,2667.3865989975343,2594.083406412058,2615.3349609375,216502
2018-11-21,2624.794175623823,2675.8688507840156,2624.794175623823,2666.830810546875,395944
2018-11-22,2669.207162010685,2691.5911520773366,2655.883332583011,2668.6298828125,349046
2018-11-26,2681.643019789693,2690.925245234278,2643.003910362448,2668.34130859375,348208
2018-11-27,2673.603785397149,2700.295898422804,2649.665350327376,2680.332275390625,430868
2018-11-28,2695.854895351748,2695.854895351748,2642.781639998447,2647.778076171875,248828
2018-11-29,2678.9781588608384,2704.7375642345005,2651.442242771752,2693.501220703125,414182
2018-11-30,2701.095576006359,2839.7523212903716,2701.0068805879087,2815.54736328125,954568
2018-12-03,2820.2108575793495,2832.5575207318334,2737.0258272168016,2748.706298828125,311813
2018-12-04,2753.769373909467,2779.1291091926037,2714.5974405122947,2747.462890625,329006
2018-12-05,2744.708769360754,2761.9408347612825,2722.5468438667194,2747.37353515625,205221
2018-12-06,2734.849465377001,2734.849465377001,2647.0010930266208,2652.6416015625,302116
2018-12-07,2652.641701445471,2677.0687258747234,2620.353529683473,2669.5185546875,155500
2018-12-10,2651.3976662365685,2664.7659521349537,2602.5880799184715,2647.578125,197626
2018-12-11,2638.118307199322,2673.5596078149824,2611.470647530642,2662.27880859375,198219
2018-12-12,2666.3648698207267,2730.496860718193,2664.988030699336,2714.952392578125,261560
2018-12-13,2742.9322206055094,2805.0656321661045,2738.6240958858166,2791.9638671875,401085
2018-12-14,2788.855000457077,2816.7463457766667,2751.326215668157,2785.346435546875,187229
2018-12-17,2806.6648104957935,2815.769427730569,2766.0271286917955,2809.729248046875,228526
2018-12-18,2804.2219584027885,2827.3165960076262,2780.239065505457,2814.614501953125,230834
2018-12-19,2824.5629424570134,2882.388449245654,2815.7693017284205,2868.043212890625,425672
2018-12-20,2849.2564918602175,2873.2838411765133,2807.0199088337067,2816.5244140625,205790
2018-12-21,2841.5289824842134,2842.417237871048,2759.898399177794,2771.17919921875,359201
2018-12-24,2771.8009741136375,2804.222296195082,2737.736292799442,2754.080322265625,245822
2018-12-26,2741.5112726342104,2766.027207459427,2701.184565794514,2743.7763671875,159442
2018-12-27,2762.4739541780245,2775.7533274026346,2719.8377002228654,2731.740234375,240314
2018-12-28,2738.4910761223928,2766.337966380974,2736.6701093947136,2752.259033203125,169577
2018-12-31,2758.1661342165125,2771.3568134859293,2738.491364095231,2767.270751953125,184698
2019-01-01,2771.356665918967,2779.2620517158834,2735.826452253339,2756.30078125,140863
2019-01-02,2753.591648156152,2781.127564637714,2736.8924038212963,2768.558837890625,152324
2019-01-03,2768.558888839131,2821.9873636065954,2751.2821480800644,2785.47998046875,311498
2019-01-04,2787.3007766301293,2806.1762024415802,2758.5213906071785,2773.7548828125,170818
2019-01-07,2786.5455595224767,2802.4452413429985,2775.797584531496,2792.496826171875,152966
2019-01-08,2802.4453454290892,2802.4453454290892,2735.82620092602,2744.30908203125,217274
2019-01-09,2766.027082073218,2771.223462468196,2736.7146563479723,2747.062744140625,257227
2019-01-10,2753.591632345608,2753.591632345608,2729.608737483243,2743.7763671875,229690
2019-01-11,2744.7090652059674,2768.469896110258,2735.471296196211,2750.793701171875,353709
2019-01-14,2755.368220042953,2774.909838624818,2720.726259829647,2765.71630859375,154975
2019-01-15,2771.4896913443763,2842.328051616326,2749.1501572624843,2828.115966796875,278642
2019-01-16,2828.2048150535306,2846.769263685045,2793.5628590902493,2820.876708984375,182044
2019-01-17,2825.540325108733,2853.076241511868,2820.255249041911,2848.723876953125,154540
2019-01-18,2855.6078585347404,2857.8284969562774,2784.0143890807053,2816.96875,161433
2019-01-21,2815.7696555929715,2841.1293909733918,2786.0130992956956,2796.583251953125,174710
2019-01-22,2798.0042926761294,2820.166219812944,2780.37233761193,2801.246337890625,156085
2019-01-23,2821.987413900969,2868.176694833563,2807.8197836021445,2845.837158203125,286992
2019-01-24,2857.51742890107,2864.623471621371,2834.0231185289176,2857.38427734375,148520
2019-01-25,2861.0707710524043,2904.5952875943376,2836.244074886557,2848.32421875,325166
2019-01-28,2851.7434439768344,2861.958379222352,2781.1271524969534,2845.481201171875,216799
2019-01-29,2839.752172913331,2839.752172913331,2800.2248123582344,2824.6962890625,179979
2019-01-30,2839.7519434507994,2861.9583239907647,2824.7405169494564,2850.2333984375,116521
2019-01-31,2870.7967684693103,2870.7967684693103,2832.8238531376346,2840.3740234375,255273
2019-02-01,2843.305011619021,2918.8067067104353,2843.305011619021,2887.7177734375,387188
2019-02-04,2888.029137968068,2913.8327825679708,2867.4658963647416,2901.0419921875,140277
2019-02-05,2911.701311038335,2945.4550175116287,2798.0935278363913,2813.1494140625,503959
2019-02-06,2832.2017182239233,2842.3721969388566,2758.076864814895,2825.89501953125,313476
2019-02-07,2851.299716656815,2869.064823925705,2819.4114358528454,2854.941650390625,374133
2019-02-08,2787.7893984092393,2851.2996555340633,2749.150290927703,2762.47412109375,640983
2019-02-11,2771.356341759945,2782.2819245560286,2713.8862712497735,2760.297607421875,265355
2019-02-12,2758.0330069415268,2759.809517735048,2665.654445678429,2672.4052734375,515301
2019-02-14,2589.2641663916056,2619.4648462054356,2575.940337061975,2597.79150390625,288540
2019-02-15,2615.911813763164,2615.911813763164,2527.974540567051,2538.944580078125,374811
2019-02-18,2540.4100106965075,2610.5821753276346,2450.696230598484,2586.332763671875,700981
2019-02-19,2585.0007619765724,2643.40355317706,2532.416086883492,2552.4462890625,484180
2019-02-20,2561.728554360533,2602.588302453662,2561.728554360533,2595.748779296875,271061
2019-02-21,2614.9794459858,2680.754801841531,2607.029603513881,2666.1875,724297
2019-02-22,2671.872560670298,2715.6636004653687,2640.5170979528148,2676.13623046875,313430
2019-02-25,2676.490897658849,2733.161630675507,2648.777374934794,2707.579833984375,336072
2019-02-26,2714.508266227428,2747.329257030031,2680.9766277948083,2730.052734375,568492
2019-02-27,2735.826448636042,2761.5413973706973,2685.506870342315,2716.81787109375,393442
2019-02-28,2727.832104018014,2752.3480377401734,2693.98948938013,2715.3076171875,447041
2019-03-01,2738.4915019466193,2745.0202661276503,2720.1046578418873,2733.384033203125,217420
2019-03-05,2722.680345171999,2753.8137395873196,2718.0614605716305,2725.922607421875,246280
2019-03-06,2741.9997376811652,2741.9997376811652,2672.760278329257,2688.61572265625,383038
2019-03-07,2704.737227102869,2726.0553530307734,2690.2586232049957,2703.7158203125,254411
2019-03-08,2701.184739382343,2735.3825731430206,2683.419630935238,2728.010009765625,190651
2019-03-11,2741.1557970864874,2788.677454618609,2723.83481910749,2783.303466796875,336189
2019-03-12,2812.12732664038,2823.5859499593034,2772.1558387215314,2784.8134765625,413123
2019-03-13,2785.5685387563244,2798.004112590058,2748.1729049840606,2777.52978515625,298030
2019-03-14,2784.6806446881697,2815.769583305103,2767.8037922961203,2797.471435546875,293230
2019-03-15,2806.886559221068,2814.880856383407,2713.35323904987,2723.879150390625,403251
2019-03-18,2744.7091159535635,2784.5916956520477,2718.1503669150484,2774.33251953125,238905
2019-03-19,2778.4626267357353,2788.100283652079,2739.3793928558207,2776.153076171875,184380
2019-03-20,2777.3966764908146,2784.680326476904,2735.293245745308,2743.021240234375,257001
2019-03-22,2748.262083132614,2769.491299487462,2742.932550973986,2752.34814453125,197654
2019-03-25,2731.1631584312504,2752.703350834521,2719.038559554127,2745.375244140625,224948
2019-03-26,2753.5915295572327,2782.01570018492,2718.061316272623,2752.83642578125,340645
2019-03-27,2768.6919097995396,2768.6919097995396,2734.0499513516147,2750.837890625,360838
2019-03-28,2746.4852506833895,2770.0240149599454,2689.636914317369,2750.52685546875,3470524
2019-04-01,2757.9883937559744,2761.5858712798545,2703.8492737780243,2709.045654296875,497409
2019-04-02,2714.5084845432366,2717.706290705892,2647.3562900012903,2659.6142578125,378147
2019-04-03,2655.883499830577,2676.7575005817534,2624.9721702399697,2655.972412109375,439719
2019-04-04,2666.498440906412,2713.6204365396115,2650.687450310208,2701.8955078125,464430
2019-04-05,2707.402040945629,2710.111262868939,2652.1081508377333,2659.480712890625,387504
2019-04-08,2664.765713733594,2677.1568309306176,2633.2326527877467,2639.450439453125,293053
2019-04-09,2640.8719009222455,2654.7730095274915,2613.6912021864136,2631.8115234375,350181
2019-04-10,2638.029425952857,2660.3247215482484,2621.50800687947,2628.169921875,377556
2019-04-11,2632.7886211518153,2641.7156299901108,2611.470494664756,2616.844482421875,276801
2019-04-12,2622.129864681647,2655.883568901804,2615.02382168793,2650.820556640625,261483
2019-04-15,2662.989488628198,2671.8720419591796,2639.894849967647,2663.38916015625,221766
2019-04-16,2664.765864250538,2691.413522893043,2662.9893536743707,2682.97509765625,258557
2019-04-18,2691.2809094579015,2691.2809094579015,2654.240483051324,2662.767822265625,155314
2019-04-22,2654.99496639735,2677.201347849318,2639.0063717519324,2664.89892578125,150447
2019-04-23,2666.542537279808,2677.157145247237,2652.641427918088,2656.771728515625,138140
2019-04-24,2654.107045607375,2662.5899277628705,2622.174308427149,2645.402099609375,222279
2019-04-25,2654.1071816194117,2663.8779911903,2631.5898200918996,2637.452392578125,163138
2019-04-26,2655.8833317606827,2655.8833317606827,2624.7943964390693,2636.0751953125,121340
2019-04-30,2638.118573241891,2642.470938016342,2554.667020668931,2572.43212890625,458803
2019-05-02,2599.9233956113203,2629.1913658661915,2462.243817094151,2472.05908203125,1439763
2019-05-03,2471.9702383884423,2490.5349057356143,2389.4069451248392,2394.86962890625,1857697
2019-05-06,2397.401295025905,2397.401295025905,2357.829474072213,2368.0888671875,764919
2019-05-07,2383.189076780846,2416.498652024708,2349.168853893272,2354.365234375,1182277
2019-05-08,2359.739317096704,2369.065998538662,2323.5429105481508,2353.4326171875,723429
2019-05-09,2342.3292858219556,2389.2292102295955,2342.3292858219556,2373.7734375,457843
2019-05-10,2380.524756815129,2420.4962545974727,2374.306968271209,2388.119384765625,471289
2019-05-13,2393.848229190354,2405.0403336289587,2370.353917956601,2377.4599609375,332869
2019-05-14,2376.8821581173415,2418.719067512446,2361.026931877699,2396.157470703125,403041
2019-05-15,2398.289821150358,2407.127919897192,2362.7596015777603,2387.40869140625,322361
2019-05-16,2398.1116551880596,2431.1547083269106,2378.5700389720596,2412.678955078125,307180
2019-05-17,2415.921314578868,2473.879974106506,2407.171912948637,2468.68359375,533790
2019-05-20,2521.756757249069,2522.645012535173,2470.237950655041,2488.1806640625,442704
2019-05-21,2487.115053424778,2546.9833790385283,2481.8744334487506,2530.373046875,490607
2019-05-22,2541.29861087219,2556.3989521461594,2502.6595023182085,2533.881591796875,393507
2019-05-23,2552.8459364866267,2567.0580224239216,2511.186846326619,2521.490478515625,262582
2019-05-24,2527.0864610001404,2546.628078624746,2494.3986208744113,2532.46044921875,227827
2019-05-27,2549.2932383781927,2580.382180309634,2538.6786287191644,2572.87646484375,267259
2019-05-28,2584.8229384281913,2598.146768007718,2558.1752792691377,2564.39306640625,441693
2019-05-29,2564.8369978419873,2602.5878454292724,2550.1807864257476,2591.04052734375,248043
2019-05-30,2594.5936507622423,2608.8501912565516,2553.378692865261,2564.526123046875,225789
2019-05-31,2571.499063317811,2638.1182100358888,2566.70257149779,2595.4375,577546
2019-06-03,2607.917851306011,2664.766196838567,2607.828939022425,2638.296142578125,535064
2019-06-04,2638.2959847929424,2651.4422072829725,2621.2415255249753,2631.989501953125,211082
2019-06-06,2633.943532537463,2645.179875543871,2559.7742136336997,2577.1396484375,333116
2019-06-07,2580.381859913151,2593.0839551255317,2540.4103681072675,2575.31884765625,285268
2019-06-10,2584.55615869927,2669.2069241583927,2584.55615869927,2659.70263671875,477974
2019-06-11,2669.2069505244767,2673.6482266484772,2638.1180176564712,2647.26708984375,282227
2019-06-12,2646.956323151769,2669.207161664943,2630.079472545568,2662.01220703125,203661
2019-06-13,2655.261693273431,2659.96948987997,2622.1297261932527,2651.04248046875,213532
2019-06-14,2639.8950606352682,2652.463787857925,2624.3061349235336,2632.8779296875,117529
2019-06-17,2632.8773861198574,2645.1351346767697,2568.0347550161628,2575.2294921875,234062
2019-06-18,2580.381983754441,2580.381983754441,2540.41049003019,2546.850341796875,302729
2019-06-19,2551.068967838757,2579.9372622171554,2531.527353182611,2554.35546875,258721
2019-06-20,2531.5274913081357,2550.0477002250677,2484.0502910271957,2517.35986328125,425859
2019-06-21,2518.2038614415774,2553.245490850642,2491.556201532143,2510.831298828125,363700
2019-06-24,2513.7620871780027,2544.8510175847982,2461.399489193249,2469.79345703125,369267
2019-06-25,2465.7969376380993,2503.4146397668655,2445.900103847533,2493.95458984375,304799
2019-06-26,2491.5559858273546,2499.0616993468675,2398.2891842188437,2427.5126953125,1387720
2019-06-27,2433.8198985677573,2455.671069072316,2416.0547898190875,2421.29541015625,964520
2019-06-28,2429.3784228695085,2458.690849909616,2426.7136567749535,2437.106201171875,363938
2019-07-01,2442.7904672794784,2461.3549123540033,2426.712963028198,2431.642822265625,282998
2019-07-02,2434.7520272827564,2466.6847592421236,2428.756304515423,2459.80078125,242283
2019-07-03,2468.4614179270525,2503.991629052307,2456.4255155365327,2482.406982421875,454114
2019-07-04,2478.23224269795,2531.527559745218,2477.343987413829,2523.84423828125,346395
2019-07-05,2538.633069751178,2542.9854329871455,2497.6844229950843,2509.1875,361520
2019-07-08,2513.673538799374,2518.1592713506875,2461.3998455065725,2470.37109375,302972
2019-07-09,2460.4672399175174,2467.9284978725004,2425.0701786212294,2453.9384765625,314268
2019-07-10,2453.3612557460606,2491.5562354698404,2436.395491962277,2460.067626953125,356987
2019-07-11,2469.3498583001638,2479.0317548138414,2448.919985371781,2456.1591796875,206136
2019-07-12,2454.2494322321454,2487.1148788454607,2443.3683046371966,2469.8828125,186082
2019-07-15,2482.6738621661793,2482.6738621661793,2447.143645891887,2463.665283203125,150530
2019-07-16,2460.4671300849263,2466.6849170562605,2431.6877457041473,2440.17041015625,221663
2019-07-17,2446.210323778031,2495.9526141465535,2440.9252487982108,2485.160400390625,306989
2019-07-18,2487.1152849846317,2526.198525177247,2476.0565478928875,2505.635498046875,477907
2019-07-19,2519.403058725079,2519.6693618331938,2409.0373354297562,2441.947021484375,403725
2019-07-22,2447.1435613836225,2463.398678139612,2414.2781124648586,2428.934326171875,209576
2019-07-23,2432.9314366516232,2442.6577894942134,2399.177732893769,2425.11474609375,242451
2019-07-24,2424.048527184416,2433.8193347326123,2327.273163067524,2346.28173828125,525583
2019-07-25,2341.129817574001,2384.965300056138,2337.088429752131,2373.018310546875,771878
2019-07-26,2367.200211235693,2384.83216446831,2324.1642882906945,2370.2646484375,393941
2019-07-29,2364.313677141639,2388.785155398521,2356.1862274353034,2373.684814453125,245049
2019-07-30,2376.082995310295,2395.5801563298774,2302.8019309689494,2324.608642578125,354859
2019-07-31,2328.1171139297926,2337.887922114923,2256.4349554343553,2313.905029296875,487675
2019-08-01,2313.9053405681593,2341.2434600232573,2300.5490579975667,2323.643310546875,332895
2019-08-02,2312.9224831057513,2345.174300735264,2282.6363193823236,2317.836181640625,347132
2019-08-05,2310.286776770114,2320.1588865063104,2271.7813827996106,2303.4970703125,211393
2019-08-06,2289.78342715405,2333.3366624539954,2267.7164982251097,2278.66064453125,404564
2019-08-07,2279.0627905209,2291.615100787141,2260.301395538172,2269.726806640625,308676
2019-08-08,2286.0311904947907,2313.9052174448393,2266.4211107499027,2302.8271484375,286738
2019-08-09,2314.709046282261,2362.4614316613633,2253.421961681805,2312.252197265625,1430286
2019-08-13,2291.5699771653326,2291.5699771653326,2225.458406674013,2244.13037109375,731080
2019-08-14,2277.90092900986,2277.90092900986,2206.6970241217527,2214.648193359375,466208
2019-08-16,2233.499225952741,2237.9662244046467,2181.6820439106377,2233.0078125,734216
2019-08-19,2251.367422001382,2251.367422001382,2207.6802604633785,2214.201904296875,586547
2019-08-20,2206.6976275263737,2206.6976275263737,2118.2510424554785,2138.3525390625,1174827
2019-08-21,2134.3315773706163,2148.625970521696,2054.8190154677345,2130.311279296875,1700962
2019-08-22,2138.3520522816534,2212.950922708024,2137.9053524587407,2180.565185546875,1252406
2019-08-23,2166.851607025504,2235.2861132462563,2146.124777016518,2203.704345703125,629497
2019-08-26,2233.4992990417827,2276.203849262495,2218.802917277121,2263.740966796875,748623
2019-08-27,2265.0806580591966,2433.8884610274285,2260.3008831748116,2399.581787109375,2211174
2019-08-28,2412.179104251141,2450.8186399025712,2387.208627146831,2414.94873046875,1149926
2019-08-29,2415.0377749563754,2445.234725307719,2368.8490588795826,2391.496826171875,535368
2019-08-30,2403.2450574997665,2435.8094311056834,2401.011558375696,2413.653076171875,507782
2019-09-03,2411.2854651469966,2468.5969609276867,2397.080499078548,2419.192138671875,716548
2019-09-04,2421.1129957628686,2454.6601954710986,2346.067426890514,2354.510009765625,752108
2019-09-05,2368.402566409187,2416.6461494292157,2358.57516986807,2393.10498046875,931162
2019-09-06,2408.069395871266,2431.2085783144253,2364.1141755003173,2383.59033203125,478053
2019-09-09,2385.287585640627,2407.5333673037053,2367.6876565471243,2396.72314453125,298664
2019-09-11,2408.605360362893,2415.7525572779164,2376.4429742452876,2382.16064453125,334013
2019-09-12,2382.1607358534925,2397.125179967998,2365.4094924417327,2391.630859375,310751
2019-09-13,2395.2047317054735,2396.0981314562027,2360.362141427028,2389.487060546875,245991
2019-09-16,2376.443061655836,2438.981036962569,2364.0248938052728,2425.624755859375,428246
2019-09-17,2430.0470418084424,2448.7637208052242,2393.239019945256,2405.433837890625,604927
2019-09-18,2384.2154839854056,2384.2154839854056,2312.2968157302707,2335.212646484375,832018
2019-09-19,2338.920223341456,2370.3678465868843,2313.905033787002,2342.315185546875,499689
2019-09-20,2352.3211980313426,2575.6711028956934,2325.117223241893,2561.376708984375,1324910
2019-09-23,2644.4630888848915,3201.721146888929,2636.422491655174,2728.1298828125,1743589
2019-09-24,2769.5387206863015,2782.9397144960735,2729.335739256984,2751.849365234375,809417
2019-09-25,2751.626446660073,2760.873221084318,2681.0925818080173,2712.361572265625,582998
2019-09-26,2732.016094272634,2774.005877278132,2724.868897165315,2763.1064453125,514054
2019-09-27,2769.583963075498,2778.205183493084,2685.51495861181,2693.689697265625,432428
2019-09-30,2689.1331939878787,2701.59607662934,2617.7506426294176,2630.302734375,553451
2019-10-01,2637.3157257399916,2668.9419856115474,2590.9928673626264,2608.324951171875,474514
2019-10-03,2604.081257514844,2607.833492298,2546.188918482117,2593.494384765625,285265
2019-10-04,2604.260010568287,2618.8671822647043,2532.8774649346196,2541.85595703125,313496
2019-10-07,2553.202305140828,2652.280240171839,2547.4844164487135,2638.52197265625,969709
2019-10-09,2655.004945641096,2746.8909626192994,2614.891173174125,2732.462646484375,1037068
2019-10-10,2733.892374242758,2734.696346687001,2681.09236733345,2713.9248046875,422209
2019-10-11,2723.8859415203888,2766.813835739443,2718.8830346509117,2753.412841796875,510119
2019-10-14,2764.1338252575947,2790.9805285744997,2741.7988338317427,2778.16015625,350920
2019-10-15,2795.5371116991146,2853.2058883202258,2780.572666600016,2841.993896484375,583008
2019-10-16,2845.477969204966,2845.477969204966,2818.675978914181,2838.107421875,271629
2019-10-17,2837.437082252578,2918.155822011704,2823.1426888911037,2901.6279296875,673820
2019-10-18,2883.7599037842133,2911.7678495755968,2879.0248424163565,2905.648193359375,230815
2019-10-22,2876.836165202383,2940.982082569924,2876.836165202383,2901.806640625,435837
2019-10-23,2912.4827198275284,2987.974986645144,2906.2289225763648,2943.483642578125,591914
2019-10-24,2958.9394301824213,2985.7414177746537,2912.706001585821,2933.74560546875,401741
2019-10-25,2947.191365105592,2947.191365105592,2900.868508483234,2918.825927734375,213353
2019-10-27,2941.07171700873,2952.7306263386154,2892.247512233368,2911.678955078125,39581
2019-10-29,2924.0970425667642,3008.0766093254797,2911.589447517594,2995.122314453125,458464
2019-10-30,3013.4372614043227,3036.6656541693724,2926.777488396253,2939.37451171875,496662
2019-10-31,2946.9679369027863,2987.126204333562,2908.015628033914,2918.379150390625,488894
2019-11-01,2943.751713944022,2943.751713944022,2891.6664730757934,2920.121337890625,320106
2019-11-04,2939.2846145255626,2947.3252107355106,2883.000441055924,2894.480712890625,283144
2019-11-05,2908.016172999101,2930.3511666473273,2860.9340500116737,2887.24462890625,330794
2019-11-06,2894.481050101836,2910.562244395215,2850.8383883429087,2883.76025390625,347320
2019-11-07,2902.655719390504,2909.4456445766664,2863.256704097308,2880.14208984375,288996
2019-11-08,2883.8941790319227,2899.483959889718,2807.9552059161506,2821.356201171875,376182
2019-11-11,2820.462655614162,2854.4118418394833,2778.4728726512653,2787.0048828125,464906
2019-11-13,2922.310353115562,2947.3255441541546,2858.8789758391313,2921.193603515625,1853222
2019-11-14,2925.7945472748675,2925.7945472748675,2858.878997974588,2886.395751953125,515326
2019-11-15,2885.8597779993347,2912.4831337034616,2845.612076347669,2854.903564453125,261412
2019-11-18,2861.5593115838897,2874.2008304130377,2792.7675329413796,2806.0791015625,429862
2019-11-19,2806.0789151507865,2821.6689137671483,2778.4729528014886,2787.7197265625,261351
2019-11-20,2787.4073422375495,2800.80833907523,2733.8033548868275,2784.101806640625,504339
2019-11-21,2781.153257213378,2781.153257213378,2735.2770955189017,2745.1044921875,295648
2019-11-22,2735.8130390515166,2744.5236855143303,2694.627228529999,2700.434326171875,349622
2019-11-25,2702.980768807684,2720.4020628059484,2684.040738955679,2716.47119140625,437144
2019-11-26,2723.082422162671,2754.351413230812,2716.8286239490426,2729.5595703125,620959
2019-11-27,2733.8025894338475,2769.538570995074,2733.8025894338475,2761.58740234375,235618
2019-11-28,2778.8303049107994,2778.8303049107994,2733.8030478395062,2767.9755859375,234706
2019-11-29,2756.1379007706514,2765.071897207509,2724.868913241649,2731.748046875,221117
2019-12-02,2731.74806579069,2760.5602044990633,2726.2537451900366,2748.99072265625,387666
2019-12-03,2742.4690080793084,2783.833457700913,2704.454807323679,2723.350341796875,522267
2019-12-04,2715.84560035418,2740.36959606563,2701.238646453293,2724.198974609375,263755
2019-12-05,2737.7338250749126,2764.759164732826,2716.8283603211325,2754.26171875,278358
2019-12-06,2760.649863563761,2767.9309840756646,2733.5350946668464,2742.3798828125,206989
2019-12-09,2755.959171683986,2755.959171683986,2722.5906088696347,2732.373291015625,206624
2019-12-10,2739.2081463726868,2750.777628664304,2717.8112675512525,2733.222412109375,185130
2019-12-11,2726.7451926239305,2737.3765613439245,2707.269036390816,2716.828369140625,315341
2019-12-12,2723.6181703567336,2751.670831194937,2707.17948647012,2745.908447265625,254614
2019-12-13,2765.0716703506773,2765.965069921065,2711.467696127401,2728.799560546875,249099
2019-12-16,2733.7134482550423,2758.684142475664,2718.3917318036447,2725.6728515625,369764
2019-12-17,2733.802921740131,2747.650616278357,2724.868925263856,2744.47900390625,212811
2019-12-18,2742.7369919608946,2788.4342979196535,2727.8619746740087,2768.82421875,405982
2019-12-19,2767.662858775778,2790.087278616552,2760.649801960873,2780.929931640625,259885
2019-12-20,2765.0718522925176,2819.524516067624,2735.9916507398857,2789.4169921875,766343
2019-12-23,2769.5389684138827,2796.0728949075915,2749.705539424401,2762.213134765625,259919
2019-12-24,2765.9652532935743,2782.4484328369754,2755.244457738173,2761.54296875,166800
2019-12-26,2760.604545210661,2785.6197320281035,2728.576084842994,2735.857421875,189043
2019-12-27,2750.777393450409,2753.4575922748163,2698.960216178527,2717.81103515625,407653
2019-12-30,2724.8688866303382,2738.2698811547493,2711.5573193154805,2722.50146484375,182858
2019-12-31,2721.2954753835893,2739.8782326927603,2698.067083275916,2705.03564453125,190885
2020-01-01,2720.134026567129,2727.549287709975,2704.6781681136404,2715.622314453125,110561
2020-01-02,2722.1888234378844,2738.2700176688927,2718.659938326889,2727.906494140625,138428
2020-01-03,2720.4020715959964,2733.803067022578,2703.1147002496427,2714.863037109375,168305
2020-01-06,2707.0009210460516,2708.9216430343986,2675.776647114441,2699.8984375,181158
2020-01-07,2710.4848634699606,2728.4422820418276,2705.213893262166,2712.897216796875,159307
2020-01-08,2698.066877217359,2714.7734066420007,2675.7318865119173,2701.283203125,194024
2020-01-09,2722.3672315281906,2723.9753944395065,2675.8212429973723,2681.181640625,434270
2020-01-10,2693.555376821462,2693.6000904294096,2660.589015199584,2671.041748046875,526254
2020-01-13,2675.732283950667,2730.45301930692,2668.8531494146305,2720.49169921875,420792
2020-01-14,2732.016185466841,2786.51356522926,2713.3887151380513,2774.139892578125,653300
2020-01-15,2787.406859158484,2799.869740434577,2763.1956418216582,2782.22509765625,438959
2020-01-16,2783.833433668459,2823.1430200232126,2782.940033978578,2814.432373046875,768872
2020-01-17,2818.675972028514,2831.1835674669924,2782.35936251928,2791.382568359375,294064
2020-01-20,2807.9547099098827,2807.9547099098827,2773.4694009640193,2778.87451171875,203111
2020-01-21,2769.5390970269186,2796.3410882884696,2749.2142536535757,2779.58984375,220943
2020-01-22,2792.320674674876,2804.1135067215646,2759.622159435501,2775.212158203125,248578
2020-01-23,2772.9785924869325,2789.997681337062,2741.039554981138,2781.1083984375,203032
2020-01-24,2781.286877158739,2870.448200851021,2780.30426846794,2852.17822265625,580192
2020-01-27,2847.2644154842474,2867.8126054924487,2818.6756293858803,2835.828857421875,322446
2020-01-28,2843.601463481476,2867.72325237514,2802.1478098139737,2842.12744140625,292577
2020-01-29,2858.8787107503226,2899.528392418804,2849.9894283821104,2871.56494140625,434882
2020-01-30,2866.8742950084775,2889.8793322386496,2852.1332031910856,2868.437744140625,337850
2020-01-31,2897.0269348279585,2925.526513876829,2847.130696391686,2859.504150390625,468850
2020-02-03,2767.394611672397,2902.6552201256436,2762.7042639021106,2885.725341796875,657504
2020-02-04,2890.1478057176864,2948.2187817212875,2848.1580230689287,2887.914306640625,511585
2020-02-05,2921.2384193400853,2964.3002417974126,2897.9205996314176,2908.86474609375,423733
2020-02-06,2912.7952530746775,2941.964660565178,2891.3536642943664,2905.513916015625,410631
2020-02-07,2908.909041733376,2944.645025047054,2892.0238768637164,2904.79931640625,450061
2020-02-10,2921.4167428348874,2930.3507389903457,2791.873798580741,2819.2119140625,969115
2020-02-11,2840.96612844475,2857.8067988268567,2791.159098745296,2800.539794921875,507516
2020-02-12,2791.1595793101483,2866.9199250984543,2791.1595793101483,2802.41650390625,669153
2020-02-13,2798.1277369747604,2808.535755774599,2774.184582447859,2800.986572265625,319421
2020-02-14,2783.8332686580557,2822.249453045827,2760.872941612114,2766.5458984375,270506
2020-02-17,2765.0719534431655,2780.5278112162982,2744.5684748266094,2755.333984375,224912
2020-02-18,2751.670793863686,2751.670793863686,2698.0668173598483,2739.565185546875,453173
2020-02-19,2753.547473767115,2779.3666394558813,2715.9352568132044,2753.681396484375,462922
2020-02-20,2751.492083955308,2790.488888572527,2726.8788817794034,2733.2666015625,270720
2020-02-24,2732.909595196311,2738.269993225463,2684.666012933937,2712.5400390625,427352
2020-02-25,2715.9352363191556,2749.884426773145,2696.280441845793,2710.1728515625,350415
2020-02-26,2702.623611802214,2742.647745233822,2695.118923197411,2717.141357421875,366302
2020-02-27,2713.2098922963623,2769.5387811291293,2644.4628361749105,2703.471923828125,652385
2020-02-28,2665.0114883035335,2698.0672794759207,2606.047104050086,2653.575927734375,619510
2020-03-02,2675.731808001547,2728.397670916647,2613.1938358612774,2634.724853515625,348147
2020-03-03,2653.3969435352305,2720.848616678971,2648.9299453137905,2703.8740234375,399770
2020-03-04,2723.0821237225173,2751.670912423016,2705.2141307847055,2736.52783203125,368498
2020-03-05,2753.9938971140537,2827.6099423318615,2748.1867992862,2793.794677734375,720100
2020-03-06,2756.0485296759416,2769.538951816334,2692.0365311485702,2752.921630859375,593374
2020-03-09,2720.4024002123574,2735.4115605262214,2652.057315280914,2677.072509765625,607257
2020-03-11,2664.2965345398893,2739.074045605422,2630.2581369306786,2723.350341796875,534597
2020-03-12,2631.06227994422,2652.4591604653833,2488.1630326752083,2511.033935546875,774263
2020-03-13,2412.178964718695,2724.7794033078503,2153.093075915576,2468.999267578125,1108162
2020-03-16,2416.4674915396977,2452.069337822142,2324.670674668418,2420.2197265625,791034
2020-03-17,2430.047221123418,2497.7222494322777,2384.528549336069,2399.671630859375,567266
2020-03-18,2437.1942454649875,2452.337325911104,2215.631132240898,2235.2412109375,649481
2020-03-19,2134.331628110459,2147.7326220081804,2019.0830805900532,2071.0341796875,786857
2020-03-20,2091.7170975151175,2234.3035816894267,2049.682591249263,2204.732177734375,742455
2020-03-23,2054.8189978021232,2164.171017221716,1876.1390849497648,1909.954345703125,613493
2020-03-24,1891.3268060877917,2188.8288497473263,1886.7703812361474,2112.621826171875,929170
2020-03-25,2112.532918175932,2243.8626678784995,2070.0964344285035,2190.079833984375,1249005
2020-03-26,2208.0819325892917,2384.3050122755594,2159.6150019277957,2312.520263671875,944116
2020-03-27,2403.2450997161336,2420.1749797509547,2237.966161631567,2259.631103515625,472582
2020-03-30,2202.453223026347,2304.390198112293,2182.3517333120817,2210.047119140625,701815
2020-03-31,2304.9265596112864,2421.113236599549,2224.565298573017,2402.30712890625,734769
2020-04-01,2412.178902999212,2483.650870495485,2237.9659822270464,2291.43603515625,1167150
2020-04-03,2312.966918566582,2331.7730243206256,2211.1640747868,2290.006591796875,726903
2020-04-07,2358.7087719234382,2571.8292815635014,2358.7087719234382,2532.341064453125,1062855
2020-04-08,2527.4279554490754,2671.265318767316,2464.889971397667,2479.67578125,1037961
2020-04-09,2546.1888416482634,2546.1888416482634,2441.57166199624,2503.03759765625,893108
2020-04-13,2501.5189830022223,2501.5189830022223,2409.8115975321452,2417.67333984375,501533
2020-04-15,2476.5039383791786,2598.4529959508804,2461.048080133506,2534.8876953125,1011691
2020-04-16,2535.0218205843557,2585.4541934448403,2514.9203259717924,2534.396484375,675907
2020-04-17,2576.5643091160146,2586.3917041923933,2503.484182106828,2530.241455078125,705271
2020-04-20,2555.2124385813963,2559.4113733336944,2502.4124317647206,2531.001220703125,667917
2020-04-21,2483.561424373446,2596.5319766288844,2441.794993685935,2558.0263671875,1129799
2020-04-22,2557.8028166568465,2653.1285014785612,2526.0424202108575,2637.89599609375,737395
2020-04-23,2644.4629775813723,2899.0818791390384,2606.940192088664,2633.2060546875,3426363
2020-04-24,2662.3307017080874,2789.997412205018,2640.8891121641295,2735.723388671875,2613797
2020-04-27,2747.963315461229,2939.284757328191,2742.736840424786,2896.4462890625,1993378
2020-04-28,2927.6707643288296,2939.151037513747,2823.1430013057984,2853.473876953125,1379063
2020-04-29,2879.534228394943,2925.557230492706,2845.389510166584,2851.531982421875,1177520
2020-04-30,2886.037682680348,2895.070664472775,2845.3892646144277,2859.6162109375,1021592
2020-05-04,2808.3539363833274,2854.422141837026,2760.4791346373268,2793.85595703125,591353
2020-05-05,2806.5477095244964,2823.710376560533,2683.24749634455,2690.69970703125,905266
2020-05-06,2664.729879235495,2768.609179612472,2626.475109536122,2698.7841796875,995972
2020-05-07,2689.7511781166622,2691.8288082159406,2589.7561050856048,2633.4306640625,994651
2020-05-08,2660.21286170666,2743.3162855698224,2640.746743858448,2705.0615234375,1102857
2020-05-11,2736.090437996578,2785.229775279735,2702.532995746581,2758.627685546875,1095855
2020-05-12,2754.110824602279,2821.1807116130913,2738.167700616458,2806.818359375,1329390
2020-05-13,2872.488463264588,2879.714849335694,2761.8344265507794,2781.752197265625,850975
2020-05-14,2768.6088990343424,2834.5496656345076,2738.5290257802394,2817.115966796875,777257
2020-05-15,2842.588884682145,2886.9409124446147,2813.7737616598797,2823.393798828125,870248
2020-05-18,2809.2572701426907,2858.9386688108093,2798.508110279936,2808.850830078125,730350
2020-05-19,2827.503769300993,2843.4921021345504,2787.6232449771433,2803.83740234375,537217
2020-05-20,2809.7994537913264,2853.5189982199045,2806.412085559821,2825.38134765625,439150
2020-05-21,2818.3805444687287,2851.71215678993,2799.3208659778247,2810.115234375,574325
2020-05-22,2803.83773047511,2876.282205049197,2782.158572765251,2860.8359375,630580
2020-05-26,2890.5542887524084,2930.299410222754,2837.259694053536,2857.900146484375,718134
2020-05-27,2863.455171656186,2925.737535778756,2837.2595249754195,2908.89111328125,739328
2020-05-28,2906.3619575681278,3038.0176701759146,2880.9342014589956,3001.8857421875,1453514
2020-05-29,2971.7605816611367,3086.569868068617,2971.7605816611367,3052.109130859375,1658714
2020-06-01,3085.6665887183203,3134.444690530612,3072.1171159926835,3102.69384765625,883460
2020-06-02,3102.7390366842765,3143.47787552521,3071.214016317734,3117.2822265625,786444
2020-06-03,3252.7770077998002,3349.4299208335624,3135.5288504992122,3170.847900390625,3415126
2020-06-04,3170.5767183951693,3211.2251378617743,3091.086475882698,3116.695068359375,1309771
2020-06-05,3138.960797002564,3159.691443627496,3073.200653321598,3131.46337890625,1200548
2020-06-08,3148.8973250757167,3173.5121994613487,3080.2466662387246,3095.422119140625,768759
2020-06-09,3102.7385430158674,3134.353976388891,3079.343210532534,3085.395263671875,567611
2020-06-10,3090.092690618002,3114.210928721579,3032.733255540756,3050.43798828125,628261
2020-06-11,3062.0904555877214,3074.330190206629,3007.982982051226,3044.43115234375,673105
2020-06-12,3010.692826122165,3110.0556256641507,2986.0779507810826,3040.546875,1373475
2020-06-15,3026.95232952789,3077.0853806436157,3020.132383873356,3032.552734375,609721
2020-06-16,3054.0963334988296,3071.1685807645986,3007.982917637106,3021.8486328125,701355
2020-06-17,3033.1400116275863,3102.829380981901,3030.610732509074,3072.523681640625,1100079
2020-06-18,3084.7631895103546,3122.7017118996473,3054.5479104280944,3075.052734375,898020
2020-06-19,3087.382649610062,3116.3786083526616,3054.954334332957,3106.035888671875,782740
2020-06-22,3116.3785557010924,3138.9610090032743,3085.6664192101252,3090.363525390625,735172
2020-06-23,3098.267336754636,3165.9694866148216,3094.97038683555,3131.77978515625,765553
2020-06-24,3149.8009497285934,3165.969899944364,3107.345932625856,3113.126953125,573266
2020-06-25,3093.7058863622437,3138.41914681991,3089.2798134387444,3116.739990234375,546489
2020-06-26,3122.9727686307638,3161.4531378778734,3111.2298925659684,3122.15966796875,448352
2020-06-29,3118.9082483135776,3202.0568965085827,3112.5851605501825,3178.932373046875,940186
2020-06-30,3199.482278532894,3265.423048248563,3197.6756821023273,3255.30615234375,1236537
2020-07-01,3256.3900971970183,3261.8098865404804,3194.0625197472,3203.05029296875,586225
2020-07-02,3209.41821568989,3222.651444915927,3172.4282018360686,3193.249267578125,422319
2020-07-03,3206.256989541631,3233.7623758709806,3175.0932013632437,3196.185302734375,323231
2020-07-06,3215.7414618476255,3293.425103903495,3198.578796742259,3273.958984375,538078
2020-07-07,3284.392339222898,3329.06039224926,3233.807638728816,3322.7373046875,664348
2020-07-08,3320.117441345345,3353.4942626953125,3278.97216796875,3328.653564453125,531417
2020-07-09,3333.1702027491606,3341.2998861704996,3297.038276432096,3318.356201171875,397351
2020-07-10,3314.7431375568135,3390.6201857759393,3301.8711383053546,3366.276123046875,706136
2020-07-13,3396.4011609539875,3464.1485245368463,3387.5940036882157,3429.642578125,1108644
2020-07-14,3428.513356448704,3428.8745874980073,3368.3988201247826,3374.04443359375,399210
2020-07-15,3380.14191965185,3412.931688954189,3352.7719396381026,3363.205078125,506574
2020-07-16,3368.3992559783183,3505.0231196057575,3332.7641832575555,3481.989013671875,987220
2020-07-17,3522.8626826700793,3557.1880113730185,3402.5434166913933,3418.9833984375,4503046
2020-07-20,3485.827299859118,3606.869242896465,3439.0364150860905,3597.52001953125,3785159
2020-07-21,3612.2894565146676,3622.225736590102,3500.280481118864,3505.158203125,1880670
2020-07-22,3536.2311977983904,3544.9027266307276,3424.4480657688127,3437.09423828125,1019300
2020-07-23,3455.1154479089923,3504.571021967298,3450.598957127412,3457.464111328125,791770
2020-07-24,3455.0704129211645,3477.6076589500603,3403.627624434229,3449.198974609375,665233
2020-07-27,3473.1815203128535,3474.6268856211454,3398.5690020408833,3412.073486328125,523512
2020-07-28,3414.7382025923807,3459.6320786713936,3399.4273423296827,3409.724853515625,599914
2020-07-29,3430.4555000450605,3480.40793417474,3414.4671661511857,3427.74560546875,785425
2020-07-30,3449.153488305248,3499.7381835401648,3423.9515587134174,3437.907470703125,855542
2020-07-31,3442.468942051785,3486.7305474468353,3433.5263793785484,3453.8505859375,681895
2020-08-03,3456.9220138724786,3477.607453257804,3403.7178411452646,3411.034423828125,369180
2020-08-04,3432.5330164757825,3482.214415398458,3418.983544042326,3448.43115234375,642559
2020-08-05,3468.574641090471,3498.9707575864873,3457.7802717966943,3477.65283203125,569216
2020-08-06,3491.2472395619147,3533.702251271982,3473.181277132099,3484.60791015625,786063
2020-08-07,3491.2478320172545,3563.5116939995,3477.6983578955833,3554.298095703125,1061884
2020-08-10,3577.0154005620298,3617.709025592969,3549.058367429407,3561.52392578125,826722
2020-08-11,3568.0281885490176,3586.094154060658,3491.247835124545,3504.390869140625,422055
2020-08-12,3505.2936402908717,3509.313272906379,3432.5329310281186,3441.340087890625,619436
2020-08-13,3454.031927740473,3484.7892775735295,3425.3522080099997,3439.985595703125,513264
2020-08-14,3457.82524840514,3468.6648259863473,3389.174590390827,3433.75244140625,537499
2020-08-17,3459.6315635690794,3518.3459373633327,3434.339217934632,3494.5439453125,987819
2020-08-18,3504.796858324404,3558.994747886122,3500.2803675275945,3535.780029296875,768897
2020-08-19,3562.2919494317093,3567.124683138169,3491.8346880276126,3500.641845703125,505661
2020-08-20,3504.7970119172633,3532.076573419128,3466.181013912247,3494.0478515625,523854
2020-08-21,3519.249706735722,3533.702477605273,3491.2926721912904,3507.281005859375,401007
2020-08-24,3533.702467710797,3546.348642186245,3517.623716057086,3530.405517578125,444407
2020-08-25,3539.1224917611116,3549.916861584448,3500.280667578945,3520.017822265625,358587
2020-08-26,3548.767520998931,3560.166123194943,3506.403910425583,3534.23095703125,608530
2020-08-27,3544.1527547794717,3556.4743134734754,3516.4640613827573,3522.5556640625,385945
2020-08-28,3524.7706137412715,3532.7081291887853,3495.2360079178306,3501.558349609375,512488
2020-08-31,3513.141099919815,3517.386789430753,3400.171328329282,3438.981689453125,600226
2020-09-01,3447.242318019093,3495.928270435561,3431.8289904719604,3480.46875,387446
2020-09-02,3496.066397402212,3519.786556739873,3462.932353343564,3506.495849609375,305952
2020-09-03,3505.388327878013,3515.3101089534975,3451.856857889355,3458.17919921875,414160
2020-09-04,3442.627196415718,3515.540748296909,3413.600264182409,3420.337890625,759852
2020-09-07,3445.303770928481,3461.0864151138585,3373.4055592643076,3437.1357421875,437318
2020-09-08,3439.7664164649414,3472.577564407437,3425.3222376800127,3444.1044921875,379275
2020-09-09,3405.7092450619207,3460.163674725512,3402.109805097978,3450.2880859375,332884
2020-09-10,3475.3925467807376,3475.3925467807376,3414.985091598186,3432.705810546875,357927
2020-09-11,3437.0896677111637,3533.0771342637845,3433.3978420745243,3481.622314453125,829715
2020-09-14,3496.989611078004,3503.5426920200966,3425.0913935949893,3432.9365234375,397741
2020-09-15,3433.444038465588,3476.3153186485874,3428.7830635283426,3446.41162109375,366110
2020-09-16,3453.7031140773347,3562.611977642574,3449.2266850610413,3548.30615234375,917526
2020-09-17,3551.5364424193076,3591.1773771352755,3478.3921432868415,3521.6787109375,741010
2020-09-18,3542.030051664242,3543.9221575216525,3484.022371874929,3504.92724609375,947698
2020-09-21,3498.0050980743276,3502.6198805256126,3335.103277543953,3349.68603515625,604282
2020-09-22,3378.020489032452,3394.6337045522837,3267.3119117873603,3311.567626953125,670648
2020-09-23,3340.0867734056637,3371.467290513154,3288.309055376994,3345.62451171875,405856
2020-09-24,3313.413629598514,3373.4057983795456,3285.9094825372854,3334.410888671875,517316
2020-09-25,3359.5613866265985,3430.582838456223,3336.487476004163,3402.386474609375,507368
2020-09-28,3424.9989985969237,3486.9294664958993,3404.786342483688,3449.411376953125,390640
2020-09-29,3478.622911344455,3503.5427358619136,3416.461703387884,3448.949951171875,449330
2020-09-30,3446.3197709719643,3530.3088173454107,3427.9068327947925,3505.52734375,535771
2020-10-01,3525.6937328181375,3533.031191724653,3472.1622572936735,3515.172119140625,336322
2020-10-05,3521.078747263381,3560.581327161296,3493.436247511647,3535.33837890625,460889
2020-10-06,3571.8416495072065,3581.025021601849,3462.932782674687,3475.7158203125,666856
2020-10-07,3488.7757875331995,3542.3072678710105,3477.700308842618,3494.267333984375,590795
2020-10-08,3506.219145436573,3530.308398760581,3480.9302290001388,3502.3427734375,371495
2020-10-09,3513.6951217508818,3524.447474005704,3447.24225892817,3456.564208984375,347685
2020-10-12,3478.7154618386176,3483.5147906103994,3435.521052230224,3444.01220703125,286506
2020-10-13,3444.47375503693,3494.5903394650386,3417.384890866318,3457.072021484375,368886
2020-10-14,3454.6261477711073,3508.8960345389028,3451.8572782965375,3497.820556640625,545911
2020-10-15,3498.005216011123,3540.4150231020667,3428.7834769080005,3443.55078125,526411
2020-10-16,3460.1176152297253,3487.8525022362073,3434.551766061521,3458.50244140625,263967
2020-10-19,3475.8538609515754,3502.6195970024505,3451.8569941473424,3481.806884765625,473267
2020-10-20,3397.4026589935675,3409.4010927254108,3270.1270559243985,3279.402587890625,3187477
2020-10-21,3304.1839562329824,3304.1839562329824,3121.4385865865775,3135.513671875,3538724
2020-10-22,3147.281700865249,3224.2102161493685,3147.281700865249,3191.90673828125,2266246
2020-10-23,3211.888526505872,3233.0241396081697,3176.862373416676,3202.42822265625,1022334
2020-10-26,3213.734352661682,3235.470022083223,3198.967049490347,3216.872314453125,893740
2020-10-27,3211.8885156414026,3311.5678144026874,3211.8885156414026,3297.03125,1753963
2020-10-28,3296.984887685664,3322.458575081425,3253.3751967186054,3268.834716796875,667035
2020-10-29,3265.419596103149,3282.032810554776,3228.5013417662,3260.481689453125,654253
2020-10-30,3267.265789482563,3276.357000526441,3194.029106018053,3205.658447265625,475859
2020-11-02,3214.6571634104707,3217.379839743052,3129.883527352298,3156.787841796875,764391
2020-11-03,3179.584993920962,3190.8912105176328,3128.8223887930512,3141.420654296875,623300
2020-11-04,3159.279953688759,3235.8853396531663,3149.035046879125,3203.304931640625,714800
2020-11-05,3241.422967868115,3258.036183534865,3198.4593011748157,3229.6552734375,999876
2020-11-06,3239.5774631152094,3281.110507514122,3220.7952073490037,3242.85400390625,582470
2020-11-09,3274.6498257824137,3294.954869797976,3242.854017833374,3274.9267578125,566460
2020-11-10,3296.8002843662184,3296.8002843662184,3180.369423806407,3238.05419921875,976298
2020-11-11,3238.6540475443553,3268.742516687916,3187.014681393685,3223.656005859375,1141508
2020-11-12,3230.0705397079582,3254.298145745711,3213.134424590738,3244.46875,615256
2020-11-13,3246.037421604874,3268.6036588696784,3234.961945614183,3243.683837890625,473523
2020-11-14,3262.6508583248674,3264.0352929182163,3244.1917304135527,3255.59033203125,56492
2020-11-17,3268.1887741640817,3276.4953821752306,3234.408478119613,3239.392578125,694643
2020-11-18,3237.5466346861044,3250.606378136832,3179.5849253778606,3230.670654296875,914389
2020-11-19,3220.195075261655,3275.5724626264296,3211.8884671569385,3240.8232421875,739067
2020-11-20,3253.375433991255,3302.107581723977,3249.8681542634167,3278.433837890625,1197247
2020-11-23,3299.569319015504,3321.7202738844194,3278.3413205994602,3283.3251953125,952758
2020-11-24,3299.569208050236,3316.182423643216,3259.6051499186688,3287.801513671875,752974
2020-11-25,3295.508678673821,3304.0460265828583,3259.4209881907154,3281.848876953125,385590
2020-11-26,3294.7700757768716,3297.631105656101,3221.118103865798,3275.341796875,741800
2020-11-27,3289.2784945971753,3401.002194647195,3233.2088892346515,3357.66943359375,5383773
2020-12-01,3417.2463538501547,3417.2463538501547,3318.536203766011,3349.732177734375,1042234
2020-12-02,3356.7927715098954,3366.9452929524605,3285.7251214119406,3319.87451171875,680870
2020-12-03,3366.022200248965,3372.390509672769,3330.0730912982813,3355.823486328125,450558
2020-12-04,3356.792571612164,3389.096047005737,3333.7186606167543,3367.129638671875,482933
2020-12-07,3368.791071474583,3387.250200633348,3333.8111118511906,3349.36279296875,492080
2020-12-08,3359.007671361678,3373.3134965809886,3338.933368231355,3364.54541015625,413743
2020-12-09,3367.7757884499965,3383.5584342906945,3340.271865784801,3347.655517578125,434686
2020-12-10,3347.6555084451265,3458.3178992631942,3344.7942532505513,3451.62646484375,1443681
2020-12-11,3458.1793028115667,3486.006348343003,3416.3231396324136,3445.16552734375,695958
2020-12-14,3456.4717925285254,3499.8507442638634,3449.1343340565454,3485.960205078125,685712
2020-12-15,3484.1606141278876,3505.1116805691254,3438.6588158758254,3475.438720703125,648902
2020-12-16,3476.0386451778345,3494.313228523192,3456.472012894705,3463.486572265625,466183
2020-12-17,3451.949662471538,3476.7771019494853,3434.321103359181,3442.39697265625,488772
2020-12-18,3450.0113577066672,3470.131854243744,3405.709446211237,3433.859619140625,1043126
2020-12-21,3432.4750009582926,3439.90484536782,3262.5126626351325,3344.84033203125,670146
2020-12-22,3341.1022710108955,3380.2355334449685,3268.2810989381774,3350.700927734375,662139
2020-12-23,3361.038325636931,3385.727410874119,3327.4887682756125,3346.040283203125,451656
2020-12-24,3373.405708919734,3400.079059276404,3313.45973461679,3339.487060546875,579767
2020-12-28,3354.9466122986223,3365.23748632768,3320.7972244980588,3325.919677734375,463358
2020-12-29,3335.5648717431127,3344.102219574774,3299.6619531564916,3316.459716796875,414932
2020-12-30,3324.719787826743,3328.0425210950734,3289.4167045081576,3307.783447265625,407808
2020-12-31,3304.784206639328,3324.25867954082,3287.6635432850676,3300.815673828125,459383
2021-01-01,3299.569313649259,3327.2580071903717,3288.5400291216156,3292.924072265625,453083
2021-01-04,3312.490939537039,3317.0133363378995,3264.497200652691,3279.172119140625,698402
2021-01-05,3275.572199512337,3289.3703523561417,3267.265592074859,3277.510498046875,725278
2021-01-06,3293.108234988855,3324.4887506810137,3239.5767670434084,3266.988525390625,1099588
2021-01-07,3285.724830952479,3293.0622893710993,3245.530034091871,3279.07958984375,621487
2021-01-08,3298.6463532652874,3313.3674635808625,3260.666785469139,3299.800048828125,961239
2021-01-11,3326.1503732067376,3345.7170041371155,3274.3262353094788,3334.503173828125,1043630
2021-01-12,3344.7942095447484,3367.683574808749,3309.9987960845365,3351.854736328125,893653
2021-01-13,3359.561392993501,3366.945044406674,3322.6431359276385,3342.16357421875,798273
2021-01-14,3343.8710824652417,3419.4611225160265,3340.7331207952247,3383.050537109375,1192074
2021-01-15,3396.480059182817,3401.0948418719245,3295.8777965602826,3330.996337890625,597621
2021-01-18,3330.996174599857,3382.6355452932835,3299.5694609613884,3329.888671875,826497
2021-01-19,3349.178423070196,3368.652895490447,3310.6449889225746,3323.797119140625,594091
2021-01-20,3327.2581233692044,3360.484556778717,3308.7989936972535,3315.53662109375,607449
2021-01-21,3326.981059103234,3384.0660054769633,3325.042985763426,3351.0703125,834432
2021-01-22,3367.8683166503906,3405.7095336914062,3314.3368388850517,3330.027099609375,791205
2021-01-25,3353.885475564268,3359.4232144122093,3300.7230924915652,3335.1494140625,467367
2021-01-27,3335.14926448562,3368.6985956360522,3316.9208749286654,3332.56494140625,646880
2021-01-28,3312.2137086530383,3368.7909831067896,3285.032686745984,3326.104248046875,643832
2021-01-29,3327.4421691206358,3341.8403782315986,3212.0726260236206,3231.362548828125,733173
2021-02-01,3266.342979179241,3283.786766499863,3214.6574163552687,3249.4990234375,544282
2021-02-02,3274.5570482988433,3280.187172689441,3215.3494830773325,3231.501220703125,869950
2021-02-03,3254.390695341193,3270.95771885664,3231.270590777962,3245.576416015625,786972
2021-02-04,3250.6066553698074,3330.073301503229,3240.546519481253,3304.184326171875,958717
2021-02-05,3337.410724692309,3337.410724692309,3258.4517505615195,3268.788818359375,1159183
2021-02-08,3323.5663830647077,3338.241301399531,3197.2137273372628,3206.073974609375,2388271
2021-02-09,3234.9625687227253,3234.9625687227253,3188.814743205996,3195.64453125,951124
2021-02-10,3200.7206445013617,3216.59567601221,3153.7884433131635,3160.987548828125,893690
2021-02-11,3166.432680254077,3202.6587190793985,3156.5108989197533,3195.96728515625,873772
2021-02-12,3211.8879903863717,3220.1945972580606,3146.4042846141174,3157.664306640625,618874
2021-02-15,3164.8176648924496,3179.584968082382,3140.820797208809,3153.7421875,513578
2021-02-16,3167.5862921100174,3167.9094169750633,3124.2535351906513,3128.314453125,693631
2021-02-17,3110.363178049058,3142.5282998595667,3101.133613722503,3104.825439453125,866571
2021-02-18,3108.517299214327,3129.6991045094273,3082.7669045937996,3100.6259765625,616156
2021-02-19,3100.210724686222,3122.3616795515004,3064.215423030145,3074.552490234375,765676
2021-02-22,3091.903799297873,3113.8240128003577,3061.723171457522,3083.78173828125,666371
2021-02-23,3091.719560398838,3108.517322717838,3069.107127380255,3078.9365234375,484686
2021-02-24,3101.1338468132753,3151.896454424802,3083.5976732747476,3143.174560546875,512568
2021-02-25,3156.51109495457,3161.7719017132613,3114.6089617797456,3142.666748046875,586357
2021-02-26,3127.899622657121,3146.3125600258245,3085.443623057762,3104.594970703125,748717
2021-03-01,3111.747680975372,3156.511068941353,3107.6405698261697,3148.94287109375,377869
2021-03-02,3148.942831962007,3184.199722958679,3133.4371186796275,3182.3076171875,383968
2021-03-03,3193.429268542422,3218.4874456472194,3170.355357642549,3212.94970703125,409493
2021-03-04,3184.199965532103,3244.0075925596375,3184.199965532103,3232.101318359375,537283
2021-03-05,3217.4261547587616,3236.485115141434,3194.1215046131338,3222.733154296875,612423
2021-03-08,3224.4410707639995,3238.608318509154,3185.123031875255,3196.383056640625,463984
2021-03-09,3205.889427647598,3220.333606852304,3135.606379759236,3162.7412109375,589556
2021-03-10,3185.953377844905,3220.1951533280385,3173.5858511660817,3212.211669921875,270942
2021-03-12,3222.871433427312,3224.6713787115514,3161.125739051012,3169.6630859375,344205
2021-03-15,3178.2926803963537,3190.2449204514846,3137.1287357146525,3184.568603515625,311078
2021-03-16,3195.829008246171,3230.347488418522,3189.78359859447,3220.287353515625,383099
2021-03-17,3219.2719730440695,3229.424493601261,3180.784735634401,3200.720458984375,378136
2021-03-18,3211.888354485114,3219.1796200999015,3163.3407564658933,3174.64697265625,430166
2021-03-19,3160.7568242682223,3225.5945164287778,3118.669919010896,3199.52099609375,1312375
2021-03-22,3175.062817534841,3294.9547794617756,3175.062817534841,3289.7861328125,820046
2021-03-23,3294.954603690188,3302.3382554631635,3253.4215624672024,3293.477783203125,461046
2021-03-24,3263.574035183026,3293.2931880616156,3250.6526447722335,3265.189208984375,480657
2021-03-25,3262.6510724861246,3290.155219945593,3164.8176881343484,3178.523681640625,486516
2021-03-26,3189.1378973093124,3244.1921635222457,3189.1378973093124,3234.593505859375,273033
2021-03-30,3243.2690832087424,3345.717252883236,3239.6234501649387,3337.41064453125,567450
2021-03-31,3337.4106265370124,3373.405929201543,3315.721149290436,3345.763427734375,441583
2021-04-01,3354.946799473949,3387.2502762226663,3332.1036266302126,3339.718017578125,460658
2021-04-05,3354.9469090564567,3433.3982122943657,3350.3321265130503,3415.26220703125,807938
2021-04-06,3422.322490739528,3448.5343635889944,3396.4797103348064,3443.181396484375,462351
2021-04-07,3444.4733731239608,3525.693538406627,3425.5989593262093,3515.125732421875,633677
2021-04-08,3546.5097898039894,3597.1742153726177,3528.7303751618297,3580.98974609375,613388
2021-04-09,3580.9895391812697,3606.2747931874082,3555.8918853728987,3563.1162109375,526934
2021-04-12,3544.5858792656486,3612.185394605272,3518.362397342797,3577.236328125,1108910
2021-04-13,3578.503423055162,3609.3711009191056,3498.706909311467,3514.60986328125,411660
2021-04-15,3519.300908365514,3565.180266066752,3446.1189646565003,3464.60205078125,494464
2021-04-16,3467.2292503915232,3503.304151048877,3449.4498362400914,3468.16748046875,251741
2021-04-19,3457.3779203939025,3523.0540274298787,3427.4015144944983,3511.607666015625,560398
2021-04-20,3501.380610479107,3520.9427985255606,3462.162777877887,3499.504150390625,331477
2021-04-22,3495.000717911099,3533.374233872143,3464.0858556917037,3520.239013671875,424370
2021-04-23,3523.0539321166943,3528.589397935936,3415.6265885142016,3424.8212890625,491834
2021-04-26,3434.954120527293,3435.7984359465067,3312.890299652407,3320.583740234375,1031406
2021-04-27,3352.0144516338232,3353.7972261637015,3299.7550836949677,3322.460205078125,813608
2021-04-28,3272.546303449515,3309.137274158956,3254.7199331038896,3263.86767578125,1498181
2021-04-29,3280.7560199573304,3289.340733533159,3234.0790736520817,3254.626220703125,611087
2021-04-30,3246.2758524323176,3254.110164682877,3224.696562083779,3235.955322265625,436187
2021-05-03,3226.666974307614,3263.8207459042496,3219.630249112032,3226.8076171875,570022
2021-05-04,3220.005642480958,3248.1525449501974,3208.746881493262,3223.617919921875,337838
2021-05-05,3228.5436037405943,3245.243915832882,3223.9930962513563,3238.39501953125,234116
2021-05-06,3238.769937219569,3275.8300219589005,3227.229662488727,3238.81689453125,384450
2021-05-07,3269.4501791253506,3269.4501791253506,3239.0046600970004,3247.44873046875,189156
2021-05-10,3263.164008960929,3263.164008960929,3193.2658724837615,3202.9296875,694001
2021-05-11,3202.929396923861,3222.538310935276,3186.2758155827646,3207.2451171875,455412
2021-05-12,3193.7349883027855,3232.202419125469,3191.0609411215737,3227.089111328125,252497
2021-05-14,3236.893637603674,3306.7917755751155,3225.822477321016,3285.16552734375,677498
2021-05-17,3301.584667911566,3315.6111616838493,3280.099290874698,3290.607421875,338003
2021-05-18,3307.4483038314124,3315.610858904996,3265.0403542378062,3307.682861328125,474368
2021-05-19,3316.6428635767516,3335.407462522023,3298.863451888116,3316.079833984375,688416
2021-05-20,3283.805278139693,3300.4119047342697,3204.055721384872,3211.139404296875,1046540
2021-05-21,3235.9552289830503,3235.9552289830503,3206.8700993517155,3223.523681640625,521688
2021-05-24,3245.337781271797,3245.337781271797,3163.148736297259,3170.373291015625,1643611
2021-05-25,3187.700534603731,3246.0867777781564,3187.700534603731,3239.02392578125,1318946
2021-05-26,3240.483771525882,3252.5377521171854,3214.115789568274,3216.893798828125,373186
2021-05-27,3230.0779556949797,3237.1408083677825,3201.873676670369,3215.62255859375,444547
2021-05-28,3217.8354170037746,3247.970252632724,3211.243421709942,3223.909423828125,249529
2021-05-31,3228.9006287637917,3256.8223461011653,3227.4880583100858,3246.887451171875,352802
2021-06-01,3256.4455962534903,3266.8987090732358,3241.3781788040815,3245.851318359375,236580
2021-06-02,3245.8515901087376,3282.8138516338754,3245.1924365222494,3272.6904296875,420074
2021-06-03,3277.163218962281,3295.526633551294,3265.297536032857,3292.466064453125,380896
2021-06-04,3295.997676490482,3307.298239952735,3277.1634040533936,3285.92138671875,312826
2021-06-07,3302.118792611414,3347.791902961237,3275.7508113785266,3336.11474609375,357312
2021-06-08,3337.9040322128026,3410.886840083163,3336.11486824214,3391.817138671875,787313
2021-06-09,3388.285478368998,3398.032305936639,3349.7694847119556,3366.343505859375,546202
2021-06-10,3362.858970032819,3401.092630796619,3347.791553757119,3367.85009765625,355092
2021-06-11,3366.6263448183295,3385.4606180760543,3344.0252169090595,3350.52294921875,301375
2021-06-14,3350.522714655332,3388.2855218575964,3305.8384504617484,3381.928955078125,312420
2021-06-15,3383.9068659530053,3428.3085729767927,3383.577174208382,3420.162841796875,451019
2021-06-16,3419.409277653384,3432.35783989722,3394.9247235923126,3427.319580078125,232534
2021-06-17,3414.5596643576387,3449.4973351187305,3399.11565140897,3444.929931640625,300185
2021-06-18,3447.990023106077,3464.564274142025,3385.4603331178528,3408.249755859375,731807
2021-06-21,3390.1693130260296,3440.974721054403,3372.3710160968712,3436.172119140625,231475
2021-06-22,3437.2546005152035,3451.3803043529374,3405.2363384830073,3438.10205078125,235555
2021-06-23,3439.1378962514777,3469.555290001636,3419.3619116344785,3446.012451171875,378997
2021-06-24,3446.012814905078,3488.907917762669,3438.196545606468,3474.075927734375,385390
2021-06-25,3493.6633815107916,3493.6633815107916,3432.451994202272,3456.13623046875,176772
2021-06-28,3456.1361116921375,3470.2146843071487,3430.662712328614,3453.499267578125,181793
2021-06-29,3441.9632006972643,3453.358027197307,3399.633220449184,3443.98779296875,357263
2021-06-30,3460.7975812507702,3474.9232856640388,3421.1984772301303,3436.925048828125,428387
2021-07-01,3427.8375630423325,3447.6135489829617,3371.9467679554305,3386.2138671875,612678
2021-07-02,3398.644584610085,3398.644584610085,3328.95777406391,3338.657470703125,292855
2021-07-05,3356.267318512068,3375.572447588807,3307.6748040912757,3318.175048828125,519061
2021-07-06,3320.482376501892,3327.8749207223673,3304.143552480858,3313.890380859375,282115
2021-07-07,3315.7735797607365,3335.54956532591,3301.647875785613,3316.103271484375,524482
2021-07-08,3295.0557967701607,3320.3877999568786,3270.806672229769,3287.898681640625,627227
2021-07-09,3287.5224461950493,3312.94871547241,3265.8630316254457,3273.349609375,595359
2021-07-12,3279.2350692551668,3295.9976174057974,3262.190190951483,3268.122802734375,146119
2021-07-13,3285.403587025013,3286.062740616076,3263.1321505526525,3282.343017578125,182918
2021-07-14,3271.5132337071022,3284.8383899458017,3252.820125712629,3282.578369140625,458955
2021-07-15,3298.822775363543,3298.822775363543,3254.091378894868,3259.129638671875,264604
2021-07-16,3258.3290819801655,3270.2887988134166,3236.763932332435,3240.4365234375,399006
2021-07-19,3239.87127121676,3255.974665212831,3226.4049511068565,3249.052978515625,226731
2021-07-20,3253.620609932393,3264.8740418920165,3226.7817713265836,3233.4208984375,152954
2021-07-22,3248.4410342630085,3248.4410342630085,3215.95191535242,3225.651611328125,389457
2021-07-23,3227.252416760064,3251.2661128871086,3225.651549667036,3239.306396484375,247778
2021-07-26,3239.448011883421,3294.1145384129545,3231.0197202100762,3279.047119140625,433827
2021-07-27,3292.230951265123,3300.565209109982,3234.9275831611726,3249.618408203125,210607
2021-07-28,3266.8045784868486,3266.8045784868486,3211.2434743845934,3224.521728515625,352127
2021-07-29,3224.6158335958294,3229.0889734322864,3203.7098365528173,3207.10009765625,321411
2021-07-30,3224.4274248219576,3239.4948426949577,3181.1085984370834,3223.8623046875,988317
2021-08-02,3245.8044479986106,3335.549806388639,3239.542144081276,3300.376708984375,1887580
2021-08-03,3343.083441748799,3370.393137470127,3325.190882483101,3364.93115234375,1326045
2021-08-04,3370.3930402695228,3389.227312637612,3333.6662091517496,3369.73388671875,478788
2021-08-05,3369.7337917659397,3406.837215321349,3340.823230477679,3400.6689453125,497146
2021-08-06,3400.668951245015,3409.00320851181,3380.8460640300327,3393.935791015625,258380
2021-08-09,3408.909094252069,3436.313052985786,3396.054795102765,3424.1650390625,444706
2021-08-10,3424.1651806397244,3431.6046266971525,3400.998932304272,3425.200927734375,249493
2021-08-11,3425.200865126054,3436.2660005889156,3362.95373038344,3414.182861328125,233115
2021-08-12,3422.5637585962077,3430.615455723565,3397.23175514438,3409.756591796875,232971
2021-08-13,3409.756573816922,3431.6985461961112,3366.720309226215,3370.910888671875,323144
2021-08-16,3361.9176316442795,3459.808716701223,3345.9556317282468,3442.245849609375,348972
2021-08-17,3456.089022396608,3491.4975468518687,3454.2055951364464,3481.04443359375,579154
2021-08-18,3492.627671250875,3512.5919548782585,3472.0511357976184,3503.881103515625,426843
2021-08-20,3427.8375849920767,3736.248796279139,3423.4115769496098,3668.869140625,1567252
2021-08-23,3682.100115810904,3733.5646712454245,3626.1624208495027,3640.900146484375,645088
2021-08-24,3648.998982418647,3665.149278462041,3574.2739173696496,3590.00048828125,437167
2021-08-25,3590.000609985393,3670.7996844240406,3575.68660896821,3618.817138671875,360778
2021-08-26,3602.2428986213376,3716.896532027557,3602.2428986213376,3701.781982421875,1114234
2021-08-27,3714.7778295029802,3741.3812404043047,3683.7484103807165,3711.8115234375,475524
2021-08-30,3729.1859978723783,3760.7805363364637,3703.0063128142942,3754.000244140625,466524
2021-08-31,3762.145960060487,3792.563356357981,3729.1859829385553,3764.500244140625,688613
2021-09-01,3752.352363380666,3791.244953835968,3732.811804822243,3781.31005859375,352460
2021-09-02,3780.980346085654,3864.7928618519363,3768.785200166942,3847.936279296875,525680
2021-09-03,3865.7345875656288,3893.7036672920563,3835.740915427478,3883.815673828125,426377
2021-09-06,3902.8377203160303,3907.452024954499,3824.2988986753426,3841.296875,312608
2021-09-07,3858.106405552347,3888.900624597288,3842.1915374716477,3856.740966796875,259534
2021-09-08,3842.003205359282,3849.6309476009424,3781.639271413575,3824.675537109375,236283
2021-09-09,3822.2272686450383,3878.729855665545,3814.0344061721453,3833.52783203125,295134
2021-09-13,3833.527587424617,3863.850717927341,3822.227024759463,3855.234130859375,171201
2021-09-14,3858.2007652021366,3910.936728797772,3844.4516541576236,3862.4384765625,419441
2021-09-15,3865.922779698818,3893.9856605063187,3833.763122935977,3848.17138671875,218163
2021-09-16,3848.171565717508,3879.860137252938,3804.334750466193,3835.646728515625,243636
2021-09-17,3839.7432174735327,3875.151743350266,3805.4649319267132,3815.6826171875,621517
2021-09-20,3799.8143760185226,3875.15146401889,3766.854400018362,3846.42919921875,291097
2021-09-21,3825.429007815208,3871.902436853491,3816.7652885235907,3838.0009765625,424258
2021-09-22,3844.075094853009,3865.7345086652626,3813.0928079292694,3821.94482421875,259937
2021-09-23,3823.3574823587132,3837.9069125102073,3783.3346515704757,3806.736328125,322858
2021-09-24,3804.523028713412,3860.0372305979563,3795.105892503725,3807.25390625,373614
2021-09-27,3813.8461410512373,3827.6895160770823,3766.8547203787393,3775.895263671875,248898
2021-09-28,3771.7514501807523,3831.785695132411,3757.4845804035226,3770.291748046875,354948
2021-09-29,3749.9037222818733,3785.5945773479075,3728.3854735988807,3741.19287109375,332446
2021-09-30,3740.486329095471,3760.2623142190873,3710.6340546766914,3718.77978515625,217501
2021-10-01,3728.056025244947,3728.056025244947,3658.5575122350497,3692.553466796875,181917
2021-10-04,3682.1002208924274,3736.01332514974,3654.790526159466,3665.996826171875,372752
2021-10-05,3667.0329212524784,3677.627199722969,3640.194082460569,3655.920654296875,131731
2021-10-06,3666.091213169237,3760.4037425764245,3655.967791504308,3709.033447265625,409840
2021-10-07,3728.997692140073,3732.6231516829334,3651.4474824524536,3673.248291015625,187556
2021-10-08,3686.808818711584,3699.992809378752,3622.6311275352696,3656.95654296875,316870
2021-10-11,3653.8487853803977,3673.389342673347,3607.8931154996894,3616.745361328125,253051
2021-10-12,3598.2875701968605,3648.904674854825,3592.637288746669,3642.5009765625,253262
2021-10-13,3645.750128090486,3667.1272118472234,3629.835259389595,3657.333251953125,174222
2021-10-14,3683.983547986856,3696.225824603377,3654.7904268243838,3667.833251953125,299078
2021-10-18,3729.1858967923345,3729.1858967923345,3602.0545594016867,3613.684814453125,256837
2021-10-19,3635.34426144486,3642.877970397635,3559.6774801862052,3574.650634765625,282932
2021-10-20,3578.5116792929293,3689.0218621953127,3522.0088633040937,3542.7265625,523002
2021-10-21,3577.09936109412,3577.09936109412,3465.5062916483776,3497.854248046875,335589
2021-10-22,3516.3587401020495,3540.8432948001355,3437.254794154387,3474.92333984375,192033
2021-10-25,3474.923397984546,3481.0916684264957,3406.837454529729,3419.409423828125,289025
2021-10-26,3436.312956569507,3489.0960502950315,3395.678106336967,3477.56005859375,326825
2021-10-27,3485.1877163352365,3513.721683955723,3466.8714330808284,3482.315673828125,441016
2021-10-28,3507.883360601528,3511.367655138671,3441.021691177982,3467.29541015625,193658
2021-10-29,3466.447902851459,3492.7687530618764,3428.826488980564,3461.50390625,283538
2021-11-01,3478.68992390796,3484.3402053219957,3438.2905037618207,3463.763671875,139766
2021-11-02,3465.694479709963,3491.4975713011972,3453.3110373519066,3468.237060546875,151547
2021-11-03,3479.631847637045,3484.1521190233934,3407.1670301074723,3418.279296875,185296
2021-11-04,3418.279296875,3418.279296875,3418.279296875,3418.279296875,0
2021-11-08,3452.322239361311,3511.509034201655,3409.003411480618,3501.0087890625,336938
2021-11-09,3380.752010540058,3426.895979486148,3329.0989247657726,3410.51025390625,1399094
2021-11-10,3417.9023645971374,3503.1745766864947,3390.1689451804787,3482.927734375,706755
2021-11-11,3483.4929391342225,3501.291234564642,3421.528137037439,3431.039306640625,298625
2021-11-12,3454.770655301864,3486.1766663734998,3429.01469600207,3472.99267578125,275060
2021-11-15,3484.340426975366,3529.166087675811,3459.855872623647,3524.45751953125,320669
2021-11-16,3532.3678858384346,3540.8433086516966,3466.447930624174,3475.629638671875,199179
2021-11-17,3475.629470438289,3484.2931895792663,3397.5143732725674,3404.341796875,250996
2021-11-18,3432.357953667756,3432.357953667756,3347.792022010115,3363.424560546875,248828
2021-11-22,3379.810141474226,3417.007829016224,3361.9175829097203,3372.841552734375,364653
2021-11-23,3369.2631251907014,3456.089077280878,3365.6845673574544,3448.696533203125,365672
2021-11-24,3446.6719160027174,3459.855906938247,3399.5862340901117,3412.158203125,149025
2021-11-25,3400.0570523123943,3421.9990258166986,3358.150795885888,3365.119384765625,232784
2021-11-26,3352.5004709009963,3423.223255383381,3327.968785237153,3348.074462890625,372530
2021-11-29,3343.0832429147263,3343.0832429147263,3266.8987054840704,3322.9306640625,281082
2021-11-30,3309.1817235315893,3357.209119063778,3297.033709567082,3338.845703125,633377
2021-12-01,3343.5542481124808,3396.478508212308,3322.365691407079,3329.193115234375,312855
2021-12-02,3333.66590401006,3397.0432707096456,3324.2487686879977,3369.921875,377041
2021-12-03,3349.675315330417,3384.0007304795395,3343.083320051442,3346.61474609375,313990
2021-12-06,3348.7337112315377,3372.3708156119333,3286.5806108543493,3292.419189453125,165986
2021-12-07,3297.928232324051,3323.3073684272663,3264.9211239267024,3271.701416015625,254445
2021-12-08,3286.533443925765,3373.6419548833655,3279.988580165656,3367.33251953125,326189
2021-12-09,3357.209183026584,3422.6111504417217,3356.267469370756,3412.676025390625,284117
2021-12-10,3412.6758417563165,3429.7209499738383,3394.312426455798,3420.7275390625,190379
2021-12-13,3428.77924299569,3445.118066040924,3368.4624404868364,3379.57470703125,311904
2021-12-14,3371.3348186901244,3387.767675665036,3336.538545803353,3371.005126953125,297867
2021-12-15,3362.8591383909743,3370.9579670088337,3316.244316954303,3335.1728515625,152079
2021-12-16,3343.0834172939544,3363.4714256070315,3330.511448253429,3353.065673828125,121782
2021-12-17,3339.3164984703885,3348.733634675889,3295.997671925087,3330.04052734375,307396
2021-12-20,3316.7155920208156,3324.249301485939,3230.172196504431,3269.53564453125,382144
2021-12-21,3271.418684297049,3334.9374486275715,3259.317802848757,3301.412353515625,222991
2021-12-22,3316.715448481511,3332.347986909332,3281.4954502205187,3293.172607421875,257611
2021-12-23,3298.9167917841673,3352.500200210967,3297.880814926631,3347.4150390625,163291
2021-12-24,3352.5003790029277,3357.208946950965,3313.8901218290175,3334.890380859375,136780
2021-12-27,3333.666193493053,3337.951036418777,3302.3070841653725,3308.42822265625,94111
2021-12-28,3325.1907321654226,3354.3838538581804,3306.450723430097,3343.6953125,99497
2021-12-29,3343.6955022838897,3361.729456751103,3319.728935709536,3352.1240234375,163737
2021-12-30,3361.917740749277,3376.9851591952124,3320.529471687711,3365.59033203125,167005
2021-12-31,3376.9848206277297,3412.0165190202324,3361.0228217939866,3395.819091796875,244207
2022-01-03,3399.5860613322707,3414.6534787786186,3373.406377537132,3406.696044921875,149689
2022-01-04,3411.828256903216,3431.4630767604567,3399.585980519075,3426.377685546875,317247
2022-01-05,3425.9542640421223,3473.9816602670116,3421.292827449465,3446.389404296875,245395
2022-01-06,3446.3893178877884,3472.051014246904,3414.465317867642,3460.891845703125,340345
2022-01-07,3470.2146286307207,3523.8923040260943,3468.1900363475706,3519.513427734375,241905
2022-01-10,3519.5134337344616,3557.793999814836,3510.614056238461,3548.659423828125,351447
2022-01-11,3548.6597732771706,3579.406633545032,3520.220065586724,3525.1640625,206008
2022-01-12,3531.426194437998,3540.607902543537,3475.8650889788405,3484.52880859375,311095
2022-01-13,3484.5286918251036,3540.7960806375954,3476.1475325687193,3530.531494140625,129143
2022-01-14,3530.53163779041,3536.0405247469366,3479.914528640173,3495.688232421875,97013
2022-01-17,3481.5154005467725,3496.3945223548626,3430.0508409989925,3451.521728515625,170221
2022-01-18,3454.2055704696813,3479.349278231175,3400.622157264948,3410.79248046875,168104
2022-01-19,3409.0033731029284,3416.113357059329,3357.2091229590997,3367.23828125,129227
2022-01-20,3380.7519293079413,3412.7701927052867,3368.0387953119366,3395.018798828125,173547
2022-01-21,3395.8194638703526,3417.4788780880504,3367.2854939405775,3407.402587890625,162594
2022-01-24,3399.586303294584,3415.1717103070355,3300.70636926524,3318.457763671875,240598
2022-01-25,3297.8811158715685,3357.632799416029,3230.3131632548393,3333.007080078125,306411
2022-01-27,3328.9578653997423,3328.9578653997423,3235.3985191420325,3290.48876953125,353612
2022-01-28,3290.4886435679587,3385.4605567128465,3290.4886435679587,3305.085205078125,249034
2022-01-31,3305.4148336093235,3424.070750713248,3305.4148336093235,3329.240234375,462842
2022-02-01,3352.500346855142,3493.7573839417355,3338.4217748076203,3443.469970703125,631482
2022-02-02,3456.0887762871466,3456.0887762871466,3394.6890979602836,3409.991943359375,209928
2022-02-03,3410.8867215978516,3439.1381301146757,3347.7919092436123,3354.760498046875,203975
2022-02-04,3374.5837450851923,3384.236310031945,3333.6663328296077,3354.384033203125,162672
2022-02-07,3354.336853119129,3371.1465335528574,3239.4949207339423,3247.59375,279194
2022-02-08,3240.4363144362883,3286.580278228029,3219.1534963150684,3270.994873046875,363856
2022-02-09,3304.4732688112904,3334.3255461752356,3270.995301852762,3312.336669921875,172750
2022-02-10,3316.715140310317,3337.2916734488017,3281.871738779516,3328.53369140625,172088
2022-02-11,3295.05572141167,3304.8025486478505,3229.1357727123795,3277.68115234375,340217
2022-02-14,3228.1942796084095,3253.620547271603,3190.572866585165,3199.94287109375,209831
2022-02-15,3225.3689907772837,3286.5803730840057,3201.8261514285446,3275.185546875,209065
2022-02-16,3277.1634921333407,3294.8677546821496,3234.7863780109265,3260.212646484375,190567
2022-02-17,3279.6118872100137,3279.9884806871596,3230.0776597062754,3262.190185546875,173362
2022-02-18,3248.9121396652845,3291.289254530484,3243.403022768584,3278.71728515625,121161
2022-02-21,3231.1138631463796,3295.9978430058986,3230.0778861457807,3272.6904296875,138287
2022-02-22,3206.534744679172,3294.1141077497045,3206.534744679172,3286.344970703125,246372
2022-02-23,3293.8789317408896,3324.2491970682127,3267.7463778545884,3306.497802734375,326853
2022-02-24,3239.024124898263,3299.7646558056445,3215.0104266325543,3245.145263671875,529995
2022-02-25,3234.7862358112766,3243.261658263184,3155.1171727991286,3223.250244140625,722637
2022-02-28,3206.535087491234,3239.495066364125,3133.4111120417474,3227.676513671875,426929
2022-03-02,3221.555120268892,3221.555120268892,3175.2228567523102,3194.05712890625,416582
2022-03-03,3206.5350541679777,3239.071307527918,3154.740802191696,3170.184814453125,429892
2022-03-04,3154.7405143728206,3196.976460686179,3084.111995394325,3174.84619140625,331936
2022-03-07,3107.6549036269876,3108.172892093035,2955.6152877331647,2969.646728515625,711477
2022-03-08,2933.437884195604,2994.6492686170213,2872.2264997741872,2932.2607421875,541966
2022-03-09,2960.747408773072,2985.2319611356993,2913.379171104805,2941.77197265625,483468
2022-03-10,3037.026506220683,3058.685920063497,2961.501117846547,3035.095947265625,490457
2022-03-11,3060.5693499323634,3066.7847519610646,3006.7033753556652,3013.389404296875,362091
2022-03-14,3013.3893397820825,3027.6093074984738,2961.783617007285,3000.158447265625,335292
2022-03-15,3000.299712880907,3059.627673305106,2996.2031665064405,3035.001953125,258636
2022-03-16,3054.9187759850465,3124.935270845219,3043.8536417008836,3120.509033203125,239522
2022-03-17,3128.372618856827,3166.041163334333,3108.172907862875,3160.34375,436218
2022-03-21,3154.7406210916897,3154.7406210916897,3041.7349869033305,3048.844970703125,354460
2022-03-22,3041.735140033792,3060.5694133466945,2949.68262921698,2974.308349609375,583821
2022-03-23,2982.783704291267,2988.857941224022,2911.7785874919414,2921.43115234375,1044283
2022-03-24,2907.070021402665,2947.5637081277428,2900.996014376015,2922.93798828125,459226
2022-03-25,2928.7293736871866,2940.736222405679,2894.921946514633,2914.1328125,339040
2022-03-28,2914.1327231421847,2937.1575745848054,2881.6907357385294,2914.415283203125,310240
2022-03-29,2930.612630293086,2951.330328836289,2910.0832284818043,2922.890625,359318
2022-03-30,2941.5837008400654,2975.8150833997242,2933.10827813418,2964.89111328125,450273
2022-03-31,2965.7387875994846,3030.905324959679,2963.855360335256,3019.510498046875,413897
2022-04-01,3022.900630118837,3049.1743473696706,3005.6200937425688,3042.346923828125,260712
2022-04-04,3041.7350193221996,3085.4304397098513,3027.609314898103,3079.403564453125,275388
2022-04-05,3088.820682644819,3121.7335277780853,3081.192710336262,3110.856689453125,236853
2022-04-06,3090.7041920042366,3102.946469425338,3064.9482317733114,3091.175048828125,245111
2022-04-07,3084.112055140605,3128.37259455789,3075.30694097316,3102.098876953125,302703
2022-04-08,3095.4129116040126,3158.7902891805743,3095.4129116040126,3152.76318359375,168952
2022-04-11,3152.7630706378886,3173.575034490015,3104.8770689688495,3155.352783203125,186130
2022-04-12,3145.323696394522,3168.7722751010206,3109.8211365820025,3149.184814453125,238043
2022-04-13,3145.3234443373353,3190.5256974296085,3145.3234443373353,3154.410888671875,205852
2022-04-18,3150.0320707001015,3171.597220714664,3113.3523710458085,3148.99609375,197878
2022-04-19,3148.9960148447494,3190.525676565921,3056.14319183789,3077.42578125,296680
2022-04-20,3075.636693002063,3140.6149329950645,3053.0355660479754,3111.610107421875,235572
2022-04-21,3104.8297822651257,3173.5277443558825,3083.5469626457066,3164.0634765625,152205
2022-04-22,3146.5476828669734,3180.637669044572,3131.19770527704,3168.018798828125,148494
2022-04-25,3088.8205471908677,3151.9624888099115,2949.494068795876,3103.793701171875,630312
2022-04-26,3115.471167403906,3203.70968626695,3108.8791721646735,3176.117431640625,398545
2022-04-27,3154.7406723032746,3187.4180894044243,3119.0967193101933,3143.675537109375,248769
2022-04-28,3079.4034000976303,3193.868731487037,3072.905668373567,3162.179931640625,322548
2022-04-29,3164.2521428943746,3174.422466435956,3076.1076528565627,3088.114501953125,259398
2022-05-02,3053.0354316231997,3093.4348523106282,3016.308601939885,3080.627685546875,215783
2022-05-04,3145.323189490757,3386.401853116396,3134.1637921985616,3188.1240234375,2871830
2022-05-05,3211.243519880512,3224.003785714348,3069.986473551457,3085.99560546875,623098
2022-05-06,3055.860824493833,3130.1150384954503,3001.335695583422,3115.00048828125,560373
2022-05-09,3091.1751353957393,3143.7228043953946,3037.026599132143,3062.5,403409
2022-05-10,3070.928273169182,3127.0544997794927,3046.4437177866616,3057.320556640625,285192
2022-05-11,3051.152350306081,3092.399455838629,3008.775234329608,3069.845458984375,269579
2022-05-12,3037.497538178254,3051.1052551558905,2972.8958864189462,3029.351806640625,310942
2022-05-13,3037.0265228238904,3127.431033270741,3037.0265228238904,3087.408203125,326757
2022-05-16,3142.498431432298,3143.393013412386,3063.771078794494,3093.43505859375,270772
2022-05-17,3097.296259025235,3185.7230806281937,3093.9531295163542,3172.4921875,277190
2022-05-18,3154.74076651674,3232.5733086876226,3154.74076651674,3196.505859375,435712
2022-05-19,3168.8663318649214,3191.090865265104,3115.2357871784707,3137.8369140625,394058
2022-05-20,3164.1578055937975,3261.907726641574,3156.6240965328598,3249.1474609375,525530
2022-05-23,3250.0890970091136,3331.7827526890965,3250.0890970091136,3283.802490234375,524978
2022-05-24,3310.1233087979194,3312.948449602014,3239.4947886955456,3268.169921875,230532
2022-05-25,3288.1811028902857,3319.5402095756167,3269.7705573061357,3311.53564453125,286553
2022-05-26,3343.0835449168503,3369.3103627193677,3308.7109957930575,3353.395263671875,545260
2022-05-27,3374.159912585361,3374.4896043177664,3305.650246484165,3350.240478515625,165721
2022-05-30,3353.8189270222533,3406.7903202434554,3335.1731805368386,3367.803466796875,213495
2022-05-31,3368.132900058565,3484.3402644827734,3348.0272230546975,3435.182861328125,562987
2022-06-01,3436.4072549990497,3455.8535492442147,3327.074211998041,3344.3076171875,241386
2022-06-02,3361.917757497698,3374.913451954171,3301.412654999315,3368.556884765625,213099
2022-06-03,3366.626135634295,3387.438098255163,3289.4056200756904,3324.2490234375,271462
2022-06-06,3324.2489963837725,3328.957564367319,3248.9590403089746,3288.416748046875,153889
2022-06-07,3263.0377600612355,3276.127487682829,3158.507546102564,3186.240966796875,338018
2022-06-08,3187.7008282696756,3204.2750811135325,3117.0723017939813,3165.570556640625,320103
2022-06-09,3165.240851266486,3184.9228051726977,3113.305433652392,3152.151123046875,347351
2022-06-10,3122.7223049297686,3175.693695054105,3108.6908642210524,3164.958251953125,503822
2022-06-13,3144.381791964568,3178.2834824439706,3117.9666788172567,3163.216064453125,463899
2022-06-14,3163.733809506964,3195.2340818382936,3135.9532597238135,3185.67578125,224645
2022-06-15,3190.525940104415,3204.5573819381684,3156.6713793726103,3188.077392578125,245702
2022-06-16,3201.9206950673392,3231.8670054122003,3175.505581023393,3192.785888671875,481507
2022-06-17,3192.7857531113723,3192.7857531113723,3107.9374942191853,3137.884033203125,527370
2022-06-20,3161.2579564651305,3256.9577628694547,3133.4292601034304,3236.553466796875,364703
2022-06-21,3236.5536959541787,3326.841145497347,3233.1529017425596,3285.1220703125,223641
2022-06-22,3268.5493275758804,3309.645589873282,3243.8339898711347,3260.55029296875,170854
2022-06-23,3271.375066149057,3302.8919903852975,3247.9530653069114,3268.022216796875,351311
2022-06-24,3284.834621938294,3357.5914108399843,3284.834621938294,3323.48828125,301133
2022-06-27,3354.7652044955585,3358.5490876340114,3302.317062020935,3313.6689453125,419730
2022-06-28,3309.741496109295,3324.0149621223445,3245.6063205503815,3290.294921875,182574
2022-06-29,3290.2949306183573,3310.316372666958,3218.735587982212,3261.029296875,374478
2022-06-30,3237.894716676712,3336.707889405868,3237.894716676712,3320.662109375,479308
2022-07-01,3268.5495676258647,3448.64549925355,3268.5495676258647,3433.653564453125,292487
2022-07-04,3424.6964068123316,3557.3255117918175,3424.6964068123316,3544.8720703125,614359
2022-07-05,3553.0623291680004,3557.8521139201816,3483.131471786155,3502.865478515625,612519
2022-07-06,3496.6866279350147,3679.416924531966,3489.1188612332567,3669.74169921875,1043070
2022-07-07,3667.059400834919,3718.884968153738,3640.0930047998527,3650.0556640625,519620
2022-07-08,3668.9752624162356,3689.04441453071,3633.0518753821343,3656.473876953125,379513
2022-07-11,3668.208826733871,3678.9378981512796,3621.0773900199656,3635.829833984375,208602
2022-07-12,3623.9511775107785,3628.597362314482,3559.911661222627,3568.86865234375,283587
2022-07-13,3574.18563017633,3603.9302427881644,3556.032391199455,3569.347900390625,164377
2022-07-14,3569.3478517707385,3629.699143950437,3556.94235515349,3615.473388671875,265732
2022-07-15,3625.8674483640884,3700.396553919448,3620.2155952975813,3687.080810546875,660790
2022-07-18,3697.714285714286,3716.8734270910436,3600.9606217616583,3616.239990234375,455399
2022-07-19,3616.239892432129,3637.45878125876,3584.9626885309676,3628.21435546875,228968
2022-07-20,3645.026478381059,3687.1765874608923,3634.34535110791,3667.346923828125,440495
2022-07-21,3682.3868144939047,3703.222379846465,3660.3538028567145,3693.4033203125,282104
2022-07-22,3697.714056205348,3763.813089852542,3682.051365551502,3708.6826171875,433423
2022-07-25,3708.6824708795443,3750.4015437674493,3688.1343406142223,3722.52490234375,290157
2022-07-26,3736.0323394394513,3736.0323394394513,3635.9258318826764,3647.0859375,267527
2022-07-27,3640.2363227762544,3701.449676864037,3622.1787411509486,3692.492919921875,200264
2022-07-28,3701.0667566079524,3718.78896056738,3675.106029149333,3706.6708984375,316008
2022-07-29,3719.746925426692,3783.3074641232147,3713.903294342057,3736.415283203125,418970
2022-08-01,3736.415204489591,3751.3594265011106,3676.8303288112143,3693.546630859375,323129
2022-08-02,3712.0834257632414,3744.6539642086477,3600.0983444823187,3628.884765625,355859
2022-08-03,3621.077372502901,3633.8661916943697,3569.3956403769453,3611.497802734375,428088
2022-08-04,3604.5525318987325,3632.572772828382,3569.347613807635,3616.33544921875,506667
2022-08-05,3587.548918813398,3674.6271154418528,3524.1801576297044,3533.041259765625,798850
2022-08-08,3533.0412009125284,3546.2608200211494,3460.9069941675552,3478.724853515625,310094
2022-08-10,3486.9632848374,3520.300233346801,3471.683918317818,3494.387451171875,191222
2022-08-11,3511.870425129818,3527.964149794365,3479.491431172525,3487.2509765625,167070
2022-08-12,3496.542976088061,3513.115678612982,3455.9734044451557,3505.883056640625,228587
2022-08-16,3523.4139068274826,3567.38404102713,3520.492091105877,3535.29248046875,239514
2022-08-17,3537.735090879655,3558.762199599893,3526.3832072325213,3549.422119140625,353941
2022-08-18,3555.936441794801,3570.2578524023234,3526.2877189381634,3537.783203125,232262
2022-08-19,3537.783117959011,3553.4935190856645,3489.3104005875903,3508.5654296875,177955
2022-08-22,3508.565351028142,3576.0533728620967,3482.2215343247644,3521.880859375,366371
2022-08-23,3496.543057767295,3549.1827482589856,3485.0475737417587,3524.036376953125,189150
2022-08-24,3522.40773070077,3532.945257227207,3483.5625293212543,3505.30810546875,187721
2022-08-25,3522.8389663010676,3523.557434059924,3486.9635229840724,3493.2861328125,208578
2022-08-26,3510.7689230526244,3513.7863941536007,3474.606045086621,3496.686767578125,220796
2022-08-29,3465.888294722153,3573.1794746582727,3434.515204160475,3551.76904296875,525684
2022-08-30,3560.726171835914,3607.809664872925,3560.726171835914,3590.183349609375,467342
2022-09-01,3573.179520434692,3587.931964314419,3517.7139050754813,3561.82763671875,314888
2022-09-02,3579.645809441594,3600.8644633800013,3544.4408897929743,3548.51220703125,202152
2022-09-05,3526.23959589415,3558.8101327755417,3504.302474898051,3508.61328125,234232
2022-09-06,3517.618029657727,3537.352036991152,3443.855342216648,3457.0751953125,390746
2022-09-07,3448.6450025220124,3520.3002287941,3437.1495191802724,3513.690185546875,287734
2022-09-08,3528.155426441255,3531.9872542190897,3480.161689973393,3518.240478515625,384831
2022-09-09,3530.550415791654,3544.440791867893,3488.735687567806,3496.06396484375,134487
2022-09-12,3496.06396484375,3496.06396484375,3496.06396484375,3496.06396484375,0
2022-09-13,3510.9125179100024,3606.7082209907667,3510.9125179100024,3599.715087890625,398871
2022-09-14,3552.1045211168935,3603.546764736466,3552.1045211168935,3589.46484375,389253
2022-09-15,3606.708146288748,3629.6991145519437,3556.942326344285,3565.0849609375,311462
2022-09-16,3547.8414707015786,3584.100000542482,3468.8579678007723,3486.5322265625,559137
2022-09-19,3482.173666698699,3489.022965642543,3414.254609501198,3441.31689453125,211795
2022-09-20,3458.5601506479343,3510.912407179952,3450.5611161424795,3497.117919921875,346604
2022-09-21,3492.7113450105553,3629.6992008351604,3484.089731706909,3607.330810546875,773841
2022-09-22,3605.75007087892,3674.196050289728,3593.2966301452784,3665.095458984375,687172
2022-09-23,3665.0954367935406,3681.2371053510533,3623.328653065479,3637.0751953125,326581
2022-09-26,3637.0751200912496,3666.915619530914,3616.766479443843,3628.261962890625,626882
2022-09-27,3646.4153019689056,3726.261109851072,3640.2365262193816,3663.37109375,584760
2022-09-28,3657.3837796089174,3705.3775167973404,3636.0215265277297,3691.19970703125,364917
2022-09-29,3708.6826568549036,3710.1675370105686,3649.816244774146,3702.02490234375,450207
2022-09-30,3707.2934559411956,3724.2013028293054,3659.443552296732,3681.4765625,309896
2022-10-03,3699.629887873253,3715.148744304521,3595.97898854081,3610.491943359375,251830
2022-10-04,3646.9421644102986,3665.765925215123,3616.8144646473993,3657.623291015625,153835
2022-10-06,3675.92043386145,3685.8830929364526,3602.5887800207056,3609.15087890625,308216
2022-10-07,3617.2455547915515,3635.4467374030555,3575.3349369361144,3626.48974609375,318472
2022-10-10,3592.338667011571,3651.731999639496,3560.7260867418695,3638.177001953125,185199
2022-10-11,3656.378434866417,3660.0664291579847,3561.684287570276,3571.16796875,202644
2022-10-12,3589.0336471818528,3615.7126078347146,3569.682963624331,3604.7919921875,271156
2022-10-13,3612.9348006950454,3634.4888330470644,3591.2848790931967,3625.484130859375,156770
2022-10-14,3640.332515136089,3654.5100917359264,3610.7794479254558,3636.644287109375,350141
2022-10-17,3642.056535494125,3642.056535494125,3594.7814990284205,3618.8740234375,93315
2022-10-18,3636.979689892914,3644.97849062746,3590.9977532589687,3608.48046875,189866
2022-10-19,3611.497726450552,3630.1778871046067,3584.674931665243,3610.060791015625,182278
2022-10-20,3604.792341167039,3643.014733508804,3590.0876070539866,3630.80078125,230082
2022-10-21,3633.530842073708,3654.17486186416,3603.4510863120104,3633.243408203125,404955
2022-10-24,3633.243408203125,3633.243408203125,3633.243408203125,3633.243408203125,0
2022-10-25,3644.0684322254833,3644.9304999759947,3534.8613340988522,3556.990234375,228569
2022-10-27,3557.8523442356113,3611.402047681021,3545.6863369527537,3597.416015625,317971
2022-10-28,3608.6239305639415,3632.572854977029,3575.09543638562,3618.8740234375,215005
2022-10-31,3628.7412468500834,3640.236731264603,3582.1367306700427,3608.193115234375,198318
2022-11-01,3621.0775547369985,3648.4752192042824,3597.176573736929,3628.7412109375,338873
2022-11-02,3628.7412277173617,3634.872059155622,3558.1398414190144,3567.384033203125,185469
2022-11-03,3551.146341363484,3602.4449817669997,3549.6614613459683,3596.21826171875,140994
2022-11-04,3590.470817217915,3654.5580476205787,3588.6505585736313,3644.260009765625,258490
2022-11-07,3764.81906909445,4013.8399520406774,3764.81906909445,3965.2236328125,3142443
2022-11-09,3965.9417921658655,4058.8636167649206,3965.9417921658655,3999.8056640625,1198458
2022-11-10,3978.0121649204557,4013.504283181009,3935.574390948748,3960.816650390625,417581
2022-11-11,3980.6466706823435,4001.3863459587674,3913.2543029067665,3926.330322265625,344558
2022-11-14,3927.623841596975,3978.874542944643,3903.291826470256,3931.407958984375,336120
2022-11-15,3951.093824436982,3978.970467942891,3911.578096407396,3965.319580078125,325881
2022-11-16,3953.249020689699,3970.7317358111836,3921.636439922083,3957.79931640625,149924
2022-11-17,3946.782840794895,3975.521550800683,3932.557085791542,3951.764404296875,238478
2022-11-18,3964.026102989705,3964.026102989705,3890.359302552783,3933.419189453125,281217
2022-11-21,3944.8669416494367,3974.563608767244,3922.9298198128995,3946.83056640625,288522
2022-11-22,3960.1464131066214,3989.1723222690234,3934.904153333697,3982.802001953125,319387
2022-11-23,3985.1012632925513,4017.7195132144316,3965.4631440864223,3980.455078125,247440
2022-11-24,3996.596540743266,4032.5676384229514,3980.454871998262,4014.989501953125,231515
2022-11-25,4034.9146821427744,4034.9146821427744,3973.8926371945863,4007.8046875,244021
2022-11-28,3993.5792344724955,4051.4874559424084,3986.059178280932,4035.920654296875,222792
2022-11-29,4047.3683534370653,4121.131042955327,4047.3683534370653,4105.18115234375,598884
2022-11-30,4117.251350925869,4203.419299822464,4109.683116652447,4178.8955078125,1101544
2022-12-01,4181.05128500943,4225.06959886884,4153.079219603329,4216.20849609375,501703
2022-12-02,4215.01113775625,4257.208959886659,4196.139196243032,4246.52783203125,530333
2022-12-05,4236.900377075964,4241.498383755217,4186.2722540909845,4218.22021484375,212913
2022-12-06,4213.957208121086,4264.489442921417,4197.815538146221,4238.33740234375,349352
2022-12-07,4238.337389190964,4248.539538274659,4199.0611499419765,4208.83203125,252294
2022-12-08,4208.8321526693935,4255.867938970109,4199.875628150105,4210.12548828125,282421
2022-12-09,4216.926585649227,4240.3006421873015,4199.875138669199,4224.87744140625,233437
2022-12-12,4233.259962491504,4252.419103707794,4199.683754610943,4246.1923828125,233360
2022-12-13,4264.824528485455,4264.824528485455,4224.590334820497,4240.4443359375,158169
2022-12-14,4253.328641380763,4259.076382788034,4205.526685560768,4224.302734375,195654
2022-12-15,4242.120510022196,4296.436855361509,4226.505999075804,4277.708984375,370501
2022-12-16,4272.009608968547,4288.917457922433,4231.009232942764,4257.83203125,346508
2022-12-19,4267.6984569600545,4346.250931364258,4237.5228113047815,4336.1923828125,330662
2022-12-20,4338.587504577925,4343.329579103875,4279.2418778857245,4319.47607421875,206833
2022-12-21,4319.47579964128,4339.545185780246,4220.902118441925,4233.068359375,303234
2022-12-22,4257.160764046793,4259.412056471155,4192.977647217104,4206.8203125,243325
2022-12-23,4191.205566940118,4214.0052246917285,4142.302048118319,4149.77392578125,224215
2022-12-26,4134.063638099496,4214.915119350439,4132.434924017913,4191.3974609375,166686
2022-12-27,4196.522505920893,4215.010889311667,4167.113038296761,4185.5537109375,138087
2022-12-28,4178.608500198054,4222.147833638785,4178.608500198054,4201.5517578125,159245
2022-12-29,4191.062014854495,4205.191881076004,4115.910098595721,4165.484375,244626
2022-12-30,4172.094497354219,4191.014148030997,4117.825859312295,4126.35205078125,117753
2023-01-02,4195.803724974376,4195.803724974376,4095.3618453427666,4111.69482421875,255314
2023-01-03,4076.202695161638,4115.047662227515,4029.454115537515,4063.509765625,496975
2023-01-04,4076.0591824925637,4096.223989540289,4039.0819500280804,4056.94775390625,216319
2023-01-05,4056.947926480234,4202.557391610103,4056.947926480234,4131.8603515625,686633
2023-01-06,4131.8602728107735,4185.314085705766,4128.794623344439,4175.7822265625,297438
2023-01-09,4195.852125387919,4203.419892976818,4153.893791235037,4180.81201171875,170110
2023-01-10,4176.692705850065,4179.566576977943,4135.7877530289425,4144.9365234375,235445
2023-01-11,4144.12185788404,4175.399059446803,4117.299062687379,4132.91357421875,224668
2023-01-12,4137.703432546075,4158.395397044257,4103.887737959382,4118.49658203125,248083
2023-01-13,4123.047335274477,4186.943260587091,4107.193332459396,4153.7978515625,183772
2023-01-16,4153.797481841823,4163.712430439202,4119.215140253393,4128.41162109375,84814
2023-01-17,4127.836816970949,4189.098355764966,4111.3120583047275,4178.65625,169798
2023-01-18,4176.692734559358,4236.086071610432,4172.429638589383,4208.97607421875,192855
2023-01-19,4195.659588535785,4214.9627949398855,4173.914246805625,4188.57080078125,139431
2023-01-20,4178.608514891111,4178.608514891111,4131.525020980138,4137.36865234375,154486
2023-01-23,4147.954064631626,4174.250172996849,4137.560136993083,4155.47412109375,119143
2023-01-24,4167.879009487763,4223.584581649077,4141.439771244673,4211.2265625,135586
2023-01-25,4199.6832636191375,4257.1606805482315,4176.6922968475,4203.65869140625,288089
2023-01-27,4248.539410453102,4252.371238557232,4170.753112838301,4196.23486328125,340484
2023-01-30,4211.657991435812,4232.254067135998,4138.374280223521,4221.47705078125,218721
2023-01-31,4232.253983598428,4232.253983598428,4084.728607076436,4136.0751953125,605699
2023-02-01,4147.858199047587,4257.640172163831,4144.936617102541,4187.1826171875,622541
2023-02-02,4328.960538257135,4402.770947656777,4186.2726373498945,4380.78564453125,1669243
2023-02-03,4397.022535610928,4463.840034926584,4377.959285270639,4434.2392578125,517467
2023-02-06,4411.392109069133,4440.4180198845015,4406.602323934421,4431.173828125,315190
2023-02-07,4443.962776537868,4467.911702904207,4403.44138022701,4413.16455078125,327040
2023-02-08,4411.34375379224,4445.159444801624,4385.526628587217,4401.6201171875,252710
2023-02-09,4401.668664826532,4460.343529074692,4382.7967254694195,4442.3818359375,284415
2023-02-10,4464.079754607707,4472.893146374438,4403.776172538365,4428.34814453125,207919
2023-02-13,4406.601928604512,4441.088378480547,4386.484832843491,4395.1064453125,185536
2023-02-14,4397.309726308018,4429.593063547736,4388.40091351907,4406.45849609375,245495
2023-02-15,4406.458702440892,4406.458702440892,4339.737089390251,4395.5380859375,197822
2023-02-16,4403.728221289233,4423.749428549047,4374.989511992153,4379.779296875,160313
2023-02-17,4377.863612138435,4395.106838619506,4324.984197162171,4342.65869140625,203456
2023-02-20,4344.574615228263,4353.914696259843,4257.161036342958,4266.548828125,308681
2023-02-21,4267.651084121992,4337.486061760361,4263.483877270103,4314.01611328125,229380
2023-02-22,4315.596125587092,4349.986687066257,4289.444087554093,4295.9580078125,262918
2023-02-23,4301.227048642311,4306.974790800854,4238.768063418506,4264.345703125,210031
2023-02-24,4272.488510544009,4306.543697108903,4233.834849414938,4255.77197265625,234456
2023-02-27,4242.360363523824,4282.067869007435,4191.061952328306,4203.7548828125,162723
2023-02-28,4205.431137542374,4287.096969996927,4195.851567752984,4274.16455078125,349283
2023-03-01,4252.370906583514,4267.2669500744305,4172.046122671006,4195.65966796875,331092
2023-03-02,4205.431471393067,4219.800827217872,4160.455200560438,4209.455078125,147032
2023-03-03,4215.011210010454,4257.879789930446,4196.235157433546,4226.458984375,212204
2023-03-06,4204.473595105625,4204.473595105625,4099.960384848357,4138.23095703125,681562
2023-03-08,4138.23039353688,4186.271840675152,4124.723107090855,4157.19775390625,228626
2023-03-09,4157.197916718016,4167.1128650163,4095.457869978602,4111.26416015625,242653
2023-03-10,4126.30370281075,4178.368756971401,4102.690157372446,4129.75244140625,367075
2023-03-13,4127.836651698346,4163.328770920283,4109.635468968649,4126.49560546875,282671
2023-03-14,4133.584189171883,4161.269051140998,4097.181825512895,4112.46142578125,197998
2023-03-15,4133.584535624184,4141.870770285317,4059.438755928484,4064.70751953125,195193
2023-03-16,4084.6808684499038,4138.374170294534,4071.317181424021,4129.9443359375,260044
2023-03-17,4144.074400812055,4186.272220880358,4124.579881702086,4179.13525390625,294948
2023-03-20,4181.099165592386,4183.015079569402,4083.2916635152346,4149.72607421875,176552
2023-03-21,4171.902993563394,4201.599662403914,4080.8970729230905,4085.399658203125,231876
2023-03-22,4099.098205446128,4099.098205446128,4052.1583101278625,4066.0009765625,146015
2023-03-23,4071.317117521478,4076.585880850035,4020.305908931356,4064.32421875,197372
2023-03-24,4063.6537322917475,4063.6537322917475,4013.6963665921176,4023.371826171875,198393
2023-03-27,4046.4582706389588,4066.8148578543028,4022.269855241903,4037.59716796875,283791
2023-03-28,4051.6789194742837,4051.6789194742837,3978.3952128092446,4023.419189453125,224554
2023-03-29,4028.2092883736723,4117.251580909691,4022.4138354759234,4096.416015625,316461
2023-03-31,4097.613198158767,4151.593698817576,4078.0705019131856,4140.43359375,244995
2023-04-03,4161.365336089238,4163.28125014821,4102.307378771888,4142.25390625,365323
2023-04-05,4151.785943799841,4175.63898130625,4114.425618048066,4145.60693359375,390846
2023-04-06,4145.84623425539,4145.84623425539,4108.00693168975,4119.0234375,208718
2023-04-10,4119.0235036960285,4119.0235036960285,4064.6117307902055,4087.02783203125,253654
2023-04-11,4087.02776159082,4124.292196346394,4079.2205053805283,4097.517578125,248398
2023-04-12,4097.5176003769175,4118.065498041791,4083.770823430642,4091.7216796875,325329
2023-04-13,4130.40485855967,4238.56124905274,4114.376086056012,4154.95947265625,454438
2023-04-17,4168.405490637337,4292.1519836973985,4150.574493363619,4227.453125,631457
2023-04-18,4239.486773809031,4262.822932955365,4180.098011518255,4191.64453125,190132
2023-04-19,4215.175890754912,4215.175890754912,4161.0491691980715,4183.849609375,347248
2023-04-20,4184.970121968217,4207.868095860244,4137.517534700039,4147.35888671875,164008
2023-04-21,4149.891924302977,4223.944938213995,4139.465849140777,4216.92919921875,273401
2023-04-24,4216.929482987739,4228.281411896668,4186.918713007966,4200.56005859375,182843
2023-04-25,4202.508465220461,4297.997876208545,4200.559701730908,4289.76416015625,353719
2023-04-26,4287.279946438706,4309.544665860481,4258.827807394303,4292.15185546875,306037
2023-04-27,4294.100746699815,4315.878275865805,4284.356928350145,4302.72412109375,179769
2023-04-28,4302.821916340445,4447.907285243773,4295.708643048779,4436.896484375,482939
2023-05-02,4448.296547567117,4487.759010778655,4384.718134615197,4395.48486328125,261449
2023-05-03,4374.974362835101,4431.488508279296,4329.519546179718,4411.1240234375,525015
2023-05-04,4411.075174790949,4478.258993825816,4394.46215451576,4469.5380859375,244670
2023-05-05,4476.943269603654,4518.159905459218,4466.955856092554,4507.490234375,332347
2023-05-08,4521.13203864753,4579.594952940386,4456.3841707592255,4480.59765625,831450
2023-05-09,4505.541675596945,4514.55470771184,4465.1533575947615,4477.4306640625,367650
2023-05-10,4511.09544083439,4548.21900540627,4469.00195834179,4486.9794921875,368807
2023-05-11,4492.095706620458,4532.824680465284,4487.028730340205,4516.40625,282060
2023-05-12,4515.28507925038,4555.234731440553,4483.958800797187,4498.2333984375,311033
2023-05-15,4528.780800129531,4559.132699759732,4503.057214310797,4512.21630859375,276965
2023-05-16,4513.336472730961,4540.8142296485,4448.052892490681,4488.87939453125,263119
2023-05-17,4491.900390159065,4520.352530878575,4466.2253329046525,4513.2392578125,268353
2023-05-18,4530.875632729836,4536.234732940592,4441.23250193174,4447.419921875,155214
2023-05-19,4470.463930601855,4475.433373194447,4369.2742802614575,4384.572265625,367664
2023-05-22,4384.718223109775,4423.937091660923,4370.102495699409,4383.6953125,172174
2023-05-23,4372.051241536622,4464.178852628895,4371.0768597132355,4405.8134765625,297514
2023-05-24,4421.939748221994,4452.827366329556,4386.03368314352,4404.0107421875,302733
2023-05-25,4462.668851500561,4584.905244303128,4417.116500232514,4446.396484375,861989
2023-05-26,4464.6176888220125,4505.736793681011,4446.250495580608,4478.4541015625,231911
2023-05-29,4493.313340370554,4506.613557373498,4449.027495295681,4458.04052734375,194968
2023-05-30,4465.591530593157,4505.053991206079,4446.103895722578,4456.09130859375,199772
2023-05-31,4453.899264262283,4563.322151480497,4448.296568841258,4537.74462890625,1536463
2023-06-01,4535.747459283648,4535.747459283648,4470.025213952422,4516.50341796875,188427
2023-06-02,4518.208879130572,4597.816070825125,4516.601244146913,4534.91943359375,359550
2023-06-05,4540.521966312898,4591.774547665189,4537.744882837816,4562.640625,349558
2023-06-06,4562.6402426371205,4596.8411384529,4553.334611124833,4584.85595703125,185910
2023-06-07,4594.2103577516045,4782.217523358154,4594.2103577516045,4767.79638671875,1390193
2023-06-08,4776.3224046757505,4788.843306889293,4732.085562827784,4750.16015625,381452
2023-06-09,4761.121528891432,4852.421292515372,4712.207848715434,4753.76513671875,820375
2023-06-12,4773.496866390746,4784.215067152186,4740.3678822190195,4774.71484375,233763
2023-06-13,4779.294517920259,4824.797865541654,4766.9682067129825,4813.5439453125,326814
2023-06-14,4820.266748704782,4849.498202608389,4795.907203785109,4815.0537109375,234174
2023-06-15,4823.190073291499,4891.2992682628965,4788.404451544869,4847.98828125,452909
2023-06-16,4847.987930139937,4929.007678530665,4842.677359225811,4915.4638671875,407485
2023-06-19,4920.628467457802,4934.6594712996375,4874.150261723547,4892.419921875,197576
2023-06-20,4892.419589298434,4932.807905570025,4879.752625787835,4926.9130859375,251372
2023-06-21,4940.700632484918,4954.975231227001,4916.3896153691985,4939.67724609375,272200
2023-06-22,4935.244274281494,4941.9674141699625,4847.549904156057,4859.291015625,145196
2023-06-23,4844.675008542779,4859.193678490616,4818.6102944772965,4843.45703125,191942
2023-06-26,4851.398970843845,4893.345921498742,4825.431312486379,4880.8740234375,179192
2023-06-27,4872.445234768974,4908.740960655958,4822.362100108935,4827.33154296875,175475
2023-06-28,4861.1910462353835,4891.348354780655,4832.836439265823,4864.26025390625,253814
2023-06-30,4862.360442578133,4903.4305419315215,4828.110540324369,4895.830078125,196106
2023-07-03,4906.012277666428,4919.263965070406,4862.262630761868,4879.99609375,139105
2023-07-04,4879.996614760668,4896.1714492407,4845.16246229751,4881.79931640625,121493
2023-07-05,4896.0736529993455,4984.35274238319,4833.42109133315,4965.54736328125,186513
2023-07-06,5065.8113927419645,5135.333635015533,4989.80960612264,5041.01318359375,966410
2023-07-07,5041.013155418896,5056.60326540752,4913.710258697518,4925.01318359375,224712
2023-07-10,4943.039076957921,4968.811666948628,4863.626956955542,4902.943359375,308544
2023-07-11,4920.628219235683,5025.082141248013,4920.628219235683,4953.65966796875,385742
2023-07-12,4953.659834207903,4983.817143030947,4913.174458304896,4943.916015625,180640
2023-07-13,4959.505673832249,5016.117349799334,4941.528615646902,4959.9443359375,232034
2023-07-14,4986.8864707136845,5018.066690929167,4954.829401959122,5001.697265625,220335
2023-07-17,5018.018052405263,5065.811292350158,4989.90704057752,5011.6845703125,272290
2023-07-18,5018.066797096124,5028.346335856938,4922.577370665945,4934.416015625,189358
2023-07-19,4951.760208460352,5012.22041408726,4920.726050283189,4936.12109375,353528
2023-07-20,4940.11594644644,4963.501110689973,4887.54785568171,4923.11279296875,327126
2023-07-21,4931.882143390989,4978.068222582919,4871.909132281553,4917.705078125,438176
2023-07-24,4917.7052758923255,4918.679657757967,4817.539010413344,4841.60595703125,224646
2023-07-25,4878.729799857261,4878.729799857261,4750.111398902366,4760.43994140625,396810
2023-07-26,4774.4707861616025,4866.988527724841,4754.983150299719,4855.92919921875,231869
2023-07-27,4837.80571557792,4887.499188185065,4641.759903924706,4748.55224609375,558492
2023-07-28,4778.368604612141,4832.349264085622,4726.726366430158,4777.7353515625,357681
2023-07-31,4779.440633929649,4784.604667562201,4643.173233450567,4671.13818359375,800189
2023-08-01,4701.489935861889,4719.418466656929,4628.411297480704,4693.9384765625,413904
2023-08-02,4715.033514441071,4715.033514441071,4647.80117046578,4686.24072265625,395487
2023-08-03,4686.72796550799,4695.156272988777,4647.801221987638,4676.009765625,239070
2023-08-04,4667.289043369673,4708.213080910701,4644.537132106077,4675.5712890625,401478
2023-08-07,4629.287825489397,4691.648259257303,4499.890115729933,4540.37548828125,1079453
2023-08-08,4514.067596922821,4557.62265671156,4478.307592074536,4487.36962890625,533341
2023-08-09,4501.546457633316,4514.652083370519,4457.796809239191,4483.033203125,912658
2023-08-10,4483.130955768471,4500.328700511692,4415.21634954622,4424.13232421875,587011
2023-08-11,4423.693726620082,4444.155746060395,4374.633503902755,4394.75439453125,1112908
2023-08-14,4403.913292916465,4409.077325773634,4340.870604711942,4384.328125,557851
2023-08-16,4373.610063386067,4396.946221076238,4308.131418800704,4383.25634765625,518358
2023-08-17,4383.256664920687,4409.07778343139,4357.727670650211,4386.27734375,394002
2023-08-18,4383.7438426095705,4438.114158283641,4346.717333158767,4418.8701171875,423415
2023-08-21,4439.235062975852,4443.181119055537,4383.256636857748,4394.94921875,244783
2023-08-22,4408.882360820903,4409.028898701564,4374.974066162698,4396.0693359375,217446
2023-08-23,4438.308874275577,4438.308874275577,4369.810027512817,4396.84912109375,346764
2023-08-24,4422.037156479729,4442.694242928639,4399.772910833609,4426.421875,357303
2023-08-25,4428.175596786931,4443.229510042923,4390.759431046564,4409.85693359375,333873
2023-08-28,4409.07805885981,4409.857374064016,4370.687507490738,4395.38818359375,343698
2023-08-29,4395.388093316791,4423.693696373393,4371.174608656832,4414.6806640625,340257
2023-08-30,4436.312098500749,4441.7682563218395,4396.118846606282,4434.216796875,367571
2023-08-31,4447.955533498002,4457.796885163988,4328.2041013985645,4353.29443359375,874564
2023-09-01,4360.358673050123,4376.874635316212,4312.613963557506,4369.46923828125,383124
2023-09-04,4369.469167193722,4395.436347289808,4335.755461394994,4391.73388671875,394391
2023-09-05,4391.734184986798,4422.719338357008,4370.102717015021,4399.28564453125,453349
2023-09-06,4404.205907507027,4472.41263616311,4387.689945044923,4452.0966796875,300673
2023-09-07,4472.412486687501,4472.80214425518,4405.180142116382,4414.6318359375,479124
2023-09-08,4424.375730735906,4432.073251977443,4398.164479098673,4424.1806640625,278293
2023-09-11,4424.570157517766,4456.822289793392,4423.6933090647135,4451.51171875,302448
2023-09-12,4451.511988647574,4457.212217596558,4393.390206734982,4450.14794921875,321129
2023-09-13,4450.147638026382,4511.826289978818,4432.560237259069,4490.19482421875,435792
2023-09-14,4500.66962733457,4513.288062214634,4436.019298412256,4457.16357421875,473085
2023-09-15,4465.5922074715645,4471.682094291704,4402.8421088313335,4416.72705078125,408326
2023-09-18,4423.693650644246,4485.079707910895,4404.206013416739,4478.4541015625,304844
2023-09-20,4478.453768160382,4479.233083282509,4392.220979848331,4411.416015625,357295
2023-09-21,4404.205837459873,4448.735277054644,4363.281800917103,4441.76806640625,367638
2023-09-22,4441.768089759848,4454.8737156496145,4394.46204234028,4447.7119140625,210753
2023-09-25,4456.871160255851,4467.540831940981,4394.997912092655,4452.9736328125,498354
2023-09-26,4453.168811159878,4490.92610921413,4432.901858255203,4482.302734375,330231
2023-09-27,4483.326160970198,4515.334225570088,4451.950873674515,4508.80615234375,358156
2023-09-28,4508.805898687459,4515.577567006336,4389.638714292226,4408.63916015625,390490
2023-09-29,4438.308824835078,4443.619395625976,4386.227930533293,4420.916015625,230125
2023-10-03,4408.8828834411715,4436.604237878532,4371.66178156876,4380.28515625,543482
2023-10-04,4374.974513496277,4423.693606074186,4352.320135447549,4416.3857421875,318564
2023-10-05,4423.936931252596,4431.683456808158,4384.718064123492,4417.74951171875,302015
2023-10-06,4417.700854201569,4432.901304868712,4399.33366280262,4422.18310546875,238131
2023-10-09,4395.436698128282,4418.82186344752,4378.385015083005,4406.64208984375,255764
2023-10-10,4406.349907652449,4425.593949693387,4387.6415853340695,4413.9013671875,222750
2023-10-11,4406.154670324546,4451.902087916059,4404.8391596891015,4438.2607421875,368192
2023-10-12,4464.617233536494,4473.971393606273,4414.923763673909,4443.91162109375,518582
2023-10-13,4433.436974929838,4464.617191017256,4399.333613584224,4457.50439453125,445822
2023-10-16,4443.13297762891,4473.826007771912,4438.309596868901,4468.56396484375,292118
2023-10-17,4468.710150817435,4491.802714785792,4445.324986835881,4482.49755859375,196669
2023-10-18,4487.028158536417,4504.567030817341,4468.758499910455,4489.6591796875,217179
2023-10-19,4482.20504824965,4497.746629098928,4444.837884841143,4484.5439453125,228881
2023-10-20,4485.079728225641,4489.9516375545845,4441.963330664489,4462.6689453125,351045
2023-10-23,4455.556240524785,4482.156675704241,4400.649726092927,4414.53466796875,203004
2023-10-25,4355.486675454921,4468.125307451137,4355.486675454921,4417.603515625,330082
2023-10-26,4401.867587068992,4408.882850999435,4362.063992922857,4392.318359375,488909
2023-10-27,4396.410967491974,4427.591187119577,4375.94894836136,4398.65185546875,382794
2023-10-30,4384.717922261328,4393.195233886638,4327.22939839168,4347.3017578125,450526
2023-10-31,4345.840398130425,4364.986905508064,4289.131186581326,4313.10107421875,504625
2023-11-01,4328.788707062305,4341.845328109957,4236.319968815154,4284.64892578125,395359
2023-11-02,4396.5082303639165,4451.755393154387,4340.1401478816215,4411.27001953125,822845
2023-11-03,4412.000962891462,4465.007239729322,4408.249497660323,4423.2548828125,335012
2023-11-06,4438.211634462165,4509.585102418524,4429.588260244022,4505.15185546875,205763
2023-11-07,4491.997668118177,4550.363043261642,4473.240818314582,4535.9423828125,282612
2023-11-08,4551.289371010347,4566.440819395844,4531.363070649819,4550.9482421875,385727
2023-11-09,4550.947939127414,4565.466133459341,4511.875131999462,4532.921875,208210
2023-11-10,4538.134968729949,4565.807318305346,4502.6185597447975,4562.00732421875,142336
2023-11-13,4542.860100007513,4582.663691903815,4525.029103281565,4576.0380859375,260394
2023-11-15,4602.005324264246,4603.954087899336,4547.829600054279,4590.11767578125,269650
2023-11-16,4589.338634945468,4607.851890585375,4559.717521076096,4581.64111328125,178375
2023-11-17,4582.517928966319,4624.026691731678,4569.948498013278,4597.42578125,138652
2023-11-20,4571.068686726542,4618.034080488775,4570.727557937034,4591.287109375,126069
2023-11-21,4608.826125018286,4608.826125018286,4545.491305118457,4579.35107421875,129602
2023-11-22,4589.240868584647,4592.115485281212,4543.298860628589,4573.943359375,72533
2023-11-23,4578.6199996513615,4590.264052270547,4559.08383520546,4585.24560546875,109775
2023-11-24,4585.245837797435,4594.21034096681,4521.6188944340365,4525.17529296875,123628
2023-11-28,4513.580200952104,4601.9078180792,4507.490314556519,4592.7001953125,182790
2023-11-29,4595.136351283762,4708.310709865481,4580.958809669987,4680.58935546875,363702
2023-11-30,4691.648602914785,4751.037366920034,4674.596920557358,4728.333984375,961054
2023-12-01,4748.162384716215,4856.318761630539,4735.5439504339365,4843.408203125,485597
2023-12-04,4862.165357133816,4866.988737526498,4789.086719501544,4811.25390625,310152
2023-12-05,4811.254275470596,4847.550001613329,4806.625961398704,4821.63134765625,280497
2023-12-06,4826.113360421086,4894.027966482386,4825.431102809021,4874.978515625,295686
2023-12-07,4874.978609402072,4896.26894864169,4836.003334189003,4887.49951171875,268095
2023-12-08,4895.294579744401,4930.372327529193,4804.677064633686,4815.59033203125,282713
2023-12-11,4832.8362596501065,4847.062329275869,4774.519412981478,4817.48974609375,147976
2023-12-12,4840.729164305619,4844.090972089792,4750.11164975642,4777.44287109375,184238
2023-12-13,4784.214806437416,4801.753679454906,4735.495714722168,4793.2763671875,153558
2023-12-14,4805.8462492785875,4837.805782973976,4771.547818574736,4819.92578125,174503
2023-12-15,4811.49734505325,4842.531500645136,4755.470391359332,4788.0146484375,216579
2023-12-18,4787.966204443016,4799.317657498847,4713.13339515543,4754.49609375,223278
2023-12-19,4766.042514514122,4801.2177926628365,4734.229043885714,4785.4326171875,200718
2023-12-20,4793.958350126895,4922.528216106414,4790.060823012971,4828.01318359375,457942
2023-12-21,4803.702441049131,4982.306440891154,4752.595923552953,4929.982421875,796081
2023-12-22,4944.987470592292,5050.902959039829,4920.676455181623,5028.8818359375,582688
2023-12-26,5022.938538738249,5110.145716083947,5014.16910191019,5101.81494140625,574310
2023-12-27,5107.709887471048,5110.633033152546,5027.810572176766,5083.1552734375,241944
2023-12-28,5091.096762989651,5201.883696602718,5053.875185092982,5146.68505859375,655367
2023-12-29,5125.784238294669,5248.069160173514,5104.445370985826,5201.68896484375,535691
2024-01-01,5202.224434164453,5212.845100638074,5154.479725928068,5183.51611328125,130032
2024-01-02,5183.51620681372,5198.2784719792335,5090.268152263488,5153.359375,193517
2024-01-03,5153.359399608785,5197.255110424969,5105.76075240186,5119.20703125,123303
2024-01-04,5119.207078071883,5237.302346405837,5087.247544294861,5223.953125,413391
2024-01-05,5223.953206396089,5225.950974646017,5121.350988208402,5137.2822265625,299017
2024-01-08,5169.095564712318,5169.095564712318,5038.57692937166,5044.7158203125,236628
2024-01-09,5065.8110824136675,5076.72434910712,4980.065482249712,4991.17333984375,194434
2024-01-10,4980.065648734495,5011.879121068019,4922.0899285036785,4956.33935546875,191450
2024-01-11,4972.173029995595,5053.533914188903,4946.497973182511,5005.107421875,277823
2024-01-12,5017.092374742084,5115.894603689146,4969.39619069771,5019.138671875,462298
2024-01-15,5027.761671767447,5094.0681644328,4987.860545855298,5044.7158203125,400069
2024-01-16,5035.995017541073,5084.324452063575,4976.411663051302,4999.16357421875,203028
2024-01-17,4984.011699759132,5003.694403470571,4925.50025987902,4932.02880859375,270672
2024-01-18,4931.346400121429,4947.86236230986,4846.770248298282,4886.6708984375,514119
2024-01-19,4900.165968972691,5037.2126711011815,4883.893602946541,5007.0068359375,329252
2024-01-23,5034.04603199984,5056.895475498969,4799.707209303066,4918.77685546875,491135
2024-01-24,4918.777179440525,5041.110632072895,4901.140772559738,5010.51513671875,611741
2024-01-25,5018.066416089247,5102.398973025446,4975.291148978418,5010.173828125,342129
2024-01-29,5010.27120013163,5085.785789398492,4980.260431093229,5005.3017578125,275710
2024-01-30,5031.025422124769,5059.86721892897,4950.833989265724,4961.30859375,146422
2024-01-31,4961.308832354607,5086.273305816478,4902.845920793498,5065.2265625,549238
2024-02-01,5062.936278626552,5068.685511770243,4995.752940080746,5016.7021484375,344394
2024-02-02,5034.387629737564,5075.55526458663,4999.992139332396,5016.9462890625,176167
2024-02-05,5037.456566833126,5105.517233340981,4948.398162034863,4993.2197265625,231620
2024-02-06,4993.219655821216,4993.706846733093,4864.649783868084,4878.7783203125,336609
2024-02-07,5008.322866283292,5051.098135687145,4798.830761954321,4948.15478515625,1258830
2024-02-08,4970.3220496165995,4991.173727028633,4709.3337637172035,4750.6474609375,623680
2024-02-09,4750.647514194595,4850.521659616468,4735.5445946429945,4844.1396484375,411953
2024-02-12,4844.139553019608,4869.912144249292,4814.17730998323,4842.873046875,158487
2024-02-13,4842.872611387413,4923.940891662542,4813.641157395147,4853.98046875,262011
2024-02-14,4840.290181546468,4896.268606973955,4823.18997104897,4882.2861328125,277479
2024-02-15,4882.578626741687,4914.148501620925,4806.479313697314,4823.7255859375,189625
2024-02-16,4827.0877109580215,4843.213540353619,4769.355586033867,4787.8203125,352139
2024-02-19,4793.910185241002,4821.777125602991,4761.462984091182,4799.07421875,182521
2024-02-20,4784.360901311768,4807.600003373513,4754.10653545843,4795.0791015625,129279
2024-02-21,4808.330822647284,4860.508780279514,4762.778471270059,4796.8818359375,235932
2024-02-22,4798.782182493819,4840.72913170172,4735.495889708204,4829.96240234375,255308
2024-02-23,4829.962498802486,4843.067649756443,4786.261375891837,4809.89013671875,115910
2024-02-26,4823.1415986894535,4830.010800380233,4766.286322941435,4776.322265625,78084
2024-02-27,4754.009284646353,4813.007918314707,4754.009284646353,4778.7099609375,434014
2024-02-28,4768.965493846245,4790.158297266832,4742.511124041225,4762.5830078125,96877
2024-02-29,4759.90340987024,4853.297996396787,4705.14344061157,4838.00048828125,447941
2024-03-01,4838.000743582701,4858.949952455533,4788.258266818905,4801.46142578125,316277
2024-03-04,4780.317149621693,4815.833556829072,4709.674468547993,4714.93603515625,307520
2024-03-05,4715.082501096046,4742.75532742871,4687.751279352249,4702.02587890625,156956
2024-03-06,4715.033912024439,4762.583557406074,4666.07122260943,4755.71435546875,190965
2024-03-07,4745.239608512112,4776.419827705621,4711.233777108669,4763.89892578125,216747
2024-03-11,4768.673051528928,4830.643829079553,4746.311274712602,4810.91259765625,295000
2024-03-12,4809.256528248136,4813.446179755574,4728.479894937579,4744.4111328125,140625
2024-03-13,4767.260662600911,4847.549630676125,4698.469209873422,4732.2314453125,410729
2024-03-14,4728.918799896232,4826.064862424766,4660.4684736833415,4812.37451171875,240217
2024-03-15,4791.47433646468,4880.386682464479,4786.163764942582,4846.7705078125,491571
2024-03-18,4852.42138671875,4885.5503680738575,4832.93375062751,4852.42138671875,143928
2024-03-19,4870.934853058971,4871.8607061225575,4677.032865509715,4693.548828125,265081
2024-03-20,4698.566719891585,4709.0413245692,4638.057513064566,4679.8583984375,300159
2024-03-21,4689.212259102437,4700.417649435877,4645.657203758303,4683.56103515625,449591
2024-03-22,4677.0328558581705,4767.601838657129,4662.31959484464,4740.36767578125,264787
2024-03-26,4626.754355694605,4847.549362516669,4619.251901441157,4834.3466796875,554559
2024-03-27,4832.9340162376675,4852.421653399917,4754.983467588673,4794.15380859375,327107
2024-03-28,4815.686981780804,4843.846996430096,4739.977801353569,4785.4326171875,648795
2024-04-01,4803.6537126328085,4833.615952779556,4758.637083469239,4769.7939453125,181877
2024-04-02,4784.214710210104,4788.989085947694,4745.239437621834,4774.42236328125,93480
2024-04-03,4745.239604329186,4771.4993854670265,4682.879165997139,4710.74658203125,246246
2024-04-04,4715.9597254162445,4730.62398226136,4658.1300662355625,4690.28466796875,372526
2024-04-05,4690.284242318665,4723.413222916051,4668.8478431085905,4689.748046875,189143
2024-04-08,4701.440827902359,4716.982408298556,4658.519498879446,4703.14599609375,235219
2024-04-09,4725.751776100443,4725.751776100443,4660.8578524329205,4671.86865234375,180114
2024-04-10,4695.059005852632,4695.107534636814,4625.926422378739,4685.51025390625,509880
2024-04-12,4694.5713466584675,4697.348429844896,4623.441477769703,4630.0185546875,620568
2024-04-15,4623.4417338101675,4654.719485372505,4572.627817074611,4639.90869140625,421873
2024-04-16,4626.364749899938,4650.237103811595,4571.1171119668725,4619.251953125,516581
2024-04-18,4623.441747370874,4636.790968646942,4547.050307647819,4574.72265625,670722
2024-04-19,4562.104293238135,4577.645873859574,4522.1061091064885,4548.70654296875,424834
2024-04-22,4554.163469137511,4641.85784017375,4542.860543938358,4631.529296875,321925
2024-04-23,4634.160188172191,4688.725573062359,4602.054115146605,4674.88916015625,279440
2024-04-24,4674.1095219364815,4716.007939581524,4658.519413045303,4705.2412109375,412282
2024-04-25,4692.769065929904,4734.521423483283,4625.877846879375,4720.0517578125,509266
2024-04-26,4719.9543489788375,4736.470312130962,4670.212344382576,4677.4716796875,205462
2024-04-29,4691.648508310145,4701.9770508557085,4653.647616965577,4676.88671875,147362
2024-04-30,4676.057941472298,4701.391866556332,4643.026495844119,4653.5986328125,489132
2024-05-02,4667.240363038835,4688.725291741295,4628.362148019343,4637.71630859375,356664
2024-05-03,4658.6166917768,4658.6166917768,4587.291757188775,4623.0517578125,262493
2024-05-06,4695.497497097764,5072.096073358956,4679.176601490067,4931.93115234375,2837757
2024-05-07,4928.374902033945,5086.175758251203,4919.458927427897,5041.3056640625,1156073
2024-05-08,5019.040947208115,5113.994649515796,4992.58657493555,5094.4580078125,323414
2024-05-09,5094.116702477872,5113.555810167318,4915.756299979824,4940.21337890625,379667
2024-05-10,4940.213304026259,4987.081164184723,4844.382757974852,4936.99755859375,223289
2024-05-13,4944.939011389315,5037.553809394286,4925.499904543156,4999.1142578125,323879
2024-05-14,4999.114636765693,5029.271945492355,4906.012640812556,5009.10205078125,205585
2024-05-15,5017.6282020838335,5032.438997506719,4923.99048063286,4934.27001953125,166198
2024-05-16,4934.415771474769,5018.066548806932,4888.960953133744,5006.13037109375,312988
2024-05-17,5008.225122401764,5008.225122401764,4935.244017767341,4956.4853515625,116594
2024-05-21,4916.730839174034,5058.016208115817,4915.804986103046,5045.44677734375,376474
2024-05-22,5086.077828181673,5166.659391748052,5061.91335033119,5132.45849609375,748236
2024-05-23,5126.368808943653,5158.133751379349,5054.995340742748,5145.8564453125,423256
2024-05-24,5125.346272879644,5149.7543489063055,5085.299082060726,5106.443359375,268208
2024-05-27,5130.120321081047,5130.120321081047,4995.899224361406,5078.7216796875,329998
2024-05-28,5075.55515103236,5149.997830602179,5047.8337965754135,5116.04052734375,259151
2024-05-29,5068.734639138875,5133.043844479736,5066.785875340666,5095.822265625,286144
2024-05-30,5068.831899612789,5107.807173478792,5040.477292720795,5065.37255859375,357619
2024-05-31,5074.580295487561,5087.247258590736,4979.724134325848,5047.1025390625,651525
2024-06-03,5164.223622578743,5164.223622578743,5027.810168397417,5035.41015625,199328
2024-06-04,5072.193033382472,5275.692769260395,4995.704061408373,5188.6806640625,989039
2024-06-05,5188.681081620298,5578.336303077276,5188.583548277117,5346.09228515625,1188965
2024-06-06,5324.997057092407,5372.839303299632,5175.380907398345,5301.076171875,629293
2024-06-07,5292.501297240966,5329.86893787396,5256.790296129801,5323.583984375,226777
2024-06-10,5324.996922664394,5418.29398677146,5267.605925642308,5347.79736328125,306665
2024-06-11,5359.09974308765,5463.114997192123,5359.09974308765,5376.39501953125,476899
2024-06-12,5408.355060404572,5425.358214226146,5291.8678989695045,5299.955078125,279376
2024-06-13,5300.247645429441,5310.332592805654,5204.855756766742,5241.638671875,434594
2024-06-14,5259.274603463922,5310.381122187324,5237.887207160015,5255.474609375,149569
2024-06-18,5280.954322857232,5295.765116620203,5237.594332481961,5257.6181640625,155277
2024-06-19,5277.251953275328,5283.926563917235,5212.942752958457,5223.31982421875,135179
2024-06-20,5223.31978073188,5261.661800301515,5182.736873296992,5240.6640625,296418
2024-06-21,5231.553369267109,5251.77179143057,5181.275173696513,5193.7470703125,244120
2024-06-24,5178.839826145975,5193.455554723998,5115.505002307878,5162.03173828125,463385
2024-06-25,5162.080211895288,5232.430775007896,5153.700908218045,5214.9404296875,160890
2024-06-26,5214.940077339267,5295.326578227895,5182.785476983817,5282.80615234375,221391
2024-06-27,5250.748700274788,5310.381059545983,5244.269156154773,5291.185546875,357573
2024-06-28,5295.765373340256,5349.356375278381,5277.495713588622,5335.2763671875,215576
2024-07-01,5334.789104460103,5348.527983562898,5291.916303486625,5336.2021484375,223560
2024-07-02,5359.100079646889,5359.100079646889,5246.363911298819,5263.26953125,163333
2024-07-03,5282.854954973483,5357.1515732824655,5251.723263615709,5309.50439453125,211361
2024-07-04,5315.204205863758,5346.774081122208,5259.274309761243,5287.2392578125,138170
2024-07-05,5306.435140800365,5412.2041025908275,5294.742558348104,5404.701171875,172330
2024-07-08,5412.691358766229,5472.080124829791,5392.277868013316,5425.89404296875,171210
2024-07-09,5553.9764104565065,5558.8483195884855,5440.022265550558,5523.62451171875,389812
2024-07-10,5524.793382720855,5651.414489038519,5524.793382720855,5608.10302734375,526095
2024-07-11,5651.414823213417,5656.286732543773,5573.464273927714,5613.7060546875,372798
2024-07-12,5631.927184873149,5656.286731520524,5566.83866654032,5638.79638671875,222315
2024-07-15,5658.235189732689,5697.941248623959,5639.721935280317,5660.8662109375,135373
2024-07-16,5663.106775534722,5729.364735055776,5622.28027504313,5712.1669921875,162459
2024-07-18,5696.771990449995,5768.340527335434,5670.902342752065,5721.0830078125,523157
2024-07-19,5700.133514237614,5824.854384292727,5696.869240062168,5727.36767578125,451294
2024-07-22,5727.367875181559,5781.689662272576,5692.338658039924,5737.01416015625,347520
2024-07-23,5737.014310473634,5851.163049838487,5690.974767741766,5792.45654296875,336696
2024-07-24,5796.987472155377,5821.347019199237,5666.030642402061,5680.1591796875,233649
2024-07-25,5675.67656279763,5714.749368897165,5653.071190058426,5680.25634765625,303638
2024-07-26,5680.64577126374,5731.946876770853,5664.178814353998,5722.34912109375,146736
2024-07-29,5746.904306033513,5804.977561011595,5690.43868599674,5746.5146484375,129350
2024-07-30,5747.293664537476,5835.962410660486,5681.912548890099,5692.53369140625,191681
2024-07-31,5745.929668577039,5745.929668577039,5622.329237919936,5636.26318359375,271796
2024-08-01,5636.263223268268,5690.292410819143,5553.976486592173,5583.35400390625,304411
2024-08-02,5561.819993853148,5659.2096477104205,5486.0618068508265,5573.80517578125,406998
2024-08-05,5636.089240847109,5767.368821822796,5576.963690610042,5624.19482421875,1114298
2024-08-06,5650.499820012115,5844.408831397723,5636.286187782918,5778.76904296875,727869
2024-08-07,5814.007481166951,5848.159527121483,5733.90681182657,5761.2978515625,314935
2024-08-08,5769.145094157327,5786.122795924837,5650.944123196149,5670.33984375,271628
2024-08-09,5695.756634926995,5710.710565027724,5646.008682786365,5666.0458984375,232215
2024-08-12,5670.685387047918,5699.8037889483385,5552.237650503836,5572.71923828125,622193
2024-08-13,5605.48982873321,5641.024148791337,5544.390153950104,5593.20068359375,236505
2024-08-14,5602.577933499046,5621.529764115093,5521.7866102108765,5585.94580078125,164575
2024-08-16,5597.1489259755335,5668.168405460075,5589.252410428791,5655.53369140625,144969
2024-08-19,5670.685474048054,5688.699400923838,5644.1335357584085,5658.34716796875,102452
2024-08-20,5666.194609058814,5699.112824603851,5654.152229357375,5691.21630859375,189035
2024-08-21,5699.112584718548,5774.228286495901,5682.036562351499,5761.8408203125,169215
2024-08-22,5782.223811642289,5782.223811642289,5733.512082421593,5761.2978515625,160154
2024-08-23,5761.495154445031,5774.326992205488,5709.526307908194,5717.71875,124435
2024-08-26,5724.97422119019,5784.198092443882,5701.531438818937,5721.9638671875,265107
2024-08-27,5753.401007862568,5769.786373939008,5660.814556292834,5689.7353515625,175740
2024-08-28,5672.2151145036405,5700.692020741746,5616.445972172701,5629.57421875,161445
2024-08-29,5636.138240685299,5769.391946901151,5622.467301099026,5755.9677734375,351330
2024-08-30,5767.368577066064,5832.465190127028,5718.311279786803,5779.50927734375,519387
2024-09-02,5805.96256238125,5857.191595617517,5789.13330540477,5845.5439453125,307023
2024-09-03,5856.253396192,5867.11110516859,5794.068335689708,5839.5224609375,258133
2024-09-04,5774.2779662191715,5858.57317523068,5752.611708402354,5849.88671875,219283
2024-09-05,5835.278379448784,5843.421661324786,5757.842979005503,5774.3271484375,170014
2024-09-06,5771.070087902759,5808.67685901805,5751.723527702076,5767.96044921875,213556
2024-09-09,5784.148493722378,5884.088768890222,5770.576357588473,5862.6201171875,321187
2024-09-10,5902.69487782577,5932.2576524238,5853.341652764007,5892.67626953125,337831
2024-09-11,5876.043924008485,5968.827983772587,5870.3191428941755,5930.9248046875,437060
2024-09-12,5940.795495148819,6049.422229602,5927.026234926918,6030.2236328125,548745
2024-09-13,6058.601656180295,6069.2617595635,5978.995003865108,6053.76513671875,274846
2024-09-16,5922.386716817169,6050.705095681542,5860.004050614003,5984.57177734375,352336
2024-09-17,5994.886762340567,6124.389328692662,5990.642096036652,6032.0,527917
2024-09-18,6055.640487923208,6086.782178982979,5981.659813544703,6044.04248046875,218424
2024-09-19,6049.619315248177,6144.47630691746,6034.566582126813,6055.14697265625,362388
2024-09-20,6085.597866929947,6177.690786780041,6046.608821387324,6130.212890625,663556
2024-09-23,6154.593687998888,6169.152888816495,6110.718479867597,6130.85498046875,312563
2024-09-24,6120.5403212329675,6165.106187909523,6105.043215485858,6122.9091796875,234706
2024-09-25,6122.76104896054,6122.76104896054,6022.623163377949,6100.3544921875,357145
2024-09-26,6119.799909387569,6189.289153901145,6074.740511286466,6173.2001953125,327297
2024-09-27,6157.012153628499,6251.030043118253,6100.8478004767385,6187.70947265625,400543
2024-09-30,6171.768585153988,6280.592443380589,6160.36818326866,6256.16259765625,442617
2024-10-01,6225.317062007801,6379.9902635178405,6225.317062007801,6362.6669921875,416639
2024-10-03,6360.841299917261,6386.20856861246,6208.635759885696,6249.845703125,495791
2024-10-04,6197.037576707993,6257.939647960617,6099.910528188323,6125.72216796875,395753
2024-10-07,6142.156514120604,6154.346856492394,6026.0284777684155,6041.13037109375,374593
2024-10-08,6058.3056684789535,6154.149241016583,5973.763212751454,6124.142578125,708471
2024-10-09,6078.984568985075,6104.993814450162,5991.5305595831205,6018.37890625,551094
2024-10-10,6047.743881973281,6080.169045531761,5902.694568335946,5924.5087890625,287475
2024-10-11,5952.541552855576,5961.3759728055475,5883.990213371434,5901.1650390625,94953
2024-10-14,5927.421086855685,5946.372435953579,5823.680512186264,5900.720703125,219597
2024-10-15,5938.525321649915,6004.263910650922,5909.505723107867,5990.1982421875,426219
2024-10-16,5986.545875033324,6034.912032968465,5943.263002610598,6011.3212890625,276677
2024-10-17,6011.32149219493,6017.04627339876,5889.073459828766,5911.03564453125,188121
2024-10-18,5907.531942748258,5920.412941841352,5794.068684329566,5811.04638671875,354901
2024-10-21,5811.04639862858,5819.238841307363,5688.058063811865,5703.5546875,296733
2024-10-22,5712.537057129359,5728.922424412323,5637.914883671287,5652.91845703125,320607
2024-10-23,5624.885848783208,5722.605234156217,5616.446158140123,5674.48583984375,123095
2024-10-24,5676.460055981315,5705.726422424536,5529.140677286244,5539.80078125,269803
2024-10-25,5539.800799090728,5632.634506098209,5537.43194064283,5596.0634765625,176680
2024-10-28,5603.564981009909,5704.245556677165,5596.0631946652165,5648.27880859375,131887
2024-10-29,5656.668977614,5685.3926506208645,5538.468005122305,5594.18798828125,204751
2024-10-30,5593.299521686193,5723.98675877513,5568.622910379178,5707.7001953125,218180
2024-10-31,5704.2454904814185,5706.219619393161,5634.1639141145415,5652.8193359375,208893
2024-11-01,5693.930594556951,5693.930594556951,5578.937583015844,5619.4072265625,31706
2024-11-04,5611.461812557019,5625.231555437195,5470.163622500164,5552.435546875,249780
2024-11-05,5561.2692452100255,5595.668538741006,5512.310750594827,5532.59521484375,185870
2024-11-06,5563.391323643272,5645.021748746372,5535.506752144393,5621.2333984375,233799
2024-11-07,5636.138192119093,5639.790523488459,5533.483485992931,5615.31103515625,284538
2024-11-08,5608.698067403403,5717.916657404109,5568.5735101015125,5672.8076171875,306281
2024-11-11,5726.602776525374,5825.802760793349,5331.283436233592,5364.35009765625,804824
2024-11-12,5349.889256675766,5356.699904908412,4940.257514697824,4962.515625,2441209
2024-11-13,4944.205786575473,5021.789148056293,4874.56858302632,4981.220703125,928244
2024-11-14,4981.220801688741,4985.169059532148,4837.6029226348,4852.01416015625,479979
2024-11-18,4905.710572558681,4905.710572558681,4729.667522319418,4847.8193359375,439087
2024-11-19,4861.243474475613,4887.301880734725,4815.492938767209,4829.41064453125,436205
2024-11-21,4811.939382822109,4821.810027709949,4685.496325415859,4741.21630859375,1036549
2024-11-22,4727.101063163329,4807.991191933547,4703.954689757525,4785.63427734375,410476
2024-11-25,4841.5513616553935,4915.581198989575,4810.952362223933,4840.51513671875,722912
2024-11-26,4840.515058001768,4965.230269697216,4829.657348702658,4948.74658203125,314200
2024-11-27,4948.74648731055,4959.998925793964,4877.085510915021,4919.67724609375,255840
2024-11-28,4922.095863127929,4947.70989736499,4827.880365136978,4859.9599609375,321308
2024-11-29,4816.874503865072,4891.842241439735,4816.874503865072,4877.2333984375,212644
2024-12-02,4866.721220883721,4894.852557420621,4803.253170184738,4843.77197265625,314800
2024-12-03,4836.171509816325,4856.159565245435,4812.778371159816,4846.091796875,289449
2024-12-04,4852.853350730084,4909.5599158715095,4778.379143000978,4788.79248046875,392107
2024-12-05,4797.133253877386,4829.706380909887,4743.437043889549,4808.97802734375,526114
2024-12-06,4808.978289511474,4843.229620771659,4777.3922252125485,4807.84326171875,236965
2024-12-09,4782.278191951479,4793.086258708175,4688.605388269677,4731.0,467154
2024-12-10,4737.761327030055,4767.472062931004,4721.178355334962,4725.32421875,264213
2024-12-11,4745.806195035279,4851.422098294176,4731.246993417814,4826.251953125,358246
2024-12-12,4836.616142795123,4845.450563025654,4747.780336090723,4765.89306640625,406271
2024-12-13,4761.598849894871,4800.193165821649,4711.258563546479,4787.361328125,284721
2024-12-16,4806.017056747621,4806.017056747621,4728.038961146252,4783.80810546875,208757
2024-12-17,4754.196263916284,4777.293477307473,4703.510404385695,4714.96044921875,312523
2024-12-18,4713.23274476315,4736.823488705182,4691.072955093369,4720.78369140625,228821
2024-12-19,4688.556195476153,4741.660070756781,4664.521079428435,4723.84375,247805
2024-12-20,4728.03876421538,4745.312392268359,4619.95520582674,4637.32763671875,363168
2024-12-23,4644.138565857378,4673.750501452643,4603.471314853842,4643.4970703125,332554
2024-12-24,4641.22655769464,4704.892219566803,4629.381783392842,4682.73291015625,227672
2024-12-26,4693.39297856838,4735.047293999137,4647.099749083739,4700.0556640625,398117
2024-12-27,4714.219970133686,4745.164538064326,4677.15589158837,4707.6064453125,131505
2024-12-30,4698.130887067212,4755.676552103441,4676.711395572043,4737.36669921875,271403
2024-12-31,4732.973941144001,4732.973941144001,4679.870067603944,4701.14111328125,255918
2025-01-01,4690.7281371278295,4757.354991267611,4690.7281371278295,4732.7275390625,87260
2025-01-02,4728.08808260958,4744.76985811582,4662.004403972483,4725.8671875,402766
2025-01-03,4737.909365200045,4796.590539602976,4723.843696772107,4771.568359375,341848
2025-01-06,4810.458510488684,4810.458510488684,4711.554461592892,4729.2724609375,619930
2025-01-07,4742.795520806745,4822.599296000254,4742.795520806745,4769.7421875,450200
2025-01-08,4787.262825810114,4808.879441970755,4698.574984077089,4797.03466796875,371105
2025-01-09,4797.676192317951,4984.675755783838,4777.441369942987,4862.57568359375,832814
2025-01-10,4864.747299288359,4894.260430905634,4818.503231916006,4875.30908203125,305669
2025-01-13,4858.529040749257,4933.249533698282,4842.538403174916,4863.31591796875,448698
2025-01-14,4884.9331650716795,4885.969390035041,4787.361740556445,4799.50244140625,283367
2025-01-15,4807.991187209253,4873.335050000062,4741.95666844639,4813.91357421875,242422
2025-01-16,4822.8459865242885,4836.6157281690785,4681.745414817247,4781.8828125,454269
2025-01-17,4783.413514220014,4859.812212432926,4753.406848907345,4791.60595703125,492847
2025-01-20,4797.133249091306,4844.512342909493,4774.085197684655,4822.20458984375,155962
2025-01-21,4822.204484052141,4880.194519484481,4787.361302357115,4840.416015625,377457
2025-01-22,4866.2277061056675,4910.843211734689,4820.033282939208,4892.58251953125,460132
2025-01-23,4880.194524062959,4977.716779303105,4820.033236000851,4947.75927734375,361082
2025-01-24,4972.5349124168415,5041.925352417607,4948.302190308694,5035.55859375,509954
2025-01-27,5037.631503306447,5147.541228813239,5037.0391682293875,5109.29248046875,937878
2025-01-28,5114.129089375868,5148.7751493909545,4953.287219802317,4995.28662109375,456912
2025-01-29,5034.028969710576,5034.028969710576,4926.438938789312,4971.89306640625,298533
2025-01-30,4971.9425379310205,5038.964119046976,4969.820445713663,5009.69775390625,354016
2025-01-31,5037.977301653616,5103.123559864654,4974.90397532413,5063.29541015625,316771
2025-02-01,5093.252658916588,5309.419777579908,4985.662631819319,5134.06787109375,634040
2025-02-03,5164.913666625163,5164.913666625163,4950.128340540883,5039.5068359375,517520
2025-02-04,5051.795896334271,5051.795896334271,4925.747572254401,4963.3056640625,434664
2025-02-05,4992.572385037636,4992.572385037636,4860.65130719968,4868.84375,384948
2025-02-06,4868.301011911162,4914.396635782265,4842.58769200498,4891.94091796875,466931
2025-02-07,4945.1930538044735,5009.746974521001,4781.340349826121,4807.49755859375,701024
2025-02-10,4851.422004735373,4944.206067491248,4813.913553834062,4846.14111328125,625074
2025-02-11,4847.42441160868,4875.654069644955,4791.21089772145,4840.61328125,279638
2025-02-12,4835.678207352436,4869.140079899475,4780.8961269066995,4854.67919921875,336331
2025-02-13,4852.359909904134,4886.70956163558,4804.289676083578,4825.46240234375,341650
2025-02-14,4828.423477366528,4890.904465747361,4810.705477282785,4875.7529296875,489241
2025-02-17,4870.669711690084,4904.723436495699,4848.361957888173,4899.4921875,275352
2025-02-18,4899.492353522327,4902.798634094146,4796.541234848174,4827.93017578125,314216
2025-02-19,4817.861620336725,4835.628780583818,4750.099741676242,4774.92431640625,215919
2025-02-20,4756.663569523546,4784.301374036238,4730.012829457736,4769.89013671875,319761
2025-02-21,4787.262936916939,4787.460542607594,4721.672306572523,4769.39697265625,334003
2025-02-24,4688.556398758193,4767.028026905829,4641.177302518109,4742.15380859375,259886
2025-02-25,4723.991638367387,4790.914897022752,4698.426765594664,4735.984375,479647
2025-02-27,4735.984373429951,4797.824346558076,4704.842682937537,4720.931640625,386556
2025-02-28,4720.932012365072,4724.535183449571,4494.894236380376,4536.005859375,676501
2025-03-03,4536.005597256066,4611.565189412139,4489.317158792092,4537.140625,412033
2025-03-04,4471.451231513411,4521.742359293106,4447.712523679271,4516.017578125,321501
2025-03-05,4520.6564849215865,4673.947886805747,4501.013998295723,4661.06640625,350741
2025-03-06,4663.87951620329,4737.810546956019,4594.439435902362,4641.7197265625,460852
2025-03-07,4629.332593340309,4703.362432253001,4599.720657775233,4686.8291015625,191644
2025-03-10,4687.569163056888,4761.54983779093,4649.122809205147,4676.41552734375,290019
2025-03-11,4658.944326881294,4732.974162583856,4650.603439272774,4700.4501953125,147357
2025-03-12,4708.198630512452,4739.389963570848,4651.442424554871,4730.06201171875,223033
2025-03-13,4728.038631042471,4775.417723796132,4651.837064077643,4667.08740234375,284758
2025-03-17,4540.496699722536,4681.6960836528715,4540.496699722536,4614.427734375,322411
2025-03-18,4614.427734375,4614.427734375,4614.427734375,4614.427734375,0
2025-03-19,4734.948428347677,4734.948428347677,4612.848356348256,4646.21142578125,469240
2025-03-20,4680.561075328332,4777.392199567965,4654.009136562593,4768.607421875,265168
2025-03-21,4777.392192693186,4790.371994509655,4724.633402241975,4751.728515625,304441
2025-03-24,4754.097210545367,4770.284971438663,4708.544281708913,4734.80029296875,173845
2025-03-25,4730.0128804178585,4802.068585816544,4677.303734779504,4782.52490234375,422209
2025-03-26,4784.20272715459,4813.518734968652,4732.036273043344,4786.966796875,453242
2025-03-27,4767.521345409852,4861.687198572138,4718.217282809493,4778.57666015625,6750074
2025-03-28,4799.058380025166,4963.601740989118,4799.058380025166,4873.03857421875,415586
2025-04-01,4826.84397298044,4900.775004040117,4819.391347189015,4837.4052734375,557968
2025-04-02,4842.340505399765,4989.610711673765,4837.405183231937,4972.23828125,459267
2025-04-03,4925.500705925926,5024.157989287446,4917.555029986258,5007.822265625,339959
2025-04-04,4968.339720438982,5083.381888647495,4913.458840937465,4958.41943359375,722283
2025-04-07,4562.21216159614,5006.391190743319,4545.481225378892,4990.4501953125,841464
2025-04-08,4996.964797107449,5120.98935331011,4973.472373174902,5112.3525390625,303185
2025-04-09,5082.888737867842,5282.868105703142,5082.888737867842,5270.3818359375,549745
2025-04-11,5330.888593423873,5330.888593423873,5237.857764385277,5280.99267578125,304650
2025-04-15,5358.674267776252,5361.734264062234,5240.325332825184,5321.560546875,446075
2025-04-16,5281.288344663336,5371.604741922787,5281.288344663336,5346.138671875,215423
2025-04-17,5349.889464893137,5398.551550819142,5326.98937624262,5384.0419921875,186873
2025-04-21,5409.607062622439,5409.607062622439,5300.536433953563,5323.4365234375,201975
2025-04-22,5369.630754990341,5414.048656456254,5314.355144277205,5365.18896484375,286928
2025-04-23,5365.189117597378,5477.2209389288655,5336.366641261742,5472.58154296875,266881
2025-04-24,5478.208038443869,5549.967821210964,5357.490241481854,5391.24755859375,339754
2025-04-25,5391.444789715814,5449.58278900701,5292.639542592934,5350.3828125,244513
2025-04-28,5342.980256934093,5410.890103253367,5333.405538285821,5358.57568359375,107666
2025-04-29,5358.575406526699,5463.4018461162605,5335.576997142086,5397.564453125,294207
2025-04-30,5413.061626465241,5475.049083230999,5316.428109942329,5368.544921875,284371
2025-05-02,5310.406803403839,5337.0575438670185,5208.245631628319,5232.4287109375,262909
2025-05-05,5250.19613052371,5310.40706565474,5241.312549930608,5289.6787109375,97149
2025-05-06,5280.795115793317,5345.447841042748,5242.299599995945,5323.732421875,175899
2025-05-07,5291.652871725203,5325.213065278394,5249.702629783715,5281.7822265625,168716
2025-05-08,5281.782068964768,5409.11338776433,5245.7542151959,5321.2646484375,265391
2025-05-09,5304.978150491946,5432.309470877742,5285.236860509652,5365.6826171875,476782
2025-05-12,5468.337254557814,5548.78301019797,5344.95419376003,5535.951171875,192712
2025-05-13,5556.679649576971,5567.0438269143115,5391.346344433683,5414.048828125,366566
2025-05-14,5385.4237184308895,5513.2485665864615,5367.163025837237,5413.0615234375,389963
2025-05-15,5437.738456191389,5457.9732789091095,5386.904633266383,5394.3076171875,462518
2025-05-16,5401.217045919295,5455.505594443703,5381.969287806095,5430.33544921875,154274
2025-05-19,5430.335377960385,5475.740345221346,5389.372200974953,5448.1025390625,147864
2025-05-20,5446.62193825707,5478.208002415139,5349.889616772983,5357.7861328125,275067
2025-05-21,5364.695690165792,5462.415078082336,5346.434996464216,5422.43896484375,166304
2025-05-22,5422.438696569684,5424.412825520833,5344.954135237069,5367.1630859375,211388
2025-05-23,5388.385023537889,5427.867602937324,5336.070605833637,5415.529296875,100229
2025-05-26,5428.854638009049,5475.740200791855,5417.996928733031,5453.53125,140009
2025-05-27,5453.531239961651,5468.337207128969,5404.178016070596,5425.39990234375,166840
2025-05-28,5423.919520936586,5434.283698365128,5340.0190369912525,5402.2041015625,321303
2025-05-29,5430.829005336753,5461.921537810055,5381.969311450135,5424.4130859375,201350
2025-05-30,5424.412782982487,5460.4406360584335,5367.163043848108,5439.21875,401901
2025-06-02,5443.660776075351,5647.983129773918,5440.206050288178,5532.49658203125,625172
2025-06-03,5532.496331431878,5566.056523272857,5473.765995710166,5503.3779296875,166545
2025-06-04,5507.81997487933,5522.625942553737,5449.089636437517,5470.3115234375,334358
2025-06-05,5470.31129586356,5538.41874433245,5449.0894097464425,5527.56103515625,218004
2025-06-06,5533.976802743953,5572.47231604227,5483.142983901304,5534.9638671875,152475
2025-06-09,5566.056414440303,5646.995699062418,5516.20965988644,5623.30615234375,174499
2025-06-10,5656.866461841859,5656.866461841859,5583.823691264944,5593.6943359375,456712
2025-06-11,5586.7851960038715,5626.267776894359,5561.121518425055,5576.91455078125,138866
2025-06-12,5624.293350818352,5624.293350818352,5488.078453939986,5497.45556640625,305696
2025-06-13,5437.738284756508,5521.1452343048695,5354.824867453995,5497.94921875,324985
2025-06-16,5480.18221720169,5499.923507609477,5443.16729768709,5488.572265625,239006
2025-06-17,5478.208056478405,5524.600088668402,5458.466766184789,5496.46875,277917
2025-06-18,5502.884653467082,5546.809024243636,5473.272718112102,5500.4169921875,220971
2025-06-19,5514.729362693696,5536.9383139485035,5451.063702429915,5486.1044921875,114523
2025-06-20,5492.027008149499,5527.561330991588,5439.712588409758,5514.7294921875,395396
2025-06-23,5479.194873708788,5516.703323573845,5379.994894460412,5497.45556640625,221233
2025-06-24,5527.561212057149,5565.069663138965,5483.636841711337,5544.34130859375,183157
2025-06-25,5557.173032914331,5660.32127126949,5537.925275517914,5634.1640625,282474
2025-06-26,5650.944174489668,5764.456590221775,5636.138207220262,5752.61181640625,456290
2025-06-27,5773.339934083506,5773.339934083506,5673.646425220036,5719.544921875,350140
2025-06-30,5724.974163070416,5784.198033722868,5686.478647146321,5775.314453125,257865
2025-07-01,5789.133417463763,5793.575207809644,5646.996126395599,5669.205078125,178343
2025-07-02,5673.153273929998,5757.053757320002,5604.058758197053,5715.103515625,300622
2025-07-03,5724.480244095964,5811.3419151849275,5706.219551878397,5719.544921875,224236
2025-07-04,5744.221869534702,5768.404949834315,5682.036805907124,5696.8427734375,145106
2025-07-07,5724.973793470641,5823.186705962076,5713.12902010484,5807.88720703125,259829
2025-07-08,5813.8100170325615,5845.396081641227,5736.325452289428,5763.4697265625,423998
2025-07-09,5782.22353917407,5823.6802460100735,5738.299171216875,5805.9130859375,232000
2025-07-10,5828.615583930547,5853.785727434395,5774.820571343888,5801.96484375,191446
2025-07-11,5801.964946180103,5828.122154596873,5643.04756674237,5684.0107421875,175941
2025-07-14,5692.401079356773,5733.364256882923,5669.698595426618,5703.2587890625,218865
2025-07-15,5724.974056234336,5744.71534608342,5687.465605521076,5710.66162109375,164143
2025-07-16,5710.661373050419,5753.598676607189,5661.801682796164,5711.6484375,261589
2025-07-17,5717.570985962387,5784.197838194145,5710.661534619834,5732.376953125,196555
2025-07-18,5732.376745272385,5744.7150507938495,5651.930993272437,5661.30810546875,196043
2025-07-21,5660.8147855498655,5666.73717242228,5595.668529953302,5608.0068359375,329167
2025-07-22,5621.825876305961,5664.269649930956,5561.12140937719,5634.65771484375,235846
2025-07-23,5662.788764639474,5682.530053691729,5596.6554463144175,5645.51513671875,246735
2025-07-24,5650.450519068876,5677.101259572826,5578.394813261902,5599.61669921875,229097
2025-07-25,5599.616765381994,5624.293377251296,5497.94912448047,5521.638671875,233003
2025-07-28,5524.106335320084,5595.668509770313,5498.936191203107,5551.744140625,173142
2025-07-29,5529.0415302904485,5581.849478495489,5499.923128943743,5553.224609375,363002
2025-07-30,5554.211928251289,5684.010909691674,5554.211928251289,5672.65966796875,176798
2025-07-31,5671.672509063366,5749.650603079379,5645.51530031116,5696.34912109375,344973
2025-08-01,5724.480596757502,5822.693515005174,5701.778113142463,5723.0,244870
2025-08-04,5752.5,5802.0,5714.0,5787.0,189672
2025-08-05,5795.0,5795.0,5610.5,5635.5,380387
2025-08-06,5599.5,5625.0,5371.0,5402.5,1123534
2025-08-07,5380.5,5560.0,5380.5,5476.5,795974
2025-08-08,5479.5,5503.0,5380.0,5387.0,551451
2025-08-11,5361.0,5400.0,5310.5,5381.5,598841
2025-08-12,5390.5,5390.5,5317.5,5338.0,323204
2025-08-13,5363.5,5393.0,5299.0,5375.5,388683
2025-08-14,5395.0,5398.5,5298.0,5302.5,215308
2025-08-18,5400.0,5667.0,5400.0,5439.0,509058
2025-08-19,5446.0,5513.0,5399.0,5499.0,153026
2025-08-20,5482.0,5734.5,5475.5,5701.0,453573
2025-08-21,5701.0,5711.5,5586.0,5597.5,273141
2025-08-22,5622.0,5667.5,5525.5,5545.5,269981
2025-08-25,5565.5,5608.5,5545.0,5550.5,145718
2025-08-26,5574.5,5794.5,5574.5,5765.5,1307463
2025-08-28,5765.5,5780.0,5702.5,5721.0,379247
2025-08-29,5671.0,5893.5,5671.0,5824.0,699161
2025-09-01,5838.5,5873.0,5779.0,5846.5,210421
2025-09-02,5840.0,5920.5,5823.0,5891.5,492611
2025-09-03,5891.0,5928.5,5865.0,5908.0,399664
2025-09-04,6201.0,6336.0,6053.5,6083.0,1385580
2025-09-05,6066.0,6104.5,5998.5,6076.0,352302
2025-09-08,6117.5,6178.0,6065.0,6115.5,250083
2025-09-09,6116.0,6165.0,6088.0,6142.5,216456
2025-09-10,6144.5,6238.5,6117.0,6199.0,346491
2025-09-11,6180.0,6319.5,6150.0,6300.5,406083
2025-09-12,6276.0,6285.5,6207.0,6247.0,212051
2025-09-15,6250.0,6270.0,6202.5,6212.0,166253
2025-09-16,6219.5,6225.0,6180.0,6202.5,261236
2025-09-17,6202.5,6205.0,6035.0,6097.5,713445
2025-09-18,6105.0,6129.0,6062.0,6100.5,267540
2025-09-19,6105.5,6110.0,6048.0,6069.5,345995
2025-09-22,6075.0,6108.0,6025.0,6056.5,394394
2025-09-23,6066.5,6069.5,5927.0,5934.0,333112
2025-09-24,5935.0,6050.0,5905.5,5970.5,360372
2025-09-25,5970.5,6036.0,5939.5,5953.5,374676
2025-09-26,5955.0,5980.5,5900.0,5920.5,189383
2025-09-29,5900.0,5990.0,5841.0,5929.0,259852
2025-09-30,5953.0,6031.0,5917.5,5991.0,298070
2025-10-01,5960.5,6018.0,5904.0,5966.5,324111
2025-10-03,5965.0,6014.0,5931.5,5992.5,268735
2025-10-06,6015.5,6034.0,5957.5,6011.0,197199
2025-10-07,6012.0,6036.0,5867.0,5887.0,240923
2025-10-08,5855.0,5902.0,5801.5,5836.0,239639
2025-10-09,5836.0,5893.0,5795.5,5876.0,231585
2025-10-10,5874.5,5920.0,5858.5,5871.5,228395
2025-10-13,5871.5,5953.0,5848.0,5862.0,238217
2025-10-14,5869.0,5885.0,5794.0,5800.5,176227
2025-10-15,5815.0,5880.5,5782.0,5857.5,221062
2025-10-16,5876.0,6040.5,5858.0,6025.5,364305
2025-10-17,6037.0,6149.0,5994.0,6083.0,392965
2025-10-20,6124.0,6148.0,6062.5,6070.0,181283
2025-10-21,6108.0,6108.0,6050.0,6075.0,9159
2025-10-23,6075.0,6145.0,6049.0,6068.0,255605
2025-10-24,6068.0,6069.5,5987.0,6053.0,82081
2025-10-27,6053.0,6053.0,5811.5,5912.0,433152
2025-10-28,5939.0,5939.0,5806.5,5861.0,392984
2025-10-29,5894.0,5906.0,5840.0,5852.5,119742
2025-10-30,5850.0,5869.5,5792.0,5859.5,258697
2025-10-31,5878.0,5905.0,5825.0,5836.5,264794
2025-11-03,5834.0,5899.5,5775.0,5820.5,279737
2025-11-04,5820.5,5920.0,5805.0,5892.5,363441
2025-11-06,6186.0,6191.5,5993.5,6013.5,1038063
2025-11-07,5970.0,6169.5,5913.5,6157.5,715809
2025-11-10,6190.0,6261.5,6121.5,6133.5,395489
2025-11-11,5950.0,5965.0,5723.0,5950.5,2154927
2025-11-12,5950.5,5970.0,5841.0,5880.0,609987
2025-11-13,5902.0,5918.0,5835.5,5851.5,361321
2025-11-14,5851.0,5851.0,5750.0,5803.5,415356
2025-11-17,5803.5,5850.0,5782.0,5830.5,332821
2025-11-18,5818.0,5862.0,5805.5,5840.0,262201
2025-11-19,5850.0,5882.5,5804.5,5874.5,280409
2025-11-20,5882.0,5900.0,5763.5,5819.0,641980
2025-11-21,5816.0,5855.0,5764.5,5813.0,320317
2025-11-24,5815.0,5849.0,5785.0,5815.5,696665
2025-11-25,5815.5,5878.0,5790.0,5867.0,309271
2025-11-26,5865.0,5904.5,5843.0,5880.5,157291
2025-11-27,5890.5,5900.0,5815.5,5826.5,156675
2025-11-28,5826.5,5852.0,5795.0,5846.0,220417
2025-12-01,5825.0,5856.0,5800.0,5813.5,199275
2025-12-02,5792.0,5894.0,5792.0,5875.5,290994
2025-12-03,5908.0,5908.0,5812.0,5824.5,308053
2025-12-04,5840.0,5882.5,5824.5,5876.5,239085
2025-12-05,5855.0,5974.0,5838.5,5961.0,244408
2025-12-08,5961.0,5985.0,5825.0,5847.5,185407
2025-12-09,5850.0,5893.0,5780.0,5884.0,174714
2025-12-10,5904.0,5966.0,5812.0,5828.5,329466
2025-12-11,5840.0,5895.0,5813.0,5847.0,115481
2025-12-12,5848.0,5925.5,5830.0,5915.5,202721
2025-12-15,5915.5,6055.0,5857.0,6038.0,244119
2025-12-16,6059.5,6145.0,6032.0,6066.0,284337
2025-12-17,6060.0,6116.0,6051.0,6096.0,298257
2025-12-18,6132.0,6134.5,6012.5,6040.5,199067
2025-12-19,6020.0,6116.0,5992.5,6103.0,179450
2025-12-22,6102.5,6102.5,6066.0,6083.0,206588
2025-12-23,6083.0,6119.0,6030.0,6061.0,216840
2025-12-24,6065.0,6078.0,6004.0,6030.0,97580
2025-12-26,6006.5,6069.5,6002.0,6032.5,65992
2025-12-29,6039.0,6065.5,6005.0,6041.5,103209
2025-12-30,6045.0,6045.5,5980.0,6013.0,205456
2025-12-31,6013.0,6070.0,5995.0,6031.0,179577
2026-01-01,6031.0,6063.0,5992.0,6009.5,138484
2026-01-02,6009.5,6033.0,5941.5,5984.5,265702
2026-01-05,5970.0,6092.0,5930.5,6026.5,468880
2026-01-06,6040.0,6142.5,5948.5,6129.5,300112
2026-01-07,6200.0,6271.0,6157.5,6185.0,437361
2026-01-08,6155.0,6158.5,5945.5,6033.5,641813
2026-01-09,6033.5,6106.5,5930.0,5977.5,139764
2026-01-12,5977.5,6000.5,5905.0,5943.5,228799
2026-01-13,5930.0,5970.0,5896.0,5918.0,327794
2026-01-14,5893.5,5945.5,5868.0,5906.5,307200
2026-01-15,5906.5,5906.5,5906.5,5906.5,0
2026-01-16,5875.0,5944.0,5862.0,5898.5,453904
2026-01-19,5898.5,5970.0,5879.0,5943.5,145915
2026-01-20,5943.5,5994.5,5862.0,5884.0,350070
2026-01-21,5870.0,5899.0,5787.0,5802.5,662863
2026-01-22,5850.0,5975.0,5819.0,5932.0,435081
2026-01-23,5950.0,5964.0,5813.5,5835.0,142248
2026-01-27,5839.0,5925.0,5805.0,5886.0,1044402
2026-01-28,5924.0,5924.0,5680.0,5748.5,442618
2026-01-29,5711.5,5733.0,5693.0,5723.0,343244
2026-01-30,5723.0,5887.5,5710.5,5860.5,806045
2026-02-02,5733.0,5899.0,5697.5,5888.5,279213
2026-02-03,5920.0,5975.5,5821.0,5882.0,349825
2026-02-04,5899.5,5965.0,5855.0,5879.0,160343
2026-02-05,5855.0,5946.5,5844.5,5870.5,275290
2026-02-06,5870.0,5917.0,5805.0,5911.0,186858
2026-02-09,5900.5,5915.5,5792.5,5843.0,331118
2026-02-10,5874.0,5893.5,5847.0,5873.5,276901
2026-02-11,6000.0,6156.0,5973.5,6019.0,771051
2026-02-12,6057.0,6148.0,6020.0,6102.0,455997
2026-02-13,6080.0,6098.5,5968.0,5980.5,159821
2026-02-16,5980.0,6134.0,5964.5,6106.0,255274
2026-02-17,6106.0,6154.5,6066.5,6145.5,164220
2026-02-18,6161.0,6190.0,6116.0,6176.0,193569
2026-02-19,6170.0,6198.0,6093.5,6108.5,127940
2026-02-20,6109.0,6137.5,6066.5,6098.5,388361
2026-02-23,6136.0,6150.0,6042.0,6122.5,225252
2026-02-24,6083.0,6173.5,6065.5,6162.5,193510
2026-02-25,6170.0,6208.5,6140.0,6158.0,253773
2026-02-26,6158.0,6187.0,6070.0,6137.0,245317
2026-02-27,6135.5,6142.5,5975.0,6002.5,350612
2026-03-02,5866.0,6001.0,5866.0,5959.0,185417
2026-03-04,5901.5,5924.0,5845.5,5889.5,293377
2026-03-05,5899.0,5997.5,5851.0,5963.0,211179
2026-03-06,5948.0,6013.0,5926.5,5983.0,348722
2026-03-09,5930.0,5932.5,5815.5,5890.0,245594
2026-03-10,5911.0,5995.0,5911.0,5968.0,283327
2026-03-11,5981.0,5995.0,5900.0,5921.5,298621
2026-03-12,5910.0,5910.0,5713.0,5787.0,996754
2026-03-13,5750.0,5881.0,5727.0,5808.5,738522
2026-03-16,5808.5,5872.5,5764.5,5842.0,350827
2026-03-17,5849.0,5868.5,5801.5,5857.5,260165
2026-03-18,5860.5,5914.0,5842.0,5885.0,301564
2026-03-19,5799.0,5852.0,5642.5,5673.5,234382
2026-03-20,5735.0,5749.5,5592.0,5618.5,462806
2026-03-23,5590.0,5590.5,5475.5,5490.0,316325
2026-03-24,5590.0,5600.0,5404.5,5513.5,542905
2026-03-25,5536.5,5737.5,5536.5,5647.0,342559
2026-03-27,5600.0,5627.0,5483.0,5500.0,378825
2026-03-30,5480.0,5533.0,5364.5,5423.0,783793
2026-04-01,5520.0,5538.0,5433.5,5474.0,252740
2026-04-02,5460.0,5471.0,5351.5,5442.0,444248
2026-04-06,5420.0,5548.0,5402.0,5535.0,228390
2026-04-07,5493.0,5552.5,5384.0,5542.0,204113
2026-04-08,5698.5,5698.5,5556.0,5594.5,482250
2026-04-09,5620.0,5659.5,5430.5,5475.0,624921
2026-04-10,5500.0,5570.0,5405.0,5557.5,339513
2026-04-13,5526.5,5613.0,5444.0,5589.0,350782
2026-04-15,5670.0,5724.0,5600.5,5654.5,542939
2026-04-16,5640.0,5705.5,5534.5,5586.0,455115
2026-04-17,5601.5,5750.0,5568.5,5735.5,345936
2026-04-20,5736.0,5762.5,5640.5,5700.0,610941
2026-04-21,5715.0,5864.5,5685.0,5837.5,270416
2026-04-22,5874.0,5924.0,5716.5,5729.5,550506
2026-04-23,5724.0,5728.0,5640.5,5671.5,408915
2026-04-24,5707.5,5753.5,5665.5,5730.5,470926
2026-04-27,5750.0,5804.0,5689.0,5717.5,658091
2026-04-28,5723.0,5735.0,5641.0,5662.0,249233
2026-04-29,5674.0,5734.5,5665.0,5709.0,363567
2026-04-30,5720.0,5752.0,5644.0,5726.0,269033
2026-05-04,5730.0,5821.5,5715.0,5792.5,328011
