time,open,high,low,close,volume
2017-11-17,302.89184246376567,360.5389995778372,299.9606310850841,336.698486328125,168836552
2017-11-20,336.79620135647974,350.67058407471114,336.11224010355795,347.2019958496094,14650240
2017-11-21,348.2278816069179,409.29478108266187,344.4173130431959,376.4652099609375,43078194
2017-11-22,379.1032956666739,398.64470265980145,378.02851231848774,386.1382141113281,15227642
2017-11-23,381.05746316987955,383.01160400664816,362.5908382259807,366.2548522949219,12300150
2017-11-24,367.42734599407885,374.21799782960505,357.70551250512744,362.2000427246094,9463228
2017-11-27,362.49316870824595,375.68362093886947,362.49316870824595,371.6287841796875,3832223
2017-11-28,374.2179847699564,377.54001835787426,369.43034549756095,373.43634033203125,2409447
2017-11-29,373.63170621156036,375.8789859694154,367.4761747634189,369.1371765136719,1657909
2017-11-30,371.0913314476238,371.0913314476238,362.29769771836425,362.9816589355469,2536960
2017-12-01,365.1312317656919,370.84706992924333,359.56191838531186,364.2030029296875,1904781
2017-12-04,365.4732139399668,366.3037298406715,353.6995261700018,354.4811706542969,1323453
2017-12-05,352.7224223553573,357.510061459774,348.96069526695027,354.0414733886719,1806017
2017-12-06,352.6247134897155,363.1770920623031,350.3285920074054,359.9039001464844,3331373
2017-12-07,361.56488858933574,380.95974193906915,361.56488858933574,379.39642333984375,3350792
2017-12-08,381.0574658635048,386.7244624030636,376.7583619557888,380.3735046386719,2494845
2017-12-11,378.1262381938722,383.2558577042542,370.35851672245076,372.0683898925781,1029719
2017-12-12,372.166074820714,378.126209670558,368.40434816662906,374.99957275390625,2564559
2017-12-13,377.5888614103895,380.3246465554645,369.82113993896803,372.0683898925781,747787
2017-12-14,374.0714249285527,377.14919085930615,368.3555568755399,375.4881591796875,1261422
2017-12-15,380.4496607579866,383.14614675562694,372.7033978767813,373.97808837890625,1698848
2017-12-18,372.60537720598546,375.84114877539145,365.00618859191604,370.1050109863281,1399027
2017-12-19,370.6443264532705,373.5369330339689,365.0062183127776,367.6046447753906,1641589
2017-12-20,370.1049923585978,370.35012746284286,364.2707649080792,367.8497314453125,2251770
2017-12-21,371.8699803025481,374.37034657899636,367.70268322598685,368.73223876953125,1448962
2017-12-22,368.9283443086895,372.99758119140347,366.91824835569815,367.26141357421875,775946
2017-12-26,368.6831878976788,371.2325989051191,366.13377689023844,369.22247314453125,1310649
2017-12-27,367.8007381460863,370.5952844844956,366.52601757439265,367.55560302734375,589597
2017-12-28,367.702669575425,372.60537183643066,365.1532584149581,370.59527587890625,912189
2017-12-29,371.62483373454194,383.19519917420325,368.3400172141496,378.4886169433594,1611972
2018-01-01,380.9399808553396,392.02007643711335,379.02791492789004,382.0675964355469,1445743
2018-01-02,384.07773000157323,390.2551232493481,376.87075126335475,387.80377197265625,1219713
2018-01-03,390.255096728419,390.5492468921436,376.62559054098955,378.1454162597656,2275082
2018-01-04,382.41076247136397,394.12823241914066,379.71427632573256,391.2356262207031,2974278
2018-01-05,393.19671345928674,403.98265821752153,390.25509216158633,399.0799560546875,3554479
2018-01-08,402.02159322866936,419.96547188377787,401.58033804710095,413.8861389160156,3806105
2018-01-09,415.7491747990815,438.9389517954652,414.42543913042505,427.025390625,6183645
2018-01-10,429.4767324173249,433.30083432396793,418.6907870826433,420.8970031738281,2374166
2018-01-11,415.74916532684,441.0470978512962,415.74916532684,438.0074462890625,2604294
2018-01-12,440.99806043209867,449.7739092906743,435.6541030943954,447.0774230957031,5364763
2018-01-15,451.0486176472384,478.50375089533117,448.10699622779987,465.6096496582031,5635852
2018-01-16,470.561356775464,484.6811332948813,462.07968785319446,473.2578430175781,8288750
2018-01-17,475.9543288095504,478.6998600258837,460.8540118527366,469.0905456542969,5691140
2018-01-18,473.7971690813204,480.26871227176883,468.69834664622476,475.61114501953125,1772870
2018-01-19,479.72943787064753,481.7885788978616,467.7178167895736,472.1302490234375,3488403
2018-01-22,472.13020445738357,479.33718241047984,459.8734494091649,461.05010986328125,3825798
2018-01-23,465.0212972004223,465.0212972004223,445.65562377984594,449.6268005371094,3561221
2018-01-24,448.59726831979765,451.048619512802,439.2821337863811,446.39105224609375,2072037
2018-01-25,446.1459129444067,451.04861528445514,438.30158920032926,439.77239990234375,1194340
2018-01-29,438.3015710231094,443.7926034009839,435.7521599272692,436.6836853027344,1113037
2018-01-30,435.3599560043379,439.3801777990318,408.88536408515523,413.6409912109375,3583717
2018-01-31,410.2581714683254,424.4760098360823,387.6076781528782,418.6908264160156,14738305
2018-02-01,421.5834033877755,443.2043096198759,414.76863488762723,439.52728271484375,4965461
2018-02-02,432.4183260542516,446.1458919607358,421.63238141344266,433.79107666015625,5311751
2018-02-05,419.8674400210351,435.3599674331781,414.1312723032188,433.104736328125,2268830
2018-02-06,409.8659094579319,432.124189716164,408.9343840578577,430.2611389160156,1893871
2018-02-07,434.3794390595418,440.55683220534706,422.612953125649,425.0152893066406,1048027
2018-02-08,426.43702703064446,436.09535625107833,426.3880119786312,432.9085998535156,927897
2018-02-09,421.92649241767157,437.3209875823204,421.92649241767157,430.9964904785156,1008995
2018-02-12,433.39885213837897,442.2237156434591,426.584084462191,433.1537170410156,1944360
2018-02-14,433.20276701675306,434.28136751685446,422.61294192636933,423.49542236328125,2159701
2018-02-15,424.57401579397697,428.4961776026973,419.6713135330765,423.5934753417969,506167
2018-02-16,425.70160983414803,426.82922531247414,418.2985417634819,423.0541687011719,522734
2018-02-19,423.59347028834736,430.8494635631724,418.49464802835166,427.4175720214844,693977
2018-02-20,430.9475017587115,433.39885273572355,424.18177904690197,426.0447998046875,781850
2018-02-21,430.3591881109194,441.73346306697715,427.6627019323751,440.8509826660156,1312613
2018-02-22,438.49772703684596,445.6556607739578,435.2619254070265,442.02764892578125,772690
2018-02-23,443.3023274491032,462.5209255610344,443.2532824741393,459.72637939453125,1849448
2018-02-26,463.5995047019209,463.5995047019209,452.37233469953736,459.18707275390625,920977
2018-02-27,458.79487363414677,468.5022181692297,451.0486100121602,459.87347412109375,1378658
2018-02-28,458.40270474270415,458.89297501515625,451.04865065592276,452.2253112792969,1358563
2018-03-01,452.911612749577,455.31394874136174,441.34124779534733,442.1747131347656,1102928
2018-03-05,441.2432304915419,447.2735486568486,439.3802095030997,444.0867919921875,1249630
2018-03-06,448.10698472893176,448.49919492338165,436.4385593826598,438.644775390625,1595634
2018-03-07,437.7622642212178,438.8408346992599,426.5350649109707,429.0354309082031,2900233
2018-03-08,432.4183518848743,433.39889236533884,419.37717546418384,422.17169189453125,1951335
2018-03-09,426.2899349826045,426.48605503028955,414.76858538848006,417.2689514160156,1494497
2018-03-12,421.58340241219696,424.9172341469671,417.2199851921675,422.0246276855469,884484
2018-03-13,423.54444924939264,436.8307600606498,421.43626339317746,433.349853515625,1396863
2018-03-14,433.349860831225,439.18405851389184,431.4377949975435,436.58563232421875,872703
2018-03-15,436.3405012678809,442.2237439816051,434.96775061942253,439.8704528808594,656358
2018-03-16,442.17477365975964,442.17477365975964,427.61374048552506,434.6736145019531,553113
2018-03-19,431.4378408372493,434.0853122846034,416.72973262688856,417.6122131347656,697119
2018-03-20,416.6806618549627,420.30864344085677,411.48377969460597,414.62152099609375,1782357
2018-03-21,418.3966019750347,429.4766965606509,411.09156400240386,414.2783203125,1341420
2018-03-22,418.4946400087653,421.38724622224504,415.9452588513406,419.1810302734375,1267475
2018-03-23,411.8270105921562,422.61295610766507,408.0029086214019,420.7989501953125,939860
2018-03-26,420.6518226363366,430.4572264273934,418.93587697290167,429.0354309082031,675696
2018-03-27,431.4868103101878,440.65486944415335,431.4868103101878,439.9194641113281,1231929
2018-03-28,433.88912812063967,451.04858516495875,433.88912812063967,445.6065979003906,1217753
2018-04-02,447.7147762208577,477.52319996712083,447.7147762208577,473.2578430175781,2112175
2018-04-03,475.3660074125124,498.4087084345359,472.81662613203076,483.9947814941406,3149584
2018-04-04,485.36752340116914,494.1923874630086,479.38622066340065,486.20098876953125,1687239
2018-04-05,492.03518865102484,496.0063954504403,477.57221693091213,488.2601318359375,1710038
2018-04-06,488.11304995343426,494.58462325174077,484.3870080151142,486.6912841796875,1505952
2018-04-09,486.78932030966916,500.95811191433665,480.46482241250635,482.4259033203125,2704392
2018-04-10,485.318505261681,496.0554051810718,482.52395900845994,493.7511291503906,1439138
2018-04-11,491.74103122117697,497.82039392560256,485.3675183539035,490.02508544921875,2556799
2018-04-12,490.27026198265423,491.7410727686022,487.7208506356,489.8780517578125,870497
2018-04-13,490.5153518442375,491.7900424382631,487.9169256802812,490.0740966796875,990964
2018-04-16,486.0539008619404,490.5643628800063,483.1612946373938,485.12237548828125,839503
2018-04-17,487.81889549968514,490.5643969119035,476.54267982481804,481.7395324707031,1325820
2018-04-18,486.34807416226414,490.51537116869486,478.50375038545343,483.55352783203125,1042991
2018-04-19,491.25079715429496,501.0562022871152,487.4266951372394,493.7021484375,4279631
2018-04-20,493.0157103002913,493.4569654579678,484.3869665896395,486.0048522949219,1683866
2018-04-23,486.7402828379149,487.1815380184631,479.4842893518941,483.9947814941406,1348271
2018-04-24,486.1518921551607,493.21179462423885,479.58228978338195,489.82891845703125,2176962
2018-04-25,489.2896954882457,504.88031293075534,485.36753360056434,500.6639709472656,3740225
2018-04-26,502.96816559785776,526.3540281274235,502.96816559785776,522.677001953125,4445968
2018-04-27,527.432709559791,536.2084983360639,506.939391087492,509.0475769042969,2924033
2018-04-30,509.8810294529834,515.5191369902038,504.29193696833784,507.9689636230469,1988145
2018-05-02,510.61646731647954,515.0779146389544,498.2126359290616,500.0266418457031,1474785
2018-05-03,500.61493566948474,500.95813082605076,483.4064620233351,486.34808349609375,1926354
2018-05-04,480.5628640524209,495.0748502453525,480.5628640524209,490.6134033203125,1276630
2018-05-07,492.77060646414253,494.97682254508106,487.52473883288746,490.17218017578125,1484565
2018-05-08,493.5060235569332,503.94880386061607,489.28971136039036,500.0266418457031,1444181
2018-05-09,501.9386386126696,507.91994120230544,501.0561582130851,504.7331848144531,1600419
2018-05-10,506.9394679607007,510.7636000719166,499.58541378332114,507.57684326171875,1447761
2018-05-11,507.57668273237823,514.73461456506,506.05679747178453,513.11669921875,1183632
2018-05-14,515.764315004702,537.5813416375054,514.6366694644784,529.4918823242188,2848754
2018-05-15,511.84211476392835,515.323021391015,485.3675226209665,496.64373779296875,7490877
2018-05-16,492.4764414932839,499.58535976272407,485.56364328352316,487.8678894042969,2261791
2018-05-17,488.50528419456504,493.457001700662,482.6220412532754,484.68115234375,1338372
2018-05-18,487.9168874596503,488.1129775767525,475.6601330013779,484.3379211425781,1158565
2018-05-21,484.3379851111523,491.74105381221676,477.76835188435217,480.12164306640625,1332552
2018-05-22,482.3769019729475,487.03446926132324,470.65943124638767,472.2283020019531,1469055
2018-05-23,473.601032273804,475.95432334383673,465.85476878657465,467.0804443359375,1261911
2018-05-24,469.48278251438757,474.7777251881453,460.85403802719674,465.8057556152344,1958399
2018-05-25,469.38474760296623,478.01349200192266,464.33494010745613,472.1302490234375,1596757
2018-05-28,476.1994884484767,483.74966227760865,473.65007716047626,481.6905212402344,1975352
2018-05-29,481.837564367767,488.01498707010774,480.02355857603874,484.6321105957031,957169
2018-05-30,482.4258850919442,495.17291051104036,475.1698919919718,491.4468688964844,1480953
2018-05-31,496.59472463668453,498.8989707633971,476.93487059008953,481.5924377441406,1419549
2018-06-01,482.0826899181598,483.2593503877663,475.6111171827618,479.3371887207031,1060120
2018-06-04,481.20021665966703,482.2297721430426,463.30535378847213,464.62908935546875,1150250
2018-06-05,458.15749546146736,469.6788449995567,453.20577848054165,455.3139343261719,1227934
2018-06-06,456.44158973585184,462.37384762222166,452.0291576116599,458.1085205078125,1023144
2018-06-07,461.8345657320308,466.4431179540468,458.8929442942472,461.393310546875,1350574
2018-06-08,461.39325711566636,466.73721407827634,457.0298704424842,462.9621276855469,2205834
2018-06-11,466.4430596934257,478.50369411242843,465.4134743645684,476.3955383300781,2410561
2018-06-12,478.5037028034325,497.72230013028104,476.7387420986445,493.4079284667969,2776666
2018-06-13,494.1924126312023,495.17295313245467,480.709980738982,481.6905212402344,1003539
2018-06-14,481.4453837393724,481.4453837393724,469.678897782402,472.1302490234375,1006376
2018-06-15,473.50298794071495,477.5232098606307,456.39257465866797,460.60888671875,13594222
2018-06-18,460.80500075274995,475.56212269365255,460.7559557755598,469.875,1504101
2018-06-19,467.0314224666046,473.79717577280593,462.12872002658685,465.5115966796875,911179
2018-06-20,467.71781799184663,469.2376437957069,462.03069506751393,464.1878662109375,568306
2018-06-21,465.75671708118097,466.73725753819394,458.89293388208984,463.2073059082031,660819
2018-06-22,464.5800366165173,464.5800366165173,459.9715146206552,462.22674560546875,527118
2018-06-25,462.3248325681077,466.63920466035125,457.02992000382153,458.1085205078125,539959
2018-06-26,456.000351977756,461.4423697597649,447.12647233618657,458.69683837890625,1248575
2018-06-27,459.38322563304604,461.63845682034724,452.5194421123815,459.579345703125,593999
2018-06-28,458.84389954531287,458.84389954531287,449.08751043856824,451.78399658203125,466930
2018-06-29,453.05874274872673,455.951349299795,445.16540340238055,447.2735595703125,1002424
2018-07-02,448.8424253154942,455.46107385919623,441.83156654653953,449.4307556152344,803747
2018-07-03,449.08752252938837,455.4610354037137,444.4299554289198,450.3622131347656,415286
2018-07-04,451.04864501953125,455.4120623593178,447.22454292693624,451.04864501953125,481896
2018-07-05,451.4898966893788,460.6579266588189,448.8914403592453,452.76458740234375,555727
2018-07-06,453.00971236385755,462.76610233771925,451.1466913929929,459.579345703125,663491
2018-07-09,463.7956616684756,470.5613852091276,462.1777758101903,465.3645324707031,712689
2018-07-10,468.64933129984905,472.6205082482141,463.991764050515,466.443115234375,679839
2018-07-11,465.85481495700367,467.4236858004213,458.8929711618971,459.77545166015625,401838
2018-07-12,462.3738484894449,473.60104888487905,462.12871337097454,469.7769470214844,953274
2018-07-13,471.6399596162247,473.3068903619031,460.8540145938162,462.37384033203125,569549
2018-07-16,462.6189911937612,463.3053815062218,448.59727415681795,450.90155029296875,801423
2018-07-17,451.04859712434404,461.49134670345734,446.6851802478926,455.4610290527344,1332222
2018-07-18,458.8929482112378,468.6983530875463,456.9318672359761,464.6781311035156,1274708
2018-07-19,462.7660896306988,465.2174408207677,459.08906284559544,461.8345642089844,581747
2018-07-20,462.6189636808387,484.0928230728496,459.1870721700796,480.0726013183594,3641559
2018-07-23,487.32861411968906,488.3091545907549,469.2376304590374,473.5520324707031,1379264
2018-07-24,474.6305897826273,478.5037365045598,460.9030235714309,470.8064880371094,1128826
2018-07-25,470.65940253453624,486.1029141802007,469.139576850006,484.73016357421875,1598485
2018-07-26,484.38698746415946,486.2500083542776,476.5426637805293,479.8764953613281,559055
2018-07-27,480.4648066110535,500.8600354119944,480.4648066110535,498.5067443847656,2140712
2018-07-30,497.134025410197,497.5262356190704,483.0632634794246,485.56365966796875,1042844
2018-07-31,483.40646972640536,495.0748957695398,478.5037671936832,492.917724609375,896975
2018-08-01,490.5643521420624,492.8196130254491,484.38695956647126,486.1029052734375,444268
2018-08-02,486.0048521803112,494.43750575956614,481.0040900639387,483.5044860839844,551346
2018-08-03,485.7597396602739,494.92779897925476,473.7971639591382,476.93487548828125,1248163
2018-08-06,479.97453690329064,481.445347537315,472.1302135218273,475.9543151855469,1237540
2018-08-07,476.3956060821758,477.47420661278227,466.7372762094832,468.7964172363281,666377
2018-08-08,468.7964091621196,470.4142949683034,456.490608192041,458.8929443359375,1535027
2018-08-09,461.8345912596401,465.4626032029309,454.23540212532544,456.88287353515625,1444553
2018-08-10,457.81429118242573,458.892891570433,450.11704331984487,455.85321044921875,2171685
2018-08-13,455.95126695949773,459.5792782574795,451.68591041287516,455.06878662109375,1107202
2018-08-14,455.06886571413094,461.83458938276453,454.97080567643894,458.99102783203125,959947
2018-08-16,458.89297501515625,459.6773954815905,450.99963559816666,452.2253112792969,512635
2018-08-17,454.382444177926,456.6377051951148,450.55834236026516,452.32330322265625,1013707
2018-08-20,454.8237089431641,458.8929459621441,452.176237670048,453.4509582519531,726254
2018-08-21,454.4315090452008,455.90231980280913,452.56845814658647,453.3038635253906,762167
2018-08-23,455.6571693277059,465.46257404813235,453.3038482558272,458.1085205078125,1485668
2018-08-24,457.9123960271085,463.30536857132495,451.6369430513097,453.1567687988281,709420
2018-08-27,453.9902700050743,456.9318916249776,451.048648385171,451.83306884765625,717597
2018-08-28,452.96069871980075,454.774674716938,451.2937678900989,452.4704284667969,670395
2018-08-29,454.33341019849314,460.75593798858273,451.4408039861426,457.1769714355469,1210750
2018-08-30,460.8049847063981,466.24697209575686,455.95129763307455,457.5691833496094,1091878
2018-08-31,455.9513441084783,458.69684560889,452.12724204586124,452.76458740234375,513771
2018-09-03,453.10771389673164,456.68668028567083,450.06803274529875,451.1956481933594,484678
2018-09-04,452.9607015818615,452.9607015818615,443.20431151594875,444.0867919921875,554039
2018-09-05,441.6354141885013,453.0587044848814,432.9086101387384,446.5381164550781,951095
2018-09-06,451.04860095931986,451.04860095931986,442.02761697064574,444.96923828125,442815
2018-09-07,445.1653818767577,446.145922365473,438.5467335779292,442.56695556640625,710881
2018-09-10,440.262647115438,448.10697044934335,435.1148099275626,441.34124755859375,947697
2018-09-11,445.94979289457365,446.88131830869867,434.6245624582133,437.27203369140625,625164
2018-09-12,439.08600865231415,439.08600865231415,420.7499198945595,428.1039733886719,1384238
2018-09-14,428.54516591239275,429.9179463987522,413.88610502133326,417.2689514160156,1870621
2018-09-17,416.7297162497175,417.0238664328757,401.2862032357574,404.9142150878906,2753776
2018-09-18,406.2379022556422,409.963973972982,401.04104976605913,402.658935546875,1284003
2018-09-19,403.98266485651135,406.9242862025539,391.08856394110205,392.3142395019531,1252296
2018-09-21,392.2161743399871,392.2161743399871,365.251312354113,380.69482421875,2926366
2018-09-24,382.4107373256763,383.2442026097192,360.83884957909964,361.9174499511719,3357152
2018-09-25,361.67237141396225,389.0784605866011,355.93620347243086,382.4107971191406,2579384
2018-09-26,387.3135004364785,398.14846107413695,383.391338406742,395.74615478515625,2432342
2018-09-27,397.85427810687537,404.96319619997416,390.25508980045936,396.1873474121094,1375955
2018-09-28,405.89476199538126,405.94377705210644,382.5088645065481,383.97967529296875,937746
2018-10-01,385.9407453203105,386.5290756028224,371.6248480898872,380.79290771484375,1561320
2018-10-03,378.8808245628337,384.37185707725274,370.7423507829819,372.2621765136719,994487
2018-10-04,368.4870979559302,372.60537991394096,358.338527994619,365.0552062988281,1262589
2018-10-05,362.79996579768783,369.66374893440087,357.9953235867327,359.7602844238281,652992
2018-10-08,360.3486059836279,365.54545826370014,355.93617407362433,361.96649169921875,937703
2018-10-09,364.27077794359917,367.3594743828723,350.0529413886,354.31829833984375,1037612
2018-10-10,356.03422195494096,366.23183603654286,354.0240961991709,362.5548095703125,1199754
2018-10-11,351.0334716296245,366.7221184063675,348.0918503589852,358.6326599121094,1236817
2018-10-12,361.81942791948364,372.3112227581816,361.32915769195046,365.9867248535156,1014252
2018-10-15,369.66376223609245,370.3991675986311,359.7602973691612,361.67236328125,799151
2018-10-16,364.0256725830889,377.4590898438595,361.81945638561564,368.9283752441406,1559187
2018-10-17,373.3407889952658,374.90965975320086,361.81943831714534,364.1727294921875,837452
2018-10-19,361.819408089428,367.7026504973862,359.12292198578047,362.50579833984375,711888
2018-10-22,366.72215352452565,366.72215352452565,357.5050786452846,358.58367919921875,503122
2018-10-23,357.89727407963585,362.60385639941404,352.01403121805276,352.945556640625,838685
2018-10-24,361.81948879730874,361.81948879730874,353.48489352691,357.6521911621094,2217572
2018-10-25,355.74008017264873,356.67160561384344,351.0334977587793,352.8475036621094,527295
2018-10-26,352.94556692886664,356.4264737539489,348.1408945128761,352.7984619140625,1787348
2018-10-29,355.88718745772394,371.3307003766927,352.11210053723175,359.0739440917969,1755867
2018-10-30,359.85834999091406,364.7120372531951,359.2700197282557,362.6038513183594,451965
2018-10-31,363.43732050236696,367.5065574824725,357.99533284416475,365.0552062988281,386859
2018-11-01,370.15401443379034,376.91973745459126,363.8295166547716,365.2513122558594,1073936
2018-11-02,367.40853930375766,380.35165601942697,364.51593284364697,379.07696533203125,2557300
2018-11-05,380.35164070679184,397.56014383616315,373.8800676476365,391.3827209472656,2065266
2018-11-06,392.2162024436319,400.06052649250455,384.71507355664176,389.91192626953125,1231518
2018-11-07,392.2162029736491,398.09944601825384,389.617776613693,395.74615478515625,279874
2018-11-09,394.17726230221075,398.05040906297666,389.27456003477033,393.5399169921875,1078490
2018-11-12,394.56948653421006,394.618531512861,387.411552938618,390.0099792480469,783559
2018-11-13,389.22553182501855,393.0986485311458,384.37184477482845,390.79437255859375,637189
2018-11-14,393.14769975274174,399.37410758187616,389.32356811366725,393.6379699707031,1334156
2018-11-15,394.8636627633826,394.8636627633826,387.4605641945639,390.0589904785156,570933
2018-11-16,389.2745499141994,391.8239610117314,384.077697615311,385.7445983886719,941682
2018-11-19,384.37185033162433,385.30337571390555,372.8505002260208,376.52752685546875,1640501
2018-11-20,374.56644080267733,381.13607359252603,372.65437501233845,379.5181579589844,1285180
2018-11-21,379.4691918723448,386.1368556256773,374.8116242718445,382.60693359375,1527245
2018-11-22,383.7345094948475,387.31347613770515,378.5866721537767,385.64654541015625,1025212
2018-11-26,388.2940259885126,389.2745664581806,381.1360925294247,388.44110107421875,1765005
2018-11-27,388.2450272946789,389.0784627900403,382.4107992848193,385.30340576171875,496422
2018-11-28,386.28390849483606,388.2940043762864,383.34228724956114,387.0683288574219,1584598
2018-11-29,387.4115799254847,388.93140581883563,384.3718982150598,385.05828857421875,566084
2018-11-30,385.64654625246436,392.2161792239535,384.91114091641947,388.98040771484375,606060
2018-12-03,389.2255551942528,392.36326677351144,385.15628826653017,390.8924560546875,828428
2018-12-04,389.3725966690982,392.216157828612,384.91111991956683,390.94146728515625,770066
2018-12-05,386.33297385791656,390.8924813971297,384.8621630437367,388.88238525390625,1331974
2018-12-06,386.9702996852207,392.65745250043346,383.48939290359203,388.73529052734375,697313
2018-12-07,388.29404004236,391.23566155783243,383.3913375165726,384.9111633300781,643910
2018-12-10,380.4496867057252,381.1850920279656,375.9882397202874,377.8022155761719,596400
2018-12-11,372.60537229938274,381.3812213269745,372.5563572461997,377.262939453125,429483
2018-12-12,377.31195161985124,388.9313618887263,377.31195161985124,385.64654541015625,667544
2018-12-13,387.31348692481026,388.980417698785,378.48862266576396,379.665283203125,654908
2018-12-14,381.4302374447193,387.31348018165585,378.78276624360984,386.4309997558594,564640
2018-12-17,388.8333095692001,388.8333095692001,382.95006677703736,385.54852294921875,288405
2018-12-18,384.42086641582523,386.72514242787554,382.9500557600977,384.86212158203125,726131
2018-12-19,386.7251616827962,386.7251616827962,379.46916807134414,380.0084533691406,641305
2018-12-20,379.2730430748577,382.9500698494603,378.19447249328397,379.665283203125,862497
2018-12-21,380.4497251437424,380.4497251437424,373.7820615179286,377.7042236328125,1139523
2018-12-24,377.50808010519415,380.15555133775763,375.7921342865342,377.60614013671875,1142259
2018-12-26,375.5469898548083,378.5376262379502,372.16411335529676,377.31195068359375,1277067
2018-12-27,379.17501312776545,386.8232168527033,378.09641262201256,382.9991149902344,862693
2018-12-28,383.78352424546347,385.7446051357558,377.0178011586989,379.8123474121094,935219
2018-12-31,380.44970684915677,381.8224575386106,378.0964156781329,379.6162414550781,380439
2019-01-01,380.25357952065673,381.332180014527,377.6061382252153,378.8808288574219,244225
2019-01-02,378.4395987264426,384.8621267058031,377.60613335902366,383.53839111328125,401487
2019-01-03,385.0092215001377,387.8037679110424,381.9205249085993,383.68548583984375,391423
2019-01-04,384.3718711533116,387.2644775613262,380.2045740808586,385.8426818847656,484014
2019-01-07,386.82319327468804,387.7056736624341,382.5088214383706,385.4013977050781,346567
2019-01-08,385.2543572865359,388.2940388277601,381.6263753830346,387.01934814453125,391569
2019-01-09,385.05823493091333,390.6963423463149,383.88157445734197,388.29400634765625,815426
2019-01-10,388.9314075613678,401.38428465637236,387.3625366789205,398.7858581542969,1539299
2019-01-11,400.6488249972698,401.43324537044003,396.138333042243,398.687744140625,644793
2019-01-14,397.167893652768,397.167893652768,382.655907095631,384.4208679199219,976187
2019-01-15,384.4699344042881,386.0388051823791,377.60615093339595,379.9594421386719,668054
2019-01-16,378.8808416085017,382.3127333439478,377.9493460916848,379.9594421386719,962874
2019-01-17,379.95941575996886,384.8621178988072,376.62558429030264,383.2442321777344,962821
2019-01-18,383.3913009554857,384.8130965218669,375.54697766227883,376.2333679199219,435544
2019-01-21,376.42950822169075,378.6847694233189,374.5664871759788,376.3804931640625,900424
2019-01-22,377.4100487640362,381.92054124357,373.6840066726124,376.3804931640625,1365759
2019-01-23,377.5080679287683,381.9204998915721,364.0256369313123,366.08477783203125,1355788
2019-01-24,363.9766389526028,367.1143505413282,353.09263361572346,354.1712341308594,1229942
2019-01-25,356.86772723283764,361.574309667152,350.0529587828428,352.40625,1351651
2019-01-28,353.9751334489783,362.30972800387116,337.69815456879604,360.15252685546875,1405014
2019-01-29,359.3190437245404,359.36805877534977,350.739315172605,353.2886962890625,793151
2019-01-30,355.24978572384805,364.76103986177446,351.0334738454711,363.1921691894531,943004
2019-01-31,365.74158608786087,367.21239675577453,355.9361816351032,364.36883544921875,892055
2019-02-01,365.59450976463177,369.8108216955155,360.8388826364456,368.1439208984375,854153
2019-02-04,365.3003368735129,370.5952793033015,363.3883009282849,368.87933349609375,572950
2019-02-05,367.7026995788777,369.9579308334726,363.38832722189665,368.9283752441406,387625
2019-02-06,368.9283953055114,369.6638007446586,360.54478526872293,362.4078063964844,489165
2019-02-07,362.80001103404305,364.7610921747676,359.9564493647372,361.23114013671875,974999
2019-02-08,361.13304561188767,365.5454777571936,356.47547834739805,357.9462890625,308347
2019-02-11,358.6816591100761,359.2209742734203,344.4148085475576,349.66070556640625,693813
2019-02-12,348.3860350848417,353.28873768904,344.5129179817582,346.4739990234375,495884
2019-02-14,351.03349225676936,354.66150400656505,346.67007514610054,352.5043029785156,922903
2019-02-15,349.07242191586033,354.90664992579667,347.11134089386115,351.5237731933594,645076
2019-02-18,352.4552855217943,355.74007217233026,342.2086255939764,343.7774963378906,433200
2019-02-19,344.8560633995278,347.11129430262844,339.31598631702303,340.0513916015625,345475
2019-02-20,341.81641829125095,342.9440338617348,339.02187193050696,339.5611572265625,480124
2019-02-21,340.63976408452896,350.73934919971026,339.5121484930508,349.9058837890625,546373
2019-02-22,351.3766255210443,356.9166722790948,349.2194248729482,355.44586181640625,487266
2019-02-25,355.8871334183436,357.7991691542231,347.11128528143087,347.6996154785156,480503
2019-02-26,344.1697282891641,348.8272958372368,339.6102207794795,346.81719970703125,619615
2019-02-27,348.3860273168927,350.5432283841297,341.27710869931246,343.2381896972656,429691
2019-02-28,345.00317553304416,349.3175476810626,341.3751637700964,345.3953857421875,1177853
2019-03-01,344.9540967247137,356.916701434591,344.9540967247137,355.88714599609375,1162447
2019-03-05,353.09264797177536,371.6248578536094,353.09264797177536,368.9773864746094,1316987
2019-03-06,372.40923855382187,384.27378358893964,368.7322119886233,382.45977783203125,1444943
2019-03-07,382.99910965282265,386.33294123200966,376.82168680071834,383.4893798828125,912620
2019-03-08,381.5282866554542,386.2348687420432,377.5080649144783,384.07769775390625,408930
2019-03-11,383.3913322575724,384.37187274927976,377.8022394853521,382.90106201171875,1312055
2019-03-12,360.39763188531225,369.5166760614178,360.39763188531225,364.3197937011719,16596749
2019-03-13,360.34863801917703,363.63345471783765,358.1914369241314,359.02490234375,21171413
2019-03-14,363.9298241393373,363.9298241393373,360.5318205242265,361.07354736328125,5356136
2019-03-15,361.4675086747513,366.6383654064746,360.7288148559337,364.5207824707031,7977181
2019-03-18,366.3921332172594,368.65744889962355,360.63031543338553,361.9107360839844,2776286
2019-03-19,362.45239815035734,363.2895904075902,357.03531067800145,358.6604309082031,3010431
2019-03-20,358.51273520838737,361.0735464713816,356.83835052094116,358.4635009765625,1211115
2019-03-22,358.80818267620214,361.91072062094054,356.09963879637,357.5770263671875,1646283
2019-03-25,355.45947102806224,357.0353572370281,350.0423828492935,353.8343505859375,2130928
2019-03-26,356.7398893779357,364.66852454627445,355.6072014474337,363.97906494140625,4061590
2019-03-27,364.4714988088818,370.0855835565022,364.4714988088818,366.0966491699219,3879051
2019-03-28,366.3429076652935,367.5740640560795,362.55093997016684,365.94891357421875,1740501
2019-04-01,372.4986862554827,381.6584776972041,371.464496862044,378.0635070800781,2756796
2019-04-02,378.6544585846252,378.70369281555617,373.38510340130364,374.51776123046875,1180504
2019-04-03,374.86250572687874,385.9429132986022,373.4343522835116,378.8514404296875,3425894
2019-04-04,379.3439111807412,380.13186932626473,371.80923988075637,372.59716796875,1219612
2019-04-05,374.2715346864425,382.59416373077084,374.2715346864425,380.3780822753906,1680426
2019-04-08,382.0524310990419,384.1207797708521,375.89664937194493,379.5901184082031,1769899
2019-04-09,380.18107927743324,380.52580906548576,372.8926397276616,375.9951477050781,1529577
2019-04-10,375.99518821021866,378.99919799216013,370.0364028824209,371.36602783203125,1968507
2019-04-11,372.9418621033098,391.45847097516526,367.968002651397,388.1589660644531,5562186
2019-04-12,390.07955877193444,400.86450022356473,389.24239651527824,399.2393798828125,4538289
2019-04-15,401.25847652012624,401.8494375869068,394.3640008752528,399.337890625,1802086
2019-04-16,400.9630204162812,406.42934278272304,397.66351526879896,402.3911437988281,2172703
2019-04-18,403.1791101225207,407.4635404723262,389.9318550305137,400.2243347167969,2288968
2019-04-22,398.89464371755037,400.76599529385567,390.12881681773183,391.261474609375,836332
2019-04-23,393.08361280116844,396.92481467360074,390.86753132966567,391.8031921386719,1102870
2019-04-24,391.6062175593572,394.8564582981868,391.31072200103665,393.97003173828125,1039080
2019-04-25,394.7579728197464,395.9398949770178,390.42430833896645,393.0836181640625,926294
2019-04-26,393.08363887629235,399.6826194391032,387.2725864214937,393.6253356933594,3066741
2019-04-30,393.97001907169533,400.273533365337,389.0453938332991,398.451416015625,2753067
2019-05-02,399.3378965960544,411.69869466403236,398.99316679715054,410.9107666015625,3487135
2019-05-03,395.9398861541472,413.4715407319911,395.0534595847107,408.0052185058594,10118251
2019-05-06,405.39520305996416,406.774092276514,401.8494664620284,404.9027404785156,5075321
2019-05-07,405.7891409471403,406.57706900363786,399.9288245827806,403.0805969238281,2589598
2019-05-08,401.55397426467766,407.16802928578346,399.97808809720755,404.0655212402344,3893612
2019-05-09,404.8041909268566,405.59211893484706,400.86449077185074,403.37603759765625,3527797
2019-05-10,404.2132600742465,405.7399120328207,402.78513669593656,403.8685302734375,2393114
2019-05-13,403.7700492557456,403.7700492557456,389.2916385321094,396.580078125,3435597
2019-05-14,390.7198194106933,390.7198194106933,381.0183006621853,385.15496826171875,6988271
2019-05-15,384.66252334177653,388.84845542550556,381.60927927967015,382.4464416503906,1668299
2019-05-16,382.1016996555517,383.6283215179133,371.7107219496253,374.17303466796875,2766863
2019-05-17,374.025302826444,378.211234457813,368.6082148329076,376.7830810546875,2239697
2019-05-20,388.06044394488345,392.9850688680419,385.1056689909884,391.064453125,3901916
2019-05-21,393.97002344373607,397.9097236781734,390.07955743921815,397.1217956542969,2174571
2019-05-22,397.90974600805015,399.8795962358128,390.32581060815244,392.09869384765625,1088291
2019-05-23,398.89462782449095,405.5428716215658,393.9700027896207,400.1750183105469,3772524
2019-05-24,401.84943564737284,403.81928582211486,393.871536428162,401.8002014160156,1994086
2019-05-27,402.83435266808914,417.5589944524399,400.47053851723916,416.2293395996094,4152835
2019-05-28,417.608254417562,419.57810467424866,408.8424267868125,418.5439453125,1929443
2019-05-29,418.5931726086145,420.4645243099472,410.17207492385285,419.2333679199219,2095188
2019-05-30,418.5931442219667,430.4122447647046,417.0172581380963,429.0333557128906,2306375
2019-05-31,430.4122613570617,438.29166202263724,429.4765705050134,434.9921569824219,2807954
2019-06-03,435.3368820327896,445.18613275751335,434.35195696031724,437.3067321777344,3134716
2019-06-04,435.8293701384369,438.2916829640778,428.73789717757927,436.0263671875,1252624
2019-06-06,434.4996758086713,444.98912148340617,433.36701802307095,435.5830993652344,1596991
2019-06-07,438.2424354628645,446.1710704983783,428.1961874153862,444.5951843261719,1902550
2019-06-10,446.1710561292267,447.15598119794464,435.58311164050883,443.364013671875,1453151
2019-06-11,443.21625676160033,443.363989502349,437.79916917895855,438.58709716796875,895285
2019-06-12,439.2765941013423,442.6253334260352,433.46554202944463,434.302734375,641601
2019-06-13,438.09465426052054,446.81124704497853,433.85948852944165,445.1861267089844,1796357
2019-06-14,447.84544229567274,452.96703463594787,438.43938982283646,441.3941650390625,1478647
2019-06-17,442.72384851469536,444.15200198452885,433.4655582502544,436.66656494140625,985932
2019-06-18,436.666563327551,438.43941654231713,433.41629235710684,435.04144287109375,913332
2019-06-19,436.32181535297735,438.48866257638724,429.52583823596035,430.55999755859375,959725
2019-06-20,429.476577731785,435.3368940984292,422.97609611932467,433.8102722167969,881140
2019-06-21,431.49568764354524,437.20824113860243,429.5750716963557,431.544921875,978609
2019-06-24,431.9388632936499,435.58309795643174,429.0333524667268,433.46551513671875,479020
2019-06-25,433.4655660491735,435.53391488294517,429.42736690848216,430.9047546386719,1034858
2019-06-26,431.3971683003502,439.6212984107321,430.4122432585686,435.09063720703125,2378103
2019-06-27,437.20822832380435,449.9630198796882,432.43133576909935,448.28863525390625,2356422
2019-06-28,451.0464850181936,463.5550164040026,449.4705987647566,457.05450439453125,4027131
2019-07-01,463.8996897932059,471.5328587866185,460.20622092542555,462.42230224609375,2471465
2019-07-02,461.92984542566955,469.80924577408183,461.53588141975433,462.7177734375,1540850
2019-07-03,464.7861545199337,477.63944527099125,463.1117998634076,472.0253601074219,2400197
2019-07-04,474.2414309780182,484.0906818809884,472.4685778384949,481.72686767578125,2192930
2019-07-05,483.79523176245766,487.4394366779318,462.126879086831,466.6082763671875,2788311
2019-07-08,456.70976921322296,461.1419320498759,440.9017037279775,455.7740783691406,2834536
2019-07-09,458.38416039088696,458.58115744458337,446.26959302681394,448.879638671875,2053510
2019-07-10,451.0957202670735,453.0655705739166,447.2545181802355,448.879638671875,790156
2019-07-11,452.81932019450875,463.8012291806512,445.92484441123185,460.7479553222656,1728011
2019-07-12,463.89975582136657,477.6887082237002,462.02840400684175,474.4877014160156,2266998
2019-07-15,474.88162475563144,487.0454555933823,474.8323905242855,483.69671630859375,2167991
2019-07-16,485.9620409464749,490.9359307627875,474.438435248912,483.6474609375,2191685
2019-07-17,484.87862473284724,496.2052636170487,479.26456958128233,489.655517578125,2760727
2019-07-18,491.280650965101,502.8042872001438,490.00026029788745,495.95904541015625,3115748
2019-07-19,498.37212856412106,501.77013237279766,477.6887003035548,480.24951171875,2396384
2019-07-22,478.52588091561955,490.2957181967427,471.8283719901931,483.2535095214844,2024584
2019-07-23,483.59824284035574,503.83844240669066,474.1429555024396,500.8836669921875,10256139
2019-07-24,504.1831172511675,524.9650414123943,489.5077403038648,492.019287109375,7088915
2019-07-25,491.3298902273787,503.0012586282963,490.6896949263851,493.64447021484375,2630537
2019-07-26,497.0917281301723,500.3419690557509,487.6364408136758,491.5761413574219,1706982
2019-07-29,492.26556680901285,495.1218737254104,471.1881750874149,478.0334167480469,2481978
2019-07-30,479.75702217697807,484.38615211203125,467.93792097807506,475.81732177734375,2274640
2019-07-31,473.9459799181485,488.03039711562815,470.05551366989613,486.060546875,1798489
2019-08-01,485.56806742523963,494.4323931997369,473.84746491268777,480.5942077636719,2626100
2019-08-02,481.5791459973077,490.8374360474818,473.1580182471133,486.8977355957031,2215370
2019-08-05,484.0906739808623,487.0454492035329,476.0142763492182,479.8062438964844,2996132
2019-08-06,477.7379146361114,510.19120917312796,477.7379146361114,504.380126953125,5029677
2019-08-07,509.2063097348782,516.8887139902645,503.39525727939053,510.2897033691406,4417521
2019-08-08,533.2385106496897,537.3259140328234,508.5168528337891,515.0173950195312,10168512
2019-08-09,516.3962475155053,527.3289528213862,516.3962475155053,518.809326171875,2861762
2019-08-13,521.7148858217887,528.9048276948137,508.2213986788154,511.5208740234375,3543626
2019-08-14,480.1510071154951,532.401273918077,473.9952249729887,509.206298828125,31957442
2019-08-16,507.2364335628145,534.8143367468122,505.8575143575913,532.00732421875,11397991
2019-08-19,537.4736462428199,551.558063337168,512.1610588130847,516.6424560546875,13762429
2019-08-20,518.0705739339313,524.8665807939151,508.812254460193,519.9419555664062,10083216
2019-08-21,522.0102475115265,530.8745724692694,517.1840909885127,522.69970703125,6505412
2019-08-22,525.9007918974074,530.2344264556724,517.4796939514596,520.4837036132812,5344682
2019-08-23,522.0102881763269,523.7831412829712,505.0203306837955,509.40325927734375,4611285
2019-08-26,521.764074666956,528.7077846380965,509.3047480356815,518.464599609375,4813908
2019-08-27,526.9349446819439,561.161092958014,525.9500195516972,546.8304443359375,94765364
2019-08-28,548.504804256502,548.9972667993377,529.9881645538318,539.4434814453125,7523593
2019-08-29,536.0454825140534,541.46257053211,531.859550863737,533.533935546875,2790568
2019-08-30,533.8293984474295,550.9671190487757,533.8293984474295,548.7510375976562,4299020
2019-09-03,543.08768399395,548.5540058713946,526.9348895033404,528.6585083007812,4903625
2019-09-04,530.8745477769713,534.6172505620368,520.6313042562201,527.5750732421875,2330167
2019-09-05,530.6776141170817,539.1480057629612,519.055510348606,520.5328979492188,3656775
2019-09-06,523.8816542847186,527.9198229139719,520.0404225719723,521.9118041992188,1641066
2019-09-09,525.9499720978871,531.6132910858325,521.3208123803818,522.896728515625,3086676
2019-09-11,525.6545621318631,532.3520410976842,524.9651025070594,529.791259765625,2505388
2019-09-12,531.8103221476646,537.6706385418988,528.1168530061377,529.741943359375,1990091
2019-09-13,530.5791553713655,534.814321214324,524.8173075544424,532.2535400390625,1414823
2019-09-16,528.904757574705,531.8595327566865,525.5067540924151,529.5449829101562,1320333
2019-09-17,530.4805784251271,530.4805784251271,516.199165993208,522.69970703125,1952479
2019-09-18,525.8022268561455,531.8595401089643,524.9650645890333,530.9730834960938,1460223
2019-09-19,532.5490332538919,532.5490332538919,521.1238656030581,524.4234008789062,1092159
2019-09-20,527.9198364861761,558.452513596384,527.9198364861761,555.3499755859375,8964556
2019-09-23,555.4977759838766,558.1570858706411,531.8595727505201,532.5982666015625,5216335
2019-09-24,532.942903955753,546.584151543588,532.0072732793572,542.742919921875,2548423
2019-09-25,543.481705372987,554.2174139416949,541.8073205345102,549.4404907226562,3790845
2019-09-26,548.5047995834143,568.3017695907257,548.0123370447741,560.7178344726562,4460160
2019-09-27,558.5509776464642,576.7720912618953,558.5509776464642,573.5218505859375,3937172
2019-09-30,576.1812035890681,599.819406813235,576.1812035890681,592.0877685546875,5522478
2019-10-01,595.0917403718817,598.834443621505,581.4504920591676,589.1821899414062,3176809
2019-10-03,587.3108677170432,588.8374897097898,566.8244361737413,583.962158203125,3634620
2019-10-04,584.3067938670139,585.734947231967,573.2756211338292,575.6394653320312,2889488
2019-10-07,575.6887063909413,575.6887063909413,563.4263771830418,566.775146484375,3237005
2019-10-09,566.5289324041485,577.9048053435885,565.0515447466872,571.7490234375,1579192
2019-10-10,568.794251404002,580.1208901765493,566.3319386273614,574.999267578125,1556208
2019-10-11,576.1811818695678,590.6595928216094,575.1962567723549,581.7460327148438,4147792
2019-10-14,577.1660853320348,580.8103200781319,571.2565349702733,573.5218505859375,1659110
2019-10-15,572.2414615652019,586.8675747037638,571.8474674940059,583.8143310546875,1429097
2019-10-16,585.833458554463,606.5661206330917,585.045530469099,601.395263671875,3769552
2019-10-17,603.7098008898968,612.6233602662587,600.8042600681958,605.8766479492188,2893199
2019-10-18,606.4183554218698,607.2062834260137,597.8494956035529,599.2776489257812,1922910
2019-10-22,600.7550919243531,614.8395091866748,596.3721630957655,602.084716796875,2673829
2019-10-23,605.5318863757668,616.464590096435,591.9399332102555,598.6866455078125,5606504
2019-10-24,600.7058754366459,609.5702018221444,598.4404994905254,606.0736694335938,2865137
2019-10-25,608.0927599326544,610.4565440225587,598.932908724728,601.2967529296875,1982250
2019-10-27,605.6305044197233,612.6234490038066,603.1188971717906,610.3088989257812,889965
2019-10-29,611.4906876174045,611.6384504195661,599.9178183864385,601.54296875,2288088
2019-10-30,572.4384820146473,633.9470667337664,572.3399534352908,622.9158935546875,27156751
2019-10-31,627.2988428081642,636.6556315948503,612.6234342440749,616.7601318359375,4487728
2019-11-01,616.5630525427313,626.4123025833501,598.9328709240032,603.4635620117188,4002384
2019-11-04,603.2666539925872,606.4184264936013,579.529981938658,584.3560791015625,12053809
2019-11-05,587.0153635202095,592.9249141596746,571.4043246269787,574.8515625,6170402
2019-11-06,575.1962671256068,581.9922744647238,571.3550351313132,576.1319580078125,3840924
2019-11-07,579.0374660802479,579.8746283341563,567.4645966400333,571.404296875,3217588
2019-11-08,571.2565589414297,576.3781814928816,557.9600700695171,559.3389892578125,3630548
2019-11-11,561.3581135421143,575.196300179236,556.48272191998,562.3922729492188,3419720
2019-11-13,563.3771863721342,584.0606145431392,563.3771863721342,580.2686767578125,6532837
2019-11-14,583.5681165800158,585.9319608450969,572.7339405759988,577.5108032226562,2663642
2019-11-15,579.4806638756743,579.4806638756743,567.4153312895593,568.7942504882812,1959586
2019-11-18,566.2826877701797,566.2826877701797,558.9449838881957,561.8505249023438,3112232
2019-11-19,562.3922672832854,568.7942808337956,557.0736473645293,562.0968017578125,3791275
2019-11-20,563.3771890799432,570.7641277479494,559.9299510348735,566.0364990234375,3822519
2019-11-21,567.7108627296652,583.4203702882154,564.362093278499,580.3671264648438,3752775
2019-11-22,582.8786176586844,584.946996279814,572.4876706699649,577.56005859375,2275245
2019-11-25,577.0184009498015,590.8073536679743,576.1812385807948,588.7882690429688,3802000
2019-11-26,590.9550919725081,598.5882619104863,583.0756907462079,588.5912475585938,5918113
2019-11-27,589.0836872002532,590.3641379417232,573.9651107319304,576.1319580078125,2154255
2019-11-28,579.136021429462,579.7762468597208,566.331993744797,567.513916015625,2761394
2019-11-29,568.794255294199,574.2113434398581,561.6043139602451,562.8847045898438,2142174
2019-12-02,561.4073372958661,570.1239008552251,557.4676366832635,560.81640625,2550584
2019-12-03,563.9681326056225,577.6093823834011,562.8847389563682,575.9349975585938,4622846
2019-12-04,576.0827188832219,579.1359626675892,568.400254959871,574.8515625,2198714
2019-12-05,576.6244063823839,576.8706376550628,566.3319271613959,567.2183837890625,1929160
2019-12-06,569.0404530931555,570.4686064523588,562.6384402067765,566.3319091796875,2127676
2019-12-09,568.0062649335077,568.0554991609665,561.5057238025566,563.8695678710938,1591039
2019-12-10,568.4496181060697,577.6586449211047,560.471687708197,561.8998413085938,4061646
2019-12-11,564.7560244255582,566.3318803945483,556.975092805421,563.8695678710938,2289830
2019-12-12,568.05554070717,576.8213979778026,562.4414557200828,574.1128540039062,2941825
2019-12-13,576.8706276437405,586.128887266759,576.8706276437405,580.0223999023438,2095278
2019-12-16,579.6284269525323,585.9319716994837,577.7570451984211,583.1741333007812,1408707
2019-12-17,586.178230697586,590.9550936586355,577.3631385274991,586.6213989257812,1636039
2019-12-18,589.9701213884234,595.6826748145824,579.3329425750491,592.4324340820312,3092926
2019-12-19,592.9249089590433,600.0656159190981,589.4776711162581,596.1259155273438,2743666
2019-12-20,596.8645524614939,606.7138025021126,593.9097774493083,603.4635620117188,3239394
2019-12-23,605.8274747697249,611.6385575753229,599.8194550134809,606.8616943359375,2325450
2019-12-24,608.7822447673321,618.1390342087282,604.153144398903,615.8737182617188,2938173
2019-12-26,618.4344360832755,629.3670796174644,613.706747956549,626.018310546875,3006668
2019-12-27,629.3671203606661,629.3671203606661,619.0746413458413,621.8817138671875,2494965
2019-12-30,623.162116047676,629.1209008151644,619.517881194111,626.5601196289062,1799682
2019-12-31,628.2838267747037,636.261697072779,611.3923350741912,616.6124267578125,2217822
2020-01-01,613.6083479827854,616.5631233342274,607.0585719077324,612.0817260742188,1749377
2020-01-02,613.3129081813531,629.1701791861547,609.0777420230888,624.6887817382812,1973981
2020-01-03,621.4877262435393,627.8405050403553,616.9570949159955,621.1922607421875,2401828
2020-01-06,617.9419633611833,617.9419633611833,602.2816319592321,610.2102661132812,4175516
2020-01-07,614.1992420594062,633.9962717921965,614.1992420594062,620.4535522460938,2827658
2020-01-08,612.6234043845926,622.2756582184446,609.17616657857,619.3701171875,2248332
2020-01-09,625.4274625921664,626.9048502990771,618.3359895759835,621.980224609375,1338705
2020-01-10,622.8667002991261,624.4425565219266,609.4224477096877,613.7068481445312,2181852
2020-01-13,618.4344806643157,623.5068087481476,614.1992547358979,615.97216796875,1161466
2020-01-14,617.0556289368545,617.548091529781,603.5129076313768,604.9902954101562,2109229
2020-01-15,604.7440072345297,611.1460203404328,603.5128508680099,607.2555541992188,1621297
2020-01-16,614.5932436342592,615.5781687041859,596.6675953385823,598.3419799804688,3196222
2020-01-17,598.3419832864224,602.330917818654,592.6294298722958,598.48974609375,2313300
2020-01-20,601.7892404278102,603.2173938560924,588.0987573933312,589.2314453125,1870028
2020-01-21,586.7198500811274,600.5088004467706,585.193228313656,592.9248657226562,1597879
2020-01-22,595.7811798760717,607.2062862774442,593.5650985392928,603.5128173828125,2066862
2020-01-23,605.0394216123545,612.5248877572911,602.2816436073997,606.7138061523438,1685313
2020-01-24,598.7359895181661,602.0354645416147,593.7128354627723,598.0957641601562,2188192
2020-01-27,595.6827010033682,596.5691576580618,589.0836906713671,590.6596069335938,1531808
2020-01-28,591.9399546494889,602.6756617332468,589.9701045508217,594.6484985351562,1651481
2020-01-29,596.8153506407788,601.7892101583565,593.1711159048612,595.9288940429688,1324538
2020-01-30,596.7661079046347,599.3761232008859,588.1480137739813,591.3982543945312,1060111
2020-01-31,594.0082859636719,595.3379708778605,588.2957325778682,590.1671142578125,1260667
2020-02-03,544.6635110061408,564.3620105000338,519.5479241514272,556.778076171875,9688974
2020-02-04,559.4374166504255,569.7298952297687,547.1750880124539,564.4605102539062,3116053
2020-02-05,565.7409211147734,577.5107262956653,556.4826024440215,574.6544799804688,2739852
2020-02-06,578.1510900992581,589.6747269164126,578.1510900992581,584.7008666992188,2299958
2020-02-07,584.5530623674365,590.9550756873832,580.1208992997812,586.7199096679688,1185529
2020-02-10,587.0153470648685,589.8716538398978,575.6887086567376,579.1851806640625,1366499
2020-02-11,580.8596399563852,585.538034682613,567.1199213163457,574.703857421875,1545054
2020-02-12,576.7720538805804,585.7349074173911,555.1037039584745,569.63134765625,3303107
2020-02-13,567.8093197044046,573.4726390249602,559.9299189105881,568.498779296875,2107487
2020-02-14,570.1731203835184,572.7339013996453,563.377113672566,565.2977294921875,2332181
2020-02-17,566.2334665645844,566.3319350290011,555.5469931128287,557.369140625,918309
2020-02-18,556.2857439591597,556.8274407990899,547.6184141750848,554.118896484375,1231246
2020-02-19,557.369153598866,573.0786612876419,554.5128466836018,570.3701171875,1752251
2020-02-20,573.3247612613565,574.90067717318,563.4755122438788,564.8544311523438,3708209
2020-02-24,563.6233509324568,569.6806639400065,547.6183191235403,552.345947265625,1576359
2020-02-25,561.4072574283911,573.7188200912944,557.467557376262,560.914794921875,3582636
2020-02-26,556.7781591070574,562.8354726497197,546.6334423796009,548.6525268554688,2313470
2020-02-27,550.5732288846312,560.7179471970591,536.0455810741693,558.1571655273438,2985262
2020-02-28,545.6484872905303,556.482663030956,533.0906926823096,535.897705078125,4380818
2020-03-02,546.6333926917197,555.7439492365817,542.6444583356287,546.1409301757812,2299648
2020-03-03,551.5580114518633,564.3620367177101,551.2133117407269,555.0052490234375,2844292
2020-03-04,558.8465193333484,561.4073005177576,551.705812440798,560.0283813476562,1735962
2020-03-05,563.3771201194969,564.1650481246254,548.0123136168047,556.4334106445312,3821330
2020-03-06,532.8444802241204,548.1108193063271,526.9349296116532,539.88671875,3494853
2020-03-09,529.8897298229091,532.1550456411474,498.56912212776405,509.8465270996094,4577587
2020-03-11,507.23641143222795,518.070587210392,500.3911701675586,505.8082580566406,2971154
2020-03-12,487.5379070723278,490.4926822667056,446.46651984746615,465.77105712890625,4797510
2020-03-13,428.44242046309097,517.0856798692477,422.63136835797087,499.5047607421875,7973623
2020-03-16,486.5530194317552,492.85653431977,463.89974119910266,467.051513671875,4058756
2020-03-17,467.83940278358114,478.6735784269904,453.06552690620487,457.94091796875,3291793
2020-03-18,457.9901557986162,462.91478112978405,404.65646947357317,413.1268310546875,4743183
2020-03-19,379.5409102218118,426.0293589804077,379.5409102218118,410.66455078125,8358736
2020-03-20,418.6916557059174,435.336883474312,405.0996716262751,411.79718017578125,4857316
2020-03-23,371.80920521810486,388.4544324998073,334.8745159580282,337.13983154296875,4439246
2020-03-24,356.54289033995786,402.83437057746625,340.6363558017667,385.40118408203125,5260142
2020-03-25,384.1208175703679,433.36707623323554,379.7871528195417,427.75299072265625,6171029
2020-03-26,441.2464747707938,479.65855627985843,427.45752243420645,470.2525329589844,6462048
2020-03-27,443.4132819655911,476.50674052745563,433.36703415089994,434.3519592285156,14440511
2020-03-30,425.48765625000004,437.20825928797325,400.8645279947917,406.2816162109375,7106515
2020-03-31,422.53288482485704,441.44345952534513,408.15297177735357,434.69671630859375,5414961
2020-04-01,431.49570969156815,440.65550146728845,417.6574934449871,423.4193115234375,7414297
2020-04-03,422.04041620832487,435.3369054004191,409.92584918965076,415.9338684082031,6997591
2020-04-07,430.31376788495794,468.82434510120555,426.71879730062454,463.4072570800781,6387600
2020-04-08,457.9409421937865,493.0042520849169,450.50473957428284,469.4153137207031,7175190
2020-04-09,481.5298871986189,486.9469753815923,457.1529903752387,465.1308898925781,3633315
2020-04-13,465.86953984115274,475.47255889707503,446.46650470002226,470.59716796875,4143591
2020-04-15,474.43842316549177,481.3328987270391,461.43740008356264,464.58917236328125,3951803
2020-04-16,462.9148037982138,486.94697057963657,455.03540288249957,482.3178405761719,5065255
2020-04-17,497.38718411997036,511.12690152609804,484.0906950395355,488.0303955078125,6523417
2020-04-20,496.10681944238024,507.5319273520131,488.522883621216,500.637451171875,4164522
2020-04-21,488.5228544286025,495.2695974417937,481.5298801379776,488.8675842285156,2902453
2020-04-22,491.97006217369625,501.3268501429657,482.95800398322103,496.0574951171875,2103572
2020-04-23,497.38715836555224,504.1831353099324,478.96904760702466,481.1358947753906,2996470
2020-04-24,471.0404697175897,471.5329323100807,444.3489911930742,446.5158386230469,4401783
2020-04-27,452.0806224364605,483.99218977341076,452.0806224364605,477.44244384765625,5612310
2020-04-28,487.5379435853858,489.1138298185819,464.0474730193112,478.82135009765625,5790711
2020-04-29,480.64342608278577,497.584149025108,477.44241965907867,485.4203186035156,4230028
2020-04-30,492.46257523416097,503.0012863671841,485.71583194194693,493.4967346191406,3751397
2020-05-04,481.62837415320814,481.62837415320814,464.98314596596293,471.7298889160156,2476309
2020-05-05,475.7188366344891,482.51481400347586,467.98716837126324,470.3509826660156,2499854
2020-05-06,470.79423917626656,491.4776680940523,462.3731408541806,483.5982666015625,5449822
2020-05-07,482.31783335728903,494.43240006086853,481.5298752429935,487.0946960449219,2443348
2020-05-08,492.1671238083668,519.4002689297739,491.47766416027986,512.2103271484375,9179719
2020-05-11,521.7640508109529,530.8746076207714,514.6233441221763,517.2826538085938,5445590
2020-05-12,513.5892557872135,528.5108364465822,509.50179217532104,518.8585815429688,3693348
2020-05-13,524.9650541101612,529.8896793832396,507.2364031270788,508.96002197265625,3651773
2020-05-14,507.2364674577809,515.1158688940183,483.99222720937445,487.5379638671875,4151383
2020-05-15,491.5761447280242,493.447496487629,477.68869420459094,479.9540100097656,3513975
2020-05-18,479.9540161899634,483.49975276081017,457.0052720927984,462.2746276855469,4108131
2020-05-19,467.83943439073266,478.6243765328571,458.23641442165973,464.638427734375,5129782
2020-05-20,467.00223602278544,475.4725980007468,465.3771155988666,472.0253601074219,3112785
2020-05-21,472.76403360567605,489.06453149136064,472.76403360567605,486.3559875488281,4216268
2020-05-22,485.568068108696,497.0917036547737,482.9087583495924,487.29168701171875,4602359
2020-05-26,494.4324085425883,507.1379665929929,489.50778295949476,499.8002624511719,4215615
2020-05-27,499.1600369797432,502.3118093753058,487.7841639080788,495.7127990722656,1859456
2020-05-28,498.3720983351031,515.4112904646555,493.8907011734807,509.00927734375,3346486
2020-05-29,508.615387009795,532.6475253333138,504.03546087666405,515.3128662109375,27246641
2020-06-01,513.1459812942197,520.680682416828,505.6112801716116,508.31982421875,3151262
2020-06-02,508.2213823357153,514.3771645829987,489.50780430397384,492.1671142578125,5909622
2020-06-03,494.53093020014546,511.9148533101878,486.99625871704274,493.792236328125,13732855
2020-06-04,513.2937429108399,517.0364462897018,504.5771196558634,509.7972106933594,11739480
2020-06-05,509.7971845931276,513.3921850911064,503.98616283570954,508.4675598144531,3558200
2020-06-08,512.1610911947447,521.8133458904025,508.46762178709025,514.18017578125,8429754
2020-06-09,517.0857055930709,522.9952565141346,493.9399644855716,499.2093200683594,9173485
2020-06-10,499.80025167145766,500.2927142191456,491.4776225925208,494.1369323730469,3358845
2020-06-11,492.4625565767556,501.819345151714,489.5077812372951,494.0876770019531,2482917
2020-06-12,480.64342794248574,496.54996160571625,478.91980909228215,494.72784423828125,8115108
2020-06-15,500.2434448728051,500.2434448728051,487.8333827850201,492.3640441894531,3620015
2020-06-16,497.3871700532105,503.00125508474326,489.5077693394963,498.0766296386719,3578749
2020-06-17,498.3720928332053,501.0314025847732,491.034388929547,492.85650634765625,1857859
2020-06-18,492.4625517178152,510.092735115336,491.1328968166713,508.172119140625,4083990
2020-06-19,510.1419678033842,516.100752638122,506.59620137271384,513.2444458007812,4569531
2020-06-22,517.0363893907906,517.8735515925321,506.7931453721539,512.5549926757812,2765644
2020-06-23,516.3469510321994,536.3901515040707,512.5550136829438,528.9539794921875,5813424
2020-06-24,534.5187997727767,537.3750461516447,515.8052251141337,519.3016967773438,3765172
2020-06-25,512.1610457416757,531.6133162289798,511.176120653711,530.28369140625,2654149
2020-06-26,533.2385554404417,539.1973411915994,526.9350097820687,533.7310180664062,2586654
2020-06-29,535.3067613590207,536.3901548612878,524.6203486787398,529.1017456054688,1691365
2020-06-30,532.3520136487506,546.0917307418823,528.9047758175376,540.723876953125,3355423
2020-07-01,547.175158090339,551.5580870551286,537.916897698093,541.3641357421875,3419769
2020-07-02,541.216319081698,544.1710942541185,537.4736158863096,539.689697265625,1638017
2020-07-03,556.4334298230658,580.7117967078716,549.5881885696621,563.52490234375,15663461
2020-07-06,572.2414464924619,582.9278590978058,567.7108153683193,575.8856811523438,4862801
2020-07-07,580.8103258438812,582.0907164119624,563.4756085415983,573.8173217773438,3849675
2020-07-08,572.7339567320062,587.9018276115169,569.2867188153044,573.1771850585938,4280620
2020-07-09,575.294720161713,581.0073337672061,574.1620923789427,576.378173828125,2440595
2020-07-10,577.1661021558544,590.9550534018987,576.427408339102,583.568115234375,3206846
2020-07-13,584.9962987255731,594.6485530712539,575.1962815629189,591.2505493164062,2854213
2020-07-14,583.5680897154056,599.8193529733029,583.5680897154056,589.4284057617188,3645874
2020-07-15,590.954996011884,595.584155503654,584.0605210584121,585.8333740234375,2310685
2020-07-16,585.0455240781845,594.6485440441143,580.3671297358084,590.8073120117188,1767540
2020-07-17,591.7429648319015,606.7138377873271,591.0042710358942,605.2364501953125,2790602
2020-07-20,610.3581111440243,618.7299746949823,603.0696411830493,607.1571044921875,3020859
2020-07-21,612.6234181029229,622.9651317525703,592.2846905459264,617.9912719726562,8306371
2020-07-22,617.5480834671371,617.5480834671371,596.7661863629918,600.4596557617188,5164659
2020-07-23,601.739936507811,614.2977301688,601.4444710329155,613.3128051757812,2957797
2020-07-24,607.698836036865,615.4797690045938,606.2214482669214,613.0174560546875,2789551
2020-07-27,615.1841344671285,627.889691085707,604.2514909507156,623.9007568359375,3343985
2020-07-28,626.4124409945842,637.8375495201577,624.0978907696397,630.8446044921875,4307089
2020-07-29,630.8445303695243,633.0113776256551,619.5178916509457,628.135986328125,2458334
2020-07-30,630.3028014960174,635.178192545345,614.5440006028724,625.52587890625,27847314
2020-07-31,619.2224617393267,628.2837852581082,609.7179098743704,617.6465454101562,3774399
2020-08-03,614.5932155628109,614.5932155628109,591.4474774767115,593.9097900390625,3634400
2020-08-04,596.0766928475681,606.6154036227655,591.8907611002047,604.8917846679688,2248809
2020-08-05,607.1571043939199,608.8314891268521,594.2053149740989,595.8796997070312,2051992
2020-08-06,599.2284251744027,602.5279000497815,593.1711120637203,597.7510375976562,2596325
2020-08-07,598.7360449541482,604.5963017221134,596.3229662240705,597.8003540039062,1723752
2020-08-10,606.7138077097275,608.6344235071437,597.8494825970854,599.6715698242188,2028319
2020-08-11,600.6565747642542,604.645569687788,596.9631054758414,599.5731811523438,1539043
2020-08-12,599.8194124382379,608.3882732103676,594.0083300451112,599.5731811523438,3419606
2020-08-13,600.8043451535797,604.7440457775375,588.985243281706,590.7088623046875,2164005
2020-08-14,590.9550415714058,593.3188857837137,576.8213908731785,578.8897094726562,3151495
2020-08-17,582.4846749313363,585.24245293619,577.1168216040902,580.2192993164062,1335395
2020-08-18,581.5983030162766,591.5953173681692,580.1209152863454,588.5912475585938,2224729
2020-08-19,590.9550846193331,598.7852515135512,589.9209252442613,594.3530883789062,2344923
2020-08-20,589.9701783687217,590.9551035412906,581.2043202868344,586.0797119140625,1490688
2020-08-21,590.1670717325601,599.7208562508685,587.1630625070487,589.0836181640625,2008763
2020-08-24,590.7580973805303,596.3229485658178,588.0495531977032,589.7239379882812,1893376
2020-08-25,589.970128592061,594.5007599575966,584.0605780552456,590.758056640625,1802567
2020-08-26,593.9098195109826,593.9098195109826,579.776168747747,583.1248779296875,2950978
2020-08-27,585.2424878641785,590.955041239819,582.2384784275539,587.0645751953125,2947058
2020-08-28,590.9551145360717,594.4023527041988,579.2837750700095,580.4656372070312,3638604
2020-08-31,585.7841538056239,585.7841538056239,558.5017188142808,566.1348876953125,3754563
2020-09-01,572.7339860678007,577.1661493305783,562.1460404956101,570.567138671875,3407301
2020-09-02,572.6355069251814,581.1058391790554,568.1048151608508,572.09375,2500786
2020-09-03,574.9007885176625,580.1208794849229,570.5178598330077,573.4234008789062,1896035
2020-09-04,561.4073178031891,572.2414941116717,560.4716269171721,565.9872436523438,2618737
2020-09-07,567.9077496995275,585.5379318274865,562.5399563643879,582.9278564453125,3374335
2020-09-08,584.5530763566253,586.1782268996814,570.7641242605971,573.0786743164062,1896544
2020-09-09,580.0224389748248,584.0606080026811,573.8666568500073,576.8706665039062,3391865
2020-09-10,580.7117832338414,593.90980289986,578.5449962240941,592.5308837890625,3792160
2020-09-11,598.8345118696125,603.4636722574065,592.5309666460125,595.6827392578125,4564379
2020-09-14,600.8042772768699,600.8042772768699,586.2273986380812,590.413330078125,2269701
2020-09-15,592.8756001899965,592.8756001899965,582.1398939261509,585.242431640625,2371832
2020-09-16,585.5379421811678,595.8304209759082,583.8635575732823,589.5761108398438,2164876
2020-09-17,584.1590127359506,589.0836378985031,579.4313846029108,582.9278564453125,1532457
2020-09-18,585.0455206911379,585.8334487633331,574.7038069415471,576.2796630859375,2587272
2020-09-21,578.1510340737058,580.9088123324768,568.5480143424985,570.6163330078125,1565889
2020-09-22,567.3168798964277,578.6435189915821,557.7630940279378,570.6656494140625,2359295
2020-09-23,572.4877327487983,577.2645955910872,566.9228817091733,571.5028076171875,2210606
2020-09-24,566.1350046894086,572.0445560120852,564.0666857724976,568.9420776367188,3043353
2020-09-25,568.5972534434555,571.7490258154932,562.6384685565899,568.7942504882812,2059527
2020-09-28,570.4686263748212,574.50679521354,568.3510133770435,572.4384765625,1591462
2020-09-29,577.953990778747,577.953990778747,555.2514810488937,562.1951904296875,4157096
2020-09-30,563.1801367133519,563.3278995182238,547.5690985742193,550.9671020507812,4906751
2020-10-01,559.4374017038588,563.3771017158577,553.7740829366102,560.6193237304688,1477355
2020-10-05,563.3772101151316,568.2526018410636,556.8274335389217,566.0857543945312,2490303
2020-10-06,568.7942376435658,577.3630979219867,567.0706187416156,573.275634765625,5665979
2020-10-07,576.1811970818248,578.2988101427644,566.3319458496569,570.222412109375,2588117
2020-10-08,577.6586060979681,577.6586060979681,568.4002855518229,574.359130859375,9288093
2020-10-09,578.1510480804507,580.1208983294471,560.02840174366,565.1500244140625,4555998
2020-10-12,567.7601841423634,568.3018810180672,551.7551484984403,554.9069213867188,2349521
2020-10-13,555.8918494172005,563.328023222593,551.2626886003449,558.1571655273438,2122487
2020-10-14,556.3842188138166,566.1349413360389,549.5882115072202,563.7218627929688,3958474
2020-10-15,564.3621627250529,565.3470879654108,551.6073688394055,553.0355224609375,1772762
2020-10-16,554.4635879912476,557.7138287450284,551.0655844288625,552.6907348632812,2117294
2020-10-19,557.3692093160229,565.6425451435521,555.7932928857327,561.8998413085938,3362350
2020-10-20,565.9379795207373,572.2415246646166,558.4525722630596,562.3922729492188,6496843
2020-10-21,565.8394499373433,568.7449909025913,547.6183362317892,554.2173461914062,3457773
2020-10-22,554.5128000877183,558.2555032340385,549.7359376676202,552.6414184570312,2967121
2020-10-23,554.5128466840124,571.8967992273234,551.213371553497,555.990234375,21418349
2020-10-26,558.2063080224231,573.8666413715897,555.005301403856,569.9269409179688,8486218
2020-10-27,574.1128985774654,582.5832308892561,571.2565915735732,578.446533203125,5959783
2020-10-28,581.8444124485264,585.8333464609236,574.8514693707463,577.3137817382812,4062087
2020-10-29,573.22647907424,579.1360304049024,571.601328412282,577.2646484375,1671983
2020-10-30,581.1058504331814,589.1822488520447,575.196299411827,580.859619140625,3789450
2020-11-02,581.8937344447412,585.5379693213929,576.7721119247218,578.6434936523438,2206055
2020-11-03,581.4997824016134,592.5308950371821,581.1057883296052,590.0193481445312,3646651
2020-11-04,582.189209896775,594.7962994276098,582.189209896775,585.291748046875,1919838
2020-11-05,591.1028070966297,593.4173569740748,581.1057935513761,583.1248779296875,2350192
2020-11-06,584.060560498285,589.5761167874914,579.973097453835,581.6967163085938,1990463
2020-11-09,587.0153186563432,589.970093750251,578.8896871480969,583.9127807617188,2978907
2020-11-10,586.0304779313343,605.8274498624857,581.4998461815874,600.4596557617188,4801645
2020-11-11,607.6495614622704,617.3510497948462,604.9902516298965,614.0515747070312,6526986
2020-11-12,614.4455426369142,623.5561004501982,609.0777485578935,620.8968505859375,3555249
2020-11-13,615.5782144858068,620.8475399557813,608.6345042494189,618.04052734375,5036293
2020-11-14,628.382246089998,629.5641682937437,624.1470799653816,626.5108642578125,1080124
2020-11-17,629.0716585348526,663.8395017206531,625.427423727915,659.9490356445312,9740753
2020-11-18,662.3621335790408,665.9078399135152,651.2324919077131,654.7781982421875,3642631
2020-11-19,651.0354943932776,660.6385141668547,633.3068425035968,636.3108520507812,4212122
2020-11-20,637.5912265016759,658.4716502210047,637.5912265016759,653.8917846679688,3045488
2020-11-23,657.1420145391769,664.1349584455901,646.0616075722901,651.3309326171875,3011294
2020-11-24,655.467686428094,656.3541431079051,641.5802658781209,654.1380615234375,2108847
2020-11-25,662.3129050922772,678.1209411527835,651.8726628123206,655.0736694335938,6798974
2020-11-26,657.929973794969,665.2184436584813,648.2284855028478,650.8385009765625,3804983
2020-11-27,653.6947566204132,654.0886905646988,632.4696341759325,637.0494995117188,9917761
2020-12-01,643.402325616223,646.1108696582355,629.859605406161,632.2234497070312,4569057
2020-12-02,634.291784677558,637.1480916048937,620.6998298860507,626.9048461914062,6126982
2020-12-03,616.6616007843152,640.8907950881795,615.578207185692,638.1822509765625,26754679
2020-12-04,642.1712574845753,645.0767989701338,630.4506230642139,633.5531616210938,4452423
2020-12-07,635.3751887454339,641.5802652680917,632.1741820153576,639.7581176757812,4644396
2020-12-08,642.7129314163684,647.7853202753781,634.2918329246211,641.6787719726562,4409047
2020-12-09,645.6183917469542,646.6033168297108,635.2766783780098,642.7620849609375,4512763
2020-12-10,646.2093757658489,651.0355331133186,635.9169558986935,649.5089111328125,5582666
2020-12-11,653.891796038519,658.2746646287546,645.3721699022188,654.4827270507812,6275768
2020-12-14,657.3882595326465,657.929956305995,643.4023113127114,645.8646240234375,2696137
2020-12-15,649.9521463445668,653.9410812761068,635.0305059129944,641.6295166015625,4819043
2020-12-16,645.5199700279832,645.8646697858858,637.4928059762327,638.9209594726562,2540833
2020-12-17,641.1862063248481,651.232453838663,640.4475125387595,644.6826782226562,4660373
2020-12-18,646.4062880165349,646.4062880165349,630.3520219797488,644.2394409179688,2540821
2020-12-21,636.261634971941,643.3038737084437,608.092800256049,619.7149047851562,3004002
2020-12-22,620.5027840597587,633.553041026095,611.2444645055438,631.5831909179688,3085304
2020-12-23,631.5832123483366,640.1028384010854,624.1962741922157,638.8223876953125,2940595
2020-12-24,641.8756580530928,653.5962299137185,639.2163484325968,647.3419799804688,3776278
2020-12-28,651.8726646735163,669.7490795939971,647.7852615067939,668.4686889648438,5624012
2020-12-29,672.7038284509591,676.0033034171047,660.0475652413522,663.0515747070312,4102480
2020-12-30,668.7641568906089,668.7641568906089,656.9450554433522,665.513916015625,2886107
2020-12-31,666.4988769405279,668.7641928165997,659.4566379038718,666.3018798828125,2959814
2021-01-01,666.3018968851379,670.5370632163101,664.8245090871663,668.1732788085938,1264311
2021-01-04,670.0938280333805,687.0837875371209,670.0938280333805,685.3601684570312,5031655
2021-01-05,680.6817176814151,704.2214517944122,679.8445553861441,702.9902954101562,6955494
2021-01-06,702.251603292274,709.6385416158253,694.7661965037653,708.2103881835938,3582162
2021-01-07,709.1459506340576,712.8886533505057,691.9097643339243,693.6826171875,3284785
2021-01-08,704.6154280936494,711.0666753612614,697.4254268990775,706.1912841796875,2841346
2021-01-11,710.0325519891162,719.9802717802754,704.9109292776536,714.169189453125,3216546
2021-01-12,716.0405219389265,716.0405219389265,703.4334931355025,707.5701904296875,1607350
2021-01-13,707.6194865764221,713.7752687685842,697.8687035380133,702.4978637695312,2639680
2021-01-14,702.2516104940057,707.7179328864803,691.9591309679612,696.2435913085938,1995368
2021-01-15,697.720958434245,706.1912901698975,691.6144108477004,694.2244262695312,2417123
2021-01-18,692.4023294593153,698.6073454243464,678.6133783747771,683.48876953125,2381523
2021-01-19,684.5229978602964,690.974245745176,683.2426071534982,688.0194702148438,2016585
2021-01-20,689.4475474061123,701.1188854126079,689.4475474061123,692.3530883789062,2495461
2021-01-21,699.2967904830813,701.1681721374382,688.4626148558787,689.9400024414062,2254977
2021-01-22,692.106940995816,698.1149605910803,673.7872964467809,677.03759765625,2644349
2021-01-25,684.5230112577746,688.9551746400191,655.6154807996046,670.1431274414062,3532317
2021-01-27,674.6736431263515,684.5228933909699,662.9037770371222,672.5560302734375,3629780
2021-01-28,669.2566037305581,672.7530758035637,659.9982837683216,661.6726684570312,1964058
2021-01-29,663.494814581419,674.6244561367494,658.0777265565623,667.72998046875,4598451
2021-02-01,668.0746461325234,702.5470227143363,658.4223927126266,688.5118408203125,8383807
2021-02-02,699.7892582962512,701.2666458929357,664.3319559758219,670.783203125,6702065
2021-02-03,674.6736664921161,684.5229170978404,668.7641161286815,678.8103637695312,2902411
2021-02-04,674.9199905962446,680.2386107009634,667.9270457502839,670.1431274414062,3379697
2021-02-05,672.3099162710745,674.6245265559713,662.2637273411,671.2757568359375,2759333
2021-02-08,675.5109515528485,680.9773347248367,667.0406185380739,673.7380981445312,3887493
2021-02-09,678.3178840408906,699.4937723062956,677.5791902641904,694.273681640625,7331068
2021-02-10,699.3460621953323,712.9873110351917,699.2968279628535,708.2103881835938,8514545
2021-02-11,710.1309498914366,715.4988033526002,699.5922399990245,703.4334716796875,3044979
2021-02-12,703.1872580879626,709.1460426735277,697.5731732271195,700.2324829101562,1760221
2021-02-15,702.744047832249,706.5359853617753,683.7350057232877,684.7691650390625,3871100
2021-02-16,685.9018341486025,693.3872405402308,676.594280331408,684.8676147460938,3066134
2021-02-17,685.5078494981158,700.7741881004445,682.5530742847618,692.5007934570312,3533494
2021-02-18,692.8948074563068,705.157136967351,691.4174198071462,702.69482421875,2949918
2021-02-19,704.5169385725671,712.5441024862745,692.5008398764586,699.9370727539062,3787638
2021-02-22,700.2817666965096,702.8918423342994,677.6777229636738,680.1892700195312,3110151
2021-02-23,683.0455474305082,702.1038238066634,679.7460724370324,695.0616455078125,4693570
2021-02-24,701.3158672649361,710.6234209764114,686.4927573396517,707.964111328125,2362499
2021-02-25,713.0858376469836,732.7843414493865,710.1310620766232,722.442626953125,5635556
2021-02-26,715.0063605937178,719.8817516723456,683.4887586180134,690.0877685546875,13122512
2021-03-01,700.5771928757947,702.7440400608716,689.5953143734495,694.618408203125,2210665
2021-03-02,704.172233037176,716.8284968994425,695.6033723914309,709.9340209960938,2446910
2021-03-03,713.0857821225301,720.4727204732469,710.229475247563,716.5330200195312,1714037
2021-03-04,710.1309512877613,717.5178890612124,702.2515509960801,709.6384887695312,2122634
2021-03-05,712.1008806251906,713.8244996308532,700.5772443928912,706.4375610351562,2140241
2021-03-08,711.0174763772678,725.8405875812753,704.2214689248366,712.0516357421875,3203722
2021-03-09,720.965167165989,734.7541184505844,720.965167165989,729.0415649414062,5412952
2021-03-10,731.9471154976959,734.7541279996608,714.1691692683926,720.324951171875,2422642
2021-03-12,728.6475433806913,728.6475433806913,699.2967887761944,700.084716796875,3271450
2021-03-15,701.2666721794634,704.2214474835903,685.0154080067651,693.5350341796875,2394116
2021-03-16,697.0315250116805,699.8877718134479,689.4475895041234,692.4515991210938,1619213
2021-03-17,695.8495669627258,696.4404979629563,677.1359904980524,679.4013061523438,2100094
2021-03-18,684.6213632974286,688.7088262119224,664.9228627264762,670.586181640625,2124421
2021-03-19,669.6998527216558,679.5983382337882,663.6917733725825,678.0717163085938,3146999
2021-03-22,679.0566355743862,684.2767266840488,668.0254622144024,669.601318359375,2585880
2021-03-23,673.5410099424921,679.0566266071773,670.3892976941664,673.2455444335938,2207365
2021-03-24,668.9611898743151,676.4958313826668,664.8737263582036,666.3018798828125,1735370
2021-03-25,666.3018571890813,667.3360165630368,652.0204426595296,656.945068359375,2743208
2021-03-26,662.2636172620234,666.5972513449104,656.501769741008,661.5741577148438,1761492
2021-03-30,665.3169302515704,682.8485856726413,664.8244676829164,677.3822631835938,3467882
2021-03-31,677.6284968422942,687.2807511987219,670.7340208569802,685.7048950195312,2368424
2021-04-01,689.2505809101242,693.7319781438227,672.014391461239,680.583251953125,3443437
2021-04-05,687.3792699641439,687.4777384307895,665.9078541102182,671.86669921875,2074674
2021-04-06,676.1017931744025,690.4816744453168,670.2907115003047,686.6405029296875,1427470
2021-04-07,693.8304962000924,694.3721929801152,684.7199390581548,689.2998046875,2890361
2021-04-08,689.4475789852511,695.3571296622675,686.788269157582,690.875732421875,1817393
2021-04-09,689.4475714269904,692.5993437765252,680.090782957624,684.3751831054688,1586783
2021-04-12,674.6736492852191,679.5982744624835,669.3550300477522,676.93896484375,3457470
2021-04-13,678.7612537372063,699.9863806532411,674.6737899418969,695.4556884765625,4171978
2021-04-15,702.3993113115014,702.9410080566264,677.6284226861814,683.981201171875,2566125
2021-04-16,684.030401498461,690.7278793677325,678.711782537982,680.2384643554688,2784995
2021-04-19,671.7681588882539,674.1320031969955,651.5771941442015,655.910888671875,4936620
2021-04-20,659.9982619546315,678.6133697275785,659.9982619546315,674.8706665039062,5373233
2021-04-22,661.8696447952484,672.5068234921611,661.8696447952484,668.8133544921875,2526780
2021-04-23,668.7641206997714,680.9772155803697,666.1540452253923,676.0032958984375,3140377
2021-04-26,682.5531008449442,697.4747402990495,676.8405472331785,693.8305053710938,3274660
2021-04-27,700.3309506598922,708.1611168961499,666.7942644488087,668.5178833007812,10860187
2021-04-28,672.2113534287766,672.2113534287766,661.0324780441515,662.4605712890625,4011121
2021-04-29,667.7791499969331,671.0786247008974,662.0173627929801,664.4796752929688,3939217
2021-04-30,659.8998265393827,667.7792274532858,650.7400349999821,655.0736694335938,2742166
2021-05-03,650.0504868550499,664.3318990662593,647.2434747078322,661.7711181640625,4908079
2021-05-04,666.7943155827965,670.5862533019038,655.467676544093,657.7822265625,4118750
2021-05-05,659.9491208370508,665.6124407593632,656.9451109882283,664.2335815429688,2249063
2021-05-06,661.8696654995366,669.6505978155689,658.9148902071279,661.6726684570312,2269126
2021-05-07,667.7792128955897,670.2415256275057,660.9339714778522,662.5098876953125,1913550
2021-05-10,660.1460251891524,675.6093607413984,660.1460251891524,669.7982788085938,4342679
2021-05-11,667.779287600384,671.2265258107105,659.8014175025111,661.1310424804688,2430724
2021-05-12,661.130912769462,663.7902223186959,655.0735999137099,658.7178344726562,2428984
2021-05-14,669.6506357082358,669.6506357082358,656.3541461400054,660.4907836914062,1580599
2021-05-17,661.4756449842189,665.1198797222565,652.85755072571,656.2555541992188,2453864
2021-05-18,659.5058439801696,662.6576164238562,655.9601375529343,656.6495971679688,1809231
2021-05-19,657.930058835268,661.4757656452401,654.975283121936,656.1079711914062,2252486
2021-05-20,658.9148876404494,668.764138576779,655.664646854472,657.4375,4316905
2021-05-21,658.9148488149106,664.7259305709588,656.944998743715,660.5892333984375,1629616
2021-05-24,660.5892243767265,663.1500053882866,657.2896894835038,660.14599609375,1785392
2021-05-25,663.5440265407013,663.8394920364009,647.1942344363505,649.21337890625,3425396
2021-05-26,653.4977451750249,656.3540517545914,647.2434953975921,648.5731201171875,1938680
2021-05-27,651.0847144952734,656.9450307657452,647.4404796629168,654.0394897460938,3565457
2021-05-28,654.9751954297401,664.2335154713114,652.759113941444,658.8656616210938,3030073
2021-05-31,660.5893231259475,660.5893231259475,652.4636904785654,655.8616943359375,3123672
2021-06-01,658.5209106501669,660.8355207493188,653.6455794021807,655.221435546875,1731330
2021-06-02,653.9902441279738,667.7299608280712,652.9068506008924,665.7108764648438,4979822
2021-06-03,669.5028638033057,672.9993360267104,666.4003255667993,668.2224731445312,2861563
2021-06-04,668.5179459622409,678.3671974681303,667.3852579930394,670.6355590820312,2532605
2021-06-07,672.0143814153097,674.1812286509319,664.8244402328401,669.8475341796875,1746210
2021-06-08,673.7380055601043,681.5681721621462,670.73399601506,679.3028564453125,3425861
2021-06-09,684.5229762733748,686.3943580962613,671.2264868061941,674.5752563476562,3041695
2021-06-10,678.6133878678138,681.2726976371866,673.9349936844,678.859619140625,2217208
2021-06-11,678.8596517052737,679.7461083759399,671.2757161158771,672.3098754882812,1716481
2021-06-14,672.3099195629349,674.673764096305,664.1350524005471,671.4235229492188,1151855
2021-06-15,671.0786901819152,683.5380166936069,670.0445308540213,682.10986328125,2613877
2021-06-16,685.7048770754895,687.5761987249259,679.5983293395716,681.7159423828125,3092360
2021-06-17,675.6093309358474,693.239452762493,672.0143305591436,689.7429809570312,3796926
2021-06-18,693.3872278687965,700.2817031459009,682.1590583714905,698.5088500976562,6580504
2021-06-21,696.5883383789063,709.1461345108696,693.9782625878065,707.9149780273438,6100487
2021-06-22,709.1460136357691,713.0857137115233,702.4977697579337,705.9450073242188,2451368
2021-06-23,710.1309379489943,712.7410132926086,705.5510125694605,706.929931640625,1893116
2021-06-24,704.2215044437089,711.5592090654706,701.315963136628,708.7521362304688,1652982
2021-06-25,711.1158817097579,720.4726696269915,707.4716470242455,715.00634765625,2833717
2021-06-28,717.0255024726602,717.0255024726602,683.7350447380129,685.7048950195312,7428147
2021-06-29,669.9953407904395,691.9099256233499,669.7983437352214,676.151123046875,30820343
2021-06-30,681.6039030840319,687.185176552358,676.6647443660316,677.9489135742188,3432606
2021-07-01,681.1100088043713,684.1722631896233,674.4915238539429,677.4056396484375,2556547
2021-07-02,680.9617418276181,681.6532360594056,670.5895092281862,679.13427734375,7942326
2021-07-05,681.6038623124716,682.5916939969824,668.515092492703,669.651123046875,6776797
2021-07-06,670.3426562010427,678.6404676959728,666.7864857274842,671.7750244140625,6442552
2021-07-07,671.7255676995403,677.4549796008379,669.7499042651299,676.8623046875,3025732
2021-07-08,676.9610926626251,680.9124197002502,670.1450896982013,673.009765625,3568036
2021-07-09,671.7255820069521,675.6275294315147,668.7620867922155,674.93603515625,2570371
2021-07-12,676.1707754614993,678.2946376606487,671.8242920135721,674.6396484375,1383135
2021-07-13,678.1465219996785,686.0985558291638,675.2324061685717,684.9625854492188,3119430
2021-07-14,687.5309308619281,688.5681421905107,679.6282764842048,680.1221923828125,2303846
2021-07-15,681.6038628877578,690.9882638985313,679.7269585686187,685.20947265625,2774718
2021-07-16,687.4814878229885,693.4578575855681,683.727739398824,689.5065307617188,2000951
2021-07-19,688.024798960343,688.024798960343,668.7620802529106,670.44140625,2866929
2021-07-20,670.4413865431388,673.2073032433867,653.8952055756748,655.376953125,3629414
2021-07-22,655.9203004909915,661.2546162083569,653.0555642182459,654.0433959960938,4062964
2021-07-23,654.0433919566663,659.8222439968657,653.7470544836355,657.2538452148438,2796725
2021-07-26,656.9080933485392,657.303250153253,652.3146517367107,655.0311889648438,2503714
2021-07-27,657.8959504599883,666.5888578670325,654.8336961288876,660.6124877929688,3512513
2021-07-28,666.2431701948653,666.2431701948653,653.1050193010071,656.7599487304688,2686658
2021-07-29,657.9453227197642,661.7978906482286,652.9567844582659,654.5867309570312,1981009
2021-07-30,656.4142018760464,663.822940046205,653.3025077275936,655.9696655273438,2640763
2021-08-02,660.8594444111608,663.2796442705617,657.3032742084456,662.1929931640625,2613866
2021-08-03,663.822928113212,666.7864233280031,658.4886126096021,665.6010131835938,2936646
2021-08-04,667.7741968517139,671.3798064990359,664.4649849340034,667.0827026367188,3077649
2021-08-05,669.7499638985483,669.7499638985483,660.069224266473,661.3533935546875,1985164
2021-08-06,661.8966600391601,667.2803552003056,660.859448747601,665.2059326171875,1749643
2021-08-09,665.9468103186123,669.7005589774166,657.89595729479,658.8837890625,1468932
2021-08-10,663.6748040662663,666.3419621187991,655.2288538103052,662.1436767578125,2024406
2021-08-11,661.452080174437,663.7241413114386,653.3024686744307,658.5380249023438,1361893
2021-08-12,658.3898700903866,667.6755127802907,657.3032792679891,666.737060546875,1822952
2021-08-13,666.786490830799,669.9475647717503,660.4643429488966,662.3412475585938,1358720
2021-08-16,661.8473349914453,667.2804101294348,657.896007618362,665.3541259765625,1058059
2021-08-17,664.8107477125494,668.3175382608614,659.9703481664534,661.2545776367188,2151413
2021-08-18,660.8100379642128,666.9346066571557,660.3655016338649,662.8844604492188,1968944
2021-08-20,655.9202606750067,666.5888311696617,648.0176069319343,659.723388671875,4035337
2021-08-23,661.8472753980586,664.6131922516769,654.2409588312595,660.661865234375,2173978
2021-08-24,662.8351398624612,667.231003444633,659.9704035165602,662.9338989257812,3051984
2021-08-25,666.8851983264457,683.5795792191601,664.8107757434896,679.1837158203125,7608915
2021-08-26,684.9624960666627,693.4578242121063,681.6038443110447,690.3461303710938,7671524
2021-08-27,691.827918660105,698.3970236930146,690.3461710850844,695.5322875976562,3396769
2021-08-30,700.3726726998952,704.521577882985,697.5079366635456,703.681884765625,3023655
2021-08-31,703.6819803846895,710.2510861749226,695.5323677825434,709.0162963867188,3854510
2021-09-01,711.2388867044608,715.7828888080857,698.6934109499304,709.8065185546875,4991772
2021-09-02,713.6591026901522,766.2117670036175,711.2389026988636,749.7643432617188,16281725
2021-09-03,729.9583066270794,738.6512142413698,718.3512832003511,725.4636840820312,15600504
2021-09-06,730.995453106748,734.699821956951,719.8329670299615,727.093505859375,8084343
2021-09-07,728.0319668773408,734.3541139088644,721.7098198458172,725.3154296875,2891731
2021-09-08,730.0076326567663,737.9102863255811,724.9202752404817,734.60107421875,3070612
2021-09-09,733.5144224853459,737.0706528085008,726.0563051507928,728.377685546875,2867987
2021-09-13,727.982623604826,733.6626561937281,714.6468949178385,725.9575805664062,2883674
2021-09-14,728.8222726264139,734.9468416990661,727.1429465479092,730.2052612304688,1974670
2021-09-15,731.8845558469664,742.8494639775213,730.9954831693693,737.2188110351562,3172198
2021-09-16,737.9103286369038,746.9983929356374,734.4529174585516,745.961181640625,3209102
2021-09-17,749.7642911645091,750.3569660919221,730.9954880918798,738.6511840820312,11661592
2021-09-20,730.0569855343747,737.8115003393132,718.1536259387243,721.2653198242188,1447672
2021-09-21,720.8208083242491,728.7234619766077,715.4371134650874,726.8465576171875,1850978
2021-09-22,724.4758432124605,731.0448882982091,722.1050228508202,724.1300659179688,1150957
2021-09-23,724.8215198675681,726.8959423491817,713.4120756337671,715.832275390625,2336977
2021-09-24,720.030576274925,722.4013362651468,711.9797235119148,716.96826171875,2219394
2021-09-27,720.5245570498989,721.3641899839023,709.5595876202968,712.2267456054688,1906863
2021-09-28,713.2145131815505,724.4263792648565,712.7205973136962,716.96826171875,2407512
2021-09-29,715.8816900563639,729.0198404338742,712.2267004780804,725.8093872070312,5200234
2021-09-30,730.995494855355,730.995494855355,711.9303541426204,713.6096801757812,3235673
2021-10-01,711.238830825979,721.6110637755245,705.6081780234474,720.5738525390625,1852758
2021-10-04,716.5731327495637,724.4263464588381,716.1779759561894,717.8079223632812,1615207
2021-10-05,715.3877152002854,726.9947374481673,713.2638529698587,724.2288208007812,2236948
2021-10-06,727.0441638314247,732.674816832634,715.1901828993906,716.8201293945312,1939154
2021-10-07,721.1171230482591,723.438503368485,710.5473120628952,716.523681640625,2453970
2021-10-08,720.1292951347854,722.5494948106715,711.535147455343,713.313232421875,1573419
2021-10-11,716.0792739333833,716.0792739333833,706.2009562369232,708.5717163085938,3007329
2021-10-12,708.176610054813,709.2138213402098,690.494397503893,694.8408813476562,3241303
2021-10-13,695.7298685289147,701.1629429904094,691.4822041902388,692.3712768554688,3092746
2021-10-14,693.9518144235631,694.1493928349171,684.567412662675,685.357666015625,4077281
2021-10-18,691.4822816739595,697.4586521927904,680.6655110664228,695.0384521484375,4597120
2021-10-19,699.3849063043464,700.4221176238467,690.0498838439094,694.2481689453125,2137420
2021-10-20,694.8408813476562,700.8666309427927,686.8394079478828,694.8408813476562,2606119
2021-10-21,698.3476482170714,702.348354634344,682.5917201861206,686.0985107421875,3427729
2021-10-22,691.4822313693223,693.4578948875204,669.7499326691436,682.3447875976562,3533890
2021-10-25,682.3447731930913,685.110690001686,668.2681709230927,674.93603515625,2786630
2021-10-26,676.6647817899147,686.5430997722492,675.7757090545174,681.6533203125,2616174
2021-10-27,681.5050955461966,691.4327918046541,679.9739082185692,685.406982421875,2103049
2021-10-28,685.407033069857,687.2345579760351,671.9231659080147,674.787841796875,1471621
2021-10-29,674.1951479451079,680.6160541160137,667.2803259149017,672.1701049804688,2021722
2021-11-01,672.1701085343893,685.0119209440985,672.0712891865287,681.4063110351562,1575508
2021-11-02,685.5551672670756,689.1607769179567,682.8386302209884,684.2216186523438,1898373
2021-11-03,686.5924528678913,690.0004844990714,677.4550090860496,683.8759155273438,1256308
2021-11-04,691.3834363677325,691.3834363677325,686.5430368827969,687.926025390625,409164
2021-11-08,693.9518141653289,696.3720140454664,683.5795806439966,694.6926879882812,2429656
2021-11-09,701.064212989559,701.3111709298616,690.2968226753786,697.853759765625,2647708
2021-11-10,696.9153054487764,699.3848848444135,692.0749057163415,697.9031372070312,2077910
2021-11-11,697.4091890489757,698.2982617072414,691.6303976476372,694.050537109375,1102633
2021-11-12,700.2245197752204,713.2145315513484,696.2238132010502,711.83154296875,5345270
2021-11-15,715.1407421751318,715.1407421751318,702.5458885126037,705.9044799804688,1917369
2021-11-16,709.2631706704168,710.6461591870379,702.5953066007437,704.9166870117188,1900114
2021-11-17,705.5093989918612,713.609630838723,699.7799872976041,702.397705078125,2453920
2021-11-18,702.3977147436432,706.2996619977877,693.7541874115024,695.9274291992188,1708655
2021-11-22,698.2983073176408,701.1136037652627,675.9732729807025,680.4678955078125,2109072
2021-11-23,680.4185066076087,690.8895594756851,677.6525897284348,686.938232421875,2081366
2021-11-24,689.9017407129625,695.8781109359777,674.5409082678383,678.8380126953125,2093430
2021-11-25,681.6038671195154,686.0491097311644,677.1586245078664,680.41845703125,1943112
2021-11-26,676.6647412205939,680.6160681766265,658.9825289753619,662.4893798828125,2236662
2021-11-29,661.4520929140949,677.6525571734185,650.7835224398282,675.3311767578125,4901166
2021-11-30,673.701218201853,681.3569138632377,664.465015940264,672.5158081054688,11535239
2021-12-01,671.7255378632619,686.5430129631868,669.7992540417796,685.406982421875,3209799
2021-12-02,687.530829071704,698.1500193195787,685.5551657697738,696.7176513671875,2331496
2021-12-03,698.6440663087621,698.6440663087621,679.776502350109,682.5424194335938,1878712
2021-12-06,682.591755722358,685.3082931004137,674.1951856447314,675.87451171875,1393577
2021-12-07,679.6282312198681,687.7284634760396,675.5287054174719,685.9503784179688,2459318
2021-12-08,689.6053125998386,690.3461864037888,676.3684034780741,678.0477294921875,3678237
2021-12-09,681.5051445478371,681.9002410701004,672.9109963134514,674.8372802734375,1650779
2021-12-10,676.5659234743564,677.6525141760222,671.9724821694448,676.417724609375,1011025
2021-12-13,676.6647795304166,680.0234317501826,664.8107979911977,666.1937866210938,2026297
2021-12-14,669.7499638985483,669.7499638985483,657.5502652218086,661.3533935546875,2093071
2021-12-15,661.847240387178,667.0827363496587,657.006840930048,664.6625366210938,1981529
2021-12-16,665.9962150974337,669.206668464204,659.822266315183,661.3533935546875,1404782
2021-12-17,658.8838266497387,661.7979425892172,646.4371697835381,648.6103515625,2377387
2021-12-20,646.0419903781001,646.0419903781001,619.3705320597381,625.8901977539062,2473370
2021-12-21,632.2123287671233,636.1142762922261,625.2975064212329,630.9775390625,1640601
2021-12-22,632.2616639693142,635.4721169762518,628.2609576653152,632.113525390625,1212183
2021-12-23,633.2495331986227,636.75632386326,629.0512482483961,632.7062377929688,2150523
2021-12-24,633.3977318803492,635.1758169766897,626.4335300824104,629.5945434570312,1183083
2021-12-27,627.2731314417252,634.5336703422154,622.4327319797569,631.96533203125,1185438
2021-12-28,633.9410185668321,635.8179229881061,631.2244812843097,634.4843139648438,1217603
2021-12-29,637.1514379021362,638.8801433538086,631.3232068337988,636.9044799804688,1505964
2021-12-30,636.9045688369685,637.4972438146717,632.3111267361234,633.1014404296875,1280995
2021-12-31,637.4972126455818,647.0298134027774,634.3361991957555,641.6461181640625,1592842
2022-01-03,646.0419447104991,646.684059445316,638.4356284100021,642.5845336914062,1892087
2022-01-04,644.4614577305681,647.0297961632376,641.1521851930327,645.2023315429688,2293391
2022-01-05,647.0297801697702,650.2402332774828,642.7327362810481,645.597412109375,3326875
2022-01-06,643.078467393981,644.0169196122655,637.0527178533583,639.0283813476562,2548339
2022-01-07,639.1271092508981,654.8830369083887,638.1392775519014,652.2652587890625,2168995
2022-01-10,657.895870038897,661.5508591531602,651.9688802187267,654.8829956054688,1480419
2022-01-11,654.8830597542917,657.7971754264848,648.2645750816321,650.1414794921875,1484964
2022-01-12,650.2896422354806,666.0455710279689,650.2896422354806,665.0577392578125,2091488
2022-01-13,665.6998441299627,668.1694235186441,660.2667694748634,662.1929931640625,1807858
2022-01-14,659.8716313743877,666.6382549743387,658.0935462225908,663.2796630859375,1292789
2022-01-17,662.8351440625194,667.3297667364914,659.87164863452,665.9468383789062,1255654
2022-01-18,669.749917491704,670.5401708225819,658.636810453678,660.9581909179688,979679
2022-01-19,656.9081229463258,659.278943296502,644.3132679575052,648.0670166015625,1945857
2022-01-20,646.6345992671157,652.561589398959,639.6703979206922,641.5473022460938,1429228
2022-01-21,637.1514437818598,639.0777276471346,625.6431804089701,633.6446533203125,2963518
2022-01-24,632.0641350040838,632.0641350040838,611.5666257413469,619.9631958007812,2628472
2022-01-25,619.5680973281302,625.7914254118543,609.4922012298565,623.124267578125,1827902
2022-01-27,618.1851034752144,618.2839228267139,609.6403949249562,613.9374389648438,1914985
2022-01-28,613.7892198989969,625.1987245880812,611.5172189837441,612.9002075195312,1317526
2022-01-31,617.8887291224617,619.8643925249315,607.9610325835429,614.8758544921875,4374943
2022-02-01,618.6296079388941,630.7799259045905,610.0848395366053,616.3082275390625,4159628
2022-02-02,616.5057543292432,637.9417147810755,616.5057543292432,636.3118286132812,2989002
2022-02-03,638.1887467266139,639.4235365238144,623.3712691602078,626.6805419921875,2076930
2022-02-04,629.2488426928397,629.2488426928397,614.5301250811539,616.7527465820312,1909456
2022-02-07,612.5544252219632,616.1106555880882,592.6990317745027,595.9094848632812,3030728
2022-02-08,599.0212269847501,600.453534859216,586.7720885611002,593.1436157226562,1954492
2022-02-09,599.366892109635,599.366892109635,588.8464602448664,592.8966064453125,2644690
2022-02-10,592.8966159365533,604.0591024182506,583.2652565766548,598.8729858398438,6231536
2022-02-11,593.3905267017022,594.1807800197945,585.7842103935797,588.1055908203125,2557745
2022-02-14,580.8450621484222,582.6231472189551,548.2466147829496,550.5186157226562,7168038
2022-02-15,557.137079050533,567.5093119051971,544.88794184804,566.6202392578125,4282324
2022-02-16,569.9789457588085,585.6854954175029,569.2874514437618,579.2151489257812,6991082
2022-02-17,578.9681320712243,588.1550150647064,574.1771724695385,585.3890380859375,3542326
2022-02-18,582.8207030997844,590.2294408510529,580.3017443228456,583.7591552734375,2613689
2022-02-21,576.4492180071311,582.2280700439492,569.5343956089486,574.9180908203125,2415405
2022-02-22,569.9789246218218,569.9789246218218,558.1249435205015,565.7806396484375,2952243
2022-02-23,565.7805382259421,570.9666540281005,558.6187592610568,562.1255493164062,1929381
2022-02-24,552.1979079354634,553.1857396133444,522.6123371244362,526.4649047851562,5515851
2022-02-25,533.4291812138124,538.9116357400161,527.3539914218896,532.3425903320312,5087685
2022-02-28,525.5265260859376,526.0204419939131,513.9195022485131,516.8336181640625,10669560
2022-03-02,511.6968278805291,556.1492550130075,502.8557219812436,553.9760131835938,41081069
2022-03-03,553.9266621993638,556.6431995529942,523.7977933681902,525.279541015625,5811568
2022-03-04,522.464214597701,522.464214597701,507.99245595520546,515.1542358398438,4687979
2022-03-07,498.8550386551949,513.6725150508937,491.9402163372021,497.373291015625,9156126
2022-03-08,493.91584583569625,508.6839416846759,491.0017302867733,506.8070373535156,7443036
2022-03-09,510.7090433299794,516.6360341616619,501.8185570824556,508.4370422363281,4515965
2022-03-10,517.6238227491251,523.3038551552463,509.5729700912898,514.9566650390625,5059007
2022-03-11,512.2401026283104,517.8213757048558,508.48635432461975,512.487060546875,2924919
2022-03-14,513.6725035466374,514.8085341618513,503.84356569912705,506.2143859863281,4517379
2022-03-15,506.21438119661764,513.4749202822181,496.6324013741678,498.5586853027344,4513513
2022-03-16,500.8800653693184,515.0060470140456,500.8800653693184,511.0053405761719,6339842
2022-03-17,516.6360143900894,526.415573005091,514.1664349713988,523.6990356445312,11303983
2022-03-21,526.3168127063911,527.7985605238599,513.9195346920642,515.9939575195312,4064003
2022-03-22,517.129962450636,524.0447852532233,510.21513964804865,522.859375,3457606
2022-03-23,525.4277241784794,527.5021467058424,517.7720282290968,519.4512939453125,2654149
2022-03-24,517.6239042357361,519.599567992361,512.6847448441737,515.9939575195312,3192575
2022-03-25,517.7225270785979,521.5750945072822,511.54857946369157,513.2279052734375,2874297
2022-03-28,509.8199293493615,514.3639914615675,498.9538105164617,506.3625183105469,4968964
2022-03-29,510.7090563801461,519.303205364186,508.1407177377756,516.6360473632812,3428962
2022-03-30,519.5995256297577,536.7383832041703,519.5995256297577,535.701171875,6695548
2022-03-31,536.3432012689461,543.5543601861176,527.4033369808965,531.6510009765625,5976662
2022-04-01,531.4534998259941,544.6904698494277,529.8729930884798,543.6531982421875,3675121
2022-04-04,553.1857608969585,590.2788297700388,547.0611921999639,564.8421630859375,23976331
2022-04-05,565.0397642981263,568.6453743236583,560.1006055192966,562.7183837890625,4898169
2022-04-06,560.1005905756926,561.0884223051031,547.011820161005,549.0862426757812,5626902
2022-04-07,553.1858298859571,553.729125338958,546.122808119532,552.197998046875,3159512
2022-04-08,552.1485160595474,559.9523499647737,547.0611589152707,557.9273071289062,3232920
2022-04-11,558.0755886008145,564.7434532643434,553.7784840866149,560.4957885742188,3034500
2022-04-12,559.6066689511885,565.829996723927,553.6302991082607,555.457763671875,4518691
2022-04-13,558.1249444864781,561.8293135870521,555.1614492060189,557.9767456054688,2313264
2022-04-18,553.6797013517752,569.8307265070486,548.4935846129762,567.311767578125,5765896
2022-04-19,569.880201501872,572.8436969640919,535.4048468410596,540.0476684570312,2958108
2022-04-20,541.3317764439213,553.926630731622,534.4169544820463,552.4942626953125,3278202
2022-04-21,553.6797093788033,568.6947644035015,550.2716776996912,564.0025634765625,3111307
2022-04-22,561.9775040992059,561.9775040992059,545.2831234842422,547.3081665039062,2703271
2022-04-25,545.283056640625,545.283056640625,529.4777506510417,533.4290771484375,3225681
2022-04-26,534.5157132745397,549.2344298460318,531.4040795686955,543.1592407226562,4153518
2022-04-27,545.2830664756576,551.6545926261203,530.7125497537085,540.9860229492188,4744055
2022-04-28,544.1965317718025,568.3489696735363,539.8500479821333,564.4470825195312,14954957
2022-04-29,568.3489703854486,586.7720565472255,566.2251683091152,575.313232421875,8916828
2022-05-02,570.4234903215144,578.6224822799624,567.7069528460215,572.7942504882812,3025011
2022-05-04,563.3604562239775,573.485732043538,557.5322848545403,560.6932983398438,3587834
2022-05-05,563.5580124832027,570.3740756644027,556.6431902441449,562.817138671875,3860357
2022-05-06,548.2466453312339,566.7684914572891,548.2466453312339,559.0634155273438,3969111
2022-05-09,551.3582990275245,562.0762490801698,550.716184292082,556.9888916015625,2774773
2022-05-10,554.1736540749642,565.9288769147545,551.2101585986276,552.3955688476562,3953646
2022-05-11,552.6917988264744,568.6946833442848,552.6917988264744,556.6925048828125,4283207
2022-05-12,553.2844941887669,557.7791765207377,537.6767658629868,540.5908813476562,3079554
2022-05-13,548.2466863146491,558.9646379571448,541.3812427788811,544.0484008789062,3154166
2022-05-16,545.3818683503306,550.9631416838353,537.5780339398789,543.0111083984375,1260662
2022-05-17,543.1592907106897,550.0741133055678,535.898751103055,548.0984497070312,2057634
2022-05-18,548.2466541637074,551.7534450282427,540.887295125899,543.3074951171875,2377852
2022-05-19,535.8987288017704,540.7391285337404,519.0068298542216,522.2666625976562,3998270
2022-05-20,527.5021487803334,540.6896783828558,525.5264853017553,538.0719604492188,2607708
2022-05-23,537.3805207107564,549.4320812116608,536.0469718443632,544.4435424804688,3094798
2022-05-24,544.4434746718874,549.2344343799793,539.0104002310783,546.1721801757812,3835802
2022-05-25,550.9138025724437,564.5952487775262,549.8271514255351,562.175048828125,5339885
2022-05-26,561.1871756157503,573.9302289116695,556.2974568391999,571.01611328125,3444955
2022-05-27,574.918017158421,596.946650774556,570.3740157102349,590.8220825195312,8795852
2022-05-30,598.2803911759283,605.9360881043635,592.007622678437,601.4908447265625,5399271
2022-05-31,601.2925949616623,601.7878936395549,590.4950595990971,593.3182983398438,5609885
2022-06-01,593.3183727512551,603.2738653332189,591.0400106394596,601.4412841796875,4893225
2022-06-02,598.320789282231,603.8185923895088,585.6411555088998,602.1841430664062,5252011
2022-06-03,607.2361603773385,611.6443305669468,594.6555622544298,597.0330200195312,3679222
2022-06-06,596.2901190644001,608.7221043847231,595.3985572168399,600.4010620117188,3348790
2022-06-07,601.2926091798772,601.4412229712649,587.4737636476582,599.6085815429688,1652408
2022-06-08,596.6367785400232,603.1747574004995,590.445545032715,594.3088989257812,2129427
2022-06-09,589.9007624298711,601.1935971797865,586.4336714668073,599.21240234375,2320898
2022-06-10,596.14146328941,598.1226579566804,585.9878406196493,587.5232543945312,1988641
2022-06-13,576.0819290207756,584.4524894793009,574.1007341411848,576.5277099609375,2280937
2022-06-14,574.546521817295,579.1528241508556,564.7891611054232,567.0180053710938,4065780
2022-06-15,571.5746853438982,576.725803785871,565.7797148849697,574.298828125,2601467
2022-06-16,576.5276544195905,580.3414300108847,562.3126067124789,565.185302734375,2366283
2022-06-17,558.6969304124959,566.6217095672831,542.2530378508193,545.6210327148438,5050203
2022-06-20,545.8191660202519,553.19912872385,540.7175652386412,547.948974609375,1278783
2022-06-21,550.1778661038361,560.4800436476723,549.7816029262273,559.1427612304688,982122
2022-06-22,555.7251414742524,558.5483198801227,545.1752549783358,546.6116333007812,1215189
2022-06-23,547.89942970338,554.7345763464426,544.4819168431193,552.8524169921875,1592871
2022-06-24,552.9019392501389,559.9846740792107,552.9019392501389,556.1708984375,1021604
2022-06-27,558.9445907702155,567.1170194345563,551.3664963696833,552.7533569335938,2738127
2022-06-28,554.6850771635269,563.6499723645932,544.1847074824317,560.628662109375,2194297
2022-06-29,553.2486323050483,556.2699421976304,533.684334206526,536.1608276367188,4268386
2022-06-30,535.4178772527522,550.7721364524148,532.5451207018576,544.8285522460938,6228299
2022-07-01,544.7790413866448,561.9658817502933,535.4674018273457,560.13330078125,2052291
2022-07-04,560.1333825731106,570.0888756065655,557.8054421127221,568.900146484375,1488372
2022-07-05,575.5371132882136,575.7352448686908,557.9540087084102,559.5389404296875,2528269
2022-07-06,557.9540102105918,566.5227022838199,549.7815812993847,552.2085571289062,3309296
2022-07-07,558.4987614158032,560.3314027493007,546.0172592679182,549.38525390625,4548159
2022-07-08,552.7533718469831,553.5953554869734,538.3401911787108,540.2222900390625,3509988
2022-07-11,537.894366253796,543.936985962749,535.1207057392153,541.5100708007812,1848324
2022-07-12,541.411038539051,541.5101345634367,532.3966256899034,534.6749877929688,2088278
2022-07-13,537.3495816049046,540.6185409927722,533.486227489345,534.4273071289062,1169625
2022-07-14,535.7150705617182,538.3401778990233,527.5921596570338,532.0994262695312,1770641
2022-07-15,532.0498870607234,536.606671786059,528.9790590298903,534.8236083984375,1079168
2022-07-18,539.2812383787141,540.8166522269477,535.368366631672,537.646728515625,1543573
2022-07-19,535.913167329257,539.6774251738825,529.9695832183965,530.8611450195312,4654412
2022-07-20,534.9226095852387,536.0122425684049,517.0918559323974,520.2617797851562,9053768
2022-07-21,520.3608030010919,527.3445025905596,514.1695692407009,524.1250610351562,5528757
2022-07-22,525.0166779990508,531.9013427556326,523.5802995235912,529.9696655273438,2944287
2022-07-25,528.979011322007,530.9602061209658,521.0542321261717,521.7971801757812,3800562
2022-07-26,520.0636334297694,526.0072178118239,515.2096819999181,517.6366577148438,7812371
2022-07-27,520.0636785493481,527.5426774533747,515.1602089164854,516.3489379882812,8672870
2022-07-28,519.0731064806342,530.9602768580534,514.7640314033298,526.6016235351562,11504269
2022-07-29,534.9226551073076,554.7346052964672,529.1772016447061,550.2769165039062,14236016
2022-08-01,554.7345565849731,554.9326881617214,539.2812609788991,540.9157104492188,4482787
2022-08-02,539.8755897231531,539.8755897231531,529.622930689982,533.4367065429688,5856552
2022-08-03,534.9226477550212,535.46746428548,521.5495815611456,530.3163452148438,4152018
2022-08-04,531.257405635805,534.3282940381631,524.4223194394673,529.87060546875,4868831
2022-08-05,532.5451774844761,540.4204394898042,531.5050622297207,534.1796875,5466554
2022-08-08,535.9131637168141,538.2906215296382,530.7620454298711,531.703125,2560379
2022-08-10,533.337654494954,538.8354578711685,531.9507939760593,535.8141479492188,3597072
2022-08-11,538.5383598930915,540.3709411000303,534.1797066694618,536.4580688476562,2333537
2022-08-12,536.9038361706457,543.1941060076933,535.0712550102917,539.8261108398438,2904816
2022-08-16,542.5502186555121,567.5132857147078,540.8661909504092,565.23486328125,9780995
2022-08-17,566.6216926214101,586.1364727987012,564.6404978919646,583.8085327148438,8775717
2022-08-18,584.650605394541,593.3183327605102,577.5182919268614,581.2330322265625,7123366
2022-08-19,580.9853877618933,588.811131576953,568.4047884154605,571.22802734375,3992396
2022-08-22,571.2279951418332,571.2279951418332,560.2818458813299,561.322021484375,2575136
2022-08-23,554.7345701370937,565.9283091922489,554.7345701370937,560.529541015625,2725513
2022-08-24,562.5602681915573,568.8505372795372,557.8549307042646,561.322021484375,3475352
2022-08-25,564.1452501009236,574.2988740052862,563.0060388442187,565.6806640625,2146845
2022-08-26,569.4944815164238,576.0324003105052,559.0436303558771,561.5697021484375,4009744
2022-08-29,549.7815921802754,559.6875668141543,548.8900302787179,555.6756591796875,2582228
2022-08-30,558.2016245198337,571.0793904803622,556.8643422392082,569.7916259765625,3057037
2022-09-01,571.4261130194752,575.5371166083285,563.6994650264539,570.1878662109375,3491926
2022-09-02,569.593560097945,580.5891681170658,565.8788194886106,569.4449462890625,3282784
2022-09-05,568.6029715655876,573.4073453115539,564.6900993031514,568.2562866210938,1218242
2022-09-06,570.9804229489491,575.339015670387,566.2750848258903,568.107666015625,3339197
2022-09-07,564.6405431901344,573.0606214657768,563.5509101860298,571.5252075195312,3210212
2022-09-08,574.3978417679347,580.4900395759762,572.5652608786933,578.8555297851562,2397242
2022-09-09,580.49009910066,583.362855857509,569.5935272745385,570.5346069335938,1230807
2022-09-12,572.5652909500755,578.5088752851973,567.4141724340499,573.110107421875,2014300
2022-09-13,599.3114484613433,600.2030103377768,579.4994997518774,581.5302124023438,10170913
2022-09-14,574.5464908198927,580.6882067795312,569.6430216077109,570.9307861328125,3032306
2022-09-15,572.9615655421659,577.9145525870972,560.7771690426206,561.4210815429688,2651988
2022-09-16,562.659389110368,563.5013728144919,539.776610674368,541.6091918945312,7125860
2022-09-19,544.8285703786273,551.7627521834462,537.8943885738084,542.9464111328125,4657454
2022-09-20,545.6210789535529,559.2417942801321,542.0549522161937,554.4869384765625,8499419
2022-09-21,552.7533730390215,556.5176312291122,544.3332947758823,546.2154541015625,2075187
2022-09-22,539.9746604942018,546.2649907495189,535.0216731095136,540.6680908203125,3493307
2022-09-23,537.646705708272,539.8755497208812,532.0498065587703,534.3777465820312,2118150
2022-09-26,529.9695956769713,531.4059739631152,515.1106350505141,517.8347778320312,3974804
2022-09-27,520.4599033024322,521.9457994171578,510.40531540828107,515.95263671875,2994372
2022-09-28,513.476147659025,515.3583069385504,505.20468339963617,509.61285400390625,3564554
2022-09-29,513.1294268983784,524.7689457517682,512.1388295491537,523.035400390625,5428542
2022-09-30,521.0542318263497,527.3940793638768,516.5965435312573,525.46240234375,3216079
2022-10-03,525.5614308108127,525.5614308108127,513.1789634914492,513.8228759765625,2951085
2022-10-04,517.2899784956679,528.0874539649764,517.2899784956679,526.9483032226562,2257640
2022-10-06,529.9695936267615,534.1301146783275,523.8278778326655,524.669921875,3033739
2022-10-07,524.9671285937004,528.4837374347045,520.9552210297021,521.896240234375,2762228
2022-10-10,520.8561389910453,529.4743490947577,515.1106857423274,528.1865844726562,2979552
2022-10-11,528.9790100028512,529.9696073998603,516.3984109685824,517.6366577148438,2358152
2022-10-12,515.209736839546,523.629815610368,515.209736839546,521.6486206054688,1768526
2022-10-13,520.0636522854332,521.0542497183579,513.1294702549608,515.7545776367188,1463375
2022-10-14,529.3752934394073,529.3752934394073,516.8937294818603,518.0824584960938,2214367
2022-10-17,517.0918330008204,520.9551869721146,513.7237777201401,518.8253784179688,1486039
2022-10-18,521.153281881669,527.3940940374487,518.8254021139705,526.2548828125,2757284
2022-10-19,528.1865729669439,530.3658994514042,524.323218723525,526.5520629882812,2135162
2022-10-20,526.007270250418,532.9414527207624,522.044880267364,532.1489868164062,2285817
2022-10-21,534.8235355636006,543.1445170597341,531.6536119388174,536.854248046875,4221644
2022-10-24,541.6587057693339,541.8568373633668,534.6254876407174,536.4580688476562,389166
2022-10-25,539.2316796682761,539.6774605981044,526.5025270464854,528.4342041015625,2362781
2022-10-27,527.9884033203125,532.8918724415254,524.6699262831996,527.9884033203125,4849578
2022-10-28,527.691251157795,531.4555092146855,523.3325983795422,525.1156616210938,1207153
2022-10-31,527.7902532946314,536.2103307266668,527.0968230609168,535.3683471679688,1625350
2022-11-01,537.9439134496738,545.7201394244441,534.8235678730931,539.4298095703125,2726938
2022-11-02,540.7175545989643,542.995976937386,535.0711979133542,537.1514282226562,1479779
2022-11-03,535.3189240208317,543.144608152481,533.0900796007138,540.2719116210938,1782757
2022-11-04,540.2718676692226,541.7577638284215,531.4555262734681,534.2291870117188,1514523
2022-11-07,534.9226561589028,538.3897474488216,529.672501440709,530.9602661132812,2976001
2022-11-09,531.7031702526758,533.1395486176195,525.9081994749511,526.7501831054688,2253327
2022-11-10,526.7502334240878,529.4743766152797,522.0448951847566,523.2831420898438,1377280
2022-11-11,529.9696348283582,547.8003888973496,527.443623427505,537.5477294921875,6425663
2022-11-14,539.8755844412392,540.0737160140216,531.3068927238576,533.7833862304688,2050388
2022-11-15,534.7244904122604,535.8637016621262,525.1652613144975,527.889404296875,2529334
2022-11-16,522.1438630535858,527.1464282705454,520.6579669601366,523.1344604492188,2993826
2022-11-17,523.5802758449954,530.5144580710114,520.1131847319874,526.2053833007812,2836626
2022-11-18,527.9884413844893,529.7219869237442,523.0849719097715,526.5520629882812,1947066
2022-11-21,526.502498847171,529.8705540685168,523.5802245317775,527.344482421875,2063314
2022-11-22,528.7809093775046,535.5169599791327,527.2950131950305,534.8731079101562,2913409
2022-11-23,537.5476845593453,543.9369891976451,535.9131747218061,542.5006713867188,5516902
2022-11-24,546.7107636218975,568.1571624036953,544.9276398207603,567.1665649414062,10593189
2022-11-25,569.593505946506,584.4524669711974,568.6029085448598,581.0844116210938,9556330
2022-11-28,579.2023476972896,587.4242945335831,576.6763362633033,580.4901123046875,5799007
2022-11-29,578.0136087479866,581.9759985251794,577.0725290836494,579.3508911132812,3215187
2022-11-30,580.6882215794695,587.4242719650614,579.5490103582677,585.0468139648438,3502958
2022-12-01,585.0468265826194,595.2500286307775,583.560930415754,590.8418579101562,3187533
2022-12-02,589.3559774214696,589.3559774214696,581.4311976540374,584.3038940429688,2788220
2022-12-05,586.3345849645943,588.216683618538,579.301307631005,583.36279296875,2199625
2022-12-06,582.4712606890836,589.8017055013097,579.5985040964167,581.2825317382812,2751347
2022-12-07,585.3440630019453,585.3440630019453,574.645562070349,576.32958984375,2831232
2022-12-08,574.5465008624188,575.3389667023893,568.1076176630986,572.0700073242188,3171602
2022-12-09,575.537068012501,576.4286298238766,566.175910838117,574.1502075195312,3243513
2022-12-12,569.7917030953446,572.5653640469156,566.1759979787048,571.0794677734375,1747003
2022-12-13,572.7634465873322,578.3107680153677,571.8718847150944,576.8743896484375,3212182
2022-12-14,577.5182958239058,580.0443071524942,573.6549417016399,574.8931884765625,2800824
2022-12-15,577.4192540033256,581.7283285488097,570.7327214912704,574.74462890625,1991517
2022-12-16,573.754015502879,580.1928984831433,568.2066338892763,569.7916259765625,2787126
2022-12-19,569.5440358112185,581.2330740361808,568.801087697836,578.9547119140625,1960076
2022-12-20,577.5182512279931,579.4994459148816,573.1100809574135,574.3483276367188,2166279
2022-12-21,579.4994565813483,584.3534078380741,565.9282606341134,569.98974609375,2694392
2022-12-22,570.9803691416836,577.3201562648641,568.6029111821988,572.4166870117188,3424491
2022-12-23,569.5439758940724,573.5063654152609,558.8455362791169,560.13330078125,3234932
2022-12-26,557.2110926601176,565.3835220191327,557.2110926601176,563.9471435546875,1962030
2022-12-27,566.6217091707949,568.8010355290897,562.1145031219169,564.4423828125,1511387
2022-12-28,564.343379084438,566.3740917637023,561.0248413517801,562.8574829101562,1452719
2022-12-29,560.6781166196913,567.810429842089,553.8925487567685,565.631103515625,3393061
2022-12-30,566.6712341135964,567.6123137417219,559.8856660657634,560.92578125,1690896
2023-01-02,559.6875894644521,566.0274376712136,555.9728488264137,564.937744140625,841928
2023-01-03,564.6405463650981,594.358469857998,564.1452476402164,589.9998168945312,10096217
2023-01-04,593.3678818230445,604.1654183812946,589.405491961121,592.9716186523438,7722662
2023-01-05,594.3584468618596,606.6418789481785,592.3772520389867,603.7196044921875,5704967
2023-01-06,602.2831604045554,614.7646622415926,599.955280926312,605.8988647460938,5415866
2023-01-09,609.2669226027889,612.2387148214461,596.0919891923287,602.72900390625,3969535
2023-01-10,602.7785260284631,607.2857321669894,593.9126670866538,594.5565795898438,4073524
2023-01-11,594.3585137152824,599.8563178748939,588.7616135266203,594.2098999023438,3576811
2023-01-12,596.7854672947567,600.1039446870233,589.0092407559971,592.7735595703125,2358813
2023-01-13,593.8135965239161,601.8869286900937,590.7427084467769,598.8161010742188,3272285
2023-01-16,599.3115089047989,606.8400259891754,594.2099074130825,598.51904296875,2170216
2023-01-17,601.2926287419147,604.8587552385787,595.5471758478369,603.7196044921875,1807515
2023-01-18,604.264418457974,604.3139362360859,592.8230304958183,595.3985595703125,3291651
2023-01-19,595.497656837272,605.255017135223,595.1013936890103,599.55908203125,3615736
2023-01-20,602.2832521202108,602.679515286377,582.7189524008454,584.997314453125,4255202
2023-01-23,589.4054873421976,590.8418657481428,579.6976443488156,583.6600341796875,3884783
2023-01-24,585.4430310749756,589.1577711198676,582.6198528253632,584.0066528320312,2219052
2023-01-25,584.452542126569,586.1860878023682,574.645602404681,579.549072265625,1443501
2023-01-27,580.9358255832757,588.3157879023305,572.6147836933825,582.174072265625,3632289
2023-01-30,581.2826026519162,586.7804067011581,577.815511391513,582.4218139648438,2843943
2023-01-31,582.4218223158786,583.9572363752465,567.5628595582386,573.4073486328125,3073978
2023-02-01,577.4192638630627,579.1528093587524,497.6266230516548,510.8511047363281,22671272
2023-02-02,494.30813474609835,500.49936889872987,478.5080930963286,488.0673828125,17269387
2023-02-03,491.3363487206056,494.3081411523835,476.47738656171634,484.3031005859375,10593983
2023-02-06,482.4209251894205,485.1450679907981,469.2459920968291,477.5174560546875,7441590
2023-02-07,479.35007649256164,486.8786227893477,477.46794747602354,478.4090270996094,7117626
2023-02-08,480.24165069483007,505.5018866706359,478.9538860510631,503.7683410644531,10571918
2023-02-09,503.76836608492084,517.7853454384549,497.4780959002932,513.7734375,9516815
2023-02-10,514.9125148730687,523.4316887641071,513.4266187775552,517.6366577148438,7239045
2023-02-13,517.6366503559292,521.0542234192784,507.3344738502544,509.662353515625,3063664
2023-02-14,510.5539503346492,512.5846630165662,502.8767898601965,507.23541259765625,2233957
2023-02-15,505.9476516219879,515.110678107555,504.8579883721718,514.2191162109375,2497424
2023-02-16,514.1200664531267,517.0918587447633,507.8793147329436,509.76141357421875,1983991
2023-02-17,509.71193121386216,509.71193121386216,496.78464593920427,499.5087890625,4312084
2023-02-20,501.53947075572006,517.8348107027027,495.5463683482105,503.1739807128906,6129396
2023-02-21,506.09622752855745,509.95955150971815,495.3482392270276,496.3388366699219,2669387
2023-02-22,495.8930713687404,497.0322523484246,487.86922627124886,489.8009033203125,2728046
2023-02-23,489.8008849758386,490.2961836641626,481.5789086112808,482.2723388671875,4158416
2023-02-24,483.9068363798347,485.3927324997319,477.4679531936138,478.3099670410156,2436219
2023-02-27,478.30997940522485,486.28427669588643,473.5055757805712,484.10498046875,2587409
2023-02-28,486.2842706516663,487.0767667312941,479.99397094689004,484.2040100097656,3271808
2023-03-01,484.30306672348223,486.2347437613294,479.8453783874969,485.14508056640625,1591916
2023-03-02,485.39271977492336,486.63096650904305,477.1212255448771,478.2604064941406,2618651
2023-03-03,480.73692888857636,487.91876037860527,477.0717364734254,485.3432312011719,2983486
2023-03-06,487.3739320793202,492.079269838216,484.4021398105438,485.54132080078125,3007451
2023-03-08,485.3927350910357,491.6830347449749,483.41154025392945,490.5438537597656,5589817
2023-03-09,490.34575251222566,491.93071452606915,485.39276511311226,486.6310119628906,2336282
2023-03-10,482.9657557567791,486.5319124833623,479.6472786136393,485.640380859375,2383642
2023-03-13,485.3927136552188,490.84099921665495,472.8121149029223,474.4466247558594,2849642
2023-03-14,475.9325802896882,480.78650198665053,464.34257746393376,466.1256408691406,8530038
2023-03-15,468.60209805403326,473.95134831356427,460.72686669307336,462.31182861328125,6095528
2023-03-16,462.3118299947754,464.59019197832157,453.49548873434674,457.0616455078125,6790599
2023-03-17,459.6867172976151,472.8121330166448,459.63719951923076,466.81903076171875,7640040
2023-03-20,465.5807955914579,466.96762595773106,453.7926921321841,460.8754577636719,3937830
2023-03-21,462.60899753659453,479.44915376383676,462.1136988240286,478.2109069824219,4363583
2023-03-22,478.45856008076345,493.8128202903946,478.45856008076345,492.772705078125,5604187
2023-03-23,492.7727022197389,500.25170070234196,489.50371257181826,493.8623352050781,4489138
2023-03-24,489.8504262355574,497.1808411280415,477.07172551032187,487.62158203125,6424544
2023-03-27,482.07422065722085,494.7538855680306,482.07422065722085,488.31500244140625,2412510
2023-03-28,490.79151636515104,493.812826481056,482.2723722894612,485.0955810546875,2494157
2023-03-29,486.68050199616636,493.3175168248182,482.12377803329593,491.28680419921875,3137010
2023-03-31,492.3268992515246,496.4874203515372,490.3457044859249,494.5062255859375,3459342
2023-04-03,497.32941830931225,503.7187837052011,496.53695247243274,498.96392822265625,2394944
2023-04-05,498.9639529727183,507.1363820222792,498.9639529727183,502.9758605957031,4270479
2023-04-06,501.34134824549847,512.0398182624662,500.4993344126311,509.81097412109375,2416882
2023-04-10,509.81095262580664,515.4077914014008,506.8391303319783,508.869873046875,2375216
2023-04-11,511.9407245107642,517.8843089140499,507.9288171307997,508.7212829589844,3671457
2023-04-12,509.1671053021438,513.5752761854382,504.75893441884944,512.1884155273438,1950603
2023-04-13,514.7639426968018,528.4836919586451,513.6247315474367,526.8491821289062,4153200
2023-04-17,537.3991172101511,537.3991172101511,524.3232187636593,528.3847045898438,3417617
2023-04-18,531.9508027734247,534.9225949676896,524.5213222877624,527.2949829101562,2514020
2023-04-19,527.4931521530419,527.9389331062706,518.4291611287206,519.8655395507812,1622301
2023-04-20,520.063585338026,526.6015033691995,517.884259173881,525.2642211914062,1561641
2023-04-21,530.9602377291449,536.1608743860069,506.59153420515037,508.4736633300781,4452849
2023-04-24,545.8191845578098,550.3263907772401,526.9978333661611,542.401611328125,23496385
2023-04-25,541.0148037655025,541.7081735887551,523.035436452926,524.7689819335938,6700461
2023-04-26,524.0260941378922,531.8518388208698,523.6298309408015,526.6016235351562,4165761
2023-04-27,525.1157154847727,525.1157154847727,511.19783257164465,512.9808959960938,7978904
2023-04-28,512.2379004174019,526.0072287054994,511.5940483727718,524.7689819335938,4031679
2023-05-02,525.0166470726441,540.7175924279501,524.570866129102,539.3803100585938,4239067
2023-05-03,538.8849807405591,542.6987565116613,530.0686397755544,533.6348266601562,2875460
2023-05-04,534.7244358774265,544.5808915734182,531.5049944993208,541.3614501953125,2312821
2023-05-05,537.894447972252,543.5903836551994,532.4461616668241,534.62548828125,2159574
2023-05-08,536.9038139004671,545.8191908840541,534.9226190152255,544.3828125,1970280
2023-05-09,547.3050949126829,552.2085644163718,544.4323381032935,546.8593139648438,1927306
2023-05-10,548.1966537509713,558.2016638249044,545.967809485477,557.3596801757812,3191516
2023-05-11,556.7652699473832,564.0461972889808,555.7746725235959,562.0650024414062,1620276
2023-05-12,562.0650117249103,563.6499434446405,553.3972841236088,555.3784790039062,1433810
2023-05-15,554.6355324377861,557.7558781060105,551.0693453667542,554.0411376953125,1984609
2023-05-16,556.9138829451357,558.2016475019549,548.7909719894996,554.2392578125,3027008
2023-05-17,556.715777539541,557.4587256412397,547.2060660223065,554.8336181640625,1395385
2023-05-18,558.6969955224944,563.4518514772395,554.0411751342187,556.27001953125,1745334
2023-05-19,559.5885264894173,559.5885264894173,549.7320697203464,552.3571166992188,1484899
2023-05-22,551.762787564932,563.8480887205473,549.2862939044071,561.6687622070312,1975841
2023-05-23,562.3621667818242,568.3552690737029,555.8737657805132,557.4091796875,3425506
2023-05-24,557.3100454085128,566.5721669157987,553.6448835793475,560.6781005859375,1529396
2023-05-25,560.6781621103601,568.305774641218,557.7558875124071,566.6712646484375,1307797
2023-05-26,566.6217086142366,573.4072765696033,563.996601339122,571.7728271484375,1467444
2023-05-29,571.8719231296323,582.9171094096274,569.593560977975,573.60546875,2794717
2023-05-30,570.5840812308376,583.4618469530614,565.6310944145977,579.6480712890625,2653926
2023-05-31,597.330282897729,598.0237132288366,578.7565800713071,586.7803955078125,10027475
2023-06-01,587.8700510543206,588.8606484744269,575.5371010817438,576.725830078125,1659264
2023-06-02,579.796626971643,580.490057220986,567.5627736703485,570.9803466796875,3192761
2023-06-05,572.6148194926067,575.4875761597641,567.6123146754171,568.7515258789062,2230529
2023-06-06,568.7515855505304,577.2706999669923,562.56035110215,574.2493896484375,3334157
2023-06-07,577.5183638861625,589.9008330946995,577.2211967174128,588.8607177734375,3440284
2023-06-08,588.8606123538233,591.7828866561388,584.2543104483716,588.3157958984375,1675907
2023-06-09,582.4218253347535,588.1177610880393,571.3271209926203,576.2305908203125,3023579
2023-06-12,580.4405652624993,585.4430700974744,575.9828769115032,578.9051513671875,3327440
2023-06-13,576.7753193621826,581.4806568752274,575.5370726482234,579.3013305664062,3288950
2023-06-14,579.301422883368,583.9077255778585,576.3296302962838,579.549072265625,5344073
2023-06-15,579.5489524479226,579.5489524479226,568.6028641074447,572.7138671875,2074065
2023-06-16,574.2543418509626,611.2260777078537,573.0616934696533,605.8095092773438,11422524
2023-06-19,606.2071488131779,625.1402393186039,598.4052827210152,622.7052612304688,7087287
2023-06-20,623.1524660449874,640.8929067231688,620.3696601469262,639.75,10400684
2023-06-21,641.0420320859679,655.9003052718676,636.1223950564397,638.557373046875,7689046
2023-06-22,638.5573801151091,651.7757542172742,633.339596075258,635.078857421875,4577233
2023-06-23,638.5077296228002,639.0543425114861,619.9721478346946,623.0531616210938,4159293
2023-06-26,616.1457848483398,628.4696577699447,612.9654090212528,626.382568359375,3749962
2023-06-27,637.0665953736047,669.8640956034471,633.1905029003743,663.1058349609375,30050877
2023-06-28,663.1058221227914,667.8266743372034,637.6131959007181,647.9494018554688,21909643
2023-06-30,647.9990582290563,653.4653079533813,634.5818998148044,647.2039794921875,8681796
2023-07-03,647.0052392494599,652.9684211780263,640.0978747167458,646.7070922851562,2795761
2023-07-04,650.3844004717456,653.2168876258814,640.6444881186235,643.02978515625,3340982
2023-07-05,643.0298030256984,671.8021687862531,641.0917567113476,669.466552734375,5871642
2023-07-06,670.4106926528877,673.5413873197348,655.4530573059305,657.0929565429688,4788193
2023-07-07,656.5463046392973,674.8334201112749,652.670272790555,654.0616455078125,5425784
2023-07-10,655.9499782986112,670.6094664499816,655.0057957431785,664.1493530273438,3676990
2023-07-11,666.882497135191,680.5978031259662,666.6340312271674,668.4229736328125,5004622
2023-07-12,671.7524866652042,673.342644291532,665.6402007590458,667.5782470703125,2912240
2023-07-13,671.8518354041585,686.6106865182398,671.8518354041585,676.423583984375,3997060
2023-07-14,679.653599013334,680.5977815660381,656.4965892512303,665.9382934570312,6273380
2023-07-17,668.8205493293068,670.7088538507944,658.0370924283052,663.05615234375,2439405
2023-07-18,662.9070666636298,662.9070666636298,649.3408033289775,652.5211791992188,5855926
2023-07-19,653.962253684174,656.3972316544839,645.0671622656162,655.0057983398438,4866371
2023-07-20,655.9500465484829,658.7825338488734,647.5518860931231,656.9935913085938,2754328
2023-07-21,658.4346818208863,658.4346818208863,629.761739186219,643.3279418945312,5964750
2023-07-24,649.5892188961051,656.1487549939125,642.085560915223,649.1420288085938,7781836
2023-07-25,649.1420452471204,655.9499867544906,646.0113505915438,647.80029296875,4754351
2023-07-26,647.9990573191127,655.9499659978748,644.0236029797315,654.5585327148438,1841832
2023-07-27,654.558537504444,664.1493454326272,653.167164871851,658.3849487304688,3364659
2023-07-28,658.9315799866524,660.3726943676163,650.4837392175928,655.2542724609375,1664766
2023-07-31,647.999098319587,650.9806892627753,640.4954399113544,642.8806762695312,3738008
2023-08-01,637.2156896267429,642.8309827309517,634.0849949329662,638.8058471679688,3370855
2023-08-02,638.8058503032627,640.9426813791055,633.0911344117904,638.9052124023438,2536221
2023-08-03,633.190468277974,637.0168794919372,625.2395595660955,628.8175048828125,2670399
2023-08-04,632.0475688060977,640.2966245572884,631.2524900579023,638.2592163085938,2032172
2023-08-07,641.0420558387024,645.7629081879021,635.3273398370395,644.8187255859375,1676683
2023-08-08,646.0113249550617,650.8315390385559,638.1597784336681,641.4892578125,3542734
2023-08-09,642.035882018984,647.9990635857238,639.2033950390305,641.8370971679688,2176168
2023-08-10,641.0420107841492,647.5021240711212,634.1843277998851,636.0726928710938,1472754
2023-08-11,636.072726628187,637.9610917996133,628.1218175453347,629.7119750976562,1288176
2023-08-14,628.2212128737542,634.0850328967676,621.7610989022354,628.8672485351562,1927044
2023-08-16,623.2518894560699,625.9353335241618,615.8476535686611,621.3139038085938,1800138
2023-08-17,621.3138884324765,627.0782855016246,618.3819785169457,624.5439453125,1800092
2023-08-18,619.1770379301385,623.5997431903352,612.9653902783513,622.1089477539062,2392364
2023-08-21,621.1647999923456,625.4880827360423,619.17707263237,621.3139038085938,1207075
2023-08-22,621.1647847532763,650.0365118164839,620.3697059609168,631.9481811523438,8186967
2023-08-23,634.0849863446854,634.5819181521655,626.2334395222504,629.314453125,1544136
2023-08-24,631.1033675143116,633.5880264415332,624.6432543035352,626.6309814453125,1518585
2023-08-25,626.1340993797689,631.9481774669033,621.91017886808,624.4445190429688,1938963
2023-08-28,625.1402655756647,628.3703225917551,620.8169827568402,623.5003662109375,2531965
2023-08-29,624.5439752853902,632.0973151646161,622.208359186755,631.0040893554688,3656025
2023-08-30,632.5941952456291,636.0230368728004,630.2586399987587,633.1408081054688,1858995
2023-08-31,631.1034086537296,643.9242738181882,627.4261010696071,640.7935791015625,4473826
2023-09-01,640.7935280320156,644.023584590533,634.6315618497975,637.4143676757812,1271599
2023-09-04,641.0420123664734,641.8867721495303,630.1095129307661,636.1223754882812,1384829
2023-09-05,640.0481786822139,644.122995307091,632.0972696302609,637.0169067382812,3759460
2023-09-06,639.5512195767947,647.2039813448802,635.3769803705098,643.5763549804688,2898323
2023-09-07,644.0236635182717,653.7138343813939,639.1040261787156,652.719970703125,2349089
2023-09-08,655.1549107498955,656.7450682784086,648.9432631219205,653.4156494140625,1693851
2023-09-11,653.9622641819445,673.392285886837,652.3721066487902,664.5469360351562,4083029
2023-09-12,664.5469269667589,666.1867655265804,652.4714598432636,656.8941650390625,4061914
2023-09-13,651.9745409620331,654.9064508012275,638.756166821604,646.2101440429688,4423644
2023-09-14,646.3094718959942,651.3782125343205,639.0542799170842,641.4892578125,3735579
2023-09-15,637.2653803750295,642.8806735647014,636.3708788315873,640.9426879882812,6827895
2023-09-18,640.7438492646744,661.4658802264452,640.6444265123038,655.9002685546875,4012209
2023-09-20,655.3039551016882,655.3039551016882,641.7874341026067,644.222412109375,1596867
2023-09-21,642.0855732255774,649.8874389618738,637.4641438346063,640.296630859375,2420603
2023-09-22,639.4518590827903,651.9745160723716,638.3088916882327,645.4647216796875,1925717
2023-09-25,648.1978487442078,648.9929274880263,636.122381801584,638.1597900390625,2079256
2023-09-26,636.1223915644889,644.8683792019611,634.2340871015166,640.296630859375,1968753
2023-09-27,643.9242651548082,645.5641037352364,635.8739334177754,644.222412109375,1452570
2023-09-28,641.2408666242962,646.6574358813165,629.4635454701213,630.8052978515625,2418577
2023-09-29,631.650024365442,635.4764357763945,626.7801289250788,633.4887084960938,1830734
2023-10-03,630.5567940143117,633.5880659624784,624.6929743160572,629.6622924804688,3454441
2023-10-04,627.1279319317983,628.1217955323241,620.4193526282489,621.6616821289062,2357914
2023-10-05,622.1586370590506,623.8978984246311,616.096093134705,620.5187377929688,4050085
2023-10-06,620.7174942475928,632.2960293585681,618.9285519141279,627.028564453125,3713370
2023-10-09,621.1647767580833,625.6868442007576,609.5862410550635,611.375244140625,3308557
2023-10-10,612.3193830094707,620.916328021842,611.3752610511823,617.4378051757812,4054232
2023-10-11,623.1028485040894,623.1525295561394,615.2016200881185,617.686279296875,3102088
2023-10-12,618.2328128892312,622.4567330023102,615.201541175498,620.81689453125,2810053
2023-10-13,619.4254808330573,629.1156508099886,610.7291744435039,621.4132080078125,5462771
2023-10-16,629.1156867377931,631.1034140260642,615.8476313528329,626.1837768554688,3399593
2023-10-17,628.6187742926917,641.9365717988736,626.6807279947632,637.8616943359375,4443295
2023-10-18,637.712573546587,644.4708335801613,633.8364814226018,641.0419921875,2187089
2023-10-19,635.078857421875,640.2966414617262,625.2893249637365,635.078857421875,3371397
2023-10-20,633.0414802624654,638.0107986401272,626.1341155853905,636.0230712890625,1853937
2023-10-23,634.0849687468763,640.7438669144296,617.9843664992361,621.4132080078125,2502483
2023-10-25,621.4132239898605,624.0966678769189,603.9709297149122,612.667236328125,2821496
2023-10-26,608.0954450350208,611.1764587212983,599.0016291079681,602.1322631835938,2011512
2023-10-27,602.3310183596811,611.8224035399847,602.3310183596811,604.9151000976562,1348147
2023-10-30,606.058033127515,614.2077270752004,597.0635793534411,603.8715209960938,1882245
2023-10-31,603.3745763248714,617.1893048358481,600.7408741418318,614.5555419921875,2661284
2023-11-01,617.9843784991835,620.1212095177857,613.1144832228421,616.2451171875,1947740
2023-11-02,618.1831998881203,622.9537333499874,614.2077452264604,615.499755859375,1651263
2023-11-03,618.1831696408511,621.1647604912089,615.7978726963164,618.2825317382812,1450553
2023-11-06,618.2825219481906,622.4567612047194,615.5991387538551,617.984375,1789823
2023-11-07,619.5746147148775,620.1709086320055,610.9279889527876,618.6304321289062,2747838
2023-11-08,620.1709090909092,621.0156689175693,613.7107954545455,614.953125,1332249
2023-11-09,614.9531491185141,621.1647970894082,609.4372178524852,617.5371704101562,2235630
2023-11-10,617.040232840077,627.624905148397,616.2451540393139,622.904052734375,2449660
2023-11-13,621.3138910726714,624.3451631023729,613.2138779825583,617.239013671875,2047300
2023-11-15,629.0659623165388,635.4763945113681,623.1524619095162,632.246337890625,2033627
2023-11-16,632.9917571080058,635.774563082276,628.1218011575676,631.0537109375,1753550
2023-11-17,628.9665653078415,655.9499867544906,628.1218054982395,647.80029296875,4306473
2023-11-20,650.9310076478557,651.1794735595726,643.5267113465699,648.3966674804688,2178344
2023-11-21,650.9806491420809,667.9260111593807,650.2352514522236,663.801513671875,5077816
2023-11-22,665.6401566681616,671.205768652277,661.2174514458196,664.3978271484375,2664154
2023-11-23,663.9505834516839,672.8456750396499,655.4530615785069,660.9193115234375,2184014
2023-11-24,661.9628936283145,668.124860592231,658.9813025806735,663.9009399414062,1511079
2023-11-28,663.9505511762374,672.5474953905145,663.9505511762374,669.1683349609375,1900825
2023-11-29,672.8456588842668,676.2745004449738,667.180624217962,671.5039672851562,1829510
2023-11-30,672.7463047115798,688.7474846358408,670.4106888218533,686.5112915039062,4637116
2023-12-01,689.7910523356361,690.7352349327767,675.876961272242,677.964111328125,2106753
2023-12-04,685.5671396417199,685.5671396417199,668.1248445635939,670.8082885742188,4817286
2023-12-05,674.8334128990442,677.1192871434555,663.6027658768843,668.6217651367188,4028068
2023-12-06,672.8456534514984,677.6161865727971,670.9076073101714,673.1934814453125,1627777
2023-12-07,676.7217771745319,681.4923105174688,671.4045703007461,674.1376953125,3853936
2023-12-08,676.2745392449186,679.8027431040503,662.9070608924,667.1309814453125,2713075
2023-12-11,666.9321157167891,670.3609570584775,663.1554464006956,668.3732299804688,1897948
2023-12-12,672.7463594625924,706.2395174582225,671.2058222067207,703.0094604492188,10749420
2023-12-13,702.164644254299,702.6615760619807,684.9708158406349,693.9155883789062,4757264
2023-12-14,697.6922358696991,699.679963037419,674.9327355350581,680.3493041992188,6251731
2023-12-15,683.7781348867028,683.7781348867028,659.1800115750082,668.9695434570312,8720610
2023-12-18,669.6652933696015,670.6591569871464,662.7082480467875,668.1248168945312,2050286
2023-12-19,668.8702553194881,669.913800049303,660.2236291884337,661.962890625,3794818
2023-12-20,667.7769786448971,669.8640679454643,636.370852416067,640.1475219726562,3772684
2023-12-21,637.0666332972447,644.7193959385569,633.2402823069018,640.2470092773438,2755102
2023-12-22,642.0359308546106,645.0175218647713,633.1905199268839,635.9236450195312,2854029
2023-12-26,637.0666129850669,641.936569236254,630.1095672894421,634.0850219726562,2202221
2023-12-27,639.0543474561432,642.0359385018172,634.482598783693,639.8494262695312,2353373
2023-12-28,643.0297601255171,646.9555335443428,640.2966351790794,644.1229858398438,3566880
2023-12-29,644.1230011182399,645.862262489046,639.0543208161401,642.7316284179688,1653662
2024-01-01,643.0297191432572,648.3468648904731,640.3959564621175,644.7192993164062,1343888
2024-01-02,645.5144561602107,650.2849896625262,638.6567725464529,641.5390014648438,3005450
2024-01-03,640.0481775421856,644.4708828265813,632.196630603118,633.2899169921875,1893956
2024-01-04,634.084982940394,645.0174826462628,634.084982940394,643.9739379882812,4412550
2024-01-05,644.5205112098956,650.5333735462685,638.5076488735227,642.78125,1394951
2024-01-08,643.0297471858241,650.1358961678135,637.7622822544475,641.8867797851562,2064691
2024-01-09,643.0297679940376,646.8064376522955,634.6812892457858,636.9672241210938,3648496
2024-01-10,638.0604607177098,646.3591978973748,637.5138478445466,640.9923706054688,3288472
2024-01-11,642.0359451578271,649.0923531081597,635.9734008996892,640.0482177734375,2800658
2024-01-12,642.8806777271855,644.6199391146556,617.4874736022472,633.6874389648438,7076942
2024-01-15,633.0911165614018,633.0911165614018,608.0954226244389,610.6795043945312,12433539
2024-01-16,611.9715318551092,613.0647575868663,605.3126333836763,607.4991455078125,8761562
2024-01-17,607.2507100141731,614.704687633005,601.3868900231085,602.877685546875,10183042
2024-01-18,604.2690363062784,608.5426374243475,596.9144217975145,604.0702514648438,3658639
2024-01-19,610.7292330837291,614.605325710919,606.0580616424201,612.1206665039062,2563065
2024-01-23,596.5666138333992,609.9837721620138,579.2236822320663,582.5531616210938,5994679
2024-01-24,586.3794857663692,587.3733493015665,573.1611128803692,578.0807495117188,6144401
2024-01-25,580.5654432626895,582.9506794942321,573.7574412408117,575.447021484375,3725167
2024-01-29,571.5212333669884,580.4163244439292,571.5212333669884,574.999755859375,4399011
2024-01-30,579.422528129246,580.0188220757635,568.0427768083047,571.4716186523438,5895638
2024-01-31,569.9808144668781,574.4532009796958,567.7943022618201,573.061767578125,4068280
2024-02-01,573.6581008864562,587.770976601934,563.7194645601511,583.497314453125,8911872
2024-02-02,586.3298332004099,586.3298332004099,572.962355870611,575.2482299804688,3006965
2024-02-05,575.2482720252998,578.3789668063009,558.1041239573738,559.89306640625,3750294
2024-02-06,560.5390913314529,591.3985451316718,558.7998299665061,589.1126708984375,15915028
2024-02-07,593.3365718324707,610.2322531074321,592.3427082280612,601.4365844726562,7560296
2024-02-08,601.4366314884317,612.2697092269711,586.4789345442925,588.0691528320312,7782663
2024-02-09,588.0690823681206,590.504060229631,578.6770595655049,580.4163208007812,2453771
2024-02-12,580.4163413908127,582.9010003864925,568.8875479151062,573.6580810546875,2799522
2024-02-13,573.7078010550991,590.3550174564381,571.1734608395574,585.9323120117188,5011128
2024-02-14,578.8262074349991,583.3482748588962,574.850752880255,581.758056640625,1572158
2024-02-15,583.248843862672,585.7335029243014,578.4286295473593,581.5095825195312,1737411
2024-02-16,584.8887407266383,590.3549906399713,580.1182074798537,588.8145141601562,2973324
2024-02-19,590.6531435637374,590.6531435637374,580.8139300166662,581.6090087890625,2785107
2024-02-20,576.6397195620119,585.8826396585977,572.7139458918862,584.3421630859375,3523966
2024-02-21,584.3421231071319,587.6218608962893,570.9746453867539,573.9065551757812,3321288
2024-02-22,574.4531983100278,575.8446317051321,563.5703790472891,571.123779296875,4195869
2024-02-23,573.658074127739,579.7702987869341,572.2169597955223,577.1365966796875,2561028
2024-02-26,565.2599539411441,577.3851026676986,563.7691584582224,572.8132934570312,4199991
2024-02-27,572.5151358424549,588.3672729814269,569.334760072593,578.0310668945312,6321068
2024-02-28,578.4286648690414,587.2740759328353,574.6023139447249,577.0372314453125,3434747
2024-02-29,577.4347862427177,582.3047424391348,572.0182171656312,578.4286499023438,2750947
2024-03-01,581.3108955259569,593.1378370198437,579.4225302540178,586.3298950195312,3460443
2024-03-04,591.3488904812457,616.6924143590134,583.9942749740356,606.5549926757812,7272987
2024-03-05,608.0457639328345,611.8224336396228,600.0451737483148,603.970947265625,4342310
2024-03-06,607.4991731250069,614.3071150544687,600.9893781667944,610.1826171875,4896598
2024-03-07,607.7972780865789,620.3199959591276,607.7972780865789,618.1334838867188,3682063
2024-03-11,621.1647805752376,625.1402351709191,615.1022365810725,617.0402221679688,3777242
2024-03-12,614.4561631712161,625.9352754784413,611.2757875580604,617.7359008789062,4975736
2024-03-13,619.425531104919,622.8543728917762,600.3433365464573,606.3065185546875,2840155
2024-03-14,599.2997658447167,620.667833781137,594.5292325770821,618.431640625,3750622
2024-03-15,616.1954735048437,630.9046436434796,607.5488474703122,628.4696655273438,4896049
2024-03-18,631.0537438482879,632.6439014420521,624.3948451857303,630.2089233398438,2911589
2024-03-19,630.109569926507,632.5942291139143,619.5248975239017,628.6187744140625,3861068
2024-03-20,626.1340368615693,628.6186957380041,615.5991074897325,622.55615234375,1712459
2024-03-21,625.140220093411,635.0788563429088,616.195447468863,618.431640625,7197320
2024-03-22,620.0715922998882,624.7924449175662,612.2200447346572,620.0218505859375,3636733
2024-03-26,634.9297839993005,638.8555576445209,621.661728212962,623.0531616210938,13822598
2024-03-27,623.6494371824608,634.4825751762538,620.2205954753888,622.5064697265625,13848953
2024-03-28,622.5064556198313,634.830388801718,622.5064556198313,629.4635009765625,6878964
2024-04-01,634.0849761301816,634.0849761301816,624.1463401406804,630.8549194335938,3874744
2024-04-02,627.2273214937642,637.7126314669575,627.2273214937642,628.0224609375,5179918
2024-04-03,625.9849795116967,626.1340833195928,616.5930167904,620.270263671875,3822465
2024-04-04,621.164770693555,622.6555661432196,614.3070873608494,618.5807495117188,3858229
2024-04-05,617.1893021686195,626.581325420701,612.5181310667812,625.5377807617188,3860995
2024-04-08,626.1340622927945,631.9978817435939,622.7052207719244,630.705810546875,3403360
2024-04-09,635.078813286726,635.2279170846084,628.7678039604085,630.059814453125,2873703
2024-04-10,632.097302707663,633.1905284952658,616.1954837716211,617.686279296875,6753666
2024-04-12,617.1893099366221,620.1709008058812,612.468457726962,614.7046508789062,5081775
2024-04-15,606.30649192814,612.7169244375918,600.3929912308839,609.188720703125,2594888
2024-04-16,605.312659098954,607.3500675004859,596.9144989134629,600.8899536132812,4970256
2024-04-18,614.2077243002851,620.1709060896083,600.4427372675129,601.9335327148438,11984298
2024-04-19,596.3181661144534,600.6911902635411,577.5341196175999,597.858642578125,10243493
2024-04-22,598.1568121012002,605.1138576350677,594.4298234223427,602.231689453125,3076888
2024-04-23,602.3310773263327,605.4120911623933,594.3304867521784,597.461181640625,4527775
2024-04-24,596.367849854263,597.4113945175487,589.3611235029208,590.5537719726562,4095087
2024-04-25,591.7961179465774,592.740300538898,582.0065246734343,591.0507202148438,6150372
2024-04-26,593.3365517175503,599.697302834381,583.3979160103886,584.24267578125,3094364
2024-04-29,586.3795145163067,588.3175606370861,567.4961064217138,571.5709228515625,8879207
2024-04-30,573.0120741825526,584.8887569095266,572.5151423585004,580.0685424804688,9926485
2024-05-02,580.7145216486409,582.9507148730236,569.8814442024507,572.8132934570312,8292342
2024-05-03,578.2298866157428,578.2298866157428,561.7814545672609,562.427490234375,8574215
2024-05-06,566.4028928671714,566.4028928671714,546.8237677126266,551.6439819335938,8759027
2024-05-07,556.0667207605289,558.501698872749,546.2274462093637,548.9605712890625,7783593
2024-05-08,548.7121042731587,550.5507884467369,544.6372875176594,547.072265625,6715043
2024-05-09,547.6685680479138,548.5133885712337,534.6986591722364,536.2391357421875,13570152
2024-05-10,539.4691224815815,550.4016215249691,536.2390659460351,545.183837890625,7524779
2024-05-13,550.401681518409,564.9618083683939,543.7925245908827,556.2158203125,7867089
2024-05-14,562.5267698755548,564.5144969775886,556.5635885694535,558.1040649414062,5348599
2024-05-15,558.1041254080361,558.5513761865736,551.5943305757088,552.5385131835938,2415161
2024-05-16,553.5820559327669,564.7133410028575,547.3207270372858,563.5703735351562,4543902
2024-05-17,563.5703551288841,568.4899921934517,558.004743105924,566.7010498046875,3992575
2024-05-21,565.9059415236219,566.5022354019029,559.5948714521596,562.1292114257812,5583840
2024-05-22,562.1292237944225,563.3218722378449,556.2157839460634,556.961181640625,3820060
2024-05-23,560.5390559162503,565.7071586348358,554.6255555169249,562.178955078125,7106820
2024-05-24,561.5329621180226,568.2912228043095,559.9924855930093,561.63232421875,3433290
2024-05-27,561.7317191737584,565.8065356718434,558.6507056156222,560.7875366210938,2624929
2024-05-28,563.5207005141218,576.3912471641619,560.1912814860924,574.9004516601562,5797999
2024-05-29,574.9004561510922,574.9004561510922,557.4581607500978,558.4022827148438,6259646
2024-05-30,549.358149725472,560.3900123213807,544.8857631605428,547.3704223632812,6312875
2024-05-31,548.5133600773955,552.8863236403953,543.196153275876,546.4758911132812,9707990
2024-06-03,565.4587312836281,565.7568782441224,543.6930932582087,546.724365234375,9263670
2024-06-04,551.5942948889325,551.5942948889325,508.26183610727145,531.17041015625,9783762
2024-06-05,536.6863666627631,550.8986046107822,532.8102741948386,548.5630493164062,3234914
2024-06-06,551.5943075332058,555.3212960976193,547.0225591584402,551.8427734375,3970217
2024-06-07,551.6439974671838,560.1415193987907,550.1035209678715,559.4955444335938,3382962
2024-06-10,559.7937133736796,571.0243607375558,557.8556670807403,565.7072143554688,3863289
2024-06-11,567.9930486435345,573.3599363595325,562.7255836841263,568.1918334960938,6417670
2024-06-12,568.1918663208767,574.2047293292836,566.1047162393593,569.1857299804688,4304369
2024-06-13,561.5329203167781,594.7279880121413,561.5329203167781,589.8580322265625,24352341
2024-06-14,595.4734231305159,598.1071253755438,590.4046821789927,594.6782836914062,7308942
2024-06-18,593.1875207976534,601.2875341584179,588.1685212810182,597.5108642578125,5120280
2024-06-19,598.4052628830192,601.4365954603442,588.7150925629962,592.54150390625,4453729
2024-06-20,592.5414861482747,593.8334966867662,579.1243276457284,586.4788818359375,6133067
2024-06-21,586.3791874271468,590.966483254131,578.4012392988863,579.3486328125,7263396
2024-06-24,578.4012707108768,580.8445296312286,574.0632855273121,577.9026489257812,3226301
2024-06-25,577.4039731980325,590.6174492686265,575.3596362435115,589.321044921875,6593288
2024-06-26,590.0191391427006,597.3488544963499,585.5813934092033,587.42626953125,3672989
2024-06-27,587.4263109391719,593.3599223359145,584.9830520267583,591.61474609375,4772196
2024-06-28,592.3626355084607,598.1466356009857,588.3736615319727,593.4097290039062,3646272
2024-07-01,588.5232980246475,601.3877031387349,587.9747653854697,599.0940551757812,3342913
2024-07-02,602.0359031019623,602.0857531027499,584.8833030140999,588.1741943359375,6477279
2024-07-03,590.7671115381177,597.1992838310532,588.8723244201431,594.5067749023438,2134587
2024-07-04,594.3571193751422,605.6259586261543,592.6617932706563,602.2852172851562,5028421
2024-07-05,604.5290487293581,607.1218575977775,598.9943592318641,605.6758422851562,3493050
2024-07-08,607.3213151389791,620.3353311471457,606.9223933766866,619.1885375976562,6800857
2024-07-09,620.2854930209608,627.6152088248438,619.1885494540246,621.9309692382812,5000797
2024-07-10,622.2799782694586,638.983807814352,613.9031080613726,631.005859375,6186968
2024-07-11,634.1970351589774,634.8452069334126,627.5653413368531,632.501708984375,3573349
2024-07-12,632.2523804479677,634.645789200214,625.3713759354438,633.798095703125,2643647
2024-07-15,633.7980899972039,646.2137836622453,628.7620225293914,636.2911987304688,6951688
2024-07-16,640.2303175658943,653.194482874861,631.6041370712402,644.9672241210938,9167071
2024-07-18,644.9672302644067,649.6044368620097,639.3327801719997,647.111328125,3975243
2024-07-19,642.8730362458842,644.2192906023907,632.4019796648856,634.1471557617188,2496778
2024-07-22,630.1582268528657,639.2331188580623,627.2163461917581,635.64306640625,3854108
2024-07-23,640.2303507225313,647.9091381304369,621.5320344047003,642.1749877929688,9082995
2024-07-24,637.8369372127877,673.1393825089096,637.5377763272777,670.9454345703125,12377638
2024-07-25,664.1642162367893,683.7101658213155,663.7154444578406,681.2669677734375,9386864
2024-07-26,681.2669237702656,707.8434266186845,680.1699193962558,701.4111938476562,8933046
2024-07-29,701.6106820911426,708.0429151130883,691.8377075488802,694.9291381835938,4676765
2024-07-30,694.1811938438465,706.3974270328065,682.0148715246996,695.2781982421875,6134510
2024-07-31,695.2782259238747,717.0181234747608,691.1894907858574,713.5277709960938,6683204
2024-08-01,713.029099811814,720.5084260336163,708.092732332042,711.6329345703125,4074648
2024-08-02,705.5497732449977,710.7853015976991,697.1230535325053,705.4500732421875,2710858
2024-08-05,691.0897466607529,711.9321601925249,688.1478661574291,708.9404296875,9327217
2024-08-06,709.6883886799606,717.0181043428186,675.4330366046295,677.7266845703125,6106310
2024-08-07,680.2197901940218,695.7768258445567,680.2197901940218,694.330810546875,5154327
2024-08-08,689.1949690689814,711.2340872770012,687.798864667726,708.3919067382812,5953315
2024-08-09,712.2313284559178,713.0291110921487,699.5164736777011,700.4638671875,2848313
2024-08-12,696.674308782581,711.6828726687793,690.2919866825928,700.5137329101562,3723417
2024-08-13,696.1756822710489,705.3503348983552,675.6324899492472,683.11181640625,5741391
2024-08-14,684.1090579607685,688.6963538277339,674.5355444701823,684.4580688476562,2962358
2024-08-16,662.8179181425869,688.6963383334341,662.8179181425869,687.4996948242188,4584181
2024-08-19,687.499688586653,687.499688586653,676.6297101635683,683.8098754882812,2352893
2024-08-20,685.1063121485389,711.0346441949174,682.1644315314321,708.6412353515625,6828474
2024-08-21,712.3808991192491,725.594376036621,706.6966596294591,722.5527954101562,6186935
2024-08-22,723.998779296875,727.8880532844911,718.0651683124506,723.998779296875,3889249
2024-08-23,723.0015653968675,728.4864048584989,721.455850085609,726.9905395507812,3898989
2024-08-26,731.9767392684865,731.9767392684865,717.2673974371376,723.6497802734375,2131814
2024-08-27,722.0042894209497,740.4034440526423,717.3172328272931,737.5114135742188,5627130
2024-08-28,737.9103453039509,744.4921281045087,732.0265842648815,740.0543823242188,2995930
2024-08-29,737.9602049800511,746.4367749021193,729.8326459433025,734.8687744140625,3962913
2024-08-30,734.8687921529898,740.6527925366377,731.4781397555504,736.663818359375,6227807
2024-09-02,741.1015683568982,751.9216365251153,737.8106159491309,743.24560546875,3073926
2024-09-03,751.9216016590301,759.101767057804,739.6056687372422,756.6585083007812,6268050
2024-09-04,749.6279693480665,757.3566066609623,746.337077891442,756.7083740234375,3031650
2024-09-05,755.910598937679,756.558831581687,748.3315724243838,749.7775268554688,1759438
2024-09-06,747.9326242653092,752.0212982645278,734.0210652805919,736.3646240234375,2765612
2024-09-09,733.0737068946488,746.9354165417221,729.2343435862941,733.7717895507812,2635184
2024-09-10,727.9878006105079,730.1318986166069,699.2671981844629,700.9625244140625,7366304
2024-09-11,699.0677254404007,702.3586169673789,694.0815077125804,698.2200927734375,4604184
2024-09-12,701.2117830211587,713.9764874957634,696.37511558361,712.580322265625,3487862
2024-09-13,710.037410552004,711.7825867717595,701.2118294445776,703.4556274414062,1886832
2024-09-16,706.8960747638527,707.245146530795,696.0760064600582,699.416748046875,2754818
2024-09-17,699.4167086385394,700.9624847664853,689.6437344523926,696.9735107421875,2985585
2024-09-18,696.9735401718427,703.2561623520123,691.4887006568364,696.873779296875,1527865
2024-09-19,698.4194907939549,706.1481282499991,695.826681929661,699.5663452148438,2202499
2024-09-20,700.0649400008343,719.0125665820535,700.0649400008343,709.1398315429688,7891171
2024-09-23,716.8685088001473,727.9877988415485,712.0817518852574,725.4946899414062,2943802
2024-09-24,725.4946839201288,726.9406992435933,713.1787504024092,718.7134399414062,3212859
2024-09-25,720.0098184362716,721.1067619569299,708.1425962510136,714.5748291015625,1096265
2024-09-26,714.5748356402986,729.9822602743909,712.3310377091273,727.5390014648438,2797065
2024-09-27,727.4393231933047,738.6084631800037,724.347831653398,728.187255859375,4567661
2024-09-30,732.9740144947444,734.3202689501112,714.026386909166,716.0208740234375,2488795
2024-10-01,714.0263709340657,721.3560865682568,704.652257359953,708.2423706054688,1987048
2024-10-03,694.6299697164063,709.987544448791,694.5801197132125,700.3142700195312,2542774
2024-10-04,700.3142585550185,711.5332481011117,699.6161759209899,706.84619140625,2616851
2024-10-07,709.688357841798,717.317234061392,700.9624772571265,703.904296875,3474485
2024-10-08,698.5690649647532,710.5858368496511,697.8709823481512,708.142578125,3767320
2024-10-09,707.893277621208,723.4503128181191,701.8101165879568,715.32275390625,1743202
2024-10-10,719.0125538511988,724.1982321549922,711.3337668308619,721.6552734375,2249443
2024-10-11,719.5111774401711,723.5001513968733,715.023581738881,721.8546752929688,1984588
2024-10-14,725.9932886049849,739.5557762431473,724.2979624334858,738.5585327148438,3985624
2024-10-15,740.75247947952,744.3924426988398,709.3393083876158,712.2811889648438,6665822
2024-10-16,721.4558284174178,730.431019994163,712.8794977239355,724.7965698242188,5375005
2024-10-17,727.9877848986863,729.4836502101219,713.976525321622,724.0985107421875,4310887
2024-10-18,723.998774775468,741.9491576211408,718.1150138292882,740.4034423828125,3703858
2024-10-21,746.7857979924374,753.3676418537613,740.40347587872,743.7940673828125,4508689
2024-10-22,743.7442107636821,747.6833348713657,722.3533249217553,726.1927490234375,3346783
2024-10-23,723.0015592953907,729.9822640058289,716.2203154643479,721.7550048828125,1668266
2024-10-24,723.0015628279194,732.97399817727,709.0900033421923,712.8795166015625,1806714
2024-10-25,716.0208659447062,717.7161921460922,698.0704821187944,707.4944458007812,2852838
2024-10-28,708.2921936268845,719.8103438419433,703.7547478896689,716.2701416015625,1448334
2024-10-29,716.0208706684484,743.0461465934299,706.1980460234541,740.3536376953125,4585180
2024-10-30,742.19849937714,742.9464320268315,722.5527896051952,725.0458984375,1645358
2024-10-31,721.1067978519769,724.7467612127464,711.1842730689822,718.1649780273438,2028752
2024-11-01,719.9599630205586,723.9987870559592,718.1649368789265,721.7051391601562,198743
2024-11-04,718.2148278194717,725.594393681689,704.153657030216,708.8905639648438,2047984
2024-11-05,708.8406555448448,724.5970904029031,683.5107075967267,715.2728881835938,5036300
2024-11-06,715.0236303455389,716.0208739025062,702.4084750031363,706.7465209960938,2878220
2024-11-07,706.7464896765209,711.7327072403923,701.3613503607743,709.7382202148438,1935062
2024-11-08,707.5443016596049,717.8657480981477,705.0511927742646,706.5470581054688,1272302
2024-11-11,702.1591462690649,709.6384727562382,693.8820371299761,703.4057006835938,1888427
2024-11-12,705.599672348973,717.8657560269429,694.1812213546144,698.0704956054688,2502158
2024-11-13,693.0842676302331,696.923630953073,681.2669559030163,683.1616821289062,2080391
2024-11-14,679.6214315980587,694.7795446669517,679.6214315980587,692.0869750976562,1715862
2024-11-18,685.1063272198587,692.0371821504153,680.6187311900344,688.5966796875,1666040
2024-11-19,686.1534127742785,691.0897805228248,666.4578526511533,678.5245361328125,6438490
2024-11-21,678.5245379796704,679.0730097605759,667.0063262460728,672.5410766601562,2194259
2024-11-22,678.1255697656568,689.3944089722037,672.2917197254669,686.302978515625,1788502
2024-11-25,688.0980320172539,693.8820322869145,679.5217620519205,682.912353515625,4622983
2024-11-26,682.1145471708543,691.4886603237683,673.1393557607114,680.5189819335938,1767673
2024-11-27,679.9704766814283,687.3999531543787,677.4275178529459,678.674072265625,2422336
2024-11-28,680.1200906813322,688.2476498360935,636.8896077978404,655.8870849609375,13625371
2024-11-29,668.1531842767128,672.2418585202962,649.5047175570988,655.9369506835938,5934406
2024-12-02,648.20827688948,662.1696859301765,637.3382983610296,638.435302734375,4977558
2024-12-03,645.0170850253926,645.0170850253926,630.5570542440347,632.2523803710938,8256858
2024-12-04,633.2496173159061,649.2055131852833,633.2496173159061,648.4575805664062,7392523
2024-12-05,648.4077519414653,651.6986433996339,637.5876231781859,641.377197265625,6163444
2024-12-06,643.2220530903255,645.6653118219581,633.4490790307077,634.7454833984375,6455327
2024-12-09,636.1416705518825,644.5683296658964,632.9504790904351,640.0308837890625,4027169
2024-12-10,640.0308913734314,642.6736110994418,628.6124406746338,631.5543212890625,6158405
2024-12-11,633.050184775946,638.8341851140723,631.0556977030118,632.900634765625,2396993
2024-12-12,634.2469007768332,635.0446834471944,618.1913038932428,624.8229370117188,3807072
2024-12-13,623.277219842066,632.1527117993834,619.4378565146053,630.806396484375,2573194
2024-12-16,630.8063593363934,634.6457833046677,626.8173853643135,633.1997680664062,2175242
2024-12-17,633.1998092503568,634.5959137112413,623.8755454640133,625.0223999023438,3179067
2024-12-18,621.4323257635964,628.0639586720315,618.5901452026262,622.8284301757812,4331195
2024-12-19,616.3463374680657,623.2771920166738,613.6039178231923,621.8311767578125,3779968
2024-12-20,617.9918312216553,624.7730750907577,616.4959659181659,622.0805053710938,3996244
2024-12-23,623.3270320681114,624.7231973027062,611.9085819192628,620.8339233398438,2924609
2024-12-24,620.8339686571654,626.3188082597162,617.2937661779932,620.7841186523438,1445089
2024-12-26,618.1912572276415,627.7149202825417,617.4931746186782,624.67333984375,3523864
2024-12-27,624.6733870117818,627.6651176758862,618.8893257009801,620.185791015625,726298
2024-12-30,618.6400008789227,622.1802641119101,612.6565396854769,615.6981811523438,1564417
2024-12-31,615.4987319731962,617.4433690714168,609.365659786558,615.34912109375,2645522
2025-01-01,613.4044703307055,617.7923662049968,610.9612723782288,615.4987182617188,1386549
2025-01-02,615.2992712590612,619.3879454733357,612.3075406046412,618.4406127929688,2449967
2025-01-03,617.2937407516554,622.3298083695421,613.9529992962918,621.28271484375,2956679
2025-01-06,625.2716880785787,625.2716880785787,601.6868544446385,604.2797241210938,5743310
2025-01-07,604.3295593317672,618.9890509146827,603.8309375831436,618.141357421875,2813892
2025-01-08,618.3408458762257,621.5320373831444,613.4044781712797,616.2965087890625,1861556
2025-01-09,614.4017255237509,619.3879432633265,608.2188642202096,610.5125122070312,2141675
2025-01-10,608.3683944405757,613.2050620107652,601.3378398298778,606.9722900390625,1966939
2025-01-13,605.3268172855226,606.7728325644474,595.6535429578241,598.0968017578125,2105862
2025-01-14,603.3323065088003,606.3738869550078,593.2102608214334,598.7948608398438,3122102
2025-01-15,602.8337302535814,602.8337302535814,582.6893982272248,592.5621337890625,5633587
2025-01-16,628.3631185563798,661.7707765269487,627.2163250267924,639.6320190429688,24198675
2025-01-17,638.2358616226019,648.1584469571487,631.6540786463847,640.4298095703125,3671715
2025-01-20,640.2303443064417,642.2746813633207,628.8118937494003,632.30224609375,1956252
2025-01-21,634.2468907282903,635.2939842707323,621.1830247157158,622.2799682617188,1820019
2025-01-22,627.2661897920826,627.2661897920826,611.2105930646794,616.4959716796875,2296057
2025-01-23,616.2964775343448,623.4766428440497,610.911338335338,619.2882080078125,1673008
2025-01-24,618.8394676785288,623.2772136128352,611.60945200062,619.387939453125,1793560
2025-01-27,616.2964926191173,618.041668771356,604.7284921853299,608.5180053710938,1730503
2025-01-28,609.2659360518473,612.3075165911732,598.4458074225555,609.8642578125,2662789
2025-01-29,610.313013276689,627.9642351477796,603.4819197460922,626.617919921875,2005819
2025-01-30,622.9780144744601,634.3465536326104,622.2799318646911,632.4019775390625,2899445
2025-01-31,636.2413487291859,639.2330792091037,628.4130116534993,636.2911987304688,1012392
2025-02-01,637.2884553094669,665.7098954522745,593.6092015791663,623.7758178710938,10039413
2025-02-03,613.8033728061379,628.6124143995371,608.3185335690399,619.6871337890625,3293387
2025-02-04,626.2190806954115,626.2689306980398,613.7036866900357,624.1747436523438,3244955
2025-02-05,624.274447553315,637.2386133970739,622.978043142322,626.1193237304688,4467504
2025-02-06,624.7232293639811,636.6403018700765,621.4323378471591,630.2080688476562,4837012
2025-02-07,630.2080298183702,635.7427189630188,622.8284037142308,633.9476928710938,2538330
2025-02-10,634.2468537419294,639.0336102760333,625.022351545211,633.9476928710938,3394573
2025-02-11,630.5072352464326,633.1000441327873,611.2604468816488,616.8948364257812,2327875
2025-02-12,616.3961821314304,635.144408598444,606.4736580139946,627.415771484375,3378279
2025-02-13,627.4157910582911,638.2358590087836,625.9199257637393,627.864501953125,2808139
2025-02-14,628.2633899892014,632.1526638930419,620.7840639179013,624.473876953125,1693078
2025-02-17,624.4739241072668,625.2717067750639,612.2576906016934,621.5320434570312,1860572
2025-02-18,622.2799641490573,624.2744512136376,609.6648091188209,617.243896484375,1887686
2025-02-19,615.2992672841162,622.2799720993331,612.108075766634,621.1331176757812,2007325
2025-02-20,621.2826850152785,628.2633893412929,614.6011415584253,618.2909545898438,2881981
2025-02-21,616.0970499467579,622.1802720915963,611.7590648726393,621.1331176757812,1627631
2025-02-24,614.3020118453708,619.7868512368473,612.8061465567862,615.2992553710938,983443
2025-02-25,615.3490802996582,621.5818520814531,611.4099563601815,620.43505859375,1606709
2025-02-27,623.277217641844,626.1193374075245,613.3047821595745,616.6954345703125,1831493
2025-02-28,612.3075323300765,615.2494129405503,598.6951336896532,606.8226928710938,5013148
2025-03-03,606.8226951426287,618.4406067505479,605.326829830034,616.2965087890625,3624490
2025-03-04,611.4100067044359,619.0887943452703,607.6204933224537,614.8006591796875,3262295
2025-03-05,611.3102620709252,623.2771840037981,610.3130185765191,619.4876708984375,2661830
2025-03-06,619.4877181084194,626.2689622137839,610.9113868827936,616.5458374023438,2491123
2025-03-07,616.5956796740596,631.2551721485223,616.446129660525,623.4766845703125,3169440
2025-03-10,623.3270501400084,631.2551482991388,621.2827130969407,624.1747436523438,2316148
2025-03-11,621.2827155665949,635.7925966700884,612.9557564864248,635.1942749023438,2677293
2025-03-12,635.1943024021184,637.9865722173377,625.3714167434911,630.2579345703125,2704337
2025-03-13,629.2606570771653,630.5570614714535,617.7425066685493,620.6843872070312,2211232
2025-03-17,620.6843992204775,629.609680146354,620.6843992204775,628.06396484375,1075106
2025-03-18,628.06396484375,628.06396484375,628.06396484375,628.06396484375,0
2025-03-19,640.2303704073122,664.0645160200211,638.884115937802,662.7182006835938,2470532
2025-03-20,663.1669472464712,676.4801240211195,657.2831860745111,672.4911499023438,4425855
2025-03-21,675.9316583739917,679.222549878399,667.2057774101535,677.7266845703125,3725271
2025-03-24,677.7266571632009,685.5550551457577,673.7376831696167,678.02587890625,1401023
2025-03-25,681.1173027556046,684.1090332215882,669.4993917659366,671.2445678710938,2019661
2025-03-26,671.2446132072396,678.5245398596854,663.0173538701121,666.5576171875,2231203
2025-03-27,666.5575981210727,682.7128945728789,665.2112828388125,680.0203857421875,5951034
2025-03-28,682.0148493738311,686.3528342226616,676.0812384156686,683.8098754882812,3116601
2025-04-01,681.1173161902859,696.1258188172894,678.125585665292,690.9900512695312,4620146
2025-04-02,691.388898638226,699.8156182922922,688.2974681695921,694.2310791015625,3047499
2025-04-03,686.6021554861081,695.8765079402066,673.1393681236354,690.9900512695312,1353987
2025-04-04,685.1062977245459,693.0842458785435,682.2641780414499,687.150634765625,3867188
2025-04-07,661.9203709813787,678.1255778038984,649.9035990186775,664.1143188476562,3861746
2025-04-08,672.6407516540683,687.8487152756021,666.4578296804553,683.8597412109375,3279965
2025-04-09,683.6104361562717,689.6935973099484,677.2779641214295,682.912353515625,3054715
2025-04-11,681.5162412870197,688.4969458796181,680.2696868954843,683.6602783203125,3264303
2025-04-15,689.2448700591257,705.5497769536208,688.3971765631326,702.7575073242188,2306442
2025-04-16,698.2699469649401,719.3616115599597,698.2699469649401,714.0762329101562,3452538
2025-04-17,714.0762114605185,721.7549987501377,707.5941285701891,718.065185546875,3105731
2025-04-21,723.0015828690208,723.0015828690208,701.6605462830859,710.2368774414062,6168127
2025-04-22,716.0208659634368,719.8602292684244,706.5969022812035,710.5858764648438,2669384
2025-04-23,713.4280688787618,713.9266906599556,703.1564114926376,707.1453857421875,2091384
2025-04-24,711.034622458283,714.0263529875606,703.0566743802098,706.4473266601562,3814638
2025-04-25,709.4889147940872,731.47812224652,690.7407487831011,702.60791015625,3714671
2025-04-28,700.7630654287377,712.530527324535,696.1757085087377,708.8905639648438,1944250
2025-04-29,713.9266730194211,717.0181036396689,705.0511811867119,713.0789794921875,2545118
2025-04-30,710.1370923892674,747.7331855919278,710.1370923892674,741.6500244140625,8732964
2025-05-02,741.6500177566576,747.2844071226804,725.3450496898014,727.14013671875,2512684
2025-05-05,728.0874893425705,739.3064792467002,725.2952195842591,736.86328125,2761798
2025-05-06,736.863272616606,740.6029358741671,716.8186410359294,720.608154296875,1498360
2025-05-07,717.0180844994991,726.8409087373235,716.0208409883732,721.9046020507812,1657343
2025-05-08,716.5194685217909,724.1982557927628,713.5277379642887,720.9572143554688,3057761
2025-05-09,707.0456388343722,715.0235868042946,706.447317083393,711.6329345703125,3210705
2025-05-12,718.0153420419907,734.9684820624267,718.0153420419907,732.5750732421875,1488045
2025-05-13,733.3729365113586,740.3536414136596,730.131894949576,733.0238647460938,1445358
2025-05-14,737.960191451408,747.9326264710216,732.1263413116993,739.655517578125,2058831
2025-05-15,741.0017745795999,751.5226813891175,731.9767330283147,749.1293334960938,3338741
2025-05-16,747.9326683533096,751.9216425845273,744.9907876844032,748.4811401367188,1426234
2025-05-19,744.9409416701583,753.9161337384734,744.2927090073466,748.8800659179688,1187450
2025-05-20,746.4866490200953,755.5616018676254,743.6943792465922,744.9907836914062,2191829
2025-05-21,745.9381349208741,758.9023003673599,743.943647929107,757.6058959960938,1928533
2025-05-22,757.6059035095637,759.9494014013663,750.1265772162619,753.7664794921875,2391952
2025-05-23,753.7166140717027,779.1961729496063,749.9769510015531,778.2488403320312,4511523
2025-05-26,782.1381107138614,783.9830478171317,775.5563275749007,777.8499755859375,2343463
2025-05-27,777.8499339179166,779.0466382973268,767.5783379895627,773.6614990234375,3472288
2025-05-28,777.6505012618119,788.5703302114393,773.9108379822761,787.27392578125,4163057
2025-05-29,785.8279022805997,788.919332879354,776.5036996142646,778.7474975585938,2916417
2025-05-30,778.7475031865756,784.5813535372264,773.2127528570325,774.7086181640625,3184086
2025-06-02,769.6226764230039,780.3430441218019,760.3981739845034,764.5866088867188,3456222
2025-06-03,746.3370993334344,766.3816703998588,744.9409340126149,755.8109130859375,3357675
2025-06-04,751.9216172804462,764.2874613278452,751.9216172804462,756.7083740234375,2322495
2025-06-05,756.9078624759918,766.0326654020145,753.4175100139813,759.5006713867188,1638871
2025-06-06,762.2929680810955,762.2929680810955,748.4811088624641,753.0185546875,1215092
2025-06-09,753.0185766302136,763.7389447410632,742.9962911743838,758.3040161132812,3151657
2025-06-10,762.0436537799194,763.4896081782921,748.1320946189132,760.3483276367188,2167862
2025-06-11,760.0990188306234,770.1213039767175,758.1543818042078,762.093505859375,1530367
2025-06-12,762.9909838925358,766.8802579218698,750.5753509070973,752.4202270507812,1600355
2025-06-13,741.8494992182142,751.8717846956687,738.2095359236313,750.7747802734375,1490695
2025-06-16,748.7802552933465,771.1683839719173,748.0323226706788,768.4259643554688,2304692
2025-06-17,771.76680038698,775.705863678664,764.287473832772,771.816650390625,1899985
2025-06-18,771.8665001357001,772.3152719021853,762.891308273657,764.0880126953125,1059077
2025-06-19,763.8885238520608,765.8331608577039,751.6224409296466,759.7499389648438,3059158
2025-06-20,760.7999877929688,781.2000122070312,758.0,778.9500122070312,5256299
2025-06-23,769.9500122070312,784.0,769.0,774.1500244140625,1848140
2025-06-24,779.5,787.0499877929688,777.2999877929688,779.7000122070312,1965197
2025-06-25,780.0499877929688,787.6500244140625,778.5499877929688,785.0999755859375,2733266
2025-06-26,789.0,802.1500244140625,785.5999755859375,799.4500122070312,4290163
2025-06-27,801.0,811.2000122070312,794.0,806.9500122070312,17236651
2025-06-30,809.0,820.75,801.5499877929688,814.2999877929688,2971593
2025-07-01,814.2999877929688,818.9000244140625,806.0499877929688,809.9000244140625,2596888
2025-07-02,808.5,812.5999755859375,788.0,789.7000122070312,3248677
2025-07-03,788.9500122070312,789.0499877929688,777.2000122070312,785.8499755859375,3442861
2025-07-04,783.9000244140625,788.7999877929688,780.2000122070312,785.0999755859375,1536851
2025-07-07,781.0499877929688,792.75,781.0499877929688,789.4500122070312,2169992
2025-07-08,785.0,796.5,783.0999755859375,794.1500244140625,5033587
2025-07-09,792.0,797.9500122070312,784.0,786.2999877929688,2165913
2025-07-10,783.0,788.0,763.4000244140625,771.25,2602721
2025-07-11,765.0,777.4000244140625,756.8499755859375,759.0,3508424
2025-07-14,755.2000122070312,767.4500122070312,753.0,764.75,1794592
2025-07-15,769.0,770.2999877929688,752.1500244140625,756.8499755859375,2842400
2025-07-16,765.0,776.9000244140625,754.7999877929688,755.9500122070312,6273181
2025-07-17,759.6500244140625,760.7000122070312,746.2999877929688,751.7999877929688,4378210
2025-07-18,755.0,757.0,736.4000244140625,739.5,3450063
2025-07-21,738.0,753.5,732.8499755859375,752.2999877929688,2073697
2025-07-22,752.0,768.5499877929688,751.5499877929688,763.2999877929688,4334529
2025-07-23,765.0,768.2999877929688,758.0999755859375,762.5,1312711
2025-07-24,762.0,766.3499755859375,756.0,757.2999877929688,1258684
2025-07-25,752.8499755859375,766.5,751.0999755859375,762.3499755859375,1708286
2025-07-28,762.0,769.7999877929688,756.5499877929688,761.2000122070312,1509806
2025-07-29,762.0,765.0,755.0999755859375,756.3499755859375,1129341
2025-07-30,752.2999877929688,762.0,750.0,757.4500122070312,2011152
2025-07-31,746.0,761.25,746.0,755.5,1783473
2025-08-01,752.5499877929688,756.3499755859375,740.0999755859375,741.7000122070312,1697685
2025-08-04,741.5,747.5499877929688,732.1500244140625,739.7999877929688,2555375
2025-08-05,735.7999877929688,742.25,731.6500244140625,738.5,1988095
2025-08-06,734.0999755859375,755.0,734.0999755859375,752.5499877929688,1797969
2025-08-07,747.0499877929688,757.6500244140625,747.0499877929688,755.7000122070312,1423219
2025-08-08,756.0,764.5,756.0,761.5499877929688,2210684
2025-08-11,763.5,765.8499755859375,753.7000122070312,764.75,1719052
2025-08-12,764.75,772.9500122070312,758.3499755859375,766.2000122070312,1996036
2025-08-13,765.8499755859375,783.7000122070312,763.5999755859375,776.5999755859375,1720968
2025-08-14,778.75,790.75,777.9500122070312,788.75,2861621
2025-08-18,809.0,815.0,789.0999755859375,791.0,3954373
2025-08-19,791.7999877929688,796.0999755859375,785.2000122070312,793.75,1531303
2025-08-20,793.0499877929688,801.8499755859375,792.5999755859375,796.5499877929688,1097339
2025-08-21,792.5,807.0,791.4000244140625,795.4500122070312,2142925
2025-08-22,793.7999877929688,795.0,786.5999755859375,788.75,1331814
2025-08-25,788.75,791.9500122070312,785.3499755859375,787.0,2326398
2025-08-26,786.0499877929688,792.0,770.5,776.5999755859375,5054056
2025-08-28,775.5,788.9000244140625,771.0,775.3499755859375,2892634
2025-08-29,776.0,778.4500122070312,766.6500244140625,772.0499877929688,1865283
2025-09-01,772.0499877929688,785.0,771.5,781.7999877929688,2218344
2025-09-02,780.0,795.75,777.25,782.75,2957512
2025-09-03,783.0,787.5,770.7000122070312,776.4500122070312,1879623
2025-09-04,803.0,803.0,750.0499877929688,754.25,10041489
2025-09-05,764.0,773.0,753.4000244140625,759.5499877929688,3234619
2025-09-08,762.2999877929688,763.2000122070312,748.5,753.75,3455695
2025-09-09,755.0,762.9000244140625,752.3499755859375,761.0999755859375,2393107
2025-09-10,763.0,778.6500244140625,760.0,777.5999755859375,2301647
2025-09-11,777.9500122070312,779.2999877929688,771.2000122070312,774.25,1238513
2025-09-12,775.7000122070312,781.4500122070312,770.1500244140625,779.6500244140625,2259316
2025-09-15,775.0,780.0,771.5999755859375,777.2000122070312,1362719
2025-09-16,776.8499755859375,781.5999755859375,770.0999755859375,774.3499755859375,1758601
2025-09-17,775.0499877929688,776.9500122070312,762.7999877929688,768.0499877929688,2329049
2025-09-18,766.2000122070312,789.6500244140625,766.2000122070312,784.5999755859375,4824420
2025-09-19,786.7999877929688,793.6500244140625,780.5,782.2000122070312,3634175
2025-09-22,786.7999877929688,796.9000244140625,783.5,787.7999877929688,1976223
2025-09-23,787.4500122070312,791.5,774.0,775.0499877929688,2220802
2025-09-24,771.25,775.5999755859375,768.0499877929688,770.25,1102305
2025-09-25,768.0,769.9500122070312,758.75,765.0499877929688,2080916
2025-09-26,766.5999755859375,775.4500122070312,762.2000122070312,764.4000244140625,2956314
2025-09-29,762.0,768.9500122070312,754.4000244140625,756.5999755859375,3463773
2025-09-30,757.0,761.6500244140625,750.5999755859375,756.4500122070312,3435577
2025-10-01,753.2000122070312,766.75,748.9500122070312,764.0,1540724
2025-10-03,756.6500244140625,767.1500244140625,754.9500122070312,759.2000122070312,5421803
2025-10-06,755.2000122070312,764.7000122070312,752.6500244140625,763.0499877929688,1323764
2025-10-07,767.0,770.0,753.0999755859375,755.5999755859375,3289846
2025-10-08,755.5999755859375,757.0499877929688,742.7000122070312,747.2999877929688,2259319
2025-10-09,746.0999755859375,757.4500122070312,742.0,754.3499755859375,4476278
2025-10-10,754.9000244140625,759.7000122070312,743.5999755859375,747.2999877929688,2771300
2025-10-13,742.2000122070312,750.0,742.1500244140625,746.5499877929688,1676403
2025-10-14,746.9500122070312,748.1500244140625,739.6500244140625,743.5499877929688,3412592
2025-10-15,744.7000122070312,763.7000122070312,743.5499877929688,761.1500244140625,2764842
2025-10-16,759.9500122070312,759.9500122070312,726.0,742.8499755859375,10209104
2025-10-17,740.75,749.5,736.0499877929688,745.9500122070312,4205888
2025-10-20,751.9000244140625,753.9000244140625,737.5499877929688,742.25,2361964
2025-10-21,740.5999755859375,746.4000244140625,740.5999755859375,743.7000122070312,119115
2025-10-23,745.0,752.5499877929688,742.7000122070312,743.6500244140625,3312072
2025-10-24,743.5999755859375,745.5,733.7999877929688,734.9500122070312,2349228
2025-10-27,734.9500122070312,743.5499877929688,732.2999877929688,737.25,3739804
2025-10-28,736.0,748.9000244140625,735.5499877929688,747.0,3859058
2025-10-29,750.2000122070312,763.4000244140625,749.0,761.2999877929688,2270288
2025-10-30,758.0,761.2000122070312,744.0499877929688,746.5999755859375,1517376
2025-10-31,745.0,748.5999755859375,730.0499877929688,731.8499755859375,2584942
2025-11-03,730.0,737.9500122070312,728.4500122070312,736.0,2222765
2025-11-04,736.0,748.6500244140625,734.2000122070312,742.4500122070312,2311438
2025-11-06,738.8499755859375,746.7999877929688,734.5999755859375,736.0499877929688,1640119
2025-11-07,731.0499877929688,750.5,731.0499877929688,749.25,1709430
2025-11-10,750.0,759.7999877929688,749.2000122070312,750.7000122070312,2046515
2025-11-11,754.4000244140625,765.0,747.3499755859375,763.9000244140625,2303525
2025-11-12,765.0,786.0,764.4500122070312,783.0999755859375,3996339
2025-11-13,782.9000244140625,786.5,778.2999877929688,782.2000122070312,2068084
2025-11-14,779.0,780.2999877929688,769.5,773.7000122070312,1373199
2025-11-17,770.7000122070312,778.0,765.0999755859375,770.25,2639170
2025-11-18,766.4500122070312,769.0999755859375,760.5499877929688,761.7999877929688,1363326
2025-11-19,760.5999755859375,762.0,755.6500244140625,761.0999755859375,950947
2025-11-20,760.7000122070312,765.1500244140625,750.0999755859375,762.2000122070312,2612081
2025-11-21,760.0,766.2000122070312,758.5999755859375,764.0,2712721
2025-11-24,765.5,766.0,759.6500244140625,761.6500244140625,5837946
2025-11-25,763.8499755859375,770.4500122070312,757.6500244140625,766.5499877929688,1858955
2025-11-26,763.5999755859375,788.5,762.75,787.5499877929688,3006211
2025-11-27,787.5499877929688,787.7999877929688,775.8499755859375,777.7999877929688,1165637
2025-11-28,780.4000244140625,780.4000244140625,761.4500122070312,764.2999877929688,2441514
2025-12-01,765.0,768.25,758.0999755859375,766.75,908996
2025-12-02,762.0,766.4000244140625,753.9500122070312,759.0,2054726
2025-12-03,755.2999877929688,758.9000244140625,746.0,751.9500122070312,2877041
2025-12-04,755.0,766.0,745.2000122070312,760.7999877929688,2649259
2025-12-05,757.2000122070312,772.0,755.2000122070312,768.2999877929688,1693258
2025-12-08,768.0,779.9000244140625,762.0,764.0499877929688,3775906
2025-12-09,763.9000244140625,765.2999877929688,753.5,762.9000244140625,1965538
2025-12-10,759.0,775.9000244140625,759.0,771.0499877929688,1667376
2025-12-11,771.0499877929688,777.1500244140625,763.0499877929688,775.2000122070312,2133427
2025-12-12,779.0999755859375,779.8499755859375,770.0499877929688,777.5,1290971
2025-12-15,772.5,775.5,766.5,772.7000122070312,1510988
2025-12-16,772.9000244140625,782.2000122070312,762.1500244140625,764.3499755859375,2125078
2025-12-17,764.3499755859375,764.3499755859375,749.0,753.5,1809434
2025-12-18,755.0499877929688,758.2999877929688,749.0999755859375,757.0,731537
2025-12-19,753.0999755859375,773.8499755859375,753.0999755859375,766.4500122070312,3098157
2025-12-22,766.0,769.0499877929688,759.9500122070312,761.7999877929688,767829
2025-12-23,759.9500122070312,765.0,757.7999877929688,763.9500122070312,1246811
2025-12-24,763.9000244140625,767.9500122070312,754.6500244140625,755.3499755859375,1132272
2025-12-26,753.0,755.0,745.6500244140625,748.4500122070312,1655497
2025-12-29,748.0,751.4500122070312,742.2000122070312,746.4500122070312,2912215
2025-12-30,746.4500122070312,751.0,735.75,743.0,13786783
2025-12-31,747.8499755859375,752.0,744.2000122070312,749.8499755859375,2503615
2026-01-01,750.0,753.4000244140625,746.9000244140625,750.0999755859375,820228
2026-01-02,749.9500122070312,758.3499755859375,749.0499877929688,754.8499755859375,1457089
2026-01-05,751.5,765.4000244140625,751.5,759.2999877929688,1348153
2026-01-06,754.2000122070312,779.9000244140625,754.2000122070312,777.8499755859375,2900960
2026-01-07,778.0,779.9000244140625,769.5,772.3499755859375,1349921
2026-01-08,773.0,774.3499755859375,752.6500244140625,758.1500244140625,1993731
2026-01-09,758.2000122070312,760.75,747.7000122070312,749.9000244140625,3267663
2026-01-12,750.3499755859375,766.5,750.3499755859375,754.6500244140625,1771176
2026-01-13,750.0999755859375,757.7000122070312,742.5999755859375,748.5,1820910
2026-01-14,742.0,753.75,741.8499755859375,743.2000122070312,2909648
2026-01-15,743.2000122070312,743.2000122070312,743.2000122070312,743.2000122070312,0
2026-01-16,740.0999755859375,742.0,718.0,732.5499877929688,9855757
2026-01-19,726.9000244140625,742.9500122070312,726.9000244140625,736.7999877929688,2566777
2026-01-20,736.7999877929688,742.5499877929688,730.4500122070312,732.0999755859375,2322135
2026-01-21,727.5499877929688,740.5999755859375,722.0999755859375,724.3499755859375,3455702
2026-01-22,725.0999755859375,729.6500244140625,717.8499755859375,725.0999755859375,2374582
2026-01-23,721.0999755859375,723.0,710.2999877929688,712.0999755859375,3232798
2026-01-27,712.0999755859375,725.0,708.0999755859375,720.0499877929688,3344844
2026-01-28,722.2000122070312,731.5999755859375,719.0,728.5999755859375,1778744
2026-01-29,728.5999755859375,732.25,722.8499755859375,727.0999755859375,2511005
2026-01-30,721.25,735.7000122070312,720.6500244140625,731.0,3672455
2026-02-02,717.2999877929688,721.6500244140625,708.7999877929688,717.5,1824473
2026-02-03,721.5,735.0,718.1500244140625,720.1500244140625,3911536
2026-02-04,724.0,727.0,714.9000244140625,722.5,4826046
2026-02-05,722.4000244140625,723.2999877929688,712.0999755859375,720.7000122070312,1268905
2026-02-06,718.0,721.9000244140625,698.5499877929688,703.5,4114496
2026-02-09,704.5,711.9500122070312,702.5,707.9000244140625,4093084
2026-02-10,711.25,713.9500122070312,702.8499755859375,703.9500122070312,2320888
2026-02-11,704.0,705.5999755859375,699.0,701.0999755859375,1873706
2026-02-12,697.0,704.5499877929688,688.9000244140625,702.7000122070312,5334547
2026-02-13,702.0,707.5499877929688,695.0499877929688,696.7999877929688,2076033
2026-02-16,693.0,708.4000244140625,693.0,703.9000244140625,1975111
2026-02-17,702.5,710.9000244140625,701.5,705.7999877929688,1320272
2026-02-18,705.8499755859375,730.7000122070312,704.8499755859375,729.5999755859375,4974855
2026-02-19,726.9000244140625,735.7999877929688,723.5,733.1500244140625,2875538
2026-02-20,733.1500244140625,735.6500244140625,726.9000244140625,728.6500244140625,1600534
2026-02-23,730.0,745.75,729.7000122070312,742.4500122070312,2722974
2026-02-24,740.0999755859375,742.7999877929688,730.1500244140625,734.75,1919196
2026-02-25,740.0,741.9000244140625,732.8499755859375,735.25,2075312
2026-02-26,735.4500122070312,744.9000244140625,731.6500244140625,734.0,2329954
2026-02-27,733.0,736.7999877929688,714.25,715.2999877929688,3416009
2026-03-02,704.5999755859375,720.0,703.0,707.2999877929688,2741633
2026-03-04,691.4000244140625,707.0999755859375,681.9000244140625,684.5999755859375,5964323
2026-03-05,684.5999755859375,693.0,670.9500122070312,684.2999877929688,5413365
2026-03-06,677.5999755859375,679.2000122070312,667.9500122070312,668.5499877929688,2997163
2026-03-09,655.0,659.9000244140625,642.0999755859375,653.75,4330230
2026-03-10,653.9500122070312,661.5999755859375,653.4000244140625,656.0999755859375,3547812
2026-03-11,654.0,657.5,645.9000244140625,647.9000244140625,1336810
2026-03-12,644.5999755859375,649.3499755859375,636.0999755859375,645.7000122070312,3339906
2026-03-13,638.25,640.5999755859375,624.0,625.75,3167065
2026-03-16,625.0,630.5499877929688,617.2000122070312,626.0,2750363
2026-03-17,625.0,645.3499755859375,623.2999877929688,642.2999877929688,3465318
2026-03-18,642.4500122070312,646.5999755859375,639.5999755859375,643.3499755859375,2424345
2026-03-19,630.0,638.5499877929688,624.0,633.5,1942109
2026-03-20,635.0,635.5,622.0499877929688,623.6500244140625,3012022
2026-03-23,615.0999755859375,617.0,590.0999755859375,592.0999755859375,4223148
2026-03-24,597.0,607.6500244140625,590.0499877929688,603.0,3644510
2026-03-25,603.9500122070312,617.2000122070312,603.9500122070312,612.9000244140625,2915736
2026-03-27,605.0,612.4500122070312,600.0,610.2000122070312,4422345
2026-03-30,608.9500122070312,610.0,587.8499755859375,590.5999755859375,6294260
2026-04-01,600.0,606.1500244140625,569.0,572.9500122070312,9823726
2026-04-02,568.5999755859375,568.9000244140625,555.0999755859375,566.0999755859375,5837873
2026-04-06,563.0,582.4000244140625,560.75,580.4000244140625,4333557
2026-04-07,579.5,582.9000244140625,573.5999755859375,581.7000122070312,3550393
2026-04-08,595.0,608.5499877929688,592.0499877929688,598.2999877929688,5911479
2026-04-09,592.9000244140625,599.5,584.4000244140625,591.2000122070312,3912249
2026-04-10,595.0,605.4500122070312,590.5,604.1500244140625,4385843
2026-04-13,592.4500122070312,622.9500122070312,592.0,619.0999755859375,5549755
2026-04-15,628.0,642.1500244140625,626.0,640.4500122070312,5737074
2026-04-16,647.0,650.75,627.7000122070312,631.5,3022526
2026-04-17,618.9500122070312,625.0,606.2000122070312,616.4500122070312,8161002
2026-04-20,617.0,617.0,605.3499755859375,609.75,4980912
2026-04-21,609.75,615.9000244140625,602.7999877929688,614.2000122070312,4800986
2026-04-22,614.2000122070312,617.25,603.25,604.0499877929688,3995083
2026-04-23,604.2000122070312,607.75,595.5,598.6500244140625,4485591
2026-04-24,598.0,603.1500244140625,585.5999755859375,588.2000122070312,2806940
2026-04-27,595.0,603.4500122070312,590.0999755859375,597.2999877929688,5548234
2026-04-28,594.2000122070312,598.5999755859375,588.5,590.1500244140625,5604921
2026-04-29,592.0,602.9500122070312,589.5999755859375,594.4000244140625,6869287
2026-04-30,594.3499755859375,594.3499755859375,578.4000244140625,586.9000244140625,6234625
2026-05-01,586.9000244140625,586.9000244140625,586.9000244140625,586.9000244140625,0
2026-05-04,591.9500122070312,596.2000122070312,583.0,588.3499755859375,2591864
