time,open,high,low,close,volume
2015-01-01,64.06218619613554,64.08094640001305,62.8428473666337,63.19926834106445,225885
2015-01-02,63.293089016378566,64.90636987499713,63.293089016378566,64.36235809326172,649742
2015-01-05,64.53116074622646,64.69999112647255,62.84284549414495,63.499412536621094,592629
2015-01-06,63.72451771907633,65.05640616115075,62.73028428191049,63.12422561645508,1693131
2015-01-07,63.25555572245957,63.42438612580483,61.154538609153185,61.585994720458984,774681
2015-01-08,62.092490681355585,62.336356179605694,60.85439153489204,61.84862518310547,1855173
2015-01-09,62.65526938255299,62.65526938255299,60.760602905962564,61.06074905395508,994079
2015-01-12,60.44168897329084,61.060735615877896,59.69132663085301,59.86015701293945,1086665
2015-01-13,60.179047952769125,60.404158909436134,59.466206131339305,59.7100715637207,715359
2015-01-14,59.69132942822556,59.72884411221933,57.12133599501178,57.57155227661133,2383600
2015-01-15,57.96548649413691,58.43446292208301,57.23388441150299,57.74037551879883,3260692
2015-01-16,57.815430070740426,60.141552561346366,57.68411434977578,58.88469314575195,1748721
2015-01-19,59.65380057072722,60.70430889555105,59.297379636807484,60.16029739379883,1327323
2015-01-20,61.90491226997068,62.03622801016516,60.59177776727434,60.74184799194336,2802867
2015-01-21,60.77934607585878,61.71729894739981,59.728837714770826,61.4359130859375,1563770
2015-01-22,61.904903405490224,62.18628933006064,60.985710530189145,61.97993850708008,1393089
2015-01-23,62.280086991177285,62.58023313368743,61.71731512077508,62.29884719848633,1062976
2015-01-27,62.65526665611049,63.780810368495715,61.529722943725275,63.66825485229492,1805874
2015-01-28,63.2180323551684,64.38109636794745,63.16175746495459,63.94963455200195,2031714
2015-01-29,63.743287908578665,65.76926996072208,63.330591995505664,65.54415893554688,1577204
2015-01-30,65.6567153930664,66.76349887901584,64.53117170061384,65.6567153930664,1505560
2015-02-02,65.99435887647617,66.08815415954382,63.930862648987826,65.20648193359375,842992
2015-02-03,64.90634299629508,65.84429592976755,64.75627281686363,65.1126937866211,1304414
2015-02-04,65.13145123001244,66.59465545429543,65.13145123001244,66.05064392089844,977331
2015-02-05,66.10692886378592,66.3320398824575,63.912122193387766,65.24401092529297,843100
2015-02-06,64.68123674885734,64.68123674885734,62.69278096382465,63.72452926635742,870314
2015-02-09,62.1112521231909,66.50087125273956,62.1112521231909,65.28153228759766,843965
2015-02-10,64.90632873706603,67.30748542932287,63.780785464168936,66.78223419189453,1100880
2015-02-11,67.53262787671399,69.22094357363184,67.36379745198457,68.54561614990234,1318040
2015-02-12,69.033336938712,69.033336938712,64.73751358395533,65.525390625,1319398
2015-02-13,66.0318832397461,66.66969005789525,65.67546228767539,66.0318832397461,602865
2015-02-16,66.16321724220805,68.52685459147344,65.7880359836184,68.03912353515625,683913
2015-02-18,67.47632823928392,68.00157952917156,66.08815348421996,66.74472045898438,571603
2015-02-19,67.15743630607585,71.47202020283491,65.65671147242053,69.55859375,1791313
2015-02-20,70.15889486812341,70.15889486812341,67.53262607626853,68.0203628540039,956957
2015-02-23,68.33926134315435,68.54561217243283,64.906355248546,65.97562408447266,750637
2015-02-24,65.65671492373312,67.28875555604755,64.77503674768992,65.56291961669922,985157
2015-02-25,65.41283840823658,66.76348716736204,64.23101430359027,64.83130645751953,1189397
2015-02-26,64.925114965239,66.91357668949898,64.925114965239,66.18196868896484,980090
2015-02-27,66.40707539742971,67.40130333238206,65.84430357202777,66.53839111328125,560174
2015-03-02,67.26997540171334,67.26997540171334,65.37530961650272,66.06939697265625,328398
2015-03-03,66.46334507207206,67.57013415498511,65.60043292071765,67.23246765136719,429124
2015-03-04,67.66393775688486,68.47057511904775,64.6249674753752,65.67547607421875,1374445
2015-03-05,65.28151206349787,66.36953497463243,64.1934891523633,64.4936294555664,1202613
2015-03-09,64.15599686551008,64.68124835109245,62.80534200999566,63.79957580566406,1053892
2015-03-10,63.968383776189135,64.531155480965,63.5932026396719,63.893348693847656,383799
2015-03-11,63.89335966180972,64.15598535749226,63.368102545633825,63.72452926635742,635471
2015-03-12,63.93086337261348,64.15597434444776,62.48641943190801,63.893348693847656,970237
2015-03-13,64.21226799585132,64.71876496813523,62.63650790680685,63.274314880371094,648164
2015-03-16,63.03043033322112,63.49940674939092,61.82985185278839,63.12422561645508,625526
2015-03-17,62.65526660073253,64.53117278638321,62.65526660073253,64.19351196289062,717231
2015-03-18,64.47487722591228,66.40705768792529,64.47487722591228,66.06939697265625,1064476
2015-03-19,66.36953731381291,66.632168675586,63.48064385759464,63.98714065551758,894438
2015-03-20,63.18050123807481,64.53115562242152,60.66678876286106,61.811092376708984,1107623
2015-03-23,61.99869444061297,62.205045249371445,60.047753309682946,61.13577651977539,1211187
2015-03-24,61.004464128471135,61.86737629049627,59.27862835479954,59.69132995605469,772986
2015-03-25,59.65382173326281,60.96695617393212,59.57878662447264,60.77936553955078,1338997
2015-03-26,60.77933813820423,61.64225581228873,58.659567215283154,59.9351806640625,1635658
2015-03-27,59.522484909067394,60.74182360050592,59.01599381058651,60.310367584228516,513996
2015-03-30,60.16031541979049,61.510964477996914,59.95396458838337,60.8731575012207,646396
2015-03-31,60.966948040692365,62.52394780842254,60.40417621262444,60.83563232421875,412042
2015-04-01,60.81688442502889,61.96118268609296,60.2165921201988,61.39841079711914,294966
2015-04-06,61.77358965780007,62.20505152414692,60.62929144116847,61.37965393066406,365485
2015-04-07,61.379648662755564,62.28008128294606,60.87315173589155,61.998695373535156,425042
2015-04-08,62.01744698273525,62.73028889784305,61.43591503893142,61.886131286621094,456876
2015-04-09,62.33634653305643,62.35510673574429,61.02321249224733,61.54846954345703,415284
2015-04-10,61.71731068995452,65.65671349995162,61.71731068995452,65.43160247802734,1085610
2015-04-13,65.58168043184438,65.58168043184438,63.855844476475596,64.0809555053711,802461
2015-04-15,64.08093926210627,64.49363507738934,63.53692775911824,63.893348693847656,749781
2015-04-16,64.90633291099344,65.0376485911996,63.93085972182928,64.64370727539062,1048846
2015-04-17,64.56868648694912,65.28152847345915,64.15598487908916,64.606201171875,445014
2015-04-20,64.90633661748222,65.13144758931651,62.655249798378804,63.893348693847656,1953588
2015-04-21,64.2122529790046,65.61918232319674,62.37386759251763,63.14299011230469,1959986
2015-04-22,63.03044603331626,64.75628196462915,62.16752806765981,63.29307174682617,1325483
2015-04-23,63.780811221100564,65.16898067330341,63.499425289242765,64.53117370605469,1243637
2015-04-24,63.85584894209423,64.56869676690724,62.39264432638129,62.89913558959961,756291
2015-04-27,63.461890946387115,63.93086739655199,60.873143231401066,61.2108039855957,1044435
2015-04-28,61.15453437324097,63.72452783161126,60.92942336783238,63.44314193725586,1956198
2015-04-29,63.780808897030084,64.5311713546422,63.14300195302203,64.1372299194336,821298
2015-04-30,63.93087962668035,64.15599065574784,62.91789144549922,63.55569839477539,2257272
2015-05-04,63.96840324104282,65.18774230575478,63.61198219785856,64.66249084472656,1195762
2015-05-05,64.5686914357252,68.82699492591017,64.54993122941903,68.41429901123047,1926105
2015-05-06,67.92654919728541,68.65815130392257,65.11269053728859,65.8818130493164,1611728
2015-05-07,65.35656167165014,67.47633881442317,64.53116420469178,65.73174285888672,1396854
2015-05-08,65.65670353351253,66.83852190719166,65.63794333039804,66.31327056884766,854026
2015-05-11,66.66970687934561,67.85153124994763,65.65671865083786,66.23825073242188,1747162
2015-05-12,66.52365257252615,66.7519911412015,63.4790918672118,64.50662994384766,1529013
2015-05-13,64.84915485737038,66.40949488229178,64.62081623884723,66.14309692382812,803691
2015-05-14,65.80057496297113,67.26577232656356,65.3248622873943,66.99937438964844,930812
2015-05-15,67.36091923017365,67.36091923017365,65.76252569798429,66.71395111083984,620005
2015-05-18,66.63783453135052,67.32285614485858,66.40949012215479,66.67588806152344,429352
2015-05-19,66.61880510292548,68.29331141959939,66.56171609690095,67.60828399658203,533529
2015-05-20,67.37993489052222,67.66536245503414,66.58073538707336,67.01839447021484,536482
2015-05-21,66.86616782824363,67.89370597401884,66.08599793360425,67.53216552734375,644352
2015-05-22,67.53217890090046,68.54069338633688,67.11355517707423,67.49412536621094,1061165
2015-05-25,66.59979008564964,68.16013034761549,66.59979008564964,67.798583984375,669080
2015-05-26,67.09451329861105,68.12205146091534,65.45806062166167,65.78154754638672,321591
2015-05-27,65.3058460030616,66.5997823079427,64.73499072613637,65.93378448486328,965875
2015-05-28,65.93378397162667,66.4665799031268,64.84915663109555,65.1916732788086,970272
2015-05-29,65.19168643787597,65.61031023797177,63.78357764293321,64.39248657226562,1432314
2015-06-01,64.31636335917925,64.79207610591874,63.631335842466314,63.82162094116211,725464
2015-06-02,64.69692229671428,65.19166462862644,63.364926837664285,63.631324768066406,820036
2015-06-03,63.85967824670477,64.24024843195683,62.413510381338874,63.89773178100586,914013
2015-06-04,63.93579787756565,65.2677936666816,63.3649425393731,64.31636810302734,1000917
2015-06-05,64.10703937821901,66.21920483167162,63.85967110827284,64.67789459228516,1098379
2015-06-08,65.57224293828605,65.57224293828605,63.93579000879577,64.4495620727539,510140
2015-06-09,64.08801206741674,65.42000761590732,63.97384566603506,64.4114990234375,504546
2015-06-10,64.12608944165363,64.48763003080661,62.451582603975965,63.954833984375,1116208
2015-06-11,63.9357939929497,64.10704942259416,62.12808553183952,62.41351318359375,746516
2015-06-12,62.794073395562236,63.935783820936095,61.899731239536905,62.62281799316406,511304
2015-06-15,63.51716548932186,63.66939705697851,62.28031231143421,62.87019729614258,595959
2015-06-16,62.56573465163877,62.8511622838215,61.842653639591866,62.64185333251953,395418
2015-06-17,62.508643534948305,63.23172445545923,61.88070514645405,62.85115432739258,938251
2015-06-18,62.603791890094534,63.28881934574062,62.413506808361724,62.775047302246094,354277
2015-06-19,63.06047702741663,63.935789593980324,62.794079065516385,63.66939163208008,542849
2015-06-22,63.631346937372065,64.27831522433655,63.17466378228192,63.954833984375,686719
2015-06-23,64.14510060064964,66.10503457040032,63.55521570070224,65.7244644165039,1217512
2015-06-24,66.12406472863968,66.1430943978832,64.14510107514734,64.4114990234375,469221
2015-06-25,64.16414075619718,64.65887739148634,63.36494097958437,64.14511108398438,716158
2015-06-26,64.27830041514929,65.15361298151478,63.897730239080815,64.69692993164062,434245
2015-06-29,63.85968094480893,64.88721932699549,63.2888256428119,64.46858978271484,976354
2015-06-30,64.39247084086102,64.90624288709934,62.83213664654297,63.59327697753906,1031353
2015-07-01,63.59327655331816,64.54470196071645,63.4791043430224,63.84064483642578,765086
2015-07-02,63.745508812543605,64.20219189337465,62.318370555546366,62.47059631347656,1166239
2015-07-03,62.45157433684621,62.546716890188726,61.29083402465935,61.51917266845703,1040593
2015-07-06,60.548719664894975,61.576258018405916,60.4345474462737,61.40500259399414,460224
2015-07-07,61.176661987320266,62.03294497003548,61.15763231518514,61.42403030395508,435622
2015-07-08,60.18717575073242,60.51066274861986,59.02644126816802,60.18717575073242,1147009
2015-07-09,60.13008526740623,61.23373640835916,59.97785952625403,61.00539779663086,535605
2015-07-10,61.27178907953086,61.50013347345037,60.16813805867796,60.43453598022461,720880
2015-07-13,60.6628683443908,61.0244145655163,59.863674661731054,60.75801086425781,354891
2015-07-14,60.8531528239884,61.74749482532156,60.624814262632505,61.08149719238281,543428
2015-07-15,61.27181034426476,62.489633984730105,61.138608433743364,62.261295318603516,534837
2015-07-16,62.41350723213652,62.67990518696327,61.76653911126015,62.527679443359375,482702
2015-07-17,63.174641834183554,63.174641834183554,62.10904430448824,62.508644104003906,408816
2015-07-20,62.94629981864158,64.08801025651566,61.91876158596283,63.32686996459961,1484142
2015-07-21,64.620814196046,64.84915280735089,62.4135061111934,63.155616760253906,1096168
2015-07-22,62.45156674862183,63.04144586203926,62.03293724196439,62.43253707885742,490284
2015-07-23,62.45157493469612,63.517166896700786,62.45157493469612,63.1365966796875,294940
2015-07-24,63.174653588271724,63.174653588271724,62.261287425474336,62.41351318359375,354402
2015-07-27,62.41350769180005,63.07950548729182,61.27179718524273,62.29933547973633,677281
2015-07-28,62.22322203396381,62.22322203396381,59.178660711201054,59.50214767456055,964940
2015-07-29,59.36894051005233,60.77704883510083,58.24625978360985,60.37744903564453,745475
2015-07-30,60.89122127394353,60.89122127394353,59.407000078206906,60.225223541259766,416950
2015-07-31,60.510665460990786,60.510665460990786,59.6163231140655,59.7685546875,170533
2015-08-03,59.977860409568514,61.842651897825455,59.36894582191243,61.55722427368164,563473
2015-08-04,61.59527627393882,61.74750199919512,59.768538535667275,60.301334381103516,570856
2015-08-05,59.93980714575349,61.04345841482737,59.93980714575349,60.320377349853516,514924
2015-08-06,60.47261307471312,61.30987230734792,58.988391356935814,59.21673583984375,1109945
2015-08-07,59.93981526607274,59.93981526607274,58.760045150717666,59.159645080566406,678485
2015-08-10,59.29282108164999,59.559218982785055,58.07499795714775,58.62682342529297,1139649
2015-08-11,58.98836953538955,59.10254173460784,57.37094649974178,57.58026123046875,1045861
2015-08-12,57.085518418651304,57.44705887389492,55.31586967048881,55.67741012573242,737949
2015-08-13,55.71546880088909,56.03895575796148,53.39399432162524,54.973358154296875,2291212
2015-08-14,55.56323666424807,56.00088997269192,54.45958565606152,55.33489227294922,1083959
2015-08-17,55.372960339533115,57.23775187007596,55.18267525245568,56.74301528930664,343275
2015-08-18,57.1235809635364,57.808602577420395,55.753526121689305,56.0579833984375,652167
2015-08-19,55.56324789787103,56.096043842568754,53.12760099776676,53.47011184692383,1808836
2015-08-20,53.54622348568533,53.907763997445315,52.13811497264954,53.10857009887695,628925
2015-08-21,52.78508300169269,53.08954030823757,51.41503383280096,52.19519805908203,667341
2015-08-24,51.37697568300996,51.37697568300996,44.94533888717358,46.6008186340332,1948289
2015-08-25,47.57127354382028,48.75104345052312,44.54574170784136,48.199214935302734,1288820
2015-08-26,48.21823854965867,48.94132534446685,46.048989779313835,48.3514404296875,1311735
2015-08-27,49.05548586925195,50.025940831201076,48.48463359598254,49.49314498901367,1595746
2015-08-28,50.615843871881324,51.33892503294884,49.740531124718736,50.12110137939453,1286319
2015-08-31,50.235260522969035,50.235260522969035,47.70446840834276,48.389495849609375,790997
2015-09-01,48.2182375690511,49.45509057515995,47.32389828379944,47.85669708251953,601754
2015-09-02,48.332413950027735,52.51868602443958,47.53321713470768,48.69395446777344,695697
2015-09-03,49.45508909200812,51.091541873960004,48.465607297499446,50.74903106689453,717965
2015-09-04,50.425548808139624,50.730006113294905,49.13161252002982,50.27332305908203,712335
2015-09-07,50.57777584483696,50.9964053759632,49.47412461847176,49.60732650756836,412481
2015-09-08,49.51218388475018,50.615835109433,49.34092265416126,49.66440963745117,604868
2015-09-09,50.80611695183648,52.689938104373006,50.69194474109854,51.37697219848633,914057
2015-09-10,51.33891513372532,51.33891513372532,49.16966626175836,50.19720458984375,843494
2015-09-11,50.235255557431536,50.615825675290864,49.207717400619174,49.49314498901367,506651
2015-09-14,49.188691317776886,52.13810994611554,48.71297863578678,51.73851013183594,1142621
2015-09-15,51.053490605025004,51.985892251575834,50.254296659890606,51.54823303222656,1222629
2015-09-16,51.73851030904309,51.73851030904309,50.12108718473698,50.558746337890625,694065
2015-09-18,52.02395119388152,52.537723346102794,50.806127574478275,51.700469970703125,1299240
2015-09-21,51.30086074737419,52.27131585495589,50.330405639792495,51.64337158203125,574826
2015-09-22,52.119081399659876,52.442568353194325,50.501658246067045,51.110572814941406,627150
2015-09-23,49.474128462781735,52.29034576015457,49.16967112621802,51.529205322265625,872316
2015-09-24,51.79560703794711,55.068507305009575,51.22475173249011,54.51668167114258,1597066
2015-09-28,54.80210175556449,54.80210175556449,51.909766284538286,52.38547897338867,359610
2015-09-29,51.20572077127904,52.13811658530155,51.034465345363124,51.28183364868164,385717
2015-09-30,51.947822255412696,53.58427496039765,51.376967065792776,53.203704833984375,428345
2015-10-01,53.43204249172057,53.43204249172057,51.7955956223768,52.670902252197266,505895
2015-10-05,53.2037083535688,55.14461264244959,52.55674025727521,54.421531677246094,822979
2015-10-06,54.802105415040145,54.99239050328681,53.413026593655495,54.573760986328125,672001
2015-10-07,54.611816820790544,57.12358214721072,54.00290225467666,56.457584381103516,995590
2015-10-08,57.08553122535711,57.23775698580852,54.80210997634283,55.16365051269531,559187
2015-10-09,56.21021078971808,58.6839167997541,56.01992571202301,57.256778717041016,2589576
2015-10-12,57.84668087868799,58.87421944341429,56.03897210122899,56.4005126953125,1397754
2015-10-13,56.8762069254805,58.531689376619944,55.924781564374975,58.151119232177734,1575937
2015-10-14,58.15113775432582,58.79810604454031,57.21874176486599,57.50416946411133,1091650
2015-10-15,57.5041590445772,57.86569957003659,55.867706037348,56.01993179321289,781703
2015-10-16,56.03895465597341,58.87420111552984,56.03895465597341,58.702945709228516,1108770
2015-10-19,58.798093168041376,60.81511629573173,58.417522985723956,60.130088806152344,1451929
2015-10-20,61.633331185414015,62.318358578524744,60.18716353485565,60.60579299926758,1985789
2015-10-21,60.54872268519247,62.051973852077175,60.130093131712435,61.78557586669922,804559
2015-10-23,63.32484823907466,63.51969392596412,60.49958577917749,61.29845428466797,1074068
2015-10-26,62.03886551636053,62.35061980462736,60.830825825376955,61.29845428466797,617767
2015-10-27,61.181532759494274,62.350606633879515,60.733390152800155,62.0583381652832,907616
2015-10-28,61.96092630377284,62.15577198397338,60.986697902770125,61.473812103271484,506961
2015-10-29,61.25948318032467,62.311648707352184,59.97350044897171,60.655460357666016,1343496
2015-10-30,60.79185894295184,62.09732752309895,60.34371620743688,61.2400016784668,553302
2015-11-02,61.16206331948935,61.66866332275893,59.759177863764506,60.71392059326172,366922
2015-11-03,61.18154358297067,61.84401770640886,61.0841207428704,61.473812103271484,653301
2015-11-04,61.84402196471525,62.194747780956625,60.49958786800336,61.12309646606445,496565
2015-11-05,61.181554663417494,61.53227457280922,59.954029034327114,60.42165756225586,372311
2015-11-06,60.59700439802182,61.12309009443399,59.23308468488307,59.62277603149414,263203
2015-11-09,58.414733711188404,61.37639048781809,58.0640138583168,60.597007751464844,337852
2015-11-10,60.36318639112839,60.38267214743771,55.9791588013403,56.40782165527344,1403838
2015-11-13,55.33617905017663,56.83649332544715,55.199784681072444,56.622161865234375,871661
2015-11-16,56.11556032080958,56.48576595312673,55.569994751733645,56.29092025756836,551497
2015-11-17,56.505244478267834,57.6938042582612,56.1155531370384,57.498958587646484,863788
2015-11-18,57.49896788544616,57.55741921759518,54.673705204677155,54.90751647949219,759337
2015-11-19,55.14132109567384,56.77802343011817,54.71265827050666,55.78430938720703,957903
2015-11-20,55.72586850766782,55.72586850766782,54.790611554558076,55.23875427246094,1629413
2015-11-23,56.11557003870023,56.15454156304835,54.75164993359293,55.51154708862305,1398211
2015-11-24,55.4336107611235,55.725879359161056,54.88804508994133,55.14134216308594,742273
2015-11-26,55.258241021509946,55.86226387323616,54.88803538536123,55.31669235229492,1083310
2015-11-27,55.53102846055788,56.38834841245947,55.18030855403155,55.550514221191406,487440
2015-11-30,55.6089604587054,56.17401178795868,55.21926906663848,55.959686279296875,492851
2015-12-01,56.15452781454697,58.72648724388742,55.95968213295065,57.24565887451172,1857144
2015-12-02,57.986088758666405,58.375780207385645,56.057117276750105,56.38835144042969,797507
2015-12-03,56.73906906343071,56.73906906343071,55.53102336953577,55.959686279296875,622491
2015-12-04,56.076588376136804,57.635353928732336,55.51153705256466,57.40154266357422,958821
2015-12-07,57.59638466911608,57.86916743410727,56.40782482213486,57.24565887451172,498870
2015-12-08,57.011844884322684,57.05081045103827,55.16081099811882,55.43359375,780726
2015-12-09,54.946480706768284,56.32988619749438,54.77112078737329,55.647926330566406,1111804
2015-12-10,55.80380049309125,56.07658325061882,55.3556578161687,55.647926330566406,475801
2015-12-11,55.647925066601566,56.07658197691764,54.36194244321734,54.49833679199219,734992
2015-12-14,54.167097810728364,55.29720035059444,53.991737891951644,55.04390335083008,833825
2015-12-15,55.06338185503807,58.141940745197815,55.06338185503807,56.73905563354492,1818380
2015-12-16,57.089804600816265,58.141970458822726,55.8817585754849,57.61589050292969,1129756
2015-12-17,57.654853709538486,58.375785331438145,56.54423655093376,58.12248229980469,846975
2015-12-18,58.04453151647648,58.04453151647648,56.48576595203955,56.758548736572266,927843
2015-12-21,57.28463714239368,57.96659710837456,56.11556291499789,57.771751403808594,641993
2015-12-22,57.28462615545344,59.1941113154814,55.88173497315926,56.32988357543945,872577
2015-12-23,56.70009585742853,58.04452993078364,56.54422168373059,57.18721008300781,620818
2015-12-24,57.67432937701704,58.45371220643619,56.89494654759789,58.00556945800781,507856
2015-12-28,58.06401912283403,58.35628767546575,57.12876213290012,57.537933349609375,309542
2015-12-29,57.71328979993577,57.90813546982587,56.40782143318489,56.894935607910156,496717
2015-12-30,57.284628673791886,57.81071437683437,56.83648599802838,57.07029724121094,324770
2015-12-31,57.07028226049388,57.77172769835124,56.739048266378305,57.05079650878906,641472
2016-01-01,57.050830721760406,58.45372243877916,56.953407851029105,58.12248229980469,632558
2016-01-04,57.96658746710103,58.74597015573433,56.310399253755286,56.52473068237305,720734
2016-01-05,56.77802685313196,59.622774814574186,56.07658125430515,58.94081497192383,1742781
2016-01-06,58.55113908774013,59.096704727374366,56.583196118841734,56.77804183959961,1160640
2016-01-07,56.115547312226404,56.23245589170369,53.73842799898543,54.20606231689453,930475
2016-01-08,54.55678717624773,55.31668409410189,53.93327865860345,54.88802719116211,576259
2016-01-11,54.51781760147204,54.94648046586319,53.30977798165557,54.57627487182617,755047
2016-01-12,54.907514781052974,55.647931993944816,54.59576642427615,55.19978332519531,934979
2016-01-13,55.72586950644615,55.86226387323616,54.361949623421246,55.31669235229492,1214092
2016-01-14,54.615250701282335,55.6869021174034,54.245045037684356,55.297210693359375,816032
2016-01-15,55.569994189676386,55.569994189676386,53.5630799779927,54.63473129272461,554789
2016-01-18,54.63472744142603,55.121841641057536,53.73843612486041,54.16709899902344,976804
2016-01-19,54.361944678876036,55.29720156368123,53.641013284934104,54.16709899902344,1091868
2016-01-20,53.3877126731273,54.556786673268775,52.920084262314276,54.303489685058594,605460
2016-01-21,54.12813392753647,56.50525388317846,53.485145485974094,55.18030548095703,2182043
2016-01-22,55.56999238737528,57.674323431384344,55.43359802780015,56.48576354980469,1767790
2016-01-25,56.89493940030334,59.38896176265121,56.89493940030334,58.92133331298828,2604332
2016-01-27,59.3889554734422,63.714531553743036,58.82390424217854,62.25318908691406,3020676
2016-01-28,61.96091515269592,67.41659321645531,61.454315286103395,64.12370300292969,8426807
2016-01-29,63.51969727225926,63.77299430007216,60.42165187675172,62.74031448364258,1492897
2016-02-01,62.54545802202814,63.03257218107821,61.239989697286866,62.37009811401367,605007
2016-02-02,61.96092768636429,62.58443625540626,60.207316525429455,60.733402252197266,564526
2016-02-03,60.44113087601145,61.045147712661475,59.622776661000664,60.34370803833008,362758
2016-02-04,60.51908397195935,64.2796041231122,60.51908397195935,62.89619827270508,1117926
2016-02-05,63.51968751088294,66.0526811846298,63.51968751088294,65.56556701660156,959801
2016-02-08,65.70196786887458,66.24753341260868,64.29907654753194,65.35124206542969,580409
2016-02-09,64.29908089521454,65.6435150337798,63.01309808806648,63.90938949584961,592327
2016-02-10,63.16898415393968,65.02001847493534,61.999909845942426,63.26640701293945,619320
2016-02-11,62.74032338029108,63.79248910487812,60.246300481549966,62.79877471923828,1162338
2016-02-12,62.91567357444784,63.24691363363608,60.421651062953124,61.57123947143555,1403087
2016-02-15,62.35062399317656,66.20856647426682,62.35062399317656,65.44866943359375,613458
2016-02-16,65.85784720017125,66.59825848843117,63.75351599948175,64.47444152832031,1118583
2016-02-17,63.81194922314304,64.55236030129109,62.50648101322085,63.617103576660156,1085487
2016-02-18,64.49392728774167,65.13691572511375,63.32485307708774,64.47444152832031,1533444
2016-02-19,64.29907422267294,65.46814829944881,63.48071999044253,63.98731994628906,444324
2016-02-22,63.85094099078745,64.29908374140658,63.480729388028294,63.83145523071289,451514
2016-02-23,64.10423774552122,64.61083777409134,63.597637716951084,63.8509407043457,536131
2016-02-24,63.48071198004335,64.04576913615712,61.61019845020982,63.87040328979492,1049226
2016-02-25,63.90939203808802,64.20166059923781,62.97413502089632,63.8509407043457,928748
2016-02-26,63.948356893598984,64.10423106481326,62.13628843558594,63.46124267578125,716255
2016-02-29,62.54545846212348,63.59762386383152,61.14256729570087,62.48700714111328,574797
2016-03-01,62.779280264251945,64.47443410684426,62.720822992716755,63.519691467285156,1051110
2016-03-02,64.18217015193552,65.000524441877,62.935158904677905,63.14949035644531,1399080
2016-03-03,64.123716109157,67.1438242260171,62.8377333991858,66.32546997070312,1758944
2016-03-04,67.35815347507476,68.58567887185072,66.67619359992852,67.59196472167969,2795241
2016-03-08,67.26073569127155,69.46248964660349,66.94898139281445,67.94269561767578,1787572
2016-03-09,67.0269006855904,68.0011288932298,65.72143250886678,67.06587219238281,1143845
2016-03-10,67.6504146489445,67.747837477675,65.81886071183709,66.15010070800781,991559
2016-03-11,66.05268463586475,66.92949018412844,65.03948473493944,65.91629028320312,992924
2016-03-14,66.46186885700159,67.10485728268762,66.09166321959998,66.42289733886719,543555
2016-03-15,66.05268610253373,67.37763435973145,65.89681193564634,66.87104034423828,879945
2016-03-16,66.26703878863246,66.98796447440735,65.0005414513904,65.93579864501953,602327
2016-03-17,66.24753996024955,67.18279696943604,65.62403132331252,65.89682006835938,730586
2016-03-18,66.63721610644816,67.49453582617647,66.63721610644816,66.83206176757812,994232
2016-03-21,66.61775287848408,67.4945586500687,66.42290715146528,66.85157012939453,707187
2016-03-22,66.96846714908503,67.28021550131277,65.93578140712,66.2475357055664,1001930
2016-03-23,66.48135120681852,67.04640251347797,65.87732838402314,66.07217407226562,1058402
2016-03-28,66.30598130795988,66.38392433550325,64.76670165346877,65.46814727783203,868427
2016-03-29,65.11743334335203,66.81258731420347,65.11743334335203,66.2280502319336,1004592
2016-03-30,66.83208635628928,68.58569795164381,66.83208635628928,68.21549224853516,1975072
2016-03-31,75.03507708634164,76.69126546630875,70.41723181312238,71.5473403930664,20990886
2016-04-01,71.64475565675293,72.65794957895137,71.58629838768006,72.01496124267578,4312585
2016-04-04,72.48259261586485,73.96342096607778,72.09290125771503,73.33991241455078,5886098
2016-04-05,73.45681640134758,73.80753622318517,72.19031956684158,72.77485656738281,5053411
2016-04-06,72.88665795730341,73.95983301394558,71.90291301820133,72.5289306640625,4263143
2016-04-07,73.02079496805547,73.02079496805547,71.47810351006349,71.76875305175781,1953749
2016-04-08,71.54518631447743,72.17120396549684,70.74030160382343,71.58990478515625,1675482
2016-04-11,71.54517782273791,72.17119539945492,70.89680101333532,71.65696716308594,1451819
2016-04-12,71.7911210173335,71.9476220114856,71.09802569157316,71.34396362304688,997032
2016-04-13,71.72403998287321,74.38463181376258,71.72403998287321,74.20576477050781,2443394
2016-04-18,74.45170694779327,75.7931791450508,74.22812824825034,75.5472412109375,1449379
2016-04-20,76.08383697873376,80.57777069166066,76.01676609082726,78.23019409179688,3557654
2016-04-21,78.69969563029973,78.72205486299248,76.62041662839023,77.87245178222656,4553143
2016-04-22,76.30739643553352,77.71594613365316,75.05536135686644,76.95578002929688,3022091
2016-04-25,76.95578664299347,76.97813905318539,75.14479791724595,75.79317474365234,685831
2016-04-26,75.56960029049196,77.53709011320159,75.12244289232336,77.13465118408203,2132584
2016-04-27,77.44764037135973,78.0065869774219,76.97812385765175,77.31349182128906,1302931
2016-04-28,77.24642956761328,77.64886843960205,75.70373812755035,76.95578002929688,3523337
2016-04-29,76.86634310389542,77.35821890128565,76.1285362308895,76.95578002929688,950859
2016-05-02,76.86634680331733,78.74441315786439,76.10618066237579,78.00659942626953,1242234
2016-05-03,78.14074318149052,79.14684717095177,77.00049062881857,77.38057708740234,972379
2016-05-04,76.50861709507045,77.04520449281004,73.40086838796567,74.16104125976562,1129457
2016-05-05,74.25047689988784,76.08381788098515,73.7809603331519,75.0106430053711,1282198
2016-05-06,74.22812962976762,76.32976807997024,74.22812962976762,75.99440002441406,995949
2016-05-09,76.82163457011404,76.82163457011404,75.30129547685588,75.90496063232422,548357
2016-05-10,75.34601904806995,75.88260654314344,73.84803908553798,74.36227416992188,1207738
2016-05-11,73.33380047559058,75.52486861422715,72.97607325499624,75.05535888671875,626699
2016-05-12,75.12242889404297,75.72609399831605,74.541123020128,75.12242889404297,938093
2016-05-13,74.80941534093341,75.21185416925533,74.22810950429607,74.42932891845703,492038
2016-05-16,74.89885551774812,75.18950506365977,73.8256806156809,74.74234771728516,868621
2016-05-17,74.87650019624884,76.06147131987463,74.71999921069222,75.27894592285156,1212308
2016-05-18,74.98828543175696,75.41308354511692,74.71999511846207,75.1000747680664,1167258
2016-05-19,75.10008952488978,75.39074595025475,74.29520478068973,74.58586120605469,1352653
2016-05-20,74.80944695689598,75.10009658650962,72.03707197559399,72.19357299804688,729776
2016-05-23,72.88665999041243,74.83179751079992,71.9252742596485,74.49642944335938,1238431
2016-05-24,74.6529202742888,75.07771840387444,73.44559676064756,74.47406005859375,958983
2016-05-25,74.8988461997206,75.07770638678693,74.13868017007053,74.65290832519531,709871
2016-05-26,74.6752675543483,74.78705687703444,73.51265586918083,74.65290832519531,1291157
2016-05-27,74.72001348101901,76.19562762447437,74.16106666210977,75.34603118896484,1116520
2016-05-30,75.99439434127284,77.3135072298629,74.74235232954598,77.02285766601562,975631
2016-05-31,76.06147749052488,77.78302940979223,76.01675902069226,76.35212707519531,6219464
2016-06-01,76.35211389571828,77.24642855335479,75.14479047252483,75.50251770019531,471088
2016-06-02,75.52486429484298,76.75454685444159,74.89884681191522,75.23421478271484,1112106
2016-06-03,75.48017746085971,76.24034374650186,74.51878486815488,75.03302001953125,1610793
2016-06-06,75.43545076257057,76.68749282639305,74.8094331421995,75.97203826904297,845659
2016-06-07,76.19560893200631,77.17936055041557,76.06146718684106,76.68748474121094,716068
2016-06-08,77.13464409244217,77.2017149667689,75.68138268200487,76.1285400390625,1047948
2016-06-09,76.32975389131397,79.57164449240062,76.08381599833982,79.0350570678711,1430534
2016-06-10,79.3704188432148,80.3988819731229,77.35821104155582,77.53707122802734,1061568
2016-06-13,77.5817984234203,78.87855197907562,76.68748374418779,78.69969177246094,1185760
2016-06-14,78.83385373004805,79.28101114562055,77.58181160182892,78.96800231933594,639318
2016-06-15,78.69971077638587,78.81150013828415,77.38059767060246,78.23019409179688,636672
2016-06-16,77.00049512093477,78.31960795279022,76.46390765986744,76.843994140625,1828969
2016-06-17,77.29117109592983,77.55946148296042,76.46392705065217,76.88872528076172,596196
2016-06-20,76.91106228989472,79.25863831909209,76.2850447446739,78.99034118652344,1183303
2016-06-21,78.99035291473996,80.04117554639693,78.43140615813104,79.16921997070312,876444
2016-06-22,79.16923000885107,79.16923000885107,77.22409231998891,78.25255584716797,426561
2016-06-23,77.35823843360656,78.65499230239409,77.35823843360656,78.23019409179688,288365
2016-06-24,76.0167525590065,77.35822466298897,74.0045444030328,75.86024475097656,708037
2016-06-27,77.31351440356683,77.31351440356683,74.89886708932244,75.21187591552734,1449517
2016-06-28,74.76470594842014,76.91106254690311,74.76470594842014,76.75455474853516,835553
2016-06-29,76.911073709387,79.5940181411098,76.911073709387,79.16921997070312,1153949
2016-06-30,79.81758663091775,81.15905867513486,79.77286816687865,80.73426055908203,1111432
2016-07-01,80.73425702323772,80.98019491852233,78.74440827607918,79.25863647460938,931242
2016-07-04,79.83995472238712,83.03712738664734,79.63873525804215,82.7017593383789,1411992
2016-07-05,82.81353249350455,83.84199567169314,82.36637518325551,82.83589172363281,2134850
2016-07-07,82.85825233667993,84.17736505931498,82.72410377675044,83.57369995117188,1096684
2016-07-08,83.57370751970619,85.13875827343162,82.27695391013704,83.64078521728516,1338712
2016-07-11,84.02088428050007,85.31764501260449,83.88674250052495,84.9822769165039,1747627
2016-07-12,84.91516943114594,88.7160065209996,84.51273058615773,87.3745346069336,3177998
2016-07-13,87.79935960932195,91.04125081064943,85.89894062923342,86.54731750488281,2634273
2016-07-14,86.52496036274377,87.84407338091881,86.43553024378085,87.21805572509766,979819
2016-07-15,87.50869570978824,88.47008814655891,86.1672236033845,87.70991516113281,1374895
2016-07-18,87.19567998304382,88.51479275150476,83.03711541923661,84.53509521484375,1774129
2016-07-19,85.36234495450101,86.63674627408751,84.937546788999,86.0330810546875,1996210
2016-07-20,86.21196853997478,87.86644994791452,85.98838978692665,86.94977569580078,2142683
2016-07-21,84.35624286684815,87.6875710376943,84.35624286684815,86.70381927490234,3916842
2016-07-22,87.19569769014421,87.19569769014421,84.5127531458321,86.72618103027344,2444846
2016-07-25,87.35219472455579,89.58798156856203,85.40705744103838,87.70991516113281,4038231
2016-07-26,88.0229308214752,93.65710957732122,87.75463367082922,90.59408569335938,4831468
2016-07-27,91.55546326196493,94.26076647143985,91.26481372687299,93.12051391601562,3177547
2016-07-28,93.00873275685339,93.90304749490005,88.44772895743138,90.59408569335938,2607255
2016-07-29,92.36033501399811,93.4782281833201,90.9965039828096,91.19772338867188,1109245
2016-08-01,92.29328760559689,96.65307239612298,91.7119884253246,94.66322326660156,2680856
2016-08-02,94.35021676478557,95.87054928200003,92.02499951718902,92.5168685913086,1436555
2016-08-03,92.29328823875296,93.7241974331553,91.24247240152211,92.42743682861328,2084654
2016-08-04,94.26076647143985,94.3054781105651,91.91319049036383,93.12051391601562,1500020
2016-08-05,94.12661904751933,99.89494594162721,94.12661904751933,97.74859619140625,6258441
2016-08-08,98.73235233900662,99.58194864442734,97.65917051717597,98.79942321777344,2016696
2016-08-09,99.00065303512733,99.89496790201405,97.54739137643641,98.53114318847656,1805572
2016-08-10,98.3746109008789,100.74454607356138,97.63680404835401,98.3746109008789,2913281
2016-08-11,99.17950558149472,99.17950558149472,96.29534192267127,97.1002197265625,1907019
2016-08-12,97.48029637179606,99.9173024164751,97.03313904898965,98.0839614868164,1639301
2016-08-16,97.97218993057717,102.68969508358785,97.72625199379887,102.0860366821289,2192021
2016-08-17,102.39903050786913,102.46610137940667,98.86649026324868,99.78315734863281,1713727
2016-08-18,100.6104168139006,102.22018621215524,100.16325940583882,101.95188903808594,867050
2016-08-19,101.92951350085717,103.11448453654957,99.93966471784702,102.37667083740234,2115207
2016-08-22,102.06367524411246,103.96409416979692,101.10228957564541,102.93563079833984,1713296
2016-08-23,102.44374462478355,103.33805926376697,100.61039688563582,101.61650085449219,1037654
2016-08-24,101.14699840770571,103.06977651423591,101.14699840770571,102.04131317138672,1103595
2016-08-25,101.90716316755216,102.57789923093598,99.42544519149601,100.07382202148438,1940709
2016-08-26,100.61040244471648,101.10227825256693,99.22421194846855,100.58804321289062,762134
2016-08-29,101.50472001164263,104.0311563487798,100.69983540464361,101.5494384765625,1861663
2016-08-30,102.75676169646657,103.9640851921465,101.68357994902235,102.1307373046875,796938
2016-08-31,101.86244985443952,102.33196645572941,101.05756522695398,101.50472259521484,834787
2016-09-01,101.95187683440814,102.30960408265359,100.61040477079752,100.96813201904297,833706
2016-09-02,101.12465198952296,102.17547469925096,100.18562546250318,101.72831726074219,1212286
2016-09-06,101.88481501563312,104.5454001469753,101.5494469699241,102.93563079833984,1388234
2016-09-07,102.89091622583277,103.22628426200161,101.48236638007553,102.10839080810547,874257
2016-09-08,102.62263166335126,102.86856961801035,99.15716153092873,99.98440551757812,1527265
2016-09-09,100.16326509131244,100.16326509131244,94.9762361341371,98.53114318847656,1518470
2016-09-12,95.02093758168262,96.9437155655985,93.9030441983687,95.04329681396484,1144134
2016-09-14,95.46811204015717,99.04537150770405,94.88680601206461,98.53114318847656,2059077
2016-09-15,98.57584252730406,99.53723498299212,97.21201116100804,97.8380355834961,803494
2016-09-16,98.01689329895042,98.79941868974075,93.90304689484007,94.70793151855469,2735043
2016-09-19,94.88678803412023,97.43558355721775,94.64085012770738,96.9884262084961,864991
2016-09-20,97.32379241836979,99.26892957853231,96.13882819542543,98.84413146972656,1183102
2016-09-21,99.60429702602556,99.60429702602556,97.6591598767569,98.26282501220703,1248571
2016-09-22,100.11852023090509,100.11852023090509,98.4193278901343,99.80551147460938,1346645
2016-09-23,99.58195025499255,102.57790342944867,99.09008121556025,101.70594787597656,3264488
2016-09-26,101.95188519119556,103.13684954861549,100.36447508785693,102.71205139160156,1586051
2016-09-27,102.86854663683383,103.31570397337902,100.61040072266479,102.37667083740234,1572476
2016-09-28,102.37668562669558,103.82994718040496,101.97424669490054,103.0921401977539,1024885
2016-09-29,102.89091519618576,105.30556230320556,101.03520798744044,102.46611022949219,3159360
2016-09-30,101.50472515674997,105.70800179524237,101.12463865490453,104.34417724609375,1172607
2016-10-03,104.99255761809607,117.37881608406516,104.6571895721416,113.7791976928711,7070078
2016-10-04,114.0251165908976,114.71820497837889,111.00680468113855,112.66128540039062,3082075
2016-10-05,113.53326938625428,116.41744028443895,112.50481274993518,113.28733825683594,3499814
2016-10-06,113.30969261378516,115.65726917475928,110.38081683903467,111.78936004638672,1742027
2016-10-07,112.59423230106005,113.26496838686096,111.27511936360102,112.68366241455078,1400188
2016-10-10,112.57187911521942,114.31579030276711,111.8564245226928,112.52716064453125,2291956
2016-10-13,111.74460197063848,111.74460197063848,107.49660779437292,108.81572723388672,2464838
2016-10-14,108.70394424985268,110.44785502095189,108.07791992511727,109.88890838623047,745366
2016-10-17,109.77714693092972,110.60439088958043,105.9763088498181,107.47428894042969,2358367
2016-10-18,107.54133515649913,111.23038303608797,107.34011572768284,109.55354309082031,3264263
2016-10-19,109.9783506302385,112.68365400570572,109.73241271918151,110.93974304199219,4325941
2016-10-20,116.26092920715477,116.26092920715477,110.8056100474352,111.74463653564453,6395649
2016-10-21,111.78933808447746,113.08609167702552,108.43565794194315,111.65518951416016,1933457
2016-10-24,111.00683516175702,113.93571777636119,110.73853796687683,113.24262237548828,2271045
2016-10-25,113.57797226417665,115.27716481596411,112.37064872677188,113.86862182617188,2220816
2016-10-26,114.0474892297505,115.18774189433158,112.23650050636643,113.22024536132812,1805353
2016-10-27,113.13083209862677,113.6450604243881,111.09626438599177,112.14708709716797,2261358
2016-10-28,111.78935408842352,114.47229858654569,111.78935408842352,113.10846710205078,1400695
2016-11-01,114.22635439186944,123.50487709651982,113.62269600667572,121.87274169921875,6300763
2016-11-02,121.51502290771711,122.27519594278905,119.07800963012838,120.50891876220703,3197550
2016-11-03,118.18367112146666,123.19183843273055,118.18367112146666,119.48043823242188,2132194
2016-11-04,120.6964137756339,121.91239060600371,114.00856869637789,115.13446807861328,1377902
2016-11-07,118.42210982197038,120.04339403723273,116.75577313597432,118.19692993164062,963090
2016-11-08,119.79569867591509,120.11095601209169,115.87756318407186,116.71073150634766,1601920
2016-11-09,105.06896569844304,115.40472399502255,99.52953757229263,114.14371490478516,2150302
2016-11-10,116.50808024930349,122.49785980856339,115.1344746779104,116.23786163330078,4080584
2016-11-11,115.74244868647945,117.0935278540259,111.73424990486924,112.47734069824219,1693349
2016-11-15,115.24702665412853,115.29206536593914,105.99214174828398,107.455810546875,2831194
2016-11-16,110.72097099446519,110.81104158936272,106.57765490971987,107.16312408447266,1433958
2016-11-17,108.08636340812089,114.16622134982768,104.66362581808535,112.90521240234375,3517774
2016-11-18,112.13959632501415,113.19794466159874,109.8877972020219,112.49988555908203,2101271
2016-11-21,111.26137693442139,115.02187670085716,109.05461004969169,110.09043884277344,1687481
2016-11-22,112.13959316208428,114.63909149249572,110.8110330913804,113.94103240966797,1122530
2016-11-23,114.84175827070206,116.95845499913041,113.1529088843682,116.1027603149414,2267646
2016-11-24,116.55309986551087,125.38015387053329,116.19281755668918,123.10584259033203,5610394
2016-11-25,124.65957022043692,126.73122776799629,122.04748923257198,123.06079864501953,2941713
2016-11-28,124.29929194928054,129.25324923711418,124.07411207256084,128.12734985351562,4709996
2016-11-29,129.68111346206578,129.68111346206578,124.83974547936573,127.15909576416016,3989346
2016-11-30,125.24504861531445,127.87965588879281,123.33101968711314,127.27166748046875,2362723
2016-12-01,127.92470421091738,127.92470421091738,123.42110591102391,123.84895324707031,1109940
2016-12-02,123.39858690898294,126.01066828760226,121.68722514283793,122.74555969238281,1054154
2016-12-05,123.42109014896155,126.3709549050004,120.92159890928632,123.91648864746094,2154225
2016-12-06,124.65957396924115,125.42519104589194,123.80389318844195,124.27677917480469,767204
2016-12-07,125.13246845417841,126.5510990218374,123.39858054086636,125.4026870727539,1395795
2016-12-08,126.32590692294475,129.16316778408648,125.0649051499681,127.74453735351562,1927671
2016-12-09,128.3525634874727,128.3525634874727,125.85307169606315,126.6186752319336,949704
2016-12-12,126.5510959073977,127.67699533717881,124.92979797973497,126.5736083984375,873829
2016-12-13,126.55111403700005,127.00147387343065,123.89399375083778,125.26758575439453,1495541
2016-12-14,125.26758074324692,125.71794056166154,123.80391133339943,124.592041015625,712136
2016-12-15,124.74965968566787,129.83871972763555,124.07412001227976,128.48764038085938,2882439
2016-12-16,129.25328323124444,130.60436284690203,125.85307169606315,126.6186752319336,2402547
2016-12-19,125.80801018476244,126.0331900799405,120.96664243843405,121.37196350097656,1573803
2016-12-20,119.795708423201,121.14678784150777,117.7015380736036,118.1293716430664,2184292
2016-12-21,119.21023843487748,122.04749953159863,118.44462131664369,120.1559829711914,2216013
2016-12-22,118.96252045954996,119.75064999055347,117.09353032051935,117.52137756347656,996408
2016-12-23,117.74657963389537,117.99427203565048,114.70664399767266,116.39550018310547,1360594
2016-12-26,114.86425372671425,115.74245385041218,111.914396038239,112.45482635498047,1626586
2016-12-27,112.52237982695642,114.3913699333897,111.26137122495544,113.67079162597656,1445798
2016-12-28,114.50398332482159,115.31462549682149,112.18463301903601,112.4098129272461,1037376
2016-12-29,112.52239086794563,116.64317999945746,112.34224283744373,115.51728057861328,1125490
2016-12-30,115.87756959343207,116.82332791038374,114.57152893854176,115.02188873291016,953908
2017-01-02,115.71995987639102,117.3187317209046,114.2337642416535,116.89088439941406,784038
2017-01-03,117.40880208083422,117.63398197454976,115.58483669540442,116.82332611083984,865382
2017-01-04,117.00345844182168,117.09353589006191,112.68000893212454,113.17540740966797,2186297
2017-01-05,115.51727878746283,118.28698857101597,114.66159798966687,117.94921875,2537509
2017-01-06,118.44459294281295,120.56128888459267,118.21941310832091,119.12013244628906,2178696
2017-01-09,119.95332521781994,123.66879324999414,119.79569655252561,121.57462310791016,1984683
2017-01-10,122.2726801887627,123.60124703643592,121.68721797270759,122.88066864013672,983380
2017-01-11,124.29931485484703,126.2808953863634,123.87146751268136,125.26758575439453,1830540
2017-01-12,125.44771724391602,126.10074445382234,122.13758369711553,124.0516128540039,1768719
2017-01-13,124.68209713735816,125.94309891554059,122.6554783013509,125.01986694335938,1539748
2017-01-16,125.65036419245202,129.61352430383428,125.47022304991431,128.69029235839844,2269644
2017-01-17,129.34334191317018,130.22153528943488,127.49686395790175,128.3300323486328,1721964
2017-01-18,131.95543458487555,133.48665530909577,128.80291566987853,130.4016876220703,3645696
2017-01-19,130.51428666065877,132.31572616594818,129.29832324092408,132.0229949951172,1263244
2017-01-20,131.46000777478122,132.0229574601339,128.53266941094725,129.7261199951172,1697737
2017-01-23,130.10894773301382,133.75686498128147,129.72613914169662,132.90118408203125,1265838
2017-01-24,134.18471206749405,137.3147045281945,133.32901742585386,136.7517547607422,2052442
2017-01-25,137.810083771231,138.2379310321286,134.90525788045835,135.3105926513672,2518719
2017-01-27,136.61665758415234,136.9319012197518,134.04960104798815,135.4006805419922,1065612
2017-01-30,135.44568985067775,135.98612702843528,133.08130124979309,135.2655487060547,1051915
2017-01-31,135.7834871208977,138.48564606857724,133.89197035996554,134.612548828125,3038285
2017-02-01,136.008639449406,138.48561798242497,134.29727796051185,138.12533569335938,1403927
2017-02-02,137.81008604339468,146.27684400209986,136.41396804385045,145.26353454589844,4514033
2017-02-03,144.11511967944264,150.05987386377518,143.39454133226766,144.9482879638672,5584705
2017-02-06,145.91657088440024,147.08750907854687,140.78247206502343,141.8408203125,2632211
2017-02-07,141.88584123472788,142.67397083885896,139.16117010085912,140.0618896484375,3024478
2017-02-08,140.57979518445347,143.2369149979248,140.06188421347088,142.8766326904297,1827638
2017-02-09,144.09261836195856,144.49793941870632,140.37715014463922,143.16937255859375,2262820
2017-02-10,144.025030540814,146.27682910301488,138.84589384775194,141.27784729003906,3795457
2017-02-13,143.19188913070937,144.36281349476224,140.53475558980293,141.750732421875,1667539
2017-02-14,142.088500601148,142.088500601148,135.04037328841085,136.63914489746094,4343666
2017-02-15,137.24717230923494,137.24717230923494,131.75277632054522,132.0229949951172,3034720
2017-02-16,132.5859186969156,136.8192979508194,131.03218567630788,136.1887969970703,3166724
2017-02-17,137.31470586432508,137.65247572808312,134.68009817823415,135.0178680419922,2319038
2017-02-20,135.53575838134,137.31467096534797,133.7568320534446,136.2338104248047,2391548
2017-02-21,136.88687208176975,138.14787407372086,136.18880611802928,136.6166534423828,1106506
2017-02-22,136.6166500898326,139.13866775573584,135.44571184381783,136.16629028320312,1987823
2017-02-23,135.96358249975302,137.47229015274553,133.55415550096035,136.0086212158203,4867046
2017-02-27,135.60333177298742,139.56649231798565,135.60333177298742,138.3280029296875,1865263
2017-02-28,139.3413109846862,141.77325100953695,138.19289906136183,138.86843872070312,2274189
2017-03-01,140.06189318502803,143.6647714663149,137.47232442035306,143.3044891357422,2404175
2017-03-02,143.5521532223307,144.00251291871447,138.93596633439694,139.76913452148438,1287107
2017-03-03,139.34132658585878,142.31370416853682,137.13456620037803,141.25535583496094,2353239
2017-03-06,141.3904484730955,141.3904484730955,138.3279939383925,139.2962646484375,1719899
2017-03-07,138.73332829831972,139.0936243779169,133.89196053884672,134.4549102783203,2518064
2017-03-08,133.75685697425547,134.47743538350085,132.40577761087917,133.73434448242188,1618846
2017-03-09,132.74351624631288,133.48660697270574,130.6268202437279,131.14474487304688,2427632
2017-03-10,132.06801898705697,132.40578885658908,127.22665085709664,127.96974182128906,2965058
2017-03-14,131.05472208214925,135.33314084428127,128.55523030288177,131.23486328125,6464044
2017-03-15,132.31568152943666,132.31568152943666,130.3566277234327,131.6851806640625,1968514
2017-03-16,135.01786434962784,139.7466423129215,134.25226092571464,138.62074279785156,6810516
2017-03-17,139.65654417541938,142.69647211682485,138.44056750130233,139.63401794433594,4356018
2017-03-20,140.35463064234276,141.34542771204872,137.47233063577616,140.2195281982422,2843510
2017-03-21,141.27786336631223,141.27786336631223,137.1795867679785,138.35052490234375,1553168
2017-03-22,138.46309174990722,142.40373902493758,136.97689653127787,140.44467163085938,5024224
2017-03-23,144.1151124427873,145.01583189555473,142.4938146790283,143.91244506835938,17882232
2017-03-24,144.7681391203642,146.50201306676192,143.34949499129246,145.5787811279297,6517456
2017-03-27,146.52456346147048,146.6371534113035,144.85822670638564,145.8715362548828,6295161
2017-03-28,145.8264790702857,147.492815614478,144.2502199721157,146.81727600097656,6512418
2017-03-29,144.9728500730928,144.9728500730928,142.34144843531465,142.66114807128906,6720119
2017-03-30,142.63656243066006,143.37433775357727,139.9313862466303,140.57078552246094,5559887
2017-03-31,140.57079024695608,142.9316803656856,139.6854658337312,142.0463409423828,2783380
2017-04-03,143.17758261380345,143.792395305369,141.6774306403382,143.4235076904297,2288384
2017-04-05,143.22681899589125,144.72695646584654,142.808743222436,143.32518005371094,1550349
2017-04-06,143.62024969236185,143.81698675841838,140.64456216680733,141.72662353515625,1430476
2017-04-07,141.65284528711672,142.09550742662384,139.19359450088206,139.66085815429688,1783334
2017-04-10,139.66088245474646,142.1447201769913,139.07065615932282,141.11183166503906,1214230
2017-04-11,141.1118233341437,141.1118233341437,139.26738503243374,139.90679931640625,1039790
2017-04-12,140.66917258238988,141.23479737222644,137.81644711447075,138.67718505859375,1591568
2017-04-13,139.19358573628998,139.46409730171226,136.98026016804508,138.455810546875,1237280
2017-04-17,138.7017851630538,139.95599742911324,136.36549622856975,136.68519592285156,1149276
2017-04-18,137.66887316046774,139.07064928525236,133.09467213230477,134.22592163085938,2763659
2017-04-19,133.4635583326783,134.57022131220288,131.17645784367633,133.3159942626953,2668570
2017-04-20,135.25881440265368,140.6199789533251,134.3980764928186,138.87391662597656,4259852
2017-04-21,141.65287237767518,141.65287237767518,133.19304205108818,134.17674255371094,6163345
2017-04-24,135.2587818558058,135.7014439580463,132.6027942322885,135.38174438476562,2162818
2017-04-25,135.43096797423755,135.75066763149897,132.97171674902924,134.10296630859375,2474875
2017-04-26,134.4226778451832,136.34090597842777,133.48816529903408,133.95542907714844,2270991
2017-04-27,133.68484817347777,134.7177363622944,130.5861986171014,131.0780487060547,2847518
2017-04-28,131.52073316462182,133.68487092226704,130.68459687716228,131.791259765625,2965118
2017-05-02,132.2585080875146,133.66028407802054,131.81584593526958,132.20932006835938,1475556
2017-05-03,132.30770496277154,132.97170574062244,129.11067863467483,130.24192810058594,1416611
2017-05-04,130.5862118656089,130.63539988150924,127.88103610191455,128.2499237060547,1704519
2017-05-05,124.92995487640655,126.89735574060194,122.5198918197827,123.13470458984375,3785011
2017-05-08,123.06094470151078,123.45442644617194,120.62628719491501,121.9296875,2915337
2017-05-09,121.90509359987442,126.11040744499219,121.58538641826036,124.92996978759766,2284930
2017-05-10,126.25797720272277,126.35633825604275,124.14301192026515,125.2742691040039,1105607
2017-05-11,125.17586988339036,128.7663701667813,125.17586988339036,127.4875717163086,3581689
2017-05-12,127.88103927978757,128.1269643553256,124.61023877714655,125.10208892822266,1806831
2017-05-15,125.42180608059445,126.77439418538518,124.4626996527506,126.2579574584961,1456796
2017-05-16,127.36462108856539,127.36462108856539,122.8641870507922,123.62655639648438,2851500
2017-05-17,123.45440385718936,125.47099273894379,122.74122254706991,123.9708480834961,3710056
2017-05-18,122.96252906874103,123.35601066276844,119.71631529931139,120.3065414428711,2966914
2017-05-19,120.77382738356022,122.5690777493773,119.76553289513953,121.0197525024414,1596209
2017-05-22,122.66746295684963,123.06094470151078,121.51161924414258,121.9296875,1125794
2017-05-23,121.92965795722849,121.92965795722849,116.61768195900076,118.0440444946289,2516730
2017-05-24,119.91307729898274,119.91307729898274,113.19931773179916,114.03546905517578,2037521
2017-05-25,114.65028398330276,116.51930872885973,111.57622025042826,115.19131469726562,5271860
2017-05-26,114.84702369284673,120.0852254117256,114.35517348431206,118.8064193725586,4134938
2017-05-29,118.92938067114169,120.45411179850493,116.86361131807759,117.47842407226562,945526
2017-05-30,116.71605563523939,120.18360109598724,115.73235522112871,119.64256286621094,1982079
2017-05-31,120.50332560331417,120.74925075760665,117.06037344321948,118.21622467041016,2667719
2017-06-01,118.3145583731744,118.68344599593111,116.74063935042005,117.40463256835938,2329022
2017-06-02,117.40464531780239,118.28997720956782,116.4209448836272,117.08494567871094,2057575
2017-06-05,117.08494631218048,117.30627741005964,114.3059880675772,115.41265106201172,2256431
2017-06-06,115.41265755817498,116.2979895045625,113.42067006010203,114.08466339111328,1507624
2017-06-07,114.10925962531745,115.21592270358022,113.39607825366707,114.28141021728516,2622918
2017-06-08,114.60107341396156,117.30624896665164,114.40433637578069,116.56847381591797,1938689
2017-06-09,116.6914650745527,119.27367873795166,116.1012463096407,118.83101654052734,2802058
2017-06-12,118.78183165910514,120.94596968938794,118.36375595766826,119.8147201538086,2734668
2017-06-13,120.01143859791954,121.95424522175534,119.02773828154315,120.20817565917969,2394532
2017-06-14,120.35571796000349,120.89675607197786,118.65883661613762,119.6179428100586,1152748
2017-06-15,119.0277175880646,120.42949329721137,118.16697996087818,119.44579315185547,1030055
2017-06-16,119.42121637757417,120.06062306531783,117.8227034107338,118.68344116210938,979334
2017-06-19,119.02775391744339,121.4378170071447,118.80642281819145,121.29026794433594,1130447
2017-06-20,121.97885645257858,125.17588293218246,120.01145554205313,124.5364761352539,3199171
2017-06-21,124.90538449420318,125.27427222602601,121.73295150153484,122.29857635498047,2236317
2017-06-22,122.69203881538532,125.593959685884,122.4953017246907,124.36433410644531,2639933
2017-06-23,125.17588252945251,125.17588252945251,121.48700583408554,123.45440673828125,1839249
2017-06-27,123.45439833922204,126.40549949474129,122.24936686839268,125.54476165771484,1491196
2017-06-28,125.91365594482056,128.6434186536558,124.78239894118357,128.05320739746094,3602565
2017-06-29,128.86474149904026,129.7992537979724,127.48756705956934,128.8893280029297,3157979
2017-06-30,128.3729000427466,130.8321510014199,127.90563635656801,129.67630004882812,2267815
2017-07-03,129.8976651688988,131.66832922279198,129.40581487671068,130.3649139404297,1102141
2017-07-04,130.83217753311686,133.5127676257032,130.364913752181,130.78298950195312,2661896
2017-07-05,131.22565058707048,133.24223976608607,130.6846272793537,132.87335205078125,1747996
2017-07-06,133.29142533404405,133.41438790354042,130.63543683493873,131.0535125732422,1354306
2017-07-07,131.3239780720973,131.93879070352097,130.24190183676203,131.47152709960938,826891
2017-07-10,131.56994324105216,132.67660631504233,131.10267949466933,132.0863800048828,369024
2017-07-11,132.5536404108996,134.66859045053013,131.56993992547547,133.43896484375,2032008
2017-07-12,134.2751096547264,134.71777184937486,133.1438601561718,134.22592163085938,1132704
2017-07-13,134.76696276954848,136.390062521501,134.37348859031084,136.0457763671875,1924376
2017-07-14,135.75066826813412,135.8736308299712,133.6603047169038,134.7669677734375,1568354
2017-07-17,135.6277053379456,138.2099191295112,134.39807972291436,137.52133178710938,2108194
2017-07-18,137.69347459092913,138.1853248091356,136.14413439551683,136.5622100830078,1481540
2017-07-19,137.69345062581738,138.4066243120446,135.97197516171215,138.11151123046875,1531255
2017-07-20,138.209908047836,140.64457257441768,135.0374682113904,137.914794921875,9279235
2017-07-21,139.6854623918431,139.783838439812,136.48843596386075,138.06236267089844,2835189
2017-07-24,137.4721594080622,137.89023516677534,136.24253365307058,136.68519592285156,2326071
2017-07-25,137.37376076873576,139.1444245669631,136.1933232399434,138.72634887695312,1496088
2017-07-26,139.16902283595468,140.5707839255108,138.72634563917148,140.0789337158203,2476853
2017-07-27,140.17730807559576,140.17730807559576,134.69318130553083,135.33258056640625,2825925
2017-07-28,134.76694214313244,137.20160640850753,133.6356927934064,136.6605682373047,1614559
2017-07-31,136.6851733348977,139.6854626832794,135.75066091755323,139.14442443847656,1290299
2017-08-01,139.19359464957927,139.68544480735164,137.86559321956364,138.82470703125,1316008
2017-08-02,138.99690105889147,140.49703850522548,138.70178786991812,139.5871124267578,1676861
2017-08-03,139.4395404648819,140.17731581125693,138.554216053263,139.0460662841797,825082
2017-08-04,139.19363227609153,141.40695858436862,138.7017819853633,140.6199951171875,1645509
2017-08-07,141.65285946448955,141.87419806143365,139.58708259326824,140.25108337402344,1733736
2017-08-08,141.40694896472343,143.91538827880905,139.36577339907447,140.0051727294922,2504439
2017-08-09,140.17731123150168,142.98086346016265,139.71004752336572,140.98886108398438,1873275
2017-08-10,140.66913792402644,141.65283818922944,136.6851488479394,138.11151123046875,2461891
2017-08-11,136.85731001481992,138.70174815518138,131.56992067911708,133.04547119140625,2262641
2017-08-14,133.2914128422313,138.99687853417262,133.26682633466794,138.2099151611328,1127785
2017-08-16,139.34114416039645,144.70232290616346,138.7509329751347,143.07920837402344,2175340
2017-08-17,145.80901672566048,147.99774139379517,143.84161567021602,144.99745178222656,3428249
2017-08-18,145.51386947709284,146.69430683181324,142.931656196734,144.84986877441406,2513455
2017-08-21,146.86646060560784,147.2845362431322,142.48899718876172,143.07920837402344,1493473
2017-08-22,144.03833279206333,144.7515065696798,140.6691559499871,141.1855926513672,1634192
2017-08-23,141.43153686885174,142.07095121565627,139.1936241802329,140.91510009765625,2253675
2017-08-24,141.16099512986978,141.99714640121982,138.92308291842647,139.66085815429688,1445309
2017-08-28,139.93139957341432,141.3085743033215,138.6279993808095,140.91510009765625,1067933
2017-08-29,139.1936418168797,142.5382180190481,138.70179149243845,139.73468017578125,1383936
2017-08-30,141.62827111617293,145.5630727167881,140.8167062779845,145.26795959472656,1822670
2017-08-31,145.5876700483453,150.16187124515739,142.39064351012152,144.87448120117188,7292052
2017-09-01,148.16987299643765,149.71919812699912,146.59594634978913,149.10438537597656,2109601
2017-09-04,150.50614573543234,150.65369477624085,145.12038059479113,147.1861572265625,1693897
2017-09-05,148.98142613331711,150.13727713291604,147.55506352129342,149.67001342773438,1359320
2017-09-06,148.53876280236534,151.73578915407188,145.93196270423547,150.67831420898438,2212472
2017-09-07,151.46529443411143,152.20306982831542,150.1372927205127,151.17018127441406,1697554
2017-09-08,151.9817265037465,153.62942783517173,149.12900107178518,149.6946258544922,2484902
2017-09-11,150.28484670477542,152.49817295969157,150.0143350554285,151.80958557128906,1688665
2017-09-12,152.84246963886656,154.44098299792148,151.98173167629852,153.7523956298828,1730977
2017-09-13,153.94909298400793,154.21960455550894,150.5307285255407,151.04718017578125,1923654
2017-09-14,151.46527512131345,152.4243740054401,148.80927203277352,149.94053649902344,1193086
2017-09-15,149.4978672107873,150.89962820631,147.3091279204595,149.64541625976562,1688312
2017-09-18,150.50618120845488,153.43269629153974,150.50618120845488,152.91624450683594,1765649
2017-09-19,152.81787957793574,153.3589028480554,151.0226141468129,151.68661499023438,1221867
2017-09-20,151.04719944922277,152.37518598341583,149.52246082693276,149.94053649902344,1014206
2017-09-21,149.96513670441098,150.9734387127478,148.09611177736844,149.44869995117188,999542
2017-09-22,148.48957925098614,148.48957925098614,143.39892644334438,144.06292724609375,1434044
2017-09-25,144.38265481376183,144.99746771112936,140.69377742955655,144.1613311767578,1128494
2017-09-26,144.3580379774773,148.16987714042602,144.3580379774773,147.57965087890625,1106506
2017-09-27,148.5387960039986,149.03064632189265,143.12844250716424,144.1613311767578,969054
2017-09-28,144.11210850959253,145.58765910866686,142.6119714045644,143.34974670410156,1214367
2017-09-29,144.06296215771732,147.4813280383635,143.25141209550156,145.53851318359375,1784928
2017-10-03,147.55504993121497,154.6131028216066,147.48127540826454,154.17044067382812,2581848
2017-10-04,155.40006974327844,156.13784501027914,152.96540535814563,153.48184204101562,2154757
2017-10-05,154.44094765889778,155.17872288656767,153.26051029664103,154.1950225830078,986576
2017-10-06,154.9328414768077,158.22824442653675,154.9328414768077,156.8756561279297,2727282
2017-10-09,156.90024492152966,157.63802036786916,154.93284373129106,155.69520568847656,882134
2017-10-10,156.23619130644687,156.80181595579262,153.55561709517357,154.1458282470703,1194679
2017-10-11,154.8344443407086,156.23622047958085,151.46528231807986,152.15386962890625,1928064
2017-10-12,153.43267046347722,155.4246576989426,152.4981431084921,154.80984497070312,741526
2017-10-13,155.965719854923,159.26110757834437,155.7935692625619,157.51504516601562,2059358
2017-10-16,158.37575796608004,159.3594583261178,156.5067332860388,157.3182830810547,945463
2017-10-17,157.6134161283394,161.91710574789843,157.19534042042372,160.71206665039062,2403125
2017-10-18,159.85132784507948,161.08095344388778,157.02318896782037,158.96600341796875,1251838
2017-10-19,159.70377985797302,159.85132892679724,156.55592629565967,158.3757781982422,255654
2017-10-23,159.11351700667498,162.8023929805546,155.9410776651086,156.65426635742188,4719756
2017-10-24,157.63799344135933,158.0806556315349,153.94911683976747,155.006591796875,2570963
2017-10-25,155.42470232446365,157.34291558531274,154.49018971123775,156.90025329589844,1266550
2017-10-26,157.8839217730006,159.08896082483182,155.44925716218964,155.99029541015625,2313442
2017-10-27,156.60508949328744,157.90848942818357,154.56391431108307,155.42465209960938,853761
2017-10-30,155.91651903942554,157.342881669001,155.05578115829306,156.3345947265625,558117
2017-10-31,156.65431480800981,158.40037730497787,153.75240114639223,155.05580139160156,1360354
2017-11-01,156.66450847567896,161.41642075868305,156.41701320162576,160.67393493652344,2011702
2017-11-02,161.5896758066017,162.53015485787134,158.5454717505124,159.26321411132812,1916424
2017-11-03,160.079954097026,160.74819441601207,158.1989958937231,159.53546142578125,1001669
2017-11-06,158.89193482859255,161.36688708448963,158.34744231111324,160.25315856933594,1475401
2017-11-07,161.7876732848981,162.4559135857382,156.24377277426396,157.72874450683594,1805246
2017-11-08,157.40698391855076,159.63444123815287,153.1748210536714,154.61029052734375,1695681
2017-11-09,154.43702958735344,157.13473374270188,154.06578672776845,155.69924926757812,895408
2017-11-10,155.42701398693887,156.9614875283743,154.01628806810453,154.75877380371094,1410317
2017-11-13,154.758800525639,155.6002905469892,152.95208794488377,153.66983032226562,718526
2017-11-14,154.90731339239503,155.40230398945533,152.72934268059822,153.3975830078125,729813
2017-11-15,151.96209750695886,152.25909485551657,145.77471568664293,146.71519470214844,1822515
2017-11-16,148.37342841544597,150.2048996292449,146.04696661477317,149.38815307617188,970788
2017-11-17,151.3928728854804,155.17954782559198,151.0711320275989,153.91732788085938,1711208
2017-11-20,153.86780471166242,156.6644981020973,151.91258613374234,155.92201232910156,1363809
2017-11-21,157.40698152519766,158.34746046910303,155.4270194934342,156.98623657226562,1035867
2017-11-22,157.40697168548664,158.6444478779826,154.58551992423162,155.2785186767578,765141
2017-11-23,154.43703136761272,156.41699330822314,154.41228788571942,155.22901916503906,1618403
2017-11-24,153.94207113490518,154.4370617173325,151.8136176728331,152.902587890625,1126200
2017-11-27,151.5166159759121,152.7045903186345,149.98214219301866,151.0958709716797,691309
2017-11-28,151.19487301310323,151.91260026354314,148.99215897263753,149.53665161132812,1020233
2017-11-29,150.47712478763384,153.19957276898907,149.685136899148,150.22962951660156,1384530
2017-11-30,149.48714322132105,151.1701080377296,147.38343342433225,148.20016479492188,798397
2017-12-01,149.46239607336497,149.68513274756884,146.36870527126612,146.81419372558594,779286
2017-12-04,147.01219801905592,149.2396555647992,146.54195093925594,148.3486785888672,501120
2017-12-05,146.6409621298403,147.9526841707472,145.77472859827162,146.46771240234375,605956
2017-12-06,144.53723064381145,144.56197412724194,140.82480177453547,141.4930419921875,1819982
2017-12-07,140.62682161244064,142.7552749855714,139.21609549028975,142.26028442382812,2184178
2017-12-08,142.73055285676003,144.90850863313733,141.59206533084966,144.61151123046875,1160221
2017-12-11,146.02218945793842,146.41817579376527,144.11647311671206,145.3787078857422,968315
2017-12-12,145.7499598614073,146.8884319775885,143.54724607750856,143.7452392578125,997951
2017-12-13,144.24024075806042,145.84896001778088,142.4335283029415,142.95326232910156,789129
2017-12-14,144.11650500902365,144.58675210455317,141.81480182261424,143.89376831054688,719517
2017-12-15,146.49244327139118,147.11118139112858,144.16598189881412,144.80946350097656,1243924
2017-12-18,145.15597062517602,148.71990842713592,141.5672893394726,147.284423828125,1068916
2017-12-19,148.44765004213644,149.88311949138972,147.50717109992993,149.4128875732422,909136
2017-12-20,150.5761260986328,151.46710301518075,148.49715981880465,150.5761260986328,1036289
2017-12-21,150.82363323413483,151.7393537070174,149.11590971946356,150.20489501953125,970620
2017-12-22,150.47712272707528,152.6303345767537,150.47712272707528,152.30859375,1066973
2017-12-26,153.64504657037926,153.9420438884524,151.19485268457595,151.9620819091797,1355216
2017-12-27,152.95208665000578,153.0758342929265,149.51189613444447,150.20489501953125,1593469
2017-12-28,151.09584782620198,154.9072806605787,148.96739475094913,154.164794921875,1816110
2017-12-29,155.17952573896065,155.4270209953226,152.35807377406942,152.87782287597656,1161167
2018-01-01,153.39758491477792,154.6598200165218,152.55610995286307,152.92735290527344,637405
2018-01-02,154.1648098618757,154.23905542175896,151.29385566378602,153.1500701904297,911293
2018-01-03,154.36281193096568,156.29327212847195,153.69457164177527,154.4370574951172,882982
2018-01-04,154.43703571348675,157.65447395751772,153.84304107222422,157.33273315429688,1150153
2018-01-05,157.40699986520917,158.32273543277745,154.783555909821,155.32803344726562,1255238
2018-01-08,155.45176386200595,157.82772737720384,155.42702037883257,157.406982421875,1061554
2018-01-09,157.87722739034018,159.0652015794891,156.2437496625879,156.86248779296875,730304
2018-01-10,157.6544693542385,159.41167953230604,156.86248155765043,158.1494598388672,1246861
2018-01-11,158.37222175018255,158.86721226653765,157.23373449901874,158.24847412109375,710197
2018-01-12,158.39697567033178,161.09468020458223,158.24848454800596,160.37693786621094,1150056
2018-01-15,160.37693498319993,162.60439241352216,158.96620892281337,159.4116973876953,1043139
2018-01-16,159.8572201455398,162.75290306778643,155.13005085692444,156.14479064941406,1785116
2018-01-17,156.7140099806826,160.30269144137867,154.18955517335525,159.95619201660156,933055
2018-01-18,159.95617201747706,160.77290329557943,150.10586439880367,152.60556030273438,2229509
2018-01-19,152.01157591150096,152.28381462683686,147.35866852835545,148.17539978027344,2349471
2018-01-22,148.74466245024263,149.28915508438786,144.11649771887778,144.75999450683594,2433313
2018-01-23,145.32919814408913,149.48711487438,145.32919814408913,146.8389129638672,2894490
2018-01-24,147.28443381920655,148.15066729175823,143.349267964591,145.05697631835938,1915105
2018-01-25,147.7794189453125,148.99215180469238,145.9727065044115,147.7794189453125,3727672
2018-01-29,150.22962027262236,154.8330259881997,149.63562561632972,150.55136108398438,3747559
2018-01-30,150.4523875202465,155.30328899057488,147.82892847534387,153.89256286621094,2129122
2018-01-31,153.9420742431444,156.49127277293326,150.2543882872372,153.57083129882812,3717227
2018-02-01,152.45707075261626,154.33802857018676,148.4971468369639,152.4323272705078,1511270
2018-02-02,151.71458618382644,152.95206241697346,144.28972878494423,145.70045471191406,1780007
2018-02-05,143.54724875111805,147.50717285459714,140.10705864385588,145.00747680664062,2515888
2018-02-06,139.56260971649718,141.7653088861453,136.14716239377458,140.2308349609375,2196991
2018-02-07,143.39874802938715,144.21547929981216,141.07228673214198,143.00274658203125,1841739
2018-02-08,141.12179957823005,144.53723112822843,140.0823164701666,142.2107696533203,4075914
2018-02-09,139.09234812540328,154.38755349238775,138.84485284404136,150.25437927246094,5294692
2018-02-12,151.76414035772723,154.38758483031077,150.10591861483027,152.28387451171875,4332375
2018-02-14,152.45709427048527,155.87252615341413,152.45709427048527,153.0015869140625,2014996
2018-02-15,154.14003913864826,157.45648154090637,154.14003913864826,155.13002014160156,2255264
2018-02-16,157.3822374145531,157.40698089748687,153.7192955856686,154.95677185058594,2220694
2018-02-19,156.3922374666563,156.3922374666563,151.4670764862589,154.58551025390625,1416403
2018-02-20,154.5855367094828,156.78825061366555,152.95207400038723,156.12001037597656,4034778
2018-02-21,157.08524253928258,158.02572149410273,156.02101595604105,156.51600646972656,3448007
2018-02-22,156.16952201690546,157.35749634228569,154.4865571304574,155.50128173828125,9054662
2018-02-23,156.41701637826313,162.85189363433093,155.62502846402603,162.35690307617188,3963412
2018-02-26,164.83183569438194,168.39577331932762,163.74285055733986,164.48533630371094,3776145
2018-02-27,165.30211247330138,165.72284238727156,161.49067891328883,163.04989624023438,1360525
2018-02-28,161.3668936313103,162.35687457383366,160.37691268878692,161.5896453857422,1309367
2018-03-01,161.3174056564657,163.4953608991117,155.45176503838206,156.21900939941406,2251422
2018-03-05,155.62504239031696,156.54077802603953,152.1601081731398,155.25379943847656,3660347
2018-03-06,155.52601854807372,158.07521655936893,154.09053403728967,155.7735137939453,1813814
2018-03-07,154.09054315048854,154.70928130176085,151.54134498842905,152.8283233642578,3978426
2018-03-08,153.05108022511666,155.97152137495047,150.82362280654493,155.352783203125,1041476
2018-03-09,155.42702002899998,156.14476231035204,150.55136048779968,155.0805206298828,3300536
2018-03-12,157.03574042859753,158.66920308099841,149.51187858004002,157.82772827148438,3756718
2018-03-13,155.10531406992388,161.564935629875,155.10531406992388,157.90200805664062,2762603
2018-03-14,158.64446765151058,161.6886564432978,157.50599545487876,158.6939697265625,4342932
2018-03-15,158.05047536294802,160.2284458510085,156.73875343667024,157.62974548339844,4495797
2018-03-16,157.60494879273404,160.79764308635316,154.0905137430384,155.8724822998047,6325044
2018-03-19,155.8972642377723,157.08523841826963,151.96208371484423,152.80357360839844,2354765
2018-03-20,151.0958607097784,155.7240252301793,151.0958607097784,154.93203735351562,2430725
2018-03-21,155.17954364263662,155.6250321343036,153.07583372084648,154.1400604248047,2405096
2018-03-22,154.4617739355089,156.02100603924177,153.57079710987068,154.8082733154297,2439322
2018-03-23,151.40173319994486,153.95032288159163,149.55968185962166,152.13351440429688,2797668
2018-03-26,150.84660484880493,153.8241694727158,150.6699663962462,153.19332885742188,1760298
2018-03-27,154.27837290412387,156.90266038251872,153.52136423511715,154.404541015625,1995622
2018-03-28,154.17744093926925,154.58117275826297,150.39239738102205,151.67930603027344,4641159
2018-04-02,153.59707866955662,153.79894458956176,151.80548205122773,153.01670837402344,1007283
2018-04-03,153.16809943992547,156.65033651166056,153.0419313184758,156.04473876953125,2389206
2018-04-04,156.4484725219627,156.4484725219627,154.00080785545558,155.0606231689453,2784661
2018-04-05,155.99427257511954,159.72884598873446,155.99427257511954,158.21482849121094,3971835
2018-04-06,157.71017162181658,159.12324859899448,156.04475837004378,158.6185760498047,2594222
2018-04-09,158.97182768273203,160.4101472991854,156.5998609186593,158.26528930664062,2425848
2018-04-10,159.22416851709758,160.63724531010382,157.96248730856274,158.97183227539062,2310001
2018-04-11,159.57743023958113,161.7475155513244,158.97181715652786,160.839111328125,2032156
2018-04-12,159.47650073439166,159.93070287772596,155.89332311229833,157.937255859375,4123627
2018-04-13,157.88680062147606,159.27465004848037,156.52417865986408,158.66903686523438,2839968
2018-04-16,158.46715895789063,160.6120170011105,157.18025029251146,160.03164672851562,2523468
2018-04-17,160.99052488411994,161.4951973759197,159.62790299570776,160.66249084472656,917787
2018-04-18,161.44472117207366,163.79144509327728,160.08211473462399,163.21107482910156,1990928
2018-04-19,165.58304922337243,169.82229511475705,165.22977231518107,166.01202392578125,4340595
2018-04-20,164.8260265973934,165.93629675563903,163.00920268226838,165.35592651367188,1607315
2018-04-23,165.02791791753796,165.28025418346692,161.14193326167867,163.11016845703125,1774416
2018-04-24,161.54564531272527,162.83255382787692,160.15779615265268,161.99984741210938,2087447
2018-04-25,161.9494356794373,165.22980760819436,161.29336745424013,163.71578979492188,1553599
2018-04-26,164.59891059884686,164.59891059884686,160.7129421136924,161.49517822265625,2669645
2018-04-27,161.49522135413144,167.55129215491135,161.06624659213261,165.07839965820312,1442493
2018-04-30,168.68678288711317,168.68678288711317,164.11950292910706,164.95220947265625,1498585
2018-05-02,161.4951770638564,162.1764879223706,154.93443549563725,155.4895782470703,3691790
2018-05-03,156.44846212911207,157.23069827920517,153.44565484059763,156.1708984375,1606264
2018-05-04,155.94382040661682,155.94382040661682,150.99803549925838,153.16812133789062,1443132
2018-05-07,154.42980891238543,155.4139266003222,151.90644602166017,152.48681640625,1344158
2018-05-08,153.87462580850857,154.22790268149825,151.1493976785537,151.8054656982422,1129761
2018-05-09,151.75503132052128,153.2690488645183,150.72044342462692,151.4522247314453,1131982
2018-05-10,152.38584802078458,152.38584802078458,147.51574669835136,148.97930908203125,2258556
2018-05-11,148.92884842805108,151.14940420758572,147.61669693061376,150.79612731933594,1737957
2018-05-14,150.897074906604,151.6793111076071,148.92885527070734,150.19053649902344,933662
2018-05-15,149.93821926212547,151.95690948335536,148.97934448731812,150.08961486816406,1338723
2018-05-16,149.18121652798183,150.99804088164083,148.121401038232,150.5438232421875,1766981
2018-05-17,150.39239853784852,151.88118850943027,148.67651519185412,151.0232391357422,2193669
2018-05-18,151.25032215969563,151.8054494702208,149.50919624540006,150.26620483398438,1475581
2018-05-21,150.92231887954458,151.32606615759968,145.39616373586034,146.1279296875,1056510
2018-05-22,146.05219873459137,146.430703058576,144.05875186910058,145.57276916503906,1551037
2018-05-23,145.547548029148,145.547548029148,142.41858772462936,143.4279327392578,693963
2018-05-24,143.57932225012695,144.63913755087881,141.88866634194923,142.9737091064453,811089
2018-05-25,143.55408907059365,148.1465961886918,142.82230783456362,146.65782165527344,826412
2018-05-28,146.91017378504478,147.26343530853418,144.86624083636775,146.32980346679688,762776
2018-05-29,146.35504698314793,147.97000538627452,144.86625672397236,146.00177001953125,1046698
2018-05-30,143.85688889458518,149.5092270131018,143.85688889458518,148.8026885986328,1595093
2018-05-31,148.92885178342607,150.3923988937262,147.64192771984864,149.5596923828125,3784771
2018-06-01,149.53444488453698,149.8372514431361,144.66435868845446,146.98585510253906,2617279
2018-06-04,146.73351416185227,146.73351416185227,142.89800047923706,144.41201782226562,2264249
2018-06-05,142.11576918085873,146.30454447852648,139.92044087850314,143.65501403808594,2292835
2018-06-06,143.8316590132476,151.04846942774543,143.8316590132476,150.11483764648438,2982065
2018-06-07,149.68586295160705,151.78025069555864,148.62604764702252,150.11483764648438,1261579
2018-06-08,149.38306721206942,150.61952105731717,148.4998902944305,149.40829467773438,997787
2018-06-11,149.45877531329717,153.16812170335882,149.00457309033507,152.43634033203125,1951398
2018-06-12,153.5718447368393,153.5718447368393,150.59427988975935,153.29428100585938,3923577
2018-06-13,153.36995751721625,153.74846186222487,151.07370398471645,152.1082763671875,2494135
2018-06-14,152.08304407962075,154.05126353094388,151.65406942194474,152.13351440429688,2775323
2018-06-15,152.15876151379229,154.42978780504293,150.89708024087528,153.57183837890625,2540672
2018-06-18,154.35408672722855,154.35408672722855,146.85969704516285,150.34193420410156,2677240
2018-06-19,150.2914858912103,150.39242656623816,147.69242522378212,149.33261108398438,1874147
2018-06-20,149.3830446404926,149.40827210234573,147.49052296008097,148.8783721923828,1277530
2018-06-21,148.8783812484191,149.23165814413755,145.8503463755699,146.556884765625,1726567
2018-06-22,145.34569507337204,146.43073798062215,143.32700486401964,145.87559509277344,1045176
2018-06-25,145.2951807422659,147.7680724196505,144.33630626344893,145.6232147216797,571670
2018-06-26,144.84099272219973,146.40548039285508,139.01203210246842,140.3494110107422,1450605
2018-06-27,140.04662316404782,141.18213632483742,137.27092432656218,137.9774627685547,1311002
2018-06-28,137.92699365764233,139.28961562320515,136.51391676114852,137.32139587402344,1358366
2018-06-29,138.0026928414141,140.87931667456914,136.03445789074092,138.5325927734375,1688334
2018-07-02,140.1727944232014,142.01484606711804,138.10363398150216,141.20736694335938,1727103
2018-07-03,141.3083111571537,142.64569030747145,139.1129825285426,139.97093200683594,1599950
2018-07-04,139.9709247520077,142.29242139525513,138.02793249402728,141.3083038330078,1924866
2018-07-05,138.88586175885766,140.0970725355435,136.74100388715416,138.33071899414062,1595811
2018-07-06,137.67466694233008,138.48214611118686,135.6812195894788,137.27093505859375,1458492
2018-07-09,137.82607114095907,141.9896195170141,137.82607114095907,141.2830810546875,859101
2018-07-10,141.3082945446115,143.25128667487627,138.83540247035717,142.49427795410156,2624843
2018-07-11,139.7690450609558,139.79427252360244,136.31203560238825,138.0531463623047,3661817
2018-07-12,137.80083346438064,140.14757314038965,137.11953784374214,138.65878295898438,2020275
2018-07-13,137.37185526931074,139.39054519008602,136.56437622072426,138.75970458984375,2257251
2018-07-16,138.70926217981122,138.70926217981122,134.4952430417532,135.52981567382812,1396585
2018-07-17,134.74756550125375,136.7410281551777,131.7195303214503,136.00924682617188,2669806
2018-07-18,136.6905414189531,137.49802045027937,134.62138121411127,135.93353271484375,1730209
2018-07-19,137.97743144567173,138.83538068849896,133.94005223496367,135.70640563964844,2472327
2018-07-20,135.25221383313206,135.25221383313206,132.5269857391585,133.86436462402344,1732161
2018-07-23,133.73819310637924,136.2615552404619,131.82044404502852,135.10081481933594,2055644
2018-07-24,134.57090792258666,138.5578172627965,131.54287317285036,137.57371520996094,3091112
2018-07-25,138.43165684656708,142.7970861746417,138.053152481801,142.241943359375,3137473
2018-07-26,142.04008701979632,142.64568480341518,135.75690798058764,137.32139587402344,3797761
2018-07-27,136.26156723166625,139.4409976398525,136.2110969042671,138.20455932617188,606887
2018-07-30,138.2802595731069,139.26437707003757,137.27091461271922,138.75970458984375,493831
2018-07-31,139.16345605948035,141.73728915209932,137.3971021294416,141.3335418701172,760972
2018-08-01,142.31763797252515,143.73071474219614,139.2896031220459,140.14755249023438,1212505
2018-08-02,140.5512652405857,143.22602283506117,138.81013927723308,141.71200561523438,1245965
2018-08-03,142.2924168639318,143.20082119909117,141.4092399931004,142.4690399169922,571292
2018-08-06,143.7559693526286,146.17839127038783,141.73727928736824,143.98306274414062,1036316
2018-08-07,144.94194054888106,146.8344623244947,143.09987369951182,144.2101593017578,1255502
2018-08-08,144.21016142311242,145.5980107456446,143.65501861382322,144.36155700683594,486339
2018-08-09,144.79056150660313,145.85037701501693,143.57935038329524,144.68963623046875,691773
2018-08-10,144.6896125141221,145.49707619638448,143.22604993691095,144.81578063964844,662744
2018-08-13,143.3017611795049,145.7746533258277,141.33352612702413,144.66436767578125,1237293
2018-08-14,143.37746391391,144.841011120214,142.69615294160457,143.90736389160156,971916
2018-08-16,140.0970861944426,140.80362459961225,137.2961446363092,139.31483459472656,1886985
2018-08-17,140.29896607745974,141.25784082289226,138.96158692714198,139.97093200683594,361292
2018-08-20,139.97093147999482,142.82232823912105,137.75037539330287,141.43447875976562,1283856
2018-08-21,141.30831349708595,144.8410213345131,140.80364094888208,143.52886962890625,669118
2018-08-23,143.65503470308516,145.26999298345856,142.41859622717814,144.43728637695312,730469
2018-08-24,145.34566175329812,148.37369637315848,143.8568719046479,147.5157470703125,1253387
2018-08-27,149.2316439760113,152.0830401302883,148.87836711383312,151.0989227294922,1300919
2018-08-28,151.4017495310957,152.18398574312008,149.43352986746794,150.34193420410156,828994
2018-08-29,150.8718583586471,153.0671715336492,150.0643792338247,150.61952209472656,958512
2018-08-30,151.40176829273935,151.72980237709675,148.55037140350296,149.8372802734375,1773624
2018-08-31,149.0297787778731,151.729779655036,147.89426568572458,151.1746368408203,637528
2018-09-03,151.85595202077687,152.41109485050885,148.92885768420086,150.7456817626953,723431
2018-09-04,151.4017330354445,151.4522033600658,146.60734482265542,147.6671600341797,842968
2018-09-05,146.40550986836922,155.03541355559668,145.62325817486203,152.61297607421875,1797538
2018-09-06,152.63820761076465,153.74847789775927,146.4559693308338,151.78025817871094,1221297
2018-09-07,151.35128498169743,152.25970475440968,149.78679709651212,150.3924102783203,568322
2018-09-10,150.4933486703343,150.84661018656988,147.64193666720175,149.10549926757812,1062620
2018-09-11,148.32324992202965,150.54380592038575,143.85689505859412,145.52232360839844,1049252
2018-09-12,144.84101354607327,145.95129925297272,140.65223778177491,144.46250915527344,1381284
2018-09-14,145.85031224184198,151.40170820952454,144.91666529427428,151.04843139648438,1254181
2018-09-17,150.36717330115818,151.85594789340428,147.46530650787582,150.44287109375,958355
2018-09-18,150.89707735199386,154.65689363385906,149.20642139837562,150.7456817626953,1737213
2018-09-19,151.90639810719023,153.26901979893628,148.77742294908148,149.73631286621094,1493682
2018-09-21,150.64476050506414,154.78308169456776,135.73169238446332,149.91297912597656,2686416
2018-09-24,149.91298107769006,152.259720854303,147.9952314681536,150.06439208984375,783691
2018-09-25,148.97933247946406,154.3288488134406,147.44007206901145,153.3195037841797,1159243
2018-09-26,154.68211576845712,156.04473763072224,151.55314021878712,154.83351135253906,2147804
2018-09-27,154.78306170683106,156.1709110800044,151.25035421148073,154.48025512695312,1632586
2018-09-28,154.10177410201564,154.25316971420293,143.3522389965605,146.00177001953125,1458360
2018-10-01,145.59803162414894,146.85971300737378,141.58587866494025,146.2793426513672,462530
2018-10-03,146.07745156695694,150.72042901722816,144.99239344304036,148.5251007080078,690856
2018-10-04,147.26342813924083,149.63539503046212,144.05877011146495,145.7998809814453,1194793
2018-10-05,145.7746336453749,146.70828071576844,140.80360715825717,141.76248168945312,810505
2018-10-08,140.65223790720177,141.2830785590974,133.23354568035597,136.58961486816406,2484110
2018-10-09,135.75691703839445,138.7849523626709,135.40364009000857,138.00271606445312,688591
2018-10-10,138.28025355025738,141.13164985888244,137.043799867084,140.1727752685547,1344538
2018-10-11,137.72513078836565,139.26439125051982,134.84850659918007,136.41297912597656,875691
2018-10-12,138.17934671502556,140.6017843481238,136.564403694345,140.07186889648438,1100768
2018-10-15,141.4344860749445,141.4344860749445,134.44476798257847,137.82608032226562,1349827
2018-10-16,138.7092304107418,140.80361806512602,137.5232470349349,139.5924072265625,782707
2018-10-17,140.29894590024594,141.35876116178306,135.78212115765305,136.26156616210938,894914
2018-10-19,137.72513885921558,147.36438785757343,136.26159151213983,144.56346130371094,3230111
2018-10-22,144.487728833727,148.8279153612644,140.92979391251367,142.39334106445312,5655194
2018-10-23,142.3176511544859,143.04943247168455,137.573732529613,140.72793579101562,2618281
2018-10-24,141.40922434464903,142.771830696601,139.79426637043113,142.06529235839844,1738324
2018-10-25,141.81297664887504,142.62045575277511,138.83541189204,140.57652282714844,2509513
2018-10-26,141.30828722625012,142.16623655924764,139.03726118154253,140.09707641601562,1290347
2018-10-29,141.81296262167498,144.1092161761709,140.37464301658812,143.65501403808594,1363900
2018-10-30,143.83165949842768,147.36436692470485,143.07465076422545,144.9167022705078,1886558
2018-10-31,145.3777902970149,146.70681030021981,141.68910671720718,142.3400421142578,3184973
2018-11-01,142.6926374322632,144.5641119193947,141.58061242387248,142.99099731445312,1959731
2018-11-02,144.1572713579716,145.75751862133316,142.28579686721972,143.23509216308594,1817519
2018-11-05,143.72330860985835,144.29287914261042,141.96033170304074,142.61126708984375,892697
2018-11-06,142.28578840319668,143.9674004238636,140.90253624754862,143.5876922607422,1388900
2018-11-07,144.02166478110325,144.23864326273775,141.58061961532184,142.63841247558594,147844
2018-11-09,142.66551412042855,144.0216501862121,141.01103474193076,143.3435821533203,792950
2018-11-12,143.64191338254477,144.67258994935364,142.58413727285338,142.82823181152344,889701
2018-11-13,142.1230666306766,144.29288444183197,141.9603369165984,143.94029235839844,548990
2018-11-14,143.94027279112154,144.61834076493088,142.63838559228643,143.53343200683594,415526
2018-11-15,142.28579461510174,145.21506186806965,142.28579461510174,144.672607421875,506557
2018-11-16,145.62190270271566,148.252793523243,143.80467699708436,144.672607421875,1594649
2018-11-19,145.92024705197332,146.6254312152244,143.50631812768225,144.42849731445312,956590
2018-11-20,144.2928872444044,145.6490234027165,142.61127509721814,142.9638671875,465585
2018-11-21,143.72331041708233,145.02519776145428,142.71976639278046,144.23863220214844,515979
2018-11-22,144.8082098474809,145.9202347545214,142.17730267578622,142.71975708007812,1074645
2018-11-26,142.6655246054878,143.47920630475866,141.17377482349127,142.4756622314453,593658
2018-11-27,142.82825528127984,144.02166173663775,140.71268615986955,143.39784240722656,1027017
2018-11-28,142.66551984630505,143.47920151843226,141.06527260269644,141.60772705078125,434661
2018-11-29,142.12304466610863,143.75040777297247,141.66195514161848,142.39427185058594,1235480
2018-11-30,142.66551934919636,145.81174851536704,142.66551934919636,144.672607421875,614826
2018-12-03,146.7881951125626,148.3613098956404,145.5134236910623,147.92735290527344,696075
2018-12-04,148.90373399307464,148.90373399307464,146.76103247414866,148.17141723632812,457683
2018-12-05,147.27638346360396,148.36129236572998,145.02520080257176,147.0322723388672,497901
2018-12-06,146.3541839295465,147.49334142929752,143.31645266940214,145.92022705078125,663836
2018-12-07,144.91670305026858,148.57827058887142,144.91670305026858,147.9815673828125,370594
2018-12-10,146.29996255776604,147.27637388441298,144.88957776585767,146.4626922607422,3664374
2018-12-11,144.07588152132837,149.17494920133157,144.07588152132837,148.82235717773438,547711
2018-12-12,148.63250662777645,150.99218659497228,148.3070306746469,149.12071228027344,503238
2018-12-13,148.65964216148498,150.8023439581892,148.65964216148498,149.52757263183594,341136
2018-12-14,148.36127836746314,150.6938256651938,144.94382226997044,146.05584716796875,1134835
2018-12-17,146.73390894162227,149.0664561403785,145.45913784511387,148.2799072265625,1251917
2018-12-18,148.30706627645185,151.3448149775622,147.00517870580416,150.69386291503906,1108324
2018-12-19,151.34480967646178,153.78585499382405,149.71744613155357,153.13490295410156,874546
2018-12-20,153.24340201490693,153.24340201490693,149.22924187477662,150.74810791015625,1089648
2018-12-21,151.887239157025,152.1584663698054,148.22567178448958,148.7952423095703,407678
2018-12-24,149.17496308621608,149.98864470305,145.4320309596591,146.48980712890625,534376
2018-12-26,147.27639894055832,147.6832398216096,144.94385117762354,147.24928283691406,480264
2018-12-27,147.5204881623108,150.3683739063369,146.2457169469629,149.25633239746094,2222952
2018-12-28,149.71741320413855,150.63959229853052,147.27636842363628,149.39193725585938,355044
2018-12-31,148.22568685908567,152.75518508404875,148.22568685908567,151.15493774414062,1085705
2019-01-01,151.154934737395,151.58890824598353,149.7716824608113,150.72097778320312,151753
2019-01-02,149.17495965302044,150.66670924955065,147.384866758942,147.95443725585938,336931
2019-01-03,147.14077788513976,149.0122524652533,145.92025530360402,146.1914825439453,338177
2019-01-04,146.08298370988655,147.7917285521589,145.37779951311154,147.3848876953125,426003
2019-01-07,148.57828556827218,149.71744333934237,147.57474142341516,148.93087768554688,472131
2019-01-08,148.11717427761928,149.63605660182674,147.6018525059737,148.7952423095703,227088
2019-01-09,149.66319249153278,150.04291726139505,148.38842111202092,149.41909790039062,251548
2019-01-10,149.14785318342985,150.58535412200854,148.0086955616596,149.6903076171875,449963
2019-01-11,149.6631850250903,149.69031768123972,147.76459437929148,148.36129760742188,131281
2019-01-14,148.09009859741704,148.79528292135907,146.6797133951331,147.22216796875,141400
2019-01-15,147.84594626111345,148.60539569628628,146.57119161149168,148.09005737304688,414885
2019-01-16,148.36128305702388,148.74100777070117,147.60185018406438,147.87307739257812,118186
2019-01-17,147.87307686840543,149.6089210641033,146.73391928580668,147.4119873046875,571873
2019-01-18,148.4155700096587,149.22925184463008,147.16791459672967,147.76461791992188,389477
2019-01-21,148.1985943154019,149.1207571465952,143.45211685449647,145.1337127685547,2089372
2019-01-22,144.2928645035948,144.50984294384926,139.05818306838452,141.1737518310547,2009492
2019-01-23,141.41789303471873,142.1230772542979,139.95325928094985,140.7126922607422,537622
2019-01-24,140.76694532958626,143.5334666411629,139.49217392034626,139.9261474609375,359501
2019-01-25,140.46857682748472,140.46857682748472,134.58294313725787,135.83058166503906,1090204
2019-01-28,135.55934476026087,136.75275100489355,132.35886726433802,136.21029663085938,407107
2019-01-29,136.69853982326373,141.25515450649286,135.6407551586426,140.82119750976562,706900
2019-01-30,141.03816569348268,142.8282588670642,140.76693845176445,141.93321228027344,597557
2019-01-31,142.34005744748112,143.01812557228274,140.1159906872522,141.14666748046875,1075156
2019-02-01,139.87188345911053,141.1466547294559,131.73506669656072,138.16314697265625,5094566
2019-02-04,137.3765896743827,140.25159164205854,135.85771555660048,138.16314697265625,906406
2019-02-05,139.0310806933068,140.38721693321185,137.6207039701248,138.2174072265625,612984
2019-02-06,137.9190510678242,140.49570983900284,137.37659658968133,139.35655212402344,605504
2019-02-07,138.59710769261983,140.33296850074356,138.32588047600024,138.70559692382812,598834
2019-02-08,137.97327728930827,139.13955091593138,134.66430220226107,135.20675659179688,480544
2019-02-11,135.07117422332027,136.83415139691783,133.30819704972274,135.31527709960938,708056
2019-02-12,135.55935868074403,137.5121979386813,133.55227894615155,135.64073181152344,721498
2019-02-14,135.07117109341343,135.85772846642928,133.00984232891756,134.067626953125,475353
2019-02-15,134.96265668590223,135.39662186233997,132.52161188028694,134.44732666015625,515635
2019-02-18,135.07118702821813,136.12897177721604,131.92494888778353,132.5216522216797,611102
2019-02-19,132.14190259930825,135.88483485940682,131.92491586075903,134.69143676757812,545554
2019-02-20,135.88483006492348,138.40723976722572,135.2610108026501,137.7291717529297,960908
2019-02-21,138.65136793753507,139.43791699827975,137.59357508329595,138.75985717773438,673649
2019-02-22,140.0617356538343,141.58060138408956,137.26809046863437,141.03814697265625,821434
2019-02-25,141.01104361371796,142.82825281268236,140.6042027683863,142.25868225097656,631433
2019-02-26,141.7433406392775,143.66906386229658,139.73626911433442,142.77401733398438,389777
2019-02-27,142.66552658434978,145.92025342657828,142.66552658434978,143.1537322998047,629984
2019-02-28,143.1808381121818,147.76456762297838,141.8789343758575,146.16433715820312,1142117
2019-03-01,145.92026867411522,147.5205161605164,145.7032901728401,146.92381286621094,333569
2019-03-05,146.92381058082228,149.2292422991064,146.51696968936037,147.19503784179688,582719
2019-03-06,147.5476218201703,148.63253080414214,144.78110060016263,145.4320526123047,890999
2019-03-07,145.45916840011225,147.11366452972442,144.56412180115342,146.38134765625,540718
2019-03-08,145.92022716497237,146.19145435301135,144.21149919120555,144.97093200683594,509873
2019-03-11,145.92023987660212,147.5476031466014,145.67612876434413,147.14076232910156,734367
2019-03-12,148.0900735665793,150.53111873525918,147.84596242795251,149.0122528076172,1212343
2019-03-13,149.1478713589208,150.7481022008763,148.63253296229252,150.12428283691406,1221413
2019-03-14,150.25987178718816,150.77521009919096,147.8459430374411,148.6053924560547,470111
2019-03-15,148.14430866547704,149.7716719612068,146.73392383163218,149.22921752929688,617716
2019-03-18,149.17499041755704,151.1820787285706,147.22215086848396,150.55824279785156,637698
2019-03-19,151.07356183717573,151.07356183717573,148.84949531792165,150.36837768554688,446239
2019-03-20,149.77168075554064,150.99220329900493,148.9037503026423,150.28700256347656,430463
2019-03-22,149.7174292392418,152.83654234839267,148.17143073513125,148.90374755859375,917990
2019-03-25,148.09008679566338,148.09008679566338,145.43206290764658,146.92381286621094,419241
2019-03-26,147.60187461249444,148.6325348645442,146.2728544490633,148.19857788085938,254176
2019-03-27,148.36127875104359,149.7174147542524,147.00514274783478,147.4662322998047,433364
2019-03-28,147.0594214807233,150.6667406738255,145.43205794509242,149.60894775390625,1231637
2019-04-01,151.5075289681985,157.20330098285856,151.5075289681985,154.00282287597656,1926933
2019-04-02,153.56885690740305,154.54526828802454,151.6973824477499,153.8943328857422,873349
2019-04-03,154.5452700530095,157.09481259898794,152.7280443280586,153.16201782226562,998158
2019-04-04,152.72804882778453,154.70802087929624,152.42970549217415,153.81295776367188,448307
2019-04-05,155.27755788223544,157.31176169728656,153.78580841786462,156.6879425048828,946455
2019-04-08,156.95920382291257,158.20684247911376,153.62311215142105,154.0299530029297,599597
2019-04-09,154.11129814504943,155.27757179261286,152.23982384579114,154.5723876953125,438295
2019-04-10,154.54526625942862,155.2233343077364,152.80942198839816,153.2162628173828,330577
2019-04-11,152.07711340313492,153.40611691699607,151.7787535131196,152.61956787109375,339540
2019-04-12,152.42968973033996,153.10775774515463,151.26341605573768,152.15846252441406,425468
2019-04-15,152.15847623684428,155.03347825699402,152.15847623684428,154.30117797851562,478288
2019-04-16,153.5417172374693,155.4131916116186,152.48394104918964,153.29762268066406,559573
2019-04-18,153.134876230347,154.57239368767142,152.72803541511826,154.24691772460938,469898
2019-04-22,154.2469169475141,154.2469169475141,149.74453534902838,150.23275756835938,293483
2019-04-23,150.25986382403087,151.50750228095657,149.01222536710517,149.44618225097656,258567
2019-04-24,149.71740944199468,150.0700014794394,148.0357975468036,149.44618225097656,185488
2019-04-25,148.82239072902868,150.61248390125527,147.22214338234355,148.06295776367188,756411
2019-04-26,149.01224911806824,149.01224911806824,146.46270649437054,146.70681762695312,521302
2019-04-30,148.0629436026576,150.6938343501922,145.51340115452012,150.1785125732422,671785
2019-05-02,149.71742899443848,150.58535942992316,146.4627022771681,147.4933624267578,1391449
2019-05-03,144.5641082782763,149.47331433913865,144.5641082782763,148.95799255371094,642377
2019-05-06,147.3848742467884,148.87662391910652,146.19146788717575,147.845947265625,544359
2019-05-07,148.46978808150624,149.1478561371317,145.02519904804979,145.4049072265625,318773
2019-05-08,145.40490338897087,145.89312561965252,143.20796956848525,144.26576232910156,233408
2019-05-09,144.26578967268148,146.29999417142545,141.79761161489967,142.20445251464844,392409
2019-05-10,142.66551174897486,143.53344212752825,140.49569407978893,141.255126953125,335568
2019-05-13,139.68201558490304,141.74333579507743,138.9768314483685,139.54640197753906,630013
2019-05-14,139.08532215247521,140.19736374345902,137.8647996006322,139.16668701171875,605817
2019-05-15,139.41079461315454,140.0074978231562,137.32234165534672,137.67494201660156,556069
2019-05-16,137.67494625653487,138.7869795764042,137.3765946423458,138.081787109375,300715
2019-05-17,137.024010801744,138.78698793691942,136.6442860277933,137.48509216308594,523709
2019-05-20,140.49571468227415,142.85539505441966,138.65137270388828,141.63487243652344,772524
2019-05-21,142.12306971087628,142.39429694314893,137.89192323198307,138.4615020751953,608867
2019-05-22,138.00040515798347,138.29875675311595,135.34238173341674,135.8577117919922,1343725
2019-05-23,138.16313873953357,138.16313873953357,134.52869579094354,134.8541717529297,784800
2019-05-24,134.79992118304384,137.64780684184052,132.90133074384602,137.13247680664062,918932
2019-05-27,137.3494770120942,138.7327376351572,136.86127127557725,137.86480712890625,723141
2019-05-28,137.86478120272443,138.27162199904632,135.939074721892,136.37303161621094,1121681
2019-05-29,136.15605478502945,136.3730332347641,134.63718080529483,135.0440216064453,494774
2019-05-30,135.04402787094256,136.10181234756345,133.57940257429843,135.53224182128906,1106908
2019-05-31,136.04756870114863,136.07469307729102,132.65722861328706,133.33529663085938,880270
2019-06-03,133.44378126233005,135.28812289572727,132.9284512421629,134.82704162597656,577466
2019-06-04,134.85417951751137,136.53578334540236,133.44379463729487,133.79638671875,891462
2019-06-06,134.7456735681431,134.7456735681431,131.81642303382597,132.0334014892578,424365
2019-06-07,132.03340258363588,133.11831142418242,129.21264125365437,129.6466064453125,960416
2019-06-10,130.1619375706597,131.81642522167996,128.8329258853868,131.1654815673828,862372
2019-06-11,131.78929129323996,132.33174567870478,130.24330126098343,131.19259643554688,716771
2019-06-12,131.00273408975536,132.25038083176386,130.8399961186765,131.19259643554688,414262
2019-06-13,132.2232809767406,132.2232809767406,129.5381329261911,130.1077117919922,438434
2019-06-14,130.62302852482972,130.8400069861589,128.07349435682187,128.42608642578125,784216
2019-06-17,127.66665486663211,128.45321214365842,126.66311084881377,127.34117889404297,462733
2019-06-18,126.69023074678127,127.06994718324474,124.8458807626483,125.6324462890625,1228433
2019-06-19,126.28337991852722,127.66664022762154,124.81875476421428,125.795166015625,569082
2019-06-20,125.30699054796833,127.15133255251342,123.92372990596007,126.85298919677734,963687
2019-06-21,126.82586701228188,126.82586701228188,124.46618656580662,125.17137908935547,1616854
2019-06-24,125.17136280534396,125.76806600391924,122.9201801762787,123.6524887084961,441784
2019-06-25,123.27277818373037,125.36123120201283,122.51334523737219,125.09000396728516,789840
2019-06-26,125.09000227335761,131.32822858761824,124.7102775281223,130.67727661132812,1220507
2019-06-27,131.81642629187854,133.60652756362754,129.83647093623352,132.68435668945312,2362554
2019-06-28,132.3317585817949,132.6843589330458,130.78576839879562,132.4131317138672,576134
2019-07-01,132.38601458725543,134.8270596935581,131.27398127227787,132.65724182128906,1489925
2019-07-02,133.4437900413279,133.68789287986638,130.86713149378193,131.38246154785156,372125
2019-07-03,131.81640474682956,132.68433500254318,129.5380981720767,130.65013122558594,618706
2019-07-04,130.73153114007994,131.13837200462376,128.45322395407428,130.1077117919922,894430
2019-07-05,130.48743577570573,131.00276591163674,126.5817649070719,127.28694915771484,315981
2019-07-08,126.66311266118075,126.66311266118075,123.9779648190921,124.35768127441406,395577
2019-07-09,124.19494715395435,125.30698045411667,122.59470814991501,125.00862884521484,494281
2019-07-10,125.27986155338438,125.63246193466664,120.58763357283132,121.02159881591797,1232438
2019-07-11,122.05226110092781,124.08646545260994,120.50626248276991,123.70674896240234,511563
2019-07-12,123.6524765566712,124.73738533677307,121.67252134386413,123.59823608398438,632290
2019-07-15,123.95082590574124,124.33054231653388,121.91662197949823,123.86946105957031,369400
2019-07-16,123.81523367897493,125.84943795628558,123.48975768372588,124.24919891357422,899006
2019-07-17,124.22206208400767,125.71381173785493,123.51686968311309,125.0357437133789,388621
2019-07-18,124.90014359936859,125.06288159826023,121.72678159117626,122.10650634765625,490840
2019-07-19,122.10650801364439,124.11358795482941,118.01097499211903,119.36711120605469,1470948
2019-07-22,117.76687271018727,124.16782904979104,117.76687271018727,121.83528137207031,1250238
2019-07-23,120.77747807658041,122.54045501127271,120.39776162300933,120.94021606445312,714424
2019-07-24,120.47913673024306,121.15720479316158,118.06520780449468,118.66191101074219,561493
2019-07-25,119.0145072488912,120.34352732038293,117.06167612580649,117.7668685913086,1495203
2019-07-26,118.36355216863635,122.70318750590769,116.24798325259557,122.32347106933594,807673
2019-07-29,122.05223357553139,122.05223357553139,116.27509783050164,117.03453063964844,1527410
2019-07-30,117.06167440780439,119.773946714393,115.59704901768617,116.1395034790039,1102600
2019-07-31,115.02745501133565,118.11944337772414,114.48500062154127,117.68547821044922,510463
2019-08-01,116.275093673211,117.38711847316024,113.64418675488051,114.72909545898438,567145
2019-08-02,113.34584656951488,116.22085657906901,112.77626778731684,114.78335571289062,566703
2019-08-05,113.91542549367331,114.26801754741764,109.90126619191807,110.52508544921875,820853
2019-08-06,110.11824557900285,113.4272208013691,109.57579116728361,111.3387680053711,968334
2019-08-07,112.28808596990626,113.75271152276956,110.33524638128911,112.99327850341797,513567
2019-08-08,112.9932567672238,115.51566649652625,111.93547230903883,115.10882568359375,741347
2019-08-09,115.00034595699977,116.5734605860983,114.13241550682237,115.08171081542969,598259
2019-08-13,115.00033528447587,115.5427896961951,110.82343796967733,111.3387680053711,1088197
2019-08-14,111.20315739677534,113.23736149549684,110.552213740624,111.17603302001953,957094
2019-08-16,111.17604235257384,112.83053014719107,108.08405351840298,112.20671081542969,2070527
2019-08-19,112.34232638569173,114.72912279248096,112.34232638569173,113.48147583007812,1312119
2019-08-20,113.53572098619841,113.53572098619841,110.55222143378957,111.88123321533203,668288
2019-08-21,111.2574001237888,111.79985452073132,109.38592583257935,109.84701538085938,647762
2019-08-22,109.03334332475404,110.0640034582382,107.43310436920844,108.16541290283203,648688
2019-08-23,107.70433897477531,110.41661138271627,104.72083932604025,109.81990814208984,541997
2019-08-26,110.93193715600613,113.34585784943802,107.05339107487835,111.77274322509766,769269
2019-08-27,111.74561482505759,116.57345603817365,111.20316038415926,115.62416076660156,980632
2019-08-28,115.62416451162466,116.84468704317818,113.21024382688064,114.37652587890625,923453
2019-08-29,115.00032365825814,116.51919751295748,113.42720933418892,115.54277801513672,1385997
2019-08-30,117.14304200751779,120.58763122837529,116.08525743863348,117.52275848388672,3405843
2019-09-03,117.22440417890915,117.44138263733696,114.07816686852019,115.67840576171875,655491
2019-09-04,115.51567439344052,117.08879727730692,114.24091139209152,116.51921844482422,473680
2019-09-05,118.1465910572321,119.06876204634261,116.4378544260109,116.7362060546875,873111
2019-09-06,116.41071164839205,118.30930195212595,115.24442978120882,117.7397232055664,465144
2019-09-09,117.82109272137787,118.5262850890174,115.97675109265647,116.84467315673828,601017
2019-09-11,117.19728575282396,118.7432759713121,115.78690086984014,116.41072845458984,779326
2019-09-12,117.06168549432206,117.9296077483095,115.62417606936951,116.3293685913086,530826
2019-09-13,116.6819581642005,118.7975272565195,115.10883525704182,118.1465835571289,470486
2019-09-16,117.71259991849938,119.69255508551242,117.00740757230402,119.15010070800781,1030129
2019-09-17,118.25505330500297,120.12651923627122,113.23735035513472,114.1866455078125,1264568
2019-09-18,114.56638838952452,117.79399099908258,113.21025214372712,115.78691101074219,1124857
2019-09-19,115.81403807100442,116.13951408840674,113.07464113566499,113.96969604492188,411214
2019-09-20,114.45788525180369,119.80106472254188,109.19607891225512,118.0109634399414,2375579
2019-09-23,120.47914547855483,121.50980569815076,116.08526080091188,117.11592102050781,616189
2019-09-24,117.17014455908551,117.52273659062995,113.5628262897887,114.1866455078125,722057
2019-09-25,114.18667388580569,114.18667388580569,109.03335606198073,109.38594818115234,921011
2019-09-26,109.71140449022671,117.6041178160385,106.99913243855238,115.48854064941406,10225486
2019-09-27,115.48855541904273,118.36356581693704,114.51214397732636,117.49564361572266,1557188
2019-09-30,117.76687489592564,118.47205912198127,114.8918643993954,115.78691101074219,843381
2019-10-01,115.75980719200237,117.65839827335238,113.96971365134685,116.05815887451172,794580
2019-10-03,114.4578944109266,115.70554136089297,112.66779298507905,113.6170883178711,899805
2019-10-04,113.77982861007082,114.70199958222166,112.28807877132138,112.7491683959961,414673
2019-10-07,112.83052613449227,113.56284295634056,110.90481117243031,111.447265625,250265
2019-10-09,111.44726836348006,113.04750738244203,110.11825657746753,112.23382568359375,272415
2019-10-10,112.20669908722243,112.83051835378019,110.66070069313058,110.8505630493164,207122
2019-10-11,111.61000150305516,113.64420566167706,110.93193345018119,112.4236831665039,327027
2019-10-14,113.37298650400803,113.91544098488843,111.50152020041027,112.77628326416016,676808
2019-10-15,113.58997310835221,115.000358170378,112.34233433486682,113.23738098144531,370311
2019-10-16,115.54280079339904,116.03100649995663,113.40010731675453,114.24091339111328,974034
2019-10-17,114.7019997144973,115.94964669105717,113.6984638790459,114.7562484741211,686109
2019-10-18,115.59705283636912,118.74328219418724,115.00034959832858,117.38714599609375,988749
2019-10-22,117.44138576633364,119.17723831159738,113.48146671553964,113.8611831665039,946692
2019-10-23,113.21025092474883,114.94610364523916,113.04751292156566,113.91544342041016,995251
2019-10-24,113.91544236314388,116.5734660407378,113.91544236314388,114.7562484741211,630417
2019-10-25,115.48854976057541,116.19374220508449,113.9968000144669,114.51213836669922,294829
2019-10-27,116.35646661089244,118.63477339258937,115.1359442338551,117.68547821044922,444722
2019-10-29,116.08525322731182,121.94376298955035,115.380060781239,119.47559356689453,3269262
2019-10-30,117.17017434512867,117.17017434512867,114.72912904627182,115.2715835571289,1077318
2019-10-31,115.27154806213731,116.9802759342975,115.0003208902264,115.35291290283203,662745
2019-11-01,115.54279736505039,115.54279736505039,111.23028616109022,112.28807067871094,1774160
2019-11-04,113.3729639483744,117.1430201849982,113.3729639483744,114.1866455078125,2258686
2019-11-05,115.62416222132967,116.35647903663525,112.17958144460589,112.28807067871094,1287977
2019-11-06,112.96613499704462,113.48146504987491,111.63712329957777,112.93901062011719,1292053
2019-11-07,113.48146553583746,116.08524846526424,112.12532945563576,115.65128326416016,845059
2019-11-08,115.00035475960206,116.27512615390172,113.48148049412981,114.34941101074219,583212
2019-11-11,114.72911445114687,114.72911445114687,112.83052390467398,114.07817077636719,346673
2019-11-13,114.0781998785153,114.40366766033532,112.83055268853859,113.1560287475586,378032
2019-11-14,113.10177495927054,114.43078696642156,111.8812522079115,113.94258117675781,508466
2019-11-15,113.4814842619727,114.5935176866797,112.83054049150002,112.99327850341797,350743
2019-11-18,113.86119126804032,115.54280345550212,112.72204183409386,114.32228088378906,509636
2019-11-19,114.45789660030356,117.44139627471905,113.23737400622448,117.00743103027344,936387
2019-11-20,117.00742792803683,117.68549601788081,115.54280250941352,115.86827850341797,382508
2019-11-21,116.22087820622023,117.06168434809942,113.91544654985414,116.46498107910156,464816
2019-11-22,116.464964509964,117.98383856998264,113.91543034343151,115.29869079589844,762140
2019-11-25,115.54279951938362,117.4413901218148,115.54279951938362,116.6277084350586,613006
2019-11-26,116.62770410975396,117.11590979282263,113.37297748343525,113.8611831665039,347447
2019-11-27,114.45788739156988,116.68195391716675,114.24090892540342,115.38005828857422,504454
2019-11-28,115.05459763211297,117.1430423976975,115.05459763211297,116.68196105957031,643776
2019-11-29,117.06166111300458,119.69255998528303,115.97675231358322,116.81755828857422,1068144
2019-12-02,117.17013885712456,118.22792317747876,115.54277581744228,115.81400299072266,279233
2019-12-03,115.8140365149766,117.60413803224037,114.05105937833176,114.34941101074219,266103
2019-12-04,114.45786828295842,115.81400416308826,113.64418675488051,114.72909545898438,266441
2019-12-05,115.54280279277968,116.05813288688526,114.4578938463686,114.91898345947266,119097
2019-12-06,114.72910907842264,116.05812074327693,113.91542745375298,114.40363311767578,275881
2019-12-09,114.4036364412694,115.08170448152633,113.26448709995643,113.40010070800781,201139
2019-12-10,113.72557901137586,114.1595442530679,111.74562345997894,111.93548583984375,280791
2019-12-11,112.61354766434363,113.29161573005572,110.93193555049841,111.447265625,464915
2019-12-12,112.28805441751967,113.3729631558532,111.36588364537553,111.47437286376953,285440
2019-12-13,112.47794525170568,113.58997036845003,111.47440110364006,111.7456283569336,612881
2019-12-16,112.39656330076302,112.66779053280018,111.74561959931346,111.88123321533203,130261
2019-12-17,111.88124051460854,113.15601189923025,111.88124051460854,112.83053588867188,473024
2019-12-18,113.21025392154449,114.05106006258238,112.34233167692385,112.45082092285156,666319
2019-12-19,112.50504802196963,113.400102818082,112.28806955592913,112.4236831665039,162390
2019-12-20,113.37296892991222,114.24089927566123,111.82697058817088,113.04749298095703,968923
2019-12-23,113.04748365674476,115.00032263501035,112.8305052268026,114.72909545898438,361029
2019-12-24,114.86472620557967,115.9225106946543,114.45788538076651,114.70198822021484,275074
2019-12-26,115.00032806396484,116.35646400811538,114.94607931532005,115.00032806396484,354046
2019-12-27,115.54279421026357,116.54633822202995,111.63712394873647,114.10529327392578,988739
2019-12-30,114.13240846029915,114.83760087288,112.93901037288417,113.29161071777344,279469
2019-12-31,113.80693617663664,114.97320984011695,113.45433584597704,113.7255630493164,189212
2020-01-01,114.34941254709193,114.729129049262,113.69846878948627,113.96969604492188,88791
2020-01-02,114.6748685943796,116.60058356705512,114.21378727347297,116.16661834716797,549833
2020-01-03,116.08525285709749,117.65836745876771,115.59704716063379,116.76332092285156,816967
2020-01-06,117.38714469079916,117.38714469079916,113.91543937316307,114.91898345947266,322036
2020-01-07,115.32579771150112,116.9531607557244,114.02390230980461,115.56990051269531,259266
2020-01-08,114.45788574218751,115.10882940850446,113.64420408999186,114.4578857421875,362093
2020-01-09,116.79043898485591,116.79043898485591,114.64774566839021,115.67840576171875,380062
2020-01-10,116.62770202782406,121.75389471732842,115.54279317175128,118.85176849365234,2207069
2020-01-13,119.1501052329893,120.42487637941608,116.1937304187539,117.06166076660156,547822
2020-01-14,117.1701809405074,118.63480654682385,115.67843095168149,116.11239624023438,2079225
2020-01-15,116.0852415380859,118.74326478578934,115.81401433823056,116.81755828857422,679989
2020-01-16,117.71259860395695,118.52628016112715,116.70905470590162,117.03453063964844,417479
2020-01-17,117.71260258537836,119.12298730972257,117.36001054289086,117.68547821044922,1274504
2020-01-20,118.66191086688117,121.50979672768631,116.38360383367666,117.36002349853516,1694116
2020-01-21,116.0852614317716,117.60413566669246,114.81049006311332,115.21733093261719,549280
2020-01-22,115.54280451441345,116.4649754771639,112.66779410814563,113.48147583007812,576149
2020-01-23,114.05103580597634,114.29513862669715,112.55928622944158,113.18310546875,472035
2020-01-24,113.86119347221408,113.86119347221408,112.55930601473037,112.7491683959961,558023
2020-01-27,112.80340498119223,112.88477811772279,108.490893615419,109.0333480834961,922817
2020-01-28,109.11470778554256,110.33523028102826,106.99913877091318,107.81282043457031,612033
2020-01-29,108.49089541001338,109.98264522190107,107.40598645591324,107.70433807373047,591901
2020-01-30,108.35527958224303,108.35527958224303,104.96493916978235,105.61588287353516,689175
2020-01-31,105.85998345815521,106.70078951785824,105.04630177660998,105.29041290283203,724986
2020-02-03,103.93426628636865,104.55808553510255,102.06279198577244,102.74085998535156,327572
2020-02-04,103.98850458540146,105.72435697258432,103.06633378069779,104.66657257080078,475656
2020-02-05,104.80220210566986,105.75149742959294,102.7951222191007,103.47319030761719,682799
2020-02-06,105.07342025724235,107.78569237682629,104.0970006387526,104.55809020996094,867168
2020-02-07,105.10055550635748,106.10409960529758,104.53097664688333,105.80574798583984,337789
2020-02-10,106.42955951360025,106.72791111115487,103.96139015520893,105.10054779052734,296480
2020-02-11,105.4531335099336,106.2668151212053,104.42247344653505,105.67012023925781,207883
2020-02-12,105.7786226706635,105.85998753106927,103.93428076574668,104.28687286376953,155810
2020-02-13,104.42248563154028,105.07342934107646,103.2019630722106,103.47319030761719,149432
2020-02-14,103.608807695072,104.15126218562212,103.17484244719218,103.4189453125,138592
2020-02-17,103.41895217556471,103.41895217556471,102.14418900449559,102.60527038574219,135016
2020-02-18,103.06634838804115,103.06634838804115,99.86587035423918,100.65242767333984,324413
2020-02-19,100.73378826769923,102.84936555873655,100.08284459245615,100.2455825805664,279253
2020-02-20,100.3540812970849,101.81870677408911,98.45549056984275,98.91658020019531,390434
2020-02-24,98.45546118982138,99.37763189814355,97.37055252657265,97.72314453125,705058
2020-02-25,97.64179976723473,98.45548143196169,94.92952755147822,96.33991241455078,366180
2020-02-26,94.9837766398056,96.52976684189025,92.67834524832679,93.73612976074219,542335
2020-02-27,92.2714972735347,101.79156542570166,92.21724852234853,98.94367980957031,1352291
2020-02-28,92.37998264241241,96.42126612116533,92.37998264241241,93.4377670288086,640027
2020-03-02,94.00735255218227,96.09579710088082,88.96252479553267,90.9696044921875,290865
2020-03-03,92.21723759603374,94.38705495123453,91.02383970611257,93.79035186767578,321602
2020-03-04,93.49203007566926,93.79037340877366,90.69838462290606,91.91890716552734,302832
2020-03-05,93.30217086563418,94.5769422086894,91.67480742030335,91.86466979980469,228864
2020-03-06,90.589886888406,92.48847733217498,87.82336607374936,88.85403442382812,558994
2020-03-09,87.5792526610594,87.5792526610594,83.75494785956054,86.41297912597656,882419
2020-03-11,91.43069641194742,91.43069641194742,85.81628971495229,86.79270935058594,641989
2020-03-12,82.99553287256455,84.08044179900331,76.02498970931627,78.68302154541016,1359057
2020-03-13,70.43772207965581,81.47666649296363,62.95184811763833,76.56745147705078,1802233
2020-03-16,73.77380878800294,80.28326250459143,72.2549345986926,74.99433135986328,1040430
2020-03-17,74.85871010555076,77.02852778976963,70.51907473711303,72.7431411743164,804354
2020-03-18,74.31625928228951,78.87287332886456,68.6204875854717,73.63819122314453,829364
2020-03-19,72.0921928107863,73.23135046218843,67.94241959547482,69.02732849121094,834222
2020-03-20,70.51907600612816,77.29975639133279,69.05445069836351,73.90941619873047,772563
2020-03-23,67.80679675427152,73.23134049461325,66.72188800620317,68.10514831542969,683556
2020-03-24,68.34925918093671,70.5190769327125,67.80680474299278,68.45774841308594,778018
2020-03-25,67.80680536476692,75.48253242117937,66.96599932280422,74.83158874511719,823353
2020-03-26,77.02853103171988,78.65589436337594,74.91296201144618,75.53678131103516,494010
2020-03-27,77.00141003433002,83.53798802553385,77.00141003433002,78.08631896972656,701050
2020-03-30,75.94362195241526,79.49670020634284,74.58748584612212,78.84575653076172,352686
2020-03-31,79.49670705298618,86.60285589565956,79.22547980836815,84.29742431640625,510402
2020-04-01,84.08043683408033,90.58989000833171,82.58868714831439,87.03681182861328,901524
2020-04-03,90.58988937826787,90.58988937826787,82.15472137652854,87.63351440429688,710426
2020-04-07,91.9189048909241,91.9189048909241,86.60284962583938,89.23375701904297,1136863
2020-04-08,90.58988824534404,92.19012713076539,88.96252498345163,90.02030944824219,382642
2020-04-09,91.56630822083086,93.0851822600565,88.42007091326296,89.77620697021484,368829
2020-04-13,90.04744485938129,91.53919469891923,88.17597853430978,89.61347961425781,295015
2020-04-15,90.5899002841681,94.14297886692101,90.04744579144854,92.43424224853516,602104
2020-04-16,92.43423425539926,96.25853975380988,91.48493897522916,94.44132232666016,413836
2020-04-17,96.55688511539668,98.1299995957236,93.84461306159339,94.65829467773438,438775
2020-04-20,94.84816769472776,96.44840673092294,94.08872646797187,94.49556732177734,679839
2020-04-21,93.30217463414112,93.81750475720388,89.50499310833305,91.10523223876953,553443
2020-04-22,91.1323546655236,92.16301488955183,89.5321155693961,90.42716217041016,234022
2020-04-23,91.15945790409826,93.30215099535455,90.75261712940922,93.00379943847656,201007
2020-04-24,94.87528985707773,98.50974167166311,92.4613689590732,92.86820983886719,611078
2020-04-27,93.84462036115758,94.33282605793755,89.2337575110429,89.6948471069336,470433
2020-04-28,90.5898889653857,91.43069497948599,88.96252569055841,89.5321044921875,168768
2020-04-29,90.58989706128288,93.30216942838717,89.34225011697524,92.94957733154297,538897
2020-04-30,94.60405741455455,95.47198788805258,93.30216998150593,94.71255493164062,715866
2020-05-04,90.58988747805311,91.8646586666173,89.53210302222195,89.91181945800781,461891
2020-05-05,91.13234548014415,93.70900405770774,90.31866382407144,90.80686950683594,554735
2020-05-06,93.81749778738266,93.81749778738266,90.9967362332087,91.91890716552734,374474
2020-05-07,91.89178475263803,96.55689654844213,90.5898973235384,95.66184997558594,873636
2020-05-08,96.82811477098629,97.3705691954736,94.38706986079336,95.0922622680664,440702
2020-05-11,96.7467569711006,100.62530307805467,96.7467569711006,98.64534759521484,1591023
2020-05-12,98.83519222700279,100.13708778233259,96.04155531562833,97.61466979980469,902231
2020-05-13,104.15123726701034,105.77860034930738,99.32339676707447,99.8929672241211,2373532
2020-05-14,99.8929808932521,102.52388821385176,98.64534231452431,101.33049011230469,1136048
2020-05-15,103.20195786150421,105.77861646777042,102.63237904046895,104.50384521484375,2642622
2020-05-18,106.0498290853513,108.7078521812154,100.67953414587207,102.11703491210938,4041183
2020-05-19,104.64396539892223,104.8817889640557,102.38460524060437,103.51428985595703,1292274
2020-05-20,102.26568302240811,102.86025094695701,100.06578351605455,101.4630126953125,516110
2020-05-21,101.076573342905,103.75212969609954,99.35232954424629,100.6603775024414,1547592
2020-05-22,99.29285143507411,100.36307560034876,97.53887773018947,98.25235748291016,825953
2020-05-26,98.99555050398413,100.48197018122113,98.28207087338751,99.08473205566406,525510
2020-05-27,99.47121284644744,99.85767835778451,97.62804870225618,97.95506286621094,479648
2020-05-28,98.66854837250953,100.48198241398485,97.80642666923377,100.27388000488281,796264
2020-05-29,100.27389334873725,102.4440720739286,99.08475730393805,101.9981460571289,643006
2020-06-01,103.15753789016054,105.71418185407704,101.67111803583546,102.88998413085938,2605828
2020-06-02,104.64395000731822,104.64395000731822,101.67111051847395,102.77106475830078,667802
2020-06-03,103.33590857020894,103.98992785307904,101.81975852657675,102.74134063720703,844549
2020-06-04,102.26567991973556,102.8305176164429,101.07654410671539,101.908935546875,312110
2020-06-05,102.56296841395384,103.66292271865237,102.02786090335745,102.8602523803711,1082754
2020-06-08,104.04938512990799,104.79259502369304,102.26568138482385,102.80078887939453,944873
2020-06-09,103.03862755977087,104.0196610484141,102.14677563468177,103.27645111083984,856762
2020-06-10,103.48456140574598,103.6926547606871,101.99814141736233,102.29542541503906,604781
2020-06-11,102.2656798756318,103.81156006084586,101.22518603968787,102.65214538574219,581301
2020-06-12,99.88741258631285,104.64395604280394,99.20366309339693,103.8412857055664,1200452
2020-06-15,103.8412857055664,104.40613249893406,101.9386701374473,103.8412857055664,969428
2020-06-16,105.35744186620923,105.41690229182363,102.771076654952,104.70342254638672,1377118
2020-06-17,104.198036278341,105.14934865505819,102.65215593427236,103.57373809814453,454777
2020-06-18,102.97917269570854,109.75725313576987,102.86026091375393,106.10065460205078,1361183
2020-06-19,108.21138842980166,108.21138842980166,105.00072448996083,105.86284637451172,940977
2020-06-22,106.54657236208013,113.50301540176417,106.54657236208013,111.68959045410156,1671183
2020-06-23,112.96791245879538,115.97048247283551,110.70855239514205,111.7490463256836,1496547
2020-06-24,112.49225791060317,115.76238173982064,110.23289781412095,111.15447998046875,2192514
2020-06-25,111.06529062277271,115.28671746273956,109.43022882286472,112.75980377197266,3984328
2020-06-26,113.5624853365681,121.7377951448289,113.5624853365681,118.28929901123047,4242919
2020-06-29,118.02172707040853,118.31901101768915,114.63269188588662,115.13806915283203,1006973
2020-06-30,115.88130174937288,119.71627267937254,114.5138025815769,116.50559997558594,1165072
2020-07-01,116.7731534633762,118.52713634970998,115.10837029430823,117.87310791015625,654693
2020-07-02,118.08120595009296,119.35952349430235,116.20831134597776,116.8028793334961,723514
2020-07-03,117.01096496741307,117.42716068447575,115.94074092897606,116.02992248535156,366876
2020-07-06,116.56505297422002,117.42717472098524,115.2272750343607,115.5245590209961,608396
2020-07-07,115.34618806069642,117.60554819801227,115.34618806069642,116.77314758300781,695508
2020-07-08,117.72446225662492,117.72446225662492,112.96791832706431,113.47330474853516,1794792
2020-07-09,114.75162966957951,116.23804974301967,114.15706164020347,114.57325744628906,1237464
2020-07-10,114.45434777103526,115.04891581140427,112.28417805264368,112.49227142333984,703075
2020-07-13,113.44357551747851,116.77315085358893,113.02737973451316,115.97048950195312,2187263
2020-07-14,116.56505327346773,116.71369526716703,113.11655720516653,113.91922760009766,713941
2020-07-15,113.26519961259629,115.55428995288192,110.6491041428876,111.3031234741211,706841
2020-07-16,112.07607274025888,112.52199875911931,108.89513017676579,111.95716094970703,559613
2020-07-17,112.52198648856329,113.97867617684402,111.48149255802176,111.7490463256836,322430
2020-07-20,112.25444964172935,113.5327673201288,111.15449512039889,111.65988159179688,385726
2020-07-21,112.37336236176,112.55173459268495,108.36002799169715,108.68704223632812,1324742
2020-07-22,111.42204295796506,122.30263950318246,111.39232181497178,117.2785415649414,9175785
2020-07-23,118.25955028982496,125.24572303263872,117.90281499745335,123.3133773803711,5959343
2020-07-24,124.2349866846482,124.71064291788294,117.1299006189413,119.03251647949219,3084150
2020-07-27,121.8864408174077,125.98895641596535,119.62708058777821,122.9566650390625,3052896
2020-07-28,124.56199024117933,128.36722163629864,124.0863340486926,125.33493041992188,3969330
2020-07-29,126.61324976233723,126.61324976233723,121.88643612701112,123.87824249267578,1364626
2020-07-30,124.1755262697282,126.28623534112039,122.33236190250942,124.8592758178711,1162139
2020-07-31,124.85930786482508,125.75116006385954,123.22424549992857,124.8890380859375,884858
2020-08-03,125.45384905636264,125.60249105761426,121.58915702382066,122.09454345703125,950787
2020-08-04,122.48099825497502,123.4323106082403,120.75675482111706,122.54045867919922,1659607
2020-08-05,124.91874265657792,131.6373539184779,124.88901244157022,130.06175231933594,4379815
2020-08-06,132.17245399278312,140.91260083786986,132.17245399278312,139.7234649658203,5906354
2020-08-07,142.6963122109343,153.1012516429816,140.61532432452486,150.39596557617188,7408920
2020-08-10,151.555404264247,153.2202058223614,141.2099230075937,144.56922912597656,3873624
2020-08-11,146.26373889170372,153.96340232297848,144.6584069866383,146.73939514160156,4932534
2020-08-12,136.7803739279355,141.4774576265018,132.79677003426195,137.67222595214844,4312095
2020-08-13,139.0099938867906,143.55843525079206,135.88851202887938,142.33956909179688,4850302
2020-08-14,144.4502946197977,145.6691608413148,135.2047603519224,137.2560272216797,2216476
2020-08-17,138.5343263028743,140.28829986433468,135.4425749123089,136.691162109375,1254860
2020-08-18,138.50464451457174,140.22889754055223,137.93980660373268,139.09921264648438,1252781
2020-08-19,139.69375041769266,140.08022506287423,137.3452086215421,137.73167419433594,870160
2020-08-20,138.0586800844648,138.0586800844648,132.4994750379957,132.76702880859375,1625274
2020-08-21,134.66965638123494,136.15607642959293,133.36160855315748,134.6993865966797,1311906
2020-08-24,136.18580029140884,137.1965640626584,134.43182653065412,135.5912322998047,726910
2020-08-25,136.15607345730166,136.15607345730166,133.77780143184663,134.28318786621094,556880
2020-08-26,134.28317866360447,136.42361789639415,132.2319119243153,134.3723602294922,766552
2020-08-27,135.32366863125628,142.30984202219233,135.08583600855823,141.0017852783203,2264898
2020-08-28,141.06126538997682,142.36931324402585,135.2939573023142,135.9777069091797,1959566
2020-08-31,137.19654871923817,139.7234624009576,133.777783149853,134.72909545898438,1633436
2020-09-01,134.81828000891227,137.34519374667576,134.4020842665815,135.14529418945312,976206
2020-09-02,135.2642239869096,137.93978006577154,135.14531219788222,136.30471801757812,479707
2020-09-03,136.45334822980396,137.52357238333866,133.1832244160178,133.629150390625,979692
2020-09-04,131.96435242102254,134.37235439163314,131.1022307228102,131.78598022460938,413761
2020-09-07,131.96435585111286,132.5589238063532,128.48613875638915,129.4969024658203,888789
2020-09-08,129.34825936909039,129.34825936909039,124.91872995496807,125.98894500732422,464515
2020-09-09,125.21603293768771,130.47795465181542,120.57840040807181,128.5456085205078,1331011
2020-09-10,130.24012419169,132.2616517934243,129.61582596773482,131.5481719970703,715608
2020-09-11,131.51843965522696,142.10175185921958,129.6158238715894,141.3288116455078,2717717
2020-09-14,141.32879732255446,141.77472327692038,132.29136646188297,133.1534881591797,1565798
2020-09-15,134.66964157322627,137.52356956673893,130.50766589546652,131.6076202392578,1122511
2020-09-16,131.10223399111186,132.82647743052087,129.6158141045913,130.35902404785156,739502
2020-09-17,129.85364717858076,132.52920317049427,128.12940361274713,128.39695739746094,872202
2020-09-18,129.37800813960925,131.31035425477296,125.92951171960866,126.9105453491211,618490
2020-09-21,127.3564663195414,128.66451413109016,121.7675306372931,122.48101043701172,556240
2020-09-22,122.36208776865928,125.45383934077927,118.97305221705876,123.78904724121094,871865
2020-09-23,124.74035022313026,132.52918445631119,123.61066574263246,126.37541198730469,1804262
2020-09-24,125.45383805566524,125.75112203210047,121.321592597693,122.03507232666016,550605
2020-09-25,122.95665261122474,125.3646545984624,122.2728940323175,124.3538818359375,659337
2020-09-28,124.8592621246836,126.79160784804179,124.1160522310843,124.77008056640625,586175
2020-09-29,125.63220511533744,127.68346265432896,124.94844655408252,126.16731262207031,596722
2020-09-30,127.77264590881556,127.77264590881556,124.32415913545893,124.82953643798828,369729
2020-10-01,125.1565569159793,126.61324661905125,123.46203458293634,123.81877899169922,352330
2020-10-05,123.96740112304687,127.50507814157754,123.96740112304687,127.08888244628906,644180
2020-10-06,127.95100994526643,132.46972960291072,127.2672604909323,131.6373291015625,1416355
2020-10-07,131.99409631477982,133.7778003190336,124.3836240821528,125.30520629882812,1492836
2020-10-08,126.04840445169589,127.11862856812162,120.69729294195409,121.88642883300781,1807636
2020-10-09,123.67016438674811,125.89979475429766,123.2242383132382,124.02690887451172,953505
2020-10-12,118.91360352198413,123.52150565846101,117.30827168891493,117.78392791748047,1694851
2020-10-13,118.9135905388107,124.71062807757772,117.78391505764678,122.54045867919922,1470485
2020-10-14,124.17553195287564,128.51587114823147,120.6973054812347,126.70244598388672,1563682
2020-10-15,129.02126792080432,129.8536595687573,122.59993111303312,123.37287139892578,1119771
2020-10-16,126.94023586304719,128.42665548673628,124.53223425819381,125.89974212646484,1397663
2020-10-19,128.12940893707784,132.29138509744695,126.43488644282948,131.34007263183594,1740532
2020-10-20,131.6968107796546,133.6588869759509,129.25907837328836,132.49948120117188,2493195
2020-10-21,137.79114056794114,140.139682465409,135.05612400861898,138.59381103515625,8285214
2020-10-22,140.52611394884514,142.69628295652143,139.12887588260838,141.8638916015625,3639430
2020-10-23,143.8854586697239,144.4800266807558,141.65582862835421,142.48822021484375,2155549
2020-10-26,143.88546853832543,144.18275256423104,139.27756613678812,140.6748046875,2510881
2020-10-27,139.82537463454773,143.5496933668082,138.0938961796169,140.28274536132812,3474033
2020-10-28,140.4787841506577,140.96882642095068,136.59111746698704,137.37518310546875,1154599
2020-10-29,133.94485884015893,135.87235603435988,132.96477450718214,133.6181640625,1240966
2020-10-30,134.3042330317143,135.6436836933116,132.18071685135615,132.8341064453125,875586
2020-11-02,133.0301322136815,133.81419777308776,130.71059704090646,132.6054229736328,948805
2020-11-03,132.63810676670744,139.6947173965588,132.63810676670744,138.81263732910156,1656081
2020-11-04,139.825365563719,141.00146876338184,137.6365065540706,139.79269409179688,1035424
2020-11-05,139.98871827159994,141.75286815314794,139.07397684262955,140.7401123046875,777750
2020-11-06,141.78553973459418,147.40469414522906,141.458844942579,146.78396606445312,1819210
2020-11-09,147.53539653709385,148.8095044605516,146.7839923986906,147.99276733398438,943058
2020-11-10,149.92023375904523,150.18159556711655,140.60943245383405,141.94888305664062,1580254
2020-11-11,142.27558158625465,147.3393508505186,141.45884460814756,146.65328979492188,1747921
2020-11-12,147.01266192706098,150.27960996988458,145.18316902909294,149.49554443359375,1790385
2020-11-13,148.940185546875,149.49557080008182,147.01268785564375,148.940185546875,383354
2020-11-14,150.2469433358461,150.27961481131376,148.35211739793814,149.43020629882812,183740
2020-11-17,148.9728293478496,149.36486709726498,145.37918653463393,146.457275390625,827016
2020-11-18,145.70589723156888,150.27962494735803,144.13776600270094,148.48280334472656,900958
2020-11-19,148.48278435638971,150.21426278225303,145.37918380328585,146.35926818847656,705801
2020-11-20,147.01266076568334,147.6333788949294,144.00706460205572,144.7584686279297,591504
2020-11-23,145.70589377217937,146.98000161162625,142.7983117873045,143.64772033691406,729048
2020-11-24,143.41901251994966,146.35926562400329,143.026974784769,145.50985717773438,537123
2020-11-25,145.67321869484516,145.93458053361485,142.4389419608226,143.3536834716797,633337
2020-11-26,144.13775702150394,144.98715556841933,143.1250010964111,144.39910888671875,581412
2020-11-27,144.66046673338542,153.93860788116407,144.5951337493476,150.08360290527344,2822358
2020-12-01,151.5863972592105,153.5465661892865,148.31944904241715,148.71148681640625,1010004
2020-12-02,150.27959883148884,153.54654663217337,149.26684301928992,151.74972534179688,1639274
2020-12-03,152.56648608617647,156.22547218157055,152.2397912551568,155.57208251953125,1566300
2020-12-04,156.16010961529568,160.0804470951776,155.8334148253055,157.59756469726562,1772775
2020-12-07,158.12028630574542,159.36172258215566,156.16011746724445,156.81350708007812,655767
2020-12-08,157.4341997400544,158.90432613101348,151.94573186844687,155.1800079345703,1984773
2020-12-09,155.6047555494437,161.5506059022742,153.74260085669744,158.8717041015625,2048914
2020-12-10,158.8716694320496,159.4270545526861,154.2652809547324,156.6174774169922,669991
2020-12-11,157.43421730227055,162.95535725911748,156.97684659027107,157.59756469726562,1487906
2020-12-14,159.06770672539017,161.51791788865847,157.7282559621499,158.4796600341797,440451
2020-12-15,158.51232770740228,160.53782957181514,157.79359512877977,158.93702697753906,542406
2020-12-16,159.42706701932545,160.08045663825712,156.48681373413297,158.21829223632812,1099848
2020-12-17,158.5776533520517,160.70116954436577,156.81350343242374,158.1529541015625,900827
2020-12-18,158.51234017138205,159.75377657396226,156.51949965571572,157.9569549560547,549963
2020-12-21,158.38165360714183,160.92987932763828,150.1489496646044,153.21987915039062,1719159
2020-12-22,150.41029259388327,155.44139080982944,146.8819925385274,151.84774780273438,962929
2020-12-23,153.54655901590982,157.7935914993286,151.9457564584542,156.81350708007812,540388
2020-12-24,159.4270557880033,161.81192374112084,157.1728637554793,157.89158630371094,1119509
2020-12-28,159.75378956565146,160.73387416421372,156.94421172245237,157.98963928222656,348562
2020-12-29,158.77368289554965,159.03503476419397,156.16012432936776,156.58482360839844,446298
2020-12-30,156.71549595538835,157.0748522512031,155.50672123512499,156.29078674316406,439356
2020-12-31,157.14017707727137,157.76089511747782,155.6373792110282,156.19276428222656,496391
2021-01-01,156.25809725123463,156.81348232243298,154.9839897013514,156.19276428222656,658536
2021-01-04,157.46689180440166,160.63583531623976,157.14019700812696,159.45973205566406,886735
2021-01-05,159.68841894456722,169.22791137286458,158.87168192056689,167.8557891845703,3891253
2021-01-06,168.0844597251732,182.88372886752128,167.8884508384665,179.74746704101562,8436991
2021-01-07,183.602472116995,214.57313424413022,182.9817440395848,201.3419952392578,5200956
2021-01-08,203.8575644242136,212.28628665762554,194.84079551216718,198.6304473876953,9070406
2021-01-11,196.4742598123275,196.6702687154987,187.19611955810757,190.95310974121094,2359429
2021-01-12,191.86788396983007,197.97708173408728,186.8694566863002,189.90771484375,1455335
2021-01-13,193.86070086399334,195.75552670202356,184.90925543416603,186.47738647460938,1119073
2021-01-14,188.8296054979858,189.48299513638713,182.29570911397244,182.78575134277344,790536
2021-01-15,183.3411442190217,186.21605476068632,176.4152097732818,179.15945434570312,1324117
2021-01-18,181.2502785041284,181.38096440544882,174.65103928482716,175.50045776367188,849339
2021-01-19,176.44786624689053,200.19858391011041,175.5004632223912,195.23281860351562,4529372
2021-01-20,198.20573853343004,205.81772336185517,190.49572931341427,193.6646728515625,6769649
2021-01-21,196.67027471638156,197.65035914187848,184.2558719934206,185.03994750976562,3043234
2021-01-22,187.39216395786494,187.39216395786494,179.02878350719993,180.10687255859375,1791445
2021-01-25,181.25027980673036,182.94909683675982,172.49486273180213,175.14108276367188,1807602
2021-01-27,173.40958391837282,174.35700674912061,170.63267830947316,172.49484252929688,1310896
2021-01-28,169.1625502986629,173.44226380981138,169.03188435274382,172.03746032714844,1066770
2021-01-29,180.33552052825013,181.9036515013919,174.68370476053744,179.51878356933594,2254295
2021-02-01,189.482981496043,191.11645547445718,183.994512916545,188.66624450683594,3511591
2021-02-02,191.5084823485156,192.09652895939755,185.9219896954702,191.0511016845703,3147425
2021-02-03,189.15632082647338,189.87505349461736,184.90928771637985,188.96031188964844,1472275
2021-02-04,189.09095511609016,194.7101099274743,188.33956102884048,192.5865936279297,1264818
2021-02-05,192.7499535341905,192.7499535341905,187.84953098671107,191.6065216064453,1113508
2021-02-08,191.443148818827,200.19856528877935,189.5156415629634,194.25271606445312,2464990
2021-02-09,194.71009399085614,197.1603049051706,192.09653568225403,194.1547088623047,879542
2021-02-10,194.64477685217918,196.67028879787216,192.2599085673551,195.10215759277344,771602
2021-02-11,194.05670935530478,196.44157738466066,193.40331976151586,194.0240478515625,516828
2021-02-12,193.5666755807619,197.9117125805082,192.71727704783186,196.0822296142578,1120805
2021-02-15,196.08223927572308,197.5523659981404,193.07664287747372,194.1220703125,942670
2021-02-16,194.7100812166167,202.4527511858547,194.35072494870698,199.08779907226562,2691599
2021-02-17,199.25115830936844,201.83203515940775,196.99695630603895,199.6758575439453,848324
2021-02-18,199.93723278714094,203.85757068492802,194.93880595543635,196.37625122070312,1393494
2021-02-19,197.91172864473114,201.14601551315835,194.74278473180289,196.34359741210938,811948
2021-02-22,197.61767452797815,203.79219372265214,197.32364125876524,198.98977661132812,2311972
2021-02-23,200.06792857690797,202.25676805941123,195.069481558397,198.89181518554688,1086718
2021-02-24,198.95715190433592,203.20418470360747,197.97706741219633,199.38185119628906,647686
2021-02-25,201.8973991446458,202.38744137557939,197.45435756012887,198.9244842529297,1014557
2021-02-26,197.3236763064601,202.38744614545038,190.1363900833771,194.3834228515625,1988515
2021-03-01,196.08223717521804,198.9898091422634,194.8734623395387,196.11489868164062,843480
2021-03-02,197.3236738209887,210.97951348486464,197.1276649024124,206.0137481689453,4031034
2021-03-03,208.75801572214257,213.00504890584813,204.90302035875342,207.8105926513672,2427924
2021-03-04,205.98108625303408,218.49349400731424,202.68147651105068,212.93968200683594,2619084
2021-03-05,210.42411329029161,210.88149398751312,202.55077656430385,203.49819946289062,1237997
2021-03-08,205.68708865560907,207.3532445090198,201.27670777167316,202.0281219482422,599511
2021-03-09,202.55078052308963,206.40577526120052,191.90053778121012,194.48141479492188,1095282
2021-03-10,196.67027384192562,200.9499678382859,192.91328356089215,199.57786560058594,726204
2021-03-12,201.24401508828618,204.5763063390857,196.73563042655508,197.291015625,1066538
2021-03-15,198.79374484270684,200.06786227614887,195.03675541675594,196.5068817138672,344566
2021-03-16,196.50692565357556,201.79938549456327,194.38340941625512,198.43443298339844,504158
2021-03-17,199.28383022381868,200.19857168605267,191.93319714179256,192.81527709960938,488782
2021-03-18,194.71009878700224,195.03679358362473,184.9745978356257,187.09811401367188,909476
2021-03-19,186.2160436079865,189.28698282939914,177.91798737301636,185.13795471191406,998832
2021-03-22,185.88933363757687,189.28696739530025,181.2176021756077,181.80564880371094,1128743
2021-03-23,183.56981944062633,185.3666408733648,175.7618056024155,176.709228515625,1795545
2021-03-24,176.7092280500094,180.20484651259503,172.49485708837997,173.180908203125,1286577
2021-03-25,175.10841646617217,176.28450979484828,170.53468917041394,174.25901794433594,1011565
2021-03-26,177.6239987654677,188.11089575982896,176.5459097191111,181.6750030517578,2231711
2021-03-30,183.8638322106567,184.90925957431557,167.92112971943146,171.35142517089844,2786509
2021-03-31,172.82154432032522,179.68213492661414,172.7888828171947,178.3100128173828,1783503
2021-04-01,180.33555114364964,184.90927889004655,179.1921192070504,183.11245727539062,1464491
2021-04-05,183.60248105600164,197.9770525265783,181.31561741295536,194.22006225585938,3945113
2021-04-06,194.57942637693023,201.89739830436298,189.4829951723795,196.8989715576172,2113161
2021-04-07,203.85755049542684,207.45119321249368,199.44717079720849,200.91729736328125,5173835
2021-04-08,200.91728966613235,211.3715226243701,200.32924305020484,208.49661254882812,3354406
2021-04-09,207.45120905336026,207.45120905336026,201.2440075226298,201.7993927001953,2143386
2021-04-12,197.977051590011,197.977051590011,188.17620745189163,192.19454956054688,1570309
2021-04-13,194.93878464954065,197.61768590821106,190.13636726165925,190.75709533691406,1055168
2021-04-15,190.463071664583,194.64476118828452,189.4829872477841,190.6264190673828,1015424
2021-04-16,191.44313387416625,195.20012370275484,190.20169774486675,190.85508728027344,866946
2021-04-19,186.8694450644208,189.48300373665046,182.06702701622476,184.84393310546875,1180792
2021-04-20,186.8694478582379,189.58101103324174,183.66784242486457,185.8240203857422,738454
2021-04-22,187.52283744717352,199.28385164246663,187.52283744717352,197.48703002929688,3681184
2021-04-23,197.48701458150418,202.0607419663529,192.09655016364675,195.7228546142578,2969340
2021-04-26,199.08786142775654,203.2042088070632,196.24561207543888,198.72848510742188,3199929
2021-04-27,201.2439763327206,210.65278162783562,200.29655353312984,208.26791381835938,9306441
2021-04-28,210.3261049823523,210.3261049823523,200.59060408167144,201.3746795654297,5195162
2021-04-29,203.85756040185447,205.65438184770417,199.93722270181883,200.72129821777344,2514122
2021-04-30,199.61051871679737,204.21690732662253,197.35631666696173,199.3491668701172,1726897
2021-05-03,200.03524517415082,200.78663931303103,193.76270030113216,194.5141143798828,2004533
2021-05-04,197.97705207335108,197.97705207335108,187.52281830050086,189.7443389892578,3787816
2021-05-05,190.2016970859043,192.78257377789953,187.52279601204472,188.20884704589844,1988974
2021-05-06,190.00568239445502,196.40891225944142,189.48297870500895,193.73001098632812,3618674
2021-05-07,196.34357722444182,206.66712505596928,195.36349281233979,202.45277404785156,7838176
2021-05-10,205.81775178249632,209.21538613707637,201.89741365330593,207.67991638183594,4835154
2021-05-11,202.55079724369062,207.05918196856,200.59062823810652,204.57630920410156,1994769
2021-05-12,206.14442248684475,216.92535107965915,203.85755884594474,207.18984985351562,7972217
2021-05-14,209.0520401403808,211.60025595375458,201.6687246494756,203.72689819335938,3998991
2021-05-17,203.72686251765853,207.77788587866118,203.72686251765853,206.24241638183594,1227131
2021-05-18,210.03208275434767,229.01304156114324,210.03208275434767,225.74609375,24955975
2021-05-19,229.3397687546168,236.59239790833507,223.62260927711569,227.15090942382812,11543534
2021-05-20,226.72618152220014,227.67360437770668,219.5388962289892,225.15805053710938,4061140
2021-05-21,228.0329268338049,231.29987420964738,223.72055230971998,225.12533569335938,3422820
2021-05-24,227.18360897222308,227.31427494962682,214.21381930758488,215.25924682617188,5130644
2021-05-25,216.95799753910072,220.64966454101707,215.09585322682372,217.7747344970703,2581914
2021-05-26,219.5389136341785,220.45365511968046,212.15561885992898,212.90701293945312,2223573
2021-05-27,214.27914561649126,217.25206057472374,213.00502781160884,214.80184936523438,1356862
2021-05-28,218.5588149603309,218.88550975100404,213.0050035188875,213.42970275878906,1673508
2021-05-31,213.5930280323391,215.9452342695417,210.58743228146162,213.6583709716797,2055959
2021-06-01,215.84724873411432,216.76199014539802,211.33886468289185,214.0177459716797,1356800
2021-06-02,213.65842715560268,215.7819436334489,211.07752992196438,211.95960998535156,1849017
2021-06-03,213.62579717534007,213.6584586884867,211.37159445175976,212.15567016601562,1355911
2021-06-04,211.0448260863919,218.82015779633824,210.4240980337205,218.03610229492188,3080244
2021-06-07,220.5843017087855,222.80582204619975,218.33009993207867,222.05442810058594,3505337
2021-06-08,222.2831439950255,223.98194095803325,217.90542581529297,221.2377166748047,1473381
2021-06-09,219.60421360388574,223.32852176734164,217.61136367707314,220.87831115722656,2068493
2021-06-10,222.8058707293342,223.39391742656966,220.51900695351992,222.15248107910156,1023479
2021-06-11,222.8058755542704,229.92781890806043,222.41383776766716,224.7987060546875,3288575
2021-06-14,224.79866959344503,224.79866959344503,216.3372867760147,221.89109802246094,1180879
2021-06-15,222.15245825613792,223.0998811275891,220.22495101002733,222.1197967529297,886260
2021-06-16,223.45923903663805,223.45923903663805,214.4097892572685,218.36280822753906,2476285
2021-06-17,216.9253251334522,219.2775314421496,212.28625545738407,218.33010864257812,2234016
2021-06-18,216.9579838068546,217.35002150983962,211.37151134388228,214.89981079101562,2192582
2021-06-21,212.3516286865786,218.8201820032114,210.7181546197588,216.7620086669922,906954
2021-06-22,217.57875542915426,218.23214508509764,214.76918788454554,217.51341247558594,1272621
2021-06-23,218.16678684366045,219.86560381804398,214.01775883118577,216.5659942626953,1078467
2021-06-24,217.25202355479442,221.4337126517856,215.3898593649229,219.57154846191406,1400581
2021-06-25,221.00901525735156,223.1325312945619,219.76757910049426,221.85841369628906,917171
2021-06-28,223.13257957377238,223.3939314623121,219.04889400324214,221.62979125976562,982883
2021-06-29,221.82575098051512,222.80583530001667,219.08150690996422,222.21778869628906,647407
2021-06-30,222.47915911522225,223.36123906444567,220.19229551198208,221.69508361816406,520880
2021-07-01,220.58432724465638,225.3540632253852,219.70224731948935,222.1197967529297,1271970
2021-07-02,222.80584424655112,223.2632249232974,220.02893856312636,221.8257598876953,636705
2021-07-05,221.76042782174864,222.08712262406115,219.63691160671743,220.3883056640625,562937
2021-07-06,220.4536681270229,221.8257904061691,218.2321472626229,219.11422729492188,485275
2021-07-07,219.11423902969426,220.1923280425217,216.36999432443247,217.93812561035156,759230
2021-07-08,218.13412533909994,221.13972153379876,215.78191875455877,216.5659942626953,785873
2021-07-09,216.2719720578693,218.82018768024494,216.2719720578693,216.8927001953125,464272
2021-07-12,218.3628414943386,220.06163872959877,217.70945180697058,219.34292602539062,472616
2021-07-13,220.19230507734662,224.01463839678178,216.99069988170322,218.7875213623047,1195775
2021-07-14,220.19231349454117,221.98913504382898,217.87278819777214,219.01622009277344,929546
2021-07-15,219.01613858976842,229.2743403807347,218.88545273159562,226.8568115234375,2841884
2021-07-16,228.3596596292358,228.55566852850697,223.4592377487801,224.83135986328125,866858
2021-07-19,225.41940617166938,225.41940617166938,220.71499319735705,222.1197967529297,767837
2021-07-20,220.5189730670001,221.95643805256867,214.605805617002,217.57872009277344,1078296
2021-07-22,222.15245837973256,223.45923754667217,208.30059123422572,213.69105529785156,3389719
2021-07-23,215.357244229083,219.47359126987917,212.44965215400563,214.67117309570312,1691393
2021-07-26,215.61858990656106,215.81459883052804,212.35164157464348,213.33172607421875,642013
2021-07-27,214.40979590405055,215.45522326495504,208.4312849780763,209.3787078857422,820843
2021-07-28,209.08467144268775,211.60022538395623,204.96832494960708,206.63446044921875,902734
2021-07-29,208.0719191663486,212.71096921995579,207.12449630195417,211.40419006347656,1753832
2021-07-30,212.9396459444596,215.87989885853125,208.43126213085634,209.41134643554688,2759663
2021-08-02,212.02488708496094,214.14840290322326,211.04480286114756,212.02488708496094,653297
2021-08-03,213.42969736724453,213.5930447584547,207.81054312164102,209.90139770507812,973957
2021-08-04,210.3914878820915,212.22097110511754,208.43131874033287,208.85601806640625,538335
2021-08-05,209.7380724947453,211.012190256876,206.66713323927954,208.72532653808594,429968
2021-08-06,209.08467295823357,211.1755276637632,207.7778937522446,208.03924560546875,481160
2021-08-09,207.4838438271031,209.73804575272862,205.8177084489393,207.5165252685547,727836
2021-08-10,207.12450998990704,208.3006033325142,201.11331749690228,202.12608337402344,745912
2021-08-11,202.55078017951075,207.7778970873691,200.29657803704941,206.56912231445312,1527673
2021-08-12,208.43127580467453,210.35878303963028,206.27509816884904,208.9539794921875,893026
2021-08-13,209.6726837158203,211.04480563516745,208.49659060773126,209.6726837158203,605873
2021-08-16,211.17552381155826,217.25203903261354,211.17552381155826,216.1739501953125,2768305
2021-08-17,217.44805838741675,217.51340133763912,205.16434146062616,207.54920959472656,2585664
2021-08-18,206.79779727208475,212.3189470709356,204.70694268864764,209.90139770507812,1471950
2021-08-20,206.4384225263824,206.99378765493918,199.93718896165058,201.30931091308594,1087129
2021-08-23,202.74678809148025,204.6742954177303,192.1618883689936,202.71412658691406,2182369
2021-08-24,204.38025835928005,207.41853594307608,198.4017475231893,206.63446044921875,1537821
2021-08-25,206.4711531869507,207.45123777486342,203.49823791289748,206.50381469726562,703209
2021-08-26,205.817739250369,207.12451854719674,203.85757030512738,206.0137481689453,641303
2021-08-27,205.850391344437,209.60738165103027,204.57629355220922,207.90858459472656,711069
2021-08-30,210.16279520531816,212.35165471108363,208.49665942891824,211.73092651367188,747758
2021-08-31,212.35163524897413,212.93968194322815,208.46395887385276,210.22811889648438,845627
2021-09-01,210.22811062293493,213.4623972238507,207.58189063299938,210.88150024414062,909890
2021-09-02,211.04486506107173,213.00503408640677,208.03926856758395,212.48233032226562,1014427
2021-09-03,211.73091818024128,213.5930827593129,210.52216322212715,212.38430786132812,635352
2021-09-06,213.65841600507258,215.42257603977797,210.16277738215325,214.34446716308594,690323
2021-09-07,214.89982893304705,215.61856145921797,210.78348255386356,214.93251037597656,713935
2021-09-08,214.9325173809475,215.9452632872855,211.92692122619167,215.58590698242188,611443
2021-09-09,213.82178149563083,216.92538260213732,213.82178149563083,215.25924682617188,390563
2021-09-13,212.67832766034536,220.7150122503646,212.41697579251544,219.14688110351562,1169181
2021-09-14,220.84566784191418,221.36837150583005,216.30460249466188,217.57872009277344,571182
2021-09-15,217.57874588772341,219.47357181889194,215.94527181949726,218.5261688232422,514511
2021-09-16,218.78752892304095,219.27757116195778,215.94527994934938,218.8201904296875,487050
2021-09-17,218.23214099476638,219.21222546031174,214.31180313258494,218.72218322753906,673375
2021-09-20,210.71814871166256,220.0289506314802,210.39145390745844,211.20819091796875,989401
2021-09-21,211.76359556968208,211.95960449430328,204.0535855167005,208.16995239257812,855536
2021-09-22,208.75801782656833,208.98670821904759,205.4257262300947,207.64724731445312,975106
2021-09-23,210.326124689392,212.05760327673656,208.43129868928156,210.75082397460938,517633
2021-09-24,211.69820386176957,212.6782881389074,208.59460365083314,210.78346252441406,768446
2021-09-27,210.78350408434025,211.76358855472012,208.20260700305872,210.22811889648438,601771
2021-09-28,209.73806911676232,211.95958984840533,208.23528095885143,210.19544982910156,626305
2021-09-29,209.08465188200577,212.12290924169292,207.77787280774322,210.29342651367188,1613303
2021-09-30,209.99944835078765,209.99944835078765,202.6161526197418,203.5962371826172,1915795
2021-10-01,203.53087107526642,205.491039978078,199.54519031824242,200.0352325439453,2042841
2021-10-04,201.79937402535714,204.5109367709279,200.45991343402326,202.38742065429688,1438742
2021-10-05,203.5635334529498,206.43846380794955,203.5635334529498,203.89022827148438,1387444
2021-10-06,205.16432055203018,206.20974782944063,203.69419405125925,205.58901977539062,764014
2021-10-07,206.30776551606297,206.79780771443842,204.02090192364423,204.8049774169922,664318
2021-10-08,206.4711422425761,207.4512267785377,205.16436286129397,206.11178588867188,669127
2021-10-11,207.1245088652839,207.81055998810155,205.6217207201268,206.14442443847656,629602
2021-10-12,206.43843110037201,209.0519892345632,204.6089284425185,208.26791381835938,630240
2021-10-13,208.62730191403045,222.8058649310446,207.90858926937403,217.48074340820312,3029449
2021-10-14,228.68634418087814,235.87362928370572,225.4193964068656,226.53016662597656,9464918
2021-10-18,243.060940136658,266.9750043638836,240.12068682855326,253.28648376464844,8782614
2021-10-19,254.95262660404936,256.3900717415685,238.48720092070042,241.29676818847656,2858310
2021-10-20,241.10072513803078,241.10072513803078,229.04568090518322,235.15487670898438,1981348
2021-10-21,237.83383929793416,241.5581683837675,222.15248725631213,223.49192810058594,2189697
2021-10-22,224.70065346298782,227.0201982386285,206.27508083802363,210.6201171875,3860723
2021-10-25,210.6201615474899,216.53333001302974,207.18986582176487,211.04486083984375,1885013
2021-10-26,211.6655793335398,213.9851045519723,210.3914615747636,211.175537109375,828215
2021-10-27,211.69819364399476,216.23925855150165,209.73802518432814,211.60018920898438,1132806
2021-10-28,210.78349620198014,210.78349620198014,206.53646365582068,207.54920959472656,824077
2021-10-29,207.77789829506375,208.3659449626421,202.38743395250313,203.432861328125,851684
2021-11-01,205.75240959489673,208.3006254004227,204.21693983391603,206.11178588867188,545266
2021-11-02,207.87590142827617,208.1045917808442,205.2296814710606,205.68704223632812,490874
2021-11-03,206.14440712585207,207.4185247496449,204.77228505558298,206.30775451660156,441908
2021-11-04,207.7778812647259,208.75796561031422,207.1898346453463,208.13723754882812,141805
2021-11-08,209.73810506822127,211.0448845390513,206.30780895729242,209.50941467285156,443669
2021-11-09,210.5874532513256,210.88148653770472,205.98106469716936,207.12449645996094,711829
2021-11-10,207.12450264791258,208.10458704530018,205.81772345139578,206.63446044921875,424368
2021-11-11,207.12447604327133,211.63285970418963,207.12447604327133,208.75794982910156,1091464
2021-11-12,210.06479073727195,212.31899320169202,208.26796904356277,211.73092651367188,760512
2021-11-15,211.04486845711793,215.6185962564982,208.59465713602134,214.60585021972656,1464062
2021-11-16,214.60584176936786,216.3699818871698,212.09028759078745,215.32455444335938,902964
2021-11-17,215.61858852184923,218.23214717059892,214.3118091974744,217.35006713867188,870444
2021-11-18,219.57156420891857,225.4194090277598,208.9539833489154,211.01217651367188,9391701
2021-11-22,203.17149081296736,211.0448270022758,203.17149081296736,208.3005828857422,1309404
2021-11-23,213.03771358474265,215.25925461962257,206.83051114699822,213.46243286132812,1738021
2021-11-24,214.96519956509331,216.66401668032947,212.58033127825703,215.7819366455078,736909
2021-11-25,215.78192902245198,218.88552981838427,213.0050230471441,216.69667053222656,755057
2021-11-26,215.6185815377423,218.23214010183617,211.69824369160153,215.81459045410156,1380003
2021-11-29,216.20660466121782,216.85999423102498,210.71813626281107,215.5205535888672,921006
2021-11-30,214.96521458700886,218.16682017799002,212.9723839474852,217.61143493652344,1291897
2021-12-01,217.8400865114164,219.40821754803346,214.8344903929773,217.3173828125,630349
2021-12-02,215.6185569039774,218.78750028887293,214.99782883997366,217.7747344970703,490104
2021-12-03,225.48477378061858,228.68637910004526,222.18514406111032,227.15090942382812,3532515
2021-12-06,229.63377140018355,230.45050835929663,225.81143844356083,228.032958984375,1984752
2021-12-07,231.29991080340372,231.95330038194442,229.04570878149133,231.03855895996094,1291881
2021-12-08,233.26007750747775,237.67045712421577,232.08398425229453,236.36367797851562,4226137
2021-12-09,238.1931992763811,240.67609201813596,237.5724910458453,239.92469787597656,2019400
2021-12-10,240.44738559269737,240.61073300138804,237.37644633336467,238.78125,1345835
2021-12-13,241.62351947942,241.65620093056032,238.09521884798133,240.41476440429688,1464889
2021-12-14,240.31165163573064,241.8573955895595,228.87315057049582,232.61729431152344,2717685
2021-12-15,233.54473534047705,234.88436746646371,228.08309854043497,228.7700958251953,873355
2021-12-16,228.77010597648808,230.1441006069775,221.900132824041,222.44972229003906,1180628
2021-12-17,223.65195979557518,224.99161289980194,213.99965623904828,215.30494689941406,1424154
2021-12-20,215.30492592223536,215.30492592223536,210.04940134895745,213.58743286132812,933224
2021-12-21,213.34700240074437,219.49563660095936,213.34700240074437,214.92710876464844,658526
2021-12-22,215.92322210995178,217.5376698018282,212.38519055040882,214.44618225097656,696814
2021-12-23,217.05685207323046,219.3926392032386,215.03020121551117,216.43853759765625,649236
2021-12-24,218.12161274579105,218.3964074348923,214.5492188910022,215.47666931152344,368237
2021-12-27,215.44236860731144,217.43465668717553,213.5187634886019,216.71331787109375,381503
2021-12-28,217.77815246582034,218.46514979221092,217.09115513942973,217.7781524658203,244343
2021-12-29,219.01473039513715,220.04522634297908,216.43849052553236,216.8850555419922,362907
2021-12-30,216.8850399319855,218.46512521875445,216.4041334714077,216.85067749023438,220544
2021-12-31,217.77813965491632,218.7055901840848,217.1254838470402,217.64073181152344,262845
2022-01-03,217.74380761978253,219.83914104668605,217.6751036951066,219.56434631347656,297955
2022-01-04,227.87699291977128,229.80057680579037,224.30459888517356,227.08692932128906,2498082
2022-01-05,226.57169093030842,228.90749841730585,224.0298136143007,228.0487518310547,565040
2022-01-06,227.3961040623135,228.4266000021729,225.33511218259463,227.70526123046875,349833
2022-01-07,228.7700958251953,229.52579703153035,225.60990412219905,228.7700958251953,417489
2022-01-10,229.4571122069754,230.1097680680136,226.36562416825865,227.01828002929688,326601
2022-01-11,222.58712159137096,226.33126520186764,222.48407619114033,224.4763641357422,381278
2022-01-12,225.33508631758693,227.91132587152276,224.64808910320403,227.1899871826172,405320
2022-01-13,226.77781034385498,228.77009829809705,226.74344789994953,227.6708984375,291606
2022-01-14,228.04874420245883,228.5296296953774,225.54118748209297,226.70909118652344,220490
2022-01-17,225.40382551104827,226.6747747496766,224.6481242638508,224.9916229248047,285705
2022-01-18,226.64040837403658,226.64040837403658,223.34282967226133,223.82371520996094,243633
2022-01-19,223.96115052206517,225.71298549117714,221.90015833934677,222.7245635986328,292701
2022-01-20,223.27412422983846,225.06032141677593,219.5643429741953,221.3505401611328,398781
2022-01-21,221.35052416135093,226.29689182284105,217.64072220836783,223.9611053466797,2227785
2022-01-24,224.37334555712073,224.4420494873185,214.6866784331192,217.46900939941406,697303
2022-01-25,215.7858570404157,219.4956382830874,211.5951692995021,214.51490783691406,707511
2022-01-27,212.62566995808572,217.7781498439844,212.62566995808572,214.99581909179688,599365
2022-01-28,216.36981281096098,219.42693828434008,215.9919517083,216.6446075439453,377815
2022-01-31,217.2629073532994,218.84299283876183,216.40416068391878,216.71331787109375,264966
2022-02-01,217.50335686574778,218.98039691853074,216.2324076238668,218.46514892578125,336321
2022-02-02,220.52615559669218,220.93835821146743,219.32391020013702,220.1483154296875,237138
2022-02-03,221.11008293515522,224.30461615436212,220.5261310430329,222.10621643066406,619741
2022-02-04,223.27412515734397,227.3274050824862,221.110087829687,226.46865844726562,826825
2022-02-07,227.01826631021646,230.76238901821299,226.50301833490093,229.49143981933594,1048595
2022-02-08,230.9685105334308,231.79289474942453,223.20542813181473,224.85421752929688,667055
2022-02-09,226.64036090550317,229.80055206269193,223.99541762289442,227.87696838378906,434764
2022-02-10,229.45711176405774,232.20510112650155,227.43046122305742,227.94570922851562,691056
2022-02-11,225.3351051351834,227.63655018865657,223.96111059167617,224.6824493408203,275139
2022-02-14,220.52611894052936,222.4153613925121,212.96914913259846,215.51104736328125,510584
2022-02-15,216.40413543683476,217.33158592466253,212.79739984622086,216.47283935546875,480791
2022-02-16,216.9193826149768,219.77041702156845,214.85839085616465,218.1216278076172,639949
2022-02-17,218.5338679037399,221.17881197513512,216.40417186058417,217.46900939941406,346779
2022-02-18,217.4689836477768,219.49563403839758,217.09114352467492,217.94989013671875,231662
2022-02-21,216.4041261015419,217.40028046503133,213.51872936732474,214.58358764648438,230960
2022-02-22,212.07611797943704,213.69054519001273,205.79007463503302,212.41961669921875,627968
2022-02-23,214.72100339215348,229.97235224061131,214.34316325338528,214.99581909179688,382356
2022-02-24,210.22118796436627,212.48827082092114,203.38555598259484,205.20611572265625,733004
2022-02-25,207.64489810462587,214.34312062412994,207.64489810462587,213.20957946777344,378004
2022-02-28,212.45392147928706,216.06065741385865,210.22118018645705,214.30882263183594,471318
2022-03-02,213.9309467216219,247.3190183985208,213.9309467216219,241.6512908935547,9273376
2022-03-03,247.3190495405912,255.35692703685865,231.41506485351064,233.85389709472656,8389106
2022-03-04,233.57908137242293,240.38035043105063,218.46514081303087,220.7322235107422,4485873
2022-03-07,221.28184242787322,227.19002361202786,216.74765589280128,219.4613037109375,3370332
2022-03-08,223.9611865431487,232.13645265637837,217.50341419175302,221.4879913330078,6205251
2022-03-09,225.67861544463807,226.22820490427216,217.4346477571627,217.74380493164062,1982633
2022-03-10,217.5033547579569,219.6330506337818,214.37750438627214,214.96145629882812,1670847
2022-03-11,216.43846925683857,216.4728316976862,212.4882351782877,215.1331787109375,1373085
2022-03-14,215.03015670483046,216.40415131636294,212.35087140544096,212.86611938476562,855693
2022-03-15,213.58743590054615,214.24009165917437,209.53415641222765,209.87765502929688,973924
2022-03-16,211.59517653918567,215.47670724039324,211.59517653918567,212.93482971191406,1119742
2022-03-17,214.37750415401254,216.33545069846406,212.35087465033004,213.00350952148438,1297589
2022-03-21,214.34312597419336,216.19802679670477,213.41567556293765,213.93092346191406,1053117
2022-03-22,215.20190068936577,216.40414594461362,213.96531395587962,215.0301513671875,1178316
2022-03-23,215.0988723196769,216.06066440692666,212.9691763629484,213.6561737060547,1050024
2022-03-24,216.40415375601205,219.0834390856067,213.24396192076193,213.6905059814453,2043996
2022-03-25,215.03018623578623,215.30498100273257,213.17528486927878,213.51878356933594,852759
2022-03-28,215.3049640292422,215.3049640292422,212.35088382783317,212.96917724609375,959106
2022-03-29,214.34315939906423,214.82406589929818,210.25551704355757,212.86611938476562,1291346
2022-03-30,212.96917391312022,214.68666725112925,212.96917391312022,213.7935791015625,722629
2022-03-31,214.68665240905855,215.92323914073737,211.73257245810726,213.07220458984375,1148619
2022-04-01,214.03405487070222,220.90402961815533,212.934875683509,220.28573608398438,1339271
2022-04-04,222.24363421416365,224.51071699614744,220.69789023585804,223.3084716796875,797433
2022-04-05,226.70912187217752,230.83110590621712,223.30847665789688,228.6670684814453,2069155
2022-04-06,228.08311454316402,230.144106542048,224.64812787835731,229.04490661621094,732422
2022-04-07,228.77013854926452,232.20512561456877,228.15184507060917,231.7929229736328,982237
2022-04-08,231.51807645115025,234.12865765104928,229.31967683455656,232.72032165527344,890129
2022-04-11,233.57906281306677,239.76203800517735,232.20506832593108,239.452880859375,1506518
2022-04-12,239.07502822887133,239.10936970305266,231.58676285962844,233.8195037841797,712314
2022-04-13,237.32320618451533,245.0862666508905,237.28884374304056,242.13218688964844,3585186
2022-04-18,241.58260350543836,241.58260350543836,235.64008087757222,236.36141967773438,543920
2022-04-19,239.4185326153309,240.4490284515518,228.8387795565609,234.57521057128906,543960
2022-04-20,234.98740264116634,240.3803352849732,234.98740264116634,238.69720458984375,534452
2022-04-21,238.66282588400887,241.06731611218927,236.5331303459509,240.31161499023438,599962
2022-04-22,240.03686265774243,243.12835063950772,234.6439294297863,237.25453186035156,1924985
2022-04-25,235.2965493727331,235.2965493727331,221.1100608810228,221.79705810546875,1840008
2022-04-26,221.93446664816616,225.12902082625604,217.26289345184176,221.86578369140625,1762087
2022-04-27,218.60255397335965,221.76272484930163,216.09499700174007,218.5681915283203,1364198
2022-04-28,221.90011559761024,222.58711285952234,216.78197761016798,220.90396118164062,1015521
2022-04-29,221.90015627578978,223.06806022133463,218.19037457449508,221.1444549560547,838605
2022-05-02,221.1100832825603,225.88470189690017,217.1254863977837,222.1405792236328,699894
2022-05-04,222.14060905950552,223.2741505538334,215.71717930431905,216.98812866210938,612426
2022-05-05,218.60256296261795,220.49180565616024,213.07222177131533,213.6561737060547,548685
2022-05-06,210.28986806146608,212.59131310382642,207.0266310363934,209.39675903320312,741272
2022-05-09,208.84718498659515,213.96532339960257,207.1983956140104,212.31651306152344,625988
2022-05-10,209.56848754445542,212.1103855715087,205.7900029431816,206.75181579589844,562023
2022-05-11,206.2022173434381,208.57236620706632,197.16820783270356,202.9733428955078,873285
2022-05-12,200.84366596180868,201.4963008211314,195.89727698818268,196.5842742919922,548950
2022-05-13,198.54219233657517,202.35501843988746,194.42020910467397,195.48504638671875,415655
2022-05-16,195.58813525347307,198.06130870490065,191.63790086820143,193.9049835205078,448904
2022-05-17,196.82472607927633,203.55729122039787,195.27898215718776,201.8397979736328,821541
2022-05-18,204.03821335625403,204.72521070762187,199.46968516275683,199.91622924804688,371423
2022-05-19,197.0995270902772,199.71012948789672,194.21415092300649,196.1033935546875,339233
2022-05-20,200.01926210049788,203.9351551436541,199.2979233130452,201.73675537109375,591646
2022-05-23,200.6031933675334,206.09917126801378,196.6186177758819,205.58392333984375,741139
2022-05-24,206.09921808260552,209.49986356716715,200.80932976562,202.93902587890625,365786
2022-05-25,203.00769824699813,218.46513719981527,199.36662101319857,209.190673828125,5949768
2022-05-26,212.62567032591997,216.40415558211566,202.73291312097928,205.5496063232422,1752641
2022-05-27,207.74801572788644,208.1602183732101,202.93903378527105,203.5573272705078,439604
2022-05-30,205.61828698448096,205.82439875726624,203.79774830176186,204.93128967285156,247360
2022-05-31,204.6221202820823,209.19064747052434,203.35117126855567,206.75181579589844,382712
2022-06-01,208.8471931703629,214.1027186738207,208.19453730550745,212.96917724609375,708301
2022-06-02,212.28215512989732,212.96915239568986,209.0876220370605,210.08375549316406,264475
2022-06-03,211.18299479779427,212.00740005708684,205.30917546319873,205.89312744140625,344104
2022-06-06,205.75568232641453,206.99226902598548,203.79773591418314,205.79002380371094,154736
2022-06-07,206.03047902112044,210.90816387717655,206.03047902112044,207.3357696533203,607057
2022-06-08,208.02280449174714,208.05716694107133,204.17563582122355,204.51913452148438,261209
2022-06-09,202.80161134944433,206.0991900032996,200.22537147440306,200.91236877441406,514985
2022-06-10,200.91234379382607,204.6908284740858,197.7521524136015,198.98873901367188,1034256
2022-06-13,195.14155080267878,197.8551981918538,189.78298090451256,192.737060546875,586014
2022-06-14,189.88606453523866,197.23694461243977,186.24498694365033,190.4700164794922,589705
2022-06-15,192.35923047029775,198.61090965368086,191.08828136159195,192.97752380371094,543382
2022-06-16,195.10723725423668,199.81317305012257,185.48927485437994,188.95860290527344,969370
2022-06-17,188.82120483219416,189.5769060262133,180.61157902690587,182.6382293701172,543481
2022-06-20,184.11527899128336,184.45877764611785,174.11946603905048,177.03921508789062,584569
2022-06-21,178.0010104800329,183.5313305408047,177.27965071200106,181.05813598632812,634830
2022-06-22,179.99331349526466,180.1650628402029,168.48610738440325,170.10055541992188,668130
2022-06-23,170.51271101299022,173.29505190121398,169.00131919801245,171.98976135253906,395882
2022-06-24,173.39812431381537,176.38656693403433,168.38305212116836,169.3791961669922,798772
2022-06-27,171.74932308888478,172.95156835050696,168.5204379113631,169.07003784179688,735020
2022-06-28,169.27612615851012,173.46681377346275,169.07003536002608,172.57371520996094,298402
2022-06-29,172.0928167760725,176.55829904770712,170.71882223095415,174.15380859375,491018
2022-06-30,174.15378371451848,175.49342610808117,170.75314979770707,171.30274963378906,249341
2022-07-01,169.0013446595811,171.06233666762475,168.5548005842706,170.06619262695312,310474
2022-07-04,170.68450049649016,173.810340736724,168.8639615949163,170.27230834960938,332384
2022-07-05,170.61580253586956,172.95158942135063,170.37534926115177,170.7875518798828,277978
2022-07-06,170.3066281887997,171.06232941949466,166.28770023305012,169.72268676757812,356748
2022-07-07,170.6844974693036,177.17662063295649,170.6844974693036,176.21482849121094,589216
2022-07-08,183.22218702697776,183.22218702697776,179.37499798052932,180.71463012695312,980999
2022-07-11,180.71463335271966,186.79456371722853,180.71463335271966,186.45106506347656,761611
2022-07-12,187.44723319700535,187.85943580462651,182.9130464441636,183.94354248046875,779193
2022-07-13,186.1762587054862,187.65329863126883,184.4587655439965,186.622802734375,780303
2022-07-14,195.10724438006505,197.85523373753077,192.35925502259934,194.90115356445312,6466717
2022-07-15,197.16820922940948,197.16820922940948,194.59196956177783,196.03466796875,1663756
2022-07-18,198.54220350232382,202.5611415725454,198.30175027384198,201.5649871826172,1941113
2022-07-19,202.66420174076396,205.9274388874373,201.63370579970922,205.17173767089844,2560461
2022-07-20,206.9082996319395,209.12517427085317,204.4697465496205,206.05850219726562,3156045
2022-07-21,206.1693350855959,211.9331999492236,203.9155216257552,209.1251678466797,2947592
2022-07-22,210.60310136745167,210.71394059477026,204.32195623894873,204.8761749267578,1416962
2022-07-25,204.58056111546267,205.20868003103087,201.2182881209327,201.7725067138672,752631
2022-07-26,201.92034617826144,201.92034617826144,195.8239404839498,196.48899841308594,593234
2022-07-27,195.82392205466215,195.9717227144345,192.35080951094272,194.30906677246094,655614
2022-07-28,194.3459999935388,197.4126719090496,194.05042123382944,195.45443725585938,494063
2022-07-29,197.04322180978036,199.66653724726515,196.56290343568847,199.29705810546875,588967
2022-08-01,201.1813665926395,202.28980387414165,199.777350546313,201.29220581054688,494511
2022-08-02,199.5187175796448,201.14443466929828,198.89059858813255,200.36851501464844,403498
2022-08-03,200.4424251721768,201.73560210877147,198.11471119654956,199.07534790039062,313021
2022-08-04,200.55325456796294,201.47695233453535,197.1910037181253,200.36851501464844,434407
2022-08-05,203.1765655264374,204.17414105259812,199.51871342646638,200.9227294921875,690443
2022-08-08,202.17897025218053,202.474549025186,199.74039463465192,200.55325317382812,344207
2022-08-10,200.92275112174352,203.2874266299918,199.88821404359123,201.51393127441406,539114
2022-08-11,203.9524724215134,204.91310910446182,201.36611860457393,201.6616973876953,577857
2022-08-12,201.80948922146104,204.32194259484365,201.73558889111146,202.25286865234375,867326
2022-08-16,201.73557310697868,223.16535926119985,200.62713589210514,216.66253662109375,5158878
2022-08-17,218.95330209392841,220.20954003407158,209.86412540159841,211.0464630126953,2997649
2022-08-18,210.60309897178908,213.41113127092657,208.53402491465786,209.01434326171875,1443038
2022-08-19,209.0512535169704,209.6793724468776,204.69140499659946,206.9082794189453,992701
2022-08-22,208.01671812864294,209.7902131690531,203.25042906577855,206.31712341308594,772130
2022-08-23,204.69142142776894,210.0119294889766,204.13720277769377,208.7556915283203,885701
2022-08-24,208.12758513223494,215.2954891270939,207.5364275568968,208.71876525878906,791395
2022-08-25,208.75567978066357,210.45527452476418,207.0191235979092,208.0906219482422,369250
2022-08-26,208.60790792867593,211.6746027508713,208.38622947100188,210.7139434814453,638190
2022-08-29,206.83441079999736,212.08101891403734,205.76293486234607,210.3814239501953,713986
2022-08-30,211.4898472451981,212.78302410366504,207.16693723665125,210.60308837890625,457643
2022-09-01,210.60305995730008,212.2287768090341,209.1251437470734,210.12274169921875,453578
2022-09-02,213.48503553525723,213.78061432725767,209.86414459301537,210.898681640625,873457
2022-09-05,212.81994640287533,214.5195411210242,210.6030719611787,212.4135284423828,706524
2022-09-06,212.41353384754538,214.11312860894284,211.5637139156331,212.08099365234375,437294
2022-09-07,211.8962645625667,214.15007805966002,210.9725668094605,212.52438354492188,326092
2022-09-08,213.55891758752435,214.26093689073724,211.7115221066634,213.30027770996094,685165
2022-09-09,214.2978875152904,215.77580398091308,212.96777171671621,213.96534729003906,527012
2022-09-12,214.51957597842423,217.99268885524876,213.04165944381236,213.8914794921875,662532
2022-09-13,216.51474704108048,216.51474704108048,212.81995613594262,213.15249633789062,490769
2022-09-14,209.49465505288939,217.992674570026,209.49465505288939,214.11314392089844,1343291
2022-09-15,215.59107006856928,215.70190929615052,212.30269682595724,214.85211181640625,561891
2022-09-16,213.04161862316957,215.03681458308517,205.8737383344608,207.86891174316406,855108
2022-09-19,209.6794000359252,209.6794000359252,202.9548755597722,203.50909423828125,538419
2022-09-20,203.95245628203497,207.79504781218205,203.58297719456752,206.0215301513672,354395
2022-09-21,206.02154606154545,208.31232109099335,205.13480971387293,207.7581024169922,271931
2022-09-22,207.758108020554,209.08824640476206,206.2062911812527,208.64486694335938,270528
2022-09-23,208.6448614459384,210.38141780246764,205.43038862448483,205.72596740722656,308887
2022-09-26,203.95247054037335,203.95247054037335,198.77976295420447,201.3291778564453,296586
2022-09-27,203.21350654546362,204.02636508188843,200.99663192860402,202.47454833984375,217422
2022-09-28,200.66408840868644,202.10506590638408,194.08736499729562,196.63677978515625,308238
2022-09-29,198.26247982382125,201.32917445332802,196.67372417373903,197.92996215820312,215429
2022-09-30,197.92996433028986,199.51871999780712,196.93236622005776,197.44964599609375,459950
2022-10-03,197.44964298159096,199.03839862485236,195.08496768612167,196.59982299804688,342434
2022-10-04,203.2134989436223,203.2134989436223,196.6737145582848,201.25526428222656,1136013
2022-10-06,204.4697347344231,210.82475695778123,202.6592781967741,210.27053833007812,1178145
2022-10-07,209.3837993733642,213.11552906492673,207.056085677082,212.67214965820312,550838
2022-10-10,210.60309238121155,214.63042369460152,208.71875794354995,214.11314392089844,433434
2022-10-11,214.1131306403405,214.74124959767312,208.57094434248873,212.00709533691406,639022
2022-10-12,212.0071223798274,214.15009684477127,209.0512893106037,213.8914794921875,414835
2022-10-13,213.78059324548812,214.11313344820564,210.04886344314912,213.6697540283203,312524
2022-10-14,215.03685381582108,216.33003077175815,209.86414599207282,210.7139434814453,280350
2022-10-17,210.60308918572287,210.7139284066303,203.95246531670006,204.61752319335938,373337
2022-10-18,205.35646270383694,207.64723744928514,205.3195238173026,207.314697265625,305689
2022-10-19,206.90831411775957,210.52920510457707,206.90831411775957,207.9798126220703,237621
2022-10-20,206.35408376935223,207.64726065958095,204.8392284327133,205.68902587890625,234039
2022-10-21,206.13240783731814,209.64245943932548,205.5042888298737,207.7581024169922,653505
2022-10-24,209.12516645951706,209.67938509854406,207.86892852390355,209.30990600585938,123463
2022-10-25,209.125188694623,210.38142676380525,207.31473192748683,210.01194763183594,287573
2022-10-27,211.3420501603274,212.6721659310602,209.1990758402734,209.9380340576172,284662
2022-10-28,209.86413854097773,210.97257589242656,209.12518030667852,209.49465942382812,169733
2022-10-31,210.56616915579673,210.6770083866318,208.46013356506333,209.64247131347656,419177
2022-11-01,209.1251935192115,210.38143161737557,208.82961471706028,209.56857299804688,288825
2022-11-02,209.56854861055186,216.51475113325293,209.56854861055186,213.00469970703125,1146681
2022-11-03,211.52677993490366,214.9629309764418,210.71392142316427,211.231201171875,317644
2022-11-04,211.89626027617933,215.03683257321077,211.74845961818627,213.48501586914062,359041
2022-11-07,214.55652042272595,216.73643360782904,213.18944322628323,214.8890380859375,644150
2022-11-09,215.62801780573403,217.99269333014107,215.03686020024085,215.88665771484375,603701
2022-11-10,215.8866356399471,216.921172619385,213.74366135013682,216.40391540527344,452302
2022-11-11,218.10350928981572,220.43122312099302,216.73643210286565,219.13804626464844,941418
2022-11-14,223.90433634701193,229.07704378737193,223.38705658249,228.5967254638672,2416967
2022-11-15,230.1855034798585,232.7718574515423,228.81842615601082,232.25457763671875,996538
2022-11-16,236.46662196557887,237.61199814523889,233.1782489833843,235.7646026611328,1639754
2022-11-17,237.90759817746078,241.49152735627916,236.42968179816603,239.60719299316406,2636045
2022-11-18,241.01127682842633,241.49159527654535,237.94460398912125,238.97914123535156,1233833
2022-11-21,239.34855173087934,240.16141024502843,236.94693762842905,239.79193115234375,1152337
2022-11-22,239.68109179796875,240.01360945046662,235.8015613269943,236.1340789794922,1190367
2022-11-23,236.17293237807613,237.4155437746753,233.02757005848065,233.80419921875,1784660
2022-11-24,233.3770785334089,234.07604008502096,227.39702411228234,230.03758239746094,1088237
2022-11-25,227.8630192754493,231.28018326625772,227.8630192754493,230.73655700683594,683382
2022-11-28,230.73653141213572,234.50318763112946,230.1928815121749,233.84304809570312,576400
2022-11-29,231.66847856515798,236.05645246199336,230.89184937291697,235.4351348876953,495661
2022-11-30,234.15369081923978,238.89113341677898,234.15369081923978,238.6193084716797,495922
2022-12-01,239.82303262318723,240.36668241917116,236.79418417616634,238.42510986328125,604601
2022-12-02,239.20179683986174,241.53168447141886,236.25061532022647,237.18255615234375,828054
2022-12-05,237.7262027094206,244.63819784486907,237.7262027094206,243.900390625,1227211
2022-12-06,244.2499111013858,247.66707522877195,243.20145682230785,244.6770477294922,830567
2022-12-07,245.91965933059035,247.20109291575454,242.308337881184,244.6770477294922,444698
2022-12-08,246.1914664311464,247.27874261527936,244.71587563119147,246.3468017578125,490930
2022-12-09,248.28836396045583,248.28836396045583,242.7354462367766,246.1526336669922,638318
2022-12-12,245.88080105700493,247.16223445304252,242.7742843631725,246.3079376220703,529141
2022-12-13,246.5409590657235,248.1330395102564,245.60899450741343,246.3468017578125,337990
2022-12-14,246.96807777052507,248.36600080587067,245.5313090559056,247.1234130859375,420848
2022-12-15,247.35640223518195,248.13303144157183,246.65744068959953,247.78353881835938,388016
2022-12-16,247.434106189136,251.93854676656287,246.26916220867946,248.2495574951172,1124919
2022-12-19,248.4824996384171,252.3267996116386,247.16222063700357,251.62783813476562,699822
2022-12-20,250.03578406895824,255.4721885482884,248.67668294912568,255.12269592285156,1039966
2022-12-21,257.06425528569446,258.6175136257893,248.52133441517287,251.123046875,790394
2022-12-22,251.62781670468496,253.53056739158342,241.6093065204994,248.6766357421875,752259
2022-12-23,242.50242408392933,245.02646852995903,239.395907842662,243.20138549804688,993236
2022-12-26,241.6870163670774,245.3760050647381,238.4251642488089,243.900390625,351079
2022-12-27,244.83231663429078,252.01613559976957,243.4732157489299,249.763916015625,366016
2022-12-28,248.40484264688732,253.45293220884972,247.51172384916987,251.82200622558594,297658
2022-12-29,248.71548806558792,253.64708796334077,248.71548806558792,253.33644104003906,447463
2022-12-30,254.69556164310083,256.1323067364016,248.94848646652642,249.8416290283203,327330
2023-01-02,251.0842156684185,253.53061665575083,251.045393688015,252.48216247558594,241376
2023-01-03,255.8604913139347,261.0250705901374,254.73436952927656,257.5690612792969,1354277
2023-01-04,258.2292228637097,259.35534474450543,256.5594747342334,257.8797302246094,638125
2023-01-05,259.8212689296122,264.48104376284994,258.850482506021,262.2676696777344,1187757
2023-01-06,262.2676907678707,262.8501626688646,256.52061571739006,258.4621887207031,330906
2023-01-09,259.7824595022652,265.3741990526058,259.4718125718778,263.0443115234375,535175
2023-01-10,264.59754191624916,268.403019738265,264.1315597194874,266.92742919921875,780956
2023-01-11,267.93708001800843,269.60682809534336,261.9570255633563,263.58795166015625,507764
2023-01-12,264.83052539489574,268.6360032777044,261.7628309429769,268.01470947265625,599868
2023-01-13,268.01472046069097,271.8201984995161,268.01472046069097,271.58721923828125,647059
2023-01-16,272.98514093423665,273.994749329333,264.05390588233416,267.4710693359375,388733
2023-01-17,268.71365387489396,273.3346062470084,266.1119417922961,269.91741943359375,809639
2023-01-18,272.6356542467842,282.6153435871333,272.2085176936498,280.63494873046875,2252175
2023-01-19,282.69302314227525,297.4489776469544,282.69302314227525,293.2163391113281,3152013
2023-01-20,267.9370821771811,277.10129753652717,264.20927138374884,274.1501159667969,5818613
2023-01-23,279.5864912384935,279.5864912384935,265.45183136776683,268.8690185546875,2107210
2023-01-24,270.26693830849655,277.2566005061301,268.0923862162355,275.6645202636719,1278140
2023-01-25,278.80983218400837,278.80983218400837,273.76174330045393,278.033203125,1109433
2023-01-27,276.2081769223755,278.0332603266998,264.44224899788065,268.98553466796875,1306217
2023-01-30,269.429286040662,270.31689869273794,263.98260226103224,266.2823181152344,1021008
2023-01-31,266.2823456753562,271.0431463245264,266.2823456753562,268.5820617675781,590476
2023-02-01,272.29390556770323,276.772281022831,261.60226497425566,268.2189636230469,949631
2023-02-02,266.645465886983,280.4033771306818,266.645465886983,277.37744140625,1353291
2023-02-03,277.57915303474726,282.09788835801265,274.5935534572881,279.39471435546875,695416
2023-02-06,271.0028427846751,278.1843928900222,270.31695900843346,273.100830078125,556891
2023-02-07,273.5445699112201,274.51287912378814,266.44371776947486,267.9364929199219,573595
2023-02-08,267.29098648821406,271.24487087275,264.06332174571486,265.4350891113281,346573
2023-02-09,265.5157632709426,268.29963398489724,262.4494915897378,264.0633239746094,559495
2023-02-10,264.06329857681783,267.0892340074154,263.86156954811133,266.1612854003906,205428
2023-02-13,266.1612806103012,266.20161656526636,262.24773259880175,263.0143127441406,276106
2023-02-14,263.05467136910534,265.3140267946173,262.4091482832811,263.216064453125,180115
2023-02-15,262.2477205662096,263.8212167396564,258.8990238286197,260.4321594238281,268049
2023-02-16,262.2477272953626,265.43505567715613,260.6742310815406,262.0863342285156,267210
2023-02-17,262.0863717648302,262.852952004457,260.67426841561206,261.4005126953125,135607
2023-02-20,261.9250289770953,262.3688230803044,258.61666730957535,259.1815185546875,157990
2023-02-21,260.5532456380363,260.6339421860299,259.1008062746673,259.5849609375,92681
2023-02-22,260.9567026291424,260.9567026291424,254.17861125405994,254.9048309326172,366016
2023-02-23,254.98551200329078,258.89906038786046,254.17859582606516,254.78378295898438,243213
2023-02-24,254.98552267896156,259.02010373400844,254.21894242845127,258.1728515625,219964
2023-02-27,257.1642175327481,257.1642175327481,248.53020384772657,249.0143585205078,395864
2023-02-28,247.72326931200527,248.1670633646304,238.80685529919757,245.30252075195312,636946
2023-03-01,245.3025222184238,253.37168413350352,243.08350269177686,251.3947296142578,743898
2023-03-02,251.39473566752673,254.98552265625,250.06332884450555,252.16131591796875,244043
2023-03-03,253.77515673847702,254.7031054867397,250.26506617970753,251.55613708496094,344245
2023-03-06,252.16132337596503,255.5503814121897,250.9509490237604,251.717529296875,492230
2023-03-08,251.75785181464138,257.97111634088725,249.53883228742902,250.1036834716797,829264
2023-03-09,250.18436248125167,252.56477516432147,250.18436248125167,251.47543334960938,238206
2023-03-10,250.95097301851035,251.67719277424501,245.06049379127964,245.6253204345703,687462
2023-03-13,247.72329526652015,253.3717091651053,240.05759068986887,242.43800354003906,3529283
2023-03-14,243.04315778189886,245.82700376500617,236.91059002725177,237.9192352294922,1644635
2023-03-15,239.1699375466007,250.1036659535608,237.23334374715932,238.12095642089844,2796338
2023-03-16,239.29099906946993,246.91636732211637,239.04893404959796,245.98841857910156,1996713
2023-03-17,251.75785020924732,256.59934732865594,249.33710164954303,251.8385467529297,6324640
2023-03-20,255.63103943681907,255.9941615727891,249.78089705257094,250.628173828125,1409324
2023-03-21,254.09790359907618,254.9855163341256,249.41779954172884,250.628173828125,1566260
2023-03-22,259.02012191280244,262.24778698336695,255.67142432711776,256.39764404296875,10748992
2023-03-23,258.21318793911007,262.0863759081453,256.0345043158224,258.4149169921875,4468037
2023-03-24,261.4408191820779,261.4408191820779,258.4552197302571,260.714599609375,2726902
2023-03-27,263.4581348168468,266.0402764629589,261.4811803104365,265.5561218261719,2633761
2023-03-28,267.0892820182589,267.5330761111376,260.8760169671779,265.3140563964844,1943385
2023-03-29,261.9844665527344,265.4016498989865,258.47965763564093,261.9844665527344,2729086
2023-03-31,261.10827066402027,261.10827066402027,256.1139071400547,257.033935546875,1891210
2023-04-03,257.6034784306638,261.89686438992703,257.0339522786465,261.2835388183594,792375
2023-04-05,261.98447566769806,268.99409374576356,260.7577978519508,267.85504150390625,2122227
2023-04-06,266.54070487321405,273.85697143810563,265.7959276973887,272.76171875,1107348
2023-04-10,272.7617464455098,275.95990601116506,271.9293703617728,274.0760498046875,839201
2023-04-11,274.1636920917776,275.08372054303646,271.9731863595972,273.4189147949219,741347
2023-04-12,274.251347352292,274.9522985666277,272.8494181840458,274.47039794921875,507479
2023-04-13,275.03989780149567,281.96189065326377,273.94464492179907,280.12188720703125,1314001
2023-04-17,280.1218830078341,281.12951029413557,277.8437517043013,279.3771057128906,767761
2023-04-18,279.50852500506426,284.67811306633456,279.50852500506426,283.27618408203125,1129990
2023-04-19,283.8895727426352,285.64197751265147,283.36384596371533,284.28387451171875,789880
2023-04-20,285.3791081245636,287.83246394024945,284.8095552213035,287.00006103515625,794274
2023-04-21,286.47433329915236,287.39433495608,281.2609192710417,284.4152526855469,1221091
2023-04-24,280.3847447572921,280.3847447572921,275.12753079309283,279.0266418457031,892063
2023-04-25,279.02659313359476,279.68374476439493,277.05513824119413,277.6246643066406,302289
2023-04-26,276.44182932801505,277.1427804815122,273.8570218127957,274.42657470703125,401604
2023-04-27,273.37508298165505,273.9884352098132,270.92172754816,271.8855285644531,329620
2023-04-28,272.9808215666141,275.9161046807915,272.76177098704227,275.4342041015625,554348
2023-05-02,277.2303817160414,278.4570594967289,276.0037039353538,276.178955078125,407894
2023-05-03,277.18660873813735,277.18660873813735,273.37512330567256,275.4342041015625,466517
2023-05-04,276.5294177637318,277.449419371569,272.98078283442624,273.9446105957031,404326
2023-05-05,274.25134581049986,274.73324642519964,272.14846543974005,272.9370422363281,348800
2023-05-08,273.59414599464714,275.56560100982074,273.3750954374056,274.6455993652344,268684
2023-05-09,275.3027648925781,277.4056450000177,273.59415976427454,275.3027648925781,408045
2023-05-10,276.441834348288,276.441834348288,273.90085294625004,275.390380859375,214245
2023-05-11,275.3903850715179,276.00373740602737,274.2951321453035,274.86468505859375,146651
2023-05-12,274.251313012996,274.251313012996,271.00935388857926,271.92938232421875,339326
2023-05-15,273.81321902791126,273.81321902791126,270.61508597757967,271.35986328125,308715
2023-05-16,272.6741671459116,274.119895596656,271.62271368742176,272.1046142578125,242696
2023-05-17,272.84942075846317,274.77707672543653,271.7541677634954,273.68182373046875,314221
2023-05-18,273.90080964299506,274.68938626522066,271.6226786035675,271.8855285644531,303319
2023-05-19,272.36750784420013,273.5503863732955,269.4760240242366,270.177001953125,330855
2023-05-22,271.57889537972164,272.41127146519284,269.8702903134028,270.483642578125,330803
2023-05-23,269.95794050398734,271.622719566318,269.0817381828057,269.47601318359375,533927
2023-05-24,269.47599474168646,271.3598509949614,268.20551750666334,268.59979248046875,480513
2023-05-25,268.11791115631195,269.3445890620537,266.715982089933,267.1540832519531,363830
2023-05-26,269.7388499500324,269.7388499500324,266.84736667488943,267.76739501953125,442425
2023-05-29,269.2131322148398,269.8702838801323,267.4607277740597,268.7312316894531,453398
2023-05-30,268.99408457564044,269.6950356637229,267.6359818151419,268.6874084472656,370133
2023-05-31,268.68744610320607,269.125547279549,266.71599080966286,268.117919921875,343628
2023-06-01,268.77507673326414,269.08175291037753,266.80362140270233,267.8112487792969,283062
2023-06-02,268.11792908212686,269.1255564742264,267.24172669950553,268.5560302734375,273163
2023-06-05,267.98649237486114,271.53510117374856,267.67981620641535,268.906494140625,421092
2023-06-06,269.8703363165456,271.097014315524,268.46840714360957,269.0379333496094,255148
2023-06-07,271.44744470075244,271.44744470075244,267.32931019457885,267.635986328125,710622
2023-06-08,268.555964741665,268.555964741665,266.01498380001635,266.54071044921875,712681
2023-06-09,268.07410413942824,268.07410413942824,261.9844874640831,263.34259033203125,854118
2023-06-12,263.7369084750358,264.21880907376203,261.7216537572687,261.9407043457031,697003
2023-06-13,262.64163510538833,266.8912215384107,262.4663839524418,266.23406982421875,984236
2023-06-14,267.2417194239162,268.0302961988916,263.7369099888484,264.7445373535156,790046
2023-06-15,265.5330852768855,266.978840403421,262.9921040604675,266.2778625488281,1066599
2023-06-16,267.15409498185545,271.18463119732337,266.2778926193439,266.8036193847656,803574
2023-06-19,268.24935363389704,269.388432773106,266.80362505295363,269.0817565917969,661796
2023-06-20,269.08174443580066,270.13317120190834,268.1179165121886,269.95794677734375,485539
2023-06-21,270.22075491147865,270.48363161695113,267.723573277121,269.78265380859375,488122
2023-06-22,270.5712781084924,272.89323575446326,268.9503251339339,272.236083984375,655279
2023-06-23,274.777054547057,274.777054547057,269.87031617772914,270.2646179199219,333504
2023-06-26,270.2646448188962,270.70274602512586,266.3655333876222,268.994140625,577649
2023-06-27,269.08176471403726,269.43224032915197,267.24173431021575,267.4607849121094,362332
2023-06-28,269.56364589890586,271.05320058017196,268.0302917962505,268.906494140625,349310
2023-06-30,269.8703073949646,269.8703073949646,267.5045504979461,269.30078125,347574
2023-07-03,270.74649301699026,271.6226952597637,270.04554191859967,271.2283935546875,329058
2023-07-04,272.2360467752165,274.11987624407317,271.6226945111374,272.27984619140625,388875
2023-07-05,273.72561903291626,273.72561903291626,272.060839853547,272.9370422363281,311186
2023-07-06,276.8798934632704,296.463017858349,276.8798934632704,294.3601379394531,6685794
2023-07-07,297.90878254846143,301.4135917549139,295.7620762136804,298.43450927734375,3390644
2023-07-10,290.0230022575654,290.89920468130424,283.9333847167499,287.2629699707031,2648867
2023-07-11,289.10295421041707,291.7753604799453,287.26292406668324,289.9791564941406,1207370
2023-07-12,291.68773953925586,291.7753651169351,290.5486872481417,291.46868896484375,624584
2023-07-13,292.0820319854125,292.65155811286763,287.3505450764121,289.7601013183594,1090510
2023-07-14,292.5350194269761,294.50436042380375,290.07335683984707,294.1015319824219,563672
2023-07-17,293.16165865645036,293.56448712982115,289.13348319399535,289.98388671875,720807
2023-07-18,291.05806696018834,291.05806696018834,285.1053239027058,286.7165832519531,442325
2023-07-19,286.4480314675174,293.6092322542053,285.28434726680587,289.3572692871094,607414
2023-07-20,290.61048643560895,290.61048643560895,288.23834403675744,289.26776123046875,208681
2023-07-21,289.67057104546984,289.67057104546984,282.509370413037,284.7919921875,950300
2023-07-24,281.9723302782012,284.65778104275546,280.1820297684983,283.35980224609375,763349
2023-07-25,282.8674373159038,286.448037788257,279.2868368435506,284.7024841308594,572162
2023-07-26,286.4480182657028,288.6411468326743,284.65771815154216,286.3137512207031,562029
2023-07-27,287.4327073160578,288.19359037717464,281.8380190987483,286.80609130859375,816751
2023-07-28,286.80609343855747,287.25366849926615,283.6730680135967,286.5823059082031,497223
2023-07-31,286.7165839046686,289.1335002518565,284.8367904322056,288.193603515625,632384
2023-08-01,289.6258119205352,290.341948410986,286.80609449128355,288.4621276855469,406743
2023-08-02,289.13347029166056,290.6552363255836,285.8214041320926,287.3431701660156,580855
2023-08-03,288.2383333584369,288.2383333584369,282.9569532107735,284.74725341796875,485555
2023-08-04,285.46338071383525,287.7907765946489,283.53881333236404,284.8367919921875,362429
2023-08-07,288.14880529026357,288.14880529026357,282.86742528179263,283.5387878417969,411143
2023-08-08,285.8661985178788,287.2984441846259,282.64365259715134,285.9557189941406,427000
2023-08-09,285.59763884340714,287.3431925288858,284.7024887109184,286.9851379394531,235747
2023-08-10,287.2984656204869,288.1936158142659,284.6577616217126,285.3738708496094,225424
2023-08-11,286.44808155245835,286.44808155245835,282.8674805330526,283.35980224609375,279237
2023-08-14,283.762630787904,284.61303445714003,281.07718002334974,283.35980224609375,234103
2023-08-16,283.58356366212496,283.6730841429195,281.0771541067703,281.2561950683594,207990
2023-08-17,281.39042590345866,284.03110218112755,280.2267144385808,281.0771179199219,231013
2023-08-18,281.0771363712304,282.7779161277483,279.33158271823265,281.5694580078125,246539
2023-08-21,282.8674277110645,283.6283107491663,279.5553614594744,282.0617980957031,243071
2023-08-22,282.7779317256049,283.6283353096784,280.629576792669,283.135986328125,190788
2023-08-23,283.1359703558157,284.21016142059375,280.71908143678536,281.1666564941406,322539
2023-08-24,281.1666395755718,283.53878177325373,281.1666395755718,282.9569396972656,305984
2023-08-25,283.71782512229646,284.6577217670439,280.45050551820486,281.4799499511719,344870
2023-08-28,281.47993521612364,284.0310909234068,281.166627245005,283.04644775390625,475282
2023-08-29,283.80734507204085,284.52348158510574,281.79325722785813,282.3303527832031,219232
2023-08-30,282.9569865440963,288.68594241844954,282.9569865440963,286.4033203125,567027
2023-08-31,287.3431753763667,287.746003839066,283.807321636978,284.7919921875,219124
2023-09-01,284.79200531734165,288.2383387441497,284.79200531734165,286.17950439453125,281397
2023-09-04,286.4480595537094,290.83429000206246,286.3137924893568,289.5810852050781,667679
2023-09-05,290.923806178717,292.22178485648664,287.0298974632234,290.0286560058594,535157
2023-09-06,290.92380488725536,290.92380488725536,287.3432042117199,287.74603271484375,291816
2023-09-07,288.23836330678176,289.0887669206828,285.552912716967,287.2536926269531,263613
2023-09-08,288.23836514995645,288.9992482854994,286.4480647452983,286.6271057128906,295099
2023-09-11,286.9851624848189,288.2383673139248,285.37387571784,286.4033203125,391440
2023-09-12,288.1936001495027,288.23834672963307,281.5694672213403,282.1513366699219,388769
2023-09-13,283.2702583099654,283.7178333571812,279.73440450983594,281.8380126953125,297983
2023-09-14,284.4787148633237,288.2383565277686,283.2255100811139,287.5222473144531,555890
2023-09-15,289.0887501211504,289.58107177354685,287.522237368125,287.790771484375,538269
2023-09-18,288.6411539181201,288.6411539181201,284.2101500996773,284.7919921875,299525
2023-09-20,284.7920214228482,285.4633840510576,281.7932628866167,282.5093994140625,239370
2023-09-21,282.50941096379694,282.8674655832504,279.4211318206507,280.5400695800781,233391
2023-09-22,281.03236564915096,281.9275156880808,279.3315587209353,280.8980712890625,195355
2023-09-25,282.3751256821855,282.3751256821855,276.7804372459226,280.4505310058594,350059
2023-09-26,281.83803019294174,283.31502247688866,277.5412930822243,278.7945251464844,276885
2023-09-27,279.28684325386854,279.28684325386854,276.78043379281854,278.3916931152344,199242
2023-09-28,278.39168969355006,278.7497442810401,263.17413752380617,266.7099914550781,1140485
2023-09-29,268.81357678626864,284.2101701598492,268.7240836262966,276.2880859375,2289398
2023-10-03,276.2880884761033,278.7945252880818,271.7675911434031,274.81109619140625,703140
2023-10-04,274.81106751708523,276.9594221904643,272.304658284445,275.8404846191406,369670
2023-10-05,269.03732764541076,275.30337778684395,269.03732764541076,272.57318115234375,292298
2023-10-06,274.3187795630247,274.6768341662078,270.8276720579976,273.51312255859375,326063
2023-10-09,275.7062286594718,281.5247042642983,271.0514372484854,279.1077880859375,1103868
2023-10-10,281.9275490791533,284.5234790359456,280.1819953693749,283.8073425292969,601029
2023-10-11,284.65774395356635,286.2690032752344,280.0029523077031,284.0311279296875,461120
2023-10-12,282.5541166234594,288.14880461029253,281.97227453639124,284.3891906738281,555523
2023-10-13,284.3892250324541,286.8956346262435,283.8968760394419,285.1948547363281,365388
2023-10-16,286.58229107951354,290.56571984083087,284.29966931513496,288.1488037109375,710371
2023-10-17,289.7601227533333,290.02865687887277,286.5375766577827,287.5222473144531,473925
2023-10-18,287.1641651284654,290.47623170211807,277.0937256626755,280.4057922363281,2046808
2023-10-19,277.49655585245915,281.9723067533053,277.49655585245915,281.4352111816406,205302
2023-10-20,281.6142481732391,282.68841198360406,268.81358438665563,276.24334716796875,1532582
2023-10-23,273.915953316002,275.61673318348596,270.2458321380742,271.6333312988281,499171
2023-10-25,273.8712083983524,275.6167348580272,265.50154875483844,268.2765197753906,512926
2023-10-26,267.6498543502821,268.23169639617714,260.0410792266119,263.80072021484375,557107
2023-10-27,265.18822888060737,268.2765077896338,262.59229893909423,264.785400390625,346211
2023-10-30,264.7853907810045,264.7853907810045,260.80198919467705,262.14471435546875,325580
2023-10-31,262.68182153598843,265.9043402105898,262.3685135210093,264.5616149902344,228054
2023-11-01,264.8301485205786,265.0986826092291,260.62293234630846,261.8313903808594,315882
2023-11-02,264.06930404364664,265.41202931844487,261.83142858564963,263.44268798828125,213238
2023-11-03,264.78536838820236,268.3659685141703,263.80072520781,267.7393798828125,211812
2023-11-06,267.64988960893174,268.27650562878733,264.3378231916621,265.0091857910156,333777
2023-11-07,265.7700739561538,266.30716950948374,261.47336416514344,262.0552062988281,393766
2023-11-08,262.99506709101274,266.3071331191143,262.99506709101274,265.85955810546875,197817
2023-11-09,265.85958045636227,266.754730558909,264.06928025126894,265.50152587890625,186227
2023-11-10,265.5015165387742,273.8264012724702,264.3825789499542,270.1562805175781,331948
2023-11-13,272.08085638306943,272.66269842582864,268.6792699554278,269.6639404296875,247756
2023-11-15,272.976065042226,274.453057412045,270.8276827030534,272.3941955566406,306698
2023-11-16,273.82638633611145,273.82638633611145,269.7534646620964,271.7227783203125,300970
2023-11-17,268.81356295601927,276.3328456181898,268.6345493274709,275.3481750488281,334149
2023-11-20,275.3482272270275,276.556685549436,273.0208310723553,273.1103515625,119971
2023-11-21,274.8110808786612,275.0796149817105,271.4990145793827,271.9913635253906,142123
2023-11-22,271.99140483949907,272.12567191141824,266.97855805125164,268.1422424316406,290073
2023-11-23,268.1422228228335,270.78292675467463,268.1422228228335,269.7535095214844,115557
2023-11-24,272.03611542579046,272.03611542579046,268.45551495340675,269.440185546875,132414
2023-11-28,271.0066925366054,271.0066925366054,268.5450297637708,269.2611389160156,197865
2023-11-29,270.8276372452618,271.2304656956969,268.0974405143935,268.32122802734375,636251
2023-11-30,268.58979695133473,269.305933476344,266.30717495031524,267.8736877441406,382853
2023-12-01,269.3954272254337,270.33532388133983,266.6204565167316,268.6792907714844,395237
2023-12-04,285.4633874864058,285.55290796814074,280.18200687783093,284.5682373046875,2209533
2023-12-05,287.298450441286,292.71409790039064,286.448046875,290.9237976074219,1829812
2023-12-06,294.90720189575836,297.1898236502848,290.9237731516342,291.505615234375,2934514
2023-12-07,292.71411689621306,293.2512124825216,289.1335160779107,290.1629333496094,861934
2023-12-08,290.16291565466776,291.7294284171447,286.62708895290854,288.8201904296875,676456
2023-12-11,290.0286329635424,292.5350423212873,289.62580449063444,291.2370910644531,565522
2023-12-12,291.1475670285412,292.490292164722,290.20767036033976,290.8342590332031,453205
2023-12-13,290.8342728646252,291.8189434748824,289.6705886183847,291.3713684082031,879874
2023-12-14,296.47835462164545,296.47835462164545,290.00342971283544,291.006591796875,846426
2023-12-15,291.82733774917745,291.82733774917745,286.81155538161346,288.4986877441406,778336
2023-12-18,288.17952118469765,288.49871292939025,283.6653055274803,287.5411376953125,401872
2023-12-19,286.5379643347326,287.17631990626364,283.1636997751316,284.4860534667969,541553
2023-12-20,284.6228820761714,286.35560148715774,278.83192724426266,279.88067626953125,681204
2023-12-21,277.23599835593393,280.4734470728256,276.0504608110845,279.5158996582031,472198
2023-12-22,278.19353274537985,284.5316692012637,278.19353274537985,282.6165466308594,480182
2023-12-26,283.66526013926443,285.35239237912253,282.7077128892264,284.258056640625,311187
2023-12-27,284.5316403537554,285.6715908359419,283.02691128343366,284.4860534667969,306296
2023-12-28,284.6228771725856,289.5474582987456,283.61971505798385,285.078857421875,1639625
2023-12-29,286.0820055206646,293.69685304606753,286.0820055206646,290.04901123046875,1519854
2024-01-01,290.0489660087746,292.55685686599213,288.95463033320806,290.32257080078125,579455
2024-01-02,290.3226264789687,291.09779845875363,285.1700552957782,289.36505126953125,566897
2024-01-03,291.9185670796687,293.6512864959329,290.0946460455325,290.7330017089844,787990
2024-01-04,290.04901157159765,291.73614397946125,289.9122230695167,290.2314147949219,447976
2024-01-05,290.0034009134002,291.82732167386183,287.9059031711982,290.4593811035156,524841
2024-01-08,290.0034053533315,290.27698233926037,286.9939471848241,287.67791748046875,451664
2024-01-09,288.95465260186495,289.8666129838618,284.98761937401423,286.17315673828125,371112
2024-01-10,285.4436260250443,291.05217732806153,283.6197050919769,289.3194580078125,417359
2024-01-11,290.4138280937949,290.8698083371007,288.63549401257217,289.36505126953125,319079
2024-01-12,289.0914628423884,290.8241821323767,288.1339155015809,288.5442810058594,310597
2024-01-15,288.17947617703476,296.79751278364506,288.17947617703476,293.4232482910156,1709160
2024-01-16,293.65125072093736,295.42958464489953,289.3650256805696,292.37451171875,939904
2024-01-17,290.8241685778241,290.8241685778241,286.35556814428486,288.0882873535156,765447
2024-01-18,287.26753438105305,287.6779277053554,277.60074829285924,284.5772399902344,890971
2024-01-19,286.4011653413915,295.01920264049926,285.48920490046265,287.4043273925781,1814063
2024-01-23,288.5899030959824,289.09147022429386,280.6102489494127,283.34613037109375,613374
2024-01-24,282.7077666133283,284.531687688253,280.8838455384036,283.84771728515625,420648
2024-01-25,284.07566327498034,286.6747559690219,283.61968307710714,285.6260070800781,331791
2024-01-29,286.3555603027344,287.2675206858641,284.12124623173764,286.3555603027344,366623
2024-01-30,286.4467841360596,291.3713650209531,285.44362207060504,290.04901123046875,733697
2024-01-31,290.55061020379793,291.4625706703316,288.22509431564214,289.3194580078125,491387
2024-02-01,291.82734929078015,292.73930975731383,288.17950742464535,289.3194580078125,504653
2024-02-02,290.82417713917334,293.14969294678843,288.63547766145973,290.1858215332031,707719
2024-02-05,290.1858149933881,291.59934250337386,286.8115503277907,287.7235107421875,802078
2024-02-06,287.7235087564391,290.6417931946973,285.89958794023346,288.0882873535156,433851
2024-02-07,289.0914493685933,290.68738008277325,287.2675285523877,288.0882873535156,430490
2024-02-08,289.09146380592006,289.2738670289791,285.44362199133434,286.6747741699219,403828
2024-02-09,286.6747882943878,287.0395669276541,283.1637348086945,285.078857421875,290538
2024-02-12,286.3099776560392,288.5442639293026,279.4246599629477,281.1573791503906,439066
2024-02-13,281.15739458057294,283.5284973081181,278.147936238843,281.24859619140625,331920
2024-02-14,279.0598980629281,283.6197003188583,278.78632105990204,282.93572998046875,228976
2024-02-15,290.0034134333361,290.0034134333361,282.70773007652264,287.17633056640625,398989
2024-02-16,287.26754624341424,288.5899000489281,284.9876450827522,285.5804138183594,225066
2024-02-19,285.7172033122644,287.1763456263111,283.16372513580126,283.7109069824219,278687
2024-02-20,283.6197053695143,285.4436263043665,283.16372513580126,283.7109069824219,194595
2024-02-21,283.57409518293076,285.3524012498293,281.24857948353986,281.886962890625,280526
2024-02-22,282.7077398676723,283.6197003188583,280.8382320750706,282.93572998046875,193163
2024-02-23,282.890171563532,284.03012224225216,282.38857656639885,283.300537109375,193107
2024-02-26,283.3005085947783,286.30999478218683,281.52220241346015,282.93572998046875,349742
2024-02-27,282.7077415306451,283.1637217589203,281.1573976221795,282.3885498046875,262548
2024-02-28,283.16371702916416,283.93888897044906,280.4734225949471,281.7957763671875,312859
2024-02-29,281.7045621617443,281.7045621617443,279.05988256633253,279.47027587890625,283041
2024-03-01,280.8382223376921,285.808389925833,280.10863730354527,281.5677795410156,331401
2024-03-04,285.4436074864836,287.22194141305766,283.3916965700472,284.71405029296875,421726
2024-03-05,284.9876018313122,285.8083605584223,279.9718200390811,281.02056884765625,418677
2024-03-06,279.971852085148,281.75018605645477,279.10547854408594,280.4734191894531,268163
2024-03-07,281.431014466757,285.2612318492159,280.9294194957557,283.5741271972656,310481
2024-03-11,283.57411202894684,285.26121659065427,280.9294044689018,281.24859619140625,240075
2024-03-12,282.4341399245174,282.4341399245174,278.6494820948369,281.294189453125,301099
2024-03-13,281.29420385842695,281.52219396438096,273.5881271448509,275.2296447753906,560411
2024-03-14,275.2296382486015,279.69826648399055,271.7641998526087,277.4183654785156,520707
2024-03-15,277.23598471758953,277.23598471758953,259.5439570484873,263.9213562011719,3154634
2024-03-18,263.92137328499376,270.39629865020277,263.92137328499376,269.4387512207031,685732
2024-03-19,268.98273870801984,269.84908441399057,265.8364641068444,267.5691833496094,366865
2024-03-20,268.98273116384894,269.30189503925186,265.19807323846584,266.01885986328125,331332
2024-03-21,266.292427352016,270.35066212035997,266.292427352016,268.025146484375,367193
2024-03-22,268.1163563083958,271.7186110033717,267.3867991242394,269.9402770996094,563796
2024-03-26,271.6274282754036,272.6305903464541,268.3899519475055,268.9371337890625,455958
2024-03-27,268.3443710864611,271.58181965627864,267.20442048711334,267.8428039550781,465415
2024-03-28,267.84280698945656,270.0770934909952,264.55974365997633,266.5660400390625,452622
2024-04-01,269.43869623786605,280.4733941958424,268.253131085702,279.1966552734375,916687
2024-04-02,279.1966964518431,291.7361530997203,277.55517871390566,287.8603210449219,1847216
2024-04-03,292.73931510693046,301.2205364683525,292.2833348653309,299.4422302246094,5708706
2024-04-04,305.32436920999567,311.1609387691337,303.3636596694226,308.1058654785156,5296425
2024-04-05,309.6105722420486,310.4313310794709,302.86207048983005,310.0209655761719,1822499
2024-04-08,313.2584037870862,319.96131842991775,311.3432813418738,314.07916259765625,3220184
2024-04-09,315.6295216641493,372.07986873151583,313.7599860173712,363.3250427246094,21023442
2024-04-10,364.784189080319,378.0076159344805,354.25105675295475,365.9697265625,13104407
2024-04-12,366.60809920038935,399.2562720267013,359.35800252417135,393.92132568359375,19951451
2024-04-15,387.58320302008997,389.6807009864569,366.6081120331204,371.3959045410156,9041149
2024-04-16,370.25595530362546,381.1994810761464,364.784192417365,367.2920837402344,4248215
2024-04-18,369.6631489504707,380.78904898884304,367.5200364718772,369.2983703613281,3100128
2024-04-19,368.4320428590171,373.99500748815257,358.5828805683836,363.5986633300781,3834728
2024-04-22,363.8722005504635,382.9321673940851,362.5954615532931,373.63018798828125,3212026
2024-04-23,375.7277038347883,379.2843440088072,367.52005981897986,368.88800048828125,1716625
2024-04-24,370.7575357171059,377.46045105905114,370.7575357171059,373.5390319824219,1271005
2024-04-25,373.5390092113654,386.62564735152597,371.62388668315236,375.271728515625,2419866
2024-04-26,377.0955986284173,391.23098382488763,375.7732450099676,384.48248291015625,3812770
2024-04-29,387.902362447535,390.18226345189237,384.66488632285376,386.8992004394531,1474786
2024-04-30,389.8630783275667,403.58807147320204,387.81116738900056,389.36151123046875,2369092
2024-05-02,391.0486193657696,398.84589770316,386.8536236726596,394.05810546875,2249997
2024-05-03,399.62105453746483,436.28184556349544,399.62105453746483,428.71258544921875,10396501
2024-05-06,432.2692385967791,434.82271663759525,404.08966721644487,423.37762451171875,5386921
2024-05-07,423.3776216674537,426.250291401779,395.47162746795766,406.55194091796875,3599889
2024-05-08,407.37276245058155,444.1247591045185,405.2296497306267,430.3085632324219,8896879
2024-05-09,431.17488908090866,443.9423353647186,411.56773943077195,415.9907531738281,3884464
2024-05-10,420.36816520910605,493.3249985449172,419.775368673594,479.2351989746094,28236129
2024-05-13,482.42702014149705,534.4087595518284,462.18148944935535,528.1162109375,25340856
2024-05-14,527.6603057139896,530.760993576865,499.115954133337,510.606689453125,17152568
2024-05-15,517.6636291286745,538.5558832190695,506.567509510336,520.7742309570312,4213134
2024-05-16,526.020518140668,546.9127717296618,516.7350721011152,541.6200561523438,5205070
2024-05-17,542.9663986580125,574.8618796975801,537.0701637277641,548.0269775390625,6519031
2024-05-21,591.2507547059357,690.4657193003549,580.4331878003103,688.330078125,15462688
2024-05-22,713.122259750234,749.9854920642834,661.4487295870674,717.114990234375,17441458
2024-05-23,704.5331767335541,704.6724810854843,661.0308872713465,687.9586791992188,6795842
2024-05-24,687.1229524889834,705.6938430967938,675.9804181242972,689.5836181640625,2234866
2024-05-27,692.6942538540907,696.1298801208474,649.9812033483424,656.38818359375,2122125
2024-05-28,662.9808139310467,692.6942397654914,652.7668238004563,665.116455078125,3413004
2024-05-29,668.459233014549,679.6945992117563,656.3881540667992,660.93798828125,1808030
2024-05-30,656.4810577644411,663.7236945917082,612.8394598649662,618.875,2466965
2024-05-31,630.2960597862598,656.0631722989419,626.9997378085994,638.1422729492188,2590960
2024-06-03,687.1230110769515,687.1230110769515,645.3385036465962,646.6384887695312,1661075
2024-06-04,643.2492170965269,644.1777616177778,582.0116945852614,593.6649169921875,1984752
2024-06-05,593.3399632625787,637.9101013480307,554.1553721943467,628.4853515625,1764071
2024-06-06,633.2209909499354,653.231115417944,626.7675947506925,638.6529541015625,1059101
2024-06-07,642.4600084340699,649.7026447202878,634.1959391200614,638.9779663085938,872911
2024-06-10,637.0280245044786,637.0280245044786,617.4821716100903,621.7999267578125,880093
2024-06-11,624.3534514819445,664.8379759513331,623.9820109487372,646.7777709960938,1993799
2024-06-12,649.9811994869234,653.0918011292084,630.9924516814257,639.07080078125,769297
2024-06-13,644.4099336619404,645.431310022695,622.1248639099424,624.3533935546875,874207
2024-06-14,627.6033232430128,628.0675955470323,612.4215848972583,614.6036987304688,1052979
2024-06-18,616.5536046989935,618.4106938697736,598.354153494894,599.607666015625,982672
2024-06-19,600.7683523880504,610.9823429232414,585.2616463316695,588.1865844726562,867046
2024-06-20,589.9972696922266,625.7926531839004,589.2543886628317,601.279052734375,2227735
2024-06-21,605.6896591800793,635.1245356924104,596.1256606937536,617.0643310546875,2688586
2024-06-24,614.7893764724258,619.1535475654944,604.064697337346,612.3751831054688,626230
2024-06-25,611.910863393231,623.9819426407454,608.1966851632266,616.4607543945312,713278
2024-06-26,617.2964030282085,617.2964030282085,601.6968659855769,603.553955078125,492273
2024-06-27,604.3896904442884,630.8996268971465,600.0719354730799,625.1426391601562,1332637
2024-06-28,625.4212167674468,630.7603483264814,614.9750898041183,621.7999267578125,742344
2024-07-01,622.1248710060192,624.9105047567924,603.5539793341977,609.8216552734375,1045453
2024-07-02,612.7465573599626,612.7465573599626,603.5539438532686,605.8753051757812,435691
2024-07-03,608.1038661569679,635.1244906785723,605.4110642140778,625.0498046875,1488309
2024-07-04,631.4103316093789,645.3385006889976,631.4103316093789,637.0280151367188,1496295
2024-07-05,638.8386394835765,646.2669957566413,631.6424193440449,643.6206665039062,1137292
2024-07-08,648.1240795802696,665.7664255860362,632.2459908446237,637.120849609375,1463483
2024-07-09,639.6743817754934,649.6097634104682,621.1963220233405,625.0498046875,588087
2024-07-10,629.1353895875874,629.1353895875874,604.4825415105256,612.0966186523438,545551
2024-07-11,616.1821175124747,631.7817107042716,613.7679244429088,623.6104736328125,503106
2024-07-12,631.3638859848293,635.124480124478,612.8394106464262,617.1571655273438,536850
2024-07-15,620.2678222976771,622.0320797911246,606.339652635304,612.5609130859375,398746
2024-07-16,613.3036580718422,616.0428757522794,608.1966631900932,614.789306640625,396045
2024-07-18,619.3392440119324,621.6606054962349,599.8398075437905,601.6040649414062,597374
2024-07-19,601.6504814742916,607.778853129803,589.6258176380807,595.8934936523438,488014
2024-07-22,586.8402099609375,593.2007180480875,579.4118528728244,586.8402099609375,481431
2024-07-23,586.8401228018103,590.4614690139597,561.7230054628652,577.9725341796875,470578
2024-07-24,579.5046350919316,599.7933676575184,579.4118033058185,589.022216796875,336587
2024-07-25,582.2438790207542,584.1009682173271,564.7872519077416,567.7586059570312,783701
2024-07-26,566.4585418498581,579.4117485242336,556.1981368045127,560.3765869140625,915304
2024-07-29,567.3406693987531,596.1255478788863,564.7407562256415,588.4186401367188,759838
2024-07-30,594.2685600155885,601.4183649630493,589.8115571502448,595.661376953125,526190
2024-07-31,591.4828870380138,607.7324169016955,587.8151246768674,600.6290283203125,422937
2024-08-01,607.2681473567422,608.8466844568152,593.5256990877231,601.325439453125,540659
2024-08-02,594.2685271620965,615.7643567125832,587.3508587533275,605.225341796875,1155061
2024-08-05,581.315343617555,590.5543738514186,565.5765010928737,573.0513305664062,812500
2024-08-06,571.0548974470018,584.9366497847541,561.7694519600587,565.205078125,490504
2024-08-07,571.0548825358968,586.8401394515232,549.1412544284536,552.8089599609375,1411776
2024-08-08,555.7339213136348,561.2123569084104,545.9842033958518,557.080322265625,752219
2024-08-09,566.7835720303384,566.7835720303384,549.6983309659091,551.555419921875,455571
2024-08-12,557.0803129440354,583.0331443971158,556.198184288605,570.3120727539062,930564
2024-08-13,573.8405406031115,573.8405406031115,535.0738050526586,538.5558471679688,1345889
2024-08-14,521.8420757098546,573.8405743571,505.17468846940193,530.8953857421875,3055207
2024-08-16,492.1286441179792,505.1282686795862,479.17543545217626,482.7503662109375,11319240
2024-08-19,454.98685595568037,462.925900985032,453.17618264312455,460.2795715332031,26422597
2024-08-20,460.83665867457916,477.4576291441795,460.83665867457916,475.971923828125,21919526
2024-08-21,479.0825676940207,479.96469634353525,472.39703565804376,474.34698486328125,7475230
2024-08-22,476.2505294031234,482.7038687819089,475.5541209803311,481.58966064453125,7868421
2024-08-23,480.0575355552364,482.5182012987104,475.9255009453754,477.086181640625,4980038
2024-08-26,480.9860422380406,491.1536156625931,480.15032953372105,490.36431884765625,8083106
2024-08-27,493.0571869114753,499.1855586555182,492.1286423033558,494.3106994628906,5904226
2024-08-28,495.80322520097485,495.80322520097485,490.5553450271378,492.28857421875,3918470
2024-08-29,489.11098242717657,489.73686912004183,474.13768869776874,478.08563232421875,5148826
2024-08-30,480.49291364466967,483.38164859644127,476.6412670423076,482.1780090332031,2166880
2024-09-02,483.3816287827877,483.8149507620843,473.75251267157677,475.5339050292969,2338864
2024-09-03,474.76359084852726,478.4708066841381,472.0674499057552,474.2821350097656,1772852
2024-09-04,470.86381629510566,470.86381629510566,463.2086566071805,467.8787841796875,2637897
2024-09-05,470.8638180352049,478.27824982808914,469.90090634188135,477.3153381347656,1948919
2024-09-06,478.1819372897288,478.9522548651382,467.54174579177936,468.7935485839844,1938403
2024-09-09,466.7714175265481,467.9750570766423,459.3088523159638,462.29388427734375,1742601
2024-09-10,465.6640781255234,472.7896184324921,461.23467867446783,468.8416748046875,1518727
2024-09-11,469.9008685550786,469.9008685550786,457.76817631769893,458.8755187988281,1444929
2024-09-12,462.19760213326475,472.7896305154854,461.6198492534517,471.6341247558594,1743746
2024-09-13,476.3524194873218,485.3074863502053,475.1006166728362,478.18194580078125,2483381
2024-09-16,482.4187424090254,489.5442828269425,475.726494607342,478.0375061035156,2072142
2024-09-17,479.53000753272556,480.44478536564503,471.34525840817105,472.6933288574219,1008673
2024-09-18,476.6412624083843,477.6041740496134,465.6640755755193,467.01214599609375,1280911
2024-09-19,473.75250141879144,477.60414777178977,460.8013288025428,471.2970886230469,1815671
2024-09-20,476.3524128177941,485.45191042801673,474.0414013113262,482.1298828125,2846982
2024-09-23,482.4187133500628,489.2072284003974,479.77070644045665,485.2111511230469,2163517
2024-09-24,486.2703801476543,494.93658494236496,485.4037655453295,488.7739562988281,3461449
2024-09-25,494.9365888679376,495.85136669114956,487.61845443943656,492.2404479980469,3997321
2024-09-26,492.1922784172921,501.6288301113063,485.3555999029737,497.8253173828125,3887216
2024-09-27,505.5285988309209,505.9137869862336,497.3919839144929,503.6509094238281,3789679
2024-09-30,505.5286170192883,511.54681484094647,497.68086355126076,503.121337890625,3995531
2024-10-01,503.50653284488607,504.56571216718584,492.86634132137175,500.6177978515625,1884521
2024-10-03,497.8253284564351,513.761504682711,493.5403598131073,503.50653076171875,5498929
2024-10-04,503.74724215804923,507.1174328591352,490.94049986248405,498.0660400390625,1877538
2024-10-07,504.5657074450879,504.5657074450879,472.3081669881978,477.02642822265625,1936964
2024-10-08,477.02645131035854,494.5514266559324,474.3784441297658,491.85528564453125,1747070
2024-10-09,490.21832647635705,495.8513655012256,485.16304031814485,486.7037048339844,910097
2024-10-10,487.23327210224255,493.97365333685855,487.23327210224255,489.9294128417969,677683
2024-10-11,489.9294068100205,493.01073566220117,483.3816197312988,485.4518737792969,511306
2024-10-14,487.9073395925064,503.41019348316206,487.8110425513897,500.9066467285156,1883076
2024-10-15,501.0029208282039,504.13238369749683,492.3367159593927,495.32177734375,1233163
2024-10-16,495.32176870031736,500.66591652186884,489.7849974116849,491.4700927734375,972108
2024-10-17,492.24045005444077,497.7771920736619,483.4779481120923,489.3517150878906,886030
2024-10-18,487.1851625424596,500.71405951150666,475.67835653593136,487.7147521972656,3491646
2024-10-21,500.0881520505414,502.4472973951295,481.4558347541418,483.14093017578125,2266446
2024-10-22,487.0406926123597,503.60278446769286,486.703697049121,494.5513916015625,4802288
2024-10-23,495.99577980880366,515.1577456315343,495.99577980880366,504.27685546875,4761151
2024-10-24,506.92485921731196,528.638505569755,506.92485921731196,519.4908447265625,5302861
2024-10-25,518.5279360148595,519.4908476880533,484.4890024903124,491.1330871582031,3661702
2024-10-28,496.3809733672792,509.8617369504837,493.0107824714781,507.1174621582031,1853445
2024-10-29,508.85065576585777,533.3085755751616,508.3691999573503,529.745849609375,4291983
2024-10-30,534.4159761366054,554.0593976869691,531.6717013893546,539.61572265625,4040718
2024-10-31,542.1192617217673,543.0821733766904,519.9722936585334,532.6827392578125,2265460
2024-11-01,538.2194600423996,543.8524694929089,531.5272125503807,537.54541015625,570057
2024-11-04,538.2676166062769,538.7972062636719,503.6509307607576,523.63134765625,3242281
2024-11-05,524.7868153816657,544.0450471387911,522.6683981340901,538.8934936523438,2598508
2024-11-06,500.7140602119993,503.9879833450477,493.25149489153205,494.0699462890625,11690198
2024-11-07,488.87025334036,490.79607662807354,486.799969797483,488.7739562988281,7355515
2024-11-08,490.796086533662,493.7810891812782,486.3185237907738,487.4740295410156,3200423
2024-11-11,487.1369957602867,490.7479144322384,475.67835305177283,487.32958984375,5111496
2024-11-12,490.12203788421704,493.2515007980161,479.72260364803924,482.1298828125,2222208
2024-11-13,478.567077346005,484.4889779591565,466.04922622830264,467.6861877441406,2639677
2024-11-14,468.9861175029739,479.19298709047257,466.7714324144545,476.9783020019531,1576044
2024-11-18,484.92233289609476,485.2111946487629,476.4486923937918,477.94122314453125,2851127
2024-11-19,481.4558351451757,481.8409939361454,471.8267184422722,473.89697265625,1336754
2024-11-21,473.8969698686937,474.6673168318339,465.27892810172733,468.9861145019531,1546003
2024-11-22,469.9008831478347,473.4636679915678,467.1565790801734,471.1045227050781,1077937
2024-11-25,479.5299882802705,482.90017896095515,477.31530330154146,480.0114440917969,1695909
2024-11-26,480.49293074778154,481.16698068148025,474.90805472985585,476.1116943359375,768923
2024-11-27,475.6783483358505,482.4187297900022,475.6783483358505,481.4076843261719,787949
2024-11-28,481.45583768761935,482.41874936299456,474.71545595999265,475.72650146484375,919432
2024-11-29,477.4115832560411,487.1369967766008,473.3673719664566,485.8852233886719,1565002
2024-12-02,483.4297873176355,487.9554838755097,480.58921555108196,484.20013427734375,868957
2024-12-03,484.3926935666096,489.5442767690055,481.93728061447473,488.34063720703125,1157338
2024-12-04,488.67766094071555,491.9515546639602,486.07778773905363,488.1480712890625,889376
2024-12-05,489.1591405113773,489.2072743417802,480.58923231263554,482.0335998535156,903208
2024-12-06,482.0335669912891,496.2846767211881,480.92622449591977,491.0849304199219,2915997
2024-12-09,491.08494298243926,493.5403559430588,486.4629788027795,487.7147521972656,868376
2024-12-10,489.8331621637955,490.3627518105749,479.5299958795607,479.96331787109375,1326710
2024-12-11,481.35954638864956,497.24761860772014,479.144861263144,490.2664794921875,3159856
2024-12-12,491.90342985457477,494.8884618926882,482.41874407887167,482.9483337402344,1158128
2024-12-13,482.5631642401587,483.3816450142414,473.8488256211865,481.7928466796875,1092238
2024-12-16,481.79284174322925,485.2593295012946,479.0485377103554,479.7707214355469,595620
2024-12-17,481.16697446811264,482.4187478879802,471.8267194912381,472.4526062011719,1068528
2024-12-18,472.93405802735936,473.9451329062784,463.5456693007607,467.34918212890625,910000
2024-12-19,460.7051016800798,465.08633803773665,454.4943096352209,461.57171630859375,941093
2024-12-20,462.1975859605597,465.952935469343,449.00568477364294,451.4129638671875,935248
2024-12-23,453.5313806424875,455.9386597329465,445.7317905122539,446.6947021484375,786344
2024-12-24,447.7539213672507,448.52423894004147,443.3726850737564,446.2132568359375,599367
2024-12-26,446.2132756556417,447.7539402519348,435.04349406468344,436.4397277832031,981853
2024-12-27,437.161887593031,446.0688203248273,437.01745672317514,437.8359375,790788
2024-12-30,437.16190485869635,437.83595479228694,413.6668656288997,416.3630065917969,2763331
2024-12-31,416.55558886186446,428.97714336498365,416.55558886186446,427.53277587890625,1432597
2025-01-01,427.4364712307178,431.7695736118518,424.59589952341315,427.5809020996094,638861
2025-01-02,430.4215151286257,438.50996725389643,424.9329068726927,435.717529296875,1067204
2025-01-03,435.71752671727324,454.9757599423461,434.12872835335105,451.75,2312908
2025-01-06,455.6498033563849,455.6498033563849,428.5438169703718,430.2289123535156,1237423
2025-01-07,430.4215001871672,438.0766594280099,430.4215001871672,431.91400146484375,566242
2025-01-08,432.58805970154384,434.2731550927018,416.3629924866769,427.3401794433594,1534792
2025-01-09,428.88083255651077,436.34339766172144,419.92576618455024,421.4664306640625,2009603
2025-01-10,421.4664425667151,422.6700821338057,411.3558702031546,417.27777099609375,910052
2025-01-13,413.907592646139,416.7963276939626,399.31948653177625,403.84515380859375,1845851
2025-01-14,406.348697685675,422.71819498580885,406.25240064793996,419.8775939941406,1148840
2025-01-15,420.31094233837905,431.8658823339359,420.0220805927829,425.65509033203125,713988
2025-01-16,432.34732019942703,442.8430510487258,431.6251364797175,438.50994873046875,1034803
2025-01-17,439.56916401342653,444.76888099646106,437.0655878702674,439.90618896484375,631209
2025-01-20,446.9836086642225,449.72788341327,439.66547410005444,448.2353820800781,762660
2025-01-21,446.3095619052713,454.9757669908106,441.25427560537344,443.90228271484375,1043422
2025-01-22,448.7168061766771,453.33877010832515,442.60231163167293,451.94256591796875,1488217
2025-01-23,452.5684748208098,461.7161354820815,447.7539165780353,456.51641845703125,1013935
2025-01-24,459.30886818407487,462.6790590407714,444.5281681211306,449.2464294433594,811862
2025-01-27,444.5763204209259,444.817048333351,431.8177410623968,434.12872314453125,697454
2025-01-28,437.1618815171265,444.0948570311619,415.0149139512809,417.1333312988281,2310918
2025-01-29,423.681151109432,428.4475758137064,414.05203403876305,422.044189453125,1683342
2025-01-30,423.10335917413914,435.6212102111594,422.52560632605366,424.9810485839844,711322
2025-01-31,429.9400294159221,435.5730681532767,424.16255981570816,433.45465087890625,1051297
2025-02-01,433.45466504003974,440.77279931654306,426.23282780383204,429.4585876464844,831920
2025-02-03,428.49567737595805,428.49567737595805,410.72994596416805,416.5074157714844,1149990
2025-02-04,422.2367705179376,427.4364876984807,415.9778446151631,420.69610595703125,1049689
2025-02-05,425.79954819004075,451.7981630334718,422.3811941625209,450.1130676269531,3709519
2025-02-06,447.7539255121651,450.1130708524898,425.221798363538,426.47357177734375,2683938
2025-02-07,427.5327488918623,430.03632492017687,420.3109119173376,424.01812744140625,1289638
2025-02-10,425.22179833533613,427.43648341676305,416.9407521159333,419.4924621582031,1061336
2025-02-11,418.86654927203296,422.18860607227566,398.5972716879887,401.38970947265625,1597914
2025-02-12,404.66362117068286,408.5634016013784,393.15681519154873,404.7599182128906,1334554
2025-02-13,406.3486874254383,411.11511150853556,395.75666002809277,396.5269775390625,1237837
2025-02-14,398.6454171614952,406.8301660645693,394.9382014870742,401.100830078125,2778054
2025-02-17,396.2862927082575,401.19714818511005,387.6200875323058,400.137939453125,1569698
2025-02-18,401.53415715751186,403.45998045323137,389.69035564312964,393.8789978027344,763874
2025-02-19,393.8789796451321,399.1749934642174,391.51986384806855,398.1158142089844,984098
2025-02-20,396.7196083068724,408.5152762723073,396.52701421845,407.1672058105469,971143
2025-02-21,407.0708835048214,414.24458676026296,404.47101040111943,410.82623291015625,1071716
2025-02-24,405.3858056291992,410.152230062505,399.65646954356754,400.2342224121094,1024804
2025-02-25,399.3676200852649,401.3897404944887,390.07552823167526,392.1457824707031,732520
2025-02-27,391.90505138367104,399.60834477696187,388.1015385164408,396.4788818359375,1034655
2025-02-28,390.94214716626163,391.90505885878935,375.53556008581785,376.3058776855469,1613553
2025-03-03,377.46134463855515,380.63894114270005,364.1250131919092,373.0801086425781,2004706
2025-03-04,370.6247110992386,383.9129103214142,367.3026833329947,380.783447265625,1558931
2025-03-05,380.7834140765223,397.48990727116364,380.7834140765223,395.9974060058594,1925095
2025-03-06,402.49707110753167,413.42612425039687,400.8119757141389,410.2966613769531,2634281
2025-03-07,414.10013745736467,421.7071628931024,412.31877443870485,413.4261169433594,2097278
2025-03-10,413.13724436807905,417.95180276596244,409.2374638200865,410.6336975097656,1448034
2025-03-11,406.3487143880958,415.6889691034417,404.71175283650524,411.5484313964844,2153628
2025-03-12,413.089090634675,416.6037122186397,409.9596278268366,411.7891540527344,1225552
2025-03-13,414.0520324707031,420.69611734715613,412.12620906386263,414.0520324707031,1372791
2025-03-17,414.58158932183875,425.6069392071767,414.58158932183875,419.2035827636719,1569517
2025-03-18,419.2035827636719,419.2035827636719,419.2035827636719,419.2035827636719,0
2025-03-19,425.12549483152816,460.07917608376886,423.9218552651875,437.4026184082031,7177341
2025-03-20,441.0135420204676,446.79101200326846,429.0734432664922,439.42474365234375,2796560
2025-03-21,441.25425880533663,441.59128375631127,425.6069446633034,429.84375,3772285
2025-03-24,432.0102903520714,440.8690889676336,431.7695624482326,436.4878234863281,1406526
2025-03-25,439.13584661187684,440.09875826271815,426.56986132269066,427.9660949707031,1269831
2025-03-26,429.69934113226975,436.96931262850586,424.788485642183,425.799560546875,1445183
2025-03-27,426.5698553096124,433.2139397296136,423.77741743868216,431.2881164550781,1972572
2025-03-28,435.23607081320324,457.3830390182999,434.51388706738487,444.7688903808594,5676960
2025-04-01,445.39478409235716,449.6797528059358,435.23607766227616,436.9211730957031,1437487
2025-04-02,436.2952840434214,446.5021536340142,430.0363581814025,443.7096862792969,1214886
2025-04-03,440.8691067308476,451.0759761420099,435.81382054654716,442.1208801269531,1882318
2025-04-04,440.77281003950026,440.77281003950026,408.27454168595983,411.1151428222656,3061033
2025-04-07,375.72816014797706,395.3715531104797,374.13933232147764,391.6643371582031,2436376
2025-04-08,403.4118755862704,404.32662408596855,388.3904469241163,396.76776123046875,1514564
2025-04-09,392.8679723202676,392.9161061508176,382.4203745321531,385.742431640625,1432174
2025-04-11,399.60832222287064,400.2342088986037,392.001326303485,395.8048095703125,1561497
2025-04-15,403.9414506997627,419.4924684907954,402.78594492678144,417.807373046875,1872997
2025-04-16,416.8444546807651,422.7182217253942,410.68182589038867,421.75531005859375,1675647
2025-04-17,421.75528095674025,428.39936512206344,414.1964190167851,423.3922424316406,2032014
2025-04-21,423.6811408589385,440.86912029138506,423.6811408589385,435.6694030761719,1888265
2025-04-22,436.19897440398466,443.66153963937296,427.53276961450155,429.2178649902344,2048339
2025-04-23,431.5770258771258,434.3213006511148,421.2738591672007,432.3954772949219,1607303
2025-04-24,432.34733501191636,447.36876277366383,430.22891760723115,442.3134765625,2639584
2025-04-25,445.3466196810262,450.5463364985343,422.71819684317944,428.49566650390625,4251762
2025-04-28,435.23607346339776,442.4579109655559,428.9771476281941,435.717529296875,3587317
2025-04-29,435.2360758115675,438.6062666640907,427.4364853900102,428.92901611328125,1568483
2025-04-30,426.0883937248301,429.94004022177774,421.7552914157641,422.9107971191406,1278436
2025-05-02,422.91081858678405,426.81059910861046,411.3558785093936,412.7039489746094,1644950
2025-05-05,414.4853302195616,416.8926093371436,410.6818174594895,412.3669128417969,850003
2025-05-06,414.0519894921217,414.96676726971026,396.28625865380724,398.1158142089844,1985510
2025-05-07,393.8308647571004,409.7670408065487,393.2531118900904,407.02276611328125,1550266
2025-05-08,407.31161492221946,409.86332483595726,392.8679406341975,394.1678771972656,1372171
2025-05-09,383.238844904267,395.1308099134931,383.238844904267,393.2049865722656,1511686
2025-05-12,404.4228799527828,420.21462462617393,404.4228799527828,418.81842041015625,2766591
2025-05-13,418.86656475166313,419.92577343622736,411.1632716068049,412.9927978515625,1485369
2025-05-14,414.87048433255006,424.35516982623506,413.85940948310474,422.6700744628906,2432511
2025-05-15,423.6811365570051,427.7735111714762,421.2738573720221,424.4033203125,2087164
2025-05-16,426.47356585806955,428.4956862094628,423.15153828181724,425.89581298828125,1416394
2025-05-19,425.8476901217149,438.99142866551,425.60696220191744,431.5770263671875,2755475
2025-05-20,436.6804296647974,438.3173912105566,417.90365264503214,419.1554260253906,2712376
2025-05-21,421.51458192124954,428.01423566875025,417.6148014270419,425.65509033203125,1683181
2025-05-22,427.72535449932775,431.2881098713937,421.4182657400641,425.9920959472656,2701432
2025-05-23,425.7513738717147,433.0213743531,421.56270237903635,430.4696350097656,2040334
2025-05-26,432.3473470788192,436.2952908691576,430.75854867382753,434.22503662109375,1255104
2025-05-27,434.27315233131316,438.1247989151829,430.9029615704271,434.7546081542969,1283321
2025-05-28,436.4878327695049,440.0024837488858,433.7916919434606,435.8138122558594,1806651
2025-05-29,436.72856149787606,448.71682314080147,436.34340271996575,447.51318359375,3994727
2025-05-30,449.5834291792248,452.4721640371583,436.6804193576017,441.20611572265625,3055427
2025-06-02,440.0505993102886,443.80594865701596,433.7916739371663,436.3433837890625,2132482
2025-06-03,440.82094328476984,456.805282612437,440.6765124138693,451.3648376464844,8004970
2025-06-04,454.4942856487046,454.4942856487046,435.2841870327775,450.64263916015625,4555219
2025-06-05,452.27961145505145,478.5670876118313,449.8723323423159,473.36737060546875,7873786
2025-06-06,482.9964887938648,491.9515553711621,476.6412660362354,483.62237548828125,15506056
2025-06-09,492.0478621419271,512.9430570830689,489.1591271391369,505.52862548828125,12608520
2025-06-10,510.3431397591394,526.5200426236279,508.5135842400985,514.242919921875,11077729
2025-06-11,518.094606376438,520.6463457814019,499.46228928316555,501.24365234375,8771715
2025-06-12,500.7140470184872,511.161614683269,494.84030959089347,498.0660400390625,5827617
2025-06-13,486.2703745261986,501.67696064980095,483.52607049578575,495.17730712890625,5153341
2025-06-16,500.7140524118197,500.7621862394899,483.7186678561417,493.925537109375,4005115
2025-06-17,495.9387378843459,497.5100349290683,474.3825767942448,477.6233825683594,9622550
2025-06-18,453.7102895058754,456.6564602169525,443.1040869339971,444.67535400390625,142069446
2025-06-19,445.9520408247092,447.8670337828555,427.6857766324026,429.6007995605469,16137205
2025-06-20,429.99362089709797,433.7745459669842,426.9492385043325,430.73016357421875,9792306
2025-06-23,427.88221994505585,437.6045776388569,427.4402823348833,432.6451721191406,7981302
2025-06-24,437.9973853690777,439.8632875190269,431.71222708872295,434.9530029296875,5259572
2025-06-25,436.8188940275945,437.8009509206152,432.6942730589065,434.1673583984375,3318519
2025-06-26,437.01532099373503,441.9256054992826,430.6319511365232,440.8453369140625,6976812
2025-06-27,444.7735617243482,447.17961310495053,440.9435458280816,443.0549621582031,7428769
2025-06-30,444.2825522406931,444.7244898502791,440.2561128055743,442.7603759765625,3717240
2025-07-01,443.8897360986792,444.82270217803676,437.702789375569,442.26934814453125,4010078
2025-07-02,443.88973409718267,445.75563627748517,438.5866326484286,439.1758728027344,2979489
2025-07-03,438.8321424224752,442.31843251419167,437.11354280571385,437.5554504394531,2050922
2025-07-04,440.8453295646281,440.8453295646281,435.14941162115014,437.113525390625,1786418
2025-07-07,437.2117526129995,437.55544855887547,428.37324033621377,429.64990234375,2682662
2025-07-08,430.5828579962483,431.5649148921504,426.90014463661566,428.37322998046875,1567143
2025-07-09,429.45346372000876,429.45346372000876,407.7009097164497,417.3741760253906,7244683
2025-07-10,417.37419077528943,419.9766356178886,412.4639061779331,415.2136535644531,2431803
2025-07-11,415.41006834458045,423.5120377626485,414.6244348132519,417.2759704589844,3289049
2025-07-14,420.2221454592098,429.35529269691074,418.7490600953869,428.5205383300781,3867360
2025-07-15,429.15886197097575,433.8727230664107,427.29295986944936,429.6007995605469,2384363
2025-07-16,430.0918307879208,430.43552672647866,425.5252422328159,427.39117431640625,1930300
2025-07-17,430.6319537540356,431.22119389228254,427.4402688060296,429.257080078125,1749870
2025-07-18,430.5828709335812,433.5781325680791,423.36474653782517,427.685791015625,4662210
2025-07-21,427.8822089530429,439.17586345177597,426.998333755404,436.6716003417969,3834004
2025-07-22,438.9303636913723,438.9303636913723,434.1673815126507,435.2476501464844,1623314
2025-07-23,438.09561060912364,440.9435697650539,435.34583317201884,438.8321533203125,1808120
2025-07-24,438.7830028900897,439.8141805981894,435.1002895825856,438.0955810546875,1568590
2025-07-25,437.7027667413272,438.2428860414464,429.5516765931795,431.31939697265625,1769660
2025-07-28,430.14091895596187,431.90860937463106,423.5611257875861,424.29766845703125,1958546
2025-07-29,424.2485953297221,430.14093693152375,422.87372161663484,429.55169677734375,1325115
2025-07-30,429.06065649253395,430.2882276257639,423.8557668756383,424.6905212402344,1275211
2025-07-31,419.33830303405404,423.21743983934743,413.88789913952655,416.44122314453125,2114797
2025-08-01,416.39213722008077,417.1777707740058,406.0805394823193,407.9464416503906,2163538
2025-08-04,408.6338739254181,414.91903196593205,406.4242459445344,414.0351867675781,1093131
2025-08-05,414.42802858334824,415.99932568098166,411.6782811399893,413.64239501953125,990246
2025-08-06,415.1154820342656,416.2939323845477,409.3704429203919,412.4148254394531,1418372
2025-08-07,412.85671471844944,418.3562393518157,407.60270431005495,417.03045654296875,1528302
2025-08-08,417.03047412358455,419.24010224148066,411.7764634936985,413.1513671875,1210138
2025-08-11,413.151358800978,415.3118660459541,407.11168475866134,409.9105529785156,1862022
2025-08-12,412.85672863604526,416.83407719666434,411.2854315492574,415.8520202636719,1597032
2025-08-13,417.22688551710263,425.86897436422925,416.883159603524,422.48089599609375,2072932
2025-08-14,423.2665213544011,424.9360300623597,414.91903775460435,418.99456787109375,1367682
2025-08-18,422.97193440175647,423.2665394946115,416.39214094133473,419.4365234375,1443684
2025-08-19,425.9180844674084,425.9180844674084,418.7981720268372,420.95867919921875,3077711
2025-08-20,420.958701998199,424.64141552898343,417.8161377672626,422.28448486328125,1945943
2025-08-21,426.0162821248101,426.0162821248101,422.2844777973909,423.1192321777344,1159668
2025-08-22,423.2665235378586,423.65934030352287,416.8831536933201,417.2759704589844,826451
2025-08-25,415.4100687645892,428.9624419986971,415.26276622356596,426.900146484375,2994389
2025-08-26,426.90013949989947,426.90013949989947,421.5479174936352,422.4317626953125,1117706
2025-08-28,421.30242651284897,423.2665403893658,413.0040333965659,414.1334228515625,1139531
2025-08-29,416.04840032966473,419.3382969437146,410.49978483014684,411.72735595703125,1268832
2025-09-01,416.3921417130212,435.0512235350669,416.3921417130212,428.07861328125,7587040
2025-09-02,431.0738985826289,436.22969743129454,430.1409325172517,432.9888916015625,2817685
2025-09-03,435.0512005468179,440.6489367856451,433.7254177565696,436.62249755859375,4756092
2025-09-04,441.8274144151358,441.8274144151358,427.48937699643403,429.6990051269531,2265053
2025-09-05,429.84631650765874,433.8727258159431,426.06539145402763,432.2032470703125,1953089
2025-09-08,434.4619715912738,434.70748581911363,426.90015135580774,427.78399658203125,1752942
2025-09-09,428.91335269856495,432.1050376356464,423.7575539540487,425.6725769042969,2291407
2025-09-10,427.6366974899962,428.86426863910054,423.0210179813643,425.0833435058594,1863865
2025-09-11,426.7037208877692,438.9794320755646,425.7707548494975,438.2428894042969,5122099
2025-09-12,441.4345723445555,456.018123164621,439.47045856326713,454.64324951171875,11582146
2025-09-15,457.63853272888434,460.53561268158404,451.10786009059433,451.89349365234375,5717417
2025-09-16,454.15223391856165,455.6744101541374,449.8802803293668,453.955810546875,3378600
2025-09-17,455.6744015944463,456.3618534124372,445.0681990625748,451.2060546875,3397670
2025-09-18,450.81321973860696,451.8443974925548,443.447792796118,446.6885986328125,2208920
2025-09-19,447.81794777179573,449.58563820921137,443.9388110169135,444.9208679199219,2190231
2025-09-22,447.62153516981544,458.27685881774744,447.37602093815804,451.0096435546875,5390225
2025-09-23,453.0719662547568,455.9199253301321,444.72448243072637,453.2192687988281,4028797
2025-09-24,454.69234015517,455.576185362336,443.88971436314654,444.7735595703125,2695976
2025-09-25,445.1663836568562,460.09366062125486,445.1663836568562,458.37506103515625,7193012
2025-09-26,460.48649402444926,460.48649402444926,437.60457926809016,441.0417785644531,6524790
2025-09-29,447.6215325124435,460.0936673945975,445.6574186708443,457.78582763671875,14939041
2025-09-30,460.7319906690239,475.21733000778465,459.6517220802692,473.7933654785156,15167002
2025-10-01,476.3958176965826,479.7838960872362,466.5752485004873,472.7131042480469,7265353
2025-10-03,474.33348553833133,487.6894654522509,470.30704623023814,482.68096923828125,9118935
2025-10-06,488.08228222060177,490.73384785446757,481.15879302217206,482.68096923828125,4193824
2025-10-07,482.68097724524876,484.3995768590416,476.44490979548635,481.10968017578125,3536988
2025-10-08,482.23903288584387,487.2475291127254,478.90004539125573,481.69891357421875,3971075
2025-10-09,483.1720022533858,505.75931130181647,479.3910771360618,503.05865478515625,16377426
2025-10-10,503.5005912769319,504.2371339616729,479.9312253652206,489.35894775390625,11928283
2025-10-13,489.35893882904855,498.2956625682521,485.1361061682151,496.4788513183594,7796400
2025-10-14,505.75932581650744,516.3655288165044,490.8320482898457,496.57708740234375,15420228
2025-10-15,499.866956742226,506.8395366814926,497.2645119791197,503.9916076660156,6882125
2025-10-16,507.23239153250756,507.477905758806,496.9698848852349,497.6082458496094,3256458
2025-10-17,500.0634084635901,501.3891613635568,486.4127929498633,491.27398681640625,8202471
2025-10-20,491.0284656101586,491.0284656101586,472.7622006954609,477.6724853515625,7340096
2025-10-21,478.50723091881906,480.5695564303755,473.3514321249272,475.1682434082031,2018621
2025-10-23,474.08798893873075,479.1455761980389,468.73576661470594,473.4987487792969,7890661
2025-10-24,473.54784603006516,487.4439450789839,473.54784603006516,477.96710205078125,6837879
2025-10-27,480.2258197700001,480.8150598986868,473.1549981657555,473.6460266113281,3767112
2025-10-28,472.7622020019422,472.7622020019422,459.7990684560098,462.7452392578125,5637647
2025-10-29,466.18242895365233,477.5251743196729,465.0039486691313,474.9227294921875,4830935
2025-10-30,473.30234914499715,473.8424684682048,466.1333155778829,469.0303955078125,3047179
2025-10-31,471.28912189623566,472.61490476594264,467.01716819162414,467.95013427734375,1821466
2025-11-03,467.95013494972903,472.6639963043498,467.1153805513067,472.0256652832031,1981640
2025-11-04,470.552577204357,471.5346341451863,461.56676218976884,464.8566589355469,2221861
2025-11-06,463.53087794863353,465.4949918382464,457.638536279795,458.8170166015625,1874384
2025-11-07,456.6564520141473,467.0662610002973,451.74616758388765,465.9859924316406,3011457
2025-11-10,468.4411466372129,478.0162015213069,467.50818058358385,475.90478515625,4039654
2025-11-11,478.21262726619454,481.2078888721955,473.74425031609644,478.75274658203125,3280695
2025-11-12,480.5695710770265,481.60071887923243,472.56581298514374,473.25323486328125,1977730
2025-11-13,481.207897668006,494.9566947442347,477.8689100863503,486.3146057128906,12867167
2025-11-14,486.11818620879876,488.4751168752051,473.8424744358493,478.3108215332031,3057432
2025-11-17,478.2126378335949,479.1946947713618,472.5658104414352,475.21734619140625,2199172
2025-11-18,471.3873222052164,472.3202882684137,459.79906252233764,467.4100036621094,6175474
2025-11-19,466.477030326744,469.91422949757265,465.200368337007,467.99920654296875,2595527
2025-11-20,468.2938410617902,471.73104022869234,462.6470138590225,463.67816162109375,1407005
2025-11-21,459.6026239657617,462.00867533135937,448.55448396658477,450.07666015625,2368431
2025-11-24,450.076684177648,452.33543312447637,445.36282284774444,445.8538513183594,1729282
2025-11-25,449.6838505900094,455.0360727076939,447.3269200131385,454.2995300292969,2226516
2025-11-26,456.6564571496212,462.4505868484877,454.8887667228477,461.812255859375,2138803
2025-11-27,467.3608780389432,469.9142320020239,464.16919307759196,466.03509521484375,2611675
2025-11-28,469.47228776304223,480.42224614386055,468.3429283251546,476.4940185546875,5889839
2025-12-01,491.1266787843297,494.90760397497576,483.9576451827153,490.88116455078125,12744627
2025-12-02,490.881151243943,492.55063000481664,485.5289291096754,486.7565002441406,4196609
2025-12-03,491.02844300028454,500.45619509988956,487.64033475558347,495.3494873046875,11256116
2025-12-04,495.88963998317587,499.0813248846202,484.3504714933386,487.8367614746094,5322624
2025-12-05,488.08229851215015,492.79615982970034,481.6007167230191,489.1625671386719,3027296
2025-12-08,489.16257095390984,492.9434961912257,478.2617328558043,481.64984130859375,2799520
2025-12-09,480.22584547257503,485.92176375807406,473.3514468666281,482.63189697265625,2767639
2025-12-10,494.4656627109204,507.33058447774755,492.30512548366755,503.4515075683594,21067651
2025-12-11,507.2324204394251,522.4543033374136,506.6432102387288,513.2720947265625,20968349
2025-12-12,523.4363122922072,557.2681834893365,522.7979513499993,551.572265625,39406555
2025-12-15,552.0141712082136,561.5401353280168,545.7781337371041,557.857421875,23289407
2025-12-16,553.8801102696782,562.6695318089431,546.1709873208247,557.5137329101562,9187083
2025-12-17,569.59303175443,577.2530639865757,563.35699408967,567.9235229492188,18632926
2025-12-18,571.4589410661099,583.6855016684547,566.4995057085356,581.5250244140625,15414612
2025-12-19,580.3956633160827,581.3777202760085,567.6780136970451,578.18603515625,9490652
2025-12-22,590.4616940994451,599.5948110180988,586.2879523947921,595.6174926757812,12145672
2025-12-23,599.0546997321479,604.4560125985853,595.6175006353241,598.8582763671875,9277131
2025-12-24,607.8932356028429,620.5617938910822,606.8620878212415,613.6382446289062,13964315
2025-12-26,633.426700306206,634.8997856557553,622.6240744095111,625.4229125976562,13459241
2025-12-29,643.2472805534222,644.5730334152051,603.130279475059,607.4512939453125,27992946
2025-12-30,603.9650255761029,618.6958798584469,602.0500025313983,614.0802001953125,11718688
2025-12-31,607.89321503738,609.9064196743027,597.3851943241789,601.4607543945312,9599983
2026-01-01,599.594822938811,605.9291018750994,594.3408425468486,600.9697265625,4767635
2026-01-02,603.965021166717,618.6467844822654,603.2775693172266,617.5173950195312,6324442
2026-01-05,625.2756194412403,627.3379148867156,610.2010105631441,617.3209228515625,6488033
2026-01-06,623.6061538169514,637.4531326264938,623.2133070668941,631.560791015625,10451587
2026-01-07,637.453125079603,639.073542979407,616.9281713420733,618.6958618164062,8304312
2026-01-08,611.821483300492,612.2634209184843,577.7931858150827,580.150146484375,20818517
2026-01-09,577.5967910853919,601.2152475985929,577.5967910853919,595.5684204101562,10779863
2026-01-12,613.5891256680644,621.2000664760582,604.554190398318,616.9772338867188,13671026
2026-01-13,622.624083115961,625.3738304855714,612.5089088956096,618.5485229492188,7856745
2026-01-14,628.5164492168757,658.9111238662229,625.0301590256257,642.461669921875,27694609
2026-01-15,642.461669921875,642.461669921875,642.461669921875,642.461669921875,0
2026-01-16,642.4616726457383,642.4616726457383,622.6732010050282,626.3068237304688,11412408
2026-01-19,638.3369990778183,655.3756626925887,636.8148228372477,648.5504150390625,16631601
2026-01-20,656.7996256474215,684.3954597836004,643.2472527679432,668.5352172851562,46014901
2026-01-21,669.7628398922393,688.4219219420231,668.5352687047535,685.0338134765625,29031895
2026-01-22,681.547486584596,681.547486584596,640.9394578656764,656.259521484375,28204037
2026-01-23,682.5295852780445,697.2604396365634,675.7042774372641,686.1632080078125,32427217
2026-01-27,719.8477125036038,719.8477125036038,697.7514321061535,714.1517944335938,25791996
2026-01-28,699.2245411999794,719.5531318436527,689.0111250491487,695.4927368164062,38182595
2026-01-29,682.7750787752041,706.884564354887,682.7750787752041,702.3671264648438,52966214
2026-01-30,677.6192793015364,677.6192793015364,611.183104246191,617.2227783203125,49436689
2026-02-02,554.8621506785097,602.9829389674424,550.2955620995817,599.1528930664062,37031059
2026-02-03,624.4899929828654,627.9271920574432,591.1982408273851,616.9772338867188,26990191
2026-02-04,623.6061651761707,632.3955868938191,620.8073268360256,627.7799072265625,10586353
2026-02-05,589.2341296849205,601.7062640845837,582.6052457259651,599.84033203125,16770606
2026-02-06,584.3238538656317,599.8403408542324,583.3417969683785,598.0235595703125,11409412
2026-02-09,613.785602144681,619.1869154435541,603.2284897877925,617.81201171875,7574577
2026-02-10,620.6599792478496,621.1019168539846,602.2955026840038,606.6165771484375,7580536
2026-02-11,611.8214467958994,619.6779019714487,606.8129805974853,617.2718505859375,6425398
2026-02-12,618.6467668641819,622.6240853901098,610.2010414138192,612.5089111328125,4106081
2026-02-13,589.1850422157684,597.0905881798211,580.395621076109,582.21240234375,9424678
2026-02-16,575.4362743668565,585.6005396913455,572.1463476630857,583.4400024414062,4181298
2026-02-17,579.4136097795739,579.4136097795739,564.6827552936525,570.6732788085938,6472316
2026-02-18,569.5930412517354,579.2171875469543,566.450446967174,574.7488403320312,4571121
2026-02-19,582.4088675722126,585.4532801092446,571.6062410227439,573.6194458007812,5544345
2026-02-20,575.7308551187822,580.8866538213384,572.0481417598133,578.7752075195312,5062307
2026-02-23,596.1085338070836,596.4522297434946,575.190733982742,580.248291015625,7862513
2026-02-24,582.3597293833789,590.1670935612563,577.9404734268439,586.6316528320312,4411001
2026-02-25,596.599576387119,610.1519498380368,592.0329877523544,607.9423217773438,10715612
2026-02-26,609.3662970226193,609.3662970226193,597.2379184712535,598.8582763671875,4592362
2026-02-27,603.9649916165108,606.5183155725496,590.216195059387,592.9659423828125,4662433
2026-03-02,595.1265173310587,613.5891761777516,594.1444603717665,606.5675048828125,10978219
2026-03-04,593.9480340611544,593.9480340611544,575.4853753055629,580.6411743164062,7458538
2026-03-05,584.0292531908524,596.9924163203982,581.377687560264,584.9622192382812,5319825
2026-03-06,584.3238560782947,586.0915465120449,574.6997104367691,576.320068359375,2899680
2026-03-09,561.7365684442935,568.5127852913868,556.3352552861753,564.6827392578125,6304945
2026-03-10,574.5033081271265,580.3956497489432,569.642114301128,579.364501953125,3581854
2026-03-11,579.4136012841897,591.1982847001393,574.9943450032085,577.056640625,4838138
2026-03-12,573.5212414906732,575.1416593852675,558.643055171209,572.5391845703125,4378868
2026-03-13,567.6288963059218,570.7223995610965,535.7611374578407,542.0463256835938,6884706
2026-03-16,538.1671863734906,541.997232296308,520.0973152637833,524.2710571289062,7774885
2026-03-17,529.3286588307211,538.167170759249,524.5657069341237,536.5467529296875,4636685
2026-03-18,529.1322767237426,531.0963906387825,519.8518264871792,527.9537963867188,6387274
2026-03-19,514.5978376443119,515.5308037272774,494.6129728792017,497.068115234375,10748632
2026-03-20,502.76404658790756,517.0529626269199,501.53647545156633,505.5137939453125,10046753
2026-03-23,490.3901329769149,490.5374355221109,475.31555313854193,478.9000549316406,9206594
2026-03-24,490.0464011482788,492.5506342964078,476.05209009344316,488.1313781738281,8285874
2026-03-25,501.8310952008118,512.0445113296262,501.5855809663691,508.410888671875,8498265
2026-03-27,497.8537563726033,510.66958690204973,495.9387334337214,500.5544128417969,6322713
2026-03-30,498.0992673444981,506.446750922042,488.47509182603704,493.1398620605469,6642010
2026-04-01,510.66956885753524,521.423103497438,507.28146069153934,515.0397338867188,6207649
2026-04-02,500.84902239608584,509.09832438802005,494.3183499608032,506.495849609375,4387980
2026-04-06,506.49584881450477,518.0350174496389,505.3173685403641,516.6110229492188,4964299
2026-04-07,513.6157936892764,531.7838475769468,509.78574754236195,529.0831909179688,6126013
2026-04-08,550.2465036993507,558.1520502537087,542.8319856258845,549.3135375976562,6904276
2026-04-09,544.3050180843288,553.7818908190343,537.1360149491602,548.478759765625,3021130
2026-04-10,555.0585694178029,557.8083167376653,547.0056908853514,554.4692993164062,3922334
2026-04-13,540.1804040590118,554.8621671967303,540.1313132003569,552.4561157226562,2766771
2026-04-15,571.8517358885448,583.2927230497779,563.8970987657975,570.0840454101562,7750446
2026-04-16,578.4315142281448,592.1312199741791,574.6014683412977,581.8687133789062,7726706
2026-04-17,584.323867920455,584.323867920455,570.8696761164719,581.6723022460938,3006129
2026-04-20,581.6723047682345,583.3418135289602,568.7091413684803,579.7081909179688,4194322
2026-04-21,583.3418037200643,586.0424602187683,576.7620104443133,577.9404907226562,3423825
2026-04-22,584.3238707562526,596.9924290730175,575.6817817986134,593.89892578125,7130375
2026-04-23,594.1444496352219,594.1444496352219,580.1010473591165,581.4758911132812,4804398
2026-04-24,583.3418037200643,587.7610598088526,562.5221852693286,577.9404907226562,13298013
2026-04-27,595.3229214561462,621.9366402161859,583.6855109009275,616.7317504882812,20875698
2026-04-28,617.7137849307651,620.2671088733995,602.2954797417913,605.0452270507812,6908389
2026-04-29,605.0452494357202,610.7412275707862,595.2246801545691,602.0499877929688,7983106
2026-04-30,602.5999755859375,603.4000244140625,583.3499755859375,595.9500122070312,6646054
2026-05-01,595.9500122070312,595.9500122070312,595.9500122070312,595.9500122070312,0
2026-05-04,600.1500244140625,612.0,597.7999877929688,605.5499877929688,5258525
