time,open,high,low,close,volume
2017-09-27,618.5084016664516,659.2610149773569,606.681647421511,647.1017456054688,34610637
2017-09-28,637.5547366916012,655.4136666344493,627.0103268461171,651.56640625,4535542
2017-09-29,650.71157461458,653.2764347528513,643.7295101081505,646.15185546875,1367676
2017-10-03,643.2068437579734,653.9887393344333,640.3570127125593,650.2364501953125,1752630
2017-10-04,647.386659811963,652.4688356368429,645.7242582643901,647.57666015625,545357
2017-10-05,642.2568854754387,646.864147015429,631.855048780116,632.8524780273438,486144
2017-10-06,631.7125154383042,646.436641737994,629.8126281738281,645.961669921875,568793
2017-10-09,636.4624427430097,651.6615458532906,636.4624427430097,649.7141723632812,647645
2017-10-10,645.9619000858645,655.4613397930095,645.9619000858645,652.0890502929688,750266
2017-10-11,649.3814395759508,655.3661308040333,649.3814395759508,653.0387573242188,351011
2017-10-12,648.0517057737273,666.8605823992503,648.0517057737273,665.2931518554688,938808
2017-10-13,658.5010500235109,665.9106000255188,658.5010500235109,660.2584228515625,239411
2017-10-16,656.933629452771,662.585806711754,640.4996131546956,661.3034057617188,237478
2017-10-17,660.2109853423849,683.8646107430434,655.6512663921297,682.2971801757812,962237
2017-10-18,675.6474906337381,684.7194418293827,668.5703981165201,679.447265625,338460
2017-10-19,674.0801115552449,686.8093819366534,672.6077102300745,686.0494384765625,154703
2017-10-23,674.4600788146973,679.2097976795897,655.4612033551284,658.406005859375,450439
2017-10-24,658.4535133254097,669.7103232259456,650.9964203284619,661.350830078125,643340
2017-10-25,661.3507930880743,664.9130818421612,641.7344331569183,649.0964965820312,1108214
2017-10-26,645.815715520875,656.1815045346193,645.815715520875,651.3790283203125,221326
2017-10-27,648.5734094081547,651.4263716196276,645.7679849581402,649.4293212890625,342918
2017-10-30,646.5764707094248,652.3774716568334,642.6298490847015,646.8617553710938,287901
2017-10-31,642.0592388093273,655.2303925687488,641.4410737120771,643.8185424804688,949376
2017-11-01,643.8185336675351,652.3774211165866,643.7234581355693,647.2420654296875,200249
2017-11-02,642.0593043255036,655.2304594289188,641.9166329673733,647.62255859375,234604
2017-11-03,647.6226607637664,655.7060566763831,638.1127832195114,641.5363159179688,302434
2017-11-06,638.1126508316069,650.7132359635275,638.1126508316069,647.7651977539062,186130
2017-11-07,646.6715024670208,649.4769272114575,645.9107240728525,646.956787109375,171495
2017-11-08,641.0606813987145,649.0490000008092,641.0606813987145,645.5303344726562,105538
2017-11-09,642.2018780623956,647.6225186821262,634.926858163316,645.5303344726562,120713
2017-11-10,637.1616274307411,647.5749522042015,637.1616274307411,646.956787109375,114509
2017-11-13,647.1470917409716,653.3285114269618,643.057856480514,651.8544921875,274626
2017-11-14,642.8675060216609,656.1813301108668,642.8675060216609,652.3773803710938,208105
2017-11-15,643.9136429394447,654.2794303883575,643.9136429394447,652.7578735351562,439900
2017-11-16,649.0489900899258,652.3299086815325,637.1616459490847,644.5317993164062,164254
2017-11-17,647.6225506037192,655.2304513450258,643.1053595385685,651.9970703125,212775
2017-11-20,649.5245048468261,658.083392904837,646.9092890513227,655.6583862304688,189081
2017-11-21,650.9509844161934,673.2041165238587,650.9509844161934,664.787841796875,337085
2017-11-22,661.8871897745112,666.6421264826613,656.1812657247309,661.7921142578125,68032
2017-11-23,659.9854205209076,673.2992474478423,652.3299816466559,666.642333984375,91465
2017-11-24,659.0343883991178,667.5932765601452,659.0343883991178,665.786376953125,163475
2017-11-27,658.6540612507952,668.5443566000472,658.6540612507952,666.261962890625,66789
2017-11-28,660.9838398138594,678.5295705201357,660.9838398138594,671.4447021484375,229161
2017-11-29,666.1667921554099,690.4645129372112,662.9334112029958,683.7125244140625,405626
2017-11-30,676.3424363881475,682.2385714974914,671.4923644888585,679.3380126953125,73339
2017-12-01,675.2011150540865,688.039446114974,675.2011150540865,684.6634521484375,143549
2017-12-04,677.1031145670743,688.9904585728165,677.1031145670743,685.4242553710938,120194
2017-12-05,680.241416725575,694.1734082431963,673.3942944164245,691.7008056640625,157420
2017-12-06,689.466003507306,693.2699538714842,680.0987989529875,691.03515625,101857
2017-12-07,690.4169105775836,708.4856727001375,683.2845044765755,699.1184692382812,174841
2017-12-08,695.171872847928,731.3093983858503,695.171872847928,728.2186889648438,727030
2017-12-11,724.6524759465058,732.2603759564429,713.2406259316002,727.2201538085938,157528
2017-12-12,724.6525463753965,752.1836488208348,724.6525463753965,745.8595581054688,261948
2017-12-13,751.2800878288917,751.2800878288917,730.9765289259199,737.1103515625,140986
2017-12-14,734.1623278288731,742.7212150704014,734.1623278288731,739.0599365234375,305401
2017-12-15,739.8683253698713,755.7498293098104,739.0124133441329,752.0409545898438,179103
2017-12-18,742.5311260865769,762.6920753479004,713.2882566140732,760.7901000976562,325541
2017-12-19,756.0351510537744,770.2999652246002,747.0007687455845,757.2714233398438,105430
2017-12-20,751.7556832159764,758.5552676415356,733.5918436258247,738.2516479492188,110134
2017-12-21,739.8683812149351,746.5252946705964,727.5055419401353,737.2056274414062,160212
2017-12-22,737.0153246260119,749.378162329416,730.3584120164867,739.2501220703125,1273767
2017-12-26,735.256103456657,750.8998034097823,735.256103456657,747.856689453125,209738
2017-12-27,747.47623640625,751.28018671875,737.5384046061087,742.9590454101562,124036
2017-12-28,738.1565825893285,756.0351377603345,738.1565825893285,753.419921875,73414
2017-12-29,753.1822016289894,756.7959430078675,728.0285672512048,737.4909057617188,101722
2018-01-01,737.015255796767,758.8879666139613,737.015255796767,756.510498046875,161859
2018-01-02,748.5222849436643,765.5449854779735,737.0153586899745,760.8375854492188,221601
2018-01-03,756.9862039800596,764.5941055275979,747.6665361930617,761.075439453125,61608
2018-01-04,760.8376076014383,769.82445191005,754.7513218689975,767.8749389648438,76967
2018-01-05,762.7871243101582,784.5172256131204,762.5018396412993,781.7593383789062,93994
2018-01-08,781.7117544157544,808.3394054177509,775.1023794333099,806.389892578125,391458
2018-01-09,797.8785855630408,797.8785855630408,737.9663675767815,747.0958251953125,600903
2018-01-10,738.9172376617981,755.8448024113402,738.9172376617981,739.8682250976562,156240
2018-01-11,741.7702612775822,758.8880365378342,739.5354638360735,751.5178833007812,118785
2018-01-12,754.9414851031356,759.6964231161143,742.0556146966992,751.5654907226562,130779
2018-01-15,749.8061460075685,760.837578378946,732.355489624869,750.0914306640625,139302
2018-01-16,760.7900892511238,803.3943226404513,751.2802131354848,771.441162109375,1216523
2018-01-17,775.2927245202362,829.2612766410867,775.2927245202362,808.3870849609375,1536781
2018-01-18,807.3883288190714,822.0810962349361,789.4146431579294,802.1578979492188,504528
2018-01-19,794.312370634006,796.4520926740258,775.0548722738281,787.0372924804688,110733
2018-01-22,781.7592942293182,815.804636490789,776.0058312314958,811.762939453125,269449
2018-01-23,807.3884905806777,810.3841248056038,785.5157752881506,790.6986694335938,231215
2018-01-24,789.319647520068,801.6824853727919,784.5647098844049,795.6437377929688,86293
2018-01-25,785.0402888744657,798.7345339693354,775.0549187555293,788.22607421875,59682
2018-01-29,782.2824074292137,808.3394919154905,776.100987785154,783.5187377929688,119794
2018-01-30,783.613752834861,785.0402341810409,752.2311632189017,763.6905517578125,242129
2018-01-31,756.1302050768109,765.5450053790672,744.7183540649489,748.3321533203125,255762
2018-02-01,749.3782832432382,797.8786543668488,749.3782832432382,792.7908935546875,1190501
2018-02-02,773.2005921580294,797.308166871687,749.3783602093503,779.6672973632812,561787
2018-02-05,760.7901242918796,783.0432586448892,732.2604946309341,775.7206420898438,115787
2018-02-06,713.2407342913973,779.8098694919278,712.5750313306561,767.4945678710938,124842
2018-02-07,768.445626849032,781.2364234800535,766.4010380471454,778.5736694335938,61961
2018-02-08,778.9063502987854,786.4667130181542,766.4959742353474,769.9671020507812,106731
2018-02-09,760.7900751044314,779.8098269820422,756.0826749059875,776.1009521484375,186837
2018-02-12,773.676042340336,786.3717631357185,773.676042340336,782.900634765625,614870
2018-02-14,772.3921341870413,782.2823703221928,767.7322717666236,775.1499633789062,268375
2018-02-15,777.9078655984964,779.8098408200086,756.0351505511059,763.8807983398438,399369
2018-02-16,763.8808636931195,779.3344136900236,763.8808636931195,775.2451782226562,281637
2018-02-19,765.2596487605728,780.2852395713727,765.2596487605728,779.14404296875,108433
2018-02-20,776.0057862428147,784.9450918018051,770.3473991093936,779.7146606445312,74057
2018-02-21,776.0059515365041,782.1398337180474,770.3000254222651,774.9122924804688,69462
2018-02-22,770.4901024384579,779.8097685514358,760.8850936337553,769.4915771484375,82208
2018-02-23,770.2999461043291,785.9437035320967,770.2999461043291,780.4755249023438,170633
2018-02-26,773.2004614025512,783.6137872963535,766.0205165864232,778.6686401367188,127924
2018-02-27,772.2019698199105,779.8098710004022,771.2509821723489,776.0059204101562,108531
2018-02-28,776.0058577777935,778.3833267048088,746.5252430828039,755.8449096679688,250592
2018-03-01,761.0276447249555,770.1571002820729,746.5250872965825,749.0452270507812,113061
2018-03-05,746.5252499149683,755.987587939823,735.1133989608542,742.3408813476562,255494
2018-03-06,743.006703741117,756.9386972387334,743.006703741117,755.5597534179688,329751
2018-03-07,748.855092521938,755.1315865868721,748.2369274509007,751.32763671875,284060
2018-03-08,751.5655329322568,764.8318223422668,751.5655329322568,761.5509033203125,452558
2018-03-09,763.6431812342391,781.711948909769,760.4097995906168,773.0579833984375,359829
2018-03-12,765.7352495516963,781.2838740495347,764.2612303372681,776.86181640625,555337
2018-03-13,780.5705481205842,795.1682414407508,769.2062355996113,787.1323852539062,749989
2018-03-14,779.2391802662793,784.5646870457275,763.6429620578415,766.8763427734375,256334
2018-03-15,760.7900712581751,773.6284037106568,756.1302088542483,760.6473999023438,98117
2018-03-16,766.7811325600652,770.299797565083,725.413180468607,733.4490356445312,1956405
2018-03-19,733.2114557245194,756.03515862645,728.3138462593422,732.7359619140625,134624
2018-03-20,732.165300162023,740.7241876701422,711.0058282669504,720.6107788085938,510135
2018-03-21,720.8961413694816,722.8456543483134,694.3160262375733,695.5047607421875,920575
2018-03-22,698.6429912045157,703.5405420111089,682.8090260868441,691.6531982421875,353510
2018-03-23,684.7109932123868,709.4366679672786,672.5383649417896,704.8244018554688,165426
2018-03-26,704.0160050874694,729.8828756103416,704.0160050874694,725.1754760742188,220976
2018-03-27,722.7981047619392,759.8390829289768,722.7505669912671,754.6561889648438,192715
2018-03-28,754.6562436319379,759.8391379715184,749.3782737441259,754.9415283203125,199358
2018-04-02,750.3292091231266,756.0351346677892,737.5384144184394,745.5267333984375,140932
2018-04-03,732.2605112859986,755.6072471474848,728.3614850277926,751.2327270507812,99682
2018-04-04,741.7703023341884,754.5610967203527,737.5383960518802,742.9114990234375,120689
2018-04-05,743.6723189066659,752.7067012974757,743.6723189066659,750.3767700195312,165785
2018-04-06,751.2803202312012,765.2598517227215,743.9577029695777,758.4602661132812,216310
2018-04-09,752.2312431780673,758.8881568345104,703.7308722525535,730.0732421875,323739
2018-04-10,740.5339940012625,751.2801413767783,732.3079287294784,743.6722412109375,107713
2018-04-11,742.7213243754449,746.5252748203895,732.3079984236734,733.639404296875,65768
2018-04-12,732.2604709916175,739.5830873102692,725.6035576189663,728.028564453125,227585
2018-04-13,722.7506490413466,749.3783045323436,722.7506490413466,741.865478515625,87476
2018-04-16,732.260478315176,750.2341678185654,732.260478315176,741.2948608398438,56132
2018-04-17,741.6752301183924,745.574255943484,725.6035169449979,728.1236572265625,123909
2018-04-18,728.4564605890433,741.6752107023191,728.4564605890433,735.5888671875,88243
2018-04-19,732.7359217153088,741.817841388055,728.4564776559722,735.6839599609375,137570
2018-04-20,740.6290922704528,740.6290922704528,724.795184390457,732.4506225585938,181761
2018-04-23,732.2128895013326,732.260427270992,719.4220951045525,723.0833740234375,148848
2018-04-24,734.0673166548721,737.0628926258278,722.8456170750161,735.3035888671875,141005
2018-04-25,737.0153271931515,738.4418084715899,724.6524894466858,736.1118774414062,224505
2018-04-26,740.6290203878925,741.5800078455154,714.1915806747127,717.6151123046875,346044
2018-04-27,713.2404742965352,725.6033091843419,703.6830635496934,716.0458984375,153180
2018-04-30,716.0460815158734,729.4074448751916,714.0489728510282,722.6554565429688,305316
2018-05-02,715.3328914302317,725.3182613293619,699.0709684825848,707.4872436523438,413463
2018-05-03,703.7308176404292,713.193155783654,698.0248920919933,702.0665893554688,58750
2018-05-04,703.730781577311,711.3386819186873,677.1031303824938,684.568359375,99620
2018-05-07,688.0395250710669,701.8288452003419,686.3277590085818,697.3591918945312,92582
2018-05-08,698.9759941624185,718.8991990741525,694.7916248574413,715.903564453125,187341
2018-05-09,709.4367228395603,717.9005353777701,702.3043161085996,711.7191162109375,92821
2018-05-10,713.4782950257465,722.7504221520392,708.8184335601953,713.2880859375,137555
2018-05-11,709.4842106935985,722.37007967222,709.4842106935985,717.1396484375,83363
2018-05-14,717.9955616418864,718.5661309237362,711.3386491498425,713.0504150390625,42616
2018-05-15,704.7767381584847,712.432233155117,689.7036111022913,692.8418579101562,57951
2018-05-16,694.8390883719295,703.4455142361952,690.4169729721997,697.8822021484375,39390
2018-05-17,696.1229923003152,701.3058868435281,690.5121416858861,694.2685546875,43438
2018-05-18,695.9327594739937,702.779882249436,689.4660549808405,696.0278930664062,303556
2018-05-21,689.4659400999607,699.8792648729633,689.4659400999607,699.2135620117188,58719
2018-05-22,695.647474784117,701.8288945873935,690.4645804172491,696.0278930664062,60260
2018-05-23,690.7497389643606,700.402285188844,690.7497389643606,697.2640380859375,123476
2018-05-24,694.6963740801159,715.2376810202526,694.6963740801159,712.76513671875,160188
2018-05-25,707.5347179921594,713.8112124342983,698.0248427503293,712.194580078125,100093
2018-05-28,707.5346022746503,717.9954633297863,687.5638675330272,703.1124877929688,304865
2018-05-29,700.212187035106,704.3014222743514,687.1361069979571,700.3548583984375,196068
2018-05-30,699.4514055949824,717.6152462073737,695.1719612371613,705.062255859375,241201
2018-05-31,696.3605916097698,736.730022288268,685.1864885692579,717.4249877929688,300052
2018-06-01,709.4367416128928,709.4367416128928,685.6620518805572,688.5150146484375,153948
2018-06-04,693.0797856828001,697.0739454098461,680.9071554071621,690.9400634765625,89448
2018-06-05,689.4659498344557,703.7307625896514,681.192346827708,700.2120971679688,58852
2018-06-06,694.648867423077,700.8778242660966,687.7066699176429,691.5106201171875,29429
2018-06-07,693.5552765104948,702.7798682573858,688.0870975626193,694.0783081054688,55894
2018-06-08,690.4170553459568,698.9759444618157,688.515079986877,693.88818359375,25366
2018-06-11,693.2699717267467,698.9758974199709,690.7022935560602,697.1214599609375,29888
2018-06-12,693.2699884592024,699.5464836557646,693.2699884592024,694.3636474609375,31205
2018-06-13,695.1719266759462,698.2626363362702,685.6620507980263,689.1331787109375,988721
2018-06-14,684.7586329573239,692.794490058155,673.2992435980422,687.42138671875,1047318
2018-06-15,687.4212772788247,691.2252272020247,673.3466741717183,686.8507080078125,165408
2018-06-18,681.8580834390085,687.5640088234354,677.1031456186528,680.8595581054688,86041
2018-06-19,676.1522156970248,690.2743590099338,675.2012280518812,682.4287109375,264191
2018-06-20,682.3335545895786,705.537673600756,679.9560857582561,698.6905517578125,241185
2018-06-21,702.779902908429,702.779902908429,694.3160892499751,698.9759521484375,63628
2018-06-22,698.9759142789926,698.9759142789926,688.7052593922003,692.7944946289062,38435
2018-06-25,685.8522601752976,693.0797426276912,675.2011875793945,680.9546508789062,103517
2018-06-26,673.2991364064122,698.9282606227066,673.2991364064122,686.8507080078125,69680
2018-06-27,684.7111268958847,688.7052867448471,671.3972994284647,675.2963256835938,25085
2018-06-28,673.4893724518234,675.2011383770026,656.8470908721087,662.7432250976562,94157
2018-06-29,658.6539643251388,676.1521587392358,650.0000007007984,662.6005859375,106403
2018-07-02,659.5099175874534,676.5326192833896,654.2794856527296,673.2041625976562,193616
2018-07-03,670.4462334124718,690.607181401837,655.75346392257,685.2816162109375,53274
2018-07-04,687.0948946477583,688.0491931125468,674.689014605507,686.5223388671875,63088
2018-07-05,682.3232544631414,682.3709577268922,668.0087805932853,671.25341796875,46243
2018-07-06,668.0088048544286,699.3097772041727,663.7621658029906,684.5658569335938,136471
2018-07-09,681.369082093521,689.1943409039699,668.1043105583847,670.0606689453125,47187
2018-07-10,669.4402498541191,675.0706330585317,663.3804790161754,669.7742309570312,53366
2018-07-11,666.1003024587463,672.3986487825478,663.2374071759724,667.7703247070312,43770
2018-07-12,665.1459727997071,682.3233436897999,665.1459727997071,678.697021484375,56607
2018-07-13,674.6889738284679,709.9980148916267,674.6889738284679,685.4725341796875,294880
2018-07-16,689.0034121309706,690.578027714611,672.7803401001859,682.4664916992188,36162
2018-07-17,678.506194231837,719.2547494726889,673.7347020079843,704.9879760742188,320964
2018-07-18,703.1747175421383,724.3124493423252,698.0692446560091,716.3917846679688,489674
2018-07-19,709.0436916211125,743.398433072472,709.0436916211125,728.2728271484375,1500165
2018-07-20,727.175361880107,761.5301033862537,718.1572305855933,743.064453125,700202
2018-07-23,730.038291854291,761.482436466316,730.038291854291,747.2633666992188,655129
2018-07-24,736.2411993989011,762.3412367662651,736.2411993989011,756.6632080078125,331356
2018-07-25,756.2815604043741,762.4845006474384,746.309129441373,755.4226684570312,330842
2018-07-26,747.3110693234554,763.4387359180249,744.3527675200743,746.4999389648438,250885
2018-07-27,749.0288932323278,752.0826017431109,744.3528074258373,745.5933837890625,71116
2018-07-30,740.5355190556285,747.0724394500236,721.4972553379738,726.936767578125,92235
2018-07-31,726.2210428527692,755.8042916417781,723.9307035191915,742.1578369140625,167653
2018-08-01,746.1658731109394,746.1658731109394,725.2667167893682,736.6705932617188,190171
2018-08-02,732.9011814584998,762.4844322725799,714.8649181477434,750.8419799804688,81711
2018-08-03,751.0327403057929,757.7128282119436,744.4480589285754,750.3170166015625,30915
2018-08-06,751.9871097625219,756.8540081137003,739.6766375861299,745.1161499023438,129376
2018-08-07,735.7640047059566,747.215584545738,723.5012945924894,731.1356811523438,107308
2018-08-08,730.0382529789612,742.3964285184087,728.1296562391469,734.9051513671875,147761
2018-08-09,744.3527569821064,749.124249014043,737.8158361966542,744.3050537109375,114753
2018-08-10,740.5355405445246,758.6672097073415,740.5355405445246,754.7068481445312,200441
2018-08-13,745.3069922127261,749.9830773059576,733.1873918297717,738.865478515625,113838
2018-08-14,744.3050629541763,749.1242583171295,736.7183788800305,744.9730834960938,361138
2018-08-16,744.3528046949216,757.8083897891812,735.0960979104618,753.4186401367188,200207
2018-08-17,746.2613335798754,777.753180137594,744.4959048741824,764.8224487304688,528688
2018-08-20,768.2101851389592,770.5482277863582,757.7606063751862,765.3472900390625,244382
2018-08-21,763.4387534966655,765.2996471074646,754.9454740657134,757.1881103515625,46796
2018-08-23,749.4105278201827,749.6968056933049,718.5867009046324,720.9247436523438,180248
2018-08-24,711.9541736596448,743.016568996357,692.3433569352312,711.4293212890625,127932
2018-08-27,715.7237364382112,748.1698791567434,707.1350516009526,742.87353515625,102730
2018-08-28,737.6726506171498,750.5556787973975,720.4952797101527,726.9844970703125,115049
2018-08-29,732.7578719925361,760.7188567046746,732.7101687302245,756.9970703125,115631
2018-08-30,757.7128769592669,763.247795645588,742.4918068875728,758.6671752929688,219997
2018-08-31,758.6673241453506,786.2942779756444,747.6928911545688,759.4784545898438,259691
2018-09-03,765.1564219593404,784.4332606961576,758.9057792805588,765.6812744140625,135424
2018-09-04,760.5757542864936,779.4231459391389,753.8956661058093,767.8761596679688,93712
2018-09-05,763.4385810301089,807.3362994393402,763.3908777679428,791.78125,665235
2018-09-06,795.7417283802993,816.879462057783,795.7417283802993,814.0642700195312,977868
2018-09-07,815.6389450028045,848.1805007700908,794.0240605363015,835.4883422851562,1026914
2018-09-10,835.4881730742395,889.7877703850158,835.4881730742395,872.371826171875,2041503
2018-09-11,867.3618461311811,870.415554439481,849.5164542565109,857.6279907226562,1382106
2018-09-12,862.6857413160556,873.5647662194478,841.6911768150011,855.5285034179688,129734
2018-09-14,856.0056241901117,888.4517682508294,856.0056241901117,879.29052734375,440605
2018-09-17,877.9543904049295,887.4019663825841,838.8281621368837,846.939697265625,188808
2018-09-18,842.6454333632179,847.2737570092127,823.3685952656684,834.2476196289062,370166
2018-09-19,827.4722048169659,837.8740817497478,817.976981352741,826.2316284179688,216730
2018-09-21,820.6965864611017,861.7314157841568,788.7275915233728,848.0849609375,418340
2018-09-24,850.2798207126543,858.868505770358,769.1644618343428,776.9420166015625,425046
2018-09-25,769.4983997513207,815.9250346715743,758.6671375016392,795.02587890625,3144085
2018-09-26,797.0776307719175,828.330899143998,791.1132665787723,817.8336181640625,588616
2018-09-27,808.2906504283801,822.6051247570999,798.2228151329962,806.3343505859375,962402
2018-09-28,806.3344616108918,814.3505333912684,764.3930344036389,771.4071044921875,1904287
2018-10-01,763.4387115182323,772.9816954122101,716.6780904377405,752.6551513671875,448825
2018-10-03,746.5953328332378,777.7054957411775,609.6058086318324,713.9583740234375,602910
2018-10-04,705.0355611567021,744.0663843030771,704.3198374431066,742.3963623046875,863188
2018-10-05,740.058354342743,749.1241884707327,725.2667302391808,735.71630859375,222379
2018-10-08,735.7640637963392,739.5812573828313,720.7338640495268,724.9328002929688,309688
2018-10-09,730.7540368650172,730.7540368650172,663.8099774112063,701.0753784179688,629970
2018-10-10,705.8468072270426,752.9414081251647,702.5067629577928,745.1161499023438,340870
2018-10-11,721.4495413753009,762.1980919354628,713.6242833779006,740.7263793945312,737437
2018-10-12,746.2613852779532,746.2613852779532,735.7641023648363,743.493896484375,647473
2018-10-15,741.4897695423181,748.1698575562128,726.22099693913,744.6866455078125,85367
2018-10-16,749.1242132742125,756.1382829282254,735.7640362221883,750.2216796875,259641
2018-10-17,758.667258695107,770.0711366856497,745.1639124904709,757.6175537109375,944382
2018-10-19,749.1242348728838,782.1429358122925,746.5476175751261,772.122802734375,215030
2018-10-22,777.7532627374553,777.7532627374553,722.6425254085129,768.4488525390625,331754
2018-10-23,750.0784696715372,757.7128561312984,747.3109812815752,755.0408325195312,98698
2018-10-24,753.8957344156132,770.1188071815187,745.4024553751618,757.2357788085938,107421
2018-10-25,757.7128572298374,768.210138627228,749.2195789827409,762.4366455078125,492046
2018-10-26,758.6671570013627,770.0710334632997,754.277408070471,763.9635009765625,160048
2018-10-29,765.8303168459477,773.9194112532763,752.4282863011435,766.1653442382812,527353
2018-10-30,761.0438753996867,772.722799387061,753.0505448595425,766.3568115234375,276803
2018-10-31,758.2197451884008,774.3500787155322,758.2197451884008,771.0474243164062,155284
2018-11-01,771.5740841605752,825.1822091146598,771.5740841605752,814.4127197265625,538171
2018-11-02,818.2896815957929,827.8147078440827,796.4635292584871,803.6431884765625,127934
2018-11-05,804.121811182668,821.3529928508681,791.7727742825055,809.9133911132812,59396
2018-11-06,821.3529553406532,828.0539701278148,808.9082135930677,812.8809814453125,37092
2018-11-07,815.6092747882057,827.5275205948736,787.129960322303,813.9340209960938,25250
2018-11-09,813.7902479175947,823.3631248884085,801.6327409072246,811.8278198242188,139624
2018-11-12,809.6740619625858,819.4384098402503,783.7315842746767,791.7249145507812,76593
2018-11-13,798.3303017803811,798.3303017803811,768.7979333108673,776.599853515625,221908
2018-11-14,781.1468232460546,796.4634276234283,775.8338877882949,792.7778930664062,232907
2018-11-15,794.5010480723554,794.5489007783261,783.6357961192424,793.7352294921875,104076
2018-11-16,785.9333895406841,794.548980899839,776.3605102527342,787.4650268554688,113554
2018-11-19,780.2374155397764,808.6210223933424,780.2374155397764,800.0054321289062,101893
2018-11-20,800.29263487996,803.8824642828307,786.9384578156387,793.1129760742188,80221
2018-11-21,803.7388078751593,803.7388078751593,777.6048628039791,782.0562744140625,47397
2018-11-22,790.6720539728457,790.6720539728457,766.9791754128744,772.4835815429688,171376
2018-11-26,775.403285358951,780.1418726773448,758.2199539545495,773.3450927734375,315814
2018-11-27,766.787547078233,773.9193530531799,751.4709418931498,761.2831420898438,134560
2018-11-28,756.353027722525,764.7292955330183,752.6196405553438,761.0916137695312,68521
2018-11-29,770.1380388725665,775.4031217983579,760.6130135302656,767.2183227539062,291937
2018-11-30,778.1793632999991,804.1218422193607,778.1793632999991,798.1866455078125,311868
2018-12-03,790.9111030956553,840.4985938731454,767.8404346533767,821.6400146484375,267328
2018-12-04,820.4913337033905,862.8992291432022,814.1732577202315,848.7313232421875,608195
2018-12-05,839.5413963388227,861.2718409741697,834.0848442208759,852.5126342773438,297123
2018-12-06,842.4610926667132,872.950743283689,842.4132399637206,863.6171875,471755
2018-12-07,857.9691820949499,864.4308746797655,832.9360830061954,843.4183959960938,140792
2018-12-10,816.7579317861876,832.8403545329055,810.5355613212865,821.73583984375,172718
2018-12-11,797.0857650199875,860.6017915596984,795.2668947032474,857.1555786132812,250592
2018-12-12,851.9863192326803,887.4059752007806,850.2632125198768,880.4656372070312,504183
2018-12-13,871.1798441355596,885.4913099660598,844.3279301514214,849.9759521484375,335725
2018-12-14,854.5708602525438,875.9183672439954,850.0715957515496,868.7387084960938,208631
2018-12-17,848.157026611042,874.1474148496972,848.157026611042,858.878662109375,164735
2018-12-18,861.5590374559877,885.4912329408762,852.4169504664026,874.4345703125,263642
2018-12-19,861.5590904498922,873.5730416366338,824.3205686136052,832.8404541015625,325180
2018-12-20,837.6268854452426,844.3279005288044,799.6703980649237,828.77197265625,445318
2018-12-21,834.7550054384433,839.349975434113,806.5628665622476,825.3735961914062,1596043
2018-12-24,825.1820503155272,825.1820503155272,795.0753385342668,802.9251098632812,506672
2018-12-26,802.2071519570159,806.7064161655669,776.695409493066,792.8735961914062,160655
2018-12-27,808.9081327264889,860.5059648006801,792.5863885979448,837.9617919921875,390858
2018-12-28,828.0540132237454,828.0540132237454,808.8604029843756,814.3169555664062,209968
2018-12-31,817.0930655000873,831.7395585077153,807.9509778510414,827.5275268554688,331390
2019-01-01,817.5238680485973,841.408212881562,817.5238680485973,835.95166015625,100438
2019-01-02,832.8405082960612,846.7211834343289,823.2676288903593,838.0577392578125,170450
2019-01-03,837.6269781854505,846.2425699610724,823.2676585594143,831.117431640625,124566
2019-01-04,825.2778353290579,836.6695841597264,814.1733195970793,829.8728637695312,234451
2019-01-07,830.9258134241798,849.0664289858452,823.2675109963071,828.4847412109375,116260
2019-01-08,831.883116829918,840.4030018120039,824.2248142584112,827.2881469726562,162872
2019-01-09,828.0539655441646,835.2336242049521,819.4383751512195,827.2881469726562,205960
2019-01-10,824.224853948167,854.8580657093067,824.224853948167,852.369140625,635230
2019-01-11,851.9862688140007,859.6445723539018,842.4133893891243,847.1998291015625,243399
2019-01-14,841.455954677352,845.4765750201552,820.4434763191643,825.51708984375,194925
2019-01-15,841.456148378901,841.456148378901,830.9259804242163,834.4201049804688,152253
2019-01-16,825.4215327536306,835.7123781895268,817.1409686362496,823.5548095703125,147195
2019-01-17,821.3529284122233,842.4132599099727,821.0179010551341,838.4884033203125,239981
2019-01-18,837.6269416427682,842.3176758872552,822.59750940422,824.6078491210938,279353
2019-01-21,825.1820216160348,829.3461998619563,808.9081302384564,814.60400390625,208776
2019-01-22,816.5187436888596,821.6880634039758,806.8980117709715,811.4451293945312,207436
2019-01-23,809.8655278717803,821.3529821678338,788.9488115456681,796.7028198242188,88430
2019-01-24,799.3353445054621,818.2417793006512,793.208678972698,812.1630249023438,80295
2019-01-25,819.4383618419724,830.9258155126543,812.6416417914367,818.911865234375,482398
2019-01-28,811.9715680556803,813.4553525411925,772.4834441459137,782.9178466796875,209562
2019-01-29,782.9177985344879,808.9081854990246,779.280116604868,796.17626953125,214611
2019-01-30,794.5489328582605,828.0540083402353,791.2462780179657,819.2469482421875,150045
2019-01-31,813.7905141166735,863.4737852183772,806.0365046051813,842.6527709960938,282225
2019-02-01,837.6268884247353,852.943494384502,828.5326536361239,842.509033203125,120799
2019-02-04,834.8028946371322,855.7675228458348,827.2403553463181,845.8595581054688,131064
2019-02-05,845.2852571873625,856.7727125511772,837.3397789130345,846.81689453125,96369
2019-02-06,834.8985900379624,869.121629375615,834.8985900379624,860.6495971679688,384830
2019-02-07,854.8580833594871,870.1746895562976,842.4133408245785,850.9810791015625,344093
2019-02-08,847.2954509613885,856.7247713218719,841.8389569699222,844.280029296875,121279
2019-02-11,829.9686205435459,849.1143788029126,814.4126919578105,821.1615600585938,324646
2019-02-12,819.4383809558158,851.0288792870563,819.4383809558158,845.6680908203125,162584
2019-02-14,856.868342367061,875.8705414949383,852.9913382095128,871.3712768554688,336485
2019-02-15,869.2173690180825,875.9183839774731,854.0443799456052,872.2328491210938,154876
2019-02-18,861.6069750086656,875.8227355835234,860.123190428128,863.1865234375,56141
2019-02-19,861.559118464675,884.5340282903996,857.7299668270541,877.4022216796875,348234
2019-02-20,867.7815614746632,884.3426319881493,858.6873255849674,867.3029174804688,430775
2019-02-21,871.1320048514297,890.2777631998127,866.8720619332709,886.2092895507812,158878
2019-02-22,885.4913166327786,896.0214836413846,877.1150474213874,891.3307495117188,449760
2019-02-25,881.6621791528412,899.8506497325416,861.5591327226462,876.2534790039062,379072
2019-02-26,861.5590012724261,888.1715898483103,856.8204150797859,863.0427856445312,321165
2019-02-27,866.3454557074948,883.5766360420084,864.8138186045999,871.2276000976562,174892
2019-02-28,873.0464556741817,896.0213624024497,873.0464556741817,891.3785400390625,307215
2019-03-01,891.7613665874234,916.1243508210216,891.7613665874234,909.6626586914062,397200
2019-03-05,912.2953719931255,971.4557527410343,912.2953719931255,929.1436157226562,1116494
2019-03-06,931.153912953922,941.9234013771442,920.9587738753195,927.7076416015625,394493
2019-03-07,935.2702766076139,937.1848524041495,905.594351761313,911.0030517578125,330109
2019-03-08,914.2099191192913,942.9285553219916,910.9551169783659,936.1796875,236708
2019-03-11,938.1420952481112,955.3732765894031,931.4410802820532,937.8070678710938,457485
2019-03-12,944.8432511012405,954.320425623393,931.489071884834,941.0140991210938,317152
2019-03-13,943.8379070312756,943.8379070312756,911.3379749166218,928.4734497070312,184391
2019-03-14,933.3556330907909,938.1420722348462,901.6215181944191,906.6951904296875,136754
2019-03-15,897.361678588961,941.9234175437946,897.361678588961,926.6068115234375,458722
2019-03-18,926.6546422850851,942.92853579629,926.6546422850851,933.0206298828125,195847
2019-03-19,946.7576218028,949.6294851651948,928.5691538409666,933.1641235351562,152692
2019-03-20,933.3556514314125,944.7474001893993,928.8085341552082,937.9984741210938,82804
2019-03-22,941.9711773922293,961.1169330302828,932.2546830346334,957.2399291992188,414077
2019-03-25,957.0006339577571,957.2878086146993,934.8393978170424,950.3953247070312,216173
2019-03-26,962.074359523906,992.6596618229127,945.8004648851932,969.9719848632812,430639
2019-03-27,976.0028719303057,977.7738896116185,941.0140106855749,947.858642578125,353131
2019-03-28,954.7988507895657,967.8179411669172,947.7148978785837,962.3613891601562,386507
2019-04-01,1000.365786527239,1000.365786527239,964.9461366693369,971.934326171875,273501
2019-04-02,972.6043809489523,995.1963491036483,955.3732009715103,957.574951171875,633909
2019-04-03,958.2930477594963,989.8356959854897,957.096437875568,966.3342895507812,447490
2019-04-04,971.6471010402182,976.2899234226734,951.9748487589867,966.525634765625,285686
2019-04-05,971.647198651288,999.408547184182,965.6162966901301,991.750244140625,476665
2019-04-08,963.0316839431865,1017.5970974469258,963.0316839431865,1004.290771484375,515498
2019-04-09,997.6855006114647,1032.9137455334983,991.415334364586,1024.5374755859375,518122
2019-04-10,1024.01068304036,1050.144685960429,1019.55938838537,1042.8214111328125,406736
2019-04-11,1046.3157850170708,1063.068325033355,1014.7252809863633,1037.7958984375,861651
2019-04-12,1032.0042279373083,1064.934836954924,1024.968068655791,1049.4747314453125,625577
2019-04-15,1062.5896041921417,1062.5896041921417,1026.404073631132,1029.706787109375,270053
2019-04-16,1038.8967559489765,1046.698676174431,1017.5970988931233,1036.886474609375,301327
2019-04-18,1042.4864290166868,1053.0165949663503,1024.6808990549039,1048.660888671875,413555
2019-04-22,1038.657213429245,1043.3957410705266,992.7553123525187,1020.8516845703125,473385
2019-04-23,1033.4878643075854,1033.4878643075854,1015.682334964135,1023.3406372070312,322929
2019-04-24,1025.2551927067761,1036.1203854300045,1019.8464934822778,1024.7286376953125,613631
2019-04-25,1032.8179085380584,1043.4437805466512,1019.5115837451226,1029.946044921875,229248
2019-04-26,1020.6601803038378,1048.2301150026387,1020.6601803038378,1042.6300048828125,575343
2019-04-30,1036.838555347737,1053.2081559226178,1033.4880475224977,1046.6507568359375,594015
2019-05-02,1046.3156539208098,1068.1418643499278,1034.971815902378,1057.0372314453125,687532
2019-05-03,1058.760290810576,1071.2050320226354,1035.8332950893885,1041.7684326171875,344865
2019-05-06,1028.127264514735,1047.9909895973058,991.750322194847,1013.6243286132812,282400
2019-05-07,1015.20384108278,1021.7612399759124,1006.3968389446738,1011.709716796875,205161
2019-05-08,1010.8958925214288,1029.0843602845985,1001.5144255641741,1014.102783203125,1017198
2019-05-09,1019.9424303252466,1047.2730488640473,1018.2671763622557,1044.257568359375,615068
2019-05-10,1043.4437834239488,1052.0593742962565,1024.2980259299313,1038.8487548828125,264743
2019-05-13,1043.4438241997127,1070.6308242749187,966.8607912309265,1031.2384033203125,604550
2019-05-14,1029.5631139967277,1051.1020912769939,998.451257925232,1019.8466186523438,790715
2019-05-15,1020.7559981004571,1053.016549276638,1020.7559981004571,1042.8214111328125,949912
2019-05-16,1049.3311124608604,1050.9584550823836,1039.4710007475983,1044.736083984375,598187
2019-05-17,1050.1448533194405,1077.9062031337194,1041.529261997768,1072.1624755859375,768270
2019-05-20,1082.6926485090041,1123.8560294868,1081.735360579288,1095.185302734375,1976308
2019-05-21,1100.8811992247086,1108.683119790503,1082.3576998090427,1098.2486572265625,1254899
2019-05-22,1099.9238155724108,1105.6675430688726,1081.735345166949,1087.04833984375,623349
2019-05-23,1100.8811910667623,1109.3053721409815,1044.066172099084,1084.7987060546875,792641
2019-05-24,1053.9741146150072,1097.052075702814,1053.9741146150072,1082.214111328125,447198
2019-05-27,1088.244745298052,1100.6894858691476,1057.8029485431148,1069.67333984375,619017
2019-05-28,1079.8208296616585,1228.5834035022922,1045.9807233090642,1105.5718994140625,18101858
2019-05-29,1112.3684794384121,1145.873554120292,1077.1881510224382,1088.0533447265625,581899
2019-05-30,1096.764820383607,1105.236912711451,1091.308325498692,1097.77001953125,443801
2019-05-31,1100.881017708444,1145.8735462582674,1098.1048595968507,1126.2491455078125,727432
2019-06-03,1133.2853668126377,1190.8662629461542,1125.770679441059,1168.3699951171875,587792
2019-06-04,1172.4861495497491,1196.609755477609,1160.615757404127,1190.722412109375,654990
2019-06-06,1187.9462219372185,1210.7776289386213,1117.3941594072928,1122.7071533203125,1077181
2019-06-07,1130.0783491794953,1158.3183418104102,1124.8132658076297,1140.7999267578125,442931
2019-06-10,1147.8839079844786,1183.9737322573853,1130.5570202077884,1138.7896728515625,982236
2019-06-11,1143.9589410559274,1147.7880923230603,1088.7234807701059,1100.1151123046875,811509
2019-06-12,1095.1372236685565,1099.9236625831918,1055.8884245685472,1079.8685302734375,1160951
2019-06-13,1076.8530428464353,1120.026698182885,1053.925930492003,1104.0400390625,410908
2019-06-14,1110.9325718556174,1124.813245954632,1106.6247764455784,1114.5703125,206067
2019-06-17,1113.3257143887759,1113.3257143887759,1088.9148754232438,1101.455322265625,101295
2019-06-18,1100.8811352705563,1123.856045919681,1078.8635125651454,1084.6551513671875,303289
2019-06-19,1085.3270733723393,1123.4971695161576,1073.0838349865862,1105.9725341796875,196281
2019-06-20,1105.2524635531424,1118.6960208856742,1077.4050947928981,1116.7755126953125,293053
2019-06-21,1106.2128767562626,1148.4640630212589,1093.729571723423,1109.621826171875,467493
2019-06-24,1109.957831483951,1136.9409505317506,1096.6102749216716,1128.9228515625,169951
2019-06-25,1137.901036423477,1137.901036423477,1038.130618309396,1058.199951171875,19066644
2019-06-26,1059.976492128863,1081.2461444351231,1048.9816292882233,1073.083984375,1077289
2019-06-27,1076.4448614027533,1080.189875889696,1064.441684982116,1076.15673828125,395663
2019-06-28,1079.3737333657002,1080.2859279285408,1061.2249063327956,1068.330810546875,354333
2019-07-01,1072.2676585185807,1073.5159183944327,1050.9499492686907,1059.6883544921875,290926
2019-07-02,1064.7778001447643,1070.5873846907489,1055.3193201278152,1067.1304931640625,194651
2019-07-03,1068.7627550268896,1075.5805353214541,1061.3688457474418,1074.332275390625,339472
2019-07-04,1070.9230836493352,1081.8700007523933,1067.8022587025876,1079.13330078125,520416
2019-07-05,1080.5258759864525,1081.246066528101,1058.1999691953529,1061.6568603515625,224531
2019-07-08,1059.400387160297,1060.744766409145,1023.7269221729665,1026.463623046875,639539
2019-07-09,1027.471983814914,1038.0347799102074,1019.0217000512674,1032.705322265625,344068
2019-07-10,1026.5117087421847,1036.0661908556951,1012.107896177982,1016.7171630859375,329278
2019-07-11,1008.2667470767798,1024.543006249329,970.9609008786413,1014.988525390625,511652
2019-07-12,1019.5977478487622,1040.2432089249246,1009.2269577231013,1021.6142578125,335911
2019-07-15,1021.5184602534395,1048.501579708385,1016.5250681047776,1033.569580078125,348491
2019-07-16,1037.0742370534049,1037.7944274958031,1004.2335997674458,1023.2946166992188,362760
2019-07-17,1017.9653704255658,1031.2648665602876,1007.4025750925198,1010.0432739257812,191136
2019-07-18,1001.5448363762829,1055.3190557790365,986.2288332730756,1046.8687744140625,502484
2019-07-19,1060.1204482377245,1065.7859704537113,1018.8295249820885,1044.804443359375,383482
2019-07-22,1039.282993912579,1039.3309362834511,1004.4737849782147,1012.9239501953125,389659
2019-07-23,1015.9489335291391,1036.114271529245,1000.5848664814396,1032.705322265625,389820
2019-07-24,1039.1390452102644,1041.8757460765303,1020.8461568825251,1034.001708984375,522052
2019-07-25,1041.87556642947,1064.825659953967,1023.1506138530877,1054.5029296875,703044
2019-07-26,1054.5030263700517,1104.2921762649012,1046.676932285863,1095.4578857421875,603417
2019-07-29,1098.5307542323253,1131.9955881181627,1092.0009790854924,1127.33837890625,499684
2019-07-30,1123.497267776855,1131.0832984132394,1094.6896455261665,1111.2540283203125,133493
2019-07-31,1104.2922424105043,1175.3510475743108,1062.5211880236723,1159.36279296875,559526
2019-08-01,1143.7104750712078,1175.3507947583919,1091.1365730997845,1105.684326171875,242000
2019-08-02,1091.0405657918825,1142.7022787258843,1080.333827291232,1121.9608154296875,399425
2019-08-05,1121.7688447451274,1135.0203988269634,1071.8356292298972,1105.876708984375,425749
2019-08-06,1112.6944382078445,1126.3780591307889,1097.8104996600805,1118.840087890625,449574
2019-08-07,1127.3383685358729,1163.924028091501,1109.1895417145463,1122.0089111328125,558271
2019-08-08,1124.4576939185956,1157.1063374653354,1124.4576939185956,1152.4970703125,471117
2019-08-09,1159.986954905922,1166.0845450082884,1092.2890407330185,1108.0372314453125,406403
2019-08-13,1108.1331729865835,1143.2305053788925,1094.9777393974578,1107.2689208984375,341774
2019-08-14,1111.9744812518477,1128.2988043790338,1089.8886323150666,1098.2427978515625,216580
2019-08-16,1104.2921307285392,1126.9541023154404,1087.103560206541,1120.9525146484375,426047
2019-08-19,1113.9428288022114,1141.5501345045955,1104.2922280953615,1115.43115234375,290014
2019-08-20,1111.9740423353826,1118.5038158962532,1087.1034422971356,1092.144775390625,222075
2019-08-21,1094.737555898607,1103.3317818112164,1082.2061950402444,1089.2640380859375,104014
2019-08-22,1080.525816996405,1103.0437264818668,1075.7245469808688,1094.161376953125,232069
2019-08-23,1096.562190565466,1146.9275915629005,1081.7743702838263,1133.00390625,847309
2019-08-26,1140.7335454683825,1160.946936451986,1137.900843420681,1158.2581787109375,618807
2019-08-27,1161.9075067366293,1175.3991242601126,1150.336397488744,1166.420654296875,353360
2019-08-28,1173.4304109350624,1205.1187935544217,1166.7086328036833,1200.1734619140625,664325
2019-08-29,1200.3177222592965,1203.1984847927188,1176.3113678141106,1187.930419921875,144167
2019-08-30,1189.7549140140945,1209.9202515397571,1188.1704711933728,1207.8077392578125,536311
2019-09-03,1200.317729560826,1233.4945584932984,1119.176251042514,1142.6544189453125,954800
2019-09-04,1118.6958633673526,1118.6958633673526,1080.9098934861554,1099.9228515625,849780
2019-09-05,1108.1333565154564,1136.9409827680247,1105.2525938901997,1126.5701904296875,530553
2019-09-06,1133.5801517135512,1157.1063810375513,1133.5801517135512,1148.608154296875,435484
2019-09-09,1152.3046934604643,1156.001647574951,1119.8001220094661,1131.563232421875,251219
2019-09-11,1094.6895152493846,1103.235798943716,1075.4844360344832,1084.3187255859375,18880363
2019-09-12,1090.2242976888897,1102.7556586122964,1089.2640437397704,1093.729248046875,697819
2019-09-13,1101.4114712013081,1101.4114712013081,1083.5027084917763,1090.2244873046875,332690
2019-09-16,1088.4480781993768,1093.7294760203706,1057.2398183480493,1084.27099609375,546793
2019-09-17,1084.1270493162986,1096.2262294344914,1080.2860323125208,1088.2081298828125,300088
2019-09-18,1091.1369391506496,1112.934663498275,1087.2478625935478,1108.9495849609375,421923
2019-09-19,1109.0452136617637,1130.2669189852302,1091.7127008049201,1126.4259033203125,368182
2019-09-20,1129.0670599615535,1200.0297594051053,1095.6982228257086,1186.7783203125,1338571
2019-09-23,1203.1983253376566,1219.5226441969864,1144.6228282541795,1176.2152099609375,923292
2019-09-24,1179.960224564416,1199.2613075426764,1140.7818124025791,1173.8145751953125,889536
2019-09-25,1177.2714034347125,1178.711784434021,1121.4806695052025,1125.705810546875,596850
2019-09-26,1094.6894708709729,1183.9930855999207,1094.6894708709729,1144.958740234375,3596764
2019-09-27,1152.3048091900312,1170.54963533554,1143.662523121106,1155.90576171875,497580
2019-09-30,1160.947113188649,1166.0365063952418,1139.821524693901,1161.7633056640625,656971
2019-10-01,1161.9074603104068,1169.8776162230836,1139.0533658565635,1155.377685546875,392433
2019-10-03,1151.9688311336117,1156.6260399804066,1123.7853973141973,1146.2552490234375,216338
2019-10-04,1147.983885393815,1154.9937878758521,1129.2589286684452,1132.7158203125,372478
2019-10-07,1133.1000129847469,1137.5171590831835,1110.053911025735,1113.0787353515625,208728
2019-10-09,1111.0140176166963,1126.8582106077727,1100.7872877878428,1119.560302734375,546424
2019-10-10,1119.5603809567508,1152.305025315768,1119.5603809567508,1145.9193115234375,249137
2019-10-11,1152.2088496478805,1171.5099324686203,1137.9491005529278,1158.882568359375,393916
2019-10-14,1166.1326060532203,1194.5561040565206,1160.7071469279094,1191.9154052734375,480194
2019-10-15,1195.996366096372,1219.522589275305,1195.996366096372,1215.5855712890625,520386
2019-10-16,1190.7150443608925,1198.301074942056,1128.3945319018494,1159.2667236328125,29006294
2019-10-17,1160.8511727059079,1199.357337603188,1160.4670476328683,1195.46826171875,1516873
2019-10-18,1202.2383446675572,1214.145521045672,1182.0730050205775,1194.6043701171875,696248
2019-10-22,1187.8343031329682,1254.4279004833404,1187.8343031329682,1243.3370361328125,2328823
2019-10-23,1246.409944254125,1282.6595400904837,1241.6086732824222,1259.6614990234375,1207126
2019-10-24,1270.3199756369943,1296.342834273904,1267.0070291738612,1289.9091796875,843328
2019-10-25,1296.2471185972956,1310.6509310480726,1258.9892101705423,1276.4178466796875,464205
2019-10-27,1286.7885764772577,1315.548140396324,1285.7802627669182,1307.7220458984375,134665
2019-10-29,1312.667281497208,1314.587789590108,1278.818326359844,1297.6392822265625,614276
2019-10-30,1316.5083748092595,1343.395489685014,1301.1443091659714,1312.6673583984375,685256
2019-10-31,1318.9250458490912,1327.9264451033764,1282.0047952593145,1292.7391357421875,568262
2019-11-01,1292.9317485774063,1301.499972053248,1267.3234440752153,1293.2686767578125,330121
2019-11-04,1283.3043929254868,1289.9471773529883,1262.1245754878569,1273.4365234375,355312
2019-11-05,1280.4161023402507,1295.2900619348668,1241.907347382649,1256.68505859375,506519
2019-11-06,1263.0873978423253,1269.393254648771,1234.6871857719377,1242.2445068359375,289836
2019-11-07,1249.9943354860409,1284.8447152294757,1244.8438124949248,1270.4039306640625,551972
2019-11-08,1271.2702288482171,1284.2669331946397,1261.1616810232217,1271.2220458984375,627350
2019-11-11,1270.7890202371561,1297.7451509694595,1270.7890202371561,1288.88818359375,523849
2019-11-13,1295.0494107872914,1317.9621675003148,1292.8832932731382,1314.5926513671875,602252
2019-11-14,1319.887671054402,1328.4077101973717,1306.4096058503453,1322.3426513671875,455000
2019-11-15,1328.552382288838,1342.0304499352465,1319.0214395207072,1328.2154541015625,385802
2019-11-18,1329.5150143101675,1347.5659965826626,1294.9053113074701,1302.799560546875,444173
2019-11-19,1305.0139513150277,1308.6241480183232,1285.326274781402,1290.2843017578125,391226
2019-11-20,1298.4191746765978,1318.925138064492,1285.8075782471642,1306.4097900390625,969878
2019-11-21,1300.1519268605061,1328.5521355553487,1285.3260316989792,1322.8720703125,662162
2019-11-22,1323.3054848764061,1332.4031326690185,1281.3790242647858,1306.8428955078125,669749
2019-11-25,1314.1114881902718,1320.5616587435868,1291.9689502940255,1310.068115234375,532638
2019-11-26,1316.9996857013114,1327.011987517544,1279.453642030002,1297.841552734375,4842128
2019-11-27,1294.4718777264056,1305.158034576278,1284.2670803519277,1287.6365966796875,382873
2019-11-28,1285.2299992151254,1300.8260016360348,1285.1337508089562,1289.1771240234375,345329
2019-11-29,1289.0807145479525,1323.1128069957292,1285.2298386269727,1312.0897216796875,597366
2019-12-02,1309.297822703849,1344.0519546408564,1295.3383973882565,1319.4063720703125,861556
2019-12-03,1327.5895283311957,1345.8811897077676,1307.3724289149845,1335.6763916015625,713091
2019-12-04,1326.6269857906868,1328.5524240864643,1305.4471645371345,1312.9564208984375,731578
2019-12-05,1315.0742268299155,1333.2696404414746,1309.394160911467,1315.2667236328125,423486
2019-12-06,1323.4498591872034,1327.397101391724,1301.8368630625948,1310.308837890625,447666
2019-12-09,1308.864830313049,1327.589670242345,1291.9690627013972,1320.0323486328125,334949
2019-12-10,1315.0740714877038,1333.3657313400217,1287.2034051941694,1299.189208984375,381832
2019-12-11,1291.968774167772,1304.387871581312,1266.8418341800132,1289.5137939453125,396630
2019-12-12,1294.8570334028277,1305.9283017181679,1273.099607869606,1287.3477783203125,457551
2019-12-13,1288.3590045414423,1315.0744630701365,1288.1183247348774,1299.57470703125,441649
2019-12-16,1301.4996651563245,1304.4840701524256,1286.1924116041628,1297.9857177734375,202222
2019-12-17,1301.5959498469672,1312.667217171849,1290.7653622465393,1297.50439453125,294983
2019-12-18,1294.9533648650204,1300.5371823378368,1284.7003835244495,1291.9207763671875,265905
2019-12-19,1299.6704951758957,1327.059800455363,1288.11786855211,1313.1485595703125,481317
2019-12-20,1318.7807005473442,1368.9865237805934,1313.1488174660544,1357.337646484375,799144
2019-12-23,1366.9165104457823,1367.060941795628,1344.2445491410265,1356.952392578125,388352
2019-12-24,1355.5084468409332,1381.5018616596158,1349.7321324367813,1378.5174560546875,233151
2019-12-26,1376.6883099629504,1386.7006120847468,1357.963470517027,1371.1044921875,364016
2019-12-27,1370.9118087746508,1370.9118087746508,1346.8438346037474,1358.5408935546875,814961
2019-12-30,1365.3278769932504,1381.405352899625,1330.3812519462663,1335.0504150390625,518158
2019-12-31,1333.3659355886355,1357.3376643605027,1328.5523401532973,1335.098876953125,216620
2020-01-01,1337.5057570650188,1346.2664777931357,1330.0927491262835,1333.7991943359375,104012
2020-01-02,1328.5523269614905,1338.131334774931,1301.5961927912574,1309.9718017578125,310211
2020-01-03,1313.1485314273011,1345.6884760613357,1309.9715121660909,1336.2537841796875,577617
2020-01-06,1332.210535769161,1340.1047841854806,1315.0740913774184,1333.943359375,269777
2020-01-07,1333.3658401815262,1348.2398020046676,1328.5522450906183,1337.9869384765625,282751
2020-01-08,1327.589702706539,1343.9559281931313,1323.7388261214583,1339.671875,215586
2020-01-09,1343.955625491071,1348.2878606735278,1321.8130901140692,1329.0816650390625,214666
2020-01-10,1331.3440202693896,1344.0518630275599,1318.6360599918198,1323.5460205078125,246516
2020-01-13,1326.9154343595135,1330.4774470870846,1301.5958816655125,1303.2806396484375,230062
2020-01-14,1308.335141115586,1326.6268023968194,1306.457886044487,1318.3955078125,425319
2020-01-15,1322.776077702625,1323.7869797916085,1297.4084522636683,1308.816650390625,407094
2020-01-16,1316.0370207180404,1371.6340492085062,1314.11158250192,1361.8624267578125,982078
2020-01-17,1362.2473736518252,1381.6461848441056,1343.9557128042036,1359.840576171875,570066
2020-01-20,1359.8406783063642,1374.2814642706796,1299.6707367883835,1304.24365234375,508235
2020-01-21,1307.0353032527532,1317.9621389726433,1273.6770707529636,1280.367919921875,484563
2020-01-22,1275.6027059167582,1292.8353999383085,1259.5734106743746,1264.627685546875,528752
2020-01-23,1270.7892090873504,1300.392821344499,1255.4338864853135,1283.112060546875,431309
2020-01-24,1286.192695090348,1305.4470767533771,1270.7891897599245,1300.0076904296875,282051
2020-01-27,1298.1302620552303,1312.1377523348385,1281.1382490004512,1288.88818359375,235959
2020-01-28,1293.846231853463,1306.8911221058218,1274.640033641332,1287.4923095703125,233417
2020-01-29,1289.8509214631208,1298.1783465280853,1272.7144768099597,1274.4954833984375,261939
2020-01-30,1278.394805647047,1290.910154820826,1259.429167541278,1278.44287109375,198507
2020-01-31,1271.029663738146,1290.043362551877,1266.9381082972163,1269.2486572265625,201621
2020-02-03,1237.093825625239,1286.9145302759052,1227.7554990076571,1252.160400390625,391873
2020-02-04,1253.0269684239468,1278.009479605073,1239.9820788936602,1265.3016357421875,543400
2020-02-05,1276.5655137448991,1297.93783054191,1262.1247273903189,1286.4815673828125,426619
2020-02-06,1290.5248809357038,1328.552283246006,1290.0435214127886,1326.2899169921875,442363
2020-02-07,1329.5149864571479,1345.8812100413415,1314.1114819073184,1330.1888427734375,232059
2020-02-10,1330.477700552505,1338.179452798829,1315.0741960598566,1325.90478515625,129381
2020-02-11,1333.269695734614,1335.2913823265378,1304.6768681536767,1317.4810791015625,285909
2020-02-12,1322.775880261332,1322.775880261332,1276.0840096698657,1300.8740234375,378484
2020-02-13,1275.6027592683881,1309.2979264943456,1275.6027592683881,1297.1195068359375,573718
2020-02-14,1297.1197235970103,1305.4472683926354,1290.0437608009818,1303.13671875,155666
2020-02-17,1303.1364994605908,1305.4470487144113,1281.6197519181858,1288.743896484375,187423
2020-02-18,1289.080709218113,1294.8570230756998,1276.6135454832508,1289.4658203125,202026
2020-02-19,1290.0434664131276,1316.0368795423474,1290.0434664131276,1305.0137939453125,156721
2020-02-20,1305.735755730538,1315.6998733350263,1290.0433898757803,1295.2901611328125,138284
2020-02-24,1295.819937727397,1300.5853503717453,1235.0242016919483,1256.4447021484375,276331
2020-02-25,1278.4909487838738,1278.4909487838738,1227.5630855279815,1238.9232177734375,636341
2020-02-26,1234.0132318865162,1244.506774721653,1168.7408382296824,1189.39111328125,562415
2020-02-27,1174.5171198062412,1229.3920999939098,1169.703525052937,1204.1207275390625,574555
2020-02-28,1188.9576331675887,1227.4663824199802,1147.8976557733508,1190.546142578125,756201
2020-03-02,1190.979937225122,1224.530678923244,1087.8245481144822,1154.3966064453125,436775
2020-03-03,1154.3001199987661,1191.846162267283,1153.33740096624,1165.8045654296875,384410
2020-03-04,1188.9580306284415,1193.4827631704354,1160.3653217579367,1169.2222900390625,599176
2020-03-05,1176.4426612227157,1232.0878684748945,1166.863653828545,1215.6734619140625,485211
2020-03-06,1203.8802656216737,1220.7278503065033,1180.5825098081366,1217.2620849609375,718345
2020-03-09,1213.9885133242992,1213.9885133242992,1145.6354725264996,1162.8681640625,732840
2020-03-11,1164.890035686114,1179.4270696523638,1117.2354433171365,1145.683837890625,642604
2020-03-12,1093.311980070447,1126.1888611596332,1032.0348852545721,1062.986328125,1468801
2020-03-13,972.3461042746027,1107.1267523918743,850.4177301703481,1083.6845703125,1166978
2020-03-16,1058.7982315962845,1152.7595672630196,1003.2012183575251,1047.24560546875,625700
2020-03-17,1034.9226503919872,1081.3256468715792,1006.2335847966257,1035.163330078125,407327
2020-03-18,1026.7879628925143,1058.0281464135226,926.1356477250307,958.675537109375,1302437
2020-03-19,914.5829817813561,1079.2079185020002,774.9887371936754,991.0228881835938,990238
2020-03-20,1010.8549515586433,1034.2008873446405,914.583051410201,967.0031127929688,1765060
2020-03-23,876.0743484000227,914.5349867657897,789.4296326241963,795.4947509765625,596466
2020-03-24,787.5522308264909,894.3659108310773,785.3379889778809,819.2257080078125,904315
2020-03-25,823.6061677079628,957.9054785148135,814.8454476394999,948.2301635742188,1161295
2020-03-26,962.7189179816196,1137.837512666356,959.8788854216339,1055.91015625,1897600
2020-03-27,1039.7365119316794,1135.7195484790905,943.464612678746,984.620849609375,756636
2020-03-30,961.5155042043408,1047.4381662821754,961.5155042043408,989.3861694335938,427414
2020-03-31,1025.295777720422,1061.8309182849475,991.6006113164644,1041.3250732421875,1302717
2020-04-01,1043.587232223604,1100.387644309575,1011.91375859043,1064.5263671875,538692
2020-04-03,1058.990964893325,1078.1490976711875,975.234406760853,1006.089599609375,1099047
2020-04-07,1032.0347551202497,1150.4491906424423,1032.0347551202497,1111.410888671875,812026
2020-04-08,1068.618203670499,1135.9122924325525,1066.7409484285763,1108.04150390625,575191
2020-04-09,1087.8724178317473,1182.1706923519678,1083.0588230625804,1125.41845703125,1307788
2020-04-13,1121.5677578087425,1134.8533284712416,1059.9537350621679,1103.949951171875,542846
2020-04-15,1125.8515939662743,1169.1258799311465,1096.6330982486722,1109.8704833984375,761153
2020-04-16,1109.870580261316,1178.0791981910675,1094.419010758709,1114.1065673828125,808208
2020-04-17,1131.0503824404561,1167.4892727255628,1129.606303954763,1154.6851806640625,701251
2020-04-20,1169.7035500584661,1187.5138510264346,1131.1947912088046,1145.9244384765625,734858
2020-04-21,1131.194647397697,1155.0701218569113,1088.064795961501,1115.983642578125,611851
2020-04-22,1115.9359447388595,1116.802415492119,1084.0217808830437,1096.9222412109375,348113
2020-04-23,1106.934314370095,1154.3000405004673,1097.499621493355,1146.453857421875,348769
2020-04-24,1116.7540231109767,1156.2255015140372,1084.0215776059997,1094.130126953125,682172
2020-04-27,1097.49962581462,1160.0763588654536,1094.7077172977017,1149.4864501953125,567752
2020-04-28,1159.9800888272514,1161.9055267313486,1136.0083634173604,1150.88232421875,983106
2020-04-29,1145.6355012690356,1189.2947802715012,1138.6076062282814,1185.34765625,586460
2020-04-30,1193.7715499364158,1275.6026642465733,1162.0500061615944,1242.485107421875,987356
2020-05-04,1206.3828994866535,1217.8392766602992,1144.6726481811033,1163.7825927734375,702118
2020-05-05,1165.756497687422,1185.3478064567537,1128.3067038922356,1168.1151123046875,613031
2020-05-06,1183.1817539957217,1193.482801184662,1130.5691325619223,1166.9599609375,471267
2020-05-07,1164.697647965934,1174.5173360629528,1147.7056318542532,1165.0826416015625,271631
2020-05-08,1171.6291636115734,1202.3399269011682,1164.9863782104662,1189.1025390625,408970
2020-05-11,1203.3988860202255,1265.012908984461,1199.548009584961,1248.935546875,760784
2020-05-12,1241.5224898938204,1292.8835288044588,1226.5040958969253,1283.5933837890625,682524
2020-05-13,1309.2977632586756,1321.0428873624996,1238.0565614343063,1270.88525390625,711169
2020-05-14,1261.1618001498416,1267.5639045476123,1188.9578802939347,1197.1409912109375,568028
2020-05-15,1202.43611859961,1213.0260283711036,1171.0033174557925,1187.417724609375,491850
2020-05-18,1176.6833412602261,1192.4719569479237,1083.1070980078207,1122.5303955078125,503272
2020-05-19,1150.8826276155212,1188.1399313932502,1138.8005720938702,1176.972412109375,741998
2020-05-20,1174.613350094535,1196.0820293711627,1165.9488796721223,1188.9578857421875,239160
2020-05-21,1195.696866778867,1232.0876879929388,1184.6737824463532,1202.7728271484375,559080
2020-05-22,1207.2496385758366,1216.7323973207358,1169.703597184722,1191.9423828125,289297
2020-05-26,1201.2325610477767,1211.1004302128656,1182.2188619248004,1187.369384765625,303068
2020-05-27,1193.771697674073,1198.5852932292105,1174.5173154535235,1186.5994873046875,749065
2020-05-28,1198.9220122775876,1228.4293713872833,1188.9578947204504,1207.490234375,410042
2020-05-29,1208.2124046979663,1284.2672094558463,1207.1052542893801,1252.2086181640625,3176009
2020-06-01,1261.161863681776,1290.0434330790686,1243.8329220434005,1254.0377197265625,416681
2020-06-02,1251.4865829878313,1263.520571121948,1211.6301083031692,1246.3360595703125,361301
2020-06-03,1261.1621356346993,1261.1621356346993,1219.765210571881,1224.1456298828125,907105
2020-06-04,1237.0938371922268,1250.5719023445156,1204.7465043306138,1234.01318359375,501000
2020-06-05,1241.9074621293896,1278.4907827192478,1226.2150960265046,1254.18212890625,544730
2020-06-08,1264.146424824414,1274.8325833146232,1227.5150336355932,1241.6187744140625,210572
2020-06-09,1245.758062180771,1269.8260309246036,1229.4880918060644,1265.349365234375,423986
2020-06-10,1265.0128931442052,1284.267275079429,1225.0600506286157,1268.86376953125,776604
2020-06-11,1268.8636013163832,1268.8636013163832,1239.452489801629,1251.3421630859375,233002
2020-06-12,1226.504065164205,1279.1166845560188,1210.7636322587987,1252.7381591796875,385384
2020-06-15,1247.0097602288176,1280.5123053429793,1237.7194999206602,1269.9705810546875,506322
2020-06-16,1285.2302052162202,1334.9546782327807,1270.789416393566,1312.2825927734375,1950661
2020-06-17,1318.9249936307363,1332.1141965592813,1277.0467182855268,1284.6522216796875,798517
2020-06-18,1261.1619348829447,1270.7409422660842,1224.67485998054,1228.140625,893087
2020-06-19,1217.8395808812033,1227.3705228441563,1203.3987953371573,1222.797607421875,27038204
2020-06-22,1231.3175029113618,1240.944692144445,1208.2122487519616,1224.193359375,975418
2020-06-23,1224.578459207637,1256.3481833851936,1224.578459207637,1242.340576171875,711961
2020-06-24,1247.683754150707,1262.124538342266,1229.3920941747322,1244.891845703125,982291
2020-06-25,1231.3175008585165,1239.9337882000011,1219.9573705746577,1226.50390625,377086
2020-06-26,1241.907796817306,1241.907796817306,1206.5278653963478,1215.481201171875,235936
2020-06-29,1213.0260451119648,1222.6532359461867,1186.7437671267712,1193.6754150390625,749898
2020-06-30,1203.3986501717861,1241.8111585891495,1175.5760498759346,1219.3797607421875,1728495
2020-07-01,1217.8394339738475,1227.081512103287,1201.6176436734117,1219.3797607421875,405496
2020-07-02,1226.985462685886,1246.7212037490956,1213.9887551564552,1241.0411376953125,394798
2020-07-03,1242.4853456354654,1251.534929398076,1227.6594468140943,1231.606689453125,194878
2020-07-06,1232.2805318985681,1245.4216720121537,1227.659432896177,1239.0677490234375,185403
2020-07-07,1232.8579949259843,1251.1496569204926,1218.609823462964,1226.2152099609375,328181
2020-07-08,1238.0567602308497,1242.2445648039516,1218.9468096363028,1240.3673095703125,598410
2020-07-09,1241.9078194819076,1262.124923519985,1218.8025577241046,1223.71240234375,562549
2020-07-10,1230.3548860433264,1236.853239314682,1203.639433705531,1213.1221923828125,393177
2020-07-13,1223.5677104354477,1239.9821169887553,1204.4096956558883,1226.359619140625,334234
2020-07-14,1229.2474741006222,1230.8359836216878,1191.8458722906917,1213.4588623046875,437672
2020-07-15,1222.6531019345803,1241.5223703975632,1195.889467341163,1205.949951171875,713871
2020-07-16,1208.2124434752013,1217.7433858559014,1195.0232391079805,1203.1099853515625,257457
2020-07-17,1208.0199079975143,1244.7957286099333,1204.6984567714767,1240.27099609375,738845
2020-07-20,1256.3484676868877,1278.4910077304114,1244.7958380989623,1272.1370849609375,688423
2020-07-21,1280.4165001551667,1295.8200069239508,1268.6713732517412,1284.508056640625,506981
2020-07-22,1282.8711482246906,1295.3864942273322,1240.5595810348893,1246.09521484375,444256
2020-07-23,1250.3794063074763,1264.8682558431562,1227.5628969173295,1235.2646484375,447829
2020-07-24,1236.13113656013,1259.0438946661245,1227.4666659767647,1249.176025390625,467801
2020-07-27,1252.4491341247515,1270.7889765901186,1238.586075668379,1257.8404541015625,338361
2020-07-28,1266.1681302031448,1278.3465504844914,1251.8237094373246,1270.5003662109375,258830
2020-07-29,1276.8541343847478,1288.117898597912,1243.9772601804805,1253.36376953125,425247
2020-07-30,1265.734979227077,1280.4164459950657,1247.6839954959437,1272.1370849609375,233338
2020-07-31,1273.6773846200954,1273.9662473613384,1247.2507920149988,1255.0006103515625,247691
2020-08-03,1258.1776255743644,1283.8821787466259,1247.8764606085415,1269.7783203125,349820
2020-08-04,1270.7889785881086,1321.8130815162676,1264.4831226335668,1299.3336181640625,743973
2020-08-05,1305.8319285473256,1312.8116405139763,1287.155158539581,1300.3443603515625,191598
2020-08-06,1300.2003487879138,1347.8067620541276,1299.6708062664802,1324.6533203125,831913
2020-08-07,1323.7389164951207,1327.5897933431065,1295.0498369698525,1305.7841796875,259444
2020-08-10,1319.5508225300034,1370.9118577413615,1314.1114366692125,1331.0072021484375,671954
2020-08-11,1338.1794220895226,1353.9198543778446,1285.22987661116,1298.6116943359375,370518
2020-08-12,1304.484195001713,1331.8254370576594,1298.8041296155368,1326.4822998046875,342002
2020-08-13,1336.254038682548,1347.8066672590542,1308.6721144522564,1313.293212890625,508040
2020-08-14,1313.1487726516273,1323.8349305087656,1255.8669896803867,1260.9212646484375,330531
2020-08-17,1278.7313499656882,1278.7313499656882,1238.0564773618485,1246.720947265625,334694
2020-08-18,1250.572086033762,1295.8198828340596,1233.2431425783286,1286.2889404296875,393703
2020-08-19,1290.0433749392862,1309.008890981006,1254.6152710675212,1261.78759765625,321561
2020-08-20,1261.7876574806,1274.6399323886435,1245.758362923644,1249.9461669921875,198608
2020-08-21,1266.8418936368296,1267.9008609811488,1237.093854488061,1243.3033447265625,537656
2020-08-24,1243.3515152025714,1254.3265346594594,1213.0258684903133,1227.611083984375,1005356
2020-08-25,1237.093842344406,1238.0565612878647,1214.5661955635924,1218.1763916015625,329976
2020-08-26,1220.7278725652561,1241.9076936980916,1213.0261194260431,1217.11767578125,471108
2020-08-27,1220.7277545708357,1231.510160915746,1216.1066561262085,1229.0552978515625,340350
2020-08-28,1235.7942323662865,1252.49738303275,1232.2802846133127,1236.034912109375,800001
2020-08-31,1245.180859134312,1263.087410195703,1203.3988283114547,1209.8489990234375,782636
2020-09-01,1213.0258803223367,1237.093854138256,1198.585096032785,1212.496337890625,762728
2020-09-02,1207.9718590242462,1232.2323347081751,1203.4951914522492,1214.999755859375,406683
2020-09-03,1221.2088372652308,1250.5717616141387,1218.3688637212067,1240.2225341796875,436206
2020-09-04,1222.6532194414058,1248.550385939757,1218.369166585776,1242.10009765625,388353
2020-09-07,1248.646465207677,1248.646465207677,1227.4666485272076,1235.2646484375,108408
2020-09-08,1239.7897503789986,1245.7103790500032,1205.3243583015824,1216.9251708984375,198787
2020-09-09,1204.746475291241,1204.8427236789855,1155.262699492435,1172.54345703125,465737
2020-09-10,1182.218728018238,1227.4183302616682,1179.3305715165645,1206.5755615234375,304875
2020-09-11,1209.2713114481542,1260.199170012113,1207.2496250536208,1249.8017578125,427605
2020-09-14,1263.0871626093299,1285.2778796614054,1246.7209417523493,1256.68505859375,819373
2020-09-15,1275.6026829828838,1283.3044350310824,1246.9136095955803,1255.866943359375,665839
2020-09-16,1261.1619956357756,1283.3045344904494,1256.3484002325856,1267.2271728515625,294306
2020-09-17,1269.5375896747857,1269.5375896747857,1226.022734750308,1233.7244873046875,353706
2020-09-18,1244.940321087196,1276.0360798389188,1210.5711761265381,1247.6358642578125,1520695
2020-09-21,1255.8187518873278,1266.5050267972824,1213.603547263225,1228.429443359375,301054
2020-09-22,1225.445177086287,1226.5041446020746,1201.6659445874504,1207.9718017578125,402197
2020-09-23,1216.3953959365524,1239.019291310125,1201.665748962167,1211.244873046875,256738
2020-09-24,1193.8196803724747,1211.1004385087774,1179.4269615653589,1204.6502685546875,449187
2020-09-25,1213.0256789292837,1230.354617199702,1189.535316881062,1222.7010498046875,482477
2020-09-28,1236.6124875283306,1241.907441737288,1215.9140301660425,1221.208984375,294266
2020-09-29,1230.3550245917259,1230.3550245917259,1199.7405098358997,1203.8802490234375,348648
2020-09-30,1205.5166888649576,1264.77209052291,1199.3553812596697,1251.0533447265625,602464
2020-10-01,1243.3515618770666,1260.536072155226,1237.0938885110575,1252.7862548828125,237102
2020-10-05,1246.7212604654806,1246.7212604654806,1204.506050555148,1207.6348876953125,579287
2020-10-06,1213.0260274362477,1221.5942506577364,1184.2407037574883,1189.19873046875,567980
2020-10-07,1191.8459762470136,1233.2428881845108,1185.3476237917087,1227.3221435546875,446559
2020-10-08,1227.4669258389422,1232.2805216265458,1191.2205260544006,1205.0355224609375,602213
2020-10-09,1202.1471939909507,1213.7480051967088,1193.9640823160175,1201.0401611328125,310962
2020-10-12,1195.697046949374,1215.3365388572563,1159.5469000116977,1162.964599609375,351329
2020-10-13,1157.1880090894867,1194.6858597140415,1155.2625714703695,1157.5731201171875,439245
2020-10-14,1162.9646198198536,1203.350637217255,1158.1510245391423,1200.7513427734375,530522
2020-10-15,1201.4733072889342,1208.4048370539915,1182.2671103220068,1204.0245361328125,400456
2020-10-16,1193.9640188289243,1209.1750255530383,1182.2670773663679,1192.7606201171875,209564
2020-10-19,1192.8089129921225,1213.9887322704328,1192.8089129921225,1207.345947265625,242560
2020-10-20,1207.3459665482387,1213.5073921223989,1187.9953366751608,1199.35546875,268846
2020-10-21,1205.324329626654,1213.0260825316166,1191.0760397447038,1194.445556640625,173983
2020-10-22,1188.9581559144938,1226.3597715662988,1171.6292111319342,1209.1270751953125,537043
2020-10-23,1215.0958854631147,1217.83961128109,1195.2157133640103,1210.9080810546875,180360
2020-10-26,1224.578590834148,1246.5766968904545,1189.9207061878985,1208.1641845703125,425438
2020-10-27,1226.8890549357393,1229.3439177497025,1197.1891987945535,1202.3397216796875,308496
2020-10-28,1208.2122898599605,1208.2122898599605,1182.267061001805,1184.721923828125,369005
2020-10-29,1184.1444861877933,1205.324306265949,1178.3681716210235,1196.3709716796875,174889
2020-10-30,1186.1178396693567,1197.1409238056071,1173.3618145463777,1189.9205322265625,992144
2020-11-02,1198.5853505666323,1201.473508037877,1173.6509008943324,1179.379150390625,546257
2020-11-03,1192.8090279364449,1211.0525088377906,1178.8496002487302,1180.4381103515625,445423
2020-11-04,1180.4377264347352,1192.1828492477653,1174.709478838374,1185.395751953125,275034
2020-11-05,1191.3646555681642,1217.839425691901,1186.1178844968556,1197.285400390625,538703
2020-11-06,1192.808591088988,1225.5410302310586,1191.7976893430232,1213.4588623046875,432511
2020-11-09,1219.7646812277894,1240.7519974153097,1208.4527356836486,1223.9044189453125,509445
2020-11-10,1227.4665416261448,1245.7100169429493,1215.673235637972,1221.930908203125,815456
2020-11-11,1226.8890450476244,1234.1575025590962,1195.119319913488,1218.1763916015625,1351245
2020-11-12,1218.176705775493,1223.1829160842465,1201.4735513025373,1212.400390625,546454
2020-11-13,1211.004390483758,1255.3857178962994,1205.324324237858,1248.935546875,904077
2020-11-14,1255.3855244902206,1256.7333545387994,1240.0782695144114,1247.5875244140625,42009
2020-11-17,1251.4867052495474,1288.6958236991964,1241.907696766753,1279.646240234375,952298
2020-11-18,1270.8851507599293,1275.6024967044507,1230.017781929872,1262.3651123046875,769769
2020-11-19,1259.332642699406,1298.5153747158827,1237.190106713873,1248.116943359375,903121
2020-11-20,1255.3855886294518,1331.9699328576705,1250.571993581026,1305.73583984375,1084021
2020-11-23,1309.2980160607485,1329.5151177793334,1293.9426929536883,1302.41455078125,568127
2020-11-24,1304.4844038218482,1330.9109965815398,1301.4999980623768,1321.09130859375,879626
2020-11-25,1328.5522947074087,1345.592374957846,1319.7433918581828,1331.2960205078125,838234
2020-11-26,1342.0302576525069,1413.27146214769,1338.1793817338482,1402.729736328125,2679932
2020-11-27,1414.1859299697824,1419.0477075903864,1368.6012119849213,1397.290283203125,1557368
2020-12-01,1415.1969267970615,1443.982248335795,1404.6552007786836,1416.3040771484375,1102450
2020-12-02,1429.4452707617465,1472.9601241538194,1424.439061266046,1464.8251953125,1035487
2020-12-03,1460.0115656939283,1469.4461415065866,1421.7434849397328,1426.8458251953125,1202087
2020-12-04,1424.824117743708,1439.2649027208402,1382.9458413100247,1396.1832275390625,938899
2020-12-07,1403.54823089151,1403.54823089151,1379.7689980762173,1388.9630126953125,514977
2020-12-08,1398.830644449381,1419.9142131104825,1391.1770757493846,1409.8056640625,534043
2020-12-09,1424.82412224904,1453.7056922946288,1390.1662381943336,1399.2158203125,1253668
2020-12-10,1398.975294837203,1403.6926419687468,1372.452336412696,1395.7020263671875,575732
2020-12-11,1403.6926201338385,1421.358491981186,1384.1011925816501,1411.875732421875,697751
2020-12-14,1424.5351987290571,1438.2058784786957,1414.2341528603006,1434.2105712890625,1086597
2020-12-15,1439.9868726820937,1450.7212125024748,1396.0387290124518,1401.429931640625,1270972
2020-12-16,1408.168948312334,1434.451222415356,1404.9438633631328,1424.1982421875,554075
2020-12-17,1434.4512582110674,1434.4512582110674,1409.420565114767,1422.4654541015625,566898
2020-12-18,1410.3832754854204,1432.3333147669484,1393.1505826087143,1406.965576171875,794647
2020-12-21,1400.371045362453,1421.984157601068,1351.657487067465,1379.2874755859375,667988
2020-12-22,1381.5017423782258,1414.0897564907225,1357.818878869909,1403.4517822265625,623046
2020-12-23,1405.569733191557,1419.769838372773,1388.3370396711487,1403.8367919921875,595095
2020-12-24,1402.9222289451852,1439.264870319473,1402.9222289451852,1428.72314453125,590435
2020-12-28,1440.9978744472207,1459.482032601694,1435.4140571300302,1441.816162109375,626624
2020-12-29,1452.74292516766,1460.6371737108418,1429.3007417611152,1453.9945068359375,425237
2020-12-30,1463.3330668442686,1482.8763120473925,1440.4684876748267,1453.8021240234375,721897
2020-12-31,1452.7429267482598,1472.478665647093,1436.280455853602,1464.151123046875,403848
2021-01-01,1461.4074063062915,1467.087471771442,1448.8920596119688,1462.5626220703125,172139
2021-01-04,1471.9972591394974,1496.9317031873366,1467.1836644398913,1491.684814453125,586835
2021-01-05,1491.2517762896728,1532.6486945469069,1474.7893043935853,1525.1876220703125,776027
2021-01-06,1529.760461866148,1565.8142407217506,1516.8119385705127,1551.6141357421875,1321608
2021-01-07,1558.449541175782,1562.3966655135666,1502.8043367903865,1512.6240234375,588805
2021-01-08,1524.8505718753677,1557.6310816857467,1503.7670033185573,1545.308349609375,719490
2021-01-11,1555.8500232251558,1560.5673694373907,1527.2573183067648,1549.6885986328125,543087
2021-01-12,1547.4747239894218,1556.620555552575,1498.7611604306162,1507.5699462890625,451933
2021-01-13,1512.046415573497,1525.2357361904262,1476.233316309976,1491.251708984375,554839
2021-01-14,1498.0870879843887,1505.7407749322126,1478.4475958895664,1496.7392578125,299112
2021-01-15,1499.916179092504,1517.2451208278474,1471.9010801242468,1493.03271484375,347984
2021-01-18,1487.4007625398187,1493.6584356508276,1454.6683185745412,1466.75048828125,326922
2021-01-19,1481.0469315517917,1501.7453900301002,1450.6731001258588,1453.7056884765625,693510
2021-01-20,1436.858273870772,1451.0101978016296,1397.916332819531,1439.1688232421875,1607991
2021-01-21,1446.341128090196,1462.3704258471134,1401.3821896555323,1408.313720703125,866491
2021-01-22,1410.5759411386998,1424.1984395485842,1367.0610859732344,1385.3045654296875,946642
2021-01-25,1383.282541214394,1399.02297073842,1340.6341671305452,1384.63037109375,612863
2021-01-27,1384.5822585522485,1384.5822585522485,1316.7105769071502,1327.3968505859375,1539581
2021-01-28,1318.877080180369,1340.0569019243298,1310.5977188207066,1320.128662109375,896401
2021-01-29,1330.4777259493183,1340.0567334807674,1251.534763917593,1266.4569091796875,1339954
2021-02-01,1276.6617620369861,1330.3815342790358,1246.7212218350253,1314.448486328125,1468725
2021-02-02,1349.731936416312,1366.772014426076,1320.8503685900002,1336.2056884765625,1774566
2021-02-03,1330.9589137459038,1408.457787204526,1330.9589137459038,1382.8494873046875,1189638
2021-02-04,1394.979843142243,1426.6051390636355,1357.4338018154333,1415.4376220703125,713746
2021-02-05,1424.679760774941,1431.7557222793018,1396.0388690749073,1413.0308837890625,784535
2021-02-08,1413.0309299072762,1429.637834040065,1409.9502758585265,1418.085205078125,727597
2021-02-09,1430.5522677206059,1477.7736822289096,1401.5263835477294,1456.4013671875,1312996
2021-02-10,1471.5159087057195,1472.959987124469,1417.122288266156,1445.0411376953125,1245064
2021-02-11,1442.1530680821106,1454.6684151348927,1432.525878041509,1441.9605712890625,688878
2021-02-12,1444.0786672068061,1452.7431392100468,1430.841279424077,1439.1688232421875,555080
2021-02-15,1444.0785586101345,1451.2027030031604,1422.9949881505436,1441.8642578125,1186259
2021-02-16,1442.1046876233602,1462.3699668911963,1432.0925053678623,1448.795654296875,428431
2021-02-17,1443.1158173739752,1484.3202386203031,1439.3131242358913,1442.0086669921875,871716
2021-02-18,1445.9557773604106,1459.4820265269504,1434.4995150991117,1442.3455810546875,498508
2021-02-19,1435.4139243102773,1463.3327732740586,1432.8146302076163,1438.0614013671875,705510
2021-02-22,1439.7462575248521,1442.153055013192,1398.1086609765741,1411.490478515625,787448
2021-02-23,1415.1968031245833,1457.5564353269517,1405.5696139876814,1443.548828125,859167
2021-02-24,1451.7804143754183,1451.7804143754183,1421.9361220374622,1430.7930908203125,199596
2021-02-25,1443.9821905243334,1460.926020703738,1418.325706755705,1427.08642578125,621933
2021-02-26,1427.0864718771352,1427.0864718771352,1328.6966380686677,1372.8372802734375,2771831
2021-03-01,1376.688026476881,1400.7078160149952,1353.5827728856607,1373.8961181640625,414978
2021-03-02,1376.6882899664715,1410.3834579027139,1369.9974393411856,1377.843505859375,458168
2021-03-03,1395.9425709300756,1451.924705123326,1389.2997862265952,1441.0941162109375,576058
2021-03-04,1433.4888123927126,1444.078723028253,1411.394454938151,1416.44873046875,303679
2021-03-05,1411.3461600682886,1445.6671185015273,1401.2857927699756,1439.7945556640625,741576
2021-03-08,1443.1158943704122,1477.5331013242096,1420.0106365552756,1426.268310546875,564677
2021-03-09,1421.0214624264447,1436.0879211369759,1384.4381395133253,1413.51220703125,711740
2021-03-10,1427.7122386713213,1432.38140219209,1396.9534144548431,1416.255859375,397041
2021-03-12,1430.6004613315388,1453.7057177729635,1406.7731656263197,1416.3521728515625,773920
2021-03-15,1424.8241430058395,1428.5787706703452,1403.6443246638607,1410.287109375,307023
2021-03-16,1415.1968544687766,1460.155782361486,1410.9608675909758,1437.3875732421875,682685
2021-03-17,1444.0303558118599,1448.9883822988559,1400.3230060539233,1420.1068115234375,274443
2021-03-18,1427.5397070820138,1438.3514290777637,1385.3544300359042,1388.395263671875,424366
2021-03-19,1385.2580972274845,1392.498122125886,1353.643321837798,1386.8026123046875,581236
2021-03-22,1390.0847897716208,1409.391522962893,1380.4314231759845,1384.8719482421875,466422
2021-03-23,1393.9460235584706,1409.294898770704,1382.6033187268833,1388.298828125,422691
2021-03-24,1376.0873094470512,1393.1737199594677,1351.471226394859,1354.222412109375,430059
2021-03-25,1355.332715002026,1364.551727542357,1329.799606644869,1340.128662109375,506945
2021-03-26,1353.401986781529,1375.604729788644,1342.3006152779715,1351.4713134765625,227045
2021-03-30,1364.986091506012,1390.084845663831,1352.5332245291495,1383.2791748046875,559402
2021-03-31,1389.0229976919836,1397.7110279700557,1369.8610878131376,1383.5205078125,346622
2021-04-01,1388.1541025636889,1396.7938184447619,1362.0900130162483,1387.7679443359375,410607
2021-04-05,1401.3791968704795,1407.2678448293407,1351.519652130195,1361.752197265625,731017
2021-04-06,1363.1519559226506,1390.0365599512118,1363.1519559226506,1377.4871826171875,171421
2021-04-07,1377.4871042755688,1406.4472041685813,1372.9983830633103,1399.2554931640625,296617
2021-04-08,1399.496792806274,1413.6871942682142,1376.328713463387,1380.9140625,628533
2021-04-09,1380.4314931092958,1392.8843602163242,1358.0839247404701,1370.3919677734375,909210
2021-04-12,1370.3920251515476,1370.3920251515476,1283.801365912008,1304.21826171875,902033
2021-04-13,1318.2635089823884,1339.7905602010508,1299.1981129895164,1316.718994140625,748685
2021-04-15,1316.7190619407806,1347.2719874956833,1288.2899475117242,1338.53564453125,597218
2021-04-16,1327.3380105920319,1378.500857545761,1327.3380105920319,1368.0269775390625,825956
2021-04-19,1361.124841143519,1361.124841143519,1287.4214025685399,1313.53369140625,1174639
2021-04-20,1341.8181941132616,1368.8476253615863,1318.7466203013623,1350.5062255859375,928686
2021-04-22,1332.84038730398,1351.4714334869182,1324.7316529742243,1332.2130126953125,443394
2021-04-23,1327.3379576642608,1356.2015484568958,1327.3379576642608,1333.322998046875,463636
2021-04-26,1362.283089022015,1411.467064053071,1341.8663123112224,1401.28271484375,1698950
2021-04-27,1413.8803867975685,1430.628954566983,1371.93643750045,1389.795166015625,541749
2021-04-28,1401.3791295233525,1404.0821192053547,1372.3708346838373,1375.5081787109375,273683
2021-04-29,1381.3967148763409,1396.4077465795824,1363.5863012226323,1368.7025146484375,244982
2021-04-30,1364.599803703583,1374.7358380742319,1351.4712494198639,1364.9859619140625,512509
2021-05-03,1365.9511280832724,1392.9805496990543,1342.010736088009,1385.8370361328125,375833
2021-05-04,1388.1542462318655,1420.9273817524518,1373.5776848774728,1393.1739501953125,425540
2021-05-05,1407.2196067657412,1420.9756550568827,1390.9537065647085,1401.3792724609375,273192
2021-05-06,1405.9161976931634,1430.5322801157101,1399.7380201055996,1403.3580322265625,286586
2021-05-07,1419.0449899351659,1419.0449899351659,1392.9808982832956,1399.68994140625,244058
2021-05-10,1399.6899408367337,1447.812070971494,1396.6009104444627,1445.4952392578125,673766
2021-05-11,1441.7302909232733,1460.5543556524356,1419.044879583001,1433.3319091796875,452283
2021-05-12,1432.5594325167904,1442.8884864108193,1412.866543434622,1430.339111328125,408625
2021-05-14,1433.5250059352973,1465.3811171783038,1410.163904826007,1422.0374755859375,490693
2021-05-17,1422.9063649967702,1445.5434645770445,1410.50181136632,1424.3543701171875,506156
2021-05-18,1433.2352708612486,1456.6929984894,1421.2168767568053,1435.50390625,442991
2021-05-19,1442.1165472303467,1459.444294190583,1426.9606900476228,1452.783447265625,332439
2021-05-20,1456.644761302671,1493.3758697464964,1443.0818514178468,1474.8896484375,896399
2021-05-21,1486.6185413085404,1500.8572578567878,1453.7970929939363,1474.455322265625,403021
2021-05-24,1476.8686257674915,1500.0849024612726,1437.965510020467,1441.7303466796875,402726
2021-05-25,1445.5918063461716,1464.4158732735507,1413.3495348104582,1428.5535888671875,418785
2021-05-26,1440.089324958888,1447.5706843255127,1414.6044127099506,1425.657470703125,456731
2021-05-27,1430.2427420404201,1436.420920103277,1380.4313949917246,1396.262939453125,1130538
2021-05-28,1410.260343022591,1512.682538562307,1410.260343022591,1432.60791015625,2092732
2021-05-31,1440.186008637215,1442.8888809985144,1404.4202327350745,1420.8792724609375,682347
2021-06-01,1429.1807519807298,1444.1434683979546,1411.3220259343648,1415.9556884765625,423101
2021-06-02,1423.388998719722,1427.7330139752246,1406.4956060594336,1416.2454833984375,705986
2021-06-03,1426.7674967855978,1433.5248529950018,1417.2106408645097,1423.678466796875,322667
2021-06-04,1429.6638573206767,1429.6638573206767,1393.946394308614,1397.3250732421875,1058971
2021-06-07,1405.5302538895203,1406.7369247805655,1385.4030069946762,1394.2840576171875,694398
2021-06-08,1399.3039392133476,1419.045028701537,1388.202566539832,1416.82470703125,586141
2021-06-09,1423.8715391153808,1438.737746888171,1412.28749947512,1422.8096923828125,866486
2021-06-10,1421.9408602207354,1451.866295839773,1421.844350125237,1449.5977783203125,717238
2021-06-11,1449.9358477522474,1469.6769378247404,1436.0832884869874,1463.209228515625,514523
2021-06-14,1462.4850611357774,1477.1581314452562,1442.21299098142,1452.156005859375,418230
2021-06-15,1456.451686775375,1467.3117242078342,1443.1783076912582,1450.9010009765625,320946
2021-06-16,1444.143799187003,1529.0451204595051,1444.143799187003,1463.6435546875,2333441
2021-06-17,1463.6434222644818,1476.9651155402285,1438.3516484672814,1455.82421875,567744
2021-06-18,1458.8650073035287,1487.6802826393032,1433.6214304249127,1480.826416015625,704322
2021-06-21,1477.930484938081,1509.786595978549,1468.614962232699,1474.406982421875,420137
2021-06-22,1482.1778298081824,1500.470911126596,1467.3116226946722,1472.1383056640625,432914
2021-06-23,1477.930333955757,1496.271729347762,1465.3809581612275,1480.440185546875,426814
2021-06-24,1491.4451600371608,1494.3411700566505,1467.456567276845,1472.3797607421875,219795
2021-06-25,1475.99973689264,1504.9598363738558,1472.428038425535,1495.4512939453125,706530
2021-06-28,1504.9598274221241,1551.2959863164551,1495.4512850501392,1542.94580078125,1483124
2021-06-29,1542.6079362292783,1552.2613025385979,1518.4745204559792,1527.0660400390625,575662
2021-06-30,1525.231871273233,1542.6079305662192,1502.112106182865,1512.6824951171875,392508
2021-07-01,1523.3012625991703,1539.1810036573527,1501.1468331969481,1504.766845703125,620571
2021-07-02,1510.751981280325,1522.2395119262221,1496.320244313581,1499.602294921875,399379
2021-07-05,1515.7716010578863,1556.1227212379745,1504.0910508496345,1512.3447265625,618930
2021-07-06,1525.2318382608976,1532.809707054089,1508.7728019845943,1514.0821533203125,250878
2021-07-07,1515.5785726538068,1540.0498336826884,1501.6295049009484,1534.0164794921875,375590
2021-07-08,1540.0497281141793,1549.3652499135349,1511.1379439507461,1514.80615234375,411390
2021-07-09,1521.9498667004436,1521.9981806725816,1501.726109319269,1514.2271728515625,244062
2021-07-12,1520.405227227918,1542.6079702287066,1520.405227227918,1530.05859375,275434
2021-07-13,1532.9546499915282,1539.7120067610122,1486.6184892864947,1489.70751953125,481159
2021-07-14,1495.5477623152815,1495.5477623152815,1463.4503196191492,1478.557861328125,1031226
2021-07-15,1485.0739522123886,1499.119530015116,1482.2744523100505,1494.2928466796875,200824
2021-07-16,1494.2929716690783,1503.6568088264119,1466.3948339279355,1468.7115478515625,439481
2021-07-19,1473.1036819634692,1480.9711989834216,1431.6425212744518,1438.1102294921875,639322
2021-07-20,1440.2822686832783,1440.2822686832783,1415.76269442879,1425.9952392578125,446751
2021-07-22,1430.6289128068393,1498.2024781890786,1429.567066061479,1490.3349609375,672911
2021-07-23,1457.658345694103,1459.5407050314404,1418.8518593880242,1433.3319091796875,2037167
2021-07-26,1443.1781285072318,1445.7844900318387,1401.6686572525086,1405.481689453125,823269
2021-07-27,1407.557445989986,1428.9396778773055,1406.688619375352,1423.0511474609375,493633
2021-07-28,1423.2439058083469,1452.8314943609596,1414.3145428031382,1447.3773193359375,616198
2021-07-29,1447.3775051429498,1455.5828667956935,1431.8839223726086,1444.0953369140625,456612
2021-07-30,1455.631178351705,1461.4231983322766,1421.5065508672953,1424.5955810546875,536774
2021-08-02,1429.9678400780936,1440.9057208909505,1399.6706345424968,1408.624267578125,946078
2021-08-03,1413.2219790408833,1416.029087425615,1397.9766049519149,1402.81640625,790799
2021-08-04,1403.5425305184217,1424.982876254393,1393.862926859674,1398.9931640625,436733
2021-08-05,1403.5424019859358,1414.625499896553,1390.958918381924,1400.154541015625,901620
2021-08-06,1403.5422213926045,1411.0439125759099,1394.3465999421012,1399.5736083984375,414404
2021-08-09,1405.4785991266945,1412.2543224007213,1383.215508369178,1392.4111328125,254588
2021-08-10,1398.509063117703,1406.8334979135625,1374.7940362015736,1390.765380859375,454307
2021-08-11,1393.8626809134669,1402.0903425716365,1363.129944719715,1395.4598388671875,795227
2021-08-12,1399.6705340013013,1412.7379974930147,1380.7953089577154,1403.5908203125,923594
2021-08-13,1415.1578981396285,1419.0297391742101,1398.3153660073556,1403.5908203125,1030312
2021-08-16,1408.3822245541464,1416.1259068884647,1382.634504424381,1395.1212158203125,678741
2021-08-17,1402.3808939981539,1412.738021679291,1388.9262225407942,1404.4619140625,362506
2021-08-18,1408.3822748054001,1442.2608862268357,1405.7688291880056,1436.84033203125,854268
2021-08-20,1431.613199413764,1447.1005633019454,1415.1578752825712,1425.0794677734375,771225
2021-08-23,1425.805524800877,1442.2124046555712,1413.2704861540603,1438.292236328125,500489
2021-08-24,1447.1004029049277,1455.7152717446959,1404.5586022036084,1418.3035888671875,685910
2021-08-25,1417.0941281381145,1433.3559112984763,1412.8835237252893,1417.5296630859375,328010
2021-08-26,1414.2867225602383,1437.420996574663,1401.6064666936782,1424.0147705078125,777720
2021-08-27,1435.3399414938335,1517.568241837675,1430.4518127576528,1507.791748046875,2896418
2021-08-30,1518.729842920003,1548.7366148323804,1514.8580013829219,1534.3624267578125,1217030
2021-08-31,1534.2170045953585,1550.3335664773665,1518.3908780536146,1543.5093994140625,714442
2021-09-01,1548.736400905687,1600.812709649825,1548.736400905687,1581.1146240234375,955812
2021-09-02,1558.4647844078486,1604.200916099449,1550.575883034487,1576.7108154296875,764801
2021-09-03,1576.807354958223,1592.2947200161307,1563.546345891077,1577.5333251953125,478721
2021-09-06,1592.6334884037574,1592.6334884037574,1510.5505241878418,1513.2607421875,1124382
2021-09-07,1515.1966692393326,1546.8005974434727,1509.534124976906,1538.7664794921875,1089883
2021-09-08,1538.7663573114728,1565.4337093786073,1530.4419228195516,1559.1419677734375,752222
2021-09-09,1566.1595487150983,1574.338764854782,1552.6081063899985,1569.692626953125,370982
2021-09-13,1570.9994144264238,1598.9734880132394,1558.8031394619784,1584.4056396484375,621503
2021-09-14,1572.886924362812,1577.3879630523863,1528.1187638423494,1562.96533203125,1148377
2021-09-15,1555.0283336106625,1576.5170065499958,1543.8483440791836,1559.3841552734375,773385
2021-09-16,1571.967635223318,1576.5654469642727,1553.8668236331432,1564.4659423828125,513071
2021-09-17,1563.159050214015,1569.6443367035663,1548.7364186831855,1552.559814453125,650250
2021-09-20,1538.4759183986325,1603.9100022829844,1531.3129895061443,1575.984375,1223575
2021-09-21,1571.9674936242939,1589.3907786521495,1553.7697931092928,1585.5673828125,528009
2021-09-22,1588.3258510693952,1621.3332689121244,1566.159539761085,1575.5487060546875,776299
2021-09-23,1577.7268874356046,1584.5510550033694,1519.7461583864979,1526.2314453125,1539115
2021-09-24,1532.2810371350167,1553.4309444326764,1527.4412360069844,1536.298095703125,976417
2021-09-27,1539.2989771641087,1544.864749287167,1502.0325029488479,1517.035888671875,856495
2021-09-28,1515.8258327024537,1519.6492286310881,1496.4666266653853,1512.3895263671875,509543
2021-09-29,1490.7071604373673,1553.6245737397207,1490.7071604373673,1549.12353515625,779976
2021-09-30,1547.9135935652664,1571.5318463228152,1532.281012540795,1538.57275390625,733253
2021-10-01,1538.0887549993251,1575.839202730586,1511.276304771829,1531.845458984375,953316
2021-10-04,1540.992840296496,1555.4637999187582,1517.7133471728014,1526.2314453125,387636
2021-10-05,1492.8369029790454,1537.1210905694434,1492.1593779735933,1499.0802001953125,3686947
2021-10-06,1509.0503449871258,1510.937820605231,1495.0149184301576,1503.7265625,1113928
2021-10-07,1511.6635196582445,1516.6969840019344,1486.7869877646697,1498.9349365234375,576382
2021-10-08,1501.3063553743382,1504.2102361390855,1471.7835675994077,1480.3984375,1293018
2021-10-11,1483.6896195464967,1493.9983023839523,1468.7345617695921,1487.3677978515625,731875
2021-10-12,1486.7870430196833,1497.0473987211788,1471.3964503878312,1483.834716796875,635193
2021-10-13,1484.4154515401544,1492.691440575225,1465.3950094713316,1471.6383056640625,847206
2021-10-14,1475.171599423409,1480.0114012587876,1465.4919957526517,1471.541748046875,423838
2021-10-18,1490.3684077404139,1490.658843090416,1469.363716760553,1470.7672119140625,516940
2021-10-19,1476.5267775305197,1495.1115694400658,1466.8955009176043,1480.2049560546875,674830
2021-10-20,1482.9152671870315,1485.8191482585466,1448.649446911309,1456.1995849609375,844842
2021-10-21,1469.3636337024661,1477.7848404659314,1437.4209460132822,1457.1673583984375,553982
2021-10-22,1464.281968989887,1481.6568094098013,1443.66436698187,1452.472900390625,941101
2021-10-25,1460.0713757806714,1460.0713757806714,1428.273902781589,1448.9881591796875,373740
2021-10-26,1448.9881276596864,1470.234927196499,1445.5519394811138,1457.5062255859375,398883
2021-10-27,1456.7802304024228,1477.0589511300532,1447.052182264621,1452.32763671875,874605
2021-10-28,1453.8278274514403,1471.2995569539519,1413.4639329223737,1424.6439208984375,449386
2021-10-29,1428.720365023633,1452.9367395790698,1392.953849690581,1437.9896240234375,358571
2021-11-01,1445.2205491849058,1477.153249891345,1434.5925475420815,1473.125244140625,517466
2021-11-02,1483.0741169264277,1489.043319823654,1459.051810385898,1464.0504150390625,714887
2021-11-03,1470.2620380546616,1486.9077005576876,1464.6325217251283,1483.3651123046875,388656
2021-11-04,1484.0443975305327,1492.7797798573965,1479.4826341523194,1483.7047119140625,31674
2021-11-08,1488.897594006504,1492.7314093886732,1460.798824354346,1466.42822265625,773438
2021-11-09,1466.573877050628,1475.3092608318693,1460.7988651655196,1464.53564453125,332602
2021-11-10,1459.7309803765518,1499.5740801909394,1455.8971652339217,1482.4915771484375,1104358
2021-11-11,1482.1033320547174,1488.8975189076205,1456.9648170027326,1463.4678955078125,554680
2021-11-12,1474.3384360515643,1479.7737614283242,1458.808867271561,1465.845703125,286747
2021-11-15,1472.3974388552124,1496.6623933518374,1458.4208013689117,1491.3726806640625,446822
2021-11-16,1498.3606624603271,1502.7283534602116,1470.6986194610595,1475.3089599609375,265077
2021-11-17,1467.2530397649214,1485.9856297135586,1466.3795962959741,1484.04443359375,566753
2021-11-18,1484.0443920743364,1490.5959287953972,1446.6763678134719,1467.8839111328125,598304
2021-11-22,1467.5442197387536,1475.2119678635236,1414.1613281477275,1419.35400390625,774628
2021-11-23,1407.2704324212984,1429.788264525613,1377.2789226711143,1415.6175537109375,583697
2021-11-24,1417.0732430887604,1477.2503260144474,1417.0732430887604,1444.1529541015625,1355957
2021-11-25,1450.073374484863,1464.7293802094546,1427.6040076699323,1449.05419921875,926456
2021-11-26,1446.1912534794005,1451.0442442628885,1405.5231670175278,1410.9100341796875,870438
2021-11-29,1397.6613838896637,1416.4910123410887,1377.2788220412726,1392.0804443359375,552009
2021-11-30,1392.177317119983,1411.5408196928538,1383.2478622741642,1395.089111328125,1428578
2021-12-01,1403.4847736246095,1407.1730935895496,1391.400875352067,1398.146484375,397870
2021-12-02,1397.6611804383924,1429.1570395078722,1394.749386312479,1420.664306640625,515144
2021-12-03,1432.214410701074,1442.6969166809035,1391.8375568756771,1406.7847900390625,1149769
2021-12-06,1407.4158481961688,1420.5673816044498,1369.5139443012283,1377.6669921875,542372
2021-12-07,1383.1022399107658,1397.661210857195,1363.641701353222,1374.70654296875,873771
2021-12-08,1391.8862802139408,1407.3672728225022,1378.734628306458,1402.5142822265625,774617
2021-12-09,1402.5142366542273,1408.6775108145623,1385.6743835297423,1395.331787109375,329879
2021-12-10,1400.8643885345411,1403.92167799026,1390.2848447673146,1397.5643310546875,343809
2021-12-13,1398.6319269181135,1402.514319498039,1376.3081695835426,1379.17138671875,675222
2021-12-14,1381.7433792323568,1396.6420358079288,1365.534438967558,1392.7596435546875,496630
2021-12-15,1388.0523117472235,1389.8964718236791,1352.916708106177,1359.3226318359375,704620
2021-12-16,1365.6313765912391,1376.6476401191003,1339.7164575622648,1367.0386962890625,658200
2021-12-17,1365.8257279639959,1370.4846466766328,1311.2781569830956,1318.80029296875,1499248
2021-12-20,1310.307520710808,1317.1502851558973,1276.336584988676,1311.6663818359375,652830
2021-12-21,1317.1017849485768,1346.3167676833941,1311.6664586111365,1329.331298828125,861852
2021-12-22,1325.7400119883098,1342.3372163466784,1302.9794147077287,1305.6485595703125,539391
2021-12-23,1308.366214370386,1325.7884025475962,1304.3382086343536,1314.044189453125,510565
2021-12-24,1320.0135626599533,1321.4694599717106,1295.8456435885369,1300.9412841796875,234118
2021-12-27,1298.6603325290794,1313.4133771055315,1288.4690518926404,1307.0560302734375,265507
2021-12-28,1311.908864396466,1362.7196480916773,1310.0161271298373,1348.451904296875,792097
2021-12-29,1356.071216414867,1365.8742339428713,1335.009165666118,1339.6195068359375,595610
2021-12-30,1338.3090447460352,1339.3282200508088,1318.9941206168244,1333.4560546875,373434
2021-12-31,1333.4562461442654,1365.5830212482697,1332.388611874338,1360.0506591796875,343301
2022-01-03,1360.7785306226071,1389.217102228532,1357.1387877625252,1368.3492431640625,295484
2022-01-04,1375.3376060515868,1395.7201676091615,1373.3964097127703,1381.7435302734375,390918
2022-01-05,1387.8582653768426,1413.3849246582092,1383.5876099837014,1406.9305419921875,344446
2022-01-06,1388.1978859918256,1416.1025804314445,1388.1978859918256,1406.3480224609375,312701
2022-01-07,1398.6318101105658,1421.8291275345262,1397.2729491248342,1404.0186767578125,334076
2022-01-10,1417.995378485706,1428.720535879191,1392.808402844184,1402.3203125,302135
2022-01-11,1392.8081955466137,1407.1730940151172,1376.7933277929417,1384.606689453125,679549
2022-01-12,1387.858224959235,1391.8376534101208,1372.4256917168136,1385.1405029296875,344002
2022-01-13,1386.3053277646184,1403.8245525596094,1366.7477521538628,1368.5433349609375,730701
2022-01-14,1361.2639442399422,1385.7715482271499,1360.341923363606,1373.9302978515625,357396
2022-01-17,1373.930107941438,1421.2467625645609,1373.930107941438,1390.236083984375,491451
2022-01-18,1417.0734055281932,1421.9263966430158,1372.8626090796681,1405.0379638671875,1692259
2022-01-19,1413.0938348429186,1413.0938348429186,1370.5815895465755,1381.1611328125,452596
2022-01-20,1353.0137287716393,1353.0137287716393,1279.3453105174576,1345.63720703125,2296373
2022-01-21,1320.1102993710774,1357.9636208912784,1316.1308713177577,1341.0267333984375,536891
2022-01-24,1337.4840738137443,1338.8429347402748,1286.576254971443,1291.865966796875,763104
2022-01-25,1291.866214240717,1315.597293022671,1266.6306608445798,1306.57080078125,1105736
2022-01-27,1294.6807630234891,1349.0827126554277,1279.2968076220945,1332.8251953125,809958
2022-01-28,1325.8369367426496,1374.1727670412702,1325.8369367426496,1332.8251953125,506536
2022-01-31,1342.3372856915241,1356.3139232084181,1320.9841256877546,1328.845947265625,1035056
2022-02-01,1333.601908760077,1361.6036427550464,1325.5458964165623,1328.89453125,857386
2022-02-02,1329.7194803920997,1356.4595071165606,1329.7194803920997,1343.25927734375,410524
2022-02-03,1342.3373058207803,1350.102091393135,1326.5165078246182,1343.6961669921875,316535
2022-02-04,1346.219473276229,1350.3930922152779,1313.2191401173309,1324.720703125,660886
2022-02-07,1320.1104903284213,1332.0973535141752,1287.1101539731249,1297.689697265625,972861
2022-02-08,1297.6895902486708,1347.869461940598,1297.641012953785,1326.031005859375,1016198
2022-02-09,1333.553332812534,1337.678375110923,1311.2781517937242,1326.662109375,604378
2022-02-10,1326.0311444896026,1326.0311444896026,1298.7573601841727,1304.7265625,579032
2022-02-11,1300.6015635903193,1316.5193974678184,1277.0645576820616,1303.9986572265625,837852
2022-02-14,1286.0426352224808,1288.8088164397327,1242.608365089495,1247.9466552734375,970046
2022-02-15,1247.9464164949409,1261.7288611220804,1236.541889647719,1257.021484375,739559
2022-02-16,1257.8951830357637,1265.6599681162315,1244.3068091449454,1249.2568359375,427094
2022-02-17,1246.248068333775,1267.9894913529768,1246.248068333775,1258.8658447265625,655859
2022-02-18,1258.7201837566695,1264.1070508672153,1237.51263793227,1244.88916015625,391940
2022-02-21,1237.5125611724764,1247.0244698194633,1218.1976355410713,1229.505126953125,581516
2022-02-22,1210.3359035317767,1249.6451289472031,1198.6887256309094,1238.2406005859375,668981
2022-02-23,1239.9390955085012,1250.1303757455573,1228.9228305675454,1242.2685546875,549493
2022-02-24,1222.7597293141534,1232.659784124868,1198.688845192293,1204.3668212890625,838799
2022-02-25,1204.5122008903274,1242.3655254952612,1204.5122008903274,1234.8919677734375,402028
2022-02-28,1221.982927736271,1236.3478260663996,1189.9046152431663,1226.641845703125,1341945
2022-03-02,1220.5270863825308,1224.8947777453309,1201.600423810396,1214.7520751953125,915621
2022-03-03,1240.4245399743727,1240.4245399743727,1202.571208942291,1204.07568359375,507149
2022-03-04,1198.6888012741883,1199.6593994938435,1171.5120511238424,1182.4798583984375,1697979
2022-03-07,1183.1592116527197,1190.1474713347982,1156.953060123086,1169.9105224609375,711060
2022-03-08,1164.7176753778876,1197.8636229192584,1162.825056547882,1181.8487548828125,1009790
2022-03-09,1201.5033494679503,1209.3651699745933,1169.522072640331,1199.7562255859375,1380187
2022-03-10,1222.953629749992,1247.0245104899384,1211.3064523238015,1223.0992431640625,1099064
2022-03-11,1222.9536817028263,1227.8066725032345,1211.8403801623804,1219.0712890625,670143
2022-03-14,1226.8360669762171,1232.9993415594818,1192.3798325002235,1220.138916015625,454323
2022-03-15,1217.2268805230763,1230.3299530108848,1168.0660700485032,1175.1029052734375,807720
2022-03-16,1184.3238696789917,1211.5491964304845,1173.0649543176812,1183.353271484375,1180168
2022-03-17,1205.4828584685436,1236.7846476679078,1178.6943741988189,1232.0772705078125,1520083
2022-03-21,1240.3759626703013,1240.3759626703013,1201.6006107106991,1204.07568359375,587899
2022-03-22,1204.1726540859138,1216.15951789647,1188.109206836133,1213.635986328125,388976
2022-03-23,1214.218297097212,1234.4067862000295,1211.2094665000895,1215.6741943359375,628795
2022-03-24,1211.3064812991504,1219.7992150422333,1201.2122369254137,1207.5697021484375,532228
2022-03-25,1213.247485914,1236.9785593459978,1211.3062899365375,1228.34033203125,1058844
2022-03-28,1236.5421030947562,1236.5421030947562,1205.5315380901682,1228.53466796875,618924
2022-03-29,1228.5345075993398,1246.6361853084024,1226.4962753477575,1238.3375244140625,349086
2022-03-30,1238.3375861993916,1297.0587723879607,1238.3375861993916,1290.7984619140625,650566
2022-03-31,1287.15867381993,1306.9103211488487,1279.1996984360524,1289.2454833984375,649870
2022-04-01,1282.2572795273757,1313.3649997442685,1278.229273234523,1308.94873046875,212179
2022-04-04,1308.948505392384,1327.0016054104005,1299.9220146239793,1310.2587890625,579597
2022-04-05,1305.4545754583448,1319.1885636473303,1300.601584471511,1312.1031494140625,175565
2022-04-06,1310.1134192513798,1334.5724450333212,1309.8221924163397,1327.1959228515625,268510
2022-04-07,1327.1959414532023,1363.1080732047071,1326.8562557950404,1355.5859375,582805
2022-04-08,1358.6433251847996,1362.7197899845737,1330.3017883784405,1339.6195068359375,312378
2022-04-11,1335.2031333564305,1345.6855204397248,1312.2484674594396,1316.130859375,397845
2022-04-12,1316.1309897686017,1327.1958315204204,1305.7940965730706,1312.8309326171875,362320
2022-04-13,1308.026545958789,1323.8958011101647,1305.939736359037,1318.703125,163075
2022-04-18,1311.8604636748344,1334.3784123212838,1306.425137615768,1317.3929443359375,217047
2022-04-19,1318.6546735145523,1343.1622777428554,1293.128012278361,1302.9310302734375,324789
2022-04-20,1306.4252544325602,1334.5726038965604,1298.1751692448358,1323.0224609375,398694
2022-04-21,1322.925254369786,1370.4845628540997,1322.925254369786,1359.8079833984375,546851
2022-04-22,1305.4543150466202,1310.3073050653807,1274.9290552210962,1279.2481689453125,2371544
2022-04-25,1276.3365532971652,1287.983730969839,1242.3656184185334,1267.3585205078125,554626
2022-04-26,1274.0070091605435,1293.6131613582952,1264.3010284135012,1289.1483154296875,291069
2022-04-27,1271.4834274091365,1299.58219316436,1268.8628601039052,1279.636474609375,346202
2022-04-28,1285.9938735105166,1316.95597583373,1283.1792338748512,1298.1749267578125,654326
2022-04-29,1299.2426474982701,1303.4162668959393,1237.5612067429765,1242.5596923828125,1065203
2022-05-02,1235.8141068791692,1250.4216565756287,1215.1888959848575,1246.1510009765625,378864
2022-05-04,1246.1508136758587,1257.0700413316501,1229.7962608387584,1237.6580810546875,284167
2022-05-05,1251.1010473214326,1276.8218989537195,1242.9479989568404,1251.974609375,324056
2022-05-06,1243.627451186384,1256.34226319583,1227.9036901409984,1243.7244873046875,199042
2022-05-09,1238.6770995210534,1252.6537341838775,1220.0416656247542,1227.175537109375,331402
2022-05-10,1230.718367314714,1252.7994736683495,1225.477113978488,1230.57275390625,272485
2022-05-11,1237.5125876550317,1255.5656887669327,1233.290509581628,1246.6846923828125,464070
2022-05-12,1242.365527444712,1246.636182641545,1205.5798369592867,1212.3740234375,528459
2022-05-13,1215.7712300423022,1270.755639435727,1212.8594355658406,1242.75390625,667977
2022-05-16,1255.9538949774862,1273.3276240215619,1245.2287389764238,1259.690673828125,479794
2022-05-17,1266.6305488654075,1276.6762157291312,1248.1406072538514,1272.7938232421875,466755
2022-05-18,1277.3070826044745,1285.7512385696332,1235.6684009722655,1247.5582275390625,525100
2022-05-19,1228.000454101407,1242.3653508632403,1208.3944233005736,1214.16943359375,560493
2022-05-20,1223.9241827867397,1230.621333256359,1209.8990878784562,1214.800537109375,528786
2022-05-23,1212.2770731680978,1212.2770731680978,1180.7326337141642,1184.9547119140625,525859
2022-05-24,1188.9826530438572,1190.8268130999227,1163.7471028568038,1176.4619140625,575696
2022-05-25,1176.4619428573428,1222.953615920731,1170.5413180955566,1212.8109130859375,807827
2022-05-26,1225.8653738203386,1237.5125507687503,1211.5976294510185,1230.5242919921875,490371
2022-05-27,1232.6596140594163,1243.724456338555,1214.2182497545905,1223.147705078125,468268
2022-05-30,1227.8066133100626,1256.4878349502264,1223.2448495700924,1252.36279296875,351575
2022-05-31,1247.8009044373846,1261.728963596398,1207.6181190542002,1228.631591796875,2109279
2022-06-01,1230.6697816048106,1230.6697816048106,1206.4534070299596,1215.8197021484375,469989
2022-06-02,1222.225822937504,1222.225822937504,1189.9534317422117,1199.5623779296875,444779
2022-06-03,1205.8712517958825,1209.7050673710294,1179.7621359909117,1182.4798583984375,603052
2022-06-06,1184.129578221318,1186.0221969579611,1163.7470199076724,1165.5426025390625,750844
2022-06-07,1155.0118354824479,1161.7574454484484,1109.684947818609,1117.6923828125,1117981
2022-06-08,1128.2233850700097,1128.2233850700097,1070.569827593997,1075.131591796875,4260384
2022-06-09,1085.2258550678598,1114.2467657823033,1085.2258550678598,1092.2142333984375,2288225
2022-06-10,1089.011132184813,1097.7465155980601,1076.4903922629146,1088.089111328125,1109164
2022-06-13,1087.3612696649043,1095.320127942887,1039.5107284243084,1081.1978759765625,1524945
2022-06-14,1081.3918751782917,1115.2171945903826,1062.4166353104008,1112.111328125,1312603
2022-06-15,1112.1113582478383,1126.8644020798256,1099.0567426216646,1116.915771484375,450709
2022-06-16,1121.0407803397607,1128.223229814803,1087.069847602192,1098.5714111328125,672515
2022-06-17,1088.040315992374,1101.628687467747,1072.219521810711,1080.4696044921875,1136156
2022-06-20,1087.9919008219995,1095.8052629770764,1073.7241560393186,1093.233154296875,388341
2022-06-21,1101.6288041859525,1114.828914178635,1098.619973879572,1107.452392578125,280231
2022-06-22,1109.344984530043,1109.344984530043,1079.305022527537,1101.5802001953125,919853
2022-06-23,1097.7464664970285,1104.1039315336839,1085.5169539617395,1092.16552734375,383525
2022-06-24,1096.921331430127,1097.9403882209997,1079.110882183026,1087.409423828125,450371
2022-06-27,1096.7758606909913,1112.3054303998904,1087.4095652640688,1099.9788818359375,411878
2022-06-28,1102.5997023809523,1125.894062290409,1069.744972621571,1085.37158203125,1844323
2022-06-29,1071.5403479399315,1090.4670116943055,1071.5403479399315,1078.9168701171875,392085
2022-06-30,1078.3345392080996,1096.6788678467674,1076.247729499887,1087.991943359375,619793
2022-07-01,1087.0699630427669,1116.1879084814123,1073.3359750812942,1112.0628662109375,228217
2022-07-04,1115.2174080789991,1133.6587751403579,1104.395213712534,1127.64111328125,372144
2022-07-05,1127.8350289799362,1160.7383293391915,1126.3791317824578,1152.1485595703125,923135
2022-07-06,1149.2852081585957,1198.6886760752689,1149.236749341411,1196.01953125,647362
2022-07-07,1213.247851332418,1257.7983361295912,1186.8476254799186,1240.8128662109375,1265608
2022-07-08,1248.1891548529215,1252.3141967721479,1226.8359966828095,1238.67724609375,646576
2022-07-11,1239.4536846325336,1245.9081852299544,1216.6446309215983,1228.82568359375,314578
2022-07-12,1223.9241808126483,1226.835975057246,1191.9430214186325,1194.466552734375,281608
2022-07-13,1195.7768487814371,1204.3666181953536,1177.8207840878847,1195.728271484375,624780
2022-07-14,1195.728407733321,1217.3727950335233,1194.2240516087404,1213.9271240234375,266983
2022-07-15,1213.1990711437404,1222.8565935140693,1208.3946578483956,1217.4697265625,211719
2022-07-18,1222.8567112488458,1243.4819232581265,1211.015341971252,1234.3582763671875,385061
2022-07-19,1235.9596556732265,1239.0655222294815,1217.1300286627436,1233.1448974609375,493959
2022-07-20,1244.258306376181,1244.258306376181,1171.5605964907186,1181.0723876953125,2801062
2022-07-21,1190.826736849847,1202.4253358198935,1174.8603282997367,1189.2738037109375,820117
2022-07-22,1198.4945065930401,1198.688578808462,1168.6486168777687,1179.3251953125,497066
2022-07-25,1184.0324122300865,1184.0324122300865,1146.276129894643,1154.2349853515625,737793
2022-07-26,1153.4588611648453,1153.4588611648453,1120.0702612241384,1122.9820556640625,667568
2022-07-27,1123.4187720370267,1155.2544384863097,1121.0408539816742,1153.4102783203125,439202
2022-07-28,1158.2837121353173,1170.613680190139,1153.0690954745498,1159.1121826171875,849859
2022-07-29,1166.6174419057402,1194.5425964806454,1162.8648739569971,1189.0355224609375,639036
2022-08-01,1194.0063657463654,1203.7533564871521,1185.721423616697,1199.65966796875,518200
2022-08-02,1199.8546374480336,1212.5257262269324,1182.0663782007334,1210.4788818359375,510629
2022-08-03,1210.5763632648743,1215.596087762379,1182.6025448143687,1198.44140625,285116
2022-08-04,1198.53876464236,1208.6268764681286,1159.891921771833,1171.783203125,1042786
2022-08-05,1179.1908800037177,1186.2086651051243,1164.326720477955,1169.4925537109375,552645
2022-08-08,1175.2922706750508,1187.1835525910308,1154.141227946688,1183.3822021484375,589736
2022-08-10,1187.183581585451,1211.4048320110867,1182.5537605571005,1199.5135498046875,832004
2022-08-11,1202.7299624300288,1219.6410877819453,1199.464744090509,1209.5528564453125,519958
2022-08-12,1212.5255505491018,1212.5255505491018,1194.2499443812596,1206.5311279296875,659145
2022-08-16,1211.5511457655166,1269.0584004720051,1208.675830622928,1263.210205078125,709618
2022-08-17,1265.1593932992898,1334.3630272933187,1263.258777704858,1321.20458984375,1675014
2022-08-18,1320.717255898018,1327.8326067882044,1289.6243313908442,1293.1820068359375,418587
2022-08-19,1293.18212382453,1293.18212382453,1252.4884334761794,1256.6796875,377176
2022-08-22,1251.513842462341,1258.2879546866704,1202.778879749633,1228.754638671875,1493498
2022-08-23,1214.475225914841,1226.6589661427188,1203.6073058352067,1217.837890625,733327
2022-08-24,1206.1413306166778,1220.1770211843989,1197.7102787485076,1212.281982421875,783760
2022-08-25,1220.3234011772913,1252.1960174970948,1197.320523801307,1228.4134521484375,2414864
2022-08-26,1242.9849332708798,1257.1180691520228,1223.2472779885936,1228.1695556640625,595664
2022-08-29,1213.500451343467,1236.8932311284013,1189.1329724008272,1226.610107421875,469827
2022-08-30,1233.9692374864906,1260.139888276625,1233.676780121838,1255.705078125,547882
2022-09-01,1255.3150457411805,1255.3150457411805,1233.0431941967286,1239.3299560546875,296026
2022-09-02,1240.8894745693071,1252.1959610086192,1221.590502625093,1227.146240234375,291574
2022-09-05,1232.9945206937166,1242.8877416324094,1223.3937571155127,1229.9241943359375,245382
2022-09-06,1236.4057611541698,1245.1780527193155,1183.2846622318975,1188.109375,1852358
2022-09-07,1191.082477948738,1235.5287397452196,1191.082477948738,1217.740478515625,1060134
2022-09-08,1223.2474280985266,1250.3927755153431,1191.0823562839837,1197.61279296875,1192677
2022-09-09,1211.551070926317,1221.6879661125738,1179.337215695519,1190.400146484375,1262273
2022-09-12,1189.132839245782,1218.666268009941,1185.9162847927998,1209.0167236328125,706476
2022-09-13,1231.5811815382665,1241.766740252946,1194.5426131476763,1204.4844970703125,930820
2022-09-14,1194.9812264826205,1222.906382529173,1190.7899723043433,1213.79296875,628651
2022-09-15,1217.3993174699094,1217.3993174699094,1196.1021634546537,1203.6072998046875,496799
2022-09-16,1198.1489739876947,1208.5295441114718,1178.4113154778304,1184.6494140625,1026469
2022-09-19,1181.8714519752966,1190.8386361835808,1166.7636157888055,1177.4365234375,329474
2022-09-20,1183.2846670793751,1203.5584552612718,1169.6388801443575,1184.8929443359375,393867
2022-09-21,1183.284591597181,1190.3511593806072,1165.252660011886,1169.7850341796875,477872
2022-09-22,1161.8413738992417,1171.8808226254985,1153.0690816466467,1164.326904296875,317223
2022-09-23,1173.5377555271384,1193.031738177091,1145.8076128003122,1149.5601806640625,995567
2022-09-26,1145.2714109212227,1148.1467255942118,1113.2525701654488,1116.615234375,988721
2022-09-27,1130.6511698633021,1135.5246662851266,1118.3212001197167,1129.0916748046875,528786
2022-09-28,1124.8028584198364,1141.518973223049,1111.1570698428193,1134.5986328125,501473
2022-09-29,1137.9126104223392,1147.3184821349746,1119.7345642981384,1136.4505615234375,824143
2022-09-30,1136.4505013975802,1136.4992839510337,1118.9546980924413,1122.0250244140625,1527493
2022-10-03,1121.7326043918367,1124.8517133707253,1090.688457177392,1096.9752197265625,1267334
2022-10-04,1107.2583398351874,1124.656697523025,1106.2836405923747,1120.8553466796875,523647
2022-10-06,1126.4597785708038,1137.473926739506,1117.297701595728,1131.089599609375,1007667
2022-10-07,1135.3783063513108,1135.3783063513108,1110.1823565593893,1115.93310546875,1134702
2022-10-10,1106.8682589064201,1109.938584825463,1088.0566379248162,1100.53271484375,1053052
2022-10-11,1106.283492842263,1122.9996064203417,1098.4371173928103,1106.332275390625,836099
2022-10-12,1106.3323427383532,1114.081153562789,1092.442879537767,1105.601318359375,746825
2022-10-13,1101.4101665863866,1113.8375821828258,1092.3941984085777,1103.1646728515625,476988
2022-10-14,1108.2330105681588,1116.0306043100632,1094.6360040734482,1098.1448974609375,1441873
2022-10-17,1097.5112457015045,1108.7202859551169,1090.2984481767273,1103.7005615234375,915437
2022-10-18,1109.256402438824,1121.87870869281,1103.0183041545051,1120.3192138671875,1490999
2022-10-19,1148.1955167509022,1152.094313072637,1103.3105765042017,1109.110107421875,2589174
2022-10-20,1110.0849662831909,1127.9706731871772,1098.486021760163,1123.7794189453125,914488
2022-10-21,1123.8281151432263,1134.2086848426932,1106.3809766364843,1122.6097412109375,995950
2022-10-24,1135.5244167162025,1139.082092118587,1116.8589057266063,1120.9039306640625,79894
2022-10-25,1125.777510013056,1137.2302249417603,1120.5628933950757,1124.7540283203125,594839
2022-10-27,1137.9639419424827,1139.9209718917007,1125.7814782876521,1137.0833740234375,493714
2022-10-28,1142.8076381689266,1147.602385330966,1134.3924334577132,1139.3338623046875,468144
2022-10-31,1150.7335395749058,1158.4638312898057,1131.6524987401178,1144.8134765625,829508
2022-11-01,1149.7550756662029,1151.467476842727,1137.1322088182997,1146.9173583984375,375840
2022-11-02,1146.8196504514935,1151.7122257520546,1134.0499811379736,1142.7587890625,799025
2022-11-03,1133.5116976127044,1144.8134731743655,1131.7992965172145,1140.16552734375,391305
2022-11-04,1143.884077937869,1143.884077937869,1127.3471499275977,1136.2027587890625,235006
2022-11-07,1137.5239248343569,1141.3890121117206,1122.8951703112486,1135.322265625,472838
2022-11-09,1135.3220184735537,1145.84105462834,1124.020122546801,1130.674072265625,364895
2022-11-10,1129.206236283426,1135.0283523742953,1106.0154800764121,1110.4676513671875,467236
2022-11-11,1116.0453555835622,1124.2647862062954,1104.205228264958,1107.5811767578125,619654
2022-11-14,1113.1586394574565,1116.2409855951748,1099.459429465493,1109.0977783203125,334306
2022-11-15,1107.1897134780145,1108.6085124374008,1092.12055871128,1096.1324462890625,1274776
2022-11-16,1100.6337668942185,1113.011886615987,1093.2459305489124,1107.04296875,892837
2022-11-17,1112.1313659857424,1122.356800829764,1099.3616963663817,1103.0311279296875,641922
2022-11-18,1104.743436371263,1117.4641313870525,1100.0954901154937,1112.2779541015625,449207
2022-11-21,1112.2780479630353,1114.7733092057522,1096.915408926617,1103.5203857421875,1030548
2022-11-22,1103.5203135692238,1109.6360324429172,1100.3401397549032,1104.4010009765625,341523
2022-11-23,1104.4008568031995,1112.8160609853167,1101.4653121270455,1109.5869140625,1248207
2022-11-24,1111.20165681799,1145.8411131635285,1110.4677705371423,1144.7647705078125,1462853
2022-11-25,1149.7550670473324,1149.7550670473324,1130.184768033761,1134.4412841796875,475121
2022-11-28,1137.5239007825855,1148.1897401719275,1128.8150917601818,1133.9034423828125,1132220
2022-11-29,1138.0129704774022,1161.497331003161,1134.1967380024394,1150.4400634765625,538581
2022-11-30,1156.2132531149841,1187.1343019686396,1150.7825667542993,1185.12841796875,1400360
2022-12-01,1186.351835361768,1202.5951635593694,1179.1107990960456,1198.2896728515625,971036
2022-12-02,1198.2894144786417,1227.0088051049624,1195.794272961004,1212.03759765625,864356
2022-12-05,1213.3095854083479,1218.0065050284406,1191.8312296643026,1197.115234375,423089
2022-12-06,1191.3419700466281,1212.3800417969383,1185.617681390139,1193.93505859375,823892
2022-12-07,1200.6379991677782,1231.6080252363286,1200.6379991677782,1219.1319580078125,762091
2022-12-08,1220.2083024814626,1233.9075135758817,1214.9732707027665,1222.3121337890625,778965
2022-12-09,1231.7545550441837,1234.8367812988383,1215.4622587158583,1221.1375732421875,552253
2022-12-12,1221.1377331595963,1225.0517931169302,1199.4637217039656,1203.4266357421875,380539
2022-12-13,1209.444596754721,1224.8562087279306,1188.895780790442,1198.1427001953125,436001
2022-12-14,1198.6808219944467,1222.1162074290835,1198.6808219944467,1216.97900390625,410641
2022-12-15,1223.045985500381,1234.4457097281488,1198.9745391477877,1207.6832275390625,515065
2022-12-16,1203.5732705248831,1215.3154487739064,1195.2558942651583,1209.8846435546875,423279
2022-12-19,1210.423053458359,1223.1437484421574,1198.1426424449471,1221.5291748046875,307588
2022-12-20,1221.528994207825,1226.9108259052941,1202.8393843843191,1209.8846435546875,584204
2022-12-21,1210.9613690924584,1225.1008640332752,1190.4614067677264,1198.0938720703125,493935
2022-12-22,1198.0937112272568,1216.2940651427643,1186.5961607321422,1213.1138916015625,533499
2022-12-23,1207.732121577285,1212.380067761196,1188.063994246472,1197.3109130859375,824353
2022-12-26,1196.7727623087392,1227.0087788302485,1196.7237887819872,1212.08642578125,665901
2022-12-27,1212.3801291632092,1227.0578546978727,1202.0078936749076,1216.049560546875,330784
2022-12-28,1216.0496297154361,1227.0579244925825,1203.573562301337,1209.54248046875,432836
2022-12-29,1203.5736112384307,1218.251338204753,1193.5438311447772,1209.2000732421875,532654
2022-12-30,1215.2667963343558,1231.9505267835164,1208.417190546044,1210.2275390625,608914
2023-01-02,1213.3097424794887,1222.1163783215202,1199.904133476787,1214.6796875,336946
2023-01-03,1214.8262632028975,1259.8379491532262,1213.7987747662871,1240.365478515625,1324059
2023-01-04,1245.6496945139552,1250.9336998256165,1218.251272325117,1222.3121337890625,753595
2023-01-05,1230.971934725553,1253.77138320342,1219.8168392494822,1249.563720703125,671500
2023-01-06,1256.1196210635776,1261.305798191282,1237.8704124042504,1244.37744140625,442656
2023-01-09,1257.3917309778194,1259.8869919195113,1219.229647313901,1233.61376953125,467830
2023-01-10,1233.1246232248745,1239.1914882280269,1211.9398678646903,1215.0220947265625,474112
2023-01-11,1211.0100853943452,1221.1376912972312,1209.689114093556,1215.2666015625,534699
2023-01-12,1214.3371801081516,1221.2846130911203,1202.2035695680672,1211.8419189453125,372536
2023-01-13,1214.337094562257,1230.5804193993497,1210.667663374015,1228.18310546875,426159
2023-01-16,1230.922822418834,1244.6710051207983,1218.3000752363218,1222.6544189453125,682555
2023-01-17,1228.721262874783,1228.7702364048384,1204.5030161289978,1222.4588623046875,675386
2023-01-18,1207.487578914949,1207.487578914949,1149.2659330920644,1174.3648681640625,3977121
2023-01-19,1168.395831693093,1171.9184616472849,1137.7682657728342,1144.4710693359375,1400021
2023-01-20,1144.4712322399143,1147.7492339215498,1125.292360250393,1128.7171630859375,3037703
2023-01-23,1128.7169237334153,1137.719212927361,1118.002233484824,1135.0772705078125,832729
2023-01-24,1139.9700310758403,1139.9700310758403,1111.886696973456,1119.02978515625,427495
2023-01-25,1117.513227690704,1118.1003128664058,1100.2912662191472,1112.522705078125,214543
2023-01-27,1121.2313870942783,1121.2313870942783,1092.0227382798148,1107.3853759765625,500248
2023-01-30,1107.6790287269055,1114.284005267459,1091.044272995141,1109.24462890625,519697
2023-01-31,1112.033297486684,1114.724213672597,1094.8604313142532,1105.477294921875,1211804
2023-02-01,1110.4187906896477,1120.203939992702,1082.3353405213081,1101.1717529296875,657740
2023-02-02,1093.0010599550078,1111.788496823355,1083.8519702271806,1106.064208984375,552867
2023-02-03,1107.7279528792214,1114.5285843461793,1086.3473045836586,1109.0977783203125,199219
2023-02-06,1109.0977787891827,1115.2134975381805,1093.979769820713,1109.8316650390625,202835
2023-02-07,1115.7027722397142,1123.1395819112597,1091.9249290455896,1095.5943603515625,414200
2023-02-08,1101.3187053305562,1110.6145984452967,1093.3437836636458,1106.74951171875,255558
2023-02-09,1106.7494157231135,1115.5070770135983,1098.872322356378,1110.859130859375,234840
2023-02-10,1114.479648217783,1129.2063472324073,1110.8591903774613,1127.6407470703125,190828
2023-02-13,1130.1848567250258,1130.1848567250258,1114.7732450424119,1118.5894775390625,195148
2023-02-14,1114.7731223343064,1128.4723312109186,1114.7731223343064,1117.12158203125,174191
2023-02-15,1110.8590321174404,1119.225382230427,1102.9819394508834,1110.81005859375,306763
2023-02-16,1110.6146650493952,1114.1862691393037,1089.1363058700097,1094.371337890625,601356
2023-02-17,1090.848463262947,1097.8937227959584,1086.3961726686389,1093.392578125,320946
2023-02-20,1095.007344679265,1099.3616889927926,1084.2925329176933,1089.8211669921875,444030
2023-02-21,1089.0873230735021,1096.2793852797413,1072.6971948960706,1076.513427734375,536446
2023-02-22,1072.6971680953118,1080.5252888202947,1065.8475624609518,1074.849853515625,362708
2023-02-23,1077.785200350819,1082.1396633709535,1058.0192469385076,1070.5931396484375,283881
2023-02-24,1071.47394609695,1077.9321213345827,1063.5968524128,1065.70068359375,214234
2023-02-27,1068.049246704719,1076.366625171957,1057.2855804529995,1073.822509765625,224597
2023-02-28,1076.4643565165172,1085.222137670267,1065.309261327446,1078.1767578125,475223
2023-03-01,1078.3235086943973,1082.1397410085222,1068.3915577511073,1076.8067626953125,196382
2023-03-02,1081.2592190128012,1082.4823629257116,1059.7318861455778,1063.4991455078125,954939
2023-03-03,1066.5814881854465,1068.4406908158496,1052.8822764105876,1055.9156494140625,538047
2023-03-06,1061.1504715686276,1071.963109359934,1051.169667028671,1069.0765380859375,461653
2023-03-08,1069.0277597753657,1071.3762199335088,1058.4108947005352,1069.908447265625,459244
2023-03-09,1069.9082459589533,1075.387905665175,1056.8939496400071,1060.7591552734375,259973
2023-03-10,1055.8176738597867,1061.6887637978393,1049.0658965415003,1052.0504150390625,364757
2023-03-13,1053.3223183402124,1086.5918250038335,1053.3223183402124,1057.8724365234375,820862
2023-03-14,1057.970307263365,1061.933340556586,1029.642347478155,1048.968017578125,540425
2023-03-15,1059.731724412163,1059.731724412163,1034.4859901235693,1037.8619384765625,440551
2023-03-16,1040.6017586268479,1048.136396010155,1026.5112377833902,1038.498046875,302074
2023-03-17,1042.0695111483374,1051.6100324869374,1039.5253960142372,1048.08740234375,475397
2023-03-20,1039.7212957345141,1065.700800681819,1039.7212957345141,1055.9156494140625,1047458
2023-03-21,1061.639795360346,1070.4464303096565,1042.2162966116705,1059.8785400390625,707945
2023-03-22,1059.8786353348648,1068.5384699241172,1052.3929710653736,1058.459716796875,248389
2023-03-23,1058.7043727000582,1077.2961597411443,1056.9919712620633,1060.612548828125,433489
2023-03-24,1060.123164503205,1061.590936988825,1046.5707557755081,1053.2735595703125,346534
2023-03-27,1054.790135245171,1060.9058536401815,1042.950128321956,1051.169677734375,394579
2023-03-28,1056.7472326946122,1059.6339236301924,1037.8129912226261,1042.4609375,319213
2023-03-29,1052.4907940612236,1056.7962842941727,1038.938384119757,1050.142333984375,376572
2023-03-31,1050.4357882763193,1064.6242549088358,1045.1029296314232,1046.521728515625,793594
2023-04-03,1052.0016616124676,1060.7104707321798,1043.3418260315377,1056.5028076171875,839450
2023-04-05,1068.538307439158,1089.0871210437572,1058.7531581036346,1069.5657958984375,513931
2023-04-06,1066.581347333734,1070.34860618479,1057.8725399659781,1065.2603759765625,245989
2023-04-10,1068.5384069082345,1078.0789283984866,1059.0468589482684,1075.2412109375,245512
2023-04-11,1076.3664454654042,1077.932045496556,1054.7901430295246,1062.422607421875,346671
2023-04-12,1066.5813720598242,1070.4464586107122,1057.6279357351164,1067.4130859375,481932
2023-04-13,1068.4405726667646,1072.746062638002,1061.1995376398154,1064.4775390625,661040
2023-04-17,1069.4190974398493,1083.7543664821922,1058.7532597506165,1080.37841796875,509340
2023-04-18,1083.2160798367372,1113.5010706041598,1070.0551011715213,1106.455810546875,872244
2023-04-19,1100.8783104434779,1100.8783104434779,1047.5492447884303,1053.0777587890625,3169350
2023-04-20,1056.6983124212104,1067.5598044152873,1038.5468124222673,1053.126708984375,666329
2023-04-21,1058.361678104303,1058.5084792269065,1032.3332059943482,1036.8343505859375,559059
2023-04-24,1047.011035297542,1067.3641947907895,1043.1459488808696,1046.4239501953125,957468
2023-04-25,1051.9034413880602,1059.5359048348505,1046.2769811201706,1050.6802978515625,576203
2023-04-26,1049.9466306064505,1049.9466306064505,1038.2044502082422,1047.7939453125,494260
2023-04-27,1051.7078533747708,1051.7078533747708,1035.9048139843437,1043.1947021484375,988205
2023-04-28,1047.0110414724588,1059.7317363688533,1043.1948091140143,1055.9644775390625,527428
2023-05-02,1056.0133855806978,1067.2663085640531,1053.1757875169178,1063.69482421875,584124
2023-05-03,1066.385788189452,1067.0707009703942,1053.909720846607,1065.064697265625,448506
2023-05-04,1062.667215598475,1077.0024832343327,1058.899957001762,1066.3856201171875,470960
2023-05-05,1063.1565343508687,1074.4094567116924,1047.0110370505563,1049.1148681640625,369250
2023-05-08,1050.925103794708,1063.6457987195975,1047.0110438178192,1059.6339111328125,288054
2023-05-09,1061.6888272249844,1077.2472403798365,1057.4323106551306,1074.94775390625,428096
2023-05-10,1086.1517089181996,1087.130223971279,1069.5169530158487,1084.24365234375,564308
2023-05-11,1084.2435057294485,1087.9617907597712,1078.7148725376185,1086.2493896484375,373263
2023-05-12,1088.5489538414197,1101.9546808852515,1082.237579929203,1094.1754150390625,403079
2023-05-15,1098.8723354106664,1107.3853680573247,1088.353299252461,1095.1539306640625,285321
2023-05-16,1102.7375201640393,1102.7375201640393,1086.6409948984497,1093.2459716796875,502923
2023-05-17,1095.9856792331145,1095.9856792331145,1076.4642349941128,1078.6658935546875,249895
2023-05-18,1085.9559222620514,1095.8388992125683,1069.0275661134253,1071.2781982421875,307752
2023-05-19,1075.387974626065,1076.9535747214359,1050.7782987239407,1053.5181884765625,421302
2023-05-22,1055.3282812360708,1074.4093210915212,1051.5120493754575,1069.22314453125,687647
2023-05-23,1070.495428328259,1076.3665184287797,1058.7532481272178,1061.29736328125,667188
2023-05-24,1053.860643562079,1059.82956110777,1043.390580954767,1051.5611572265625,1032560
2023-05-25,1051.2676076030073,1059.68281304362,1046.521833556351,1057.08984375,574576
2023-05-26,1058.753448920683,1081.1614709435632,1056.6007632546202,1076.3177490234375,658681
2023-05-29,1183.9052342252044,1228.7211462192258,1150.8313819091306,1165.3623046875,8245590
2023-05-30,1159.540332353975,1168.3469677895748,1143.6394628174753,1159.1978759765625,1360051
2023-05-31,1157.094188746668,1167.4664256611245,1144.128862741684,1156.7027587890625,923876
2023-06-01,1147.7981269367858,1202.3993132350836,1147.7981269367858,1198.925537109375,1228214
2023-06-02,1200.7358196921568,1210.1785140165014,1189.1404399907444,1206.4112548828125,652537
2023-06-05,1210.6677180392298,1216.4898346750745,1193.837307341602,1199.904052734375,342547
2023-06-06,1193.8861681952474,1212.9672113438853,1187.9172503818672,1211.156982421875,386992
2023-06-07,1219.8657526741115,1245.1603416182445,1215.1199787979417,1230.3358154296875,962461
2023-06-08,1236.7939640371085,1239.778482512026,1222.8501255400317,1225.73681640625,342612
2023-06-09,1223.0948045093403,1231.0697258316848,1186.9876957397214,1189.385009765625,635421
2023-06-12,1194.8895661343795,1202.4092556182745,1174.8862969775128,1191.8916015625,301610
2023-06-13,1201.1805365609478,1207.1765856176787,1190.3679458063075,1199.01806640625,486419
2023-06-14,1195.8234792208104,1197.0029866209613,1184.7651473797216,1191.400146484375,523635
2023-06-15,1191.4001579251158,1202.0160846001554,1179.653679995657,1188.8935546875,887511
2023-06-16,1191.3018211655988,1238.4840396727716,1190.9087320038416,1233.3726806640625,1685160
2023-06-19,1244.0869729922213,1248.3628374530972,1220.9381495455777,1238.4349365234375,354553
2023-06-20,1256.2263023478308,1272.8874717419003,1239.1227277543726,1270.2335205078125,758433
2023-06-21,1273.8214281323192,1300.3614218908065,1266.1051946858356,1280.358154296875,645726
2023-06-22,1280.3090133614833,1293.5790108128308,1249.0507491465246,1254.2113037109375,630696
2023-06-23,1254.0639159794478,1258.880337429474,1238.6313289142986,1252.687744140625,325251
2023-06-26,1254.2605745372853,1264.09020286438,1238.0908839354465,1259.6668701171875,418525
2023-06-27,1259.6668441641734,1310.28942900573,1252.3438192075967,1305.7186279296875,1634789
2023-06-28,1305.3746295618823,1315.1550616591303,1291.80969460183,1309.9945068359375,999855
2023-06-30,1309.3063515062195,1329.4570873965179,1298.5429576488477,1321.544189453125,1056830
2023-07-03,1327.048967613279,1330.9316226521123,1309.8471187237576,1315.302490234375,482320
2023-07-04,1319.775012650185,1319.775012650185,1284.3883522461524,1292.645263671875,662393
2023-07-05,1293.3825818875098,1312.255420842722,1284.3884477015945,1304.489990234375,482995
2023-07-06,1304.489910510914,1322.8221907659754,1296.134726694075,1317.36669921875,597110
2023-07-07,1317.3667126684834,1331.3739327397207,1302.9664034649015,1314.8602294921875,640267
2023-07-10,1314.8110068378194,1323.510203550603,1299.378538996636,1319.9224853515625,671900
2023-07-11,1323.067850475475,1334.126181320831,1310.3876071080197,1323.4610595703125,597657
2023-07-12,1322.0850268128154,1343.4152725577262,1311.4689800882716,1339.09033203125,499719
2023-07-13,1341.6950275605666,1359.4375541192353,1329.4079925450276,1333.33984375,375783
2023-07-14,1332.897638927066,1355.4075124321369,1328.4251099152589,1352.3603515625,447923
2023-07-17,1352.0161648186838,1359.4375821171457,1330.8333880099765,1341.9407958984375,364464
2023-07-18,1345.8726293963189,1351.3281209797017,1320.9545461990638,1328.6217041015625,752293
2023-07-19,1315.3025825062134,1363.5169589151496,1293.5791272398912,1343.1695556640625,1601263
2023-07-20,1338.2547503089027,1382.9304847094882,1324.1001809845434,1374.8701171875,1363037
2023-07-21,1381.5050348025206,1399.0510169723334,1364.6963947315774,1385.5352783203125,898024
2023-07-24,1378.2121956052758,1385.9776261613176,1354.1296056471538,1363.8609619140625,484640
2023-07-25,1366.4165441111377,1377.1308624710905,1344.6930905499298,1349.7061767578125,694314
2023-07-26,1354.1295889410333,1360.174834425485,1338.8445887219648,1345.9710693359375,407577
2023-07-27,1341.6460079772976,1360.0765612776197,1327.589591330686,1334.568603515625,468921
2023-07-28,1336.7310825332172,1354.0312031267772,1334.5684924649152,1350.3450927734375,359852
2023-07-31,1351.5739096755458,1367.4978597423997,1326.999838590536,1361.89501953125,792736
2023-08-01,1368.2842612746285,1368.2842612746285,1329.1622925896536,1339.434326171875,850668
2023-08-02,1339.4342851304727,1357.4716285354168,1328.916511162681,1335.64990234375,1068438
2023-08-03,1335.6006973188018,1342.4322407458399,1309.6013793948243,1324.3948974609375,473287
2023-08-04,1326.999721816507,1351.5245946049613,1323.6576244449288,1343.61181640625,285450
2023-08-07,1344.791383734029,1397.7731026935965,1344.791383734029,1374.3785400390625,1109451
2023-08-08,1387.894202693893,1395.7088285272423,1364.499761308565,1391.7769775390625,778913
2023-08-09,1385.977526627791,1385.977526627791,1362.8779011839945,1370.2501220703125,404048
2023-08-10,1369.2672362350847,1369.2672362350847,1325.9185989855575,1332.35693359375,1588599
2023-08-11,1340.7121780725786,1364.8931610193297,1322.6257569935524,1347.1998291015625,740173
2023-08-14,1340.8105352270557,1346.8556608147874,1323.166279921395,1327.3438720703125,322253
2023-08-16,1322.0849397978366,1342.6779620534767,1314.7127189439452,1333.8804931640625,328308
2023-08-17,1333.8804103138405,1336.8292984722352,1311.7145529936809,1321.7408447265625,220848
2023-08-18,1317.1700702609826,1321.7408709954498,1301.442666436971,1305.2762451171875,312677
2023-08-21,1297.5109757232997,1319.9716530852415,1295.1027647115618,1306.7999267578125,267406
2023-08-22,1310.0928281382796,1325.4760994996805,1299.1818453964393,1302.2291259765625,262829
2023-08-23,1303.3594258657836,1309.1098540141236,1288.7624528528108,1297.8548583984375,434785
2023-08-24,1299.9191509068544,1321.986738508881,1299.9191509068544,1312.058837890625,660106
2023-08-25,1302.4257399488113,1324.8373403003884,1298.5921609425443,1303.212158203125,279437
2023-08-28,1292.5960296132366,1317.8090484095103,1292.5960296132366,1304.735595703125,274467
2023-08-29,1303.4086992193672,1317.071906414428,1288.6642569205055,1298.6904296875,396612
2023-08-30,1304.391688424131,1306.8490955236489,1292.6453304846675,1300.509033203125,391094
2023-08-31,1296.5278657997758,1304.735580754981,1286.8947828643227,1291.318115234375,837571
2023-09-01,1292.5961453318832,1331.4231778342478,1292.5961453318832,1318.4971923828125,639870
2023-09-04,1337.763095412299,1375.0666034567184,1322.4289006388394,1334.8634033203125,802413
2023-09-05,1336.8293345930551,1341.1051985401468,1314.7126728075082,1323.36279296875,776280
2023-09-06,1328.9656987017465,1334.519462491034,1315.3024918545527,1322.1341552734375,151416
2023-09-07,1326.999866556223,1334.8635694691488,1316.6787564830079,1327.1964111328125,379653
2023-09-08,1338.2545616330483,1338.2545616330483,1320.5121563393443,1326.0167236328125,902545
2023-09-11,1326.0168925337346,1346.6591125064613,1321.839300396397,1343.3662109375,242519
2023-09-12,1348.5758382089268,1350.3452193406015,1321.8392966029292,1327.4913330078125,885995
2023-09-13,1333.8805440246176,1339.925789353427,1315.9414725961362,1332.94677734375,244308
2023-09-14,1335.8464033756288,1351.4755354044073,1322.0849246064906,1345.5777587890625,173868
2023-09-15,1351.3772796521714,1361.4034520246432,1340.6629613384837,1354.375244140625,733387
2023-09-18,1358.8477538994255,1363.2710863535312,1340.8104111124637,1354.71923828125,783162
2023-09-20,1344.9881506673587,1363.0254954363359,1341.1545714544368,1351.9671630859375,404250
2023-09-21,1343.8575401562669,1355.5056246806078,1324.4931020950594,1332.5042724609375,392655
2023-09-22,1307.3403442533743,1331.9144108746782,1299.0343577315973,1320.806884765625,577758
2023-09-25,1323.166260986423,1327.3930492140155,1286.4034266039207,1293.5299072265625,400488
2023-09-26,1288.6641865494405,1300.2631951873805,1279.5225848271173,1286.354248046875,468184
2023-09-27,1288.6643301382112,1289.5490207245239,1273.3792094237092,1281.390380859375,435273
2023-09-28,1258.192319011183,1268.7591685653786,1244.430840521998,1252.540283203125,1191909
2023-09-29,1257.7992051100155,1291.6131502407661,1253.277600119465,1287.239013671875,925827
2023-10-03,1291.5639354772118,1291.5639354772118,1271.0201087522223,1283.01220703125,622904
2023-10-04,1273.9197843732018,1287.4355228262352,1264.090156407359,1281.0462646484375,414364
2023-10-05,1282.5700054245995,1292.5961787387341,1272.641984409119,1274.60791015625,205623
2023-10-06,1278.5888493838393,1303.8509450963654,1273.6740354327194,1297.1668701171875,404115
2023-10-09,1292.5470091368618,1298.1499696255742,1272.9861435437592,1276.426513671875,120033
2023-10-10,1284.7322866607108,1301.1969123696374,1270.135314134791,1291.8095703125,461070
2023-10-11,1297.5108381482746,1302.130715106059,1284.191644805903,1291.1707763671875,306389
2023-10-12,1294.5619627291676,1306.6524527463293,1290.040358004006,1302.327392578125,477626
2023-10-13,1297.5109379723554,1313.1400709960474,1288.025322647396,1291.56396484375,293987
2023-10-16,1290.630297584878,1319.5785072153556,1290.630297584878,1314.7620849609375,298736
2023-10-17,1317.1701923198582,1341.2035855193133,1313.7298224145452,1337.1734619140625,601632
2023-10-18,1338.8445446429928,1345.086334494374,1322.1832530031395,1335.4041748046875,252462
2023-10-19,1347.445385572225,1384.453837113863,1338.5495246893156,1348.3299560546875,1120954
2023-10-20,1348.2808705979041,1374.1819148809877,1336.5835899566687,1364.499755859375,496087
2023-10-23,1364.4997931372957,1395.2173796989782,1356.0463373136351,1375.214111328125,1275080
2023-10-25,1375.2633043826145,1386.2233641976457,1347.6912683353091,1354.8177490234375,511978
2023-10-26,1339.1393918536005,1351.1806865606754,1322.4782198265736,1332.5535888671875,368083
2023-10-27,1336.8453284081324,1349.1284716280811,1332.1589702458161,1339.163818359375,347173
2023-10-30,1334.378725420113,1340.4956074477607,1314.4000421005142,1336.3519287109375,222640
2023-10-31,1336.3518517136315,1366.245928021109,1333.8853477422147,1355.393310546875,519546
2023-11-01,1355.1468877864029,1366.838094487847,1336.6481048933636,1339.60791015625,197008
2023-11-02,1342.8634822150846,1360.1783893527731,1336.8452362348562,1352.5322265625,349810
2023-11-03,1359.2905429858254,1359.2905429858254,1341.778362156213,1344.442138671875,131204
2023-11-06,1344.738086089006,1366.0980364883799,1334.378768477902,1357.4158935546875,418854
2023-11-07,1356.5771354584977,1371.5241730743196,1339.311608279935,1361.115478515625,611603
2023-11-08,1361.1156983551357,1366.3447356048252,1343.0115810193513,1349.671142578125,290849
2023-11-09,1348.7337469746628,1351.0522366159437,1335.858548097162,1339.015625,179012
2023-11-10,1331.9122263675124,1344.1953687256598,1325.9926164725457,1334.132080078125,285344
2023-11-13,1343.4060188342728,1346.6617316743361,1318.09966509927,1340.89013671875,675464
2023-11-15,1355.5412375298324,1384.202062551291,1341.975465355862,1376.8519287109375,627341
2023-11-16,1381.1438070177483,1388.1486553208256,1373.4976434934154,1380.8477783203125,439134
2023-11-17,1384.9913721710393,1464.215408271036,1382.2288395212875,1426.77392578125,2327051
2023-11-20,1426.7741097055098,1431.8057544196147,1400.9744504915438,1426.7247314453125,717176
2023-11-21,1429.5857799899193,1465.1034391201035,1429.0431009126332,1445.124755859375,757349
2023-11-22,1450.3045709524542,1455.0895653478917,1419.5719023857907,1429.6845703125,206343
2023-11-23,1429.2898369646264,1457.3587276366145,1416.6120291857503,1419.7198486328125,499224
2023-11-24,1415.18151956836,1430.5724821863053,1407.485978041998,1419.2265625,701500
2023-11-28,1420.7063679859762,1438.3171832521814,1413.8495347310634,1430.6710205078125,1106120
2023-11-29,1436.3932701820117,1437.034585298542,1413.2573907771675,1421.2982177734375,851718
2023-11-30,1417.0067073718922,1470.0365493362015,1417.0067073718922,1460.1705322265625,1003720
2023-12-01,1472.0097394965226,1472.0097394965226,1430.1285454173321,1438.1199951171875,454189
2023-12-04,1445.2727729461915,1460.466462356671,1425.2447113912724,1451.1923828125,589575
2023-12-05,1451.2415903904061,1467.5205169591618,1434.518741270955,1446.7032470703125,677843
2023-12-06,1449.2684443982685,1451.0937537970804,1420.3610883379736,1426.3299560546875,313506
2023-12-07,1419.7692238293448,1434.6668854047339,1419.7692238293448,1430.02978515625,225090
2023-12-08,1434.6668266306053,1435.6040500328172,1420.755767324605,1429.98046875,287248
2023-12-11,1421.791575164056,1439.254496156263,1421.791575164056,1427.612548828125,472341
2023-12-12,1442.7076618353503,1453.8069305583833,1428.5992098623856,1435.8507080078125,765001
2023-12-13,1434.518816793159,1435.9987192864119,1409.804396981926,1433.9268798828125,386336
2023-12-14,1445.371458567351,1447.344661923757,1426.6260266814947,1443.348876953125,655313
2023-12-15,1450.8471127598793,1453.214860385409,1428.352546839168,1432.2003173828125,423327
2023-12-18,1423.7155123438883,1444.0887393979729,1413.6521035842688,1429.9310302734375,459786
2023-12-19,1429.9311239250185,1432.44700638839,1416.3160929723294,1422.72900390625,561481
2023-12-20,1425.8366331443065,1434.173489211658,1389.2337366134182,1394.265380859375,409956
2023-12-21,1393.081543576605,1396.0413485558754,1368.2192299246428,1386.915283203125,234544
2023-12-22,1394.1668346549686,1409.064496200313,1386.9153362652748,1403.53955078125,230698
2023-12-26,1403.9340397912504,1420.0649514390743,1384.2020083114014,1397.12646484375,398150
2023-12-27,1400.777118089574,1412.8136104516343,1391.7496886006409,1396.0413818359375,326744
2023-12-28,1409.853890160844,1421.6931110719217,1397.3240962038665,1417.7467041015625,239294
2023-12-29,1408.8177970172758,1408.8177970172758,1391.1577235909972,1401.072998046875,289414
2024-01-01,1409.8537622747683,1424.060850166311,1400.9743473969006,1417.94384765625,156358
2024-01-02,1423.6663459103136,1429.5365782340891,1396.5841756537093,1400.382568359375,491395
2024-01-03,1398.0639529923742,1400.3824428437583,1355.2946739947674,1359.537109375,701759
2024-01-04,1361.5596102742456,1379.2690611327657,1356.5772239324413,1374.5333251953125,581309
2024-01-05,1376.1120360543455,1379.8117922592148,1366.837956413852,1376.9012451171875,296418
2024-01-08,1376.3094904166956,1386.915459608079,1360.5238618527765,1376.9508056640625,659991
2024-01-09,1377.8387291363704,1400.9744921174956,1365.456828937052,1376.3094482421875,855991
2024-01-10,1376.3092254917947,1376.3092254917947,1358.9450615008584,1369.452392578125,639538
2024-01-11,1369.4031049535706,1380.0090728053365,1366.7393286437807,1374.582763671875,302118
2024-01-12,1372.4123238365432,1378.1345413559466,1362.4969287157874,1375.42138671875,446952
2024-01-15,1392.0949970736206,1398.1626216084874,1352.334900436161,1354.4068603515625,781961
2024-01-16,1354.4068178799334,1364.6673788783721,1335.3653575153726,1355.7879638671875,1288819
2024-01-17,1391.1578685550958,1456.2242068597736,1391.1578685550958,1434.962890625,5235862
2024-01-18,1434.5189052368887,1442.559733366266,1403.9342518239976,1420.755859375,503202
2024-01-19,1435.455970033489,1481.875624143447,1415.674679934778,1467.0272216796875,1134043
2024-01-23,1470.0364494438918,1479.655815472132,1431.164320586408,1459.381103515625,1546007
2024-01-24,1455.2374192725597,1492.7282815995816,1452.5242647620516,1488.28857421875,594375
2024-01-25,1488.2884901577,1489.7190142812613,1456.2733169158828,1462.3408203125,324540
2024-01-29,1462.3409303514395,1475.808067079651,1449.1205644726758,1468.90185546875,374957
2024-01-30,1472.7989902800039,1500.1278077922814,1465.004813163415,1479.6064453125,805250
2024-01-31,1479.606522170463,1484.8355593573935,1469.8885195068071,1477.0413818359375,506409
2024-02-01,1478.471884166807,1497.167936418022,1474.081434761262,1492.0869140625,339207
2024-02-02,1503.5808722613883,1503.5808722613883,1472.305649010961,1478.9652099609375,335712
2024-02-05,1479.902528630376,1500.917192710838,1479.902528630376,1498.2532958984375,379612
2024-02-06,1501.607655975242,1574.0242385041026,1498.7464872087037,1569.6337890625,1019177
2024-02-07,1578.4641155779277,1605.299634182286,1573.7777574089284,1602.8331298828125,1029393
2024-02-08,1602.8329999744633,1618.4706118787522,1590.401843399609,1598.9852294921875,831036
2024-02-09,1598.886563087483,1622.1703372587774,1585.5674412024682,1616.4481201171875,626195
2024-02-12,1627.8927443850907,1637.3148384431684,1589.957958606511,1593.65771484375,644401
2024-02-13,1593.3122838133188,1625.031550894415,1582.8050726063116,1608.802001953125,669899
2024-02-14,1578.5626778873675,1622.9597532029497,1578.5626778873675,1617.632080078125,238109
2024-02-15,1617.6319722093851,1637.4626404410196,1594.348198350136,1627.44873046875,329883
2024-02-16,1632.6283268957231,1640.6690333467914,1616.5466731240629,1623.354248046875,783069
2024-02-19,1623.4530161721714,1627.6460731875052,1613.1430770966124,1620.9371337890625,661296
2024-02-20,1610.1338402057772,1634.2069437663956,1605.4968607761505,1626.856689453125,894551
2024-02-21,1636.6734562715917,1644.6649053299122,1618.0266615123312,1622.5157470703125,511833
2024-02-22,1613.5869039780277,1630.5564031892775,1599.2811808917047,1624.19287109375,394970
2024-02-23,1632.628570113728,1632.628570113728,1599.429398236541,1617.286865234375,301727
2024-02-26,1618.026850364898,1642.6918938155827,1608.2102112454388,1628.435546875,347806
2024-02-27,1642.7903647608068,1710.767241764469,1635.0455659827949,1703.6143798828125,3828778
2024-02-28,1702.8744956180124,1711.6552746360219,1665.8275544484727,1701.34521484375,2135960
2024-02-29,1696.9547709078793,1701.3450999028912,1648.4140198209327,1688.8153076171875,3109844
2024-03-01,1701.296011149292,1701.296011149292,1613.1431725338473,1621.8251953125,1532835
2024-03-04,1629.8165219446907,1632.727069027339,1603.326292145217,1627.9913330078125,861437
2024-03-05,1627.942188783225,1637.758827557626,1619.9999968973625,1630.3099365234375,665170
2024-03-06,1631.7405450229937,1648.2661231871382,1611.1699240518942,1633.6151123046875,850658
2024-03-07,1623.0584024423817,1647.6248084031322,1617.3854427727304,1643.826416015625,907857
2024-03-11,1643.8263961189919,1676.2362368828922,1623.0583827971216,1632.1844482421875,589504
2024-03-12,1632.1844329323676,1671.6978776086034,1607.3713770842767,1638.843994140625,1272822
2024-03-13,1647.427600206731,1656.307015686606,1614.1297921571995,1621.2332763671875,1712838
2024-03-14,1610.0845092009372,1643.234420878755,1589.4152528759314,1639.63330078125,482962
2024-03-15,1611.1698714548877,1666.1235351432922,1611.1698714548877,1629.224609375,484001
2024-03-18,1623.9462899460889,1640.12658083445,1621.677058013447,1634.1575927734375,1258890
2024-03-19,1637.7587551745437,1645.602190195597,1621.1837991169402,1634.7989501953125,661062
2024-03-20,1631.296466117448,1643.4317147061163,1599.330668689803,1618.42138671875,404017
2024-03-21,1627.8928156948102,1654.5804400290517,1614.2284061469943,1650.634033203125,382800
2024-03-22,1652.2618007463388,1658.872104324913,1634.7989990212297,1647.476806640625,363547
2024-03-26,1647.4768325001087,1648.611448547465,1600.267965017348,1626.166259765625,1816648
2024-03-27,1637.758772502687,1647.526153124447,1628.9287357284647,1640.373291015625,209280
2024-03-28,1630.4085465068808,1670.3165336466218,1630.4085465068808,1661.930419921875,687954
2024-04-01,1686.1023176931244,1694.1431456941814,1667.6529139414295,1675.1016845703125,296627
2024-04-02,1677.2227381666642,1688.9139431663432,1657.6387202814951,1666.271484375,334235
2024-04-03,1677.222870382483,1687.0395090087522,1667.3568534978804,1670.0206298828125,635748
2024-04-04,1679.1960893391038,1679.3933615047156,1610.6766496137193,1616.349609375,665511
2024-04-05,1624.9329763083545,1704.8477128481097,1624.9329763083545,1694.784423828125,1085353
2024-04-08,1704.847675911624,1704.847675911624,1680.774571215732,1687.7794189453125,378044
2024-04-09,1701.8878750902995,1704.8476800904566,1655.5669750117513,1679.4920654296875,626217
2024-04-10,1687.0888764660867,1696.9548932875257,1658.4774276839132,1664.2490234375,148122
2024-04-12,1668.3434733017311,1673.6711465642215,1633.3684912399553,1644.8623046875,311722
2024-04-15,1625.1301360254943,1635.78548166744,1589.9085064578285,1608.4566650390625,385070
2024-04-16,1595.5320976891,1671.007121902877,1595.5320976891,1626.560791015625,1708675
2024-04-18,1687.0889859826502,1723.5932505916317,1648.9568044055009,1687.1876220703125,4921694
2024-04-19,1687.187550083537,1715.8976355857055,1652.1631895882135,1667.1102294921875,896851
2024-04-22,1669.7739329299538,1683.043797530826,1655.0242862724042,1663.410400390625,539679
2024-04-23,1663.4103573612254,1682.1557884346912,1649.5979344649875,1673.0791015625,635621
2024-04-24,1673.2764756234426,1700.8519448396703,1665.383662059181,1677.8148193359375,597042
2024-04-25,1691.33115254402,1691.33115254402,1659.759901689535,1683.931640625,632326
2024-04-26,1648.6113635837503,1696.313529460455,1648.6113635837503,1669.9713134765625,299903
2024-04-29,1669.9712977612696,1687.6314912859516,1651.8671816704411,1682.797119140625,564034
2024-04-30,1691.7751451353306,1706.2781409232186,1670.4151957577046,1687.7301025390625,1438902
2024-05-02,1687.5327827442886,1712.0499306565018,1672.4378494141986,1677.0748291015625,320184
2024-05-03,1684.819737421776,1684.819737421776,1619.4573723718756,1650.9793701171875,774101
2024-05-06,1652.3604633995649,1665.2355424515135,1630.112548397774,1658.8226318359375,847317
2024-05-07,1660.1546562254873,1696.905570077557,1644.4184070587144,1662.4732666015625,962627
2024-05-08,1652.8044575329961,1704.699681597801,1647.6247987345791,1699.42138671875,819541
2024-05-09,1704.4529800082457,1707.8074496925165,1622.811693779444,1629.4219970703125,548189
2024-05-10,1641.7051515949445,1672.7337254268414,1624.9823017402869,1639.2386474609375,478772
2024-05-13,1645.6021859704504,1665.926276456806,1624.3409925184262,1661.585205078125,379122
2024-05-14,1661.3878841415171,1677.4695400215605,1647.0329016708363,1661.239990234375,326910
2024-05-15,1656.45468321196,1662.2756566512917,1627.8432372426398,1630.7537841796875,327336
2024-05-16,1632.7762767635988,1657.4906951237251,1628.9778846742267,1654.3336181640625,389375
2024-05-17,1654.3337704924916,1660.598667169326,1639.3373524663327,1647.180908203125,400085
2024-05-21,1651.8177916936777,1653.4457084826145,1603.2276610435874,1625.771484375,547370
2024-05-22,1619.2105026664503,1629.2245330238334,1615.9054113833602,1625.6234130859375,457808
2024-05-23,1626.9061300324338,1642.6423782648421,1615.1162884222992,1639.1400146484375,235391
2024-05-24,1639.140058773191,1650.6832502801697,1624.6863200430714,1637.66015625,745275
2024-05-27,1627.991444134163,1644.6156587233638,1593.3617484862168,1601.7972412109375,692685
2024-05-28,1603.2276684641583,1621.5291770996112,1590.401847116445,1613.24169921875,527439
2024-05-29,1617.9773413705545,1618.2733700419565,1567.0687198887451,1575.454833984375,556931
2024-05-30,1573.4321987762592,1587.3432565324808,1558.3371469001884,1564.8980712890625,218899
2024-05-31,1564.1090225645605,1576.836208919662,1546.2515554070644,1559.5706787109375,2548278
2024-06-03,1608.160714278905,1608.160714278905,1566.7728225975998,1579.2039794921875,817180
2024-06-04,1573.6295935783667,1589.0699331132837,1460.6637073935874,1515.666748046875,1917683
2024-06-05,1509.9445637069446,1612.6498997534181,1509.9445637069446,1608.604736328125,847914
2024-06-06,1608.3087128315644,1627.6460811927861,1593.9536105698512,1622.762451171875,716813
2024-06-07,1626.5252822027878,1644.0025812212104,1614.3951622690672,1638.9525146484375,363770
2024-06-10,1638.952416839763,1673.4117850083703,1629.0502787092937,1663.658203125,278537
2024-06-11,1663.5592241896793,1663.7572186041796,1624.9408850567047,1629.248291015625,622014
2024-06-12,1638.7049578662545,1652.468954836314,1629.0503726324107,1638.803955078125,281407
2024-06-13,1648.7060069285017,1658.5585860670697,1634.8430134768507,1646.428466796875,206868
2024-06-14,1672.4710779261914,1749.6581938887252,1624.9408163865482,1713.9610595703125,5530486
2024-06-18,1714.0601074848248,1766.5414394875374,1713.0203346326005,1728.170654296875,3501765
2024-06-19,1735.844865159735,1764.5610665799475,1724.952512896896,1742.52880859375,2946420
2024-06-20,1743.519032020083,1743.519032020083,1693.2161202158034,1731.19091796875,1459465
2024-06-21,1727.9230950419726,1760.6001507075227,1724.5563439194711,1739.6571044921875,1163546
2024-06-24,1737.5777365318165,1769.3635766351588,1714.9018154103405,1754.163818359375,893193
2024-06-25,1758.6195960592472,1768.3237390274217,1727.972529264238,1762.8775634765625,802613
2024-06-26,1762.5805864553122,1786.1971617110462,1747.5788230190478,1769.4130859375,910690
2024-06-27,1772.4827364551263,1796.2478681170944,1755.8470959414644,1775.89892578125,1303155
2024-06-28,1775.4534208540604,1790.9997298419842,1767.7297045268303,1772.0372314453125,414902
2024-07-01,1769.5121312736496,1815.061967892893,1764.7096183269807,1789.4154052734375,514895
2024-07-02,1807.090713368984,1829.9151909132909,1782.3849262142444,1790.108642578125,924021
2024-07-03,1821.9935575593552,1845.659693704971,1802.3872741875048,1835.1138916015625,1447840
2024-07-04,1840.8074607925978,1843.728543162776,1803.2288952982985,1809.7642822265625,404757
2024-07-05,1809.0710964683462,1859.0274563886658,1808.6751076395203,1846.79833984375,599567
2024-07-08,1846.7982900783838,1853.38311512656,1813.576568845348,1820.95361328125,534239
2024-07-09,1821.0033039334871,1857.7402142748922,1821.0033039334871,1839.07470703125,699638
2024-07-10,1843.7285965382537,1866.1075258468315,1804.169602291639,1859.3740234375,928915
2024-07-11,1860.413845096632,1867.741330946583,1845.7586316452996,1855.8587646484375,400733
2024-07-12,1855.8587047904753,1859.918678178632,1840.0648426122168,1847.0458984375,126088
2024-07-15,1848.87788050475,1862.5427595993542,1835.4109958369606,1858.3343505859375,181341
2024-07-16,1846.7487017280207,1884.6739378939508,1844.3227263146389,1854.7694091796875,981612
2024-07-18,1857.2451022833206,1897.2497666317001,1845.6596484052195,1891.8531494140625,1156392
2024-07-19,1881.4559162118678,1895.7148992708833,1849.917507681926,1862.9884033203125,648489
2024-07-22,1874.4747996876629,1895.2692903339603,1843.2830637182167,1877.7425537109375,1590295
2024-07-23,1901.2106121420345,1906.1616814444876,1838.6785826769074,1861.9486083984375,1213581
2024-07-24,1861.9485997348363,1903.7356969785365,1858.6809665358505,1890.9619140625,947140
2024-07-25,1883.3865816427171,1945.7700488580122,1868.2362626830068,1941.3140869140625,1248295
2024-07-26,1938.83857096639,1960.672833049976,1933.0952827225406,1948.047607421875,796946
2024-07-29,1949.7309364380876,1983.3982050205634,1938.690028595458,1948.74072265625,1376808
2024-07-30,1944.185876477234,1984.3885341822304,1904.0326569387803,1948.2952880859375,1466306
2024-07-31,1940.8190979783556,2000.2319275083053,1940.3239910656062,1988.1513671875,956425
2024-08-01,2004.8363736341882,2011.1242070240903,1974.040748947464,1984.7349853515625,397222
2024-08-02,1964.584214603457,1988.1513518184397,1957.6527178785457,1963.89111328125,238801
2024-08-05,1940.3240458252167,1976.9123993597186,1896.309088389878,1920.22265625,505232
2024-08-06,1930.9169696013817,1959.4846144380342,1886.4069062677781,1894.526611328125,493145
2024-08-07,1915.073508399293,1933.6400173354286,1910.1224393496566,1916.11328125,667189
2024-08-08,1918.0441359156885,1962.554197998761,1917.0539221129443,1950.72119140625,993016
2024-08-09,1960.623490924779,1970.4760707233306,1941.561873651899,1946.7109375,721536
2024-08-12,1953.9890526826264,1965.5745064611035,1923.9855244604153,1932.352783203125,611318
2024-08-13,1937.749435128289,1971.862252641021,1911.1126593794133,1928.19384765625,974239
2024-08-14,1927.9463143028431,1960.6233704774675,1921.0643765799869,1958.5933837890625,749866
2024-08-16,1983.6459488562118,2026.7698115445435,1957.6032755440287,2016.7685546875,1194117
2024-08-19,2023.4523998229429,2029.9383487509438,1973.5457195590986,1994.3402099609375,570280
2024-08-20,2004.885820579424,2065.5859745085045,1992.4091509488094,2043.850830078125,1634070
2024-08-21,2049.742589201586,2049.79214824243,2026.6211208850093,2039.7413330078125,624633
2024-08-22,2039.8403218081032,2070.53694801007,2029.6906308864852,2062.813232421875,923088
2024-08-23,2069.0021055549496,2098.5600831782776,2064.6948207225773,2076.2802734375,703497
2024-08-26,2087.370654762781,2106.8778179394567,2059.8426632424776,2101.481201171875,995347
2024-08-27,2103.21422628848,2138.861925039132,2080.934414569322,2132.277099609375,1057812
2024-08-28,2142.77298209965,2149.7044783048073,2112.373468521599,2120.938720703125,618057
2024-08-29,2119.0575842347057,2126.3357525446786,2090.3413833268523,2117.423828125,611596
2024-08-30,2128.365321633417,2161.6366000851745,2106.2837485746672,2120.790283203125,2816240
2024-09-02,2121.0380055810597,2186.095005301119,2121.0380055810597,2164.2607421875,746937
2024-09-03,2173.321318911952,2194.9080283239473,2127.226817698243,2186.4912109375,798222
2024-09-04,2181.0944914413312,2240.853995398784,2168.6179416879386,2228.67431640625,1189741
2024-09-05,2232.93213768343,2261.648338123705,2222.485333655736,2233.377685546875,1041552
2024-09-06,2236.8928774559113,2262.6384351424335,2225.4558602102716,2239.56640625,828004
2024-09-09,2239.41810039804,2251.2015480893137,2160.64654310902,2210.55322265625,604737
2024-09-10,2206.790856140453,2221.4953879170466,2124.4048639483963,2139.951416015625,1525808
2024-09-11,2150.3485092391497,2158.41865547567,2105.046225267129,2109.10595703125,492325
2024-09-12,2120.988368022536,2135.8911338342027,2091.3315135177727,2101.67919921875,766593
2024-09-13,2104.1051472675977,2120.3447981780496,2084.4495489456876,2088.6083984375,341976
2024-09-16,2093.311860906615,2095.341847438002,2066.5760897408254,2074.398681640625,294160
2024-09-17,2074.398849036826,2092.618928500572,2056.179011324503,2082.419677734375,542676
2024-09-18,2086.380569099914,2125.939563813483,2070.2895941365186,2119.503173828125,602154
2024-09-19,2128.9600053267045,2198.2749822443184,2127.029136462862,2178.470703125,2268811
2024-09-20,2198.274703193832,2232.4370803380602,2181.0943965381216,2212.187255859375,1452094
2024-09-23,2218.07909010401,2279.373232545149,2213.722245734737,2252.9345703125,458636
2024-09-24,2247.7854745321624,2269.4217441924393,2194.313925798798,2204.216064453125,714781
2024-09-25,2209.117461457323,2252.4888748895555,2194.115818865847,2245.804931640625,383695
2024-09-26,2252.68689777764,2256.4993177128263,2215.256766760204,2235.40771484375,385086
2024-09-27,2235.4078053445983,2236.8931261454914,2178.6189433565332,2216.2470703125,1640821
2024-09-30,2214.613224991809,2217.880978972531,2136.3863326267956,2153.120849609375,1521922
2024-10-01,2146.832958607769,2192.5807852852304,2124.008483430877,2132.8212890625,381613
2024-10-03,2118.909082549625,2152.675227854387,2108.7098321271196,2114.304443359375,444205
2024-10-04,2119.0575869227146,2138.8123043944433,2096.1835508492886,2105.788818359375,470353
2024-10-07,2128.9599316759554,2144.6053599892584,2060.140064117128,2080.241455078125,448450
2024-10-08,2080.2411961292155,2097.6688139310454,2039.840424802266,2079.597412109375,1041555
2024-10-09,2093.3121239033444,2098.0156397919636,2049.7427135666617,2063.358154296875,411516
2024-10-10,2077.4686244084282,2094.3022595919097,2054.8917006355923,2059.644775390625,236249
2024-10-11,2073.5077541378196,2073.5077541378196,2040.9298159238067,2047.11865234375,449392
2024-10-14,2044.7915173420638,2075.9832523523664,2030.433417099226,2068.9033203125,325426
2024-10-15,2078.458826051774,2113.3638635069074,2062.6649638372537,2082.61767578125,719252
2024-10-16,2091.1830917293,2124.0085822083174,2044.2468129737083,2055.287841796875,585502
2024-10-17,2064.1006554687465,2064.1006554687465,2012.906650622707,2020.481689453125,665718
2024-10-18,2023.0068708985987,2023.0068708985987,1969.0897757733926,2001.172607421875,508530
2024-10-21,2014.0948941039196,2073.8543943734016,1988.3988940264765,2004.539306640625,1651160
2024-10-22,2001.2221870820877,2023.5515577078315,1956.563566706314,1966.812255859375,1256193
2024-10-23,1967.2084157639038,1984.3886022922386,1931.5111572775716,1939.7794189453125,456048
2024-10-24,1945.7701957943525,1960.623403395836,1927.7977904214147,1936.6107177734375,708334
2024-10-25,1936.660218310325,1938.09597998481,1898.0418797131058,1910.27099609375,468694
2024-10-28,1898.3048325317209,1915.2858780985423,1864.93854416473,1882.8133544921875,691000
2024-10-29,1886.5869345274411,1911.6116199731093,1857.5899478709052,1899.9930419921875,1098306
2024-10-30,1900.0426020257573,1942.594555483259,1888.6722854107768,1914.491455078125,911491
2024-10-31,1921.3434781629783,1940.5091735678373,1866.9742654409004,1904.0147705078125,992543
2024-11-01,1920.5490158507307,1932.4655557629378,1892.1975328210792,1902.97216796875,35076
2024-11-04,1895.226426192139,1898.702083772266,1845.1273532756911,1857.8382568359375,674361
2024-11-05,1856.9942264034248,1927.5004243043034,1831.026074340739,1902.7239990234375,902841
2024-11-06,1916.5768805627467,1937.2322653806539,1905.2561431379577,1920.2510986328125,374768
2024-11-07,1930.3802340956463,1989.8139541590149,1891.8997396608806,1903.1707763671875,238211
2024-11-08,1899.844003065384,1910.1219942306816,1884.749646832569,1896.8648681640625,243163
2024-11-11,1879.8342286278937,1918.5629845267251,1867.9176883513303,1907.73876953125,259334
2024-11-12,1917.7684087878663,1919.6552184861596,1861.959329636098,1879.08935546875,859956
2024-11-13,1862.9523421335214,1879.3375839486616,1851.0358026316012,1855.20654296875,257151
2024-11-14,1837.1830582652242,1881.1748816071909,1836.9843765208077,1850.440185546875,308495
2024-11-18,1857.0438908442484,1860.1718856847515,1821.7907925829034,1826.6566162109375,631045
2024-11-19,1831.0758148748157,1836.0410401870088,1776.6073174443222,1828.0966796875,1196590
2024-11-21,1828.1461977325828,1833.8562066495938,1788.4740973107462,1792.1483154296875,425435
2024-11-22,1792.1482898671288,1953.4188245280584,1787.4810267857144,1824.72021484375,502559
2024-11-25,1839.06964420583,1851.8303694671881,1813.449155869737,1824.1243896484375,1161035
2024-11-26,1827.2027943764385,1859.1292152724418,1821.989308142484,1841.55224609375,651862
2024-11-27,1842.0984540052816,1858.582976573142,1819.3576995201993,1850.78759765625,290072
2024-11-28,1857.9871455281561,1875.6633945460235,1836.636678596646,1858.08642578125,548196
2024-11-29,1866.9246705819296,1875.6635154008402,1833.2108400458521,1848.90087890625,519925
2024-12-02,1856.7459517660861,1876.7061326992518,1810.0231344418353,1821.3438720703125,345387
2024-12-03,1837.2324376661766,1886.7854049131572,1821.3437184669078,1883.1607666015625,579822
2024-12-04,1883.1609065568205,1940.5589574184862,1869.7547987361045,1937.2818603515625,1024603
2024-12-05,1937.2322684326189,1941.2540280203,1907.987019937397,1919.258056640625,569643
2024-12-06,1926.5073310737273,1944.183580847363,1917.1726836789007,1936.3385009765625,696971
2024-12-09,1931.472530881824,1961.2638809725463,1921.9393230970556,1948.5528564453125,454299
2024-12-10,1955.3055627875392,1955.3055627875392,1913.7962341951454,1932.2669677734375,347391
2024-12-11,1926.5073044546252,1945.275879242286,1917.1230776714515,1935.09716796875,299853
2024-12-12,1935.3455000620681,1957.9372746912718,1920.5491047419746,1947.7088623046875,321119
2024-12-13,1954.3125695525673,1978.0959489302936,1933.8061659580703,1969.5557861328125,467454
2024-12-16,1975.3650920651353,1984.6004591778062,1940.2609750875142,1950.141845703125,509005
2024-12-17,1950.3404876012653,1951.333532656052,1889.7647392592708,1903.96533203125,298909
2024-12-18,1901.6812628609448,1918.5630286409114,1855.0081457045665,1861.6614990234375,389120
2024-12-19,1848.0567729214345,1891.7507535815867,1827.7490508531398,1884.7994384765625,1083512
2024-12-20,1879.834267901897,1911.6117093033024,1871.79062729143,1888.920654296875,398594
2024-12-23,1881.9692524993845,1885.792451498022,1841.6019490800852,1849.0994873046875,1415336
2024-12-24,1849.049801710441,1871.939537593932,1821.7907647763288,1855.951416015625,896972
2024-12-26,1856.9444115663825,1871.3435637740865,1837.2821936983041,1848.2056884765625,118252
2024-12-27,1852.0289865788936,1858.9803018100208,1809.4273304181504,1819.705322265625,476041
2024-12-30,1819.70527206562,1819.70527206562,1778.543605071066,1794.2337646484375,1866664
2024-12-31,1802.37676173186,1805.5048778766502,1727.6998226268693,1775.3162841796875,508209
2025-01-01,1771.393726994125,1800.9368158693026,1751.483126171236,1796.865234375,325526
2025-01-02,1796.865243480228,1827.997301496944,1774.074909006703,1820.1522216796875,791676
2025-01-03,1829.6854252213395,1831.0757124752686,1791.2049312037946,1825.415283203125,900919
2025-01-06,1831.8700734262318,1833.607902186112,1787.183048172172,1800.142333984375,788231
2025-01-07,1792.9428039947456,1877.947434428937,1792.5952624780575,1870.598876953125,1142167
2025-01-08,1861.1152601159954,1872.8331180628702,1834.0547846057616,1846.2691650390625,648480
2025-01-09,1845.7230802733236,1888.4735940210744,1837.1829176712995,1875.1171875,498197
2025-01-10,1880.87692267841,1886.7854919145645,1842.6446903422463,1864.541259765625,501354
2025-01-13,1861.8600803875038,1874.819244804788,1805.3557960789444,1824.1739501953125,993052
2025-01-14,1822.932691840741,1859.5760772650171,1805.4551237606618,1818.4639892578125,322102
2025-01-15,1827.6000032393158,1894.7298195623573,1787.4809618512804,1881.3734130859375,528556
2025-01-16,1886.6862550855617,1916.5768859012087,1854.3625912415514,1894.630615234375,546624
2025-01-17,1894.6305478108013,1952.3264370940908,1894.6305478108013,1935.1964111328125,830712
2025-01-20,1966.2290398976354,2000.9359130982139,1896.7158920224665,1909.3275146484375,1491930
2025-01-21,1914.5907132884363,1939.3175574294216,1880.7279038588729,1889.26806640625,1132137
2025-01-22,1895.7726964211618,1905.5044651538844,1829.536519020024,1837.0340576171875,485715
2025-01-23,1837.034032091346,1840.1124474515618,1806.4978973049804,1821.3438720703125,747789
2025-01-24,1826.209793795199,1829.0399478610589,1792.4462630779415,1803.022216796875,429489
2025-01-27,1777.9973803689877,1799.546529706098,1758.980665503976,1766.3291015625,416775
2025-01-28,1767.5704199046374,1783.508840829305,1732.9628254947238,1762.35693359375,910568
2025-01-29,1762.6548897595371,1837.1332653831794,1745.0283408619416,1828.6923828125,792094
2025-01-30,1822.4859609053535,1857.9873220835943,1813.9457975654816,1832.6646728515625,318201
2025-01-31,1827.2028853914446,1867.0239675081575,1822.2873609002509,1845.57421875,524180
2025-02-01,1860.9664304196929,1894.7299622416083,1789.6161675638207,1866.875,307383
2025-02-03,1880.8271678981394,1886.7854377014069,1834.1540544392099,1872.2373046875,707120
2025-02-04,1881.8203510433189,1885.7428304632988,1850.291171019242,1861.3636474609375,255868
2025-02-05,1870.0527597243201,1880.8272739820131,1834.2534381486494,1841.7509765625,559179
2025-02-06,1848.0567775534876,1856.8949024534338,1810.4700478856607,1815.18701171875,228070
2025-02-07,1826.2097711175732,1838.324871735972,1798.255529876595,1814.2435302734375,352126
2025-02-10,1796.4184767638126,1877.7488897570845,1796.4184767638126,1815.733154296875,378452
2025-02-11,1814.1442920637144,1818.2157524497504,1761.3639243803239,1782.6151123046875,950495
2025-02-12,1771.6915748311349,1795.3756740317172,1737.183260797241,1752.52587890625,905327
2025-02-13,1767.5207790281288,1787.480958824069,1743.9855403374922,1764.491943359375,309112
2025-02-14,1767.5208602659602,1771.7413016127168,1717.9181886459949,1725.862548828125,439130
2025-02-17,1720.1028410216848,1725.4653080166308,1696.5180233682115,1713.05224609375,335084
2025-02-18,1723.92611600345,1737.6797649773025,1697.1636018040185,1726.3094482421875,336707
2025-02-19,1726.9053220243106,1738.325339967542,1705.2568916955706,1716.9251708984375,545419
2025-02-20,1717.9679162789764,1735.8427269685844,1709.9738552320414,1715.2867431640625,501605
2025-02-21,1717.9678493937865,1730.3312111508985,1703.0721743990428,1721.0462646484375,974392
2025-02-24,1716.9748411787332,1716.9748411787332,1693.1417606765415,1698.9510498046875,557421
2025-02-25,1703.6184185679588,1720.6987442832544,1666.2302496275395,1676.01171875,1489542
2025-02-27,1670.5003084085677,1722.9331347143382,1664.5917389423107,1689.3681640625,963101
2025-02-28,1689.368164731812,1697.2132447510817,1655.4060730298054,1679.189453125,1224364
2025-03-03,1678.245989401347,1678.245989401347,1645.7734675624008,1651.9302978515625,836343
2025-03-04,1650.2918702480326,1650.2918702480326,1602.4767274793512,1628.2958984375,1212429
2025-03-05,1628.295835931586,1675.6144543654068,1608.8818789391723,1665.2371826171875,1146442
2025-03-06,1661.4140047074284,1701.0861044218523,1655.803276149106,1690.4605712890625,1924774
2025-03-07,1691.1058826005594,1693.0423930241898,1654.1149574805804,1675.2171630859375,617116
2025-03-10,1669.4575439436853,1703.0720912973334,1650.6392693857786,1687.7791748046875,976837
2025-03-11,1687.779227025256,1703.0224432534503,1663.4000454519316,1688.623291015625,1114944
2025-03-12,1688.6233036135075,1690.0632915808196,1646.4685923050777,1654.114990234375,883972
2025-03-13,1671.294782189478,1671.294782189478,1647.4617015165443,1667.0743408203125,807125
2025-03-17,1670.3016228803783,1721.3937375887606,1658.7823255875342,1713.35009765625,878122
2025-03-18,1713.35009765625,1713.35009765625,1713.35009765625,1713.35009765625,0
2025-03-19,1729.8844166144054,1748.6529916474242,1719.9539664616248,1744.2835693359375,519456
2025-03-20,1733.0125371395875,1753.7672022568486,1707.4912074481356,1712.75439453125,484811
2025-03-21,1722.436544829176,1727.8982923048522,1689.4674994645281,1711.215087890625,740178
2025-03-24,1720.9469694928514,1784.0053264246437,1706.1009953651512,1772.635009765625,741272
2025-03-25,1787.4810806450196,1836.1402878403562,1759.2785771283566,1767.1236572265625,768343
2025-03-26,1768.5634410785588,1793.2902857783201,1747.411655349414,1760.12255859375,381027
2025-03-27,1760.6687897863835,1785.4949148538735,1749.397753250006,1781.77099609375,454624
2025-03-28,1787.4312101385633,1792.4461356270401,1760.6686972114915,1780.380615234375,791304
2025-04-01,1760.17228048854,1796.1204613673965,1755.7532786819045,1779.4373779296875,535773
2025-04-02,1781.5227368512335,1820.1025110053379,1773.5783768206818,1817.22265625,368137
2025-04-03,1801.383674956917,1824.2237105269332,1800.6388911883296,1818.761962890625,205636
2025-04-04,1818.7619508203875,1836.040958381208,1798.9010504565285,1816.8255615234375,502850
2025-04-07,1719.1098541127906,1790.1621502256223,1710.0234682341827,1732.2677001953125,876983
2025-04-08,1738.6231944380686,1774.0251508955077,1730.7284141371426,1764.491943359375,382513
2025-04-09,1775.465238462117,1788.1761421497015,1749.6956471270817,1774.074951171875,385780
2025-04-11,1796.3687052521443,1796.3687052521443,1690.1625909320985,1706.5975341796875,1156595
2025-04-15,1747.7592341544516,1820.5494825654332,1723.926153688709,1809.923828125,890911
2025-04-16,1747.163392506225,1805.256524848685,1733.4593230548628,1799.198974609375,2260312
2025-04-17,1802.376750608667,1811.214875723684,1760.6688588590448,1780.927001953125,864906
2025-04-21,1786.4878755488803,1833.1609884731702,1770.5991562555052,1828.2950439453125,546537
2025-04-22,1837.1333640030703,1844.5812019652449,1822.0391275549248,1832.36669921875,410889
2025-04-23,1838.1262561554604,1869.903695483918,1829.5860935801998,1866.924560546875,734624
2025-04-24,1856.9941223434955,1878.1460290170023,1847.0636724913911,1867.2225341796875,734678
2025-04-25,1873.5779546989577,1895.4249447186346,1819.4570021502122,1841.2047119140625,934598
2025-04-28,1832.1680016636717,1862.6544342868403,1823.7271192711833,1837.331787109375,637011
2025-04-29,1838.1262906546726,1860.9663256006788,1830.7777334277819,1843.1907958984375,744701
2025-04-30,1847.0637318270385,1877.5501653638294,1834.3527071194874,1863.448974609375,906449
2025-05-02,1863.448959013711,1881.8202916765158,1838.0270310326869,1840.5096435546875,936229
2025-05-05,1859.0794538934683,1866.8252531054973,1828.2950599923574,1839.417236328125,479826
2025-05-06,1839.4173608553153,1851.0359392386188,1775.7630773411393,1782.6151123046875,351579
2025-05-07,1767.7193811315908,1817.2723509004056,1767.7193811315908,1813.3001708984375,563977
2025-05-08,1813.3001019319101,1820.9464996563524,1765.2367014918627,1779.3380126953125,583567
2025-05-09,1737.8288079917907,1779.338138865493,1735.8427179255143,1769.8048095703125,643695
2025-05-12,1801.7808289446505,1828.7916038070139,1786.587192321252,1823.9256591796875,693112
2025-05-13,1823.9256440847353,1859.9732249086483,1808.2356063244315,1853.5184326171875,703355
2025-05-14,1853.0219324912732,1861.8600570566352,1822.2375381144084,1838.0269775390625,847379
2025-05-15,1842.5949425312824,1865.9314993351009,1837.3317556997697,1860.072509765625,392401
2025-05-16,1866.9246774815315,1866.9246774815315,1830.4799729575207,1836.736083984375,332070
2025-05-19,1838.722152707239,1887.7786014175883,1831.5722769820854,1871.5919189453125,473162
2025-05-20,1880.5292917159495,1904.263091759382,1857.5899761710573,1862.157958984375,1579714
2025-05-21,1856.9942013188481,1875.1669738095861,1852.028976181632,1865.037841796875,450496
2025-05-22,1865.0378094329417,1871.5918822560711,1841.304009444637,1855.6038818359375,657769
2025-05-23,1859.5760431592146,1893.7368154108892,1852.9226901462964,1881.9195556640625,1048319
2025-05-26,1886.7854602228801,1891.7506851182034,1820.2514466255468,1830.4798583984375,725086
2025-05-27,1830.5792551973166,1842.0985534435895,1810.7183543515634,1828.1959228515625,793936
2025-05-28,1828.1958276812572,1849.2483329932986,1813.5981148080687,1835.345703125,455472
2025-05-29,1843.7865645392314,1850.4400386331888,1826.308997148179,1842.2969970703125,553171
2025-05-30,1848.1559757744837,1866.9245500162497,1838.1262457872756,1862.3565673828125,1621063
2025-06-02,1864.9385070047808,1884.1043239625246,1843.0915170398687,1850.7379150390625,495484
2025-06-03,1850.8374223114342,1871.3934064648925,1837.8284351116718,1848.1561279296875,779253
2025-06-04,1842.0984315848166,1866.7259954929114,1834.1540717720518,1860.3704833984375,498159
2025-06-05,1860.370556282275,1875.5640722866383,1849.0498188613099,1864.4420166015625,548628
2025-06-06,1870.9210005725658,2006.8792691686663,1864.9404326431918,1999.7025146484375,2498448
2025-06-09,2008.3744448558016,2023.4255167289891,1993.522676580285,2014.8533935546875,837355
2025-06-10,2017.3452454645333,2023.226161545494,1966.4107667115675,1971.2947998046875,1073798
2025-06-11,1970.5970948019922,1975.4812495186388,1927.0386745580438,1935.71044921875,606768
2025-06-12,1935.41138350763,1943.2858221775887,1888.3642984294654,1895.7403564453125,785389
2025-06-13,1869.1268054533755,1943.6846019307577,1857.9631271789397,1934.4146728515625,1703514
2025-06-16,1933.7170037603457,1941.1927138264296,1912.8846673745318,1938.4017333984375,939835
2025-06-17,1938.4016686388345,1941.6910296280053,1901.8205772742474,1910.3927001953125,659370
2025-06-18,1918.7655857119555,1934.2153865319738,1907.9008627357875,1926.0419921875,464789
2025-06-19,1925.9421758279263,1946.5752081782668,1912.186942602665,1921.2574462890625,1063305
2025-06-20,1921.2574593879317,1972.5906677710593,1913.8814012270132,1964.6165771484375,995960
2025-06-23,1957.6391809197032,1975.4812324127724,1943.2857939547496,1966.2113037109375,821137
2025-06-24,1981.5615434533559,1986.9440790230822,1961.7259684570333,1980.365478515625,568413
2025-06-25,1983.654687306986,2010.6668948626002,1975.481293117084,2004.2877197265625,951658
2025-06-26,2013.9561938246584,2015.8500646175905,1996.5128711857415,2010.467529296875,704033
2025-06-27,2010.467608943867,2025.31937714265,1995.615840745084,2010.5672607421875,650132
2025-06-30,2010.567244946905,2046.749608050662,2003.2909602771254,2033.5924072265625,1574983
2025-07-01,2033.5923872537505,2062.0000847460683,2026.0170255907922,2056.916748046875,844222
2025-07-02,2048.7431838519474,2054.0260676831285,2022.2294779208264,2037.7789306640625,501742
2025-07-03,2034.688961647674,2041.1679103246715,2023.4255098930605,2027.51220703125,305016
2025-07-04,2034.589125959229,2039.872009542763,2022.6279903059121,2028.8079833984375,381077
2025-07-07,2028.808024927536,2045.3542385849944,2008.673373160657,2018.9400634765625,814849
2025-07-08,2019.338726370826,2038.476494512672,2011.5639396210347,2030.3031005859375,629955
2025-07-09,2028.409343182909,2032.3963885749147,2002.4935481348718,2013.6572265625,337764
2025-07-10,2005.4838083024827,2008.474092310886,1973.5874455461808,1988.14013671875,643222
2025-07-11,1988.1401303440268,2016.3485247361716,1983.5550525475035,2005.68310546875,598413
2025-07-14,2005.683103486911,2034.8882591831366,1983.7543541839334,2013.1588134765625,757451
2025-07-15,2023.1264231010928,2039.1743778562088,1982.7575892307036,1996.2138671875,696914
2025-07-16,2023.4254571473627,2045.3542059440338,1958.9350491289572,1964.417236328125,2606181
2025-07-17,1968.0055480838976,1981.56147751865,1937.7039800282976,1942.588134765625,629807
2025-07-18,1950.3628271694226,1953.55253640003,1900.425109346929,1906.6051025390625,713897
2025-07-21,1906.6051419072717,1953.3531514644262,1906.6051419072717,1945.87744140625,424520
2025-07-22,1953.6522244690286,1968.503992755343,1943.0865786104653,1955.94482421875,503349
2025-07-23,1955.9447570216544,1967.0087831696171,1925.7428408171147,1930.52734375,468985
2025-07-24,1933.717019522992,1934.1157483980937,1893.8465655122086,1900.7242431640625,434409
2025-07-25,1903.8141847567456,1923.7494118222614,1883.87895769123,1915.07763671875,532479
2025-07-28,1913.7817570496231,1927.935719291149,1893.8465304136896,1897.9332275390625,265181
2025-07-29,1892.0522455381401,1912.0872449503809,1885.7727223712122,1909.2962646484375,258618
2025-07-30,1913.6820392731595,1917.7687362576348,1894.045768708787,1914.180419921875,279986
2025-07-31,1894.9428910892216,1932.7201688535856,1888.4639426118888,1920.759033203125,506162
2025-08-01,1901.5215009594103,1925.6431976478987,1855.0724482840085,1861.25244140625,503165
2025-08-04,1860.8536927585076,1894.344848057684,1851.9824928656546,1889.460693359375,567203
2025-08-05,1885.772730570035,1896.4380278256879,1863.5449048774578,1894.0457763671875,266143
2025-08-06,1888.763038086434,1905.8076322195132,1854.0756956919506,1877.8983154296875,617362
2025-08-07,1846.001918724158,1903.0166161400377,1846.001918724158,1897.2354736328125,448145
2025-08-08,1897.2354950037775,1904.212824148824,1870.3229397300267,1888.5635986328125,426758
2025-08-11,1888.7631114321032,1911.7882743428443,1875.9048656481923,1895.541015625,187046
2025-08-12,1893.846550389494,1907.601905583363,1880.8886529394606,1896.7371826171875,233350
2025-08-13,1896.7371829424158,1918.0679000065065,1894.8433120567076,1906.50537109375,335318
2025-08-14,1901.8206359333888,1913.0840877407175,1886.370835169779,1892.152099609375,232464
2025-08-18,1933.717016509784,1987.1434004659882,1921.3571514507069,1940.0963134765625,741272
2025-08-19,1948.6683697378392,1956.0444277997171,1912.984266010761,1946.5751953125,455745
2025-08-20,1946.575181727251,1968.603582287731,1937.8036335513757,1962.1246337890625,181091
2025-08-21,1981.162732596148,1991.529074435711,1956.642428987638,1960.7291259765625,699719
2025-08-22,1956.7421592932094,1970.4975144346292,1901.8206338763239,1904.5118408203125,383276
2025-08-25,1911.5889692274682,1935.7105452719923,1896.836852550258,1912.7850341796875,364098
2025-08-26,1912.7849857879046,1912.7849857879046,1853.6769904492244,1866.6348876953125,635729
2025-08-28,1873.9112959689567,1886.6698896327746,1844.5068368034863,1854.275146484375,870926
2025-08-29,1846.0019544787085,1862.249212575262,1826.1663799849,1833.64208984375,441249
2025-09-01,1846.600057452047,1846.600057452047,1815.40150012132,1834.3399658203125,567867
2025-09-02,1838.9249265521623,1857.365010400077,1808.52370723533,1816.7967529296875,573486
2025-09-03,1821.0829276829204,1833.0440634969298,1799.7522111462774,1816.09912109375,769780
2025-09-04,1893.8465408867387,1913.7817676329148,1845.2045389560815,1865.4388427734375,1112492
2025-09-05,1868.9274928619311,1874.6089837702448,1824.0732330332448,1834.4395751953125,524534
2025-09-08,1843.908766993459,1847.8958122232737,1810.2181861315407,1827.0634765625,480056
2025-09-09,1839.9217721431464,1848.2945916900087,1812.1121065687319,1828.9573974609375,571543
2025-09-10,1832.047282507637,1854.9727925716609,1831.1501729962258,1849.1915283203125,530816
2025-09-11,1849.1915942277994,1874.9080855383447,1830.4525539908238,1864.8408203125,424545
2025-09-12,1864.8407303689057,1900.823788768332,1851.5837564809767,1887.4671630859375,853957
2025-09-15,1887.3675243173807,1901.1228789475351,1873.1137890364955,1894.0457763671875,252766
2025-09-16,1893.8465137357025,1909.2963142424937,1884.2776293697154,1906.3060302734375,581869
2025-09-17,1905.9073185129257,1905.9073185129257,1858.1624263768679,1866.036865234375,468006
2025-09-18,1867.8311050191598,1880.888654277721,1859.1592083299092,1879.4931640625,286205
2025-09-19,1879.4931630163762,1885.573382870417,1843.111374016416,1859.9566650390625,878186
2025-09-22,1846.0019561794577,1885.573331732109,1846.0019561794577,1880.19091796875,369477
2025-09-23,1878.8950626303767,1896.4380372886437,1864.9404043402837,1888.5635986328125,891529
2025-09-24,1864.3424375878367,1893.1488646938992,1860.7541210932163,1872.3165283203125,821515
2025-09-25,1875.9047479239678,1879.8917930842738,1849.7896507939486,1875.7054443359375,563897
2025-09-26,1883.6796178636166,1900.7242123418366,1868.8278496504429,1887.865966796875,1278304
2025-09-29,1887.8659723761327,1903.814153768962,1865.8375711622814,1897.335205078125,560303
2025-09-30,1896.9364177993011,1905.907269556544,1879.3934431423527,1883.6795654296875,856568
2025-10-01,1867.9307038710513,1903.5150341382032,1859.4582326955424,1897.434814453125,942398
2025-10-03,1906.6051221487678,1915.7752777217781,1886.0717413951268,1905.408935546875,595592
2025-10-06,1919.6626400777145,1925.144827307885,1897.833542953498,1919.56298828125,619624
2025-10-07,1918.4664138950336,1933.7169103632443,1894.7435681027714,1899.8270263671875,431565
2025-10-08,1908.797973987668,1912.186986892666,1868.5287913502714,1872.0174560546875,438884
2025-10-09,1874.1106356953512,1888.663448699476,1847.9955370776183,1876.6025390625,636816
2025-10-10,1885.6731689687442,1895.3417053853925,1849.4906833250568,1856.76708984375,312123
2025-10-13,1849.9890624095951,1851.1851273575446,1821.6810157834198,1827.4622802734375,394441
2025-10-14,1832.0473296889497,1858.9598856745872,1825.468729227454,1848.79296875,569296
2025-10-15,1888.9623668376612,2033.3931074836237,1888.9623668376612,2013.7569580078125,7140189
2025-10-16,2003.98869469541,2021.9303990000692,1993.522700517692,2003.5899658203125,860007
2025-10-17,1990.0339832220122,2010.9659710244975,1985.1498283997723,1994.5194091796875,355745
2025-10-20,2005.4837794464813,2031.69865087961,1994.519404906764,2004.586669921875,436734
2025-10-21,2009.9692326856004,2015.9498006975587,1996.0145739910315,2000.5,32723
2025-10-23,2004.0,2016.800048828125,1975.4000244140625,1979.199951171875,541235
2025-10-24,1985.0999755859375,1999.9000244140625,1964.800048828125,1993.9000244140625,466056
2025-10-27,2002.0,2013.9000244140625,1981.5,1986.4000244140625,334307
2025-10-28,1994.0,2024.5,1988.699951171875,2019.0,803330
2025-10-29,2030.0,2035.0,2008.0999755859375,2029.9000244140625,420554
2025-10-30,2029.9000244140625,2032.800048828125,2005.0,2014.0999755859375,213019
2025-10-31,2010.0,2027.300048828125,1990.0,1993.699951171875,457405
2025-11-03,1993.5999755859375,2017.0,1977.9000244140625,2007.5999755859375,335477
2025-11-04,2010.5,2059.0,2008.0999755859375,2040.0,669043
2025-11-06,2030.0,2030.699951171875,1995.9000244140625,2001.0,369731
2025-11-07,1993.0999755859375,2027.5999755859375,1978.9000244140625,2020.199951171875,882415
2025-11-10,2020.199951171875,2045.0,2001.0,2025.4000244140625,431101
2025-11-11,2019.0999755859375,2026.9000244140625,1985.0,1996.0999755859375,196571
2025-11-12,2003.9000244140625,2039.0,1996.699951171875,2028.5999755859375,457790
2025-11-13,2044.4000244140625,2064.89990234375,2022.4000244140625,2033.800048828125,652557
2025-11-14,2043.9000244140625,2043.9000244140625,1995.300048828125,2005.0999755859375,406284
2025-11-17,2015.0,2052.39990234375,2011.800048828125,2042.9000244140625,1067234
2025-11-18,2044.9000244140625,2044.9000244140625,2018.0999755859375,2025.800048828125,643993
2025-11-19,2030.0,2049.89990234375,2015.0,2041.699951171875,551128
2025-11-20,2049.89990234375,2059.39990234375,2030.4000244140625,2037.5999755859375,460201
2025-11-21,2045.0,2045.0,2001.199951171875,2004.0999755859375,372481
2025-11-24,2010.699951171875,2018.0,1973.4000244140625,1997.5,2667046
2025-11-25,1990.0999755859375,2020.800048828125,1985.0,1999.0,319182
2025-11-26,2003.699951171875,2026.0,1985.5,2010.300048828125,380955
2025-11-27,2020.0,2028.699951171875,1974.0,1980.699951171875,528440
2025-11-28,1980.699951171875,1980.699951171875,1953.0999755859375,1970.5,960439
2025-12-01,1979.9000244140625,1994.800048828125,1958.5,1991.4000244140625,625981
2025-12-02,1999.0,1999.0,1952.199951171875,1986.699951171875,442390
2025-12-03,1984.0,1988.699951171875,1951.800048828125,1972.4000244140625,382195
2025-12-04,1976.0,1989.5999755859375,1956.5999755859375,1983.0,263790
2025-12-05,1985.0,1991.699951171875,1969.699951171875,1974.4000244140625,425023
2025-12-08,1983.4000244140625,1983.5,1946.5999755859375,1961.0999755859375,415417
2025-12-09,1947.0,1966.800048828125,1928.5,1945.300048828125,452828
2025-12-10,1935.0,1946.699951171875,1927.800048828125,1934.800048828125,882433
2025-12-11,1946.0,1948.0,1915.199951171875,1939.699951171875,347675
2025-12-12,1939.699951171875,1948.699951171875,1925.199951171875,1937.9000244140625,387063
2025-12-15,1948.0,1956.699951171875,1922.699951171875,1951.800048828125,290054
2025-12-16,1959.0999755859375,1965.0999755859375,1940.0999755859375,1951.199951171875,454411
2025-12-17,1942.0,1960.4000244140625,1933.5,1947.0,589549
2025-12-18,1947.4000244140625,1957.300048828125,1921.699951171875,1949.800048828125,336176
2025-12-19,1958.0,1958.800048828125,1925.5,1954.300048828125,475952
2025-12-22,1954.300048828125,1957.4000244140625,1935.5999755859375,1950.5999755859375,477977
2025-12-23,1950.0,1963.4000244140625,1947.0,1960.0999755859375,219269
2025-12-24,1957.0,1966.9000244140625,1952.0999755859375,1959.300048828125,381929
2025-12-26,1959.300048828125,1962.4000244140625,1939.5999755859375,1950.0,141253
2025-12-29,1950.0,1953.0,1937.5,1943.199951171875,295613
2025-12-30,1935.0,1970.0,1930.0999755859375,1955.0,1535231
2025-12-31,1957.0,1969.800048828125,1941.4000244140625,1962.0999755859375,262641
2026-01-01,1962.0999755859375,1967.0999755859375,1938.5,1956.9000244140625,213510
2026-01-02,1951.5,1993.4000244140625,1951.5,1973.9000244140625,197253
2026-01-05,1979.0,1985.0999755859375,1963.5,1979.9000244140625,265979
2026-01-06,1987.4000244140625,2015.0,1978.199951171875,2010.0,331204
2026-01-07,2015.0,2021.5,1961.0,1966.199951171875,630961
2026-01-08,1966.0,1970.699951171875,1899.300048828125,1908.199951171875,563364
2026-01-09,1910.0999755859375,1930.9000244140625,1875.0999755859375,1896.0999755859375,588637
2026-01-12,1895.9000244140625,1915.0999755859375,1878.0999755859375,1910.300048828125,359635
2026-01-13,1910.0,1920.0,1862.0,1885.5,421190
2026-01-14,1881.0,1905.0,1830.0999755859375,1857.699951171875,1908268
2026-01-15,1857.699951171875,1857.699951171875,1857.699951171875,1857.699951171875,0
2026-01-16,1850.5,1892.699951171875,1840.0,1870.199951171875,966834
2026-01-19,1870.199951171875,1895.0999755859375,1858.4000244140625,1884.800048828125,607278
2026-01-20,1884.0,1884.0,1850.0,1861.699951171875,715164
2026-01-21,1856.0,1863.0999755859375,1807.300048828125,1834.5999755859375,1772645
2026-01-22,1858.0,1858.0,1812.0,1824.699951171875,711660
2026-01-23,1815.300048828125,1830.0,1790.0,1795.699951171875,1249414
2026-01-27,1790.0,1816.300048828125,1779.800048828125,1805.9000244140625,1610261
2026-01-28,1805.9000244140625,1840.5999755859375,1804.0,1822.199951171875,1199096
2026-01-29,1821.300048828125,1828.0,1805.0,1825.5999755859375,1142792
2026-01-30,1825.5999755859375,1853.300048828125,1808.0999755859375,1814.0999755859375,633707
2026-02-02,1832.9000244140625,1844.0,1801.800048828125,1826.699951171875,1115519
2026-02-03,1862.0999755859375,1890.0,1844.9000244140625,1861.5,1095886
2026-02-04,1861.5,1861.5,1834.800048828125,1854.0,280529
2026-02-05,1843.5999755859375,1879.800048828125,1826.800048828125,1874.199951171875,589173
2026-02-06,1874.199951171875,1875.5999755859375,1843.0,1861.5999755859375,197934
2026-02-09,1879.800048828125,1893.9000244140625,1845.0,1888.199951171875,594790
2026-02-10,1888.199951171875,1916.0,1871.5,1909.5999755859375,244596
2026-02-11,1923.0,1935.9000244140625,1894.300048828125,1931.699951171875,577577
2026-02-12,1935.0,1950.0,1904.0,1919.800048828125,361759
2026-02-13,1885.699951171875,1927.9000244140625,1885.699951171875,1916.0999755859375,581964
2026-02-16,1902.4000244140625,1935.0,1902.4000244140625,1922.0,363587
2026-02-17,1916.0,1937.800048828125,1916.0,1928.199951171875,394676
2026-02-18,1947.0,1983.0999755859375,1933.699951171875,1959.699951171875,1010847
2026-02-19,1960.800048828125,1961.699951171875,1928.699951171875,1936.0,371873
2026-02-20,1936.4000244140625,1946.300048828125,1925.199951171875,1936.0999755859375,426042
2026-02-23,1940.0,1967.9000244140625,1936.199951171875,1953.800048828125,1132992
2026-02-24,1950.0999755859375,1957.5999755859375,1893.0,1903.9000244140625,422008
2026-02-25,1912.800048828125,1944.199951171875,1898.0,1939.300048828125,449526
2026-02-26,1940.0,1956.0,1929.0,1946.5,315192
2026-02-27,1945.0,1945.0,1891.699951171875,1901.5,852656
2026-03-02,1835.5999755859375,1913.300048828125,1835.5999755859375,1895.5,368735
2026-03-04,1874.0,1887.199951171875,1845.0,1855.5,705662
2026-03-05,1855.5,1880.9000244140625,1841.0999755859375,1875.199951171875,598956
2026-03-06,1866.0,1890.0999755859375,1856.199951171875,1880.300048828125,361444
2026-03-09,1857.199951171875,1910.699951171875,1844.800048828125,1889.699951171875,348946
2026-03-10,1908.0,1908.0,1886.0,1889.300048828125,478392
2026-03-11,1890.0,1907.5,1865.199951171875,1875.199951171875,777067
2026-03-12,1872.9000244140625,1872.9000244140625,1840.199951171875,1855.300048828125,606686
2026-03-13,1840.0999755859375,1860.0,1832.4000244140625,1837.0999755859375,348466
2026-03-16,1836.199951171875,1855.0,1806.5999755859375,1850.5,725655
2026-03-17,1850.5,1863.800048828125,1829.4000244140625,1835.800048828125,623480
2026-03-18,1837.5,1847.300048828125,1796.300048828125,1831.199951171875,954930
2026-03-19,1825.0999755859375,1825.0999755859375,1785.9000244140625,1792.0999755859375,639913
2026-03-20,1800.0999755859375,1810.699951171875,1772.199951171875,1777.199951171875,380679
2026-03-23,1761.0,1771.300048828125,1706.0,1722.199951171875,1369456
2026-03-24,1750.0,1758.0,1703.199951171875,1730.0999755859375,603516
2026-03-25,1740.0999755859375,1780.9000244140625,1736.0,1770.300048828125,505039
2026-03-27,1770.300048828125,1774.199951171875,1735.4000244140625,1747.0,5111040
2026-03-30,1710.0,1731.9000244140625,1678.699951171875,1710.5999755859375,2042303
2026-04-01,1735.0,1754.9000244140625,1689.0,1694.9000244140625,952924
2026-04-02,1688.0,1694.4000244140625,1629.5,1689.0999755859375,1199436
2026-04-06,1700.9000244140625,1720.0999755859375,1675.0,1713.0,315391
2026-04-07,1692.0,1735.300048828125,1675.300048828125,1726.5999755859375,524051
2026-04-08,1753.199951171875,1779.0,1742.0,1750.5,697663
2026-04-09,1745.0,1791.300048828125,1733.0999755859375,1768.5999755859375,1126914
2026-04-10,1772.0999755859375,1802.0,1770.0999755859375,1786.0,429790
2026-04-13,1745.699951171875,1853.300048828125,1745.699951171875,1782.199951171875,322351
2026-04-15,1802.800048828125,1865.699951171875,1795.0,1858.0,1397457
2026-04-16,1867.199951171875,1908.9000244140625,1842.5999755859375,1886.699951171875,1196369
2026-04-17,1899.0,1899.0,1860.4000244140625,1891.5999755859375,419529
2026-04-20,1891.5999755859375,1908.800048828125,1859.5,1876.5,319379
2026-04-21,1875.0,1875.0,1831.0,1840.0,632644
2026-04-22,1832.699951171875,1847.4000244140625,1815.0,1829.0,823430
2026-04-23,1829.0,1838.4000244140625,1797.300048828125,1809.9000244140625,513360
2026-04-24,1814.4000244140625,1819.300048828125,1765.0,1772.0999755859375,380216
2026-04-27,1780.0,1792.4000244140625,1758.0999755859375,1770.5,400221
2026-04-28,1772.300048828125,1786.9000244140625,1758.800048828125,1771.800048828125,351217
2026-04-29,1781.0,1806.699951171875,1765.0999755859375,1770.5999755859375,313134
2026-04-30,1760.0,1777.0,1736.300048828125,1763.199951171875,774438
2026-05-04,1762.0,1783.199951171875,1742.9000244140625,1756.800048828125,605738
