time,open,high,low,close,volume
2015-01-01,149.88176704863835,156.1432810984052,148.40267066328994,154.3683624267578,6913722
2015-01-02,155.798164140102,162.3061947365653,155.40374442656076,159.693115234375,8169041
2015-01-05,162.50340409339523,164.42622652175143,158.95356649785492,160.58058166503906,12103749
2015-01-06,158.70702545518594,161.1228796670679,148.94499617201177,150.52268981933594,9730592
2015-01-07,152.05111459172971,152.59345297502227,146.5291634471395,148.25477600097656,5299465
2015-01-08,150.57202284586663,156.2911990702865,149.98039326508737,155.69955444335938,6049252
2015-01-09,156.88282641957346,159.2000683531844,149.38873218585115,150.7199249267578,6935232
2015-01-12,149.9803942147334,151.01574974918967,145.8389118923163,147.31800842285156,4015320
2015-01-13,148.40267549402574,153.67812545861767,145.4444826270352,146.67706298828125,6560402
2015-01-14,147.61383276859243,149.8817838225047,143.17654311595248,144.80355834960938,5640225
2015-01-15,147.21937943942626,151.55805564664064,145.14863872235208,149.68453979492188,7036088
2015-01-16,148.84640013473853,152.14972149292763,146.6770617268316,148.747802734375,5230710
2015-01-19,148.8464095803938,151.4594891172743,147.51523174490933,149.53665161132812,3156454
2015-01-20,150.67062223414376,155.40373370070023,150.17759010317218,153.18508911132812,6752913
2015-01-21,154.4176710223368,154.9599943350499,148.994317526032,150.67062377929688,5694164
2015-01-22,150.67062817569573,152.93857907682877,149.19153172445422,151.50877380371094,6123257
2015-01-23,153.82603284377407,158.01680617445382,149.83246936648507,156.1925811767578,6530249
2015-01-27,156.68559776510716,158.7070324153452,154.36835588724793,156.78421020507812,6069112
2015-01-28,156.3898085238911,156.3898085238911,151.95251904548982,152.93858337402344,3970022
2015-01-29,152.44555947725084,156.78423673963675,149.1915440073872,155.20652770996094,11319602
2015-01-30,154.61489216395708,158.5591495403532,152.05111885084045,156.43910217285156,4080173
2015-02-02,156.29118581349707,158.06610449758,151.410170716879,152.59344482421875,2895611
2015-02-03,153.28368337963047,153.57950566140175,148.649184452368,149.98037719726562,2936509
2015-02-04,149.38874160332566,156.88283630947612,147.66312907655458,151.6566925048828,9302887
2015-02-05,151.85389151783437,152.19902001701516,142.48628132679914,144.26119995117188,4196240
2015-02-06,144.06396654261215,145.29654662923224,138.04896970144873,140.07040405273438,4937771
2015-02-09,138.04900979110133,143.57097620120456,136.126187306812,139.97183227539062,5872054
2015-02-10,138.39412279813328,142.88070307576928,138.1476067368941,140.71136474609375,4284793
2015-02-11,140.7113646879338,152.05110350024898,139.62670304661754,149.09291076660156,10619398
2015-02-12,151.8539072065987,152.64276168183653,143.37374792855036,144.70494079589844,6514194
2015-02-13,145.98682867598603,151.1636664655873,144.60632957107035,150.1282958984375,4261357
2015-02-16,150.8185327998354,152.49483911309963,147.17009787187268,150.02967834472656,5493106
2015-02-18,151.36086420827465,155.55163732153306,148.89570355341675,153.18508911132812,6370662
2015-02-19,153.33298910256138,197.70587983963705,151.55807046384913,192.62765502929688,68648559
2015-02-20,203.67156128625612,205.10135135135135,182.81629465721747,191.54296875,57545881
2015-02-23,187.35222320989266,191.54299662379816,183.8516918196362,188.1903839111328,13311692
2015-02-24,187.3521972322268,188.09174537919614,177.9845873706155,180.20323181152344,7878063
2015-02-25,180.44976295900048,185.13356828170677,179.463698680536,180.3511505126953,5981834
2015-02-26,181.28791777497034,184.19680429351757,179.16787061686915,181.7316436767578,7300109
2015-02-27,182.42189956135607,206.97489515953365,182.42189956135607,191.14857482910156,28561146
2015-03-02,190.11319734984392,191.88811607387157,180.1046358192655,186.07032775878906,8512932
2015-03-03,186.85918914445216,192.87418753114946,185.67591496648723,190.704833984375,7098665
2015-03-04,194.15605208487256,198.29753412704147,181.73165109680667,185.92242431640625,15468255
2015-03-05,186.1689475320563,189.6201726688672,179.562319565105,182.91493225097656,7760617
2015-03-09,192.38113942026035,198.19891242317874,189.22572181242708,191.8881072998047,13528386
2015-03-10,193.21927728737506,197.21284031294127,179.5622971233913,187.40150451660156,10825621
2015-03-11,185.38009454452538,190.21180375621617,183.40796587915807,188.1903839111328,6414497
2015-03-12,189.91597881798202,193.6630108965281,189.32433425497672,191.8881072998047,5321593
2015-03-13,192.6769571827974,193.4658116278559,182.421894535478,183.7037811279297,6056356
2015-03-16,184.985654936831,190.01457346502661,173.74451372540432,187.79592895507812,9295910
2015-03-17,183.99959566226582,185.18286975685524,154.41766806679843,171.57518005371094,31629739
2015-03-18,174.33618271011727,181.33723067267897,170.68774756949801,172.70916748046875,13787371
2015-03-19,173.54731883148733,174.68128677130233,169.1593356543525,171.47657775878906,7347702
2015-03-20,171.67378253576186,172.75844412363475,159.89030335707758,162.25686645507812,8832192
2015-03-23,147.90964464215864,154.2204501284319,138.04900166601473,152.24832153320312,28075463
2015-03-24,157.22794773775485,157.81959232910913,151.9525128237913,154.4669647216797,9496630
2015-03-25,153.6288267819841,154.31906880896076,150.1282953748516,150.8678436279297,5454208
2015-03-26,149.78315849494987,151.508770989344,147.7124325293651,148.15615844726562,13358728
2015-03-27,156.7842112103763,157.62237181706624,152.19901859909726,155.00929260253906,8747632
2015-03-30,157.671679558359,158.21401794637055,151.8539060589742,153.53021240234375,5125187
2015-03-31,157.4744793816123,159.2493982850406,153.03718964611582,154.61489868164062,6887458
2015-04-01,154.51627691670822,155.10792153092706,152.34693840815177,153.38230895996094,2562581
2015-04-06,153.33300872559448,154.41768554532803,150.52271926746997,152.1497344970703,3232815
2015-04-07,152.29762101752732,167.23650349296764,151.31155676355027,163.19363403320312,11597714
2015-04-08,164.17969940419482,165.70810201748722,160.3340548059786,161.56663513183594,4929518
2015-04-09,162.2075726052989,162.2075726052989,156.8335253367235,158.75634765625,4463353
2015-04-10,159.34797361458473,160.62984498036036,154.02321814494798,155.25579833984375,6287496
2015-04-13,154.71346976302306,162.60198350586467,152.5441314929708,156.04466247558594,7549543
2015-04-15,156.0446675858236,159.29868262053924,155.10790955741285,156.14328002929688,2793736
2015-04-16,156.7842007907435,161.22148949236833,153.67810471806413,155.25579833984375,4302701
2015-04-17,159.24936542318076,159.54518768706592,156.19256043994332,156.98141479492188,3669268
2015-04-20,156.98143304132117,159.44659378332102,150.57201511212156,152.6920623779297,4302660
2015-04-21,152.8399625015399,155.10791334143727,149.24083391915588,150.22689819335938,3570618
2015-04-22,150.86783870815646,152.98787094605402,146.43054933438714,150.62132263183594,4294785
2015-04-23,151.8045858003386,154.4176650478727,150.42410189133105,151.9031982421875,3772240
2015-04-24,151.50876160086813,152.54413204257563,144.70492449161188,146.33192443847656,3041075
2015-04-27,147.31799555325935,148.79709195458184,142.97931879450545,143.76817321777344,4121122
2015-04-28,144.31050798362654,145.74029812676827,139.92251006529509,141.30300903320312,5752844
2015-04-29,141.45092116563387,145.34587215076283,141.45092116563387,143.7188720703125,3690841
2015-04-30,133.11867008947377,140.8099740372059,133.11867008947377,137.65457153320312,9896184
2015-05-04,138.04896970144873,141.50019394398493,138.04896970144873,140.07040405273438,2557279
2015-05-05,140.514142671865,145.64167328996018,139.6759821181713,144.65560913085938,3508024
2015-05-06,143.86677810561187,146.43055135314958,130.45631239658093,132.9707794189453,5646508
2015-05-07,129.86466141101687,136.076869324176,126.85716237686914,135.09080505371094,5289069
2015-05-08,136.47128058123027,138.24619916762302,130.16047565866253,131.7874755859375,3201406
2015-05-11,133.11866734963624,135.97824751868868,131.73818348446864,133.71031188964844,2538158
2015-05-12,134.00613297561517,134.49916512791125,127.25160151684723,128.28697204589844,3346304
2015-05-13,130.11116889411736,134.59776403794467,129.07579846921172,132.82284545898438,3070373
2015-05-14,132.28050990441972,140.16902371271658,131.54096173489188,136.91502380371094,5784303
2015-05-15,137.16154633958686,140.1197391574401,133.11867680339543,134.49916076660156,3475423
2015-05-18,134.9922076761535,136.32340060832888,133.36520746673767,135.3866424560547,2078927
2015-05-19,135.09079416174293,138.39411521992258,134.6963745038165,136.22476196289062,2183005
2015-05-20,136.27407405116094,137.3587507263953,133.16797773430662,135.14010620117188,1643528
2015-05-21,135.7810423846037,135.7810423846037,132.3298175561475,134.4005584716797,1971412
2015-05-22,134.6963697631764,140.36623866165468,133.56238695579378,135.83033752441406,3708166
2015-05-25,135.58382278270435,136.668499383424,132.28050180917677,133.3158721923828,3269182
2015-05-26,134.9922045682588,135.09081702250086,131.78749540531626,132.6256561279297,2492089
2015-05-27,130.30838179989513,131.88609058422085,124.98364098355137,127.79393005371094,7822638
2015-05-28,122.27197670797216,126.9064760417061,116.05976843051502,116.50350189208984,15034783
2015-05-29,117.58816251470962,119.26446874049086,107.87543109882205,117.98258972167969,20206406
2015-06-01,115.86255439457713,120.44775486033893,114.43276417936282,115.07369995117188,5959654
2015-06-02,115.7146395500302,116.65140511203704,111.72108380591668,112.90435791015625,5579188
2015-06-03,112.75645191939616,112.75645191939616,95.99335871250341,105.21305847167969,13432874
2015-06-04,105.80469313295612,106.29772523977684,101.8111300584791,104.72001647949219,5046536
2015-06-05,104.47350748325411,107.87543376396053,101.76183071256672,105.60748291015625,5014958
2015-06-08,106.49494153555261,107.28379596356383,100.6278621175918,102.74789428710938,5478834
2015-06-09,102.74789062989312,103.19162405100766,99.4445769359371,100.4306411743164,3568454
2015-06-10,99.83900062589021,103.73395122132543,99.83900062589021,102.15625,3519697
2015-06-11,102.64928126077393,102.94510352869293,91.95048624277115,94.66216278076172,11086659
2015-06-12,94.6621737829504,94.6621737829504,90.71791654199414,93.38028717041016,6683776
2015-06-15,94.5635627950088,97.42315061601701,92.29561201760534,94.90868377685547,5004994
2015-06-16,94.90868953985225,96.43709222478842,92.14770647128164,93.97193145751953,6159961
2015-06-17,94.76078041651058,97.52176354414958,93.2323852219496,94.61286926269531,6149914
2015-06-18,94.66216131981383,95.84543532708244,92.24630708702682,92.69003295898438,4414258
2015-06-19,93.08446169029045,93.8733085339525,89.18950359876224,90.02766418457031,6898722
2015-06-22,90.27418000285616,92.14769595368129,87.85831821283132,90.32347869873047,6049467
2015-06-23,91.21094937644749,95.64823880557196,90.57000606540366,92.49283599853516,8992437
2015-06-24,93.13377141474488,95.15520626695104,88.74578822824449,89.18951416015625,8295159
2015-06-25,89.23881036224788,90.71790666659453,87.51319800717678,88.99229431152344,11459683
2015-06-26,89.23881530761719,90.71791169393128,88.0555412077952,89.23881530761719,5709087
2015-06-29,87.75971377483155,87.75971377483155,84.40709399117848,85.09734344482422,5054008
2015-06-30,84.80152908384055,86.42853666971499,83.47034379469729,84.50570678710938,4422022
2015-07-01,84.70292033384717,88.20344389734642,84.30849313037697,86.675048828125,5707998
2015-07-02,88.25275462760531,92.1477055935607,87.26669033009017,87.66111755371094,9876222
2015-07-03,89.43602368525876,89.43602368525876,82.04054187479944,83.37173461914062,10088879
2015-07-06,82.23776473922294,83.32243397271455,80.26563612448413,82.5828857421875,6570468
2015-07-07,83.61824680422004,83.76615041511616,80.6107479981192,81.05447387695312,5378934
2015-07-08,80.75866483469278,81.74472910001731,76.9130126953125,80.11772155761719,11531892
2015-07-09,80.06840743017369,84.20988144950357,79.67398778144256,80.56143951416016,10146330
2015-07-10,81.35030717546833,85.1959595647416,78.19490433061908,83.51964569091797,18275366
2015-07-13,84.80152773510159,85.68898708810687,82.13915719915916,82.68148803710938,9842462
2015-07-14,82.68148105254463,83.51963411171762,81.35029589702603,81.6461181640625,3792366
2015-07-15,80.80796113233542,82.53357354536456,79.5753808373146,79.9205093383789,7850707
2015-07-16,80.80796918202938,80.8572754079711,79.0330578942353,79.32887268066406,4814829
2015-07-17,79.42748488470254,80.95588008416654,78.88514649333135,79.7726058959961,5661492
2015-07-20,79.87121233978998,80.75867175929133,77.35674523838183,77.70187377929688,5915725
2015-07-21,77.70187209767874,79.03305743658437,76.02555822532732,76.46929168701172,7607563
2015-07-22,76.71580282339978,76.81440774528149,75.18740020347684,76.22277069091797,5288307
2015-07-23,76.41998201843111,78.34280436321387,75.43391773432232,77.75116729736328,7623897
2015-07-24,77.89908054201962,78.68793499977586,74.20133937705033,74.64506530761719,5033047
2015-07-27,74.44785623216252,74.44785623216252,72.57433251773176,73.60970306396484,5557791
2015-07-28,74.05342620278334,75.28600655743378,70.89802350410761,74.0041275024414,6913461
2015-07-29,74.05343120001515,76.66650323282262,73.90552004286116,74.10273742675781,5475963
2015-07-30,74.5464595753748,77.20883769921858,74.05342742537488,75.97625732421875,4265011
2015-07-31,77.06092523307468,81.20239221309076,75.72973995543191,77.89907836914062,8953470
2015-08-03,78.24419341457006,78.24419341457006,74.64505755009381,74.94087982177734,4186031
2015-08-04,75.63113080328611,77.35674337397585,73.4617922950771,76.61719512939453,8273018
2015-08-05,77.84976727416205,79.62468588199928,76.86370305271315,77.50464630126953,8483307
2015-08-06,78.68792788085202,78.68792788085202,76.51858207982063,77.50464630126953,4634275
2015-08-07,76.9130144159128,78.8851429906798,76.66649834406692,77.45535278320312,4464505
2015-08-10,77.4060491621094,83.12522523045016,77.3074442346705,80.95587921142578,10806535
2015-08-11,81.74473670803383,86.23132501898503,79.72330176675344,80.4135513305664,16333905
2015-08-12,79.8712135483804,79.8712135483804,75.48323013427309,76.07486724853516,10861171
2015-08-13,75.77904063273111,77.40604824699606,66.657945775601,67.4468002319336,16107009
2015-08-14,63.94627428075043,72.62364393471745,61.234597204270024,69.96126556396484,27660852
2015-08-17,69.51753219701337,71.7361768415989,66.06630719432476,69.8133544921875,10013420
2015-08-18,69.96126048620233,72.72224359109369,68.28495415163712,70.01056671142578,7121041
2015-08-19,69.07380909918611,75.3353160695353,68.13704347491415,73.01806640625,11849799
2015-08-20,71.73616793049813,72.7715383119199,66.46072615774953,66.9537582397461,10960205
2015-08-21,65.08024518731645,70.79942125846162,64.0941808662965,69.86265563964844,11994305
2015-08-24,67.05236577611306,70.60219540082213,64.19277808398779,66.85515594482422,13688457
2015-08-25,68.03843952420483,69.56684226187667,59.163860455830296,67.93983459472656,10463924
2015-08-26,68.03842766007955,68.6793708745354,65.12954137079792,66.36212158203125,7358404
2015-08-27,68.38355464364945,70.05986839256258,67.15097432374561,69.17240905761719,9939097
2015-08-28,71.83477296607649,72.77153843732779,65.62257323605792,66.6579360961914,13137677
2015-08-31,66.51003775353362,68.6300776219726,64.29139295418274,66.60865020751953,39144130
2015-09-01,66.60865224903773,68.53147479151234,63.2067256052548,63.798362731933594,9998233
2015-09-02,64.58720857316091,65.86909511132316,63.15741841550343,63.403934478759766,6729618
2015-09-03,64.2913818359375,65.52396206686477,63.601139915847305,64.2913818359375,5672675
2015-09-04,63.995570225939176,64.38999742375147,56.747995856509775,61.28389358520508,13315884
2015-09-07,61.924838479541265,62.122052095644335,58.37500843583347,59.06525421142578,5749544
2015-09-08,59.5582859425667,60.98807618557283,57.734064708654344,59.656890869140625,7866461
2015-09-09,61.13598102085584,62.41786374156649,59.45967111152508,61.481101989746094,8035099
2015-09-10,60.14992149308947,61.08668331783018,58.4736114532698,60.002010345458984,5066633
2015-09-11,60.24852326526076,62.467167794429656,59.508975088871125,60.98807144165039,6459604
2015-09-14,61.13599112968436,63.60115206233292,59.85410819701452,63.25603103637695,8675694
2015-09-15,63.60114302812687,64.19278006330879,61.13598244564133,61.28389358520508,7756834
2015-09-16,62.12204561542758,63.354625885574954,61.57971104887003,63.058807373046875,5621786
2015-09-18,63.3053221770233,64.68581363897056,62.31926168332234,63.10811233520508,10522359
2015-09-21,61.481100414037854,66.01699415923568,61.28389058631857,64.2913818359375,8588769
2015-09-22,64.09417666702736,64.73511993831228,60.5443468485451,60.93877029418945,7611383
2015-09-23,59.755496896414854,61.43180700980722,59.114557338804495,59.90340805053711,7352052
2015-09-24,59.75549364182827,60.54434807213278,57.980578696716506,59.01594543457031,11173479
2015-09-28,59.26245991083436,60.248524160675444,57.19172649078273,57.487545013427734,4753295
2015-09-29,56.94521282880734,58.96664387388622,55.21960031884348,57.68476104736328,9313125
2015-09-30,58.96664125877336,60.29783025005917,58.47360913493489,59.8047981262207,5594946
2015-10-01,60.347134313385176,61.13598498017689,59.1145539710429,59.311767578125,4485490
2015-10-05,59.952708717499284,69.46822696030803,59.65689017965957,68.33425903320312,21086472
2015-10-06,69.51752783670742,75.13809090789286,66.60864138326589,72.87014770507812,24691748
2015-10-07,71.68687365915639,72.13060712074171,68.63007574599953,69.12310791015625,13682544
2015-10-08,68.72868059277435,71.48966371800975,68.58077696216164,69.2710189819336,11320847
2015-10-09,69.91194992770993,71.78547332236505,68.03842653305479,68.43285369873047,10127734
2015-10-12,69.07380991144967,73.80691422174036,68.53147151612133,71.68687438964844,15035104
2015-10-13,71.48966820417037,74.20134527398373,70.99663600965886,73.5604019165039,10198994
2015-10-14,73.06736510874403,76.17346924267162,72.4757280172992,73.01806640625,9288772
2015-10-15,73.85620851586118,74.89157139002572,72.57432207386015,74.29993438720703,5368729
2015-10-16,74.69436426468738,74.84227540150927,72.62363091839974,74.05342102050781,3478759
2015-10-19,74.64506326840086,75.48322392802193,73.31387798999309,74.0041275024414,3002561
2015-10-20,74.59575665015271,76.81440105302727,73.2645715130425,74.29993438720703,7037940
2015-10-21,74.15202797463857,75.72973677998787,73.51109223592267,74.99018859863281,5520679
2015-10-23,76.51858074724747,77.7511610025932,74.54645233869432,75.38460540771484,8457031
2015-10-26,76.3706782059744,76.3706782059744,73.60970263715147,74.20133972167969,5412230
2015-10-27,73.80691249096965,74.74367810429021,71.8347838604931,74.20133972167969,7162876
2015-10-28,73.46179297718234,76.66650206679097,73.3631880482707,75.72974395751953,6747468
2015-10-29,75.92695109998932,76.76510425037449,73.46179034998967,75.97625732421875,6717459
2015-10-30,76.27206028615049,86.13270175877686,75.08878631866429,79.03304290771484,20273410
2015-11-02,78.58931544024874,80.66005632374983,76.32137224476004,77.50464630126953,7887742
2015-11-03,78.39210722363686,78.68792950540814,74.05342305507251,74.99018859863281,5779544
2015-11-04,76.17346767666648,76.91301590653703,74.69437121692538,75.23670959472656,5203484
2015-11-05,75.18739455234294,75.43391060005553,72.22920197979174,72.67292785644531,4015746
2015-11-06,72.87014360420694,73.36317568877793,70.50358809365167,70.99662017822266,4011547
2015-11-09,68.0384324017693,72.08129427175257,68.0384324017693,71.2431411743164,4299307
2015-11-10,71.19383798502518,72.03199864122791,69.91195893526077,70.55290222167969,5822786
2015-11-13,70.503598314822,81.39961197270577,69.2217116998685,78.24420166015625,21210031
2015-11-16,74.94088423273172,81.15309211914801,72.0319976566116,79.96981048583984,15339117
2015-11-17,80.46284207865516,82.4842768200622,79.5753827404015,80.85726928710938,7986940
2015-11-18,80.66006024101694,81.99124550000757,78.63862547964622,79.67399597167969,6066296
2015-11-19,80.1670224730678,81.44890141928549,79.08234583455761,80.46283721923828,4303243
2015-11-20,88.4992688641987,93.18307418013121,84.70292290221543,86.57644653320312,32348002
2015-11-23,85.98480503603344,87.02017557333086,81.25170085013839,81.99124908447266,8284435
2015-11-24,81.54752326888824,85.98481309055124,81.00519236008516,85.14665985107422,10765461
2015-11-26,85.49177063845413,90.71791436663072,83.86477058403311,89.14021301269531,16157364
2015-11-27,88.74578325003768,91.55606488167422,87.36529178375578,89.09090423583984,9182225
2015-11-30,89.58394115070828,90.42209431045265,88.35136076194489,89.63324737548828,4792887
2015-12-01,90.0276742298893,94.85938331527743,89.83045685466361,93.97193145751953,12688299
2015-12-02,94.07053397771334,95.10589695964238,92.7886474022887,93.62680053710938,5999973
2015-12-03,93.38028393071686,93.5775012997667,90.32348617964163,90.61930847167969,4906352
2015-12-04,89.43602589915055,94.21844360675631,88.9922999887683,92.09840393066406,10544253
2015-12-07,93.67609991866054,93.87330975136541,90.71790728965021,92.29560852050781,5591777
2015-12-08,91.50677237095238,92.4435304704905,86.23132221364403,87.71041870117188,4939727
2015-12-09,87.71041891872746,88.94299932805794,82.43497627140776,83.81546783447266,7912473
2015-12-10,84.11128605854863,87.26668874401823,83.32243162564451,86.1327133178711,4311210
2015-12-11,87.3159953810661,90.22488201042417,84.01267401031312,85.54107666015625,9686372
2015-12-14,85.78759505793178,90.52070676001266,85.39316782891277,89.63324737548828,7656820
2015-12-15,89.7318576711432,90.12628492376305,87.80903515884835,89.28813171386719,3915165
2015-12-16,90.12628020517047,91.01373959633337,88.3513614228447,88.5978775024414,4320204
2015-12-17,88.84439208732334,91.55606891726596,88.05554515972965,90.81652069091797,9100268
2015-12-18,90.52071180177985,90.570010506232,87.9569384318976,89.73185729980469,4628271
2015-12-21,90.4713948447256,91.70397515596164,89.18950831181084,90.42208862304688,4002969
2015-12-22,90.66861581342549,91.70398641116833,88.30206734385463,89.28813171386719,4157745
2015-12-23,90.27417959018464,91.60536474187037,90.22487337146295,91.06302642822266,3619338
2015-12-24,91.9504882853704,92.3942141740331,89.92905363018937,91.11233520507812,2990873
2015-12-28,91.11234660539475,91.50677384637653,88.54858082362394,89.38673400878906,3151248
2015-12-29,90.22487684517853,90.42208668151255,88.94299033978831,89.4853286743164,2341273
2015-12-30,89.73185215560362,94.07053662158819,89.18951377620293,93.5281982421875,12085937
2015-12-31,93.77470838815373,96.7822073508314,92.98586150437183,94.90868377685547,20223568
2016-01-01,95.15520367649357,95.15520367649357,92.49283311135476,92.88725280761719,3403514
2016-01-04,91.5067749881644,93.57750862531428,90.22488831974714,91.3588638305664,6682526
2016-01-05,91.75327895503743,95.94405190258912,90.22487640023056,94.56356048583984,8447206
2016-01-06,95.15519629955168,95.6482284047307,91.75327778304556,92.14769744873047,4813339
2016-01-07,89.73184626628597,90.71791051097043,81.99124345012758,82.78009033203125,9245392
2016-01-08,83.7168657133839,85.59038950300061,79.37818102244891,83.4210433959961,12862101
2016-01-11,81.05447790383344,83.71685587832539,79.82189759797787,82.78009033203125,9583608
2016-01-12,82.53358213862812,84.25919473132527,78.09629261454975,78.88514709472656,10828818
2016-01-13,81.05448192722793,81.64612652186527,73.56039480024803,76.71580505371094,12945160
2016-01-14,75.63112941276104,75.68043563738945,70.50359802049961,71.19384002685547,11858071
2016-01-15,71.68686834654272,72.17990047416151,61.13598382472992,63.10811233520508,15515217
2016-01-18,61.48110208412545,63.995568832749754,58.177788480122885,59.16385269165039,15693048
2016-01-19,59.16386102147577,64.68581987886539,56.20566797040198,63.45323944091797,20381831
2016-01-20,60.938770762694865,61.82623010490664,58.96664223470127,60.199222564697266,12411540
2016-01-21,61.23458959090182,63.50254041848362,60.347134005859814,61.77692794799805,10154963
2016-01-22,63.35463587055835,65.77049057156789,62.6150875919137,65.12955474853516,7780882
2016-01-25,66.26350761969717,66.80584590937121,63.20671027089393,64.3899917602539,5484108
2016-01-27,65.5239591818544,65.9676925592943,64.04486296986605,64.98162841796875,5996551
2016-01-28,65.03093332648412,65.03093332648412,62.812292557992535,63.15741729736328,13364567
2016-01-29,63.8476706191765,64.9816461965644,60.14992907752535,63.30533218383789,8850284
2016-02-01,63.896969411597475,64.58721140980104,61.62901852080252,63.0095100402832,5358963
2016-02-02,63.45323319036552,63.55183811107331,58.868036669794755,59.213157653808594,7898455
2016-02-03,58.522915016590794,59.21316078262762,54.03632317965662,54.62796401977539,13119934
2016-02-04,55.41681216258492,57.78336412958939,53.83910708971197,56.60009002685547,9214195
2016-02-05,57.58615546315307,63.45323492058986,57.043817099862125,62.615081787109375,20592231
2016-02-08,64.58720640754646,65.37606079274568,60.149917417715024,60.445735931396484,11315353
2016-02-09,58.966642163921485,61.234589216084494,58.12848904514493,60.34713363647461,9940390
2016-02-10,59.903402370931815,60.39643448921109,57.43824177953544,58.81873321533203,6818455
2016-02-11,59.163860073295,59.163860073295,52.16280480256986,54.13493347167969,10630243
2016-02-12,56.15636158964198,56.15636158964198,47.4296904405266,54.67726516723633,17832380
2016-02-15,55.51541616962894,64.5379017428263,55.31820256857585,62.26995849609375,17147005
2016-02-16,63.50254420181396,63.50254420181396,57.48754954655463,58.325706481933594,10900191
2016-02-17,58.67082498763817,58.67082498763817,54.233535702858816,56.254966735839844,13304527
2016-02-18,57.93127677350828,60.14992141589796,55.21959998836534,56.254966735839844,11935714
2016-02-19,55.5647183238425,58.4243061195401,54.23353310674608,56.50148010253906,7841503
2016-02-22,56.79730154811107,57.43824484064716,54.82517296989143,55.95914840698242,6208463
2016-02-23,56.205667208781286,57.43824763002649,54.43075215449558,55.7126350402832,8478023
2016-02-24,54.825172039552776,59.85410208559806,54.23353498074118,57.4382438659668,15065790
2016-02-25,57.24102624870391,58.12848553627989,53.00095092686222,53.39537811279297,16928903
2016-02-26,54.48005161628147,54.825172610593455,51.81767730082553,52.65583419799805,9522345
2016-02-29,53.247471262971935,54.23353554561957,51.27534269767668,52.65583419799805,8912582
2016-03-01,53.05025854465997,55.614027979502396,52.803742469859934,55.07168960571289,7826286
2016-03-02,56.89590730247547,59.065249379052624,55.51541586423459,56.50148010253906,16618509
2016-03-03,57.635457993915644,63.10811400278753,56.50148256581337,62.46717071533203,24050982
2016-03-04,64.3899981247255,64.68581288400027,60.98807197001694,62.26995849609375,17267856
2016-03-08,63.10811460775089,66.46073470090236,62.615082462377835,65.47467041015625,18857907
2016-03-09,62.12205118930586,64.58721195078624,60.49504358211407,64.14348602294922,15705459
2016-03-10,64.14348040971078,66.95376192725409,62.12204575296449,64.93232727050781,23453536
2016-03-11,64.48860455577723,66.55933801152099,61.629016677334256,61.924835205078125,18800771
2016-03-14,62.910902884672886,63.10811650104603,58.57222213214809,58.91734313964844,16146496
2016-03-15,59.95270801265394,60.49504261924016,58.22709550708351,59.854103088378906,11894987
2016-03-16,59.8541031615439,60.84016745164664,57.19172882595914,57.832672119140625,10477086
2016-03-17,59.60758695587062,60.00201041410863,57.586155917982694,57.9805793762207,8281130
2016-03-18,59.21315856871682,60.149920376061175,58.375005445140474,59.7554931640625,8224036
2016-03-21,60.14991804574041,60.74155507928062,58.76942661876454,59.410369873046875,6524023
2016-03-22,59.95270870230992,61.33320022726122,59.95270870230992,60.692256927490234,11955087
2016-03-23,61.13598494040946,62.36856528194997,60.93877133345564,61.33319854736328,10700686
2016-03-28,62.02344158784529,62.368562563820994,58.42430564278884,59.410369873046875,6952331
2016-03-29,59.65688881638874,59.85410242428745,54.72656742660454,54.97308349609375,12955204
2016-03-30,56.550783608995566,57.684759008652094,54.82517116001879,56.89590835571289,11219108
2016-03-31,57.0931204365551,59.755490849022586,56.501479641478355,59.410369873046875,13194916
2016-04-01,58.7201271283598,64.39000050054027,58.52291352003006,62.615081787109375,18486876
2016-04-04,63.94626584729357,64.68581404334493,61.82622994220163,62.516475677490234,10798852
2016-04-05,62.07274411762189,62.31926017546667,59.16385388274623,59.26245880126953,9563571
2016-04-06,59.45967384016509,62.122048081687595,59.16385531589295,61.0866813659668,9190787
2016-04-07,61.431800792768556,61.924832907897574,59.16385381548237,59.410369873046875,7506654
2016-04-08,58.8680433198636,66.95377186201961,58.8680433198636,65.72119140625,44145045
2016-04-11,65.57327051701807,66.31281868074385,64.19277910678206,64.93232727050781,15081055
2016-04-12,64.98163379603787,66.31281899238566,64.09417449078167,64.48860168457031,7970910
2016-04-13,65.27744952696102,69.17240777974675,65.22815082891954,67.0523681640625,19053301
2016-04-18,67.54540205862547,68.82728861057323,66.16491058492942,68.28495025634766,9367755
2016-04-20,69.27101383852374,75.43391542558102,69.221707616598,73.51109313964844,28069166
2016-04-21,74.44784401211092,74.64505383470208,71.4896515348085,72.32780456542969,10590632
2016-04-22,72.37712888214662,73.85622549067928,71.341758246944,71.93339538574219,8568897
2016-04-25,71.93338538159031,72.57432866076334,69.22170864307415,71.73617553710938,10832923
2016-04-26,71.63756969136497,74.349246394924,71.24314248441446,73.21527099609375,11950985
2016-04-27,73.31388182227795,78.14559856968727,73.26458311935905,75.72974395751953,22870746
2016-04-28,74.89158465353849,76.41998741098784,73.2645844884089,73.65900421142578,11366161
2016-04-29,73.46178460493182,73.90551049600087,66.36212520938909,68.82728576660156,32805124
2016-05-02,68.3342605352984,70.60220396243479,67.15097883485555,69.7147445678711,12695777
2016-05-03,69.71474057781892,70.9473209099803,67.59470842495998,67.98912811279297,8774317
2016-05-04,69.81335199448539,70.40498904059325,65.03093435768653,65.57327270507812,17462288
2016-05-05,64.7844135207949,67.15096905390345,64.09417160504653,65.03092956542969,12531099
2016-05-06,64.58721643539235,65.03094239403944,62.91090624888391,63.25603103637695,8603142
2016-05-09,64.09418232503548,65.42536768409451,63.256029137707486,64.04487609863281,7619729
2016-05-10,63.453241989045935,65.72119309517416,63.10812095717623,63.50254821777344,10236387
2016-05-11,62.81230040422227,64.19278824953994,62.171357066424655,62.71369171142578,8192044
2016-05-12,63.40393462100565,64.04487036845148,62.1220480799675,63.10811233520508,7592727
2016-05-13,63.108109440883446,63.108109440883446,60.64294891584893,61.481101989746094,8310456
2016-05-16,61.579713837322416,61.92483482397686,60.149919906900244,60.49504089355469,5505927
2016-05-17,61.03737870637455,61.23458854755483,59.16385512286905,59.36106872558594,6250516
2016-05-18,59.06525308901562,61.33320022726122,58.32570486383531,60.692256927490234,9076249
2016-05-19,60.149923105561875,62.31926534692229,59.31176994395157,59.50897979736328,8973188
2016-05-20,60.1499221184544,60.49504311779803,58.72012813546247,59.11455535888672,4669072
2016-05-23,59.50897664604711,59.75549271129425,57.78336418931706,58.473609924316406,5289519
2016-05-24,58.276398327040475,59.11455523467162,57.043817958350644,57.38894271850586,6838413
2016-05-25,58.375006112421495,59.26246170725796,57.73406282598123,58.72012710571289,5307988
2016-05-26,59.065252409568345,60.347135232827604,58.76943011366973,59.854103088378906,6416364
2016-05-27,59.854102480873046,61.62901743056601,59.75549379606212,60.74155807495117,5713010
2016-05-30,61.72762074967861,62.368564018914505,60.544346654991735,61.234588623046875,4914519
2016-05-31,61.38250034317198,63.45323378989324,59.75549280536481,62.36856460571289,11290062
2016-06-01,62.51647516151867,62.81229368519039,60.642951575703435,61.234588623046875,4971427
2016-06-02,60.84016847153107,62.319264931479786,60.54434993184869,61.97414016723633,4061856
2016-06-03,62.12204863179835,62.46716961958257,59.50897682759217,60.199222564697266,5640978
2016-06-06,61.0866813659668,61.629015954055156,60.19922203161375,61.0866813659668,3658084
2016-06-07,62.02344175995074,62.02344175995074,60.29782935221087,61.28389358520508,4401761
2016-06-08,61.481111880978,65.37607065100677,61.33320448260209,63.55184555053711,13685135
2016-06-09,63.55184692342667,64.78442741087152,62.910907326877634,63.50254821777344,6637341
2016-06-10,64.04487911840461,65.32676583457696,63.05881848998587,63.50254821777344,8476263
2016-06-13,63.00951256862023,63.00951256862023,60.39644057387065,61.1852912902832,8089974
2016-06-14,61.62902391873873,65.27745912549838,61.530418985083585,64.09418487548828,14758325
2016-06-15,64.78442693414847,65.0802492581881,62.713693235093686,64.09418487548828,5155944
2016-06-16,63.551841085316354,65.1788486838954,63.206720085150764,64.58721160888672,6820169
2016-06-17,65.17884312892939,66.55933453501086,64.7351172412585,65.37606048583984,8606371
2016-06-20,64.14348440108436,67.54540315668052,63.79835588474478,66.5100326538086,6785359
2016-06-21,66.8551721017042,67.39750303034998,65.32676920909181,65.67189025878906,5075025
2016-06-22,66.26351782901149,66.65794505290145,64.09417938222708,64.73512268066406,5669565
2016-06-23,64.58720898249577,65.12954733432619,63.403934880595386,64.6858139038086,4500265
2016-06-24,62.122045230869645,62.910895846573396,59.85409830014518,61.481101989746094,7528008
2016-06-27,61.48110744732789,63.40393734138514,61.28389759704827,62.86159896850586,6455316
2016-06-28,62.91090850879665,65.86910549577762,62.26996890020615,65.1788558959961,8416960
2016-06-29,65.81978876787917,66.26351467169177,65.32675664227708,65.57327270507812,5640937
2016-06-30,66.65794103260609,67.15097315196422,65.67187679388981,66.90445709228516,7207359
2016-07-01,67.98913706353515,71.44036244793946,67.54541109477003,69.66545104980469,15885594
2016-07-04,70.10917079269328,72.17990433483449,69.76404978951535,71.19384002685547,6924335
2016-07-05,71.19384205511656,73.36318810831767,70.45429380306311,71.98269653320312,7357107
2016-07-07,72.96874643630514,73.90550436105578,69.8133441942344,70.05986022949219,8950169
2016-07-08,70.30637954989272,70.35567824540439,67.93982399622358,68.63006591796875,5943980
2016-07-11,69.96125935141498,71.63757318186373,66.4114293620435,67.8905258178711,11425233
2016-07-12,68.77798646248428,74.05342908079842,68.23564807613124,73.4617919921875,15373290
2016-07-13,73.65900512588476,74.94089181082589,71.44036030253794,72.4757308959961,10440031
2016-07-14,72.57432542845868,73.85621192971227,72.13059953660252,72.87014770507812,5902110
2016-07-15,73.2152773177006,73.51109962922389,70.99663255049754,71.53897094726562,6188760
2016-07-18,71.9826913982252,72.37711860913151,67.10167629209542,67.98912811279297,6795234
2016-07-19,69.02449852739433,69.27101459356359,67.54540213037873,68.13703918457031,5080883
2016-07-20,68.82729084315079,70.20777483855284,67.05237210181451,68.77798461914062,7133283
2016-07-21,68.77797555704457,69.41891876935914,65.47466210658955,66.6579360961914,8753624
2016-07-22,66.60864408816485,69.12310344924738,66.06630573336315,68.13703918457031,7522020
2016-07-25,68.53146082259791,69.51752500709571,67.64400155193533,69.07379913330078,5648451
2016-07-26,70.01057005868509,82.53358451065688,69.71474773934834,79.23027038574219,67627621
2016-07-27,79.57538632397535,88.942997212023,78.04699116661173,86.7736587524414,68525903
2016-07-28,86.77365556258643,88.00623589728225,82.23776143552044,83.8647689819336,36713626
2016-07-29,84.50571091387638,86.67505697533838,81.20239688007337,82.33637237548828,25494644
2016-08-01,83.17452415647976,90.12628064420026,80.95587942930177,88.00624084472656,41680994
2016-08-02,87.66111591119392,88.10484182753217,81.69542401377778,82.38567352294922,25618433
2016-08-03,83.32244159559,84.06198989377572,78.88515180647575,79.427490234375,19613608
2016-08-04,80.11771873184172,81.84333113529676,77.89907421311379,80.6600570678711,21480445
2016-08-05,81.49820703054426,82.63218235675373,80.85726380068041,81.6461181640625,12110486
2016-08-08,82.53356909488184,85.29455181607639,81.59681113040834,83.12521362304688,17315191
2016-08-09,83.71684648422242,84.60430570946876,80.85725899090521,81.10377502441406,12723926
2016-08-10,81.30100154351409,82.28706588011498,78.6879370699808,79.18096923828125,10625271
2016-08-11,79.3781690139501,80.06841095266833,76.46928259968668,78.83583068847656,11133389
2016-08-12,79.27957615854942,81.05448749516621,78.9837538409096,79.82190704345703,8528416
2016-08-16,79.92052204918438,80.95588514782534,78.39211923104746,79.8712158203125,7189582
2016-08-17,79.57538765806004,82.04054845940111,79.03305679560924,80.95587921142578,9697340
2016-08-18,81.49821546249348,87.16808515708276,81.44890923852851,84.20989227294922,27692442
2016-08-19,84.45640921911817,87.95693298766147,84.01267576806995,86.62574768066406,24094305
2016-08-22,86.77366540914218,86.97087527584237,84.16059329845658,84.65362548828125,14650198
2016-08-23,84.65361689848096,89.97836551290014,83.96337491199493,86.1327133178711,21883469
2016-08-24,86.32993061281475,87.6118096613312,85.78759225027902,86.28062438964844,8476299
2016-08-25,87.0694817184359,88.64718311228923,85.34386917323646,85.73828887939453,15101563
2016-08-26,86.47783850939697,86.72435459126308,83.02661336327164,83.81546783447266,12039877
2016-08-29,84.3084998339064,84.99874185255682,83.12522565248459,84.11128997802734,8343525
2016-08-30,84.55501175604499,87.75972065641987,84.11128584060707,86.57644653320312,16809437
2016-08-31,86.57644275951007,88.25274894817922,83.91406481370998,84.25918579101562,12938314
2016-09-01,84.75221350628267,85.14664068403513,82.63218153162447,83.12521362304688,7688728
2016-09-02,82.92801092732174,82.92801092732174,80.11772901420743,80.4135513305664,8837313
2016-09-06,80.8572738576342,82.78009626331188,80.8572738576342,81.54751586914062,7792016
2016-09-07,82.08985011552444,84.55501077965431,81.6461242052104,84.0126724243164,9411402
2016-09-08,84.3084988988226,86.18202260118896,84.25919267386283,85.44247436523438,9740073
2016-09-09,82.73079364153975,86.77365563825276,80.36423789224546,83.71685791015625,20158474
2016-09-12,81.44891734424702,81.74473967132975,79.18097375455186,79.8712158203125,10724869
2016-09-14,80.06841003460482,81.00517553849338,79.18095827302058,80.46283721923828,9042478
2016-09-15,81.84334037279497,84.20989629782792,80.85727603095407,82.0405502319336,17377657
2016-09-16,82.82940336824194,83.32243553114814,80.0684202467377,80.36424255371094,8224861
2016-09-19,80.80796576970162,81.74473136151992,80.21632869875368,80.61075592041016,5488374
2016-09-20,80.66006214426979,82.18845728396249,79.92051392481648,80.61075592041016,8176627
2016-09-21,81.00518371786767,81.49821586767445,79.47678104423724,79.72329711914062,8143374
2016-09-22,80.906570266057,81.54750597480094,80.01911098531636,81.05447387695312,7504247
2016-09-23,81.20237993320315,83.27311311006308,80.16701710630933,81.10377502441406,12556792
2016-09-26,80.85727471661714,82.23776627736926,80.0684202467377,80.36424255371094,5609424
2016-09-27,81.0544905664691,81.25170796005992,78.88515189849034,79.27957916259766,5214742
2016-09-28,79.92051661632486,81.05448457255011,79.42748445341866,80.36424255371094,7223376
2016-09-29,81.35030647885308,81.35030647885308,72.32781643749281,73.60970306396484,16479847
2016-09-30,73.95482062232959,75.58182818063551,73.46178848484739,74.8915786743164,7949532
2016-10-03,75.92695502382281,77.8990837257403,75.53252777882453,77.55396270751953,6011094
2016-10-04,78.04699667073686,83.32243956459017,77.84977928218329,81.94194793701172,23414161
2016-10-05,82.92800947476923,84.75222699883294,81.89264643179604,82.33637237548828,19243854
2016-10-06,80.26562622959729,81.30098911085479,77.20882875819898,78.04698181152344,18200550
2016-10-07,78.19489231355952,79.47677123093447,77.50464287521365,79.08234405517578,8144787
2016-10-10,79.77259917984016,80.26563130391449,76.37067300988342,78.29350280761719,7308687
2016-10-13,77.60325689951989,79.77260285935192,74.94088631594596,76.71580505371094,11098645
2016-10-14,76.71580330029248,77.50465020332315,74.64506231253775,75.48322296142578,6799746
2016-10-17,75.72973950927798,76.22277164795017,74.15203064706823,74.7436752319336,5644548
2016-10-18,75.33531417956891,76.81441063261121,74.94088695414291,75.68043518066406,5249243
2016-10-19,76.12415894286909,76.4199812342957,74.6943687548116,75.03948974609375,5019581
2016-10-20,75.58182501425522,77.80046953997852,75.28600273492954,75.87763977050781,7365731
2016-10-21,76.37066984925295,76.37066984925295,74.5957587898847,75.08879089355469,4208830
2016-10-24,75.48322009550435,76.71580038757286,75.33530895584151,75.87763977050781,5483273
2016-10-25,76.91301815060702,77.70187262804791,75.28601049280633,75.72974395751953,8460224
2016-10-26,75.33530397958619,76.91300514460458,75.13808663203852,75.7790298461914,11847305
2016-10-27,75.28601337995869,76.22277904822812,72.96876360783811,75.18740844726562,9337442
2016-10-28,74.94088795810839,75.87764604835527,73.95482364287012,74.20133972167969,6708726
2016-11-01,74.8915727048709,77.80046659799824,74.4478468257347,76.56788635253906,11483449
2016-11-02,75.38460383250575,75.38460383250575,73.11666072390345,73.70829772949219,6735268
2016-11-03,74.34924701791556,75.43391620381324,71.24314308137917,72.17990112304688,9086328
2016-11-04,71.88408925783499,72.13060533380626,67.44679989035225,67.8905258178711,9500825
2016-11-07,68.58077155503335,70.70080367278585,68.58077155503335,69.91195678710938,6277675
2016-11-08,70.60220294668278,71.63757347929021,69.41892878633742,71.19384002685547,6076115
2016-11-09,65.08023617685556,69.7147348347662,61.13597943886432,69.07379913330078,11873283
2016-11-10,71.39105961422165,76.91301840537757,70.55290643108552,75.2860107421875,16254422
2016-11-11,73.06736199365311,76.71580436098694,72.4264187039659,73.85621643066406,10319369
2016-11-15,74.20134044292661,74.20134044292661,68.77798665640042,69.56684112548828,7380349
2016-11-16,70.7994099839337,71.34174076028637,66.55933106953434,66.9537582397461,8341238
2016-11-17,67.54539770648826,68.3835507719542,66.263511237136,67.00305938720703,7999661
2016-11-18,67.10168238515305,67.150981089072,65.1788523785379,66.60865020751953,4991163
2016-11-21,67.69332137695746,67.84123253897728,63.403942816828085,64.09418487548828,6908206
2016-11-22,64.53790192133127,66.65794155582681,64.09417601965524,66.01699829101562,5735084
2016-11-23,66.65793901637804,66.7565439326525,65.37606005866421,66.11560821533203,3999870
2016-11-24,65.67188656897827,65.67188656897827,63.2067256052548,63.798362731933594,6843457
2016-11-25,64.24209485932647,66.26352229294419,64.0448774725589,65.72119140625,5054540
2016-11-28,65.37606274448176,71.14453709885998,65.17884538075775,69.91195678710938,11335430
2016-11-29,69.81335720669402,71.39105862179598,68.58077680066533,69.56684112548828,5489252
2016-11-30,70.01056184872553,70.30638413337196,68.97519137553621,69.61613464355469,5925037
2016-12-01,69.81335351056562,70.30638564687449,66.3621285564035,67.24958038330078,4685151
2016-12-02,66.1649016286782,68.48215082992421,66.06629672027731,66.46072387695312,5282630
2016-12-05,67.20028903776213,68.23565212347455,66.75655555267893,67.69332122802734,5949363
2016-12-06,68.0384332086338,70.70080367278585,67.34819124328274,69.91195678710938,7323342
2016-12-07,70.40499122500943,71.34174928348838,68.77798365542763,70.257080078125,5024052
2016-12-08,71.53896797694854,74.44785465282966,71.29245190193916,72.081298828125,11229820
2016-12-09,70.89801902384386,74.59575985412354,70.05986594026172,73.16596221923828,14764834
2016-12-12,72.91945685143583,74.10273860439857,71.63757768956877,72.4757308959961,5175087
2016-12-13,73.06736360659545,75.63112929886529,71.9826943740667,75.23670959472656,9379483
2016-12-14,75.92694409499437,76.12415392757039,74.29993664548705,74.79296875,5434967
2016-12-15,73.85621441126037,75.87764162583595,72.47572294577382,72.91944885253906,6006468
2016-12-16,73.46179035279219,73.65900020357026,71.68687160349529,72.081298828125,4224507
2016-12-19,72.32780974500523,73.65899495050631,71.73617271179063,72.27851104736328,3602958
2016-12-20,72.67293145008047,73.11666487174917,70.15847215291701,70.94731903076172,3250919
2016-12-21,71.83478368034518,71.98269483187472,70.60220328938841,70.75011444091797,3678700
2016-12-22,70.89803037078262,71.243151398896,66.65795053089201,67.84123229980469,7469817
2016-12-23,67.05238078006472,67.93984026559224,66.06631635682848,67.15098571777344,4992239
2016-12-26,67.003055729395,67.05236194593715,63.995564597133914,64.3899917602539,4976457
2016-12-27,64.4393048954412,66.11561883361765,63.99557893940649,65.42536926269531,5387338
2016-12-28,66.06630399399094,68.28494853110257,66.06630399399094,66.90445709228516,8768918
2016-12-29,67.15097470681357,68.82728846528937,67.05236978527341,68.58077239990234,5029660
2016-12-30,68.72868127737021,69.91196299557494,67.6440120113213,68.23564910888672,5947692
2017-01-02,68.82729043135616,69.81335472107145,67.89052484228255,69.36962127685547,4895204
2017-01-03,69.22172028239,70.45430082533194,68.87659923498117,69.41893768310547,4251904
2017-01-04,69.71474675411986,70.79942356097628,69.22171457757567,70.20777893066406,3841755
2017-01-05,71.2924504037962,75.3846111445,70.5035959711138,74.4478530883789,11807159
2017-01-06,74.8422816364689,76.12416070854586,72.17990352109636,72.52503204345703,12215743
2017-01-09,73.11666607512444,73.56039198102299,71.9826906762942,73.21527099609375,3467157
2017-01-10,73.5603891489287,74.44784844963162,72.96875212281775,73.75760650634766,4120512
2017-01-11,74.15202696838068,84.50570136685015,73.75760729546884,80.8079605102539,39447565
2017-01-12,80.66006031529918,81.35030229524158,77.6525612818215,79.52608489990234,14493302
2017-01-13,79.57537972964671,80.31492789636489,76.41997722754502,77.35673522949219,10195083
2017-01-16,77.40605643373097,80.66007200641695,76.02556475068012,77.80048370361328,9944179
2017-01-17,77.8990715765184,78.73722463949929,76.12415301238127,76.41997528076172,5546995
2017-01-18,76.86369965498986,80.66005275821055,76.76509474181834,79.08234405517578,15330406
2017-01-19,79.13166317939759,79.57538912257587,78.09629261454975,78.88514709472656,4958019
2017-01-20,78.0962946825201,79.47678629784765,75.23671404307437,76.07486724853516,7578833
2017-01-23,76.27208085397226,78.29351591019756,76.12416968738208,77.80048370361328,6616751
2017-01-24,77.89907464531552,80.36423523535716,77.84976842428546,79.9205093383789,8334067
2017-01-25,80.5614417791053,81.54750597480094,78.98374057060681,81.05447387695312,11146331
2017-01-27,81.35029526621582,82.73078662989343,74.34924105701059,78.19489288330078,22846929
2017-01-30,78.29349644166594,82.43496293792326,77.94837548748993,80.56143951416016,14872645
2017-01-31,79.87121143341065,81.25170301218314,78.5893247838918,78.88514709472656,7810228
2017-02-01,79.08235224153665,83.0266093612756,77.45535219810307,82.23776245117188,13431034
2017-02-02,82.33636079832564,85.98479533345346,79.87120029538177,84.80152130126953,16549990
2017-02-03,84.9001258469394,91.9504863592614,84.85082715093897,90.02766418457031,39982971
2017-02-06,91.80258323520195,92.9365586651742,88.8443903864431,89.58393859863281,14878725
2017-02-07,89.7318504951375,94.90868802370312,87.75972191282678,88.54857635498047,39125532
2017-02-08,89.14020467472798,91.16163175932164,88.05553556554692,90.32347869873047,9792612
2017-02-09,90.96442689872873,92.09840228880178,88.94299218063883,90.56999969482422,12336141
2017-02-10,91.06304268919796,91.40816371265932,88.94300279782952,89.73185729980469,5076013
2017-02-13,90.27419232787028,91.11234550289336,84.30850012827727,87.26669311523438,10591156
2017-02-14,87.46389810723427,88.25275253577783,85.88619677322052,86.87226104736328,5183856
2017-02-15,87.75971938109332,92.44352462896066,86.97086496169688,88.499267578125,28033955
2017-02-16,89.18951285933363,93.38028613121193,89.18951285933363,91.26025390625,21297456
2017-02-17,91.75329334969427,93.18308368805917,90.71792274393061,91.70398712158203,11452382
2017-02-20,92.14770580325819,101.26880057602983,91.70397987759603,98.75434112548828,55711331
2017-02-21,99.59248628783725,108.61497541159748,99.59248628783725,107.87542724609375,58706739
2017-02-22,108.07264162490277,109.94616522756563,101.76182884265206,108.71358489990234,39187776
2017-02-23,108.71358354497924,116.25697656087816,105.50887473299572,114.97509002685547,49390545
2017-02-27,114.3341421418714,123.75105835673239,112.7564409104639,122.96220397949219,52265713
2017-02-28,124.73713752164905,127.74463673199342,123.06083117288013,123.70176696777344,41787690
2017-03-01,123.75106763178759,125.57528505242236,122.0747613583553,124.49061584472656,19000271
2017-03-02,125.67389080790454,126.70926132210053,122.32127823885251,123.30734252929688,16033684
2017-03-03,123.15943049152104,126.46274433603475,120.94078585404675,124.6385269165039,11527055
2017-03-06,127.10367252494567,127.8925269138081,122.96220579110042,124.19478607177734,13014483
2017-03-07,125.3287570266439,126.0683051690392,122.5677818088784,123.0608139038086,7491482
2017-03-08,123.25803553638386,123.65246275471497,117.63747212515413,120.59566497802734,13736101
2017-03-09,120.10263548261658,123.89898155618363,112.41133088642144,116.60210418701172,40098048
2017-03-10,119.21517389610342,125.47668061883326,118.82074667638041,123.75106811523438,40470789
2017-03-14,127.69531513005201,127.89252496272255,122.46917181048096,123.11011505126953,14230799
2017-03-15,123.15943268375116,124.04689205915228,120.79287685703935,121.23660278320312,7439745
2017-03-16,123.75106639136254,128.78000020739853,122.2719699803104,126.56135559082031,21880452
2017-03-17,127.20229526479666,130.16048817793146,125.47668273213469,128.13905334472656,21304782
2017-03-20,129.07582539544322,129.17443785501345,124.34272073597441,126.61066436767578,11562259
2017-03-21,127.4488103010196,127.5967139270107,124.83573841112288,126.0190200805664,7351249
2017-03-22,124.04688320761426,125.1808510542444,122.37056950190036,123.01151275634766,6987236
2017-03-23,123.75106811523438,124.63852747884278,122.46918153190295,123.75106811523438,4514928
2017-03-24,123.94827920790384,125.13156087895211,117.39095764685644,118.0811996459961,17408161
2017-03-27,119.3137769576306,120.15193008453647,113.15087525527365,114.8764877319336,12043717
2017-03-28,116.25697939433816,119.7575030527462,115.86255218017395,118.62353515625,10877034
2017-03-29,118.6235311217615,119.56028914085233,115.71463709892369,116.89791870117188,6982412
2017-03-30,117.53886176763834,118.17980506843564,115.56673316399961,117.3416519165039,9221124
2017-03-31,119.31378173828125,122.22266844911732,118.52492727954248,119.31378173828125,15018988
2017-04-03,120.10264224119193,122.2719808272851,119.51099760582647,121.53243255615234,7525240
2017-04-05,122.02545120055417,123.5045475787427,121.77893513752275,122.76499938964844,7659784
2017-04-06,123.2580411232124,132.0340076327261,123.2580411232124,130.90003967285156,29822172
2017-04-07,131.14655842152678,133.36520320685335,126.65996262419232,127.20230102539062,24788660
2017-04-10,127.10367390783186,127.94183452626974,124.09618250410252,126.16691589355469,10420341
2017-04-11,126.36413371195725,127.35019800950244,124.44131134097356,125.72319793701172,5341442
2017-04-12,126.11761789060594,126.56135131276645,121.68032880743971,125.13155364990234,7445796
2017-04-13,123.35664053750219,124.19479367506015,119.51098832174237,120.44775390625,9841952
2017-04-17,120.99008539283705,122.0254559067296,118.3277148186469,119.41238403320312,6987386
2017-04-18,120.44774846177019,124.58921526195603,115.96115315900792,116.89791870117188,11421261
2017-04-19,117.68676131320852,118.03188228020046,107.97403040261104,110.98152923583984,25848445
2017-04-20,110.19267571618406,111.77037695113005,107.4809991325643,109.50243377685547,12863603
2017-04-21,110.9322258404323,112.65783824239458,110.04476652909423,110.43919372558594,8834432
2017-04-24,110.93222970571075,114.77788184012338,110.29128642946309,112.46063232421875,12383537
2017-04-25,113.05227499008055,113.59460584838642,110.981541437395,111.67178344726562,5683547
2017-04-26,111.91829968586752,115.56673463996589,110.43920321424812,111.37596130371094,13576696
2017-04-27,111.52386690358846,112.70714853582187,109.79825443927055,112.16481018066406,7146821
2017-04-28,112.75645218014189,118.22911210192403,111.2280570157056,112.41133117675781,21930708
2017-05-02,113.20018853566584,116.45419632353966,110.93223755857217,111.8689956665039,11505382
2017-05-03,112.65783817384339,113.6439024029361,108.17124292224229,110.58710479736328,11808836
2017-05-04,111.91830233293163,112.95367289678302,109.6503513469114,111.27735900878906,7172727
2017-05-05,111.32665541939394,111.5238652603237,105.26235877238877,106.59354400634766,13785392
2017-05-08,106.79076701928047,109.79825862944973,103.83257411041478,109.55174255371094,10507088
2017-05-09,110.0447730105802,113.2001832452901,109.30522479475228,112.21411895751953,9948611
2017-05-10,112.16480734944962,113.93972599146137,111.52386408855243,112.70714569091797,5735471
2017-05-11,113.29878255465132,115.12299989200856,112.16480717529743,112.85504913330078,8312179
2017-05-12,113.24948040436195,113.44669777307577,109.50244067567998,110.53780364990234,7205164
2017-05-15,111.32665673921454,113.24947904183172,110.73501968633796,112.60853576660156,5730419
2017-05-16,113.54530398069092,114.13694104738015,111.91829640499047,112.50993347167969,5083003
2017-05-17,112.90436177198846,116.55279665408095,112.60853947427348,114.77788543701172,14511700
2017-05-18,113.10156855172858,114.18624526519207,111.0308350931522,111.72108459472656,6952070
2017-05-19,112.21411227998087,113.89041846020929,107.77682324906363,110.58710479736328,7976703
2017-05-22,111.86898789183738,114.18624493380865,110.3898914938506,112.16481018066406,7699472
2017-05-23,113.24948851463472,114.77789125856029,101.26880521869315,106.64286041259766,39016051
2017-05-24,108.3684683993941,112.312725611215,107.38240409643888,109.55174255371094,18762989
2017-05-25,110.43919250230749,117.83467414308701,109.74895055839725,116.8486099243164,15373769
2017-05-26,117.34165539550781,123.99758963012695,117.34165539550781,123.25804138183594,18661412
2017-05-29,125.23015454765766,127.59670263088736,117.53885070794244,118.77143096923828,13503169
2017-05-30,118.32771332157768,122.71569634802349,115.46812541169153,121.77893829345703,11227909
2017-05-31,121.28590214472777,122.56778867255984,119.51098349435614,120.0533218383789,5671848
2017-06-01,120.05332534413769,120.20123648983345,116.75001153127506,118.62353515625,5848472
2017-06-02,119.51098847208348,121.72963311591973,118.9193514050085,120.15193176269531,6266169
2017-06-05,120.20124317288393,121.9761544506958,119.36308999810551,120.1026382446289,4337415
2017-06-06,120.20122990816698,120.69426201810771,115.86254583607386,116.55278778076172,5601738
2017-06-07,116.65140730148451,118.08119749786604,116.05976271518678,117.44025421142578,3348433
2017-06-08,118.57423040947089,123.70176168821862,118.57423040947089,120.15193176269531,14349883
2017-06-09,121.13799515690586,121.87754336607266,119.51098759212424,121.48311614990234,5958974
2017-06-12,122.02545266960391,123.06082315602987,119.46168708782689,120.39844512939453,7078435
2017-06-13,120.89148178251202,122.17336838287737,119.80681255616555,121.23660278320312,4559238
2017-06-14,120.69426727294922,121.18729940435581,118.3277115375829,120.69426727294922,5171829
2017-06-15,120.10263071001832,125.57528287712161,119.60959857659965,123.84967041015625,10640828
2017-06-16,124.63852297330189,125.37807116239615,122.17336234298767,122.76499938964844,8227650
2017-06-19,123.30734615748987,126.9557811302561,121.77894345310001,125.32877349853516,10354191
2017-06-20,125.72319361989146,126.01901590822641,123.65246017076673,124.4413070678711,5015100
2017-06-21,123.99758733024751,124.44131326176246,122.17336985624628,122.91291809082031,5041417
2017-06-22,123.6524630658183,124.78643850022075,118.67283540839051,120.00402069091797,5594348
2017-06-23,120.79286415529364,121.08868642367858,115.12299502147373,116.79930114746094,7614299
2017-06-27,117.34165584286382,117.73608308140419,113.93973689698512,115.32022094726562,4143163
2017-06-28,114.18625138179044,118.13050866581673,114.18625138179044,117.68677520751953,4730328
2017-06-29,118.22910141382013,121.87753601646801,118.1304964964921,121.03938293457031,6122296
2017-06-30,121.2859063033539,122.51848665196522,119.3630839687496,121.48311614990234,6666973
2017-07-03,121.7296410424568,127.30091364966786,121.08870523318333,126.90647888183594,10285845
2017-07-04,127.20229019831342,128.43487052969243,123.89897641483235,124.29340362548828,8060732
2017-07-05,124.44132665015033,129.81537472367506,123.30735858692776,128.730712890625,8975070
2017-07-06,130.06187472803666,130.99864784690408,128.4348746567933,129.61814880371094,7693411
2017-07-07,129.1744274230069,134.49916879450387,128.28697554313996,130.3083953857422,13693420
2017-07-10,131.14656461606467,133.61172560508845,130.16050022045516,132.57635498046875,1796699
2017-07-11,133.06936429447862,137.851781809217,129.37162344683944,136.91502380371094,17619564
2017-07-12,137.11223776051048,138.93644760581697,135.78104499689383,138.1968994140625,11195043
2017-07-13,139.9718400607615,140.07045252027072,135.18943669754233,136.52061462402344,8616248
2017-07-14,136.5699167034615,137.06294889372668,134.30196561901187,135.3866424560547,4112013
2017-07-17,136.07687153457937,140.0211286805092,134.8935974000298,139.626708984375,7051772
2017-07-18,138.88715646522135,140.90857615294644,136.9643191292542,138.34481811523438,7430269
2017-07-19,138.54202614353335,141.89463855132405,138.4434137007734,141.30300903320312,6706307
2017-07-20,141.00719844968114,142.0918752254454,138.09831170068296,139.13368225097656,4477457
2017-07-21,139.03506752391326,139.52809967825337,131.2944566823145,134.7456817626953,6711060
2017-07-24,135.09082423803315,137.55598526427463,134.20337228704574,136.52061462402344,3235654
2017-07-25,136.56990460830704,138.93645289353006,135.6331465389957,137.99969482421875,4173516
2017-07-26,138.68992498103464,150.32548565676944,138.5913275878195,149.5859375,24374014
2017-07-27,149.8817643052764,151.36086066355216,146.92357158872488,150.7199249267578,12002213
2017-07-28,148.69849203787018,150.57200809603242,145.24726715988447,147.76173400878906,7471971
2017-07-31,147.90965523291936,156.04468627072993,146.9728970923405,151.26226806640625,13711466
2017-08-01,152.34692861396366,154.81208927114753,151.3608643510901,152.88926696777344,6201163
2017-08-02,152.93858098044203,157.17864548985892,151.45948451079033,156.1925811767578,13676016
2017-08-03,154.81207014189062,154.81207014189062,137.90107614166428,140.11972045898438,28593865
2017-08-04,139.52810909256144,142.7328183120019,133.5131103853062,136.42201232910156,19765790
2017-08-07,137.95040125992438,143.4723678270539,137.8024976208301,141.54954528808594,14571995
2017-08-08,143.37374256395043,146.33193545079519,136.07687279485887,137.55596923828125,21958214
2017-08-09,140.02112705380557,141.89464315789778,132.37912892234786,134.05543518066406,15924281
2017-08-10,133.11867488867458,133.11867488867458,114.67927626517637,121.58172607421875,16399537
2017-08-11,119.31377992953463,128.0897461538267,112.90436199943566,125.87110900878906,16525936
2017-08-14,129.1744244371109,136.37269689970609,128.18836012843067,134.7456817626953,12010871
2017-08-16,134.7949918541591,137.85179731721587,128.53349234210728,136.47129821777344,13003612
2017-08-17,137.01362566921887,140.71136663751093,135.731739124315,137.90109252929688,11091385
2017-08-18,136.07686466484344,137.30944496072067,132.92146211662705,134.4005584716797,8894022
2017-08-21,136.52058801454754,137.50665223284855,128.87859032271462,129.86465454101562,6302704
2017-08-22,131.63959059604377,132.47775131118186,126.31484912971915,127.20230102539062,7656731
2017-08-23,131.04793806903012,131.88609873364666,127.39950320674929,131.2451629638672,6241441
2017-08-24,131.9354236110234,134.4991820987649,130.85074672065065,133.2666015625,6541270
2017-08-28,133.61170438363592,135.1894131844842,131.1958500073308,133.9568328857422,4814276
2017-08-29,131.93539555146666,133.61170171504617,128.7799930589383,129.56883239746094,6335762
2017-08-30,131.14654779756086,135.87965929873226,130.8014192848981,135.23870849609375,6543595
2017-08-31,134.59777800432857,135.9289708382149,132.82285924119589,135.18942260742188,8489641
2017-09-01,136.07686580402645,141.79604143400468,135.23870517735475,140.71136474609375,10266789
2017-09-04,140.9578930838217,143.86677985055928,135.78105534693103,137.802490234375,10238023
2017-09-05,138.54202795718967,140.809978755042,137.26014141526042,138.34481811523438,4816191
2017-09-06,137.7531727707267,141.30301009060145,136.3726888386345,139.52809143066406,6265572
2017-09-07,140.41554819367747,141.40161247887505,138.59133829375008,139.7746124267578,5173830
2017-09-08,141.0072028580535,143.1765414312555,138.49273574191454,139.97183227539062,6994363
2017-09-11,141.25370277476534,141.99325095683218,139.08436444993188,141.15509033203125,4889456
2017-09-12,142.43698043812455,145.34586701816275,142.14115814863072,143.76817321777344,6501466
2017-09-13,144.06400837902993,144.85284782663211,139.18297778164046,139.97183227539062,5348477
2017-09-14,140.8099842736499,146.08541922190457,140.51416197604985,145.49378967285156,9447513
2017-09-15,143.37374622381068,148.55058390793667,141.64813366243538,147.0714874267578,10821850
2017-09-18,148.00823929466804,150.2268836975426,146.3812243715395,148.59986877441406,7326408
2017-09-19,148.89570551962356,151.11435013829347,147.90964124465918,149.7831573486328,6055756
2017-09-20,149.8817643052764,152.54413474094352,149.14221612613852,150.7199249267578,5884373
2017-09-21,150.76922694832183,152.29762963772467,146.67706608115523,149.73387145996094,6363388
2017-09-22,148.64919236586306,148.64919236586306,136.71780838636315,137.70387268066406,12635253
2017-09-25,137.65457995869798,137.90109602950787,130.06187294083603,132.280517578125,7144044
2017-09-26,132.72425604399118,137.26014263381768,130.35769278107827,136.27407836914062,4962085
2017-09-27,137.30946277273367,138.54204322850327,130.65352831157782,131.4423828125,4368723
2017-09-28,134.05541548512483,135.43591429502632,131.49165777441274,132.92144775390625,6681620
2017-09-29,133.6117049365953,134.5977691796698,131.78748006844893,132.77354431152344,4193895
2017-10-03,133.90752661881967,144.85283064022218,133.90752661881967,142.19046020507812,13646630
2017-10-04,141.50022788212218,144.21190472306876,140.5634698008428,142.9793243408203,8132667
2017-10-05,143.22583863477757,146.87427351159758,142.7821127119199,145.78961181640625,5944525
2017-10-06,146.03612963073323,151.607386937118,146.03612963073323,150.62132263183594,10321226
2017-10-09,150.86781563753112,159.2493609507273,150.47339599419163,155.84744262695312,16929333
2017-10-10,157.22796346998948,158.11543044582092,152.0018192105882,154.31907653808594,8025061
2017-10-11,154.91069869295058,157.96748882052012,148.40266866652487,149.38873291015625,7882936
2017-10-12,151.1143539157762,160.2354486872015,148.40267709183894,159.44659423828125,15204707
2017-10-13,159.69310458188951,163.19363572911496,157.573072432266,160.3833465576172,10970776
2017-10-16,161.66524726456646,167.33511728026838,158.95357030053512,162.3061981201172,13091610
2017-10-17,162.10895967808548,162.99642654717792,158.36192749573962,159.4958953857422,7240254
2017-10-18,160.58056726739986,161.71453512328148,158.01679422869424,158.95355224609375,5969402
2017-10-19,159.44659026452078,159.49589648750205,155.60094561032872,157.72097778320312,1357181
2017-10-23,157.868918566744,159.59453128978896,149.58596846843886,155.60096740722656,9747030
2017-10-24,155.40374936995295,161.51734540120088,154.36837878128762,159.64381408691406,6915565
2017-10-25,161.7145477152684,164.08109605361824,157.17864584625923,163.09503173828125,6224569
2017-10-26,162.6020077334171,167.13790982985475,160.4819753676039,165.8067169189453,10581514
2017-10-27,165.16575679240722,168.07464323116372,162.84849985775688,164.13038635253906,7456249
2017-10-30,164.67272529525596,166.49695012686539,161.46801656945007,163.24293518066406,4758023
2017-10-31,163.9825055946166,164.52484400025008,158.11542567911349,160.8271026611328,6138854
2017-11-01,162.4047905831198,163.68667720904662,158.95356546124228,161.91175842285156,4344837
2017-11-02,158.75636149276792,162.30619919677972,156.98144264076205,160.8271026611328,7120347
2017-11-03,160.92570348976818,163.8345903958084,159.84104170159384,162.99644470214844,4265476
2017-11-06,159.79171720506767,162.2075716458834,159.10147522856983,160.23544311523438,5023388
2017-11-07,162.25686889784828,162.50338495055053,155.89675774735946,158.1154022216797,4809043
2017-11-08,158.7563653362859,160.5805904595411,154.1218657549532,155.6502685546875,3514675
2017-11-09,156.8828295816319,163.58805450404577,156.8828295816319,162.01036071777344,5195970
2017-11-10,164.6727304141687,165.46158482657964,157.9674904778954,163.19363403320312,7467694
2017-11-13,162.70062264214158,174.08966923632116,160.28476792123035,169.3072509765625,18259282
2017-11-14,168.61698942648263,171.23005371200165,167.18719925051664,168.0253448486328,6257618
2017-11-15,165.65881879359907,167.1379153899705,156.8828516735881,158.85498046875,8033865
2017-11-16,159.24937193777689,164.86993499693983,156.78421138146456,163.53875732421875,6537874
2017-11-17,163.88387646680565,166.49695577494776,161.02429614061623,162.45408630371094,5811570
2017-11-20,161.7145279200757,172.51192784209556,160.82707616336276,171.52586364746094,13140327
2017-11-21,171.6738188965773,173.35012537553135,168.66631945266485,170.29331970214844,4878698
2017-11-22,171.1807606897537,174.33616329658514,167.28579484551153,171.13145446777344,6480815
2017-11-23,171.37797160997303,174.8291965242573,165.90531195095014,169.35653686523438,6943411
2017-11-24,169.3072249954721,171.47656328857454,166.3490323104744,170.4412078857422,3802315
2017-11-27,170.83565303730725,171.47658886285512,169.20865283636363,170.34262084960938,2480639
2017-11-28,170.58914713348906,176.16040516881094,169.2579541287276,170.39193725585938,6531371
2017-11-29,170.58911190651452,171.87099841561925,168.27185494597336,169.55374145507812,3049728
2017-11-30,169.7016601173668,174.82919110763976,168.6169834451675,169.55374145507812,11448845
2017-12-01,171.03286106149784,174.63200502062605,162.8978300520801,165.8067169189453,8851477
2017-12-04,165.36298521792727,168.22258080410575,163.73598509103863,166.89138793945312,4965176
2017-12-05,164.67273070151754,166.54624676888457,160.13682910684946,162.60198974609375,4601289
2017-12-06,160.4819617419923,160.72847781225653,155.55164033670837,156.24188232421875,6322982
2017-12-07,155.99536825806553,161.6159317230686,155.89677085638127,161.0736083984375,4492710
2017-12-08,161.91176280123614,164.96856829601955,161.71455294102543,162.8978271484375,5689726
2017-12-11,164.37691835744883,164.37691835744883,160.33406369225554,163.09503173828125,3388584
2017-12-12,163.0950277933034,165.3136724491466,160.82709195980354,161.36941528320312,3494882
2017-12-13,161.2215290044848,162.7992380590738,157.96751348323795,158.85498046875,3291012
2017-12-14,159.24938948341267,160.2354538145793,156.2418902641249,159.5452117919922,3836624
2017-12-15,161.32011321758205,163.93317739519745,160.531258828406,162.6512908935547,3067107
2017-12-18,160.4326639470318,174.53338691615403,158.5098415071851,173.49801635742188,11851043
2017-12-19,174.53337418172146,178.28042138242273,172.21611715011568,177.4422607421875,7335037
2017-12-20,176.5055095685217,185.57729811253472,175.27292919443985,182.5205078125,12726348
2017-12-21,182.52051272713956,184.09820662075782,180.15394931749083,182.76702880859375,5487855
2017-12-22,182.42188550023283,186.41544870554827,179.95672488536482,182.0274658203125,5422006
2017-12-26,182.02746585176428,192.1839155498583,182.02746585176428,189.96527099609375,11771413
2017-12-27,192.2825216817483,194.6983759962129,187.8452327198618,191.93739318847656,9372356
2017-12-28,192.77557897288338,200.8613035727466,192.18393434888088,199.62872314453125,12794543
2017-12-29,200.86128162972832,203.86878055525025,198.29752364680587,202.19247436523438,6035925
2018-01-01,201.65015544059088,206.6790895409424,200.76270356224538,203.3264617919922,6556125
2018-01-02,204.1152974841302,204.90415188460244,196.96633175099038,200.56546020507812,6309495
2018-01-03,201.69946737396324,219.3500133580889,201.69946737396324,216.4904327392578,21696089
2018-01-04,217.87089140475618,248.4881891483337,214.0745530982333,241.1420135498047,44549944
2018-01-05,239.61360916729907,245.82581685864346,233.40140147595469,235.71865844726562,22890636
2018-01-08,242.57180668575904,266.82899337279355,242.57180668575904,252.87619018554688,38180155
2018-01-09,254.4538789358907,255.39065205176271,243.65649297595135,245.2834930419922,14644189
2018-01-10,249.4742575965104,265.2512857449063,244.64254874452274,258.7432556152344,23437832
2018-01-11,258.34884804278283,270.47742696359876,252.03804250599816,263.6242980957031,31832278
2018-01-12,263.08192585517514,268.01224703006443,257.51066894600876,261.15911865234375,17089451
2018-01-15,263.32843511949113,272.00581821877694,260.2716601437649,263.574951171875,18728962
2018-01-16,264.5117730261148,269.8858359968354,254.01019327485147,266.9276428222656,18387871
2018-01-17,264.2652374588827,269.58997876235645,258.34885154562414,265.9415588378906,15100692
2018-01-18,267.2727200199068,269.2941699170711,257.3627857105008,260.6661071777344,12623614
2018-01-19,259.3841953499888,261.701452413341,246.76258467429489,260.4688720703125,16084560
2018-01-22,260.02517171182905,262.98336465466076,257.56001092613593,260.074462890625,6732312
2018-01-23,260.32096242207655,290.19869720860225,260.1237375348396,286.69818115234375,36250757
2018-01-24,285.8600456660671,285.8600456660671,269.39278927118016,272.64678955078125,11937496
2018-01-25,271.7099740014557,279.5984874774382,263.8214605254732,276.2951965332031,19512587
2018-01-29,278.070113235648,278.8589525837968,260.5674731295035,262.3423767089844,15891835
2018-01-30,263.3284803322085,270.526768353116,260.222383557323,264.6103820800781,13236861
2018-01-31,266.2373631805809,270.1816204128858,260.5674934091426,262.7368469238281,11086304
2018-02-01,262.78612824381935,268.11086928921287,249.52356680697224,262.2438049316406,9365791
2018-02-02,256.37671516734576,260.71539202094976,242.07878297532073,247.05841064453125,14345960
2018-02-05,235.6693454646444,258.49672583742677,231.82370107593906,255.93295288085938,13957982
2018-02-06,234.6832938792362,258.0530288780774,232.95768142424183,250.36170959472656,16272624
2018-02-07,253.4185207822115,265.0047761098029,246.61468324659532,249.12913513183594,9109437
2018-02-08,250.3617070250735,269.0969277727187,244.5439339692633,262.5888977050781,16036869
2018-02-09,251.79153249062583,272.54817458427016,251.79153249062583,268.8504333496094,15474462
2018-02-12,275.60495324442155,275.60495324442155,268.8011160521948,270.28021240234375,7007854
2018-02-14,272.25235866900755,274.6189069655118,263.2791675396469,266.2866516113281,6400186
2018-02-15,266.4838384786916,273.5341911840917,258.74322882634743,261.6521301269531,9064245
2018-02-16,264.4624645192894,266.48388435257596,243.064856588011,247.99517822265625,13825697
2018-02-19,250.7068561706543,251.2491945619639,239.31781013774312,246.51608276367188,10383315
2018-02-20,247.452834426175,252.23525232573257,242.6211253482662,248.4882049560547,10140175
2018-02-21,250.6082143193168,251.24916508699863,239.66291055633226,243.8536834716797,8618601
2018-02-22,242.57181526969123,248.68541085668983,240.205266992836,246.76258850097656,9863538
2018-02-23,247.5021372669148,262.2931016454157,246.81189527181417,261.3070373535156,13491018
2018-02-26,264.16661125564224,266.92760926013165,260.9126112096759,263.722900390625,7464313
2018-02-27,263.7228816024354,266.18804209566326,259.3841750605214,260.3702392578125,5409534
2018-02-28,257.3627976318647,258.5460868992744,249.37567030758896,250.85476684570312,9436525
2018-03-01,248.98123932390658,254.60181795150277,242.57182128190502,245.38211059570312,6401382
2018-03-05,242.81831328687645,242.81831328687645,225.71009311399249,234.7325897216797,19294475
2018-03-06,238.87406419506277,244.88906212926904,228.3231797455215,230.39390563964844,15121389
2018-03-07,228.7669069155318,233.40140589984992,224.82264989974678,228.61900329589844,14250354
2018-03-08,232.11951747562347,234.09164596750182,219.74442322600387,231.4292755126953,12164822
2018-03-09,234.1902665265902,234.1902665265902,217.47647998792186,219.1527862548828,16358023
2018-03-12,221.6672579251889,229.5064661107187,218.01882301987627,227.189208984375,12273881
2018-03-13,227.43573049456975,232.80979310159836,223.98450535780148,226.69618225097656,9704491
2018-03-14,224.13240379694724,229.55575709361443,224.033791354913,227.04129028320312,6233404
2018-03-15,227.0905961938351,230.7390308519226,225.80870967987298,227.48501586914062,6442807
2018-03-16,226.79477663716116,228.96411496967866,220.92769738121171,223.0477294921875,7506230
2018-03-19,223.8365871720232,224.13240945945344,214.76479898309123,217.8708953857422,8793211
2018-03-20,214.86338915647144,232.90836752917573,214.5675819251346,230.29530334472656,21033261
2018-03-21,231.47858957378747,232.90837976959324,226.1045422606435,227.3864288330078,10401329
2018-03-22,228.47109409569853,228.47109409569853,219.94164396414604,221.76585388183594,7558038
2018-03-23,214.96199786983735,215.65223980789665,202.34037296733334,210.77122497558594,19683008
2018-03-26,211.9545072448248,216.83552226656818,206.72836371758444,213.9266357421875,11094083
2018-03-27,218.7583766547442,229.75298786682197,217.08205526429143,226.54827880859375,15430010
2018-03-28,223.4914652449452,223.7379813173734,214.46898301253196,216.04669189453125,9513723
2018-04-02,218.5118287181109,223.78726306336208,215.50432995421605,221.86444091796875,7671856
2018-04-03,218.90625582431454,227.18918921542485,218.90625582431454,226.203125,8768416
2018-04-04,228.6683131648261,230.49253820221176,214.96202493297181,216.53973388671875,11028147
2018-04-05,221.81514838008383,234.042354016918,221.7165509835043,232.612548828125,16750562
2018-04-06,231.72511461889863,238.43035498731328,229.9008896130143,236.70474243164062,15129804
2018-04-09,239.61362709780084,241.04341733668585,237.4935948518142,239.5150146484375,9295906
2018-04-10,242.57181357036606,243.80439392387404,239.3177984278757,241.4871368408203,8406808
2018-04-11,244.00159695606587,247.30491822966184,242.42390317532994,244.3467254638672,9287590
2018-04-12,243.36064824160093,243.60716429228202,238.6275370592949,240.3531494140625,6181008
2018-04-13,241.5857503259846,249.4742646223433,240.59968603893978,247.65003967285156,10828596
2018-04-16,247.50214418403323,253.22130519997341,245.87514407538603,250.6575469970703,7505413
2018-04-17,251.93939925267378,253.12268831152048,247.1076907649163,248.34027099609375,5240700
2018-04-18,248.98122301853414,249.7207712057179,244.98765979851254,246.41744995117188,4978526
2018-04-19,248.4882193106747,260.0744755682161,247.0584289945056,256.426025390625,11571363
2018-04-20,254.40459094956773,254.84833192418827,245.03698004251,248.1923828125,8233307
2018-04-23,248.34028727476678,250.2138033305071,245.18486963919892,246.41744995117188,4013681
2018-04-24,242.7690230452439,250.85474714262168,239.712232800922,249.86868286132812,5844291
2018-04-25,247.9951494243783,250.50961617528606,243.70576408188003,245.03695678710938,5139181
2018-04-26,246.76257253534476,249.03052326417955,242.8676218522079,248.09376525878906,3976406
2018-04-27,249.47425813466123,253.2212902910709,246.51606535045576,250.06590270996094,5690205
2018-04-30,251.4463876013172,255.04551615048527,247.69934038469572,248.58680725097656,5093833
2018-05-02,248.93192962441583,249.72078407395784,232.9083847430661,235.1270294189453,6196261
2018-05-03,234.63400621500358,239.02198950982043,230.78836131530966,236.95126342773438,6978096
2018-05-04,237.93732229259837,241.58575725000156,234.78191949284823,237.29637145996094,4939043
2018-05-07,238.57825761494848,253.8129482475605,238.43035398639927,252.728271484375,9919317
2018-05-08,254.60183752352668,258.1023540709512,249.4742906588373,254.01019287109375,8619764
2018-05-09,254.10877193443972,261.3070289982284,253.12270767406903,258.151611328125,10680166
2018-05-10,255.39065481157888,257.95442802119646,236.8526428816634,241.28993225097656,23532992
2018-05-11,243.55787562420292,256.62322725181707,243.36066577867584,252.82687377929688,11966747
2018-05-14,251.8901090665564,258.49673651693865,249.52356089052722,255.83438110351562,5653115
2018-05-15,254.40459582023507,260.2716905902167,246.95980715812658,248.73472595214844,8156690
2018-05-16,247.69932404845053,252.3338227795522,242.2266647288308,250.50961303710938,5662121
2018-05-17,253.81293317225027,256.0315777455956,246.6639673248041,252.87619018554688,5751945
2018-05-18,252.38314951618864,254.30597185341196,239.95874861295172,242.5225067138672,7366170
2018-05-21,242.07877972314697,244.88906892780108,234.0423618933627,236.5075225830078,5312798
2018-05-22,235.66937172897852,239.16990306305266,231.4785983823335,237.0005645751953,6175608
2018-05-23,236.0637637520142,238.62753669362712,221.86444527300043,222.9984130859375,9905568
2018-05-24,223.14636124257473,227.28782842592165,219.20210391631144,224.4775390625,7781302
2018-05-25,226.79477099771955,233.89443038494073,225.01985238937777,232.36602783203125,7286271
2018-05-28,234.6339829413508,239.12057824339428,231.82370888452857,233.64791870117188,4896790
2018-05-29,231.72510832730654,236.45821993215753,228.0273672369772,231.0348663330078,4742204
2018-05-30,226.89339947142105,233.10559247037332,226.89339947142105,230.73904418945312,4059401
2018-05-31,232.66186434679378,233.2042027111654,224.13241432528812,226.35105895996094,6193783
2018-06-01,225.61150757023344,232.7111672919448,221.71655672012724,223.44216918945312,6707926
2018-06-04,226.1045476201363,229.2599503795719,222.06167796057528,226.7454833984375,6009025
2018-06-05,226.153834604561,227.2384962175742,218.51183690871497,225.1677703857422,5634007
2018-06-06,226.59757651742453,234.09165608269666,223.73798105294884,231.62649536132812,6708647
2018-06-07,233.69722550855195,243.90299643845987,233.69722550855195,241.1420135498047,8735726
2018-06-08,238.28242031141664,241.48712912818507,234.92980787540975,237.59217834472656,4174159
2018-06-11,238.8247735159207,241.8322726787493,237.64149934996362,238.4796600341797,3018819
2018-06-12,238.1345232055135,244.494634791214,234.78191067780764,243.26205444335938,5556963
2018-06-13,243.7550921667716,245.87513944133855,240.89551171269648,242.47320556640625,3517744
2018-06-14,242.57182485967363,247.40353405183413,239.41642201707,240.2052764892578,4974089
2018-06-15,240.40247725448012,241.28992909828844,227.92875494048172,230.73904418945312,6764385
2018-06-18,229.25994558285817,230.19670364160174,221.22352770239092,226.35105895996094,6292763
2018-06-19,223.83658122156777,229.06272467341512,215.10990672817152,219.2513885498047,9624075
2018-06-20,220.977015923559,228.8162241090888,219.15279094782912,227.189208984375,7411278
2018-06-21,228.22458308212808,228.22458308212808,221.22353546151825,222.0123748779297,6496163
2018-06-22,222.85052677517743,228.6682999955397,220.2867536345264,227.68223571777344,6886797
2018-06-25,225.759406347726,229.11203381530746,222.06166542137274,222.8998260498047,3881913
2018-06-26,221.86446239009214,223.49146242916075,217.03275344983328,220.1881561279297,4419600
2018-06-27,221.124905017442,222.35748531296844,207.27069948649566,210.1302947998047,6208538
2018-06-28,209.14425288052067,212.6940754827397,205.64372145846548,206.9748992919922,5816291
2018-06-29,209.0456221026344,223.04773151726081,209.0456221026344,219.94163513183594,7614771
2018-07-02,219.89231209919873,220.04021570771314,200.31893211137245,204.06597900390625,16930391
2018-07-03,202.83343794616584,209.93309840256015,202.6855343090913,205.74232482910156,10071955
2018-07-04,206.9748702105193,214.86338383525404,203.6222579384653,213.43359375,11075743
2018-07-05,211.95451052748058,211.95451052748058,207.17210787499621,208.89772033691406,5707784
2018-07-06,207.07350285908606,218.56114592780983,205.59440641009257,212.64476013183594,8877198
2018-07-09,215.01131490646404,221.27281392989943,215.01131490646404,218.16671752929688,7647949
2018-07-10,219.7937242034673,226.10454468660782,217.9695142948138,223.68869018554688,8438858
2018-07-11,221.96306267870435,221.96306267870435,212.59545255754782,214.71548461914062,7677024
2018-07-12,217.87089149460914,224.32961529587345,214.6661827046681,215.84945678710938,9370250
2018-07-13,218.41322739296822,219.79371129934117,196.4239920096388,203.22784423828125,24442380
2018-07-16,204.01669518549082,204.01669518549082,190.55692367164457,193.2686004638672,13866732
2018-07-17,193.76163068608423,200.17104849503866,187.69734139299376,196.22679138183594,13688755
2018-07-18,198.24824043877754,199.43151464872457,182.02748490179442,183.6051788330078,10116593
2018-07-19,183.40794044839046,189.6694541111889,174.77987873374846,180.20323181152344,22434972
2018-07-20,180.44975756495677,183.55585393081304,177.54087103966899,180.84417724609375,9132609
2018-07-23,182.816318435906,186.3661559971682,176.01248066399216,184.83775329589844,10389935
2018-07-24,186.26753307605566,194.84630419249794,184.1475009311834,193.16998291015625,10314688
2018-07-25,197.2128802619772,204.31254094217866,194.69841302940725,197.4593963623047,17124209
2018-07-26,198.69195455045616,199.48080899214395,191.59229466756008,192.529052734375,7511230
2018-07-27,193.76162284153114,202.14316886775515,193.3672031646379,200.8612823486328,12125446
2018-07-30,200.91057896173103,203.52364305001436,197.50866051124,199.9245147705078,5838942
2018-07-31,199.9738345383813,203.77017290412158,197.45936767116712,202.58689880371094,9106748
2018-08-01,204.70694837420243,208.05956087216728,197.31146635267987,198.88916015625,9789708
2018-08-02,197.90312644424944,203.0306584283335,193.41653031587,198.59336853027344,10522290
2018-08-03,199.6780138174514,203.96739939198864,198.29752986383878,200.22035217285156,5879126
2018-08-06,201.60082844563652,206.4325521914892,201.55152222499746,204.26319885253906,5925649
2018-08-07,205.79161710011905,212.64476099917889,202.24179463574387,211.60940551757812,11614582
2018-08-08,212.98987775116802,215.94807049771202,211.21495909401236,214.07455444335938,7979773
2018-08-09,215.65224817737985,221.76584350997487,211.16565283665045,213.9266357421875,10555566
2018-08-10,215.75089135859906,218.90629439469836,199.67803880597486,200.71340942382812,15824017
2018-08-13,197.4100701428614,202.34039165015636,193.66302278808777,197.06495666503906,8780954
2018-08-14,198.49473677663119,200.31894661367107,193.90952898084387,196.71981811523438,6870229
2018-08-16,191.2964695529704,193.86024268914935,186.85918031076233,189.1764373779297,8238019
2018-08-17,191.74018612299778,197.06494198181952,191.44436384537224,196.02957153320312,7766094
2018-08-20,197.85380244293697,203.9181071199532,194.55049595432516,202.4390106201172,10829798
2018-08-21,203.3757683718045,204.953477320663,199.7273333544853,202.8827362060547,7391569
2018-08-23,202.24181472711712,203.91812120011417,195.98029976033985,197.4593963623047,5689097
2018-08-24,195.4872361760352,200.31894494830846,193.81092997215345,199.5301055908203,7236361
2018-08-27,202.0938555416469,207.07348277962413,201.25570999617867,204.3125,6552984
2018-08-28,206.1367545377021,206.77769034413416,201.45294889426634,205.93954467773438,6528852
2018-08-29,205.00273643233413,218.90624735005233,204.115284691265,214.5182647705078,16726751
2018-08-30,214.96202270644818,224.57614986877786,212.4968618955944,219.6458282470703,15699877
2018-08-31,218.80765870457572,222.25888370020718,214.22246580026697,217.67369079589844,10164880
2018-09-03,217.920227425485,221.37145274670306,216.24392099298015,217.47650146484375,7310760
2018-09-04,218.5118264308206,219.89231025251283,206.18602428662146,207.3199920654297,10609823
2018-09-05,206.82696927889975,209.83446814653487,200.2203420417946,208.84840393066406,10287526
2018-09-06,209.98239202016404,212.8912787284115,207.27071516488894,208.947021484375,6238449
2018-09-07,209.44004864527528,217.9202075361828,205.84092001438083,216.78623962402344,11323476
2018-09-10,219.84304071786136,223.63939443019487,213.729444843449,215.94808959960938,11304812
2018-09-11,216.49040880721753,224.72403625601888,212.20102330699515,213.9266357421875,17531674
2018-09-12,213.92663622946864,222.75190826603952,207.6158310419919,221.27281188964844,15017449
2018-09-14,224.92125131867604,235.07770059956852,224.92125131867604,230.19668579101562,19606130
2018-09-17,228.71761197762754,238.08522285227784,226.20314499678142,234.535400390625,15435176
2018-09-18,234.48609473813437,240.2545618946937,224.57614546365895,226.1538543701172,15047108
2018-09-19,228.4217677619777,234.4367654491632,225.019849253648,229.16131591796875,12501202
2018-09-21,233.00699952762832,243.01554625847854,214.27177763236983,231.72511291503906,25071039
2018-09-24,232.71117980428087,232.90838965929228,217.13136052001903,220.5332794189453,12572765
2018-09-25,218.90625794975156,224.72403085878656,210.72192187303165,222.50538635253906,12694193
2018-09-26,224.4775219870055,230.04879406424695,220.33605511869052,227.58363342285156,10164843
2018-09-27,227.78086366381532,229.65437990059968,218.46255861407062,220.48399353027344,7401920
2018-09-28,222.45610340240208,223.83658734997854,180.0553401598951,193.6137237548828,21535913
2018-10-01,189.71874930538237,195.09281132418542,176.06176892956057,191.04994201660156,18245838
2018-10-03,188.97922113431648,195.04352573721795,182.0274797069659,183.95030212402344,13439885
2018-10-04,182.1260592263606,190.16249168241885,180.4497530542119,188.5354766845703,11280891
2018-10-05,187.3521957649789,191.74017839340326,166.64484781200755,173.4486846923828,12781374
2018-10-08,169.6030661128621,175.519452140055,162.0596799466503,172.3147430419922,17526003
2018-10-09,173.69520646910408,175.81525357143406,166.98998180482627,172.65985107421875,9975787
2018-10-10,172.56125424816184,182.32328489859893,172.56125424816184,179.41439819335938,10065146
2018-10-11,170.39191058195217,173.20218475207807,162.15826782603835,164.47552490234375,13701423
2018-10-12,166.74347823300698,177.8367015471032,166.74347823300698,175.9138641357422,13339907
2018-10-15,175.51944443636648,179.66091146439965,170.73702658916397,175.9138641357422,10690975
2018-10-16,177.39297047754619,181.38653410272252,175.3222443710403,176.4069061279297,7767487
2018-10-17,179.46370322973019,179.9567353814602,165.6588029812894,166.20114135742188,10926989
2018-10-19,164.67272995109843,168.0253423867341,159.15076412589644,163.9331817626953,11564909
2018-10-22,166.64485707268872,169.6030498017897,161.81314830028228,166.15182495117188,8888072
2018-10-23,164.37692037908334,168.51838754520423,162.7006140316234,167.6309356689453,8952564
2018-10-24,169.60304240812118,171.3286547582038,157.96748183833492,160.92567443847656,13456888
2018-10-25,159.74240606040541,163.63735677919226,156.58700351782417,159.98892211914062,9969835
2018-10-26,159.84104486633095,162.35549704324345,154.81211042020865,158.85498046875,9242298
2018-10-29,159.4958907465323,168.32116268123792,159.1507622442328,167.18719482421875,7000326
2018-10-30,166.64485599881624,173.05427353723226,165.51088814509342,167.77882385253906,6909915
2018-10-31,168.8142090094775,170.09609563800794,162.848516848886,168.96212768554688,8033896
2018-11-01,169.11003856732032,174.5826988013233,168.51839392996663,172.70916748046875,8305748
2018-11-02,174.92778617269133,186.76055678314114,173.20217379200074,182.22467041015625,14936377
2018-11-05,180.44976295900048,185.23218072801197,177.73808619322315,180.3511505126953,6834069
2018-11-06,180.8441733630251,182.76701064418344,176.9985288930005,178.9706573486328,4844677
2018-11-07,180.05534282135395,181.92885892735032,179.95673037529232,181.23861694335938,739424
2018-11-09,181.3865151719529,182.4218856402213,179.31578928156253,181.7316436767578,4799298
2018-11-12,181.92885066005667,189.91597695139563,177.24504556176254,178.0832061767578,13280418
2018-11-13,177.49156043955676,181.23860750250995,171.87099736820002,180.0060272216797,9260052
2018-11-14,184.68982546596882,184.68982546596882,172.16681328459143,173.4486846923828,17148359
2018-11-15,172.46261760863982,181.83022723961426,172.0681979584253,178.9213409423828,10095740
2018-11-16,178.8720541447667,180.64697285572598,171.32866843087334,172.56124877929688,8489933
2018-11-19,173.25148241609304,180.2525444762122,172.1668207894389,178.0832061767578,8275319
2018-11-20,177.39295506645374,177.39295506645374,167.7788284929246,168.6169891357422,9300857
2018-11-21,169.60305357964836,169.84956964589784,163.19363585716167,168.46908569335938,10660275
2018-11-22,169.84957105092883,170.09608711921757,165.21507197633022,166.10252380371094,7249241
2018-11-26,166.79278762885056,167.08860995876722,152.83998235491018,157.81961059570312,18872519
2018-11-27,155.798163550084,156.48840556924094,148.99432571730517,153.38230895996094,22545197
2018-11-28,153.8260323271275,154.6148867841884,148.99432322761896,149.73387145996094,11262939
2018-11-29,152.83997089849996,154.2697611654177,148.69850372854432,152.79066467285156,11292976
2018-11-30,153.1357785345679,155.0092945605276,149.48734387835117,151.9031982421875,10903611
2018-12-03,156.78422847010262,162.10896983364705,155.9953739968726,159.693115234375,18252600
2018-12-04,159.05217268930815,159.49589860975038,153.53020665715783,154.4669647216797,10086447
2018-12-05,151.65668016688952,152.44553455275155,144.4091021256171,146.77566528320312,17397940
2018-12-06,144.06397829898825,148.6984767936504,141.40159305770936,147.4658966064453,14471628
2018-12-07,148.8956983300922,149.3394242231712,142.14115235427528,144.8528289794922,10752176
2018-12-10,141.007190226664,144.55702760747226,138.78854562519552,143.62025451660156,10569752
2018-12-11,140.859295917567,146.5291658295017,140.11974766818423,144.70494079589844,12120116
2018-12-12,146.92358896484376,155.6502645292014,144.95146025390625,154.0725555419922,17212604
2018-12-13,155.0092812654683,161.41869823611418,154.1218295495291,157.17861938476562,14221490
2018-12-14,155.79817219337374,159.9889458124993,153.03718891742605,155.6502685546875,10406750
2018-12-17,157.17863199259233,162.40477541247756,156.04466414836125,161.6159210205078,10161735
2018-12-18,160.58057005883063,163.24294053998514,159.742409423029,162.60198974609375,7217556
2018-12-19,163.5880525228486,167.77882557167655,161.96105253411514,165.26437377929688,8764402
2018-12-20,163.09502555560238,166.0532183894729,162.15826750077275,164.91925048828125,5066318
2018-12-21,165.65880549394274,170.44122345672088,160.92569375631487,162.35548400878906,11096129
2018-12-24,162.05966487505256,162.4540845550585,155.6009410534674,157.03073120117188,8042316
2018-12-26,153.8260157741842,161.0735936896954,151.36085526498255,160.03822326660156,11417086
2018-12-27,161.22152045698195,162.70061697493594,155.45303801850235,156.29119873046875,9427164
2018-12-28,157.5237774185654,161.17221244657338,156.9321327994732,158.8056640625,8011422
2018-12-31,160.23544155087782,164.32760219356473,159.3479897392085,162.60198974609375,12798461
2019-01-01,163.58806043717632,163.58806043717632,159.24938355988593,160.62986755371094,6180841
2019-01-02,157.7702799872104,158.70703801540517,154.81208723745019,155.995361328125,11623258
2019-01-03,155.15722346213985,155.3544333127054,143.57096794918624,144.4584197998047,19207999
2019-01-04,145.888206359176,151.80459200439688,142.63419124507513,150.22689819335938,17599050
2019-01-07,152.8399624685914,154.81209101657325,148.94501159555665,150.0789794921875,8738534
2019-01-08,150.27618597589563,156.09397408997907,148.5505735350156,155.5516357421875,11124085
2019-01-09,156.29116653842112,156.63629500664842,147.21937943942626,149.68453979492188,14192956
2019-01-10,150.27620130904182,151.4594905690114,146.77568489443377,147.61383056640625,9809472
2019-01-11,148.84641174454245,150.3748145077856,145.93752489935915,146.72637939453125,9703598
2019-01-14,146.43052911758423,146.82494876678297,141.50020827187433,141.9932403564453,10777718
2019-01-15,142.93000674538575,145.345861093168,141.00718451127935,144.8528289794922,12155311
2019-01-16,145.19795251805928,146.62774258965317,143.7681624464654,144.60630798339844,6711156
2019-01-17,145.14864676296517,146.13471095978713,142.68348627091024,144.01467895507812,7752732
2019-01-18,144.45841516228165,145.444479429601,142.5848990728336,143.62025451660156,7490296
2019-01-21,143.96538401549353,147.02218928359628,141.35231970764363,142.28907775878906,7896039
2019-01-22,142.09185093510456,142.33836697416885,133.71030560691932,135.83033752441406,14522792
2019-01-23,135.5838406470514,140.16903360320197,135.3373245731477,137.55596923828125,11850565
2019-01-24,138.04899488041482,140.51415550327937,134.10473788383155,139.67599487304688,10485698
2019-01-25,139.67600278855028,142.38767962737327,134.3019553353851,135.4852294921875,9029891
2019-01-28,135.87967320247458,136.7671251170626,126.46275545924283,130.40701293945312,11483485
2019-01-29,130.45630028501498,131.78747796422311,126.61064077073955,127.94183349609375,8487468
2019-01-30,128.28697201807165,130.94934263066352,125.32877158186322,128.13905334472656,12665753
2019-01-31,129.56885026363253,133.9075424544964,125.82181022746211,133.21730041503906,15416477
2019-02-01,133.26657959152644,135.682449081233,126.56135461662062,127.89253234863281,12565471
2019-02-04,127.69532695088012,129.96327785190124,123.455247448301,129.02651977539062,12672881
2019-02-05,129.51954016623193,130.06186344550318,124.98363877602061,127.30089569091797,8596457
2019-02-06,127.99116589497575,134.10476234561978,121.53244087571791,133.2666015625,13016806
2019-02-07,132.4777362193405,136.07686466484344,130.5548989208551,134.4005584716797,8611873
2019-02-08,133.06938016377012,133.9568471007267,126.26554221117556,128.2376708984375,7553482
2019-02-11,127.20230119617291,129.37163975773078,122.51849553197275,126.90647888183594,10148468
2019-02-12,127.20227912158666,140.61275797766942,126.364118550777,139.18295288085938,25166137
2019-02-14,138.04899945175438,141.20440214427938,134.10474232456139,140.51416015625,8695573
2019-02-15,140.02114087984393,140.8593016148375,134.6963992873796,136.7178192138672,7619516
2019-02-18,136.86572155588854,141.94394644892344,136.86572155588854,138.4927215576172,10468796
2019-02-19,138.54202227297083,142.68348896869878,137.55595805750485,139.2815704345703,9707592
2019-02-20,140.02112843122845,149.14222306495282,139.67599991311522,147.71243286132812,21446463
2019-02-21,147.86033289706623,154.51626665743632,146.134720440674,153.33299255371094,14770698
2019-02-22,154.3190445122464,157.8688815865773,150.37478778349887,156.98141479492188,16303043
2019-02-25,157.7702744202044,162.10895094830167,154.31904966726242,156.78421020507812,17265199
2019-02-26,152.8399685565975,159.4465964462661,151.50877571522625,156.3404998779297,11817204
2019-02-27,157.178630439895,160.18612931611275,152.3962280069614,155.74884033203125,14168478
2019-02-28,154.8121034636331,157.42516798134352,152.6427648956653,154.66419982910156,10772697
2019-03-01,155.60094471064846,160.72847590197284,155.15721879867604,159.34799194335938,10064386
2019-03-05,158.9535630359086,166.5462551789593,158.41122465865914,165.75741577148438,11807716
2019-03-06,167.03928346092312,169.11002447292793,162.20757449444108,163.5880584716797,8415007
2019-03-07,163.98249750886245,167.33511013922347,160.43265997988834,165.0178680419922,11111481
2019-03-08,162.35548025453764,163.48946322218305,159.39728736769288,160.48196411132812,8315379
2019-03-11,161.61592211090246,169.60304843349653,160.92568015557677,168.37046813964844,9146314
2019-03-12,170.09611118995983,171.27938547596457,166.89140184869973,168.66632080078125,10479106
2019-03-13,168.2225822218809,169.11003410836366,163.14434184924724,164.96856689453125,7491184
2019-03-14,165.60949375099187,169.30723482185124,161.96105890364004,162.8485107421875,10482773
2019-03-15,164.3769127873913,165.16576722215933,161.56663861159788,164.03179931640625,8343875
2019-03-18,165.56019488773651,168.81421018398478,164.17971084503608,167.03929138183594,7255559
2019-03-19,167.58161477828332,170.34259766279962,165.80669613494095,166.59555053710938,6789938
2019-03-20,166.05321496861666,166.3983434772503,159.4465874516381,162.15826416015625,10666902
2019-03-22,162.6019937116168,167.28579904040916,161.9610579482408,164.32760620117188,9476831
2019-03-25,162.70060425748045,162.70060425748045,158.41121867223364,159.4958953857422,6066342
2019-03-26,160.43264726183952,162.70059800077652,158.41121258047943,161.1721954345703,7207135
2019-03-27,162.6019937116168,165.95462129044049,161.4680258083679,164.32760620117188,7992986
2019-03-28,164.17969345143084,166.25043434224963,161.66522666862116,162.6512908935547,5766403
2019-04-01,179.46367856710233,184.88703149083344,178.97064648312679,180.1046142578125,11258537
2019-04-02,180.10464845686053,183.60517992701202,177.29437407225993,182.2740020751953,9604850
2019-04-03,182.4218868849729,186.31683767680116,178.9706619979599,179.80882263183594,9399009
2019-04-04,179.90742540945533,182.17537626939983,176.4068941958613,179.16787719726562,9077610
2019-04-05,181.1400024429618,185.38008179102846,179.36508375700984,184.34471130371094,9214593
2019-04-08,185.67589557374302,187.25358929753298,179.7595102557022,181.3372039794922,7382761
2019-04-09,180.44975746120318,182.32327351474618,173.35009788179494,181.2879180908203,11205364
2019-04-10,180.4497731448811,184.29541802950968,178.52695070256684,180.4004669189453,8610134
2019-04-11,180.25255707528714,180.25255707528714,172.36404267414676,174.4347686767578,10692161
2019-04-12,175.02641036554644,179.46369964241944,173.8924424576932,178.87205505371094,7219613
2019-04-15,179.95673361902064,185.5772970844675,178.52694340223593,183.8516845703125,8250741
2019-04-16,183.90098404076576,187.3522089423351,181.18930733238986,186.71127319335938,7958391
2019-04-18,187.8452502004329,188.5354922050633,176.65341431438915,180.74559020996094,11838461
2019-04-22,180.00602049224455,184.29539068149026,172.56123286512027,173.89242553710938,11114918
2019-04-23,174.04034519740514,177.09715047995428,171.2300559845407,172.56124877929688,9418675
2019-04-24,173.05427751626252,173.99103555341753,166.74347227486882,169.80026245117188,10479294
2019-04-25,169.8002551672962,172.1175120958291,163.73596625087865,164.86993408203125,9974042
2019-04-26,167.0392973827306,175.91387666614682,165.70811951790705,172.70916748046875,20052673
2019-04-30,173.05428406124008,176.99854124782107,165.65880183640076,175.61805725097656,13337202
2019-05-02,175.02640100335103,179.16786776434193,172.65985286739794,177.93528747558594,12080585
2019-05-03,178.47763015348286,180.4497586634661,174.58267935549526,179.21717834472656,9299659
2019-05-06,172.56124462832167,174.73058298013413,169.750955483059,171.13145446777344,13291591
2019-05-07,173.15289718940642,174.28686511654317,165.65880248701134,166.94068908691406,9914774
2019-05-08,164.57411508333107,169.30722642862133,163.44014722960824,167.77882385253906,11040004
2019-05-09,166.64488161453988,168.2718818366958,158.9535763769468,160.77780151367188,14432086
2019-05-10,162.79921574871503,164.67273182890864,158.8549586989208,160.97499084472656,11984102
2019-05-13,160.48195392468693,160.48195392468693,149.88176341967687,152.1990203857422,8109777
2019-05-14,148.6491839624066,160.92568072320694,148.05753940081414,158.95355224609375,13729074
2019-05-15,159.74240510360053,159.93961494017825,152.29761716516032,153.0864715576172,7707685
2019-05-16,154.07253420970187,156.98142064635186,151.50876122199406,155.89675903320312,6956610
2019-05-17,155.69954014588347,156.29118471848145,151.31155721191251,154.3683624267578,5453766
2019-05-20,159.74241426112442,166.44765441217876,157.7702856899994,162.8485107421875,7222113
2019-05-21,163.53876913275002,164.77134949990625,159.59451195785002,161.0736083984375,8077159
2019-05-22,151.85390830268392,155.79816566119518,141.59884518901373,150.2761993408203,33587510
2019-05-23,152.10041444596345,154.91070364867497,148.15615734525775,149.9310760498047,10057424
2019-05-24,150.81851758691312,159.64378923826243,148.4026632868219,158.70703125,12226554
2019-05-27,158.75633869455152,166.05320787074956,157.12933875744457,165.46157836914062,10751107
2019-05-28,165.6587828382417,169.01139504389081,163.68665447111977,165.95460510253906,9047549
2019-05-29,164.67274221820435,165.56019409193925,160.13684030630975,160.8763885498047,6282650
2019-05-30,160.7284744575603,162.5033931356461,159.20007184459345,161.41871643066406,5608051
2019-05-31,161.9610780760903,162.8485300196916,154.61490128826148,157.81961059570312,9429595
2019-06-03,157.7209675096686,160.13682181692147,153.5301946137304,158.1154022216797,8226967
2019-06-04,156.88283127001623,160.43265361194233,156.1925742445628,159.34799194335938,5068423
2019-06-06,159.54522001849526,160.3340745333332,154.51628565178342,155.20652770996094,6340364
2019-06-07,155.50231962590604,159.7917048673372,153.13577159031016,155.05859375,6924938
2019-06-10,156.53768525917013,159.2986679139152,152.19900897753146,154.22042846679688,6757517
2019-06-11,155.1572135556787,160.5805668537703,153.82602081859775,159.8410186767578,5865263
2019-06-12,161.12290294955608,168.41978790358056,159.8410313777933,163.39085388183594,14169021
2019-06-13,162.70060991776973,166.98999565224253,159.00286878327498,166.49696350097656,8032627
2019-06-14,166.1025314280006,167.03928952126662,159.98893566304886,162.35548400878906,6550362
2019-06-17,161.7145446751903,162.30618927172912,151.8539017071909,152.6920623779297,9667369
2019-06-18,153.08646862594682,155.25580687904994,148.20545379492842,149.4380340576172,11213185
2019-06-19,154.81209000508522,157.67167036251666,140.76067419252175,143.76817321777344,23973140
2019-06-20,144.16260604675895,147.4166214355013,139.92252630058852,146.72637939453125,17629331
2019-06-21,145.98682247244503,148.79709669683484,143.7188715755736,144.4584197998047,12875999
2019-06-24,144.9514562620733,145.34587597493964,137.30945771764428,138.2462158203125,14346939
2019-06-25,136.2740753396194,142.19046079615407,134.79497897548572,141.15509033203125,14377565
2019-06-26,140.36626561607073,150.17760284566262,139.6760085372253,149.2408447265625,15012396
2019-06-27,149.19151470864557,151.015724429431,144.80353207965652,146.2333221435547,17755494
2019-06-28,145.74027245118674,146.7756427331763,138.73921154072724,140.07040405273438,11492579
2019-07-01,142.2397690636771,144.35980119764073,133.66101303752345,138.0489959716797,23349499
2019-07-02,137.9504083476032,140.21835955584623,134.5977952892608,138.83787536621094,16544253
2019-07-03,139.52808976993407,143.42304050339908,136.96431673096797,142.19046020507812,14031849
2019-07-04,142.48626837900125,144.26118684208626,139.0350438853922,140.11972045898438,12208125
2019-07-05,140.5141497668853,140.7606658191079,131.24515222177365,132.23121643066406,12851706
2019-07-08,130.90004797471292,135.97827357259828,129.66746748530883,133.4638214111328,13050455
2019-07-09,134.10473650313273,134.9428971247358,130.40699560690666,133.9568328857422,11756179
2019-07-10,132.92144925991417,135.1893997941919,127.99112855328639,129.9632568359375,13525312
2019-07-11,133.11867327159163,134.49915719817184,128.38556187937246,132.03399658203125,14559349
2019-07-12,131.93540608760912,139.72530802370332,131.39306771445513,137.11224365234375,19506693
2019-07-15,137.80247411137134,140.36624709004124,134.1047333033739,139.2815704345703,11664290
2019-07-16,139.03505708100258,143.76816841639362,137.70386434581113,143.225830078125,11747814
2019-07-17,142.92999802598132,144.65561031857615,141.00717590917614,142.4369659423828,8972762
2019-07-18,141.59883673363112,143.1765305551371,138.59133766812545,140.8099822998047,7243163
2019-07-19,141.3523285503224,142.33839288608704,136.0768783355224,136.76712036132812,11727125
2019-07-22,136.52059140030835,141.8946385140981,135.3866235395977,141.15509033203125,12475641
2019-07-23,141.99324388862843,146.5784363707405,140.21832533079146,144.60630798339844,11767863
2019-07-24,144.5570458157695,144.8035619136503,132.72427311749036,133.4638214111328,16336488
2019-07-25,133.7103325926726,134.99220421760137,130.94934938869523,133.21730041503906,12137941
2019-07-26,133.11866098464228,140.4155297164536,131.88608079034003,136.12615966796875,12464765
2019-07-29,136.66849903091955,136.8164026369339,130.55488918247926,134.20333862304688,11372480
2019-07-30,134.10473989713358,135.58383629305786,127.3009024943406,128.3362579345703,11000787
2019-07-31,127.20230182945079,133.9075424544964,126.31484992816964,133.21730041503906,11616689
2019-08-01,132.23121683812042,132.52702406478244,124.78642902882825,126.8571548461914,17004827
2019-08-02,126.21622209235113,126.31483453431925,116.10906368261207,117.78536987304688,33420092
2019-08-05,115.76393912348705,115.76393912348705,110.19267486293866,110.98152923583984,20021403
2019-08-06,109.35452553258081,115.86254800077572,108.51637243463662,113.00296020507812,16799318
2019-08-07,112.06619912704902,113.10156203514593,96.43708288141647,100.82506561279297,21741535
2019-08-08,99.34597298920144,102.7478916356818,93.13376521737197,98.80363464355469,44589121
2019-08-09,99.83901058764094,102.05765526736629,96.97942260693576,98.31060791015625,24792213
2019-08-13,98.06408999501845,100.72646807458871,92.69004265861534,93.47889709472656,26382510
2019-08-14,94.46496306810073,104.02978378090732,94.46496306810073,102.35347747802734,36474132
2019-08-16,100.82507480187463,104.91724315663878,98.5078251985734,102.35347747802734,31732377
2019-08-19,103.43814349666991,104.67072383499277,101.26879758737763,103.33953857421875,16955000
2019-08-20,103.33953647762246,103.53674631852371,99.44457817370075,102.5506820678711,16250979
2019-08-21,101.71253223336997,103.04371750998475,96.33847738048843,97.52175903320312,17372474
2019-08-22,96.2891875634796,99.29667938839127,94.26775258885647,95.59893798828125,21182375
2019-08-23,95.54962370925897,101.41670276522727,93.77470511728099,100.52924346923828,21483497
2019-08-26,101.02228125634963,102.50137765848109,95.79614514932912,99.74040222167969,26352764
2019-08-27,101.07158820892325,103.53674889694577,99.83900786491199,102.59999084472656,16421579
2019-08-28,102.5013840911053,102.5013840911053,93.52820019299715,94.4649658203125,21128544
2019-08-29,94.46496187052952,95.10589763975177,89.83045519960703,92.73934936523438,26417279
2019-08-30,94.66217000992374,96.97941954201033,92.88725131300833,95.2538070678711,25710354
2019-09-03,94.31704107436933,95.5003150905841,91.01372754961974,91.50675964355469,13712721
2019-09-04,91.70397790469924,95.4510251724002,89.78115557076556,94.21844482421875,18711992
2019-09-05,95.64823203267635,98.2613037938538,93.67610353715726,94.76077270507812,21705698
2019-09-06,95.35240235577068,95.64822461639062,91.21093584552713,94.3170394897461,28342974
2019-09-09,94.16913604736328,97.52175600811442,92.19700754375359,94.16913604736328,28330816
2019-09-11,95.05659791937394,107.67821616599586,94.85938054989762,106.05121612548828,41216573
2019-09-12,106.69215203827846,112.36202164570147,105.06515199547668,105.7553939819336,46605839
2019-09-13,106.79076842508607,108.31916360094247,103.04372101530022,107.48101043701172,28388159
2019-09-16,105.41027527154394,107.62891994858408,104.07908996993457,106.10051727294922,15476632
2019-09-17,106.10051267796922,109.74895494716225,100.18412712875451,101.3674087524414,29665626
2019-09-18,102.55068910741394,105.11445483048455,101.36741493463481,103.43814849853516,21024523
2019-09-19,103.53674597004883,103.73395581028632,96.23986903516409,98.95154571533203,20847083
2019-09-20,99.88831608306222,110.38989480533705,97.47245404670191,107.1358871459961,39542671
2019-09-23,113.00296524486507,113.00296524486507,104.76932999242777,109.20661926269531,27080657
2019-09-24,108.4670656167082,110.34058916379323,104.81863096428451,105.65678405761719,14969322
2019-09-25,104.22698332318167,104.86792656020936,99.83900062589021,102.15625,16083605
2019-09-26,103.04371874350046,107.87543528967643,102.55068659640237,107.28379821777344,19695491
2019-09-27,106.29774060627072,106.3470393102357,100.57856433115208,101.41671752929688,20347735
2019-09-30,100.57856139463117,102.89581105940252,97.22594117686204,102.10696411132812,21961633
2019-10-01,102.55068900989794,103.29023724795009,92.09840875004231,96.09196472167969,24057345
2019-10-03,94.16913329204391,98.11339018385728,93.18306906909058,94.56356048583984,18649281
2019-10-04,95.54962860064228,96.53569286375918,91.1616381159281,92.39421844482422,18291036
2019-10-07,92.59142581983444,94.9579813005568,90.02766051699876,92.04908752441406,22709072
2019-10-09,92.04909515082605,96.8808114236427,90.61930501436285,96.2398681640625,24143941
2019-10-10,95.54961970387484,96.48637765738364,93.28166910064891,94.3170394897461,17559085
2019-10-11,95.30311778160163,98.8529478196372,93.92262623262287,96.09196472167969,26700762
2019-10-14,98.16270191406237,101.26879837225079,97.37384748219246,98.11339569091797,21326087
2019-10-15,98.1627070391113,103.4874484014796,94.9086917415984,101.6632308959961,33002841
2019-10-16,102.05764581177166,102.74788775006174,99.83900133760271,100.97297668457031,15985718
2019-10-17,99.8390026312836,104.42420277526085,98.40921251641046,103.093017578125,18532554
2019-10-18,102.9451095957345,106.88936661071992,102.2548601042681,106.14981842041016,18095628
2019-10-22,104.52281878823229,106.59355237281835,101.1208998652033,101.95905303955078,20481332
2019-10-23,101.76183195369339,101.95904932599278,98.9515502253204,99.78970336914062,19338850
2019-10-24,100.08552220754892,102.45207793184946,97.66966778418221,101.3674087524414,24157758
2019-10-25,101.21950128410083,104.32560531482738,100.33204191488274,103.38883972167969,17513992
2019-10-27,104.47350488541503,106.14981863400078,103.53674685170036,105.70608520507812,2720903
2019-10-29,105.903301852641,114.62996895212349,105.1637536658531,111.08013916015625,25236074
2019-10-30,111.32666111320823,114.87649109301279,109.60104858605997,113.5946044921875,17240594
2019-10-31,115.36951490832914,117.6374656465255,112.26341107925951,114.62996673583984,24486750
2019-11-01,114.38345628090917,122.22266428403523,114.38345628090917,121.63102722167969,30028955
2019-11-04,123.5045450784343,139.33087901388205,123.5045450784343,135.2880096435547,67908658
2019-11-05,137.0136240737149,139.03505878873787,130.94933497479232,132.18191528320312,43315239
2019-11-06,128.18834670280444,140.26763321903024,126.95576644604671,132.82284545898438,54187219
2019-11-07,134.69640208978348,150.7692396572759,133.46382159864766,146.5291748046875,63062505
2019-11-08,144.16259884490074,148.304065929976,141.94395415152323,142.5355987548828,29259836
2019-11-11,143.27513804571674,149.7338618704243,142.19046135595653,148.64918518066406,28595171
2019-11-13,149.5859378328242,150.9171305364293,138.83784394898598,140.1690216064453,31554355
2019-11-14,140.0704360146745,142.3876780785934,136.66851720856576,137.70387268066406,18804406
2019-11-15,139.2322879679525,143.86678756207095,137.85180384924433,141.54954528808594,16318423
2019-11-18,142.38766425027583,144.9514371849301,140.26763224187965,143.42303466796875,16277768
2019-11-19,143.3737376106407,143.96538218602822,136.37269038133687,137.1615447998047,16029300
2019-11-20,138.0489957941702,141.5988331330503,135.9289636629326,138.1968994140625,16071410
2019-11-21,137.3587409358949,138.54201492244476,133.31587184852566,134.20333862304688,11728699
2019-11-22,135.0414944748165,143.66955656306328,134.40055873814805,142.19046020507812,24439375
2019-11-25,143.12720280703633,153.6287948453432,142.83139560421623,152.64273071289062,34249966
2019-11-26,152.64276001937284,155.4530343087316,149.88177690918468,154.26976013183594,25014300
2019-11-27,153.82601743218436,157.77027428941986,152.6427433842429,157.0800323486328,17185218
2019-11-28,157.08003897577996,164.08108616505697,155.99536227581976,162.74990844726562,19601225
2019-11-29,162.05966898308407,162.4540886730881,155.89676728835386,158.75634765625,17469017
2019-12-02,159.34799834169453,159.74241804680798,156.04467688831704,157.2279510498047,10165969
2019-12-03,156.63630684576492,156.63630684576492,139.6759902811197,147.66311645507812,43638748
2019-12-04,143.32444254487328,154.3190527442994,141.00718557466337,151.6073760986328,27151029
2019-12-05,151.85390602273353,152.29763195967436,133.75961964377348,139.13368225097656,23327336
2019-12-06,137.06293189135874,143.7681718564243,132.37912666485548,137.90109252929688,42183273
2019-12-09,138.64063854992105,142.97931519958794,136.8657199037314,141.15509033203125,18777598
2019-12-10,141.40160247936385,143.27513351643674,137.55595805750485,139.2815704345703,17656288
2019-12-11,140.95786969158726,143.37372389199098,139.5280796583806,142.4369659423828,14479614
2019-12-12,143.17652568008313,144.35979976745975,135.83035004788417,140.26763916015625,16119727
2019-12-13,141.25370037981583,147.17008573603846,135.2880088030621,136.91502380371094,43391119
2019-12-16,134.89359027856767,137.95038037759744,130.1604789440985,134.8442840576172,36141327
2019-12-17,136.56989153893895,145.69098537818215,135.0907952406833,143.57095336914062,45830185
2019-12-18,144.55701727255934,146.62774305819812,141.3523086328879,144.01467895507812,29351742
2019-12-19,145.7896037325053,151.75528034063387,144.31050737422956,150.7199249267578,29577787
2019-12-20,150.86782604961374,156.19256683290644,149.58593955107412,154.86138916015625,25272098
2019-12-23,154.81211286746193,157.0800640269794,154.07256455758554,155.60096740722656,19904345
2019-12-24,155.9460792036634,159.7424331709384,155.15723971875056,157.81961059570312,20240998
2019-12-26,157.7209905511044,162.50340869064905,157.67168432413163,161.2708282470703,21763900
2019-12-27,162.20756206660306,162.70059417014897,156.34048304363594,159.0028533935547,19434487
2019-12-30,159.1507733696395,165.6094975993897,158.2633215104696,165.0178680419922,19284158
2019-12-31,164.17970195226064,166.3490403502083,163.68666981426585,165.36297607421875,16304965
2020-01-01,165.46159957013313,168.9128247665763,162.10897178018539,164.0811004638672,24648797
2020-01-02,167.53232601243857,171.82171192692127,166.64487412137558,170.8356475830078,23256674
2020-01-03,170.9342612962127,172.16684173519275,167.630939701287,169.20864868164062,19536532
2020-01-06,166.89136886885103,168.469077635848,163.19362805196363,164.57411193847656,15670706
2020-01-07,166.6448681325194,169.50444860864218,163.44015912997097,165.0178680419922,19605976
2020-01-08,164.13039632909644,173.94173290182164,161.76384807653093,172.2654266357422,33040895
2020-01-09,174.77987197840935,176.99851633356545,171.92029193911057,173.94171142578125,18381117
2020-01-10,174.53337619442246,176.89992442944748,172.2654253589379,174.18824768066406,18329483
2020-01-13,175.32222478486207,177.24504704257592,171.6737901080967,175.56874084472656,15771923
2020-01-14,176.01246919303105,178.1325013189143,169.25792304027408,171.57518005371094,22197682
2020-01-15,170.49051429652513,178.231125199152,168.76490174272976,177.6394805908203,28161176
2020-01-16,177.93529863827655,179.26649145210322,173.64592799200162,176.50550842285156,20938516
2020-01-17,176.99853672565092,178.37902068722516,173.35010193050752,174.48406982421875,14452871
2020-01-20,172.56123620868883,177.688767075375,170.83562384660195,176.8013153076172,19944796
2020-01-21,174.53337079866947,184.34470699535413,173.94172623513074,183.2107391357422,30489750
2020-01-22,183.30936166888395,183.60518399121852,175.02642692040575,176.65342712402344,19443219
2020-01-23,176.89993253948373,178.6748513201976,175.0264163547092,177.4915771484375,11413774
2020-01-24,176.89991707788948,187.15499411116252,176.45619118303088,186.31683349609375,19856058
2020-01-27,178.4776371640921,183.40795863271342,175.17431576165697,176.20968627929688,24954268
2020-01-28,177.2943547880476,178.32972525760923,170.78632473321417,173.0542755126953,19420336
2020-01-29,176.45620486284056,178.47763970295992,168.22257692080674,172.51194763183594,23683887
2020-01-30,173.5473380383512,179.36511210185907,169.94820892135635,173.20220947265625,33407995
2020-01-31,175.51942550613813,175.81524777183824,170.19468490811795,173.4486846923828,15207085
2020-02-03,163.68668492892468,173.4980223717601,159.44660514141566,172.41336059570312,23272332
2020-02-04,173.54730782203492,182.22467622236596,171.32866326181005,180.84417724609375,21437184
2020-02-05,180.84417837641607,190.26109502234684,179.36508199368808,187.45082092285156,20048729
2020-02-06,189.47223594866685,195.98026589105464,188.53547793854258,194.99420166015625,28812959
2020-02-07,192.7755672076748,199.43150111382215,192.08532521922965,195.04351806640625,22908839
2020-02-10,193.76162923906267,193.95883908402067,187.7466311678901,190.5076141357422,14810988
2020-02-11,194.9448912235783,199.5793899993476,192.33182708666513,193.5644073486328,18730237
2020-02-12,195.93096011779082,196.47329845525286,191.29646123121233,194.25465393066406,12307478
2020-02-13,193.76164936576475,194.50119764578676,189.96529550985917,191.1978759765625,8746026
2020-02-14,190.21179361513808,194.8955989456699,186.76056863474622,187.84524536132812,14340696
2020-02-17,189.81738418506606,190.704836066693,186.21825538650958,187.74664306640625,12487268
2020-02-18,186.07033007469167,186.66197467211373,179.16787998678788,182.6684112548828,14228234
2020-02-19,185.38007610325994,186.85917245514764,181.4358191648927,185.42938232421875,9801115
2020-02-20,184.88706049912813,193.16999479103006,183.2107541598322,190.704833984375,16689454
2020-02-24,187.74664370446607,187.74664370446607,170.44122663089402,172.462646484375,19898510
2020-02-25,177.442266491844,180.153943297223,172.9063797723528,176.50550842285156,19983174
2020-02-26,169.6523549299176,173.3500958174653,166.79275961585967,167.77882385253906,25605939
2020-02-27,167.63093690139732,167.63093690139732,162.256889286435,166.00393676757812,21185744
2020-02-28,155.79814891745878,159.9396156895797,144.2612003929268,151.75527954101562,22939235
2020-03-02,158.8549652689862,161.66523950550646,147.36730710865578,151.2129669189453,24188438
2020-03-03,155.79815997898248,159.9396270451437,153.1850955927306,158.41122436523438,25472220
2020-03-04,158.75633618124493,160.2354324810702,146.03611402120592,152.10040283203125,24252742
2020-03-05,154.61488487516593,157.57307776800909,150.67062768470836,152.24832153320312,18929214
2020-03-06,138.04899228894033,147.17008642231676,138.04899228894033,144.26119995117188,17133704
2020-03-09,139.28157662255768,140.02112481701374,124.78643502044824,129.3716278076172,21051651
2020-03-11,128.77999585434955,131.29444763122675,123.25803008795086,125.13155364990234,27035488
2020-03-12,118.08119569624454,119.65889701512876,106.39633566432059,112.3127212524414,22695627
2020-03-13,101.56462175643114,128.68138970110937,97.81757444939166,119.70820617675781,25213769
2020-03-16,110.73503092252048,114.23555489569459,105.31167692854808,107.43170928955078,15440501
2020-03-17,109.45313238608324,115.17230807854932,103.98047275754978,105.70608520507812,18388276
2020-03-18,110.4392119984568,110.53781693312627,98.60643928433642,99.83901977539062,17129407
2020-03-19,93.82402703814742,99.05016372585544,90.17558432699266,91.70398712158203,18965781
2020-03-20,94.76077037554693,106.98796825179527,91.6053678695158,103.093017578125,26516602
2020-03-23,92.78865417720961,98.1134031917272,84.80153441697024,87.75972747802734,5355485
2020-03-24,92.69004293981834,93.13376885955617,85.29456079036476,89.14021301269531,9730042
2020-03-25,86.77365604735455,93.57750103750043,86.0341078424055,90.91512298583984,12549137
2020-03-26,91.06303371759994,94.66216980327668,86.28062351861156,87.61180877685547,13486196
2020-03-27,90.71791272814015,93.18307340010048,86.57644580847614,87.61180877685547,14011886
2020-03-30,83.07592053413391,86.08341977634991,78.24420376996714,78.88514709472656,12837677
2020-03-31,81.35029614489093,84.45639986594678,80.6107479981192,81.05447387695312,15815842
2020-04-01,80.41354888790119,81.69542799934536,61.23459321108739,69.2710189819336,49775595
2020-04-03,73.21527009686976,73.7576084401499,61.1359831111909,62.26995849609375,46615931
2020-04-07,66.0663057169564,80.90657590589011,65.5732735847403,80.26563262939453,58701231
2020-04-08,76.22277097328545,96.14126619010959,76.02555360571814,83.71685791015625,62924343
2020-04-09,86.77364910365024,92.04909103885988,84.4070935325725,90.32347869873047,38987033
2020-04-13,90.71791610729568,91.95049648918828,83.32243381594004,90.37279510498047,32561343
2020-04-15,92.29561735025477,94.51426203426607,85.7875944484364,86.7736587524414,33151306
2020-04-16,85.73828055677907,90.12627083104535,84.94943369796262,87.06947326660156,21887868
2020-04-17,91.01373035344233,91.85188343433782,87.56250558957726,90.96442413330078,18261189
2020-04-20,91.95049716537673,92.29561817022989,88.05554613918272,89.3374252319336,13853103
2020-04-21,85.78759002156201,85.78759002156201,77.75116485400794,81.7447280883789,32750979
2020-04-22,80.95586987939079,85.14664275858718,79.32886243344116,83.9140625,20090386
2020-04-23,84.35779512768039,89.09089876308938,83.61824697935967,85.24524688720703,22240052
2020-04-24,83.8154557939009,85.7875841655221,77.15952253967936,78.04698181152344,24334069
2020-04-27,79.96979976565886,81.84332312494064,78.49070356460571,81.10377502441406,18036513
2020-04-28,81.84332988601102,83.27311998924831,80.36423356276985,82.73078918457031,14289244
2020-04-29,82.73078892690222,88.59786798158976,81.84332963110695,87.51319885253906,25784510
2020-04-30,89.73185207969263,94.81008477343282,88.44996546932471,93.67610931396484,31627275
2020-05-04,87.66111730443833,87.66111730443833,82.18845745956189,84.20989227294922,20169238
2020-05-05,87.41459817015637,89.0416057040789,84.20988932454993,84.7522201538086,22255536
2020-05-06,85.78759347926305,88.9923024310746,84.06198096674915,88.25275421142578,22020932
2020-05-07,87.26668416173005,91.3095459911617,86.47782977024791,89.4853286743164,18495594
2020-05-08,92.19700629746163,92.69003841669938,87.02016904546511,87.85832214355469,16444431
2020-05-11,89.04160600465228,91.01373453168269,87.06947747762186,88.35135650634766,11132083
2020-05-12,87.75971938109332,89.33742069681293,83.07591413322598,88.499267578125,16957824
2020-05-13,92.73934723317412,99.49388595114341,90.07696920093937,95.99335479736328,38175696
2020-05-14,93.67611033393737,96.2398760595146,91.40815939030729,92.19701385498047,15151966
2020-05-15,93.13376365702322,95.25380325938737,90.61930438051297,93.23237609863281,22659497
2020-05-18,93.62679718122398,94.26774044596283,85.54107337042464,86.82295989990234,23716504
2020-05-19,88.74578749626751,92.88725457019721,87.8583281166901,90.37279510498047,25064205
2020-05-20,89.73184963366853,94.36634874837587,89.38672863969218,93.62680053710938,15271764
2020-05-21,93.62680114405728,97.71896944420794,92.83795422743661,96.6343002319336,23227182
2020-05-22,95.45102443590245,97.62036282273387,91.60537227463463,95.2538070678711,19185968
2020-05-26,98.80364137389711,109.30522783540106,97.71897213179089,107.62892150878906,57513307
2020-05-27,107.6289201584938,114.72858012963934,105.01584825137995,113.44670104980469,37503220
2020-05-28,113.44669839235662,119.06726177759771,112.21411804269205,117.44025421142578,28096717
2020-05-29,114.48206236361565,120.69427038895057,113.64390922320024,119.85611724853516,22712017
2020-06-01,121.48310996255404,130.01257456821185,121.4338112649645,127.79393005371094,25816408
2020-06-02,127.79393018829714,129.47023636956735,125.23015717260428,127.49810791015625,20594275
2020-06-03,129.17441783797932,131.04793391030057,124.2440965464534,125.62458801269531,14628148
2020-06-04,127.69531822952625,136.66850877222168,127.20228611280993,135.14010620117188,37112431
2020-06-05,137.01361737747862,145.1486470154084,136.42198788604384,143.42303466796875,34572627
2020-06-08,147.36730305946833,148.7478020737484,140.0704334345121,141.6974334716797,21469635
2020-06-09,142.6834923244065,146.9235715598599,140.21833172776456,142.19046020507812,17744119
2020-06-10,140.51415522194915,143.12721945849526,138.542026727606,140.26763916015625,11731725
2020-06-11,140.0211136188913,145.88819248312987,137.45734073135486,139.03504943847656,13322028
2020-06-12,129.4209327003889,141.0071876278523,129.37162647870232,139.67599487304688,9828008
2020-06-15,140.71135834428728,141.30300288280236,133.2172794512548,134.00611877441406,13177889
2020-06-16,137.5559716307743,144.7049378983235,136.22477879008207,141.50022888183594,28554032
2020-06-17,140.16902810564332,140.16902810564332,137.0629317147391,138.0489959716797,7375498
2020-06-18,136.6192124010329,143.91608223605178,136.6192124010329,143.12722778320312,11222367
2020-06-19,144.01469945933556,145.98682813376357,141.59884484239078,143.66957092285156,6878109
2020-06-22,143.96538896493627,144.21190504193103,141.00719604099922,142.38768005371094,5207549
2020-06-23,142.97930334368323,146.13470564962515,142.63417486887838,144.21188354492188,7806774
2020-06-24,146.92356389814634,156.14327006726,145.34585518011073,146.3812255859375,30133824
2020-06-25,143.96538557013628,149.68456143078203,142.2397730718641,147.71243286132812,10313929
2020-06-26,149.19154712998932,155.305143417182,148.89572479996494,151.0650634765625,16035209
2020-06-29,149.8817590925881,155.84745053938408,146.67705042777948,150.91712951660156,15681476
2020-06-30,153.82602108226104,162.6019867793931,152.8892630656688,159.24937438964844,37243230
2020-07-01,160.72847027042047,160.97498632911743,150.02966730451377,151.6073760986328,22520584
2020-07-02,153.1357887992079,155.00930495074877,151.06504775074933,151.9525146484375,11240835
2020-07-03,153.08646216281872,154.7134620224196,150.71991417682742,151.5580596923828,8416786
2020-07-06,153.82601363520362,157.96748022384537,151.95249769272021,154.7627716064453,15574360
2020-07-07,155.60094854418037,155.94606201926294,150.67062707602602,153.43161010742188,10930287
2020-07-08,154.41768408486547,160.5312800795421,153.33300727539063,154.0725555419922,19073666
2020-07-09,155.7981628250887,163.78528984913768,155.69955037446192,161.76385498046875,21300898
2020-07-10,159.79170826263692,167.6309157240316,158.1646932882162,166.79275512695312,20684865
2020-07-13,168.1239576525112,170.39190847758084,165.9053130500587,167.7295379638672,16663154
2020-07-14,166.54625667858963,166.54625667858963,162.01036986017726,163.39085388183594,9931683
2020-07-15,165.46159957013313,170.34261505301603,163.1443423483479,164.0811004638672,14381282
2020-07-16,165.36298496167223,175.76596664170089,162.25688834382632,174.53338623046875,20601832
2020-07-17,176.89994510161773,179.36510607040364,172.31475171813534,174.28688049316406,21877756
2020-07-20,174.5333806314296,176.80133152457023,171.57518773937144,175.17431640625,8440254
2020-07-21,177.39294012382794,177.8859722142734,172.16681200202206,176.11106872558594,14471605
2020-07-22,177.2943718470853,178.72416213493523,166.2997453970268,170.98355102539062,24764376
2020-07-23,171.96960113901955,173.44869753085567,167.63092440809226,169.35653686523438,8095391
2020-07-24,168.3211637373622,168.46908240190993,163.29224511181266,165.4122772216797,7153627
2020-07-27,167.0392815655261,175.91386000859492,165.95461989461683,174.48406982421875,20564172
2020-07-28,174.7798981523713,181.43583221459136,172.85707576584826,180.74559020996094,18461477
2020-07-29,179.4637129847036,183.3586641858563,177.98461644911538,181.68235778808594,13692592
2020-07-30,181.68233339437964,184.19680017650256,176.35759259965133,180.0060272216797,10842225
2020-07-31,179.56232509842482,183.70379238099017,178.2311322004601,182.2740020751953,12166469
2020-08-03,182.9149386501522,188.58480871612727,181.04142238594142,188.14108276367188,12705293
2020-08-04,189.32432933810247,193.0713763654816,187.84523301514855,191.49366760253906,14977662
2020-08-05,193.26860957797464,197.16356069034205,192.28254524339314,194.6490936279297,11634932
2020-08-06,195.63514312883638,196.42399754591767,191.6908860895764,194.0574493408203,10524483
2020-08-07,194.0574576625404,198.19892472213164,192.52905498505572,196.6212158203125,10206972
2020-08-10,197.21284905046588,201.1571060314752,194.05744647488768,198.79055786132812,13126158
2020-08-11,199.67801876935863,213.72943490498017,199.1849866242491,208.10887145996094,26590998
2020-08-12,206.08741743364305,207.66512616929663,200.95988661198726,206.23532104492188,11485730
2020-08-13,207.27069948649566,211.51077871233582,206.3832476921751,210.1302947998047,11508473
2020-08-14,210.5247304274641,219.30069677811258,205.34789279400187,209.09494018554688,23202108
2020-08-17,212.0038341459753,222.2096061337872,210.1796090895159,220.48399353027344,23051450
2020-08-18,222.25888602923544,222.8012244006043,218.46254752194753,221.76585388183594,7369160
2020-08-19,222.85051888607347,225.75940539327746,221.96306708595912,224.2310028076172,6276869
2020-08-20,221.3221170267915,235.42283875517913,220.28674655916248,231.5771942138672,14578306
2020-08-21,233.5000398732619,235.07773379735718,219.00489701297593,220.48399353027344,16189836
2020-08-24,223.29427138704304,227.43573869119095,220.4839969877971,222.65333557128906,14009011
2020-08-25,223.8366021508569,224.67476284697332,216.9341518642666,218.90628051757812,12505409
2020-08-26,218.90626032161606,221.66724319075757,216.98343807126352,218.6597442626953,9382645
2020-08-27,218.7090747001971,221.32213919562918,210.5740438550642,213.13780212402344,9697356
2020-08-28,214.91272097592872,222.30820356316747,212.49686633999363,213.2857208251953,11333546
2020-08-31,213.97593359458523,217.18064227745342,198.1989062327725,202.2417755126953,15322399
2020-09-01,202.1431847668569,217.3285692138106,201.30502407985242,214.96202087402344,17211191
2020-09-02,215.84946049979263,219.8430237621006,209.53865525412695,218.16671752929688,15151681
2020-09-03,218.90628576762828,222.8505431688468,216.046705170204,218.5611572265625,10668592
2020-09-04,213.92663965215854,214.222461941399,206.0874317410927,207.7144317626953,12963624
2020-09-07,208.45397879317198,209.44004305434336,199.72731910949318,201.69944763183594,7217754
2020-09-08,203.3757602859942,205.10137279751171,189.57086019385397,192.0853271484375,9146956
2020-09-09,188.33829049757745,194.25467658650658,182.91493658272574,191.09927368164062,16704093
2020-09-10,193.76162748582348,197.80449697854104,189.62016059459245,193.16998291015625,8810657
2020-09-11,193.7616289960677,199.87522445897895,192.57835488165696,199.03707885742188,7544839
2020-09-14,208.05955578690595,208.4046842912669,203.62226668244585,206.72836303710938,8616933
2020-09-15,206.72838072051348,208.55260574907078,199.72733300674386,203.3264617919922,6413799
2020-09-16,205.1013768114534,206.8762955815512,199.33289457017233,201.30502319335938,3669131
2020-09-17,197.31147108401768,201.15711580896556,195.83237464424587,199.43150329589844,4272232
2020-09-18,198.74126913781933,200.66409157612517,194.35328586934,195.53656005859375,6008911
2020-09-21,195.1421150827849,195.78306589276613,166.25044370248946,171.9696044921875,25867997
2020-09-22,170.58912345573236,172.95567175111026,157.3758678886027,167.53231811523438,27153451
2020-09-23,170.04677640987612,178.92135463412632,157.77027954222592,173.35009765625,23576538
2020-09-24,169.84957921239928,171.96961148309362,160.03824223229134,161.91175842285156,14821717
2020-09-25,165.56019080038956,177.19575260927604,164.1304005672883,173.3994140625,19509333
2020-09-28,173.59661394390042,184.64053051699614,173.3994041034453,181.2879180908203,13944924
2020-09-29,181.73166337358867,191.789516770851,179.56232480494748,189.47225952148438,15149304
2020-09-30,189.07781775967828,191.2471560754623,181.78094841218308,184.24610900878906,11724469
2020-10-01,184.24612191902293,192.18392755938387,184.19681569440664,187.64804077148438,11995777
2020-10-05,190.01457485174916,195.38862191694824,189.02851061790912,193.95883178710938,11064608
2020-10-06,196.17748320770573,199.57940192478162,188.4368877277137,191.24716186523438,11790447
2020-10-07,190.06390962672376,194.15607079348308,184.5912492975028,188.97923278808594,12626537
2020-10-08,190.21179611748923,195.04352018129018,189.37365049605586,191.7895050048828,10023987
2020-10-09,193.0220910223538,199.18499303456176,189.57086589551733,191.14857482910156,16913000
2020-10-12,191.24716761992602,193.95884443988052,187.50012027766854,190.31040954589844,6001195
2020-10-13,190.7541209210943,191.6908789236708,188.14105674872636,189.1271209716797,2920797
2020-10-14,188.28896120263005,189.22571920938023,185.62659079802307,187.50010681152344,3323914
2020-10-15,188.5354870331799,190.01458345087661,178.8720540949986,180.3511505126953,5978662
2020-10-16,181.92886737638548,192.08533290039423,176.50551360635774,191.0006561279297,10870513
2020-10-19,191.49367813472747,200.02314309390482,188.09175941405644,198.88916015625,12505282
2020-10-20,197.21285976811055,200.46687496351382,194.59979539464194,197.65658569335938,6697295
2020-10-21,199.38218298628234,207.07348693895858,198.7412472594535,206.18603515625,13220570
2020-10-22,205.1506803580258,208.05956703002178,202.14318123769888,205.298583984375,13031394
2020-10-23,205.7916174778681,211.2149711562535,199.3821994943217,203.37576293945312,16788014
2020-10-26,201.79805069636362,201.79805069636362,183.0628292080586,192.9727783203125,23104866
2020-10-27,191.24716251958193,192.9234687725283,187.10569558696542,190.35971069335938,12159953
2020-10-28,190.7048309374624,197.6072810858153,186.36615400552805,187.94386291503906,12921177
2020-10-29,186.1196335299324,190.21179428842316,183.21074690253502,186.95779418945312,10243697
2020-10-30,188.3382819352511,192.67695885142626,181.9288639636326,188.83131408691406,20919229
2020-11-02,188.83132480595228,192.03603397367732,184.64055127892723,188.14108276367188,14266886
2020-11-03,189.71874972392393,199.97382662957807,189.6694585498889,198.83984375,19495118
2020-11-04,199.48081609866043,207.9116690926385,198.19892946601885,204.65765380859375,20281048
2020-11-05,207.1228217989744,210.4754346040578,203.7701939477429,208.7005157470703,13030954
2020-11-06,208.74980134693567,212.98988068460858,206.58046297882174,209.34144592285156,10323094
2020-11-09,209.34146789657618,211.4121940373443,206.0874524797712,207.07351684570312,5612423
2020-11-10,209.09493902863284,211.6094060173458,205.19998803042705,210.86985778808594,6709096
2020-11-11,210.9684466114211,216.93413842740404,209.63726888057727,216.09597778320312,8316444
2020-11-12,216.9341546540145,218.85697710649097,212.10244540972508,215.06063842773438,5125578
2020-11-13,214.41967427696775,214.41967427696775,210.03169124837888,212.10243225097656,4166342
2020-11-14,213.9759371569152,215.45503349670955,211.9051962627447,213.38429260253906,761948
2020-11-17,213.9759593234099,227.53434384275042,213.9759593234099,225.66082763671875,10920316
2020-11-18,224.82265727743194,226.44965733137562,220.43467421260618,224.87196350097656,4081823
2020-11-19,221.86445590872702,232.1195180744941,221.1249077223646,230.39390563964844,11777158
2020-11-20,233.45073464085664,241.58576552063306,228.47110666885482,233.25352478027344,18339216
2020-11-23,235.66935046100076,242.37459021974797,235.1763183470656,238.67684936523438,9931028
2020-11-24,240.5010648768717,242.2266773166701,232.41534102533137,237.59217834472656,8472362
2020-11-25,238.23313797513185,244.54394339923394,228.76691479283176,231.9223175048828,11344961
2020-11-26,231.33066495971102,247.3049018262206,229.01340809508085,246.1216278076172,12732331
2020-11-27,246.51607138211608,248.73471602455513,238.77546072225888,240.5996856689453,12116579
2020-12-01,242.57180841156816,253.8622562465035,240.20526020162123,249.62216186523438,9734697
2020-12-02,248.68537563192967,264.6103206828311,247.69931148188542,255.48922729492188,22314238
2020-12-03,255.98227221454846,261.50423775033374,255.98227221454846,259.4827880859375,11854299
2020-12-04,260.0251440913811,267.6671417152798,253.9608251289056,263.574951171875,17365825
2020-12-07,263.574957075995,269.09692279154393,260.81398926436657,262.6382141113281,10334837
2020-12-08,264.1666102936156,264.9554797601511,250.65753288673656,256.6725158691406,12708530
2020-12-09,258.54602753029127,261.3069950638617,252.58032147440318,254.50315856933594,6605175
2020-12-10,253.41851647625728,259.92654665325017,249.03053349980823,255.78506469726562,7720336
2020-12-11,256.86974082660475,260.56748181739084,254.94690347447875,256.9683532714844,6458937
2020-12-14,261.1591551378075,265.64573599684144,257.3628012843114,259.6307373046875,9956703
2020-12-15,260.3209679710844,270.1323195205483,257.75719484381955,268.9983215332031,9969730
2020-12-16,271.16767720523956,283.3455770909154,269.3434522674001,281.6199645996094,16676228
2020-12-17,281.028324942737,282.9018410905631,271.710005289297,274.2244873046875,7336203
2020-12-18,274.1258526805776,277.0347541614069,266.87827465779463,268.2587585449219,6978398
2020-12-21,265.74432435525426,269.8858063821238,241.437845789828,249.2770538330078,9801151
2020-12-22,249.47427893863596,258.25024557849247,242.867650845538,256.475341796875,11697459
2020-12-23,257.8558443433578,259.7293607120966,250.95339344315317,258.6446838378906,9481749
2020-12-24,261.0605303066331,265.74433585509956,254.40459610618066,255.63717651367188,10510931
2020-12-28,255.6864228507482,265.25125717231646,255.58784050927437,263.4270324707031,8007419
2020-12-29,265.2512876735923,267.32202865158456,254.20735585249565,255.78506469726562,8428134
2020-12-30,259.63071053943395,265.15267647596164,256.5739353729091,262.2438049316406,9449170
2020-12-31,260.32097733212356,266.730395334619,258.3981398944571,262.7368469238281,7949979
2021-01-01,264.5610290062045,269.0476394460239,264.3638342095169,266.38525390625,8047337
2021-01-04,269.49135469228355,285.9586401444138,268.8997402003024,283.6907043457031,16083859
2021-01-05,282.50742199523535,283.98651844547214,278.1687450929995,280.6831970214844,7992858
2021-01-06,281.9650531647733,286.5502454021102,274.2737348093566,280.23944091796875,12378749
2021-01-07,283.98652474832215,300.40448969187554,283.2469765067901,293.84716796875,16883643
2021-01-08,296.312300319157,298.3830412150537,286.8460777181231,289.7056579589844,9970177
2021-01-11,290.8889628730033,291.1354789432347,280.9297076171977,288.96612548828125,8300395
2021-01-12,288.42378623431216,302.72171751772254,286.35304534032537,290.29730224609375,12056629
2021-01-13,293.1568844979559,301.4891393055411,284.2823063990193,295.57275390625,10560096
2021-01-14,295.5234767241868,296.8053482511447,287.28983396852857,289.5577697753906,5834247
2021-01-15,290.88893418328024,299.7635118363294,289.1140306895867,294.83319091796875,12385982
2021-01-18,294.83323832493346,295.2276580433639,275.55569247137527,278.5138854980469,9306301
2021-01-19,282.0143974077694,294.537426392515,280.23949365680636,291.77642822265625,8412997
2021-01-20,291.87504929531957,302.4752411193894,289.9522117647326,300.7989196777344,11213922
2021-01-21,302.721765539665,306.1729908796937,291.0862178587725,296.90399169921875,16599082
2021-01-22,300.5523557707165,304.9403534924885,274.224459716958,277.7249755859375,24406863
2021-01-25,283.0004784161109,286.7475110411476,264.46248002019735,275.7528991699219,14820160
2021-01-27,276.09798111712854,276.49240078598035,262.2930820612721,268.2587585449219,11603788
2021-01-28,259.3349101029567,270.8718744144166,259.3349101029567,267.17413330078125,8213950
2021-01-29,269.8857737183571,271.1676450946156,254.60177917666059,258.102294921875,10965798
2021-02-01,258.34884638056025,276.4431322886499,253.56642851116354,273.6328430175781,12684256
2021-02-02,276.29518839170686,282.3101556660699,267.4206109927307,272.2523193359375,13596700
2021-02-03,274.02726748232095,290.69174840939337,271.41420306257527,281.5213623046875,12034014
2021-02-04,280.38737228051326,288.6703058667717,278.1194064762272,284.38092041015625,8512753
2021-02-05,287.28981589660634,296.8546207546276,276.5910131141943,295.0304260253906,14614529
2021-02-08,297.9886289154681,307.25762686345024,293.64992213393816,302.86962890625,15504570
2021-02-09,302.72170362865086,312.82886148595924,300.6016716575273,305.4333801269531,17242835
2021-02-10,309.6241931630829,313.96287010614486,299.7142588901632,307.1097412109375,15272126
2021-02-11,305.6799129047339,313.5684267861464,304.052912935151,311.1525573730469,8020929
2021-02-12,311.5469855057265,312.4837284087172,302.820311611975,304.0035705566406,6546595
2021-02-15,306.66601745118896,310.1172427279708,302.179436628291,304.2994689941406,6379749
2021-02-16,304.6938959796886,331.2190220060629,304.49667106511305,328.0143127441406,26320619
2021-02-17,324.51373519316803,325.1053797333669,316.5759003044404,320.6680908203125,9900841
2021-02-18,320.9639318256772,328.2608016766807,320.9639318256772,323.28118896484375,8261985
2021-02-19,320.3722657195494,328.3101009109389,307.9971715382084,317.0196533203125,11751459
2021-02-22,315.58986314319685,327.76776311095864,313.5684433909589,317.1675720214844,11165599
2021-02-23,319.0904048113793,337.2339814189705,316.67453530523244,332.2050476074219,12824670
2021-02-24,334.275813300466,339.8470708370146,327.37336287833244,333.4376525878906,7132578
2021-02-25,335.5576651515153,342.1150167401994,335.26185790204875,340.09356689453125,6333361
2021-02-26,333.28973520026904,341.07963719388744,327.37334936831155,331.218994140625,8851273
2021-03-01,333.2897688271328,343.8406699955616,327.96502705959665,340.5866394042969,5995931
2021-03-02,341.4247327614467,341.4247327614467,330.6766388893642,333.58551025390625,7687364
2021-03-03,336.5930625816636,349.85560966697824,336.2479340502498,344.67877197265625,8703428
2021-03-04,333.9306960490828,339.2061464970752,330.5287919956966,331.8599548339844,8664486
2021-03-05,328.85242902781613,329.00033264760094,309.1311439286967,317.8578186035156,13458441
2021-03-08,321.0625670088845,327.7185015503015,317.7592453291293,319.5341491699219,6022231
2021-03-09,321.95000657954483,325.0068120479169,305.08830036963025,308.490234375,8121292
2021-03-10,311.05397245828135,317.80848833970634,307.0603942833736,315.88568115234375,6903410
2021-03-12,322.4430665338938,327.8664208639746,309.62422902643016,313.2233581542969,8661309
2021-03-15,315.98434525218096,322.7388622378676,311.3991217729729,321.55560302734375,7642941
2021-03-16,323.42907461795727,324.3165264261943,315.54056060288514,319.04107666015625,4796079
2021-03-17,315.5405490890688,319.9778380606338,301.3412303985191,304.44732666015625,6430311
2021-03-18,307.70132627255254,314.1600649365705,298.3830374956107,305.0389709472656,6372698
2021-03-19,301.7356673635522,312.58237436028116,292.5652816668714,308.6874084472656,12819655
2021-03-22,308.6381325658061,319.28761519889036,304.69387528062003,316.47735595703125,7824327
2021-03-23,317.56199568524306,320.9639295561662,309.2790615861234,311.2511901855469,8085284
2021-03-24,306.66597729488166,311.49768603123,300.7495918808325,302.62310791015625,7978045
2021-03-25,302.2287222169153,309.3283975489781,293.1076270113477,304.9403991699219,12384761
2021-03-26,309.87068616823296,323.2318445293417,306.66597740117885,319.6820373535156,9743664
2021-03-30,325.0068059278269,336.14932070819003,323.6263218981272,331.7613525390625,9379719
2021-03-31,332.30361614642754,342.65728964653874,329.3454237178243,338.8116455078125,6912102
2021-04-01,341.5726570767709,368.29500480966584,341.1782373872674,365.7312316894531,14147031
2021-04-05,365.7312294815071,380.6208058856478,354.24358682491965,377.51470947265625,11514234
2021-04-06,386.7344125790054,391.4675089627971,379.0430933399777,383.43109130859375,16986573
2021-04-07,384.76228894972513,389.39677294839885,379.9798712371939,383.38177490234375,10294775
2021-04-08,388.0163164603515,421.54250390546446,385.94557533498835,409.8576354980469,27365406
2021-04-09,410.202735739684,420.30989449288535,395.9048038449114,406.6036071777344,14532585
2021-04-12,399.2574262513461,403.94123164349617,380.76872075601676,383.5790100097656,11886755
2021-04-13,383.57899263747146,405.9133418458477,378.9444786329551,403.7440185546875,12033319
2021-04-15,408.08268685776477,417.0558773528154,397.3838839633695,408.5263977050781,12092334
2021-04-16,410.8929762756227,418.7814901078993,405.86404268908797,408.2305908203125,9209394
2021-04-19,397.38390406417744,412.86512526687056,392.55219512006926,408.03338623046875,10772613
2021-04-20,413.16091656689787,430.8114604447341,412.1748523268814,425.5360107421875,19220825
2021-04-22,425.2894741323529,439.7846297971113,422.13408677214284,435.4459533691406,16382110
2021-04-23,438.70002277790184,443.2359248009986,425.2402504347734,430.95941162109375,15212228
2021-04-26,434.8543537514608,445.10941639290036,432.5370966415826,436.7771911621094,12314848
2021-04-27,438.79860114311697,449.64530813766595,430.5649584515234,443.63031005859375,17708967
2021-04-28,447.47595895487285,447.6238926709484,429.97331795640594,437.4181213378906,15697777
2021-04-29,442.7428405123486,452.8499988982096,436.13619811589336,447.919677734375,20739925
2021-04-30,441.16515485168827,449.4974100923446,426.3741905846963,435.3473815917969,16715876
2021-05-03,431.89613400595823,445.4545172082001,428.14910195789196,439.0943908691406,12397053
2021-05-04,443.72890557766783,447.47593763229565,427.45884570648667,429.677490234375,11563827
2021-05-05,433.7696434370765,436.8264485310342,427.16303123250145,433.276611328125,7379545
2021-05-06,434.85430925299767,455.6602697504542,432.8821808663627,452.5048522949219,16058047
2021-05-07,458.6184806317313,478.24115284333976,457.18867545744774,473.21221923828125,17370389
2021-05-10,482.13613305112676,494.70845239447715,480.21329570287355,483.36871337890625,12543953
2021-05-11,474.29690866298023,479.6216496440644,461.9218142472563,469.5638122558594,14239603
2021-05-12,473.21222325583875,475.67738385843455,439.04510332231894,450.2369384765625,12104730
2021-05-14,455.56173904420376,455.56173904420376,383.13529901421856,411.4846496582031,53810900
2021-05-17,415.1330380007266,434.509193969713,406.50497604702974,429.43096923828125,21659972
2021-05-18,438.79857696684024,449.94109059222757,428.7407099073128,433.276611328125,16216804
2021-05-19,427.90260571271466,434.31202352327506,414.4428042367029,415.9712219238281,12763170
2021-05-20,402.8072503467232,412.4213768849865,384.56506153053135,395.4610595703125,35292844
2021-05-21,400.14486357982133,406.7515061407212,395.41176718164655,397.53179931640625,10623656
2021-05-24,396.34853346660776,398.616469182616,386.5371822376882,392.3056640625,10885382
2021-05-25,397.38389294704433,411.681824579134,397.38389294704433,401.9690856933594,14180170
2021-05-26,396.397850579333,396.397850579333,381.064562674687,384.41717529296875,17597454
2021-05-27,385.8962482871392,396.3978264776022,375.88770221916076,389.34747314453125,14530974
2021-05-28,402.75794686906056,406.70220378992866,387.917662148919,390.5800476074219,14341709
2021-05-31,390.28426331676536,402.7086803242504,387.27677904284826,401.5254211425781,10026676
2021-06-01,404.2863550943805,405.17380692856796,384.8115855502,390.9744873046875,13200999
2021-06-02,390.8758833340435,397.8769458974135,390.48146363166234,393.242431640625,6350316
2021-06-03,397.33461328067386,400.8351294343888,389.4953902252979,391.8619384765625,10167620
2021-06-04,390.87587360324886,395.6090001908758,388.1641968399802,393.04522705078125,6761375
2021-06-07,395.65830251918743,404.7793973436173,394.4257221375077,399.1095275878906,11066997
2021-06-08,401.3281433827104,401.82117549988817,389.10095289516,396.15130615234375,9620313
2021-06-09,398.07419747313037,401.6240051247586,388.9531020674208,392.1084899902344,7707531
2021-06-10,394.91874394936065,401.5253866590889,393.78477604636674,399.7997741699219,8660122
2021-06-11,403.3003052120124,416.5135610269054,399.01091941929366,415.231689453125,17216758
2021-06-14,418.0912571052437,422.7257712846015,400.2928087866196,419.1759338378906,15785263
2021-06-15,421.9368622062783,423.6131833714538,414.2455735370649,416.61212158203125,8374127
2021-06-16,414.8865337583144,418.68288714449614,399.65182903793686,401.67327880859375,14457301
2021-06-17,395.90478870570286,405.9626558977833,386.882307011441,389.9884033203125,10354231
2021-06-18,389.4954014603645,389.4954014603645,359.9134722355267,382.9380798339844,22497537
2021-06-21,370.7601338410887,383.0859361629334,368.2456822043487,376.6272277832031,18216426
2021-06-22,380.91662474550117,389.495396140449,379.1910122309549,383.283203125,9863264
2021-06-23,385.0088076510694,389.2981631672501,377.85984166771016,379.83197021484375,5167908
2021-06-24,380.6208085815684,386.73441909829336,378.254260349779,381.0152282714844,5919171
2021-06-25,386.48790752053975,396.29922907496587,384.81158620355546,390.0870361328125,10914596
2021-06-28,392.4535615287352,404.0398161718574,388.55859580327945,402.6593322753906,10910974
2021-06-29,402.51141356286405,404.9765740327682,391.6647074952858,393.39031982421875,7162050
2021-06-30,396.7429637717507,402.90586543934876,390.67867454929285,391.9112548828125,8316359
2021-07-01,395.41179816718284,395.41179816718284,386.68512278767747,389.2981872558594,7915431
2021-07-02,391.36890718700033,391.4675196335784,381.85339289194764,382.7408447265625,5780873
2021-07-05,385.8962889402214,390.8759018649867,379.9799028471319,388.6572570800781,5920446
2021-07-06,388.5093096564798,392.55217904953616,381.70547243476136,385.5511169433594,5032091
2021-07-07,387.52325016924976,396.9894729857358,378.69796309667163,394.6229248046875,11491655
2021-07-08,395.36246545527257,396.1513048031535,378.94447193533426,381.1631164550781,9009413
2021-07-09,380.62077864006096,391.3195811565623,378.05700571884586,389.24884033203125,7768549
2021-07-12,392.70010741161923,396.8908806859429,385.649753686216,387.3753662109375,7880289
2021-07-13,390.48142553401897,395.9047786664359,388.2134898973794,389.495361328125,5755567
2021-07-14,390.4814400259644,393.8340524319712,386.98092400204257,390.5307312011719,5006578
2021-07-15,391.56614174588725,395.510398968022,388.8544649056696,391.467529296875,6608656
2021-07-16,393.7354344503856,403.1030446222598,391.96053087578946,400.29278564453125,10515786
2021-07-19,394.4256885942834,398.91226876512656,384.5650463794263,387.96697998046875,9945721
2021-07-20,389.9391267943321,389.9391267943321,373.3239378610613,374.8523254394531,10162199
2021-07-22,380.12781127910824,391.17174416252743,379.6347790984609,388.9037780761719,9400295
2021-07-23,392.1577453613281,394.96800426454956,388.5092957752531,392.1577453613281,8459294
2021-07-26,431.35384842082516,431.35384842082516,396.74298480246875,398.1727600097656,24514886
2021-07-27,400.39141388642025,417.45034505218734,400.3421227062565,413.9497985839844,18459577
2021-07-28,414.2456159882612,417.54893739210166,401.3774588943084,413.8511962890625,12069376
2021-07-29,415.82329389415406,440.7707066402302,413.2595209019494,431.501708984375,24314941
2021-07-30,428.9379547066128,437.6153081901971,423.4159888114713,425.7332458496094,10427407
2021-08-02,428.9379645573377,428.9379645573377,416.9079682270879,418.58428955078125,7334357
2021-08-03,419.5703299747958,420.6550066465381,410.991559134634,415.8725891113281,7230759
2021-08-04,418.09124766596847,426.07837421766845,407.8854765217014,410.1534423828125,9929938
2021-08-05,412.125585053137,421.34526215815475,404.2863618534512,419.4224548339844,8561081
2021-08-06,419.028042764507,421.197366202484,414.1470123675431,415.8233337402344,5216193
2021-08-09,418.14055782330416,422.97229700695016,408.4278484621128,412.3227844238281,7649732
2021-08-10,413.16092582609315,413.94976519886774,390.82657630765203,394.86944580078125,10550247
2021-08-11,399.8490848384314,418.9787267752512,399.8490848384314,415.47821044921875,17266941
2021-08-12,417.10518821127357,420.75363806469625,413.21022228916814,418.3377685546875,6466461
2021-08-13,417.10518821127357,426.47279882121944,408.2306097386933,418.3377685546875,10182311
2021-08-16,416.8094020044856,428.88868997965164,414.9358557140932,424.303466796875,10165396
2021-08-17,423.71180558203173,426.9658054573768,407.1459087005968,409.1673583984375,10044107
2021-08-18,409.16736747335426,412.47065859583813,398.1727271490895,402.314208984375,9405766
2021-08-20,385.5511310939092,389.9884203264478,368.7880384376523,371.59832763671875,15773398
2021-08-23,378.30356690080004,380.12779189462873,352.61660363588885,358.5329895019531,16523384
2021-08-24,364.79448256696594,372.1406431991125,362.37861310932,367.5554504394531,10065675
2021-08-25,369.87274131781066,377.31751507537416,365.1396144129614,370.1685485839844,8530532
2021-08-26,370.7108690198323,372.04203169138145,363.85771040482956,366.07635498046875,7890653
2021-08-27,366.81590811112045,371.15458487677176,364.8437795728886,366.3228759765625,6693997
2021-08-30,370.80950551094793,379.5361814677098,369.77414992806825,376.13427734375,8142482
2021-08-31,376.08492865311933,377.6626375962625,370.71089612129117,371.69696044921875,10414277
2021-09-01,373.66910867954056,374.6058517847655,363.36472387598934,365.6326599121094,8361942
2021-09-02,366.5201019989407,374.60581097527995,363.6604915358407,372.48577880859375,7327328
2021-09-03,370.7601427998766,388.5092985722111,370.2671106950895,387.1288146972656,11542927
2021-09-06,391.3689315585092,391.3689315585092,380.76873987558554,384.86090087890625,8303871
2021-09-07,387.52328528955064,399.15883245471053,384.36786736732313,394.27783203125,12792717
2021-09-08,393.24243364402747,397.82765674598846,387.572563878066,390.28424072265625,6035429
2021-09-09,391.96058456844975,396.940197568187,389.6926485688715,394.7708740234375,6072716
2021-09-13,396.69363347724857,398.8136956765001,393.7847620117024,397.8769226074219,5132723
2021-09-14,399.35602052613336,402.61002050831814,394.6722153471232,395.5103759765625,5800969
2021-09-15,396.94016061178445,400.5393192780121,393.68616055146987,396.2992248535156,6194694
2021-09-16,399.0602170306928,400.24347608426814,388.70654232737024,389.593994140625,6523771
2021-09-17,392.453590350383,392.6508152467732,373.0281116554187,381.21246337890625,12906039
2021-09-20,373.22533980249193,373.22533980249193,344.1364427769344,346.2071838378906,18657173
2021-09-21,347.5876610243188,358.631593071087,342.26291989517097,356.56085205078125,12597294
2021-09-22,357.9413181892098,366.5200890918186,353.8491576223096,360.8502197265625,7224345
2021-09-23,366.815943932182,368.78807266300015,363.85775083595473,365.977783203125,5410189
2021-09-24,367.7033415173247,367.7033415173247,352.02492644214146,354.14495849609375,7902775
2021-09-27,355.47619803674223,357.4483267359752,349.11607094479757,352.8138122558594,5284583
2021-09-28,354.9831330001507,360.89951855015323,351.2361008553997,356.3636169433594,5705876
2021-09-29,353.9477844811002,381.40965053839915,353.40543107304455,377.1695861816406,18537905
2021-09-30,378.64869340077075,389.2981758657496,376.8737896873724,383.8255310058594,11425042
2021-10-01,381.26176465740843,403.79334046752285,374.31002321375007,396.10205078125,17193037
2021-10-04,399.15879512546525,414.0483712727577,396.89085939441424,412.56927490234375,13836045
2021-10-05,412.61858945616956,419.86613747943585,408.52639882410926,415.28094482421875,10464852
2021-10-06,416.11912292635606,421.83828366899525,402.067707045549,403.94122314453125,7957394
2021-10-07,408.32921751717646,413.9497657635216,400.5393158543024,401.9197998046875,6127096
2021-10-08,406.25845632647327,419.0772911134736,406.0119402728771,410.0548095703125,9816429
2021-10-11,414.1962886397982,415.6260938822418,406.25848322534665,407.14593505859375,5070562
2021-10-12,408.03339312591635,416.85868060074455,402.8565555785387,412.9637145996094,7390169
2021-10-13,411.1888318504749,436.3827638274166,406.258510125649,426.5714416503906,14252173
2021-10-14,430.02261745238684,447.4759362976777,426.5713926415206,440.2776794433594,10695420
2021-10-18,445.3066199760956,454.5756178796959,443.8275236055543,445.7996520996094,10750659
2021-10-19,458.3226632002557,466.06327378113224,429.2337670739721,433.62176513671875,12285531
2021-10-20,433.6217694564427,439.78467123950753,421.09874099633737,435.05157470703125,7341439
2021-10-21,438.30553766726104,439.98185884711194,415.47815741575954,427.754638671875,7179385
2021-10-22,429.8254160857293,430.4170606755634,415.03445180134565,419.1759338378906,5692093
2021-10-25,421.19733276685145,426.52207362757053,409.21665830716057,419.37310791015625,4519537
2021-10-26,422.33128923340064,442.6442179839825,420.6056768653804,439.48883056640625,6521650
2021-10-27,442.05261405956844,442.39774258334467,422.8736814623092,424.4020690917969,4966436
2021-10-28,420.5563777907484,420.75360266601916,402.8072223388528,408.37847900390625,7937914
2021-10-29,404.28639179247523,417.5982607905201,401.1309737708349,411.4846496582031,5982825
2021-11-01,415.1330802973513,428.05052895689175,414.64004813547797,424.8951110839844,4712097
2021-11-02,427.9518933975594,432.4384737914229,411.5339293121716,413.06231689453125,9190392
2021-11-03,417.7954359528479,423.21878934330726,411.3860183095778,416.66143798828125,8741833
2021-11-04,419.0280111027849,419.22520589554017,412.61859353853464,417.3023986816406,421029
2021-11-08,420.0633757946447,422.0355043195022,410.3999580597603,418.6828918457031,5240000
2021-11-09,418.88008316198017,424.99369357515246,404.5821514755772,407.54034423828125,11324467
2021-11-10,406.2584765869599,406.8501211635549,391.46751263355117,393.6861572265625,11428841
2021-11-11,397.33459527048734,399.25740247210524,392.0591455982266,396.15130615234375,5441641
2021-11-12,399.84907487704135,401.6732998560983,387.57256226744994,392.9466247558594,6996964
2021-11-15,396.00340537654404,396.00340537654404,381.60686143321493,382.88873291015625,5942662
2021-11-16,381.21243861308756,388.06556697916244,378.0570210296036,379.68402099609375,5736307
2021-11-17,378.25423255126736,385.00877832924004,375.1481363445474,376.5779113769531,4510931
2021-11-18,376.67657782192975,380.3250279162855,362.37864489413397,364.8930969238281,7052933
2021-11-22,365.8298559668038,367.8019845703984,357.00456842880004,363.2660827636719,4797124
2021-11-23,362.87167000021554,379.9798919819999,362.67444509916703,375.5426025390625,6970887
2021-11-24,377.66262288494175,385.7483620958973,374.50720512157034,377.7119140625,6334540
2021-11-25,376.9230756448843,379.33894519738067,370.7601738194284,376.2328186035156,5149021
2021-11-26,369.7741122239177,371.00669259799747,347.43976186405195,349.461181640625,8888472
2021-11-29,349.4611776897494,353.0110151454247,335.2618579593419,347.7355651855469,9338109
2021-11-30,347.78490287272587,353.8984836922622,336.7409702875768,338.76239013671875,7486278
2021-12-01,342.16431684839216,346.84812233839176,339.4526399857608,342.3615417480469,8310368
2021-12-02,341.7698972653742,352.0249601129508,338.2693508951487,349.1160583496094,7496087
2021-12-03,350.05282822250587,361.8363087024066,348.2286032400705,354.4408264160156,5937967
2021-12-06,353.50404960919883,360.30788722338565,347.9820835410565,351.8277282714844,5309123
2021-12-07,354.5887443980177,365.53406464343203,354.0463909530164,362.8223876953125,5908638
2021-12-08,368.24570714998384,377.66260872487493,365.1889019486346,376.08489990234375,11630602
2021-12-09,379.5854154980988,386.78367192531215,373.81693406660554,385.5018005371094,7890573
2021-12-10,382.4943442669917,392.8480196420812,380.32502081520704,389.93914794921875,6916045
2021-12-13,403.30026505616706,403.30026505616706,389.5939784480222,390.3335266113281,7021123
2021-12-14,385.05811002523455,395.41178519876837,384.1706581716762,393.53826904296875,5193670
2021-12-15,393.43964830861,399.94767858480515,389.49539118270917,390.3828430175781,5197495
2021-12-16,393.1438109268493,396.3485195960048,386.63578114949075,389.495361328125,4730287
2021-12-17,389.49539236334044,392.79871373475413,377.16958880753856,380.67010498046875,5908359
2021-12-20,374.70444292869195,375.14818391118337,352.1235759390798,359.0753173828125,7368367
2021-12-21,365.63258979476797,376.8244243752262,361.0473973274729,372.78155517578125,5272426
2021-12-22,374.7044120248009,378.4514441081319,370.4150265529006,374.6551208496094,2714085
2021-12-23,377.6626111649618,384.36783608867574,377.26819147985384,380.17706298828125,5102828
2021-12-24,380.62084048096915,382.1492281920961,372.5844220177705,378.94451904296875,3293420
2021-12-27,376.6765550027682,378.05703897646623,371.9434584951483,375.69049072265625,2220250
2021-12-28,379.6347670382771,380.3250241061739,375.9370258008913,377.85986328125,1855502
2021-12-29,378.3528845876721,378.4021757658379,367.8019845228861,370.9080810546875,3347746
2021-12-30,368.93593096476394,374.1127682470355,363.6111900643145,364.9423828125,2800848
2021-12-31,365.8298352786924,376.38073474817554,365.8298352786924,371.99273681640625,2721297
2022-01-03,373.96490025770487,382.00131859547594,371.7955466767736,380.4729309082031,2331615
2022-01-04,382.64222741867803,385.00880573730956,376.6765506301699,382.7901611328125,3847048
2022-01-05,382.5929056391814,402.7579303573382,380.86729330704594,400.7364807128906,9891594
2022-01-06,398.3699550083482,405.37101716680496,394.7215052646715,397.2852783203125,5791462
2022-01-07,401.229553587977,403.0537785429606,394.0312963077971,400.9337463378906,3868930
2022-01-10,404.68076953716434,404.8779944276663,397.2359963512626,398.665771484375,3564673
2022-01-11,394.42568375825846,398.074133369939,377.26817253323253,378.599365234375,8641956
2022-01-12,381.6068602641193,389.100954494483,381.1631193199185,384.95947265625,3823504
2022-01-13,386.0441655518002,408.72364398779354,385.6990370354024,407.4417724609375,12631114
2022-01-14,405.27241033761925,415.52747260994227,402.90586213512825,412.8157958984375,6714395
2022-01-17,414.1469886661803,417.69682601606326,408.77292641918996,412.8157958984375,5629017
2022-01-18,414.1470044804871,415.7740045510588,394.91875070103595,396.7922668457031,5251367
2022-01-19,396.89084507725346,407.83616384194164,392.79868461851777,403.3002624511719,6338539
2022-01-20,405.71613680374776,414.73861843048684,402.1662995806215,412.3720703125,5606748
2022-01-21,408.23064284264296,411.58325563013784,395.4118062316421,399.50396728515625,6469700
2022-01-24,396.39785982688653,397.0387956215804,365.4847371278979,371.69696044921875,8097592
2022-01-25,371.7462617485183,378.00777641977083,366.1256828894074,371.3025207519531,5563162
2022-01-27,364.84376706708764,373.1760218924286,356.11709256607855,370.2671203613281,6635808
2022-01-28,374.7043850951385,391.2209599644637,374.7043850951385,377.2681579589844,6025485
2022-01-31,383.43110836002677,385.10739961153115,377.31749767448434,380.6208190917969,4610487
2022-02-01,384.2692869922478,407.93483125431584,380.6208368815941,405.42034912109375,10377270
2022-02-02,408.23062944463936,412.6679188951246,401.2295667376371,411.0902099609375,5440855
2022-02-03,407.83620941245226,419.8168849008526,407.5403720606096,411.6818542480469,6623741
2022-02-04,412.8651086350483,425.4867188490415,411.9283355716966,418.48565673828125,7140522
2022-02-07,420.06338259727,428.2477040710505,413.9004808572866,415.6753845214844,6533398
2022-02-08,418.09123823902513,423.4159791226674,404.7793709837731,416.4149169921875,7882733
2022-02-09,403.9905452350599,413.11163977272855,395.658290079948,410.6957702636719,11868324
2022-02-10,412.17487119318474,435.93902648378645,412.17487119318474,434.7557373046875,16483464
2022-02-11,429.87474005179604,438.6013849604855,427.75467775056774,430.3184509277344,9998336
2022-02-14,416.46424221246394,423.02156345975686,396.89086082179983,401.9690856933594,8907990
2022-02-15,403.9905659548038,411.7804681031773,387.5232796917967,409.9069519042969,11225764
2022-02-16,413.0623048731944,414.6893048537123,406.5542748588302,408.1813049316406,5635279
2022-02-17,410.25205029461176,415.72472535260863,403.59611610223624,409.6111145019531,4835093
2022-02-18,406.4063917630909,414.8865506892807,405.66684354439343,407.3924560546875,3632694
2022-02-21,404.33562934863915,417.7461090235872,403.300273934136,409.36456298828125,6047365
2022-02-22,399.84908500577467,405.0752139072798,390.18566662824986,400.7858581542969,7263740
2022-02-23,405.2231343198688,406.20919861548373,395.0666540196586,397.3839111328125,4344345
2022-02-24,381.606894381613,389.9391499780262,362.6251560951891,364.6465759277344,9146123
2022-02-25,378.1063633575672,400.29280984267507,370.0206241571881,394.17919921875,9564373
2022-02-28,388.50932396938975,420.45780042963213,386.63580786718387,418.9294128417969,12206595
2022-03-02,416.11913117213135,445.94757600141327,414.88655080728495,437.96044921875,13939790
2022-03-03,443.72892574766865,456.2519541334648,436.8264757915938,438.897216796875,9613194
2022-03-04,440.8693253157369,446.4898733976786,420.2605888306992,429.677490234375,10981256
2022-03-07,429.6774855839941,440.7214169290939,423.1694556874993,437.66461181640625,9816426
2022-03-08,437.66458727931183,438.79855505481567,420.26056072087664,435.8403625488281,7848374
2022-03-09,438.7986164188438,452.80074160890223,430.9101019663702,443.482421875,6811358
2022-03-10,445.70107933591976,464.28839806562235,433.76969486621147,461.2808837890625,11549021
2022-03-11,459.5059674998777,474.88857672219524,458.5199031919381,472.5713195800781,11870331
2022-03-14,477.748148908866,478.9314380947839,463.99254001482007,469.71173095703125,6558924
2022-03-15,465.91537762215125,467.69028130950846,439.58744900848984,446.194091796875,8631742
2022-03-16,451.1353661259611,466.35438449360197,448.7635761474495,459.6343078613281,7602106
2022-03-17,467.44143921961984,480.8816219393301,464.4766943619901,471.54266357421875,7937854
2022-03-21,479.2509907540337,488.9358113354025,475.00150527364093,481.8698425292969,7437561
2022-03-22,483.69810630552087,491.9005545181889,477.32389318389806,487.3052062988281,5845218
2022-03-23,492.83940080627065,508.3054493033745,479.8933430549528,504.79718017578125,13325630
2022-03-24,505.6866323833865,523.129177487642,504.7971848474229,515.5197143554688,10208046
2022-03-25,521.4986240252,529.7010726007762,516.8538450936679,523.4257202148438,9882557
2022-03-28,522.9809635286495,526.5386329488774,507.81131735116776,513.69140625,7807323
2022-03-29,515.9150395051694,534.1976339961603,512.5055706311088,528.7622680664062,8356494
2022-03-30,529.7010785911181,530.294003432535,509.83731227110644,513.7408447265625,16990894
2022-03-31,514.877355698268,538.0023896590885,512.3573346389464,526.5880737304688,18778369
2022-04-01,527.7245784567101,531.4799098353338,520.0162539810324,524.611572265625,7134107
2022-04-04,525.0069061035266,544.1789471312158,525.0069061035266,541.0165405273438,7806545
2022-04-05,545.4635917518895,551.2942197882844,537.6564070494353,539.4352416992188,8880806
2022-04-06,533.6540669110176,557.3226250903708,533.6540669110176,554.5555419921875,7073542
2022-04-07,558.3602687899811,559.3485170533262,541.6094486627043,543.437744140625,6844088
2022-04-08,545.9578109696523,562.8074332102617,544.0307146308148,556.1861572265625,6645250
2022-04-11,560.237971238783,571.0098412458218,557.8167509013942,564.4874267578125,6909601
2022-04-12,562.2638433351813,563.8944167263081,539.089410244591,551.6895751953125,6939835
2022-04-13,553.7155116266579,561.0285731896654,543.5365661781718,545.9083862304688,5289646
2022-04-18,543.5365749084748,551.689623532102,536.8658987618709,546.5507202148438,4799385
2022-04-19,552.2825348468585,563.2027267473411,539.2871059745012,547.2424926757812,5597174
2022-04-20,549.4660592703464,556.6308595036377,543.2895073450951,550.4049072265625,4782655
2022-04-21,553.4190432847896,553.4190432847896,517.1997192712278,534.395263671875,14755221
2022-04-22,531.6775582395819,536.2729367269857,526.7363169920022,531.529296875,4747073
2022-04-25,522.7833797167259,523.4257652745368,507.95965439394536,520.0162963867188,6834922
2022-04-26,525.0069284168005,528.2187355082915,516.9032799993064,518.9786376953125,5144109
2022-04-27,515.9150504210028,535.6306175014715,512.4067807647841,533.505859375,6986381
2022-04-28,538.5458608949485,542.6965153387283,529.7504279145078,538.8917236328125,7231399
2022-04-29,540.4730283690459,545.463670303313,531.8258556005022,533.7034912109375,4427011
2022-05-02,525.7974871672544,533.0611482416386,514.1361694856506,526.5880737304688,3966334
2022-05-04,531.3811297664837,533.6540888219622,511.22084006160907,514.2349853515625,4177538
2022-05-05,520.3126978903824,530.0469189184423,515.2726559980856,517.1008911132812,4550796
2022-05-06,506.9713515168351,509.9360962625476,492.1476277882727,497.87945556640625,4617742
2022-05-09,486.7122760672924,496.00180383252405,483.00634503124706,491.1593933105469,4390524
2022-05-10,488.24404439966185,491.65351298545,455.0883270950748,458.8436584472656,6580359
2022-05-11,457.55893551034177,473.7168002799146,453.062418078083,469.072021484375,9760025
2022-05-12,463.4884295625384,466.45317431453753,442.5869850927328,455.6812744140625,7443538
2022-05-13,463.488449410931,475.84155307326927,445.6505797860924,448.2200012207031,8174027
2022-05-16,450.5918046798944,465.66259059369816,446.83644320928545,456.8671569824219,5915386
2022-05-17,462.500191318348,481.42513969627373,461.11664976926994,478.114501953125,6556427
2022-05-18,481.77104431623223,481.77104431623223,466.05790244109176,476.63214111328125,6788982
2022-05-19,464.4766846365471,467.3425985737923,447.2811708541317,455.33538818359375,7409602
2022-05-20,469.4179170184453,476.0391923325985,464.42727543793166,473.1732482910156,4452873
2022-05-23,440.75871677881264,442.24108914466063,379.536726005712,390.9015808105469,29084924
2022-05-24,393.3228050270662,398.75817042316885,379.0920362036042,389.36981201171875,16039787
2022-05-25,392.3345397368013,393.6192503474256,371.2354344017869,376.81903076171875,11445512
2022-05-26,374.49669578396487,392.1369033612798,366.8871720047336,389.61688232421875,12425196
2022-05-27,395.29931550409924,396.88051879790453,384.32975346707167,391.7910461425781,7727787
2022-05-30,396.2875871736425,396.58404961418404,375.8802648385098,382.4027099609375,8629539
2022-05-31,376.6214137429913,388.1839001614566,369.357783080719,373.40960693359375,65903602
2022-06-01,380.42616360727794,381.8591054281053,369.16010979419565,371.77899169921875,10235470
2022-06-02,375.38612519929467,378.3014396076638,368.1224941158243,372.96490478515625,7648378
2022-06-03,376.52255345571484,378.59788064828257,357.647007342551,359.22821044921875,8753176
2022-06-06,356.7576363414628,366.59071899118345,351.0258082643745,365.7507019042969,7039354
2022-06-07,363.67538554500345,367.18365505393814,356.36235393268106,360.95770263671875,5222981
2022-06-08,361.69883323703016,373.06368728682753,361.5011715378051,368.96246337890625,7140120
2022-06-09,365.65187712634156,369.9507633351565,360.90829727044274,365.2071533203125,4095657
2022-06-10,360.710600439493,364.96005572355944,353.19990793280004,363.2306213378906,6431099
2022-06-13,354.7811455625292,357.44942808019874,344.2068765142184,346.3316345214844,5172294
2022-06-14,345.9363055807262,354.48467750854826,342.57626739028797,344.157470703125,5636271
2022-06-15,347.6657252973468,350.7787314389612,343.26803864212695,344.45391845703125,3244368
2022-06-16,348.8022588963692,351.5693421469483,320.09362691662005,322.8113098144531,6334431
2022-06-17,320.19245652218655,334.37382598327616,315.7453390704895,325.33135986328125,6958109
2022-06-20,324.14542537297586,324.98544241563957,304.6275224732311,309.6181640625,6831046
2022-06-21,315.20182382659743,325.4796006521068,310.3593827762901,323.0583801269531,4794355
2022-06-22,320.0936427785462,320.0936427785462,300.6251678774229,303.83697509765625,7723854
2022-06-23,305.8628472993397,312.4346924292329,301.0698370368503,306.208740234375,5882772
2022-06-24,307.8393250023037,314.9547243532534,304.3804561820531,313.8676452636719,5110202
2022-06-27,319.20420716751454,327.01136285901765,317.91949641586734,318.7100830078125,4424275
2022-06-28,319.35242593201485,330.3219878814835,317.3265290198048,329.1360778808594,5277001
2022-06-29,325.38074275948765,337.9315078467416,321.8724734660532,336.6961975097656,7754004
2022-06-30,337.88207167351936,340.84681643255976,321.47714464170696,325.3807373046875,8520881
2022-07-01,322.366586375504,330.6678655191299,318.26533207240107,329.0372619628906,4320099
2022-07-04,324.68893616913124,330.0749009579195,318.21592248038945,328.3948669433594,3565767
2022-07-05,328.3948781806844,335.16438465837484,324.6395469312065,326.7148742675781,3778520
2022-07-06,324.6395470779933,331.1619914985635,316.2394370318352,329.8278503417969,5036395
2022-07-07,334.91731115254345,348.7527860436047,329.679607721647,346.28216552734375,5563114
2022-07-08,351.8163748226954,352.3104989446374,334.27496849375484,339.36444091796875,5508311
2022-07-11,336.9926325638504,357.89407573653557,335.11496703589876,346.8257141113281,7114822
2022-07-12,345.7880596378741,349.04929698648357,339.31504560789244,344.45391845703125,3843969
2022-07-13,344.45393516845155,352.606983697111,343.81157980101284,351.1740417480469,4412006
2022-07-14,350.82816249869126,360.01886004423346,350.6305007660995,356.9058837890625,6237397
2022-07-15,357.7458858241566,358.19060962425624,338.771506335651,341.4397888183594,6558911
2022-07-18,344.94807270444284,348.8516657301576,337.93153358320274,347.3692932128906,5679766
2022-07-19,347.5669195680112,351.8163749547299,342.92214075643614,348.5057373046875,5363422
2022-07-20,354.18816641993146,360.61178003861505,349.93871101268735,352.211669921875,5758941
2022-07-21,351.5693049021282,358.14114954524945,349.54340811103367,357.39996337890625,3848715
2022-07-22,359.722341560653,362.83531733083186,352.5081418291944,355.9670104980469,4798188
2022-07-25,354.78114711962786,367.1342511279714,353.0517125584597,365.80010986328125,4874583
2022-07-26,368.07307047659907,369.3577811299958,355.1270124506889,357.44940185546875,5313553
2022-07-27,356.4611505257226,363.28005731730195,353.2493437610928,362.29180908203125,3143228
2022-07-28,363.7247470482094,374.5460771725772,360.9576640825431,372.7672424316406,5927786
2022-07-29,376.6214407776668,390.012193449871,374.74377500148637,384.4779968261719,6695489
2022-08-01,385.4168264825442,390.16040612952105,382.1061887360977,386.3062438964844,4994897
2022-08-02,384.4285765488942,384.4285765488942,369.90131493449735,379.4873352050781,4388499
2022-08-03,380.96969935356714,384.9226923429686,367.7271788708608,373.2119445800781,4211991
2022-08-04,375.5343390528549,393.32280774483223,374.24962837756726,378.3014221191406,9120232
2022-08-05,381.8591161838125,390.35805713033756,380.62380587643804,388.18389892578125,4557120
2022-08-08,388.3815514447465,394.2122099257417,385.41680677722934,387.5415344238281,3259631
2022-08-10,388.8756640708771,395.1510461302386,383.48969935371406,391.9392395019531,3741687
2022-08-11,396.53460614031474,397.1275611158646,391.6427652907076,393.2239685058594,2593624
2022-08-12,391.5439879646917,404.1441537717064,391.5439879646917,399.59820556640625,5092529
2022-08-16,401.2288227964627,407.80066817254664,394.31108447238574,405.1324157714844,3322782
2022-08-17,405.13241603625795,408.39362347044727,402.2664717443965,405.3300476074219,2574513
2022-08-18,403.6006004754023,416.54665926244155,400.1911619291193,412.64306640625,3285529
2022-08-19,416.34896336325744,416.9419183275313,398.06637127829083,399.202880859375,3966371
2022-08-22,398.95582784269857,398.95582784269857,377.0167047801209,378.6473083496094,3897789
2022-08-23,376.5225768394065,388.8756797540852,372.5695839067093,386.2073974609375,2409943
2022-08-24,386.30628271523244,397.81937022118365,386.1580514911711,392.9769592285156,2826665
2022-08-25,395.0522540519572,405.5770923119841,394.3110678342237,398.21466064453125,5233097
2022-08-26,401.8711266041603,417.1395734377491,400.7840475466753,414.7183532714844,7885103
2022-08-29,405.1323848113976,413.8783577541739,396.78167498048504,411.1606750488281,6510150
2022-08-30,413.08779801821305,429.59155703610736,413.08779801821305,428.2574157714844,5451275
2022-09-01,420.64785034121803,427.8620804688234,417.97959823287823,420.79608154296875,3641109
2022-09-02,419.5113518527789,424.3043615512007,411.1112423339364,413.285400390625,3636829
2022-09-05,412.198347270727,423.46437118409284,412.198347270727,420.6478576660156,2369908
2022-09-06,421.93263306154415,433.64335154786926,418.0290401268055,431.56805419921875,3822180
2022-09-07,427.9114751808818,433.3962406860207,423.2666965275818,427.5655822753906,3701548
2022-09-08,430.08563306183055,431.86446777627964,423.21729593865393,424.4526062011719,1903128
2022-09-09,429.1961663100518,432.16091080722174,418.1772052940252,425.88555908203125,3478191
2022-09-12,427.91149715936626,438.4857656192606,426.92324889802825,436.26220703125,2775392
2022-09-13,437.6951563321562,444.46466306882877,436.01515235477774,442.3399353027344,2564828
2022-09-14,435.66927453314196,462.5002101817697,434.48336449473885,451.7777099609375,4716990
2022-09-15,449.702355973282,454.05067241856034,438.8316251779728,441.1046142578125,3038619
2022-09-16,436.8057402739748,443.7234782421146,423.5632193381815,430.6785888671875,4652607
2022-09-19,432.85274464135995,434.0880549856561,423.6620477433744,426.5773620605469,2707642
2022-09-20,430.39978945479436,441.2714917579862,430.39978945479436,435.61224365234375,2071257
2022-09-21,433.37834502567705,436.8036842710415,427.9176785935093,429.0594482421875,1664497
2022-09-22,426.0809366982227,432.88195512647525,418.9820758334233,431.14447021484375,2550296
2022-09-23,430.69763978979563,434.1229790166918,417.5920586028518,422.7548522949219,2487778
2022-09-26,415.3085288926517,419.9749291136475,392.17517021250774,394.4587097167969,4314013
2022-09-27,398.13225051822843,402.9475718275048,383.33881385310326,395.7494201660156,3195580
2022-09-28,391.18230653178216,402.3518520863064,388.5016034789637,400.8625793457031,7925698
2022-09-29,406.2239319802576,418.98204045687925,406.2239319802576,415.209228515625,6998654
2022-09-30,415.45747517698044,428.4141362389827,414.86176000531003,425.5348815917969,3400438
2022-10-03,425.13774645723703,427.32199501173983,414.31567339881104,416.5992431640625,3216345
2022-10-04,429.90341807984925,437.399412441647,424.04561775017515,436.35693359375,3494559
2022-10-06,438.5411999096835,451.4978608727192,436.85334531939844,449.7603759765625,3200170
2022-10-07,449.7603734810102,449.7603734810102,435.8108640832856,443.1082763671875,3064718
2022-10-10,433.87476365109706,444.6968054717734,430.9955092656811,443.30682373046875,1784305
2022-10-11,443.80326533466507,445.6896713645883,423.05273840684777,425.4851989746094,3590610
2022-10-12,427.6198585292835,431.3926706871369,421.46418574612113,429.45660400390625,3195372
2022-10-13,429.9033975675066,435.86048852687156,425.5348702571719,431.74017333984375,1241456
2022-10-14,438.8390445467011,440.6261597577014,431.3926806686462,432.7330322265625,3756770
2022-10-17,426.924830225803,437.89579339443185,425.9319817834174,436.6051025390625,3151261
2022-10-18,438.7893955670786,441.17222584678393,433.87478349698,434.7683410644531,2378127
2022-10-19,436.9526055537635,444.29967796755085,433.8747693225022,436.6051025390625,3038495
2022-10-20,436.55551715465145,442.46294781507385,432.4848320621645,440.0304870605469,2887362
2022-10-21,440.72542329412016,444.44860500188645,432.83229625325384,434.8179931640625,2446164
2022-10-24,434.81801558300964,437.1511853340424,429.7544821395088,435.21514892578125,361513
2022-10-25,435.2151485203169,452.7389185855263,433.87479697779605,448.02288818359375,5775004
2022-10-27,451.0510933582967,467.6316766016999,451.0510933582967,466.0927734375,5530234
2022-10-28,465.84453098042326,466.0430825019583,444.7961305404718,450.6539306640625,3269810
2022-10-31,453.831037581866,457.7031405198905,443.058625720176,456.5613708496094,2260943
2022-11-01,451.100729897442,464.4545242755964,451.100729897442,461.674560546875,2103928
2022-11-02,461.6745730168378,473.4894646320258,461.029227523025,466.6884460449219,3307547
2022-11-03,461.47595481102087,470.9080152366709,460.1852639251378,465.49700927734375,2314376
2022-11-04,467.63165459485015,477.8579822677434,466.78772728996114,473.9362487792969,3810254
2022-11-07,478.55297247580614,493.2471180171565,472.1987481957447,490.51678466796875,4952724
2022-11-09,493.4457137784091,494.7364047329457,474.78017374716796,477.808349609375,3231177
2022-11-10,472.89374427371075,476.51766565958894,468.0784531268485,471.4541320800781,2578001
2022-11-11,472.59589765203043,498.9063835507254,472.59589765203043,495.3321228027344,8288340
2022-11-14,498.40996810436,513.3026962349684,497.7646226119003,511.416259765625,5697689
2022-11-15,510.32413075418395,521.7418885434313,508.1398519269431,520.30224609375,3041035
2022-11-16,522.1887332024909,522.1887332024909,507.3952648254947,510.7213439941406,3099871
2022-11-17,508.3384227780476,515.6855257842265,503.57276218423584,511.0687561035156,2917574
2022-11-18,511.21770830805724,516.2812113335949,506.45201740845613,514.0473022460938,2955341
2022-11-21,518.2669414213758,522.734759881905,508.5370377826235,512.8062744140625,3718235
2022-11-22,513.3026750275175,521.1462024250435,510.57234164971146,519.6072387695312,3041780
2022-11-23,523.3801678015889,528.1954593095861,517.0755427833345,521.741943359375,4968549
2022-11-24,522.9333067156189,525.216846100672,515.2883612972566,518.2669067382812,1782095
2022-11-25,520.8980036745556,520.8980036745556,513.7991124705211,517.0755004882812,1747230
2022-11-28,514.0969234028602,516.4797839599265,502.2324024177328,503.57275390625,2593511
2022-11-29,503.82096183268914,514.2955009386377,503.82096183268914,511.31695556640625,2267533
2022-11-30,513.3026698936217,535.6417609431506,511.3169729114413,531.9185791015625,9585497
2022-12-01,536.1381645641884,562.8458121865724,533.8546252422583,560.4629516601562,8938555
2022-12-02,560.413330078125,566.7178936126631,556.4915665084226,560.413330078125,4132768
2022-12-05,567.2143259379698,569.3986047192233,562.0018714047947,565.2782592773438,2829575
2022-12-06,559.9664978833976,565.4271640861613,557.4843768821414,563.4414672851562,2722675
2022-12-07,565.7250563809018,566.0228988075894,555.3497775608681,556.8390502929688,1984033
2022-12-08,559.3709050315656,562.0019173661868,554.009498548085,555.8959350585938,3328093
2022-12-09,561.9522181269945,562.4982726503188,535.9892071313099,541.8966674804688,6294136
2022-12-12,538.0742570236632,552.6691421023179,533.3582266457803,550.48486328125,2457350
2022-12-13,551.0309311869838,554.5059010232982,544.775997601351,547.953125,1804401
2022-12-14,550.5841682817036,558.9241205986608,550.0381136820778,556.541259765625,2154134
2022-12-15,556.9383574107552,561.9522300289135,536.7835457326306,538.3224487304688,2683159
2022-12-16,534.2517349422844,545.4212801769893,531.3725107520906,539.0174560546875,2283728
2022-12-19,539.0174291009369,549.93876167319,538.6698957962611,548.6480102539062,2461987
2022-12-20,543.187376239584,545.8680792408616,532.9610490704583,542.1448974609375,1902685
2022-12-21,546.1163289406335,557.2858750490402,537.4289041896504,543.683837890625,3475867
2022-12-22,544.8256340205918,548.9956099906875,533.4078758588846,535.9892578125,2300268
2022-12-23,531.174029825622,535.1454244411407,518.2669973251863,520.550537109375,2296625
2022-12-26,521.4936661077023,533.1596357921678,519.8058115655366,524.5714721679688,2918642
2022-12-27,531.2235871210764,574.5118188393991,528.1954112627055,571.8311157226562,15063600
2022-12-28,568.7035964175467,579.7738811933081,564.4343600793351,574.0650024414062,8477148
2022-12-29,567.9092970004898,593.6737256537227,566.0228607605003,585.1351928710938,5659082
2022-12-30,591.9362879027772,592.2341303330863,572.575742150061,576.4478149414062,3524630
2023-01-02,580.8163273475466,597.5954899326058,580.3199031361384,590.3973388671875,6413541
2023-01-03,588.7591816863121,600.5741035009337,588.7591816863121,594.2198486328125,4003746
2023-01-04,593.6241420857368,594.8155118061966,577.4406630650865,581.3624267578125,3627787
2023-01-05,584.7877880943241,591.2413035826316,575.95141187856,589.3052368164062,3141675
2023-01-06,591.2412994696106,595.4112754143182,584.7877840261975,586.8727416992188,2529412
2023-01-09,592.7305893281405,603.0562385743286,590.7448922114633,597.2976684570312,2609482
2023-01-10,597.5458415253756,604.0490476362071,589.7023747865552,594.7162475585938,2497380
2023-01-11,598.6876246277452,606.2332487252141,596.7019276969733,600.07763671875,2858119
2023-01-12,601.6662284032377,602.5101254412342,593.8723914331906,598.3402099609375,1745157
2023-01-13,600.5741307548201,608.4175981838011,598.3402214480594,605.6376342773438,2207887
2023-01-16,605.637636710467,607.5737035705047,581.3128463835712,585.2842407226562,3149496
2023-01-17,585.7806238973614,587.4684784927307,574.9089205374995,581.6602783203125,2648883
2023-01-18,584.7381441402864,599.1840778918483,583.5467138043643,596.7515869140625,4079261
2023-01-19,593.6737955084423,602.3612202172828,592.0355711810232,600.5244140625,2226506
2023-01-20,599.4819115630665,604.6447358774838,593.3262387496715,596.8012084960938,1255170
2023-01-23,597.6947405465249,605.3396853941771,597.2975769445725,599.5811767578125,1682585
2023-01-24,600.7725898971416,602.4108141255758,592.5319596481187,594.4183959960938,1364272
2023-01-25,593.7234190268945,598.6876616608986,585.8798914257019,591.0923461914062,1796224
2023-01-27,591.7376838500454,595.709077701388,571.9799752001516,583.94384765625,2095603
2023-01-30,583.7949350320895,592.6313111793542,560.9097885591531,570.7389526367188,1897614
2023-01-31,573.6182604420533,586.773503974476,572.8736240156898,579.3767700195312,1637320
2023-02-01,575.8521160058312,618.2963883493645,573.2707342080284,603.9000854492188,7178955
2023-02-02,602.6590207054647,606.5807842778931,565.3775728128572,570.9375,4192268
2023-02-03,573.8664454672664,580.717124505563,565.4768633402699,578.4832153320312,2797927
2023-02-06,577.8378403736315,577.8378403736315,550.7827181224606,552.86767578125,3160759
2023-02-07,552.8676208395777,567.4128744952358,546.4141060815392,566.1718139648438,2441129
2023-02-08,566.2711382651935,591.4895153189287,566.2711382651935,588.957763671875,2811414
2023-02-09,590.8938365237209,595.063751938922,584.9367452463865,592.7802124023438,1636859
2023-02-10,590.4470164358728,591.29091342336,571.3346827666519,577.142822265625,2931980
2023-02-13,573.8664232773822,590.4470050662017,573.8664232773822,580.7171020507812,1963849
2023-02-14,583.7949421716114,588.7591848771523,576.0507356707008,585.4331665039062,1262160
2023-02-15,581.8092327207451,592.2341421807585,578.3342629007407,583.3977661132812,1435993
2023-02-16,588.4116540510356,598.9358233085811,585.7805814373193,597.3472900390625,1632298
2023-02-17,596.6026330710158,604.4957294418331,582.156640244446,585.8798217773438,2076033
2023-02-20,586.6741832655779,595.709080073901,580.568140955356,590.5958862304688,1420192
2023-02-21,594.7162752790213,603.5526515217986,581.8588745702007,585.0856323242188,2143558
2023-02-22,584.7878168823935,586.326720070245,565.0301057907026,569.1504516601562,1522960
2023-02-23,572.1289399813105,582.3056369614553,568.9021824022402,576.4974975585938,1725412
2023-02-24,579.4263888529724,581.2631950274927,554.555544824718,556.2930297851562,2316474
2023-02-27,555.0022744904047,555.0022744904047,540.1095479835066,549.2933959960938,2250348
2023-02-28,551.0309089937168,552.9173453540611,541.7477999014858,545.2723999023438,5758384
2023-03-01,548.4495396846277,570.5404189725618,548.4495396846277,568.3561401367188,2725782
2023-03-02,562.9450758762806,577.6392209399153,562.9450758762806,572.3771362304688,2845459
2023-03-03,575.2563905519521,587.2698320225013,570.9870939281457,584.8373413085938,2424735
2023-03-06,586.1777719992273,586.1777719992273,573.0721598279553,577.5399780273438,2431647
2023-03-08,570.8878871411737,574.7103296243058,557.0872687603826,570.8382568359375,2052190
2023-03-09,573.7174512569726,585.3834205173051,572.5260815986753,573.8167724609375,1813203
2023-03-10,564.9308068047158,574.7600313734728,560.2644066498648,572.1785888671875,2026025
2023-03-13,575.8521744277344,584.5892297820768,567.5619130525955,571.2850952148438,1982153
2023-03-14,571.8807820963265,574.71037630994,560.1155506624578,567.0654907226562,1874599
2023-03-15,571.38432873114,584.1424080958359,571.38432873114,576.0010986328125,1873120
2023-03-16,569.8950470914274,570.2922107365317,546.0666827531098,549.740234375,4208636
2023-03-17,556.938390030266,570.8382693256532,556.094432428133,567.958984375,3567733
2023-03-20,565.8739773495253,566.9660863879856,545.073790527514,554.5554809570312,2873875
2023-03-21,558.5269373982719,560.6615860115072,548.300609494833,555.2505493164062,1948525
2023-03-22,558.030492265598,561.2572499192806,551.92451029552,553.2648315429688,1271221
2023-03-23,550.5344460857044,562.6472088677365,548.250906851068,553.2151489257812,2281129
2023-03-24,553.9598701949901,553.9598701949901,528.1954377561368,530.2803955078125,3643046
2023-03-27,526.8054256317074,539.6131963908468,526.8054256317074,535.5425415039062,2991845
2023-03-28,538.3224581495177,540.7052581430897,532.0178339402852,533.7056884765625,1355558
2023-03-29,534.1525402978345,545.2724566022072,529.5854610328968,542.4924926757812,1402975
2023-03-31,546.9602845317177,550.8323574757308,540.6556599480568,542.2938842773438,2745899
2023-04-03,543.9817180782907,547.0595241927226,535.2446027882964,540.3081665039062,1182300
2023-04-05,538.1239121003846,543.8824215492532,533.3582511978266,539.4642333984375,2021436
2023-04-06,537.1310825044397,544.0810225738132,535.8900217777659,540.407470703125,1365725
2023-04-10,544.7759847835357,554.5058879765518,544.1306090182247,545.5702514648438,4240150
2023-04-11,549.7401722315617,559.867238050301,548.8962147307833,558.8743896484375,1915083
2023-04-12,560.9097276825838,563.5904305395837,553.6122554274917,555.3001098632812,1472367
2023-04-13,555.3001642548704,557.2858612917902,551.626612616836,556.392333984375,1395446
2023-04-17,555.9951616203715,562.9451011406261,553.3144585428263,556.4419555664062,1355214
2023-04-18,559.4701239643955,564.4343664130593,557.3354754720051,562.4486694335938,1278845
2023-04-19,565.9237124197207,585.2842604761847,562.4983725669198,575.7032470703125,4824485
2023-04-20,575.7031678872661,584.7877557344909,574.66068910119,580.3695678710938,1240024
2023-04-21,580.2703408479236,582.7028318886663,561.902642872953,568.9518432617188,2315012
2023-04-24,568.9022099469737,575.3557254175763,564.9308158112182,572.4764404296875,1065300
2023-04-25,571.9799975069257,576.9442400147055,569.8950398931236,571.5332641601562,926966
2023-04-26,570.1432432137449,570.788618969255,559.1722795607096,566.32080078125,1535100
2023-04-27,566.3208242555609,576.7457337930241,563.3422786734285,575.3060913085938,1408423
2023-04-28,577.68885319846,581.0149319043389,573.8664108603941,578.6817016601562,1733781
2023-05-02,582.802046641877,593.0780039743777,578.2349679604681,588.5109252929688,2060182
2023-05-03,589.7520313425806,590.5462980529385,576.2493154704996,584.390625,1376005
2023-05-04,584.8373431403749,596.3544210427615,584.4402401360112,590.79443359375,1392236
2023-05-05,589.7520044465333,591.9859135542853,577.8378225385225,578.929931640625,1511288
2023-05-08,582.8020815983077,592.7305668044119,575.9514025666301,588.659912109375,1402955
2023-05-09,588.759163997558,600.1769218153859,582.1070668883082,583.4474487304688,1744202
2023-05-10,585.7806310372355,586.7734795644172,576.3485700290088,580.5681762695312,955848
2023-05-11,582.3056566515314,584.6885173376531,574.95855336821,577.7882080078125,1123419
2023-05-12,573.221011781642,578.6320477973035,568.9021453885744,570.0439453125,1255035
2023-05-15,570.0439727370635,573.7671544959524,560.0657971443125,570.9375,1142120
2023-05-16,574.8592921882628,576.6464074017576,554.4562672536454,556.392333984375,2894930
2023-05-17,544.0809307167783,545.917676042691,526.5075016742602,528.2946166992188,8830826
2023-05-18,528.6918010504315,535.3935281060004,517.8200983738878,520.1036376953125,4000851
2023-05-19,521.245505609182,522.9333603185073,511.71418346036717,518.6641235351562,3150698
2023-05-22,513.4019904494149,524.0254826642389,512.3098812211633,521.3944702148438,2039749
2023-05-23,521.5928788017604,524.9685875759907,516.281164140927,517.1250610351562,1955175
2023-05-24,515.2883941376817,516.7776669531086,505.11169656559844,506.5016784667969,1987757
2023-05-25,503.9699102773467,510.3241346883074,499.4028010665732,506.9484558105469,1811459
2023-05-26,507.3456133625886,518.7633717846429,504.61527982687994,516.6287231445312,2569828
2023-05-29,521.3446687604657,530.3299952276781,519.5079234664113,527.9967651367188,2046489
2023-05-30,528.195375080774,531.868926463286,517.9690481716866,519.0611572265625,1953558
2023-05-31,516.0825936218329,521.3943689974135,508.48733961180307,513.5508422851562,3897562
2023-06-01,516.2812022554936,517.1747901142464,504.3173903614206,506.20379638671875,2436623
2023-06-02,510.7708840412814,522.8339560382857,508.58660538791685,521.5928955078125,3652493
2023-06-05,526.1104232047853,526.2096838113231,514.3451325943356,522.1886596679688,3161259
2023-06-06,521.2454538697084,524.4225811368372,516.8272659981279,519.3093872070312,2673151
2023-06-07,521.2454593977834,529.4860897790062,518.515126039033,527.698974609375,4463947
2023-06-08,531.0747344102738,538.1239351515742,525.2665338063554,526.3587036132812,6076512
2023-06-09,528.1954215304814,529.1882700671929,516.7776633583,520.2030029296875,2929898
2023-06-12,522.2383157082418,525.7132854895704,517.8697580293916,522.0397338867188,1935905
2023-06-13,524.2239728152539,533.1099784135777,522.2382759485295,529.2874755859375,2492673
2023-06-14,534.1525048011841,541.549238409335,530.4293228439268,536.73388671875,3925283
2023-06-15,538.6203261451523,540.3081807615613,530.3796954869963,533.2092895507812,2271029
2023-06-16,536.634614929522,544.0313483836208,534.946760357652,540.3081665039062,2498994
2023-06-19,554.0094194935134,576.9938847030035,553.4633649811278,570.3914184570312,8045417
2023-06-20,570.3914433573433,600.1768973185623,567.1646858448779,589.9009399414062,9508590
2023-06-21,590.2484206695688,590.9434267244882,577.7385540756667,579.3270874023438,2792440
2023-06-22,578.5824692781341,582.5538633186533,569.4482508652072,579.9227905273438,3184252
2023-06-23,573.8663865962778,577.2420954627781,563.044314581902,564.7817993164062,1927779
2023-06-26,565.1293483546274,567.8100512822199,559.0729364665611,563.6400756835938,1570497
2023-06-27,569.2993652863338,578.9299474459698,567.9093531196521,577.7882080078125,2788196
2023-06-28,583.2488469849305,583.7949015247877,570.8878713890356,571.97998046875,3170209
2023-06-30,571.9800407463525,578.7314595462444,571.3843558398529,576.8946533203125,1952542
2023-07-03,579.8234707951823,594.2197727241722,576.9938770692922,590.79443359375,2585602
2023-07-04,593.773054360391,609.8075824434388,586.7734843069197,604.7440185546875,3730616
2023-07-05,610.5522184235364,631.4516679554742,606.084400018191,620.182861328125,7048198
2023-07-06,618.3956756876781,618.3956756876781,603.4036872934441,609.0133056640625,4171562
2023-07-07,604.5951209852643,610.3039999999236,598.091975270907,605.836181640625,2427780
2023-07-10,606.6304654653162,628.9695578924351,605.1411926368417,621.8706665039062,3732186
2023-07-11,625.3952400964065,629.4658943535514,620.5302586292897,622.01953125,3174731
2023-07-12,627.4306030729616,629.4659303178216,612.5875063187634,617.25390625,8106836
2023-07-13,627.4803228452027,632.4445659056869,617.4525761024927,629.0192260742188,4206123
2023-07-14,636.4158508192658,640.3872445841286,629.4659117307558,637.0115356445312,3141648
2023-07-17,637.8058919193847,645.8479404199686,630.0616252463337,633.3380737304688,2360840
2023-07-18,633.4373801988893,635.8202409782892,621.4735671910418,629.5652465820312,3150574
2023-07-19,632.4445412560187,638.9973176009938,629.9127895135814,635.4727172851562,1669578
2023-07-20,637.458330955988,638.2525975909645,631.5508705981117,632.7919311523438,1074533
2023-07-21,631.8984142589266,635.8201777942448,622.5159841955768,623.6080932617188,2470457
2023-07-24,626.4377760954602,628.6220549253072,620.530315373373,624.8491821289062,997795
2023-07-25,631.1538045864318,663.1731687630104,629.1184772778857,659.9464111328125,4624289
2023-07-26,663.2227425019848,663.2227425019848,647.535749634394,652.8970947265625,3382159
2023-07-27,656.8189057541238,661.038511832219,651.9539845173998,655.0814208984375,1613361
2023-07-28,655.0814473480327,662.5774416226338,641.4297800735833,660.5421142578125,1822173
2023-07-31,660.9392923019033,669.378504982613,657.7621648200204,663.9674682617188,3576640
2023-08-01,665.208489890544,670.7187869034868,663.222792905796,666.6481323242188,1671929
2023-08-02,665.109272060777,665.1589023688554,631.5013120730482,639.3944702148438,2217769
2023-08-03,642.3729937263861,645.3019089859844,633.8345206767532,641.975830078125,1198816
2023-08-04,643.3658265036207,659.5492448962477,642.9190325599272,648.0322265625,1791378
2023-08-07,653.1453330039544,655.2799814253345,645.0536544410046,652.7482299804688,1173349
2023-08-08,650.6136084597637,660.2442510077294,650.5639781546085,653.2943115234375,1698850
2023-08-09,654.783567514932,676.0801793665753,653.3439251102919,674.094482421875,4279101
2023-08-10,672.7044918481166,677.8176858838102,668.1870432740942,671.5130615234375,1931514
2023-08-11,670.6691746415802,694.9939633591505,659.3010469783297,693.2068481445312,4115696
2023-08-14,685.0654617603341,686.2568920744325,653.4432614243404,657.513916015625,4487444
2023-08-16,657.5138827542883,657.5635130568103,637.4087017414165,643.316162109375,1988425
2023-08-17,643.3162098916092,648.8265070513484,635.9691066128473,640.5858764648438,1552598
2023-08-18,643.3246894127797,644.469979016604,634.8094511784753,638.444580078125,1506231
2023-08-21,644.3703912432104,652.3378767609007,640.7850470750859,650.9435424804688,1537449
2023-08-22,652.3378661993183,656.0228403490072,646.6112360761945,653.1843872070312,1267288
2023-08-23,655.3256909835533,663.0939772906818,651.3419481812216,658.0645141601562,1270336
2023-08-24,663.791158910127,666.4304128890477,644.3704123253596,646.4618530273438,2462684
2023-08-25,643.3247008675507,643.3247008675507,630.4273209281115,631.8216552734375,1949633
2023-08-28,635.3073904958208,657.7657277777839,633.514657653693,653.1843872070312,2826926
2023-08-29,657.317590119362,676.937536406101,655.3257186341518,673.5513305664062,3200989
2023-08-30,677.2362562614044,680.7220311098088,669.0695716020108,670.8622436523438,1649655
2023-08-31,672.3561972585624,686.1001591717701,670.5635250746507,681.718017578125,2742132
2023-09-01,684.9547711281676,710.7993144535624,683.7098515150666,698.25048828125,3821673
2023-09-04,704.1265453299519,708.110288160673,699.1468667915506,704.3257446289062,2637822
2023-09-05,702.1346891010165,713.7871492903244,692.2749010668886,709.6539916992188,2407991
2023-09-06,707.761778232944,708.1103314370974,694.1672306774359,699.5950927734375,1685851
2023-09-07,699.5453030828284,704.8735350911805,696.1093125487728,700.6408081054688,1239661
2023-09-08,701.03912914593,704.2260745998788,692.6732453615946,695.4618530273438,1515441
2023-09-11,704.8237633830621,716.5260087934073,698.1509815022972,710.6499633789062,2667702
2023-09-12,716.3267778864864,716.3267778864864,681.0208438992785,683.0625,2141183
2023-09-13,685.2535225042964,693.6691910353665,677.2362525542702,688.98828125,1295559
2023-09-14,695.0137312997233,713.5879571510105,692.4741073221313,708.1600952148438,2396980
2023-09-15,714.4344558851772,719.8623176516985,705.86943311042,708.5584716796875,2256202
2023-09-18,706.1184408937821,706.1184408937821,697.3542185238873,699.2464599609375,1227630
2023-09-20,697.1550415197634,700.491402046484,681.2200691421688,686.1499633789062,1963443
2023-09-21,685.2037304036221,688.2911066182218,675.2443738570579,686.2494506835938,1374769
2023-09-22,683.3114558511057,690.1834364596966,676.0411374368705,680.4232788085938,1966991
2023-09-25,684.2078268104646,696.0594859710718,680.0248847074802,692.37451171875,1127597
2023-09-26,690.1833871053315,703.5787333992085,688.2413004820334,690.8805541992188,1267372
2023-09-27,690.233216791334,694.4659434676665,679.3277088443066,689.9344482421875,1491241
2023-09-28,687.9425874306154,694.1671855796437,677.2362786142866,679.0787353515625,1403765
2023-09-29,683.5106311610708,702.8318072759627,683.5106311610708,698.4994506835938,1418848
2023-10-03,695.2129445058308,698.8481343415065,687.1956738022237,696.7068481445312,1378867
2023-10-04,688.4903338844097,691.9761088173568,669.7169703460875,676.0411376953125,2373015
2023-10-05,679.2779740947459,682.066582070024,672.2566391323381,675.0950317382812,957466
2023-10-06,685.1539516955975,695.1630929539202,678.5807398458429,680.6722412109375,3259891
2023-10-09,675.1946272786745,677.2362833283489,660.8531287286492,673.80029296875,1118794
2023-10-10,677.2861106917674,695.611353241184,675.045255201126,690.3826904296875,1882578
2023-10-11,695.4121364517154,698.648927634627,687.6438497701461,689.7352905273438,1677423
2023-10-12,689.386700758033,696.6570191796159,685.3033279331889,688.8887329101562,1231595
2023-10-13,682.2159384421715,684.9049769262957,672.2565816765923,678.7301635742188,1497291
2023-10-16,677.236272272297,694.4161630027339,673.9496966378055,689.0380859375,1436740
2023-10-17,694.0177392154836,698.8978482562982,688.1915399288949,690.0339965820312,873111
2023-10-18,691.1793503008892,702.8318097184228,679.3775370061202,680.6722412109375,2257558
2023-10-19,676.2403345630787,676.2403345630787,663.9405530872609,672.256591796875,1947640
2023-10-20,669.2687830065747,672.1071754053826,657.9150918371628,659.7078247070312,1425240
2023-10-23,659.8074179522202,661.3013215400366,634.4608415881844,637.5482788085938,1313725
2023-10-25,647.3581882438674,659.209847081937,643.6234294655374,648.8023071289062,2490628
2023-10-26,645.3663673526391,646.0137499063337,635.4070098317651,642.4283447265625,2320101
2023-10-27,647.4079880877083,652.3378819484006,637.9465989602123,641.2830200195312,1452775
2023-10-30,642.3785465392931,646.3622894635678,638.5940029186507,641.0340576171875,1093581
2023-10-31,643.5736253241397,645.7148504865335,625.9455522675408,631.2239990234375,2027458
2023-11-01,608.5167242382446,616.1356568025457,579.2361897882123,582.6721801757812,12209864
2023-11-02,586.6061581004161,590.589901109587,581.726048599344,587.1041259765625,2721333
2023-11-03,592.5816970206379,599.0054939608839,589.4444754862823,594.4739990234375,1769085
2023-11-06,599.6528596060493,624.35211355251,594.8225957843365,619.6712036132812,5492143
2023-11-07,619.9699542122538,630.9252465758439,617.4801150387107,627.7880249023438,3715097
2023-11-08,628.4354555636778,630.5767417318623,621.2647060369112,626.244384765625,1694691
2023-11-09,627.2403197597074,630.9750788017672,619.8704317222991,622.1610717773438,1657746
2023-11-10,621.0156845288207,635.2575526738855,619.0735977847004,634.3114624023438,1839288
2023-11-13,633.415076536474,641.7311149403172,631.1244366875491,634.1122436523438,1149105
2023-11-15,644.5695951459793,655.5248878111124,639.9882544683055,645.6651000976562,2491752
2023-11-16,645.4658857120652,648.4039081064517,639.8886702550283,644.569580078125,857041
2023-11-17,646.2627036026672,652.3378870912761,643.3744657419304,644.469970703125,1575247
2023-11-20,647.3581958766421,651.6407071688695,645.3663245047139,647.1589965820312,939835
2023-11-21,653.732206291989,657.815518275304,650.0472321094103,651.9893188476562,1260954
2023-11-22,653.1346021399088,653.3338014319096,646.8602195579654,648.95166015625,778796
2023-11-23,649.8480669968765,654.8775303005065,644.5696197595313,649.0513305664062,1468486
2023-11-24,651.3419502318052,658.7118987541575,649.599062750298,657.6163330078125,1526716
2023-11-28,659.309398190094,667.3266679895197,652.8358164858106,665.6834106445312,2568165
2023-11-29,666.4303615314549,669.667152379477,659.458812012638,665.832763671875,1272051
2023-11-30,665.4842608740469,672.0076276886336,662.8947915274077,668.0736694335938,1865635
2023-12-01,675.2444193437883,690.4822237290837,668.3226539202351,689.38671875,2180409
2023-12-04,692.1752952077505,696.1590379139823,675.6925719181351,678.7301635742188,2037749
2023-12-05,677.7342449350906,681.17023526301,671.5594314277862,675.1448364257812,3878993
2023-12-06,677.2362754202082,688.689535960403,671.6092144051892,684.0584106445312,2255716
2023-12-07,685.104205356889,689.3369321622804,676.738321003161,681.2200317382812,1730038
2023-12-08,681.2200211321721,694.6153685004496,673.6509341010956,683.4608764648438,2131802
2023-12-11,684.4568384917693,725.0412199665451,682.2159830729167,716.3267822265625,6574569
2023-12-12,722.0533795041025,749.9395789883988,721.6549809109191,744.8104858398438,9128866
2023-12-13,748.9436699989168,752.8776282952924,738.9843126851014,743.5158081054688,3476358
2023-12-14,756.8115363001702,764.7790216217687,729.0746915521022,732.3612670898438,4246726
2023-12-15,736.9924447511369,742.4203066705741,718.8664021957849,721.4558715820312,2971250
2023-12-18,718.0696568260123,736.843020903922,705.3714763481598,731.8633422851562,2612438
2023-12-19,733.8551577864845,734.6519549344164,719.2647370180719,726.4354858398438,1688901
2023-12-20,729.0249643462107,730.9172665739687,689.934486408248,694.7149658203125,2151830
2023-12-21,689.1875348755347,707.1143782682509,682.2657692970394,703.180419921875,1459098
2023-12-22,707.2637979510457,727.5310661708793,704.3257753279128,723.44775390625,2392981
2023-12-26,732.0127611737119,736.1459187659244,724.0452753378075,726.7343139648438,1645139
2023-12-27,727.4812266313929,734.851114160929,724.0452363920595,730.718017578125,1180034
2023-12-28,734.3531744836406,738.7851005688452,729.3734959130942,733.3572387695312,2446647
2023-12-29,734.8013832232942,746.9518115146852,729.3735212355353,745.0595092773438,2288552
2024-01-01,748.9436822706654,750.4375858922159,738.1378037229541,740.9761962890625,1153090
2024-01-02,740.9761797823676,744.8105080107592,727.0330796251725,740.179443359375,844656
2024-01-03,737.988323274206,737.988323274206,720.5096646172345,729.02490234375,1578330
2024-01-04,731.9131607483789,748.5452380929075,729.9710740011591,741.9223022460938,1762967
2024-01-05,741.972048179738,752.4293723487141,727.0827982769687,732.7596435546875,1749327
2024-01-08,735.9467388807822,737.341012466598,712.2932646813372,714.2353515625,1313588
2024-01-09,720.8085118310631,733.0087249846804,719.1651934996154,725.1408081054688,1249816
2024-01-10,723.0493132334238,730.0208630855367,710.8491009922262,728.0289916992188,1049880
2024-01-11,731.7637233477947,736.6936170030981,727.0330289811366,729.4730834960938,969483
2024-01-12,732.0127521919658,738.7851029119696,726.1367071452478,732.9091186523438,999941
2024-01-15,735.2992909183207,736.6936251672022,723.1987090343907,732.0625,842890
2024-01-16,732.6600903410758,753.8735076764318,726.0370939076046,746.7027587890625,2676909
2024-01-17,736.9426502573883,736.9426502573883,715.0818489840913,719.1651611328125,2797056
2024-01-18,719.0656034207503,725.2404171587904,698.2505221647859,716.7749633789062,1775563
2024-01-19,722.0533452705852,730.0208304597778,718.1193873010037,726.2860717773438,1551868
2024-01-23,733.008700529806,735.000571998637,689.1875282155241,691.8267822265625,1346480
2024-01-24,693.51980981696,708.6580448203657,685.0045716235104,703.4293823242188,2874944
2024-01-25,709.9527425725298,716.5757393216807,697.5035462674276,713.3887329101562,1861827
2024-01-29,720.0615274466516,730.8674057221274,712.0940416657758,727.780029296875,2034288
2024-01-30,728.0787860602112,757.8572879986127,728.0787860602112,743.167236328125,3228263
2024-01-31,744.9599177631605,760.4467060351767,743.9639820442258,754.07275390625,1920453
2024-02-01,763.6337212060109,765.8745765991814,729.8714756340706,739.4324951171875,3539486
2024-02-02,743.9639940556792,779.0209440856011,743.1672576250864,772.8461303710938,5419790
2024-02-05,778.7221130673619,778.7221130673619,754.9690112200637,759.9984741210938,3291771
2024-02-06,764.8786002791898,781.6600921293335,748.0472630155019,778.0249633789062,2564978
2024-02-07,785.8430573522129,801.1804915529228,773.4436456442023,777.4772338867188,3673374
2024-02-08,781.610307076987,791.7688631388277,766.9202558426502,773.792236328125,2204316
2024-02-09,772.3481707127924,773.7922897013311,738.8349085585152,758.3552856445312,1878921
2024-02-12,758.3552688441133,767.7668735889496,734.3531814346337,740.4782104492188,1413841
2024-02-13,739.9801936336324,739.9801936336324,705.8196127336698,733.556396484375,2298299
2024-02-14,717.0736938203265,757.5585037654351,717.0736938203265,755.0686645507812,2320373
2024-02-15,759.8989561090073,770.8044644255261,752.4294381918152,762.0900268554688,2095811
2024-02-16,765.8745907194201,776.4314853403768,763.0361981505771,766.37255859375,1192225
2024-02-19,768.862324630476,770.8044113125432,753.9730744507453,755.9151611328125,1242531
2024-02-20,759.8989399157072,764.8786184210526,749.9395829050164,756.9111328125,1719670
2024-02-21,769.8583445620088,781.8095737143298,758.7536364931393,768.3644409179688,3824236
2024-02-22,774.4395872127936,784.2993751003202,771.0534422560443,780.5148315429688,3526557
2024-02-23,788.2831657268833,792.5656774009558,780.9132166787805,783.353271484375,3093797
2024-02-26,783.9009323774247,784.1499162920138,764.8785856176544,768.1651611328125,1209173
2024-02-27,771.2525757354416,781.8094690924282,765.6752997384538,772.9456176757812,1359840
2024-02-28,774.8877411960609,778.2241621856775,749.7901499826598,752.180419921875,973881
2024-02-29,754.9690507435856,776.4314530779775,752.8776100731415,773.0950927734375,2501678
2024-03-01,777.3278231829607,821.646962365077,772.2983599949928,819.5056762695312,5256259
2024-03-04,834.4447353868221,846.0474110718623,822.6429211834705,836.0382690429688,2856051
2024-03-05,836.0382173033526,837.1337222346427,818.659127559662,821.0991821289062,1537610
2024-03-06,823.3400716213855,830.5606055891051,798.1429100707619,826.7760620117188,2246235
2024-03-07,829.614412837432,847.5412548915422,828.8176764591117,835.5900268554688,2176087
2024-03-11,841.5656946217391,841.5656946217391,820.2526456147064,824.3858032226562,1424721
2024-03-12,824.3857574884988,829.514850545184,797.395924928749,803.8695068359375,1646471
2024-03-13,804.2181222496941,811.3888718438905,757.1103731905056,761.0941162109375,2175250
2024-03-14,761.841046462832,781.7099763722513,753.425377412962,778.42333984375,2278644
2024-03-15,776.8298510766037,779.9172274519434,757.8075033971286,764.629638671875,2415351
2024-03-18,764.6296515889687,807.6043023656279,764.6296515889687,804.716064453125,4040803
2024-03-19,802.7242177663676,813.7292956912296,787.3867828391204,791.02197265625,2528299
2024-03-20,795.6530729209323,800.1347836716238,771.8004002126114,779.1702880859375,1272564
2024-03-21,794.8562338819694,820.0534549616835,774.937520482726,818.2109375,3440279
2024-03-22,815.6215770082046,832.4030697185042,810.0941458724772,829.514892578125,2059744
2024-03-26,839.4742702642052,864.1734647737034,831.8553374412259,833.7974243164062,3545906
2024-03-27,837.5819670449708,840.470205039274,823.5890818932555,829.7140502929688,1467887
2024-03-28,832.6520579560637,850.5291165324011,832.6022733268001,845.6988525390625,1751216
2024-04-01,854.5128295782554,869.9498329097972,851.6744371514857,864.8207397460938,2179459
2024-04-02,871.4437444240517,896.3421371218818,853.8156702365698,893.2547607421875,4087436
2024-04-03,889.0718331923891,913.1734898765761,885.6856274151135,898.732421875,3171054
2024-04-04,904.8076212159519,911.2812035361541,894.9478330595757,899.6785278320312,1634219
2024-04-05,898.8319287415967,917.7547061887883,884.4406463677624,912.028076171875,3185781
2024-04-08,912.3767103193248,920.3940416842962,899.9773589422371,907.84521484375,1660694
2024-04-09,908.392948902391,923.2324154943212,895.3462152420656,898.8817749023438,2510871
2024-04-10,907.2974050931365,907.3471897197521,888.0260739869492,894.1012573242188,7432694
2024-04-12,897.2883053960043,904.210070856057,887.5779320577766,893.902099609375,1101942
2024-04-15,888.9224186842008,909.28931640625,872.4894792310758,890.1175537109375,2487303
2024-04-16,888.3746686907039,905.5047753565082,879.4112471456183,898.1348266601562,1559770
2024-04-18,902.4671643024092,932.1958208115301,895.5453989883241,902.1683349609375,3288107
2024-04-19,896.3420770212659,928.1622329129383,882.1997787597351,923.4813232421875,3869393
2024-04-22,931.9966064557733,941.5077801369489,911.5799248127188,913.92041015625,1754331
2024-04-23,918.1531737853336,918.7009262794052,901.42140489196,906.152099609375,1014238
2024-04-24,911.0321850631559,940.6114876238272,907.4468408442648,932.6937866210938,3633914
2024-04-25,931.9468281281092,941.1592333220018,922.2862397133117,938.42041015625,2839898
2024-04-26,938.1713933517299,943.0515024090531,922.6846059692119,928.0626220703125,1823107
2024-04-29,931.1998769578901,941.1592339307017,926.7181663201249,938.27099609375,1286958
2024-04-30,943.1511652321069,944.7446381341342,922.2365142607508,925.8717041015625,1917697
2024-05-02,930.2039626032076,950.0231077486696,926.9173868841908,938.0220336914062,1615306
2024-05-03,944.6450183518267,956.0982789855072,919.696841041967,927.714111328125,3031130
2024-05-06,932.1460771863349,945.8401937461379,913.6714811848922,932.1958618164062,1978042
2024-05-07,933.1917520468623,934.9844241516473,912.277102321159,920.2943725585938,2914141
2024-05-08,919.9458088234081,944.2466031822139,907.2974134055613,939.764892578125,1732112
2024-05-09,941.209014705802,944.0972525309323,912.3766642301042,917.5555419921875,1097509
2024-05-10,922.0870344346918,933.0423270266288,912.2273075742028,926.7679443359375,835091
2024-05-13,927.9133340115906,938.3706592015325,904.9071821214627,935.6318359375,1965933
2024-05-14,935.6816187774566,979.3035916146656,927.0667503940458,974.4733276367188,6840175
2024-05-15,982.9885351826475,994.6409950215622,971.4854900134603,989.5119018554688,2292776
2024-05-16,991.9519624024651,1005.8452776477493,989.4123385115639,1001.1643676757812,3747123
2024-05-17,1000.9154164526981,1023.8219384212673,997.9276092394065,1011.3727416992188,1708670
2024-05-21,1009.8787322547248,1070.6308058913503,1009.8787322547248,1064.6053466796875,3541313
2024-05-22,1073.519206390471,1081.536416510905,1054.2975971206051,1073.3199462890625,2169567
2024-05-23,1060.6715475089384,1072.3737922819244,1045.8320808862297,1069.684814453125,1299470
2024-05-24,1064.7548008649874,1078.6979002500007,1055.1938427443856,1064.8543701171875,795828
2024-05-27,1066.6471502062852,1075.5110023799791,1052.3056516029608,1054.9947509765625,1283259
2024-05-28,1058.8787935787304,1063.659333595349,1039.707031245668,1048.3218994140625,702188
2024-05-29,1044.786426732973,1046.8778674522305,1026.0627863694995,1034.3291015625,1540923
2024-05-30,1023.0251680771007,1035.9226091644814,1019.7386530006524,1027.0089111328125,838030
2024-05-31,1031.9885229108422,1042.3961239122887,1012.4682075208011,1023.9713134765625,3245379
2024-06-03,1075.6106217164995,1075.6106217164995,1044.7366131301926,1053.1522216796875,2006398
2024-06-04,1025.813764557312,1032.7853144135267,897.5372593603788,956.2476806640625,5964333
2024-06-05,974.921521154657,1009.5302881535166,924.4773515594671,1002.1603393554688,3384707
2024-06-06,1011.9701931032239,1030.793401267288,995.9356533983457,1025.3656005859375,2465243
2024-06-07,1025.8138367915267,1038.1136191605483,1016.9998295960686,1022.7761840820312,2354471
2024-06-10,1029.598347557023,1029.598347557023,1000.516952955833,1008.0363159179688,2412594
2024-06-11,1005.8950655113081,1014.8584868871515,997.5291812456843,1004.799560546875,1220832
2024-06-12,1008.7832357025691,1033.6317813310925,1001.0647344800842,1023.5230102539062,2853655
2024-06-13,1034.7772110406663,1048.7203110931873,1032.1878024886064,1037.01806640625,1162049
2024-06-14,1039.2589094108218,1054.9448967833378,1031.7893916143855,1048.1724853515625,2722106
2024-06-18,1056.6379436350169,1056.6379436350169,1020.0373062668775,1030.0465087890625,2798849
2024-06-19,1039.657293302341,1046.6785669871665,1024.8178271751533,1042.69482421875,2074723
2024-06-20,1046.7283684859387,1070.5312548434133,1040.0556482584677,1052.1064453125,2379619
2024-06-21,1060.6714921031923,1092.541433649955,1045.9814409214816,1072.8717041015625,3775241
2024-06-24,1073.1207589857438,1073.1207589857438,1040.8524167208943,1066.547607421875,3374848
2024-06-25,1073.1207508278937,1076.6065258885876,1044.7864278927852,1059.7254638671875,2287648
2024-06-26,1059.7254211971117,1059.7254211971117,1038.113543746505,1042.84423828125,1089927
2024-06-27,1046.2304835807354,1054.6959372793897,1024.9672800760118,1043.09326171875,1596848
2024-06-28,1043.0932351342458,1056.6877818069188,1037.067897070337,1040.1552734375,2370605
2024-07-01,1040.7529007685303,1070.8301130031684,1038.0140773454552,1055.1939697265625,2903887
2024-07-02,1061.7172191610002,1062.1653415615258,1033.8807455632902,1040.852294921875,1415238
2024-07-03,1042.4459060930844,1051.6085879832835,1040.5038800005766,1046.0313720703125,1580996
2024-07-04,1053.699962966587,1058.6796414305122,1043.1430689379015,1051.1602783203125,885590
2024-07-05,1045.7823463078626,1058.97849453341,1043.4418001179465,1046.23046875,1445408
2024-07-08,1046.2803285918424,1050.1643806750787,1019.3402184962916,1021.7802124023438,1417503
2024-07-09,1025.8137999126748,1037.1176461114385,1008.7833232775052,1017.6968994140625,1371213
2024-07-10,1018.8422345486911,1022.1288710317474,987.9682274411549,1003.7537841796875,2245736
2024-07-11,1003.9032078846437,1021.6806362094306,1003.9032078846437,1010.4265747070312,1842467
2024-07-12,1011.8706765059742,1014.8584836216415,1001.6125508996016,1009.7792358398438,907800
2024-07-15,1013.7630042623827,1016.6013967791109,998.7741228905818,1004.4011840820312,1118459
2024-07-16,1009.8788435969344,1023.8219440016258,1004.3016277498953,1005.9448852539062,1706821
2024-07-18,1010.7751829911357,1010.7751829911357,972.4316579058687,985.9265747070312,4764249
2024-07-19,980.9468775455981,983.4865014171559,940.6114817912743,942.5037231445312,2974059
2024-07-22,938.1714383140611,954.6541621482539,926.5687629839815,948.7283325195312,2489828
2024-07-23,951.3178213360736,957.6917735350316,923.4814055285887,948.9275512695312,1397714
2024-07-24,948.9275199040047,970.987519906457,942.0057546527296,968.4976806640625,2385985
2024-07-25,936.1795349990547,950.4214030017288,915.1653165601883,933.9884643554688,5020305
2024-07-26,943.3502649918004,969.5433605724995,938.4701559653007,968.3980102539062,3121650
2024-07-29,975.5189798563159,978.8055553798843,959.584009281838,962.97021484375,1596044
2024-07-30,962.9702912119188,977.6603433752573,952.2141365914606,972.53125,1215074
2024-07-31,985.9763469546468,987.968218362636,976.1664045851367,984.2334594726562,984608
2024-08-01,991.9519229426332,1002.5586620961626,971.2364732554659,979.3035278320312,1242869
2024-08-02,965.0616621262167,970.6887229642856,949.276106105964,952.8614501953125,1982275
2024-08-05,934.0881275029221,942.204967073937,899.7781301073871,914.1195678710938,3333943
2024-08-06,915.3644523394389,932.6439727306912,915.3644523394389,921.5890502929688,2794386
2024-08-07,932.1957727093146,945.9894572107443,921.340049759296,942.5535278320312,2262015
2024-08-08,934.1876699359083,934.1876699359083,911.2811492445161,915.414306640625,2204897
2024-08-09,923.0332126711925,933.191769167467,909.8370643878744,912.476318359375,1479733
2024-08-12,911.2313693304286,916.8583694919002,898.5331893162684,914.3685302734375,2379658
2024-08-13,917.7547177767854,924.0788849517843,901.3217792598923,905.2557373046875,1449141
2024-08-14,905.255741577919,928.1622620429297,892.3583624630277,925.97119140625,3795523
2024-08-16,931.1998721429408,937.4244702187626,922.2862355409459,930.701904296875,1074486
2024-08-19,940.4620528691015,953.7079852895217,927.3655351158988,949.8736572265625,1245922
2024-08-20,953.1105086899175,955.2517948581336,931.1999222832527,945.7904052734375,999577
2024-08-21,945.7903675789606,955.9987085661214,940.1633065248598,953.7080078125,832903
2024-08-22,955.5543966685132,966.0834969785465,946.1230941484112,963.8379516601562,1141606
2024-08-23,967.0814933974439,967.0814933974439,955.9036559038985,957.9495849609375,853881
2024-08-26,963.0894301919673,985.8941659090252,958.2490569033605,983.6486206054688,1183617
2024-08-27,983.5488454508302,984.1476331675703,965.0355840841113,966.8818969726562,983842
2024-08-28,972.670355234007,973.069587635685,961.0933465570919,966.981689453125,914225
2024-08-29,962.0913980653794,965.0854584328027,946.6719749902861,958.5983276367188,1052201
2024-08-30,959.3967400223339,974.0676481351005,958.9975685184083,968.478759765625,2683048
2024-09-02,973.0696394490391,978.9080329200071,957.1013171606446,963.438720703125,1048122
2024-09-03,963.0893952470011,967.4307583106278,944.176902193744,946.37255859375,972264
2024-09-04,933.1487944975411,951.4624389863934,927.2105627133305,943.727783203125,1578965
2024-09-05,945.1250326847918,953.7579308971096,940.7337198884298,948.6181030273438,787383
2024-09-06,948.6180977953445,967.7800957516637,935.9432304394144,952.061279296875,1314912
2024-09-09,952.0613176453676,963.4387106080451,931.1527836852213,943.9274291992188,1877070
2024-09-10,948.1190957051552,971.522679250424,947.7198632991332,960.0953369140625,1905394
2024-09-11,958.0992936990939,968.9777371286941,949.4165066670834,964.9856567382812,1675589
2024-09-12,979.0078604021965,1011.9924135729693,970.2252954258463,1002.6609497070312,2998825
2024-09-13,1008.1000501716344,1033.6493396442986,1006.7527474404125,1029.0584716796875,2806536
2024-09-16,1033.948871367425,1046.9231332668232,1022.8708721113575,1041.0347900390625,1958439
2024-09-17,1041.932973629334,1071.5741215614773,1031.0047023787517,1050.6656494140625,2217260
2024-09-18,1043.4799507148882,1052.761464426997,1015.5353273640249,1022.8208618164062,1777856
2024-09-19,1033.2003406294934,1041.6335620050877,995.5749695075029,1000.8145751953125,4880849
2024-09-20,1013.6391761469863,1039.3880225751925,1001.6129847689886,1007.4015502929688,3076614
2024-09-23,1012.9904164613437,1021.9725974940059,1006.6030633612808,1019.3278198242188,1448077
2024-09-24,1029.9567740669718,1050.9151967950788,1029.9567740669718,1039.4879150390625,2777479
2024-09-25,1050.9151908481704,1052.6617260656294,1016.4834965611221,1018.7789306640625,2564667
2024-09-26,1024.9667081937228,1033.6494348870847,1011.7928298490705,1026.2142333984375,1903363
2024-09-27,1033.948859778674,1046.8233438848872,1009.0981340534026,1026.0146484375,3002247
2024-09-30,1035.944917189094,1056.7536129807786,1021.5235138180012,1037.5916748046875,3037535
2024-10-01,1047.9210671304793,1047.9210671304793,1017.4315663601641,1033.300048828125,2382544
2024-10-03,1027.960743545854,1066.8835289810854,1025.0166328661796,1048.9691162109375,6213074
2024-10-04,1052.9112141387816,1055.7555470813932,1011.3936020038685,1019.0783081054688,2138207
2024-10-07,1024.0185813501248,1028.6592773930731,985.1456250157797,998.618896484375,1714125
2024-10-08,997.0220787174036,997.0220787174036,963.089395357652,980.9539794921875,2614906
2024-10-09,983.548836368868,1007.6510468313043,963.638322627853,997.5211181640625,2166137
2024-10-10,1006.7029258160994,1032.1523784317214,984.0478564909002,988.7884521484375,1415371
2024-10-11,987.0419057314007,1011.9924089096464,987.0419057314007,1003.8585205078125,1834521
2024-10-14,1004.0581389402172,1015.0862491865676,982.4010899506638,991.1837158203125,1949682
2024-10-15,994.9761729424182,997.5710008942359,963.0894178574362,966.7821044921875,7070247
2024-10-16,963.0894114666388,970.0256634522923,948.1689985569094,958.3488159179688,7109924
2024-10-17,957.1012742565524,960.0454457293595,913.1883899319556,928.15869140625,5120919
2024-10-18,927.9590831755039,971.2731801789503,921.8711848893836,962.5903930664062,2696607
2024-10-21,967.2312471231722,971.7223377721001,944.1270564190723,947.0712280273438,1659103
2024-10-22,946.1230745009099,950.5642762212506,904.3060070744373,908.4478149414062,1988814
2024-10-23,923.0688143295174,923.8672182261997,894.9745241648078,913.6375122070312,1874744
2024-10-24,916.881082481853,933.7975354414305,907.2501641046058,922.469970703125,3186168
2024-10-25,922.4699660147453,925.164632466929,880.2537279782431,897.2699584960938,2311184
2024-10-28,897.2200787599251,923.0188742339595,889.7848167586403,917.1804809570312,962918
2024-10-29,922.1705733369379,922.1705733369379,894.6751317368647,913.23828125,1624416
2024-10-30,909.8450575153201,928.5579345751072,902.7590781867593,917.1804809570312,805681
2024-10-31,917.1804601036291,929.8553273934731,909.7451982713956,918.677490234375,1116203
2024-11-01,926.0628602002628,933.5480108293812,920.5737497389092,927.65966796875,228890
2024-11-04,930.1547488230829,932.051011410658,896.0224486469267,907.39990234375,1031272
2024-11-05,907.2002843851652,937.1408878302202,903.3579313087753,934.1967163085938,2270819
2024-11-06,940.1349195997976,953.608190740559,926.1626384167859,949.9653930664062,2513894
2024-11-07,953.1091889731189,967.031581455641,927.7594542409885,945.7238159179688,2917302
2024-11-08,945.7238048237004,953.6081878329419,918.3282023191327,926.2125244140625,1185483
2024-11-11,921.1725533944054,927.9590778996056,902.7590703446666,905.0545043945312,1299909
2024-11-12,905.0545102195329,914.136529747363,881.451371223167,885.2438354492188,2703824
2024-11-13,879.2557378305363,883.148040717873,853.3072143531311,856.9500122070312,2232128
2024-11-14,858.0477630344558,886.2418302699584,857.2992479751061,875.662841796875,1864763
2024-11-18,878.2576880550465,902.1602816344072,873.5170925797494,884.9943237304688,1348925
2024-11-19,885.1939671423889,889.0862091036847,860.642635377605,863.6866455078125,1585170
2024-11-21,866.2814820585577,878.2078349218352,855.6525431952238,869.4751586914062,1330047
2024-11-22,871.9701723144726,882.2497671470109,856.8002546331547,877.2097778320312,895312
2024-11-25,885.9424446653517,896.3717667721095,868.3273657391718,875.5131225585938,5649588
2024-11-26,873.2676027259363,896.820853130876,869.2256334333247,891.0323486328125,1423292
2024-11-27,891.032322611047,892.4295751003285,879.5052027745661,887.7887573242188,819382
2024-11-28,892.2299996570599,902.0105847858739,883.746828519381,895.2240600585938,1325547
2024-11-29,897.2200725230565,910.693343912446,890.2339318026322,904.6553344726562,1082644
2024-12-02,904.2062437460642,919.1765457948401,895.4236787269787,916.7313842773438,988585
2024-12-03,924.1167073585335,933.7475646038288,917.2303444251626,923.9669799804688,1636042
2024-12-04,923.1686158335699,935.1448573362757,918.6276364466569,933.6478271484375,1147200
2024-12-05,933.6977123185081,940.9832470212848,922.519874776856,932.5999145507812,1159145
2024-12-06,933.1488266857465,949.8656639552505,930.8035037330644,947.2208862304688,1179083
2024-12-09,948.1690253838586,967.680307011247,943.3286520524125,965.2850952148438,1433142
2024-12-10,971.9717945198707,1009.447436890133,971.0735520689843,1000.3654174804688,4608726
2024-12-11,996.0240680947741,1006.4035015869379,988.3393010779137,992.6807250976562,1284435
2024-12-12,998.0200872633404,1004.0082077869205,985.0957149504178,998.2695922851562,1331800
2024-12-13,995.0260478185622,998.818512046643,972.2213127132202,996.7725830078125,1575356
2024-12-16,991.0339839081286,998.4193571972381,966.9817232666177,974.1674194335938,1420965
2024-12-17,970.0755624856313,979.7064810673922,945.8735744297911,949.6161499023438,885850
2024-12-18,958.0992966524794,959.746054184326,925.0149059492234,929.6058349609375,946566
2024-12-19,905.2042571490998,923.1686194739992,905.2042571490998,920.5737915039062,726533
2024-12-20,923.168589045021,932.550002315636,902.2101670234584,906.2521362304688,1099720
2024-12-23,923.1686111783476,945.6240638826858,881.6010488065916,938.9373168945312,3310719
2024-12-24,937.1408705890899,944.675910134606,928.1586897208239,940.8335571289062,1638333
2024-12-26,936.1428630523687,943.1290038214163,922.9190965966716,939.4862060546875,1163046
2024-12-27,937.1408580133435,947.5701800644055,919.5257791812338,921.721435546875,699559
2024-12-30,918.8771452346533,923.5179022873363,907.2002975389133,916.4818725585938,3283259
2024-12-31,909.6953618790565,933.6478453514617,909.6953618790565,928.8573608398438,1135095
2025-01-01,923.5678084336031,937.6398672268983,916.7812231431938,936.2426147460938,591839
2025-01-02,930.1547638175406,945.1250658103122,928.4581174088302,939.8355712890625,1107101
2025-01-03,938.6379274452327,960.1951377768138,937.4402911125195,955.9535522460938,1702255
2025-01-06,955.9036566971013,955.9036566971013,924.8153665745568,937.4901733398438,1881095
2025-01-07,933.2485952232106,952.8098262365016,933.2485952232106,939.5860595703125,1057467
2025-01-08,935.144838490115,945.873554620071,928.3084251358218,940.683837890625,1719232
2025-01-09,938.9872023429788,939.7856671677146,919.1765273940763,929.7056274414062,1652891
2025-01-10,928.1586916701744,929.7056106400955,909.2461986194088,915.883056640625,965180
2025-01-13,911.2422396488709,916.73135019602,869.325395470641,874.9642333984375,1916830
2025-01-14,877.1598877312299,920.5737619562834,877.1598877312299,908.0985107421875,2581715
2025-01-15,913.2881881614712,917.4299960284402,896.3717958456751,908.4478149414062,1733336
2025-01-16,917.1804623124774,930.6537335216378,909.6953116407216,916.03271484375,1399598
2025-01-17,913.188417334314,929.0569617389639,910.7931446608261,922.8193359375,1374068
2025-01-20,925.9630511806895,938.0391311294707,908.8470427447068,931.951171875,1226037
2025-01-21,938.138888088135,938.138888088135,913.6873957922209,917.0806884765625,813070
2025-01-22,923.1685930831404,925.9131483598741,875.6129109223757,895.0244140625,1613414
2025-01-23,894.2259938409854,904.2061946651036,887.4893582847056,891.23193359375,1097278
2025-01-24,897.2200616781419,906.2022424958318,879.2557000427619,881.0521240234375,2053984
2025-01-27,874.8644242376255,874.8644242376255,836.5404876783332,840.981689453125,2260090
2025-01-28,848.2672069283386,857.0497717367815,823.9154918139932,839.4346923828125,855671
2025-01-29,844.325031401833,854.1555053331616,835.0434563600659,847.319091796875,551268
2025-01-30,847.3190719372038,862.4889897660564,819.673902754741,838.3867797851562,1970355
2025-01-31,783.4956575171203,795.2223935453667,721.9178059348707,789.9827880859375,22676494
2025-02-01,790.4817936795004,806.2006099692954,753.704778027514,774.8128662109375,4262499
2025-02-03,767.477440833796,811.6897181554034,748.914291728118,806.100830078125,7785004
2025-02-04,811.8893418344994,825.4623906696955,797.4180505541058,800.0128784179688,2771274
2025-02-05,808.5959221825216,822.368587805133,802.6078013975327,817.228759765625,1895088
2025-02-06,820.7717698724565,824.4643955796909,804.603831768863,807.74755859375,1073064
2025-02-07,808.3463973376497,847.0196764595066,808.3463973376497,842.8778686523438,6993440
2025-02-10,839.3349013497294,841.4806689234234,816.6798329711014,838.9356689453125,1744941
2025-02-11,833.3467883732305,849.3151100666098,826.0113649610597,832.8477783203125,2851850
2025-02-12,823.3665837017325,833.3467847162989,799.7633839365577,827.7079467773438,4696962
2025-02-13,823.4663428813219,852.3091475323934,823.4663428813219,838.8358764648438,1584072
2025-02-14,842.3289738571326,856.3012554140045,812.8374917538837,831.650146484375,3127767
2025-02-17,823.3665982758162,840.2830514778002,811.7396395223169,835.9915771484375,3000527
2025-02-18,833.4465576403516,847.9178490295124,823.6659728843331,845.2731323242188,1253438
2025-02-19,838.3369143559148,860.2933573509506,836.3907629075827,858.3970947265625,1378738
2025-02-20,850.4129225009245,880.7527586079319,850.4129225009245,877.55908203125,1283212
2025-02-21,871.0719548512881,885.3436304876144,861.5408748192378,878.6069946289062,4152422
2025-02-24,866.3812400038155,885.6430770111934,853.4069784708076,860.5428466796875,1686346
2025-02-25,853.4569410245981,870.6228385792161,852.3091935060245,855.1036376953125,1648058
2025-02-27,851.311153969466,870.8224349402998,845.7721545409212,860.2933349609375,1967080
2025-02-28,848.3171079082141,864.4850461476806,840.7321793091135,854.4549560546875,7714704
2025-03-03,850.3131243985606,874.814505647605,844.5745088289693,852.658447265625,2828636
2025-03-04,852.3091694961021,870.2735313824368,840.881827113321,865.5828247070312,1266558
2025-03-05,859.2953032262623,894.2260066094436,859.2953032262623,889.8846435546875,2371535
2025-03-06,900.2141553250673,918.1785176264544,892.2798831257584,912.7891845703125,3101315
2025-03-07,910.1943397758174,923.2184900206679,903.457704037345,907.150390625,2083657
2025-03-10,907.2002548468946,931.9511407060598,898.8168617895155,903.507568359375,3073227
2025-03-11,890.7329476935745,907.6992895544046,890.7329476935745,903.0584716796875,2786479
2025-03-12,906.6513567406357,913.6374973228411,879.8045921375792,901.2620239257812,1325797
2025-03-13,903.9566866492715,907.4996457472316,883.9463962460803,887.9384765625,1009777
2025-03-17,890.2339660355426,903.9567429783551,887.9385318934261,895.4735717773438,1163494
2025-03-18,895.4735717773438,895.4735717773438,895.4735717773438,895.4735717773438,0
2025-03-19,935.1947089491583,941.8814557049726,918.4778725167787,923.1685791015625,2402675
2025-03-20,929.9550990237577,929.9550990237577,913.2881514930197,924.3662109375,1311300
2025-03-21,924.3662712297413,927.0109880675418,909.9448679399603,912.4898071289062,2350523
2025-03-24,919.176499516878,927.1606602075784,914.1863990851904,920.9230346679688,985738
2025-03-25,923.6676195462672,923.6676195462672,902.1104093553214,907.0006713867188,1553849
2025-03-26,907.6992776709334,914.5356909655118,894.2758951915629,898.068359375,1507434
2025-03-27,896.2220769570011,917.1804996920757,891.4315925147041,914.236328125,1246440
2025-03-28,923.6177018914437,923.6177018914437,903.5075727684356,910.4937133789062,1550743
2025-04-01,905.2042596513406,912.789188288206,891.5313716611752,899.7151489257812,1697338
2025-04-02,901.2121868060317,909.894974210614,894.7250558932529,907.7492065429688,1761044
2025-04-03,898.2181200376486,914.1864421716513,896.5214736280479,903.4078369140625,1949930
2025-04-04,896.222057693984,907.0006626860601,843.3269919280806,848.4168701171875,2878135
2025-04-07,773.5653921443436,806.1008855091222,773.5653921443436,789.4838256835938,5300335
2025-04-08,816.9792267556822,821.1210345225237,776.1602413510991,800.2623901367188,2090766
2025-04-09,788.6853839847291,791.6794442845763,768.4754769607611,785.342041015625,1877934
2025-04-11,808.3962947839242,815.1828193967783,796.2204371734517,804.054931640625,1804073
2025-04-15,823.36661542068,849.265250234048,820.1729387901246,843.4767456054688,1818808
2025-04-16,843.4766964074862,858.2972702548836,836.8897273197339,852.5586547851562,1404916
2025-04-17,850.2632473451486,894.1761323115675,846.6703383902171,879.954345703125,2842300
2025-04-21,886.2418740216632,912.1405085365781,877.3095816895955,904.60546875,2090565
2025-04-22,915.184449076229,921.9709737022195,905.3040255329084,912.9389038085938,1941122
2025-04-23,919.1764980277552,920.1745181124759,890.8826529916483,917.2303466796875,1241468
2025-04-24,915.1844516031542,924.166632698496,901.8109576065864,906.2022705078125,1578364
2025-04-25,910.194319706095,917.1804603178742,874.3154853813093,890.0343017578125,1253219
2025-04-28,893.2279957332559,910.9927414543619,887.2897639139543,905.7032470703125,631588
2025-04-29,909.1963246264601,914.6854352581237,891.1820737363178,893.6771240234375,519692
2025-04-30,893.7768704277918,906.0026164073356,886.6410634046449,893.876708984375,1048167
2025-05-02,885.2438416778355,902.9586987125385,841.879855514249,897.7689819335938,3188976
2025-05-05,893.3277491060195,907.0505252039263,890.78281008527,902.0604248046875,1299773
2025-05-06,909.1963230912592,909.1963230912592,869.2755185647494,871.7705688476562,1841702
2025-05-07,860.2933636179607,884.1959582354527,856.9999093275765,876.8604736328125,1186064
2025-05-08,876.8604471269888,880.5531337288397,837.4386526540065,849.46484375,1586003
2025-05-09,831.9495563052205,856.60066570806,831.9495563052205,853.656494140625,687868
2025-05-12,873.2675814305791,904.6054367184985,865.1836430424895,902.9586791992188,1674583
2025-05-13,896.5713607404751,913.6375415372033,894.2260377972461,907.89892578125,2468436
2025-05-14,908.2980783546552,948.1191051360967,906.850997925635,941.3325805664062,6979336
2025-05-15,938.1389162190828,969.7262774979298,932.7995329233488,966.3828735351562,2553377
2025-05-16,964.4866375325305,983.8481906936246,962.4406476204186,979.656494140625,2805260
2025-05-19,968.9777673928174,977.7104435195937,953.3587280117719,971.1234741210938,3177664
2025-05-20,971.1234635316329,980.9539982414542,954.3068489108837,955.7040405273438,2683257
2025-05-21,949.2168845404545,970.0256399941978,949.2168845404545,966.5824584960938,2277923
2025-05-22,959.1971250804688,974.067649422002,955.6042769688185,958.0494384765625,1299974
2025-05-23,951.1630465522386,962.7401162904042,948.7678348547067,951.5123901367188,1124070
2025-05-26,950.1151627554113,967.8799088677652,950.1151627554113,952.9096069335938,1381677
2025-05-27,962.0914168143964,962.0914168143964,944.6759531549657,945.6240844726562,1604889
2025-05-28,941.7317676300318,949.2668683216019,938.6379296015366,943.2787475585938,833626
2025-05-29,948.1191136590443,975.0656568893539,946.7718108632544,969.4268188476562,2490067
2025-05-30,964.2870368898468,975.0656418326678,943.1788873196581,947.0213012695312,2013497
2025-06-02,933.1487791481429,947.1210603332488,928.9570826097488,941.7816772460938,1587165
2025-06-03,933.1487916342111,952.061284674259,932.1507715362067,944.5262451171875,1294383
2025-06-04,933.148787124295,954.3567141043926,933.0988983024985,949.8157348632812,867911
2025-06-05,943.1289872693969,958.7480260803769,943.1289872693969,947.9693603515625,1053306
2025-06-06,939.1369344255145,965.4846900014777,939.1369344255145,960.8438720703125,1192159
2025-06-09,961.1931409868479,977.1115738813434,958.5484242510579,972.6204833984375,1856046
2025-06-10,972.6205095451697,982.2514282053654,968.1793077653751,971.772216796875,1114437
2025-06-11,973.069632547329,976.063692955167,948.6680280405868,953.1591186523438,2083579
2025-06-12,953.1590945701047,959.3468314394952,934.6458336989203,937.2406616210938,1432499
2025-06-13,923.1685873544834,932.0010408245283,912.9887702083606,918.927001953125,715534
2025-06-16,921.5717802372661,927.7594560958136,906.4018626079586,920.7733154296875,1016126
2025-06-17,920.773311381614,924.6656141013542,885.6430529178476,889.2359008789062,3176704
2025-06-18,893.2279857279201,899.2161063026325,886.8406327491687,892.1301879882812,1661670
2025-06-19,892.1800626485403,896.471536809436,880.9024479280388,885.6929321289062,1412283
2025-06-20,886.3416262209844,902.0105539698995,883.0481720746766,897.2699584960938,1641610
2025-06-23,893.3277616089767,912.9388808181861,890.233923683872,908.8969116210938,661419
2025-06-24,928.1586825546508,934.6458131316457,915.284199043813,922.3701782226562,1171729
2025-06-25,928.6078354644933,933.9472187558763,912.7891799691437,918.0787353515625,1976461
2025-06-26,922.6695645954428,956.7020249811563,919.1764943130371,953.0093994140625,2568931
2025-06-27,957.9495857558379,968.5785243767019,936.1428705464672,937.4901733398438,3131858
2025-06-30,942.1310054117579,947.3207222854483,929.2066325084688,939.8355712890625,1246303
2025-07-01,939.8355582301588,953.109213629784,933.6478213095947,949.3666381835938,1166914
2025-07-02,952.1111965139835,977.9599420429295,948.6181260865213,966.7821044921875,2004442
2025-07-03,970.1753519975307,983.2494523567963,952.1112118614823,954.6062622070312,1506490
2025-07-04,959.5464412419502,962.5903903765043,940.7836754682776,951.1131591796875,652147
2025-07-07,949.1171323219144,958.8977172965224,940.1349512589309,951.6121826171875,773510
2025-07-08,948.6680200580239,955.4545447424883,943.1290205329946,949.2169189453125,574607
2025-07-09,945.1250387364586,950.1650280801209,924.9151316251457,942.9293823242188,1039879
2025-07-10,939.1369114433537,951.0133749654825,938.3883963704711,942.6798706054688,1128883
2025-07-11,942.1310026194903,945.0252853619074,926.1626805411939,936.5421142578125,1676679
2025-07-14,936.5420807713551,947.0212917605485,925.3642435333529,931.20263671875,1815311
2025-07-15,935.8434750416582,944.127029822353,930.5040308719815,941.9812622070312,1106472
2025-07-16,941.1329549409251,943.8276213956227,927.8592997847481,929.6058349609375,1500910
2025-07-17,933.6478242952991,951.1131764333725,928.0089862392811,948.5682373046875,1652952
2025-07-18,950.0153991285267,960.9936207089352,946.4723788870334,955.2550048828125,1480756
2025-07-21,956.0533521101923,970.7242595349063,955.7040085320374,958.149169921875,1346529
2025-07-22,961.2929924694561,971.5226987069328,958.0993159002592,963.0894165039062,1858427
2025-07-23,967.5306325252169,979.057752907163,961.6422893601512,975.4649047851562,1618809
2025-07-24,978.0597147048023,1004.3575204232314,976.2632906769828,998.46923828125,3629756
2025-07-25,999.9662848971981,1001.1139715020814,988.3892148005417,998.1698608398438,2197185
2025-07-28,998.4692399267713,999.41737122239,970.0755553671638,975.7642822265625,1295974
2025-07-29,973.0695984334919,987.041879846896,971.0735582315771,982.4010620117188,499540
2025-07-30,987.4411332662085,991.4831025782385,978.7583460202426,980.904052734375,964425
2025-07-31,969.2771534352916,977.3610920474745,956.45255833533,963.0894165039062,2114119
2025-08-01,966.1832202864208,969.0775028997348,939.6857992025602,943.6279907226562,1363054
2025-08-04,946.2228558285905,989.0379435424189,946.2228558285905,978.2593383789062,2939641
2025-08-05,981.0537699099118,1001.2137883513506,976.0636693508584,997.8204956054688,1411354
2025-08-06,996.5230882079635,999.71676476966,981.1535540191006,983.9480590820312,1098509
2025-08-07,983.8981190480221,1001.2138048213696,978.6086245512756,997.5211181640625,2528535
2025-08-08,997.521122450399,998.2696375497865,969.3270537068034,972.17138671875,923189
2025-08-11,973.1194703159995,991.0339429991998,970.4248039074595,989.0379028320312,585167
2025-08-12,979.2573357169919,1002.0121818469893,977.76030556483,996.5230712890625,1211533
2025-08-13,1005.0062579490889,1019.7270546767444,986.0438757236344,994.3773193359375,3231630
2025-08-14,997.0720119090654,997.4712443320827,966.2831148562078,973.4688720703125,1846204
2025-08-18,988.0398834341293,997.5709630561113,978.0596825913603,990.8842163085938,1909764
2025-08-19,993.0299985743791,1007.1020576055371,988.5887969506562,1003.2597045898438,1121842
2025-08-20,1001.2137650657037,1019.9765305485085,995.6248160209602,1014.2379150390625,1564199
2025-08-21,1014.237922634384,1017.3317605664859,1004.2078328517108,1008.1500244140625,3047183
2025-08-22,1010.0,1010.75,993.7999877929688,997.25,1818098
2025-08-25,1003.0999755859375,1004.4000244140625,992.0999755859375,996.2000122070312,1542533
2025-08-26,994.9500122070312,999.4500122070312,970.9000244140625,977.1500244140625,6927411
2025-08-28,980.0,982.0,960.75,964.7000122070312,673705
2025-08-29,970.4000244140625,974.4000244140625,943.5499877929688,945.7999877929688,968556
2025-09-01,944.9500122070312,965.0,943.2999877929688,962.8499755859375,1593811
2025-09-02,964.4500122070312,982.0,956.0999755859375,975.1500244140625,1277690
2025-09-03,973.0,1030.0,973.0,1028.3499755859375,4521491
2025-09-04,1028.0,1037.4000244140625,1020.2000122070312,1031.8499755859375,1350756
2025-09-05,1031.8499755859375,1039.0,1027.199951171875,1034.8499755859375,793972
2025-09-08,1036.949951171875,1057.1500244140625,1036.1500244140625,1041.550048828125,1823229
2025-09-09,1043.0,1044.449951171875,1023.2000122070312,1034.0999755859375,766328
2025-09-10,1036.0,1042.050048828125,1030.050048828125,1039.5999755859375,722139
2025-09-11,1037.0,1044.699951171875,1032.5999755859375,1040.4000244140625,882337
2025-09-12,1041.949951171875,1046.300048828125,1027.199951171875,1035.949951171875,578783
2025-09-15,1034.9000244140625,1049.949951171875,1033.199951171875,1046.300048828125,618202
2025-09-16,1046.300048828125,1056.0,1038.449951171875,1053.3499755859375,1224328
2025-09-17,1056.949951171875,1059.4000244140625,1029.3499755859375,1033.6500244140625,634304
2025-09-18,1039.949951171875,1052.550048828125,1030.300048828125,1047.6500244140625,702731
2025-09-19,1048.0,1049.949951171875,1036.0,1046.0,943974
2025-09-22,1045.5,1051.5999755859375,1029.5999755859375,1032.449951171875,685776
2025-09-23,1035.0,1069.699951171875,1028.050048828125,1062.699951171875,1889834
2025-09-24,1062.699951171875,1065.75,1046.050048828125,1052.6500244140625,729744
2025-09-25,1048.0,1059.300048828125,1045.0,1051.699951171875,1534438
2025-09-26,1048.0,1061.949951171875,1027.8499755859375,1029.5,858507
2025-09-29,1035.0999755859375,1052.0,1035.0999755859375,1043.3499755859375,1278211
2025-09-30,1043.3499755859375,1069.0,1043.199951171875,1063.75,1992711
2025-10-01,1063.800048828125,1070.4000244140625,1055.0,1065.0,1125486
2025-10-03,1063.0,1087.5999755859375,1049.300048828125,1076.5,2035582
2025-10-06,1077.0,1078.9000244140625,1043.699951171875,1055.9000244140625,2301398
2025-10-07,1058.0,1059.300048828125,1029.9000244140625,1033.699951171875,1938416
2025-10-08,1031.0999755859375,1040.0,1016.0,1019.2000122070312,1436225
2025-10-09,1023.9000244140625,1044.4000244140625,1020.2999877929688,1040.300048828125,2732150
2025-10-10,1037.199951171875,1039.800048828125,1010.2000122070312,1015.2000122070312,2426076
2025-10-13,1015.2000122070312,1016.0999755859375,1002.2999877929688,1007.5999755859375,1642367
2025-10-14,1017.2999877929688,1018.4000244140625,986.2000122070312,996.0,1404907
2025-10-15,996.0,1004.4000244140625,993.9000244140625,1001.4000244140625,1643008
2025-10-16,1005.7000122070312,1025.800048828125,994.0,1022.7999877929688,1248871
2025-10-17,1022.7999877929688,1027.0999755859375,1004.7999877929688,1007.5999755859375,1530004
2025-10-20,1011.5,1013.5999755859375,998.5999755859375,1005.5999755859375,898357
2025-10-21,1010.0,1012.7999877929688,1003.0,1009.7999877929688,109029
2025-10-23,1012.0,1022.9000244140625,1005.7999877929688,1009.0999755859375,1065307
2025-10-24,1010.9000244140625,1027.9000244140625,1003.4000244140625,1008.2000122070312,1691676
2025-10-27,1011.2000122070312,1036.300048828125,1011.2000122070312,1034.300048828125,999054
2025-10-28,1034.300048828125,1077.699951171875,1027.0999755859375,1073.5,4445977
2025-10-29,1063.0,1097.699951171875,1058.199951171875,1070.5999755859375,3983488
2025-10-30,1072.9000244140625,1074.0,1058.0999755859375,1070.199951171875,1514350
2025-10-31,1065.699951171875,1074.199951171875,1056.5,1066.800048828125,1018215
2025-11-03,1066.0,1087.5999755859375,1063.0,1077.0,1193076
2025-11-04,1073.0,1085.199951171875,1066.4000244140625,1080.699951171875,2806142
2025-11-06,1080.699951171875,1081.0999755859375,1042.300048828125,1045.5,1497966
2025-11-07,1035.0,1075.0999755859375,1002.0999755859375,1069.9000244140625,1892592
2025-11-10,1069.9000244140625,1082.0,1069.0999755859375,1071.4000244140625,990878
2025-11-11,1076.5999755859375,1089.800048828125,1057.0,1080.199951171875,670521
2025-11-12,1080.300048828125,1084.5,1072.5,1079.9000244140625,702572
2025-11-13,1087.5,1098.0,1075.9000244140625,1087.800048828125,1863602
2025-11-14,1082.5999755859375,1096.0,1068.800048828125,1076.199951171875,1403097
2025-11-17,1080.5999755859375,1082.800048828125,1071.800048828125,1080.0,723524
2025-11-18,1078.0999755859375,1078.300048828125,1057.199951171875,1066.300048828125,1437183
2025-11-19,1066.0,1076.0,1059.300048828125,1071.0,933058
2025-11-20,1075.9000244140625,1078.0,1062.199951171875,1069.4000244140625,834957
2025-11-21,1065.0,1065.0,1035.5,1038.5999755859375,1316935
2025-11-24,1040.4000244140625,1046.699951171875,1014.7000122070312,1021.2999877929688,3883924
2025-11-25,1022.9000244140625,1029.9000244140625,1014.7000122070312,1022.5999755859375,1833665
2025-11-26,1029.0,1048.300048828125,1023.7999877929688,1042.4000244140625,1580115
2025-11-27,1047.9000244140625,1053.0999755859375,1034.199951171875,1041.0999755859375,893056
2025-11-28,1046.699951171875,1054.9000244140625,1037.300048828125,1044.4000244140625,1205893
2025-12-01,1053.5,1055.0,1039.0,1048.0,803834
2025-12-02,1046.0,1052.0,1024.5999755859375,1028.800048828125,1634860
2025-12-03,1033.800048828125,1033.800048828125,1013.0,1017.9000244140625,1634772
2025-12-04,1020.0999755859375,1028.300048828125,1003.0,1005.7999877929688,645481
2025-12-05,1009.0,1010.9000244140625,989.0,1006.7999877929688,1273166
2025-12-08,1007.0,1011.0999755859375,991.0,997.5,1118377
2025-12-09,996.0,1009.7000122070312,977.0999755859375,1002.7999877929688,1274066
2025-12-10,1004.2000122070312,1013.5,1001.0999755859375,1008.9000244140625,658048
2025-12-11,1009.0,1015.2999877929688,1002.5999755859375,1012.9000244140625,576973
2025-12-12,1019.0,1032.5,1017.9000244140625,1029.5,846932
2025-12-15,1032.0,1036.5,1023.2000122070312,1034.0,396392
2025-12-16,1032.0,1032.0,1005.0999755859375,1011.2000122070312,1561272
2025-12-17,1008.0,1012.4000244140625,998.0,1001.5,647160
2025-12-18,1001.5,1003.5,979.0999755859375,986.0,2600965
2025-12-19,986.5999755859375,1002.5,981.5999755859375,992.5999755859375,1137039
2025-12-22,998.0,1016.2000122070312,995.0999755859375,1002.0999755859375,1205035
2025-12-23,1008.0,1017.0,998.5999755859375,1012.5999755859375,682890
2025-12-24,1014.7999877929688,1014.7999877929688,997.0,999.0,617162
2025-12-26,997.9000244140625,999.0,985.4000244140625,986.5,780164
2025-12-29,991.2000122070312,1010.5999755859375,988.5,990.5,2221198
2025-12-30,992.0,1025.5,986.4000244140625,1021.2999877929688,2097101
2025-12-31,1042.4000244140625,1065.0,1042.4000244140625,1053.800048828125,4643020
2026-01-01,1053.800048828125,1070.0,1046.5999755859375,1068.4000244140625,1361672
2026-01-02,1068.800048828125,1082.699951171875,1065.0,1080.300048828125,1931379
2026-01-05,1084.0,1087.5,1074.4000244140625,1081.5999755859375,900540
2026-01-06,1080.0999755859375,1090.5999755859375,1072.300048828125,1079.800048828125,1100849
2026-01-07,1080.0,1087.0,1067.5999755859375,1074.699951171875,553494
2026-01-08,1075.300048828125,1078.0,1010.0,1013.5999755859375,3223347
2026-01-09,1014.9000244140625,1021.2000122070312,1003.7000122070312,1010.2999877929688,994369
2026-01-12,1010.9000244140625,1029.5999755859375,997.0999755859375,1023.4000244140625,1469718
2026-01-13,1028.0,1031.800048828125,1002.7000122070312,1010.7999877929688,977080
2026-01-14,1012.0,1046.0,1006.0,1040.699951171875,1727062
2026-01-15,1040.699951171875,1040.699951171875,1040.699951171875,1040.699951171875,0
2026-01-16,1045.9000244140625,1054.0,1035.5,1042.9000244140625,1500141
2026-01-19,1035.0,1062.9000244140625,1034.0999755859375,1055.5999755859375,1407699
2026-01-20,1053.5,1063.800048828125,1034.0,1039.800048828125,1518491
2026-01-21,1050.4000244140625,1055.5999755859375,1030.4000244140625,1041.4000244140625,1655357
2026-01-22,1045.9000244140625,1079.0,1044.0,1076.0,2032310
2026-01-23,1081.0,1104.0,1057.0999755859375,1063.5999755859375,2761031
2026-01-27,1067.0,1086.5,1059.4000244140625,1080.699951171875,1951032
2026-01-28,1090.0,1122.0,1078.4000244140625,1119.4000244140625,2783493
2026-01-29,1125.0,1168.0,1125.0,1159.5999755859375,4011001
2026-01-30,1141.800048828125,1164.699951171875,1103.0,1132.0,3291975
2026-02-02,1100.0,1133.0,1082.699951171875,1125.0999755859375,1460280
2026-02-03,1165.0,1170.5999755859375,1135.0,1149.699951171875,1360519
2026-02-04,1155.0,1180.5,1154.9000244140625,1167.300048828125,2332435
2026-02-05,1159.0999755859375,1185.0,1150.199951171875,1178.0,1090941
2026-02-06,1171.5,1191.699951171875,1162.9000244140625,1189.9000244140625,988037
2026-02-09,1196.300048828125,1204.9000244140625,1178.9000244140625,1191.0999755859375,1017423
2026-02-10,1195.0,1203.699951171875,1185.4000244140625,1191.4000244140625,677182
2026-02-11,1198.800048828125,1202.0,1187.9000244140625,1190.5,670060
2026-02-12,1185.0,1207.0,1185.0,1203.4000244140625,627605
2026-02-13,1193.4000244140625,1193.4000244140625,1167.300048828125,1184.699951171875,1302484
2026-02-16,1168.0,1214.0,1165.0,1210.9000244140625,939983
2026-02-17,1210.0,1215.4000244140625,1190.4000244140625,1211.0,1950738
2026-02-18,1214.0,1229.300048828125,1211.5,1221.800048828125,918546
2026-02-19,1228.0,1232.800048828125,1200.0,1211.0999755859375,966087
2026-02-20,1209.800048828125,1230.0,1203.0,1217.0999755859375,662336
2026-02-23,1220.800048828125,1230.0,1207.0,1216.5999755859375,562390
2026-02-24,1216.5999755859375,1240.0,1211.0999755859375,1233.300048828125,1023225
2026-02-25,1241.9000244140625,1269.9000244140625,1237.699951171875,1266.5,1271115
2026-02-26,1272.0,1272.0999755859375,1257.800048828125,1261.0,942928
2026-02-27,1253.199951171875,1267.0,1239.0999755859375,1244.199951171875,1618136
2026-03-02,1215.0,1256.5999755859375,1215.0,1237.800048828125,1589722
2026-03-04,1225.0999755859375,1227.0,1161.0,1168.4000244140625,2894114
2026-03-05,1172.300048828125,1193.300048828125,1169.4000244140625,1184.0,788753
2026-03-06,1184.0,1195.800048828125,1176.5999755859375,1180.4000244140625,797237
2026-03-09,1157.0,1167.0999755859375,1132.0,1144.0999755859375,2194187
2026-03-10,1154.9000244140625,1190.9000244140625,1150.5,1187.199951171875,1189789
2026-03-11,1187.0,1205.0999755859375,1183.199951171875,1187.0,1055730
2026-03-12,1177.5999755859375,1232.0999755859375,1162.199951171875,1225.0,1959835
2026-03-13,1216.300048828125,1222.4000244140625,1136.0999755859375,1143.300048828125,1866333
2026-03-16,1137.0,1156.199951171875,1124.199951171875,1133.0,1403667
2026-03-17,1135.9000244140625,1160.699951171875,1128.0,1157.300048828125,809027
2026-03-18,1157.300048828125,1184.4000244140625,1140.199951171875,1179.199951171875,1013722
2026-03-19,1161.199951171875,1162.699951171875,1130.699951171875,1138.0999755859375,542455
2026-03-20,1144.0999755859375,1196.0,1144.0999755859375,1186.5,1998983
2026-03-23,1162.0,1169.800048828125,1101.5999755859375,1106.199951171875,1880244
2026-03-24,1129.4000244140625,1138.5,1111.0,1120.5999755859375,1222265
2026-03-25,1132.199951171875,1154.0,1130.5,1143.0,1230757
2026-03-27,1135.9000244140625,1154.699951171875,1122.4000244140625,1131.4000244140625,1840045
2026-03-30,1117.0,1133.800048828125,1106.9000244140625,1113.0999755859375,1729076
2026-04-01,1131.0,1158.300048828125,1126.4000244140625,1137.4000244140625,1544180
2026-04-02,1131.0,1146.300048828125,1093.800048828125,1137.9000244140625,1485498
2026-04-06,1131.0,1156.4000244140625,1101.300048828125,1134.0,4716546
2026-04-07,1124.0999755859375,1173.9000244140625,1124.0999755859375,1168.199951171875,1729304
2026-04-08,1190.0,1223.0999755859375,1188.9000244140625,1213.0999755859375,1573122
2026-04-09,1213.300048828125,1229.699951171875,1194.800048828125,1199.5999755859375,1807078
2026-04-10,1207.0,1223.0999755859375,1196.5,1219.199951171875,1632332
2026-04-13,1205.0,1230.300048828125,1185.5,1218.5,1075242
2026-04-15,1234.0,1249.5,1211.0,1221.300048828125,1190536
2026-04-16,1226.0,1242.0,1219.5,1228.300048828125,1381465
2026-04-17,1228.300048828125,1284.0,1207.9000244140625,1270.0,2860655
2026-04-20,1274.9000244140625,1297.5,1250.0,1287.699951171875,1852542
2026-04-21,1290.0,1306.199951171875,1277.300048828125,1288.800048828125,1197265
2026-04-22,1289.0,1298.4000244140625,1272.300048828125,1278.5999755859375,1550115
2026-04-23,1278.5999755859375,1279.9000244140625,1251.699951171875,1254.5,843109
2026-04-24,1252.199951171875,1273.0999755859375,1237.300048828125,1256.0,1161639
2026-04-27,1257.9000244140625,1293.5999755859375,1257.5999755859375,1278.199951171875,1150764
2026-04-28,1283.5,1290.5,1262.5,1265.5,858544
2026-04-29,1270.9000244140625,1270.9000244140625,1224.5,1228.0999755859375,1069141
2026-04-30,1224.0,1234.4000244140625,1201.0999755859375,1223.0999755859375,878441
2026-05-01,1223.0999755859375,1223.0999755859375,1223.0999755859375,1223.0999755859375,0
2026-05-04,1245.0,1278.9000244140625,1234.0999755859375,1261.4000244140625,4141121
