time,open,high,low,close,volume
2015-01-01,197.50940138375998,200.8125313244198,197.46415019099916,198.77635192871094,3181076
2015-01-02,199.09311561351058,200.90305302817885,198.23339810328847,198.91212463378906,4451061
2015-01-05,200.40531190426702,200.90304744120442,195.6994775187408,197.0569305419922,3754758
2015-01-06,194.56825522596083,194.83974857639328,187.37375738749014,188.00723266601562,4896890
2015-01-07,187.5094961017615,188.68595807452277,180.63174284567117,184.4778594970703,5008202
2015-01-08,187.0570349529128,189.22896820435696,186.1068150184514,186.92129516601562,3214977
2015-01-09,189.1384413789986,189.54567449582078,184.11586278159115,186.96652221679688,3126189
2015-01-12,186.87604528548687,191.8081221692906,185.33760118531788,189.0932159423828,3567207
2015-01-13,189.40993445594523,190.94837834436808,186.42353525563897,187.64524841308594,2410981
2015-01-14,187.23801208141705,188.41447411279194,182.1249446253631,183.75389099121094,2935769
2015-01-15,191.85335493947807,193.52755247541197,187.4642514374195,190.0886688232422,5358144
2015-01-16,189.36469314579372,189.36469314579372,185.06609198716757,185.56382751464844,4167303
2015-01-19,185.92579957817568,188.6859566214333,185.92579957817568,188.0977325439453,2727640
2015-01-20,188.05249846522034,190.7674045629606,187.69050270028572,189.3647003173828,2995884
2015-01-21,189.40994865238383,196.37820476955838,188.7764733342273,195.47323608398438,6336999
2015-01-22,196.37819711243196,198.18813441300736,190.67689185387428,192.57733154296875,3802533
2015-01-23,195.42795956116217,196.28767693929578,187.0570003044505,187.4642333984375,5986702
2015-01-27,189.09318036565006,189.1384315559969,183.34663821844183,185.20181274414062,4183250
2015-01-28,184.613594377974,190.94837457721823,183.57288601158817,187.0570068359375,6508856
2015-01-29,186.4235382946545,187.6000002786474,179.4552825861625,180.17926025390625,8365165
2015-01-30,182.8036727620831,183.07516612694033,170.13411128352288,171.62730407714844,11653230
2015-02-02,171.94403652244407,175.11142666891016,170.0888481034832,173.57298278808594,5198700
2015-02-03,174.65893842317396,176.10689369524982,158.867239239404,160.043701171875,23151027
2015-02-04,160.17944085457486,162.71335567503627,156.9667995898144,160.2699432373047,6892060
2015-02-05,161.89888278377234,162.62286045130733,152.1704699872208,155.1116180419922,6474368
2015-02-06,154.38766093464028,158.95774168031068,152.30623022772716,154.2519073486328,6248611
2015-02-09,153.84467577635613,156.10709747894958,149.86281910328208,150.8582763671875,4991224
2015-02-10,149.77231692046416,156.46907964598535,148.64110606759056,150.40579223632812,7536862
2015-02-11,151.9894838830632,154.930632031891,150.81302186178692,152.7587127685547,4871847
2015-02-12,153.30168276078996,154.20665140473494,149.3198262509223,150.36053466796875,5723454
2015-02-13,150.9487720013359,153.52792434159713,150.9487720013359,151.71798706054688,7293616
2015-02-16,153.03021850378101,153.79943364275087,150.36054969043715,150.8130340576172,3955417
2015-02-18,152.89442467296803,154.6591104788332,151.3107298046002,151.9894561767578,6204480
2015-02-19,153.3921960363509,154.29716474452994,146.7859217048984,149.63658142089844,6211473
2015-02-20,150.40579181826342,153.75417317171693,148.18862131453923,151.31076049804688,7795303
2015-02-23,152.48722404964167,152.6682150256408,147.14791430967296,148.14337158203125,3782733
2015-02-24,148.4148544471401,148.776836373521,144.79497994842936,146.01669311523438,5656000
2015-02-25,148.05286242815163,148.1886021891099,144.38773698630968,144.9307098388672,5538181
2015-02-26,146.10719132440536,146.24294491229162,143.39228527139545,144.38775634765625,8905957
2015-02-27,145.97144503007098,150.81301898994124,144.84023422513974,150.36053466796875,6938775
2015-03-02,151.76325192001013,152.66822064202418,148.41487041030354,149.99856567382812,4472111
2015-03-03,151.03925754506542,154.4781410717027,149.31982268610946,153.1659393310547,4831921
2015-03-04,162.89435664246486,162.89435664246486,147.5551408203779,148.77684020996094,10791374
2015-03-05,149.1388403410491,149.50082228741135,146.69542768128875,147.78138732910156,5662205
2015-03-09,146.604913226209,148.59584138481992,144.3424917258045,146.107177734375,6243195
2015-03-10,146.4239455022502,148.59586496378535,145.88095873250282,147.87188720703125,4688547
2015-03-11,147.91712323984964,149.3198274106035,145.7452040010039,147.6456298828125,4486358
2015-03-12,149.13883528387842,151.220265926697,148.91259312289216,150.36053466796875,3243182
2015-03-13,152.39671813290684,153.21119821915644,149.3650813810348,150.27005004882812,5387958
2015-03-16,150.22478561378196,152.44195589272232,149.00307249644501,151.5369873046875,2366022
2015-03-17,152.6229507456961,153.03019766769035,149.41032322312026,151.67274475097656,2220029
2015-03-18,152.39670187341514,154.29714139651006,151.1297513971682,152.53245544433594,3562679
2015-03-19,153.66368689020177,153.8446778671237,145.56421984658965,146.55967712402344,3507227
2015-03-20,146.19769867531343,148.2338782841375,144.20677026398636,147.37416076660156,4609429
2015-03-23,147.6456249573011,148.7768357332802,145.6999479461072,147.6003875732422,2575948
2015-03-24,147.37414197462397,148.05286842435288,144.84022713389112,146.3334197998047,3666174
2015-03-25,147.05742225769632,147.05742225769632,140.08916562630785,140.72264099121094,4061249
2015-03-26,139.3651783192734,140.72263135485073,132.84940651024746,134.07110595703125,6682880
2015-03-27,134.47835101949104,135.5190594752765,129.04853895370368,132.8041534423828,7981634
2015-03-30,135.2023205918004,135.74530734466978,131.53720834047573,134.43310546875,4043714
2015-03-31,135.6095496111422,135.65478699395462,129.86299350402467,130.67745971679688,4878263
2015-04-01,130.31549593073845,138.18872104814187,129.4105272089972,137.50999450683594,6851445
2015-04-06,137.91720702770377,138.32445393851583,133.93535077150042,134.52357482910156,4912327
2015-04-07,135.92628855628791,136.87650840114847,133.93536028674365,136.2882843017578,5130148
2015-04-08,137.28373433531638,139.59140703508052,135.56429951283133,138.27920532226562,5274757
2015-04-09,138.82219203425518,147.73613918710555,137.10275704040728,146.55967712402344,10677889
2015-04-10,146.966883166633,149.77229112201528,144.251977587382,148.0528564453125,6720817
2015-04-13,148.05285592230965,151.03924100195718,147.32887834198877,149.86279296875,3636655
2015-04-15,150.72253658852236,154.52340228713416,149.86281910328208,150.8582763671875,5842805
2015-04-16,151.2202741799398,151.8990006999418,144.9759819106854,146.55967712402344,5693105
2015-04-17,146.60491896624953,149.6365694189801,145.79045271770502,147.7361297607422,3221014
2015-04-20,147.6003910337061,151.12976321401624,141.7180948607055,145.24746704101562,4771231
2015-04-21,144.79498021963155,147.37414632828387,142.26106530404292,145.3379669189453,4368756
2015-04-22,145.69995995041083,147.0121617969146,143.07555625740332,145.88095092773438,4121436
2015-04-23,147.05740451812744,147.41938645191257,144.34249858856202,144.79498291015625,3630930
2015-04-24,145.247450107344,145.247450107344,141.6275759613666,142.623046875,3857199
2015-04-27,143.03029939682128,146.51442045068757,139.95339766926205,144.47824096679688,5782192
2015-04-28,144.34249821064634,147.05740413310363,143.3470271822551,145.699951171875,3453682
2015-04-29,145.69995155334473,146.15243587493896,143.34702755756445,144.79498291015625,3438582
2015-04-30,144.52348965079216,146.01669619827356,143.07554810597082,144.56874084472656,3793999
2015-05-04,145.65471503351012,151.129778638134,145.2927330632569,150.8130340576172,4247243
2015-05-05,150.8130141378522,152.30622063755607,149.4103238318466,150.08905029296875,3014633
2015-05-06,149.72705925378833,151.08451221857104,143.61852091226612,144.79498291015625,4239348
2015-05-07,143.89002488077938,144.7949935907214,138.00772826615633,141.12986755371094,4699564
2015-05-08,142.9850280591019,144.84021631148693,128.77702486813845,131.85391235351562,24007184
2015-05-11,131.5824219604231,136.42400923796322,128.86751630394622,134.93081665039062,16920116
2015-05-12,134.38783448548324,134.38783448548324,128.2340453634603,129.18426513671875,9420744
2015-05-13,129.5010216313353,132.03492284921802,128.91278371318498,131.084716796875,6265150
2015-05-14,131.2204543349853,137.46473250053916,128.73179054587354,136.2882843017578,7147050
2015-05-15,136.28830621398765,136.96703281105187,132.84942202711665,133.39239501953125,7265749
2015-05-18,133.7091213958432,135.33806776850224,132.35166838674834,134.38784790039062,4215926
2015-05-19,133.98061435238262,136.0167938598391,133.1208968776462,135.29281616210938,4561243
2015-05-20,135.29282458599187,136.65027767548344,134.52359564512255,136.1525421142578,3297364
2015-05-21,136.96702040380416,136.96702040380416,133.21139195501806,134.88558959960938,2773904
2015-05-22,135.02130990948382,139.13891972655108,134.8403189545113,135.65478515625,5053228
2015-05-25,134.84032874559833,137.87197924424134,133.52812696585946,136.7407684326172,2644474
2015-05-26,137.0122508030422,138.36970380495632,135.42855563414238,135.97154235839844,2246754
2015-05-27,135.11180883284118,139.27465592555058,134.56882217309786,138.68643188476562,3523690
2015-05-28,138.64119477731734,143.70902475393265,135.8358002402872,141.40135192871094,10042433
2015-05-29,140.27012923842304,141.8538242459536,138.55069446802253,139.0484161376953,3279145
2015-06-01,139.18417995848006,141.0846058222248,138.68644444343062,139.22943115234375,2593483
2015-06-02,139.36518972984453,139.36518972984453,134.65935491629656,137.32901000976562,4215737
2015-06-03,136.74075353506132,137.46471732864617,134.02584788294538,135.6095428466797,2725092
2015-06-04,136.37877520787205,137.10275290243538,129.455770436289,131.084716796875,4081741
2015-06-05,130.31546915255743,133.03037475990237,129.5462403736534,130.04397583007812,2356297
2015-06-08,130.3154919514027,130.6322365178307,124.0712134855552,125.15717315673828,3844299
2015-06-09,123.34723025937095,126.37886696398907,122.08026585897277,123.3019790649414,4550384
2015-06-10,123.70921804496373,126.06214217926224,123.70921804496373,124.47844696044922,2636899
2015-06-11,126.24312202434886,126.24312202434886,119.45585739938387,119.86309051513672,3884771
2015-06-12,119.22961667467588,121.40153585721399,118.77713236092,119.3653564453125,3774860
2015-06-15,119.45586710998288,120.54182677651018,117.64592972952859,118.0079116821289,2757526
2015-06-16,118.09841189003507,120.54182454670436,117.1934432165482,120.08934020996094,3190856
2015-06-17,120.49656578505508,121.71827894103886,119.54635978454016,119.86309051513672,2298938
2015-06-18,120.81330166660788,122.17075449432258,118.23413577046026,119.00336456298828,3308221
2015-06-19,120.31559463408789,121.80880138267997,119.00339268561181,121.08482360839844,2459195
2015-06-22,122.61576222529165,129.80662261980953,121.59513247049468,128.09010314941406,5652399
2015-06-23,130.13136709482558,134.39949602812348,130.13136709482558,132.8685302734375,6896968
2015-06-24,133.5180344363349,133.5180344363349,127.20864567457178,128.09010314941406,4147880
2015-06-25,127.30139529088038,129.8529903698656,125.35291299803737,128.229248046875,5649031
2015-06-26,128.13648722877247,128.13648722877247,125.5384963567579,126.09519958496094,3411146
2015-06-29,122.19823686108063,128.69320783943022,120.24975406232365,127.62618255615234,5778838
2015-06-30,127.11584223951527,129.38907892243535,125.63127199545139,128.78598022460938,3406724
2015-07-01,128.8323827646213,132.63657121705435,127.5333801903492,130.64169311523438,4730525
2015-07-02,131.56954868238307,132.17264742544543,130.08497832696656,131.33758544921875,2833710
2015-07-03,131.66231289209108,132.6365612098115,130.17775683653167,132.03346252441406,2688959
2015-07-06,129.48186919151786,134.07473800795918,128.8323750223695,133.5180206298828,3079695
2015-07-07,133.981946145144,136.11601053599983,133.84277388052968,134.63145446777344,3577535
2015-07-08,132.9613338886123,133.61082813825738,129.5282807194202,132.1726531982422,2545136
2015-07-09,132.86852646073444,135.46651729523904,132.45099550613267,133.5180206298828,3487397
2015-07-10,134.49226804524815,135.79127053259606,133.51801971921498,134.63145446777344,2912877
2015-07-13,135.18818180596767,136.85832006889967,133.70362547284975,134.5850830078125,2673162
2015-07-14,134.63146460484174,136.67273820104492,133.74999300287743,134.26031494140625,2157420
2015-07-15,134.53868233157692,135.6057075972484,132.12625891625936,133.19329833984375,1824927
2015-07-16,133.61082458496094,134.72424529158647,132.96133035258876,133.61082458496094,2437394
2015-07-17,133.8427817077472,134.9562023635083,133.6108184812173,134.3531036376953,1773902
2015-07-20,134.35310658043895,134.6314652899541,130.03858197773462,131.10562133789062,3104291
2015-07-21,131.19839770753393,131.84790608025315,127.34781373853184,127.95091247558594,3168580
2015-07-22,127.57978464532397,129.9922080545098,125.81686964793556,129.01795959472656,4024846
2015-07-23,128.97154730137404,131.24478397258582,128.60041182122515,129.57464599609375,3350378
2015-07-24,128.73959438406305,131.01283123710013,128.50763115093864,128.9715576171875,3770415
2015-07-27,128.04370133191227,128.97155424011453,124.65704388013873,125.3993148803711,5645768
2015-07-28,124.37868100636224,133.79638204572674,122.61575204513217,131.61593627929688,23448427
2015-07-29,132.40460051748104,132.45099599214282,125.53849500487064,127.71894073486328,7448459
2015-07-30,128.9251567292958,143.81719850259884,127.62616834146922,140.19857788085938,17601728
2015-07-31,138.71400982180967,143.5852375914719,136.39437755054195,140.1057891845703,10309473
2015-08-03,140.10579443277112,147.29665474306236,139.781040239464,143.8636016845703,9160148
2015-08-04,144.65226367312056,148.9203927419743,142.10066815884997,147.66778564453125,9912356
2015-08-05,149.2451437475283,151.98230695479504,146.87911603490693,147.5286102294922,6021357
2015-08-06,147.0647027786637,151.1472503787546,145.25539223221236,150.2657928466797,5153544
2015-08-07,150.12660704186325,151.05445997270553,146.73993534954164,148.36367797851562,2952255
2015-08-10,148.22449763483985,150.59052531129748,146.73992736312604,147.62139892578125,2300821
2015-08-11,148.03894582554784,149.19876205082178,142.56460474750713,144.69866943359375,2801635
2015-08-12,142.471816619992,147.06468567543428,141.03364178338177,141.68313598632812,4438186
2015-08-13,143.30688286017624,146.1368371411589,140.5233240574875,141.82232666015625,3240640
2015-08-14,143.8172084263393,155.13701167734607,141.49757603236608,154.25555419921875,8118172
2015-08-17,155.46176625713747,167.523854735396,155.46176625713747,160.7969207763672,11270555
2015-08-18,160.51855892638235,163.1165499949236,155.9720851748694,158.29171752929688,8272132
2015-08-19,157.5030148824056,158.1525090194108,154.4874932425363,155.8792724609375,3337718
2015-08-20,154.95143338569306,157.82778302188552,146.64715281127565,147.5286102294922,4320237
2015-08-21,143.81721216237,149.05957584576862,141.4975797081382,147.85337829589844,5226166
2015-08-24,141.49758293729323,142.84296695986845,129.66745715073264,132.3118438720703,8034728
2015-08-25,137.13665619104586,137.13665619104586,127.76533659736326,133.74998474121094,6205792
2015-08-26,133.61082156795638,134.81703320536062,129.62105114788636,132.12625122070312,4762592
2015-08-27,135.79127865514877,136.02324188198853,131.8479037988732,135.3737335205078,4916923
2015-08-28,137.69336917833547,139.03876725345341,131.29118962312867,132.91493225097656,4350664
2015-08-31,132.68297199272297,136.85831027221425,131.75511904172492,134.39950561523438,4882471
2015-09-01,132.68297659122962,133.33247084785583,123.86837325125282,125.0745849609375,8211414
2015-09-02,127.34781076428334,128.0437004405909,119.36827014612531,120.2033462524414,8014991
2015-09-03,122.29101974468983,123.63640366973868,120.6672771073762,121.36316680908203,5099507
2015-09-04,120.62088275274856,122.6621563985203,114.68262249374509,121.3167724609375,9345495
2015-09-07,120.71366677691663,122.94050805205335,118.30124359725889,118.6723861694336,4013604
2015-09-08,120.20334150271577,125.07456904438656,118.95073447169311,123.2652587890625,6070006
2015-09-09,125.26012918171266,127.95089666393349,123.45081903622554,125.86322784423828,5098850
2015-09-10,122.4765934499183,125.12098010802488,120.62088748855591,124.28590393066406,3922991
2015-09-11,125.26014533627875,126.93028343901155,123.17247624734077,124.79621887207031,3417864
2015-09-14,125.02817772630469,127.85813189046756,124.51785580196194,127.3014144897461,3010877
2015-09-15,126.97666728551448,128.73958202485264,124.51784875569874,125.4457015991211,3458527
2015-09-16,127.11585825266856,127.486993781482,124.61065803839563,126.65193176269531,3301842
2015-09-18,128.50763589215126,132.49740648067424,127.85814164702256,128.5540313720703,7905173
2015-09-21,127.02304842905184,130.7344597977068,126.23438200795914,129.6674346923828,4789647
2015-09-22,131.1056216168875,131.70872035719364,124.2858969298586,124.79621887207031,4746097
2015-09-23,122.47657075545239,127.11583479921951,122.10543529511513,125.86322784423828,4059340
2015-09-24,125.44570003078013,127.06944248646899,124.7962058800867,126.04881286621094,3171277
2015-09-28,126.6519233315191,127.99730723129717,124.47146331063219,125.1209716796875,3171286
2015-09-29,123.86836656502804,127.34781506404568,121.31677099908177,125.3065414428711,7166090
2015-09-30,126.37356932365246,126.97668223764299,122.4765897539722,123.63640594482422,3907543
2015-10-01,125.12096704926863,125.12096704926863,122.24461744619362,122.89411163330078,2458691
2015-10-05,124.51785561260425,126.83748784889686,123.91475689433283,126.2807846069336,3236750
2015-10-06,126.79108091763467,127.85812014467446,124.51784436302606,126.93026733398438,3489877
2015-10-07,127.11584534407059,129.76023173154616,126.32716472804134,128.92515563964844,3551845
2015-10-08,128.6004285856517,131.3839875233679,127.48699368423495,129.01795959472656,4193643
2015-10-09,130.82727867354672,131.6159594209145,127.11586651259505,128.18289184570312,3223252
2015-10-12,127.11586057627082,129.6674563177653,125.86325336728098,127.62618255615234,2638778
2015-10-13,127.48698925861156,128.83238735813345,125.44571560673036,126.79109954833984,2310932
2015-10-14,126.65192713267042,128.1364975094784,125.35293867139772,125.77046966552734,2413396
2015-10-15,126.234401084293,128.22927933324343,126.234401084293,127.44061279296875,2209698
2015-10-16,127.11585953684788,129.11073780072078,125.7240800528678,128.69320678710938,2750396
2015-10-19,128.64679835725943,128.9715525339989,127.1158467421428,127.3014144897461,1561020
2015-10-20,127.39418622964364,129.7138181196302,127.34779076026201,128.229248046875,2856456
2015-10-21,128.27567960061202,128.78600159154615,124.98179855867002,125.95604705810547,2267463
2015-10-23,127.25501906270244,127.95090873491827,125.72406744699228,126.00242614746094,1391276
2015-10-26,127.11584251020207,127.16223798503621,124.05392522399454,124.56424713134766,1829042
2015-10-27,124.23951353110697,125.49212076942,123.86837798682122,124.65705871582031,1257623
2015-10-28,124.23950267409712,124.9817878557155,120.52809092391753,121.08480834960938,4038959
2015-10-29,121.08480756992219,122.33741469070695,118.90434751756716,119.5538558959961,4731563
2015-10-30,119.69302640679847,121.0848057836217,118.39403090597224,119.08992767333984,2623928
2015-11-02,119.27548801570435,120.76004409734507,117.93009712098,120.11054992675781,3110192
2015-11-03,121.31677070368733,122.89411785448553,120.52809004933215,120.85284423828125,3101756
2015-11-04,122.38378861321858,123.12607374518831,121.08480025070504,121.64151763916016,2731214
2015-11-05,121.5487366994817,122.29102189258774,119.87859855447121,120.24974822998047,2037926
2015-11-06,121.54873065009792,125.677673248996,119.32188933952038,123.3116455078125,13582215
2015-11-09,119.69303755839519,126.3271808761797,119.46107430731304,125.49211883544922,5171021
2015-11-10,124.79622389178411,127.34781954756407,122.47659147743867,124.10033416748047,4403901
2015-11-13,123.63639335874197,127.85812669525683,122.75493597500856,126.97666931152344,2906613
2015-11-16,126.97667107051376,130.36332838679263,126.97667107051376,130.03857421875,4746650
2015-11-17,130.82726737362287,131.52315709369535,129.06435241260436,130.68809509277344,3534112
2015-11-18,130.31694177424765,132.07987084394034,125.72407258163032,126.3271713256836,3956300
2015-11-19,127.85814003765479,129.52827818832966,127.02306388336109,129.11073303222656,2932388
2015-11-20,129.20352260357163,130.59530202120436,127.20864443479634,129.43548583984375,3098405
2015-11-23,130.27053631076217,131.29118012329496,128.04369510257743,128.78598022460938,3433671
2015-11-24,128.46124745700743,129.89942246589106,127.67258088678405,128.04371643066406,2256924
2015-11-26,128.73959142315388,130.36333401768013,127.39420753355733,129.85301208496094,3584105
2015-11-27,130.6416902865422,135.3737315504621,129.99219609242513,133.88917541503906,6935618
2015-11-30,134.49227076295534,135.69848232632717,133.6108133674606,133.98194885253906,3171552
2015-12-01,135.0026096985413,135.28096842640954,132.96133595736245,133.42526245117188,2615148
2015-12-02,133.51803080402777,134.26031597872176,129.15712486982977,129.5282745361328,3734515
2015-12-03,128.87877006163023,129.15712878030732,126.23439762897915,126.51275634765625,3903844
2015-12-04,125.30654081428202,125.5848995243895,123.96115689965997,124.79621887207031,3366987
2015-12-07,125.35292910027815,125.95602780598205,123.40443239923103,124.23949432373047,2442243
2015-12-08,123.86835933188944,125.26013865022527,121.73429487885888,122.3837890625,3373870
2015-12-09,122.05904589952695,122.940503280142,120.62087114278083,120.94562530517578,3016932
2015-12-10,121.36316831666358,122.24462578485806,118.8579681909852,119.73942565917969,2573019
2015-12-11,120.43531051575968,121.50233569879528,112.03823885103552,114.12590789794922,7896697
2015-12-14,113.1980546817747,116.07439727838928,111.94545467280855,115.70325469970703,5814037
2015-12-15,115.65686001847773,115.88882323268288,112.45576341507339,112.780517578125,5102473
2015-12-16,113.47641824211367,114.17230795231725,111.52792139037867,112.13102722167969,6913584
2015-12-17,113.89395054408483,114.82180350167411,112.73413434709822,113.6619873046875,6864105
2015-12-18,113.56919402073159,115.05375721415535,112.64134113997227,113.19805145263672,7206068
2015-12-21,114.12590499060131,114.49704756083344,113.24444758038628,113.7083740234375,3217352
2015-12-22,114.07952272568726,114.77541247085156,111.57432247467834,111.94546508789062,4260147
2015-12-23,112.73412884707335,112.87330819971278,111.57431270667136,112.5485610961914,3614772
2015-12-24,113.01248910772445,113.1052729844424,110.7856406717137,111.43513488769531,3296574
2015-12-28,111.80627554295384,112.54856070179234,111.52791683865043,111.75988006591797,3212031
2015-12-29,112.13101972780424,112.64134164609715,110.87841974894206,111.34234619140625,2931351
2015-12-30,111.38874790437322,111.9918466501822,108.74436137109208,109.30107879638672,5194005
2015-12-31,109.30108172163418,109.30108172163418,106.8422699572976,107.35258483886719,8169315
2016-01-01,107.63093815538754,109.39386010993077,107.16701169782121,109.1155014038086,4070369
2016-01-04,108.55879124692035,108.55879124692035,104.3834531220388,104.66181182861328,6341172
2016-01-05,104.84737754735382,105.17212464608984,102.24938659955386,102.62052917480469,7271156
2016-01-06,102.94528040656097,103.73396106524116,101.4143287254903,101.69268035888672,5910731
2016-01-07,100.30089428454224,100.62564137471888,96.96062535323622,97.470947265625,7497260
2016-01-08,98.35241066730198,99.04830036541969,97.33177385918724,97.51734161376953,3802305
2016-01-11,95.56885810208693,96.72867434118993,94.3626463818372,95.47607421875,5427630
2016-01-12,95.56884649911093,96.032772938427,92.08939820424038,92.46054077148438,5896423
2016-01-13,93.52757938710701,93.89871490074972,88.70273984123403,90.9295883178711,8600712
2016-01-14,89.07388046439765,91.20794501543958,87.40374237410778,90.7440185546875,6363630
2016-01-15,91.67186947969131,91.67186947969131,84.66657724331927,85.54803466796875,7222691
2016-01-18,86.29032596956085,87.40374669887588,82.39334633800193,84.29544067382812,9931003
2016-01-19,84.71297359494933,86.66146329200667,84.43461489010288,85.77999877929688,6686327
2016-01-20,83.46036193917044,83.97068384383674,80.25927240322517,80.95516204833984,8017246
2016-01-21,82.25416678111226,83.83151399037627,81.04795509476473,82.20777130126953,11589718
2016-01-22,83.41397700667747,86.29031957677893,82.76447573023144,85.8263931274414,11244721
2016-01-25,87.2181824962831,87.45014574760302,84.99133386782073,85.22329711914062,5318999
2016-01-27,85.64082974401737,87.7748872723598,84.01708708858116,86.98621368408203,6478152
2016-01-28,87.12538784169617,87.17177623885195,84.52739691647666,84.80575561523438,7632697
2016-01-29,84.62018359304278,85.36246876168329,81.74384095273378,84.71297454833984,7763785
2016-02-01,85.17689651840888,85.17689651840888,82.9964366050914,83.55315399169922,5232221
2016-02-02,83.50676552543426,86.29032437628207,82.62530805424828,83.04283905029297,9705728
2016-02-03,81.7902305848513,83.5067569508272,80.81598225550945,82.81086730957031,5636876
2016-02-04,84.24905114226756,84.9913292588646,82.76448075116097,84.34183502197266,5823104
2016-02-05,84.75936230476897,88.60995331487133,84.06347261905009,87.86766815185547,6770437
2016-02-08,88.28520984873956,90.74402158872746,86.61507170260838,87.49653625488281,7567138
2016-02-09,85.362465013466,88.09962817959811,80.90876835509418,81.4190902709961,30890669
2016-02-10,80.07371076327115,80.39845787327474,73.4859492911261,74.18183898925781,26606824
2016-02-11,73.30038405410068,74.69216349816587,70.60960904645002,71.49107360839844,16421708
2016-02-12,71.53745429047275,71.58384976518484,67.26933253831557,68.33636474609375,12215510
2016-02-15,70.51682456022773,73.30038342444725,69.6353670848074,70.98075103759766,14695012
2016-02-16,71.81582149677861,72.37253186456088,66.9445933905101,67.26934051513672,10568003
2016-02-17,67.36211282853505,67.91882310071365,64.30020279207515,67.40850830078125,12451921
2016-02-18,68.61471786201132,69.49618234818007,66.20230178215212,67.22293853759766,7903275
2016-02-19,67.22294558519535,71.25911171230784,66.66623521285598,70.656005859375,16318164
2016-02-22,70.98074635773426,72.18695795095128,69.63536249364711,70.09928894042969,7213267
2016-02-23,68.84668977852463,69.49619112599396,67.17655862565341,67.45491027832031,7656415
2016-02-24,65.59919512035849,68.33636533602358,64.25381128956005,66.99097442626953,13589385
2016-02-25,67.03737464931368,67.91883210723778,65.97034235675137,66.57344818115234,5975910
2016-02-26,67.64048311997702,68.05801412607462,66.38788302272782,67.26934051513672,7290229
2016-02-29,67.82604551981416,70.00649841727433,65.41362939754002,65.87755584716797,18897468
2016-03-01,66.80540610701684,68.66111183221174,66.80540610701684,68.33636474609375,7025298
2016-03-02,71.53745689293943,73.62512590973118,71.25910527140735,72.97563171386719,14897378
2016-03-03,74.3674091107405,74.59937232875345,70.98074471196041,73.30037689208984,9360691
2016-03-04,72.83644954267754,78.35717123057216,71.90859668226128,77.01178741455078,20605169
2016-03-08,76.77983423244734,77.05819295852822,75.01691215150015,75.6200180053711,9177778
2016-03-09,74.22823643632906,77.0117953026914,73.81070543795721,76.73343658447266,8651489
2016-03-10,77.66127584743221,77.84685065317802,75.2488600043769,75.89836120605469,6709519
2016-03-11,75.80558382412616,76.87261614143596,74.6457676268234,75.94476318359375,6118213
2016-03-14,77.38293383975262,77.38293383975262,75.66640737803387,76.36229705810547,4796884
2016-03-15,76.7334284962676,78.35717099715923,76.1767181974673,77.29014587402344,7553332
2016-03-16,77.66128839572943,78.12521486662138,75.10969280582371,76.77983093261719,6788879
2016-03-17,78.86750005163096,78.86750005163096,76.36229994039691,76.77983093261719,6004065
2016-03-18,77.56850104181501,78.49635394202562,76.50146879078166,78.21800231933594,5210801
2016-03-21,79.23864332707463,81.18713310582314,78.96028461055789,80.16649627685547,9559481
2016-03-22,80.67680768283324,80.67680768283324,78.68192958974733,79.74895477294922,5653763
2016-03-23,79.60978575143024,79.74895803043283,78.12521537181124,78.58914184570312,5714949
2016-03-28,78.77471726844689,79.09946438679498,75.80558356608493,76.2231216430664,6095882
2016-03-29,76.08394736229617,77.0581958613229,75.20248982809616,76.03755187988281,5203411
2016-03-30,76.54786118337212,79.98091394425627,76.36229344238859,79.37781524658203,8356521
2016-03-31,79.09946379856667,80.16649610430926,78.31079020874171,78.58914184570312,12485726
2016-04-01,78.40357111365917,81.74384018318365,78.17160788551226,81.32630920410156,10487538
2016-04-04,82.11498121464707,82.20776508836398,79.88813285066209,80.58402252197266,5271040
2016-04-05,80.53762899531816,81.09433928111973,76.17671641880256,76.82621765136719,10546767
2016-04-06,76.82621820071873,77.24374914831665,75.1560802524162,75.48082733154297,6204590
2016-04-07,75.99115114859276,76.59425692734263,74.46019250375252,75.15608215332031,7049389
2016-04-08,75.06330763216579,75.94476513316116,74.1354546505048,75.6200180053711,3862497
2016-04-11,75.99115709677324,77.38293650484982,74.41380285357941,77.05818939208984,6957616
2016-04-12,77.33654503556644,78.17161413949478,76.73343917834283,77.42932891845703,5233194
2016-04-13,78.77471950469827,79.60978860341083,78.07882976893055,78.4963607788086,5928217
2016-04-18,78.21799713311802,78.3107810011959,75.01690059226556,76.54785919189453,5067674
2016-04-20,77.29014941912534,78.72831716707827,76.1303332938621,78.21800231933594,6313954
2016-04-21,78.96028592305608,84.89854631615195,78.96028592305608,82.20777130126953,19246303
2016-04-22,81.55827470680471,84.66658063486894,81.27991599368296,83.59954833984375,11826755
2016-04-25,83.87790064996068,84.57379030068664,82.06858331069982,82.76447296142578,6476934
2016-04-26,82.30055169802247,84.15625754987376,81.46548972785422,83.64594268798828,7516256
2016-04-27,83.64594381834942,85.50164969527805,83.08923347106206,83.59954833984375,6923537
2016-04-28,83.87790480274077,84.57379448792011,81.55827251880964,81.83662414550781,6551956
2016-04-29,81.92941061681147,82.71808413440026,78.12520821616752,80.67680358886719,9480942
2016-05-02,80.53764649924435,80.53764649924435,77.66129641937663,78.0788345336914,6845550
2016-05-03,78.63553278619501,79.98091665124966,76.64064764780422,76.91900634765625,6894167
2016-05-04,76.73342233931646,77.70767059326172,75.15607543945313,75.3880386352539,6401120
2016-05-05,76.54786440640498,76.54786440640498,74.97051730476443,75.57361602783203,5438243
2016-05-06,75.62002423065542,76.54787728870026,74.32102853360122,74.87773895263672,8653694
2016-05-09,75.62001475538733,76.91901028967601,75.43444699861301,76.77983093261719,5731887
2016-05-10,76.73343344389059,77.19735990262986,75.43444502258545,76.5942611694336,5975377
2016-05-11,75.24886833019511,76.4086844483515,73.57873736742339,73.7643051147461,9023281
2016-05-12,74.59937039225899,74.6921542612645,72.60448535334096,73.6251220703125,9312004
2016-05-13,73.6251312358845,73.71791511644065,71.25911042639915,72.00138854980469,6032591
2016-05-16,71.39827782143279,71.44467329801384,68.38275589651661,69.54257202148438,8869168
2016-05-17,69.82093283443128,70.19207542143542,67.73326374635859,68.42915344238281,10832961
2016-05-18,67.64047476467292,71.58384941121267,66.89818964668322,70.70238494873047,53402234
2016-05-19,69.1250428863652,70.0528958110144,68.15079448390112,68.70751190185547,14829522
2016-05-20,68.89307528158291,69.26421784367211,67.45490050809558,68.0580062866211,7170774
2016-05-23,68.47555132433095,68.61472360525687,66.85180864326985,67.0373764038086,5762911
2016-05-24,66.85179642422838,67.45489507522427,65.92394363321317,66.66622161865234,5335725
2016-05-25,67.8260484919962,68.9394762672679,67.45490590023897,68.66111755371094,6753231
2016-05-26,68.84667833587991,69.6817473130014,67.73325775235487,69.17143249511719,7655312
2016-05-27,69.86732755844059,72.0941688985223,69.40340109943092,71.07353210449219,8606243
2016-05-30,72.37252654920692,73.20759557902741,70.88796331783487,71.63024139404297,8799323
2016-05-31,72.27974014862401,73.76430332811573,70.19207118650753,73.30037689208984,10240573
2016-06-01,73.30038548835388,73.99627522400282,70.74878979097447,71.16632080078125,8993217
2016-06-02,71.07353194264182,72.23334808752486,70.51682160888915,71.8622055053711,6057502
2016-06-03,72.41892793758007,73.06842219214992,70.00650452584868,70.656005859375,7616323
2016-06-06,70.93434971619953,72.18695676509992,70.56321422803494,71.44467163085938,5897442
2016-06-07,71.90860353982283,72.97563584685017,70.7951828327242,72.04778289794922,10613718
2016-06-08,72.14057526298723,75.52724034064234,71.81582810846294,74.87773895263672,17047951
2016-06-09,75.34165319750241,78.31078674651476,75.10968997081189,76.36229705810547,22320765
2016-06-10,76.36229872488397,78.82110331830782,76.03754453726403,78.12521362304688,18694884
2016-06-13,76.59425645894568,77.42931837015588,75.85197133903044,77.01178741455078,8970712
2016-06-14,78.40357141371999,84.20265213958686,78.40357141371999,83.41397857666016,28103102
2016-06-15,84.57379187701348,84.94493444677597,83.0428332010905,83.50675964355469,18835068
2016-06-16,83.04283909219431,86.24392894070199,82.20777002072737,85.91918182373047,23936547
2016-06-17,86.84703414097835,88.09963419956361,86.33671926916165,87.77488708496094,15970335
2016-06-20,85.7336082266821,89.81616234775376,85.36246565586545,89.53780364990234,17693806
2016-06-21,90.0017318725586,91.76465380956483,89.63058929440635,90.0017318725586,12387930
2016-06-22,89.9089479977595,90.83680090366217,89.07387896665593,90.0017318725586,10891950
2016-06-23,90.92959264183526,92.50693988669265,90.92959264183526,92.08940887451172,11372569
2016-06-24,88.8883106430764,95.56884869085478,86.80064161827617,95.01213836669922,26994254
2016-06-27,96.26473895223808,97.37815960733222,95.47606539830008,96.82144927978516,15188902
2016-06-28,97.33176522495822,97.8884755182758,95.84720208312616,96.77505493164062,10418872
2016-06-29,97.61012169635804,97.79569652268196,96.54309653055755,96.86784362792969,6618702
2016-06-30,97.88848570208981,98.8163386471333,97.09981211459406,98.25962829589844,8714879
2016-07-01,98.44519826340448,99.00190862713741,97.2853820560624,97.65652465820312,7061717
2016-07-04,98.53798062837802,105.4504893651746,97.98127027320903,104.52263641357422,22334797
2016-07-05,104.84737862834798,108.04846833010899,104.42984765123337,105.72883605957031,17612794
2016-07-07,108.55878841948652,110.32171033097873,108.00207809979312,108.41960906982422,16287980
2016-07-08,109.39386010993077,110.13613819466332,105.77523232512225,109.1155014038086,15826201
2016-07-11,112.27020803614354,119.18270974893517,111.24957119706077,118.11568450927734,28664551
2016-07-12,119.18270735294918,119.97138801538892,115.42490719201338,117.14143371582031,27472799
2016-07-13,117.74454169185513,118.02289333165882,114.63623570083146,116.02801513671875,14121570
2016-07-14,115.23932700514116,124.19311595821651,115.14654313120872,123.35803985595703,32394959
2016-07-15,124.33230624115353,127.57979185192993,124.05394750007567,126.14161682128906,28503057
2016-07-18,127.30141190750801,127.9045247723744,122.01265333957997,122.66214752197266,20155095
2016-07-19,122.47658500024316,124.74982181449862,119.4610630210705,121.68790435791016,33819095
2016-07-20,122.01266001977747,122.38379552777545,119.27549671403408,120.06416320800781,17487077
2016-07-21,119.6930230930941,119.87859083995069,113.66197929382967,114.72901153564453,16629689
2016-07-22,113.94033916221416,113.98672755992641,110.78563788059117,111.52791595458984,21835148
2016-07-25,110.83203079060922,121.96626606450039,110.55367915613563,120.80644989013672,32101748
2016-07-26,122.19823119669641,125.21375329686275,119.50746329355916,119.97138977050781,25554181
2016-07-27,120.620888500423,123.68280619393943,119.32189997973751,123.21887969970703,18362804
2016-07-28,123.63639965875691,126.74471255536879,119.22909835760048,119.6466293334961,64858706
2016-07-29,119.22909689677545,120.11055431462454,114.03312210539195,114.45065307617188,22168964
2016-08-01,116.44553745012342,116.90946389414782,111.34234656585507,113.43001556396484,18871095
2016-08-02,113.66198168771164,115.7032552619494,111.75988038706961,113.84754943847656,18591611
2016-08-03,113.75477252417932,115.42491069908932,112.03824594821737,112.82691955566406,12484041
2016-08-04,114.1258995925548,114.86818469790968,111.89905135544558,113.6155776977539,13542657
2016-08-05,114.96097870601807,116.167183259914,113.24445221231034,114.58983612060547,10784130
2016-08-08,115.28572687425944,115.47129462919493,112.68773583142608,114.03312683105469,7678168
2016-08-09,114.12591699095701,116.77029657861472,113.2444594880566,114.86820220947266,15356570
2016-08-10,114.91457862841472,115.10015345317082,110.64645676440493,111.0639877319336,12995177
2016-08-11,110.41449525894657,110.41449525894657,106.33194107727839,107.86289978027344,12331905
2016-08-12,107.21340919231224,115.00736816290012,107.02783435842066,114.03312683105469,21812608
2016-08-16,114.86820384459946,114.86820384459946,112.36299650566538,113.75477600097656,10314844
2016-08-17,113.61558541915007,117.6053557434082,113.5228015444139,115.98161315917969,13020777
2016-08-18,116.95586403264558,118.85796536055628,116.63110984571739,117.46617889404297,10505709
2016-08-19,118.44042103784432,119.60023005389506,117.46617268645669,118.99713134765625,11746246
2016-08-22,118.76517423454334,120.06416266456884,117.23421549463497,118.25485229492188,7084937
2016-08-23,118.20847261201483,118.62600362688669,116.02801949632165,117.69815063476562,7811577
2016-08-24,118.76517351332626,118.76517351332626,116.58472057164623,117.23421478271484,7590313
2016-08-25,117.32699971005255,118.20846423749381,116.07439967522131,116.67750549316406,4990619
2016-08-26,116.67750742988767,116.90947066533475,113.47641761230025,113.98673248291016,7612957
2016-08-29,113.94033622156043,114.86818909932897,112.91969239285048,114.26508331298828,5588874
2016-08-30,114.96098218299186,118.3940352742394,114.58983958635412,117.88372039794922,8091845
2016-08-31,118.20846925994275,120.52809459551057,117.55896793650217,118.34764862060547,12256198
2016-09-01,118.06928488274455,118.85796553333833,115.98161579837382,116.67750549316406,6989295
2016-09-02,116.95586876845614,117.65175849041294,115.33212608389026,117.04865264892578,6841019
2016-09-06,118.16207151777255,123.59000984804607,118.11568311774401,123.12608337402344,16168091
2016-09-07,124.33228754355524,132.12624617416571,124.33228754355524,129.15711975097656,32963976
2016-09-08,129.89942040144953,133.33247368047662,129.62106166900662,132.3118438720703,15259938
2016-09-09,132.35821779670866,135.28096308710005,130.1313763774783,134.39950561523438,21172922
2016-09-12,129.62104672956622,132.35820994097165,125.95603062223275,127.3014144897461,16293600
2016-09-14,128.136508096937,132.12626476818195,127.85814935854667,131.66233825683594,11923165
2016-09-15,132.26542178019378,132.86852044755645,127.34779902277766,128.7395782470703,11864416
2016-09-16,130.78086120325978,133.05409793808658,127.3478083631222,127.90452575683594,14310678
2016-09-19,128.69318411880104,130.13135883050637,127.76533129291506,128.41482543945312,6831658
2016-09-20,128.41483489081264,128.8787613379007,126.9766742311689,127.57977294921875,6289148
2016-09-21,128.04371634636135,128.87877839849833,125.49212054960417,125.95604705810547,8304597
2016-09-22,130.82724315019254,131.43034179942305,127.7189306462261,130.96641540527344,10960659
2016-09-23,131.19839099195124,131.6159361124444,128.9715497529073,129.24990844726562,8968324
2016-09-26,127.5797697735515,131.291181257873,127.5797697735515,130.03857421875,10127982
2016-09-27,130.92005053514652,131.66232153268376,128.7395905456235,129.6210479736328,8289234
2016-09-28,129.38909915899666,136.5799599723849,129.06435910088197,135.9304656982422,21069168
2016-09-29,137.32221377986997,139.68824124076733,122.33739679070361,126.74469757080078,34985624
2016-09-30,127.11585140954016,131.70872058144113,126.65192494454183,130.5489044189453,15959086
2016-10-03,132.8685345153534,133.8427829070914,131.75511384961507,133.00772094726562,12933258
2016-10-04,133.61080912951067,136.53353991605442,131.15200476355554,135.1881561279297,27243314
2016-10-05,136.57994314405755,137.22943733817462,133.14689026837175,133.88917541503906,14790271
2016-10-06,134.26032061820456,134.631470297333,130.36334101378773,131.70872497558594,12147845
2016-10-07,131.6623237672765,134.07474702395183,130.4561262968508,133.23968505859375,11947869
2016-10-10,134.44589711684975,135.55933206868795,132.96134077758802,134.0283660888672,7198394
2016-10-13,132.6829747858875,133.6108277564182,125.95604074954007,127.997314453125,11908050
2016-10-14,128.832378845823,131.0128246325255,128.32205692709297,128.92515563964844,11186258
2016-10-17,129.43548611053728,131.24479652566126,125.81686528028938,126.79109954833984,11933751
2016-10-18,129.4818769728014,131.10561957220756,127.394207916422,130.64169311523438,10742701
2016-10-19,131.75512577292972,131.98708902252994,129.66745652652767,130.73448181152344,7757181
2016-10-20,131.66231663759925,135.79127323692612,130.9664269848468,135.3273468017578,12951807
2016-10-21,135.83766944966254,137.27584438797243,132.68297500774833,136.9047088623047,11120267
2016-10-24,137.4614104012006,137.97173236093295,135.18817348011555,136.44078063964844,10264829
2016-10-25,137.04387676186835,137.73976646867325,135.42013411265683,135.74488830566406,5409087
2016-10-26,135.1881717658398,136.8583099047343,132.91493487358093,133.61082458496094,7700465
2016-10-27,133.61082319443497,134.30671289857264,130.96643665554686,131.56954956054688,7229997
2016-10-28,131.6623213239468,134.12114001260395,131.4303580981062,133.56442260742188,6544009
2016-11-01,134.26030574801428,135.18815860620086,132.9613174097175,133.5180206298828,4844200
2016-11-02,131.47676649871948,131.61595294265257,126.37357502859484,126.8375015258789,10367286
2016-11-03,126.88388576684386,128.27566513540157,122.9405108892637,123.54360961914062,8462202
2016-11-04,123.35804422124,123.49723065549779,119.41466926844198,122.1518325805664,10318429
2016-11-07,129.06434735531622,131.05922547819114,126.46635633726348,130.3169403076172,18907953
2016-11-08,129.85301806666308,131.01283425903756,128.18287991806136,130.4561309814453,9438660
2016-11-09,119.69301891070486,134.0747382371849,117.88370866572991,131.940673828125,18051951
2016-11-10,136.39438231359827,149.75545899952053,135.37373841543365,147.80697631835938,37273635
2016-11-11,146.0904480279126,152.49264204778265,143.2141123012285,144.46670532226562,27229891
2016-11-15,145.67289801299395,149.61627264073422,140.38413957913625,143.53883361816406,20356688
2016-11-16,147.0647006995765,147.5750226818517,137.09028093604056,138.0645294189453,17007653
2016-11-17,138.853182725807,141.63674146397548,135.93045171389483,136.9510955810547,14077616
2016-11-18,137.9717354252126,141.26561633891774,135.69849845364018,138.94598388671875,15123798
2016-11-21,140.0593973039742,140.29136053705727,125.39931814154187,126.60552978515625,19917880
2016-11-22,128.73959134540104,129.71383973311075,124.14672226952584,127.48698425292969,17367369
2016-11-23,128.5076258433949,129.3890832612799,126.09520265537229,127.57977294921875,9296620
2016-11-24,126.002424512544,129.0643418621467,125.26013937356282,127.90452575683594,11254248
2016-11-25,129.15713617707024,131.47676870236933,128.50764190156917,130.1777801513672,9294203
2016-11-28,124.98178554849967,129.71384110578785,123.91476035318567,127.2086410522461,11349555
2016-11-29,127.11584654883428,128.83238006685545,125.58489493604581,126.2807846069336,7979580
2016-11-30,126.93029873613023,128.60043704014126,125.63129598504884,128.18289184570312,9497325
2016-12-01,128.92516554106183,129.43548749898443,125.90964343087045,126.51275634765625,6752406
2016-12-02,125.63129448586965,127.81175476757448,123.3116619129554,124.33230590820312,11985518
2016-12-05,123.86834996858252,126.18798199046608,123.40442356420581,125.86322784423828,6543450
2016-12-06,127.06945276431803,127.06945276431803,124.10032629391513,124.3786849975586,8168652
2016-12-07,125.1673537010755,126.1879975799606,119.3682729299376,121.91986846923828,10675568
2016-12-08,122.94051310914493,124.61065121315347,122.66215439882482,123.49723052978516,5657612
2016-12-09,124.28588554484314,126.28077765294772,122.94050175346288,125.4457015991211,7767465
2016-12-12,125.26015301235421,125.30654849320064,120.94564229398276,121.4095687866211,7027428
2016-12-13,121.40956127980273,121.82709226577848,118.62599541712551,120.06416320800781,9389839
2016-12-14,120.38891882054001,120.71367301231524,117.55896452535335,117.93010711669922,5545921
2016-12-15,116.44554288728419,119.18270620325146,115.70325771060352,117.18782806396484,8959317
2016-12-16,117.37340111646823,118.16207472794176,115.6104790514968,116.21358489990234,5403339
2016-12-19,116.07439921350654,116.44554179837624,114.636231430701,115.37850952148438,5083897
2016-12-20,115.8888255492282,116.16717716446514,112.08463017601139,112.68772888183594,6513285
2016-12-21,112.91970162511032,113.52280746076065,111.20317507668726,111.85267639160156,6777947
2016-12-22,111.34235488990828,111.6671020092126,109.48664897507648,110.78564453125,6499471
2016-12-23,110.83202427311335,112.73412551879883,110.50727717917957,111.34234619140625,6720177
2016-12-26,110.87842386063402,110.87842386063402,105.77523280428684,106.74948120117188,6426119
2016-12-27,106.33194020197723,108.32682533921867,104.52262989084883,107.63093566894531,8762885
2016-12-28,108.37322251114912,108.92993284028722,105.40408895748608,105.72883605957031,8946526
2016-12-29,105.26491627896829,106.70309120946096,103.91953230834459,104.98656463623047,14396639
2016-12-30,104.84738382140092,107.7237265635419,104.42985282360617,107.12062072753906,9685951
2017-01-02,108.55879164644647,109.06911358405917,105.0329477186547,107.25979614257812,9784247
2017-01-03,107.12061958933647,110.08975325851131,106.05359436654163,109.53304290771484,10254310
2017-01-04,109.8577812930959,110.32170772838857,106.56390077093567,106.93504333496094,8678158
2017-01-05,108.23404284641839,109.48664285309911,107.81650479155422,109.16189575195312,6286481
2017-01-06,109.62583026088747,112.59495694521102,109.25468765560792,110.46089935302734,11922173
2017-01-09,111.11038970947266,112.22381040733794,110.73924711719884,111.11038970947266,6694500
2017-01-10,112.22381236787088,112.36299172727452,109.76500769388376,110.78564453125,6545625
2017-01-11,111.89906592775166,115.88883650043896,111.48153492596276,114.68262481689453,15259256
2017-01-12,115.28571944766574,117.28060454001607,115.05375622946119,116.90946197509766,16048380
2017-01-13,116.90946323641116,117.37338967782549,114.68261490183123,116.07439422607422,6583850
2017-01-16,115.37851390044092,119.83220385103994,115.05376678096334,119.4146728515625,8138804
2017-01-17,120.52809004933215,123.12608108718857,119.92499130746911,120.85284423828125,12895124
2017-01-18,121.40955173264803,122.24461363893364,120.1569447153086,120.94562530517578,7963577
2017-01-19,121.13119482510814,123.12607282939736,119.78581099724485,122.70854187011719,9142340
2017-01-20,122.29101998999874,123.40444068337911,117.79092758010911,118.71878051757812,7903538
2017-01-23,118.02288824500721,121.22397797800214,117.55896178637282,120.388916015625,5153324
2017-01-24,120.99201554585622,122.24462265558682,120.62088003966821,121.91986846923828,5005743
2017-01-25,122.19823103658523,124.28590018011884,120.43531608965516,123.63640594482422,13157954
2017-01-27,124.51786740372603,128.6932058244331,124.33229963883275,127.44061279296875,11400945
2017-01-30,127.53337299412726,130.68808121828397,126.51274334112361,127.71894073486328,10399258
2017-01-31,127.95091559394311,128.41484206695657,124.61065348299374,125.77046966552734,8428944
2017-02-01,126.83748964623105,130.73446902684194,124.93538835393532,130.40972900390625,18070233
2017-02-02,130.45613786633533,133.9819679509012,129.24992613102492,132.3118438720703,12319698
2017-02-03,132.63658459066255,140.29137190254448,132.35822585682965,139.31712341308594,19284357
2017-02-06,141.4975711729969,144.09556219660814,137.83255494796728,138.43565368652344,18121892
2017-02-07,139.13153056660312,144.46668439814408,136.99746620240458,140.70887756347656,49440931
2017-02-08,140.98724531949821,141.49756724606635,135.65209114464653,139.08514404296875,19165911
2017-02-09,139.17794734098317,140.10580032325637,133.70362040873633,134.21392822265625,15635676
2017-02-10,134.81702220656288,136.67272791027906,134.0747370934942,134.63145446777344,9057524
2017-02-13,135.1881631874657,135.65208963228056,129.76023227787886,132.07986450195312,10159858
2017-02-14,132.59018712508947,134.30672082645117,131.43037088306485,133.6572265625,9227243
2017-02-15,133.3324572726337,134.26031016131995,128.739588305219,129.71383666992188,9307895
2017-02-16,130.54889006449065,132.07985572539562,128.0900857335213,130.78085327148438,8738826
2017-02-17,131.8015008856378,133.33245243323856,129.43547327378215,130.13136291503906,7242602
2017-02-20,130.13139393115145,133.10052094327398,129.34271315325145,132.72938537597656,7037820
2017-02-21,133.33247148924477,134.6778554897095,132.7757681914213,133.42526245117188,8887995
2017-02-22,133.6108263771205,134.30671609783468,131.29119397473994,131.70872497558594,6822132
2017-02-23,131.94067543604703,133.14688700003376,129.52826646598479,130.03857421875,7758688
2017-02-27,129.89940015965732,131.05921623251137,128.64679313781048,129.57464599609375,4881818
2017-02-28,129.89940637480723,132.07986635926332,129.76023410257034,131.19839477539062,5188965
2017-03-01,131.75511658827796,134.12114440084707,131.75511658827796,132.35821533203125,6092933
2017-03-02,133.28606899609017,133.79639094401506,128.09010103353276,129.20352172851562,5912934
2017-03-03,128.97155465094335,130.2241617441712,128.09009721692573,129.85301208496094,6415383
2017-03-06,130.5025093150799,131.56954868238307,130.17776928339717,131.33758544921875,3898856
2017-03-07,132.59018725968977,133.1005092382813,130.92006319580935,131.29119873046875,4555750
2017-03-08,131.29119786625415,131.84791532249182,128.8787744331083,131.05923461914062,5724981
2017-03-09,130.73445220819863,132.0798500775605,130.22414450096204,130.96641540527344,3555545
2017-03-10,131.9406873416602,133.05410805584347,130.6416988680985,131.4767608642578,4159067
2017-03-14,134.53868320473188,135.4665361923507,132.7757681914213,133.42526245117188,5530287
2017-03-15,132.682979019479,136.11603228840036,132.54380673262384,134.90982055664062,6275582
2017-03-16,135.93045013943464,138.15729144101155,135.2345604629529,137.50779724121094,8592406
2017-03-17,138.06451526217356,138.2036875349268,133.74999075397054,134.3531036376953,7365829
2017-03-20,134.07474894194692,135.88405933138037,133.0541050515423,134.7242431640625,4685006
2017-03-21,134.86344050562863,135.32736701007468,131.2912007582288,132.54380798339844,7549120
2017-03-22,130.54889804333703,131.2447877068494,126.04882004737061,126.55912780761719,9415163
2017-03-23,126.69830701690437,127.48697342920686,125.58488645029983,126.04881286621094,8454835
2017-03-24,126.55914279503926,133.1005092382813,126.51276147164168,131.29119873046875,18367831
2017-03-27,131.1520161964442,137.60059117318363,131.05922524107334,136.6263427734375,16938800
2017-03-28,137.41503514964654,138.71402368824408,135.55932914712824,138.0645294189453,10298223
2017-03-29,138.25008841588865,140.24496657885902,136.1160238168126,138.1109161376953,12009076
2017-03-30,138.25008478488544,142.88934937498226,137.78615832587576,142.14706420898438,13801286
2017-03-31,141.49756724606635,141.77592594764096,138.71400854614373,139.08514404296875,11204474
2017-04-03,140.94087188563483,140.94087188563483,138.71403024059023,139.13156127929688,4498149
2017-04-05,139.82742488267834,141.4975628827123,137.83254687241444,140.29135131835938,8301745
2017-04-06,139.59547546222413,142.23986207013726,139.17794446042538,140.61611938476562,7704706
2017-04-07,139.96662039685586,141.54396754901404,138.06451905546854,138.66761779785156,6675203
2017-04-10,138.62122320604306,141.9614994443696,137.83255670387726,141.26560974121094,6333658
2017-04-11,141.4047875925369,148.36368489842775,141.2192198292957,146.83273315429688,16514618
2017-04-12,146.60076292022086,148.45646877997046,143.44606862181132,147.34304809570312,8897267
2017-04-13,146.69356042108097,150.59054006883582,143.95638282950185,145.02342224121094,11314637
2017-04-17,145.0234157710161,147.76057908256436,142.8893512007216,147.34304809570312,7391840
2017-04-18,147.29666953180865,151.70397145480766,143.8172206452305,144.65228271484375,11678752
2017-04-19,145.3481539445688,147.0646875060694,138.574838969357,142.14706420898438,11838556
2017-04-20,142.98214981609792,146.46159848951453,141.12644385694242,143.67803955078125,8232953
2017-04-21,144.65226392664863,145.85847554890938,141.5439651531092,143.7244110107422,7156933
2017-04-24,144.23471854183683,145.6728932494485,143.0749025127807,143.95635986328125,7810199
2017-04-25,145.30175882313526,150.31215844134934,144.55947372764524,149.4770965576172,14159303
2017-04-26,150.26578922146814,157.36387310495223,149.38433171065867,155.0906219482422,23060379
2017-04-27,153.7916159159827,155.78649395851565,150.91526630506823,152.81736755371094,12027538
2017-04-28,153.37408810403645,158.384488130353,152.86376617445137,156.66796875,14727193
2017-05-02,157.73498155670939,161.67835609562712,157.59580929497065,158.3844757080078,12782804
2017-05-03,159.59069592469052,165.157813224389,156.99270501991558,162.28146362304688,19280628
2017-05-04,165.62173172165825,167.38464645216987,162.74538225828587,166.50318908691406,15515354
2017-05-05,168.63726317908942,172.39507022456615,159.21956198521,161.72476196289062,25487298
2017-05-08,161.86394683347797,164.5083334455993,159.59070990192265,163.39491271972656,11955725
2017-05-09,164.22996585230794,164.41553360360953,158.7092438430924,161.0752716064453,11702741
2017-05-10,161.4464072131751,162.79179110836915,158.47728071669908,159.72987365722656,6404722
2017-05-11,160.1474156434063,163.48767757698417,158.75563629827093,159.5906982421875,8622609
2017-05-12,159.59070612969438,161.49280749363658,155.04423237404825,156.94631958007812,8539232
2017-05-15,157.68860016135403,158.94120726047328,154.20915172814713,154.765869140625,7476618
2017-05-16,155.27618311338088,165.1578104938065,152.91015546854467,161.5855712890625,51532461
2017-05-17,160.5185479106091,160.61133886158325,152.4462307027561,153.14212036132812,26536944
2017-05-18,151.6111554719584,152.5390083552823,146.50796461367705,147.06468200683594,13905573
2017-05-19,147.99254767413086,150.54414332368484,142.98214733453537,144.00277709960938,16311602
2017-05-22,146.1368422281613,146.6007687114253,139.40990822083324,140.0594024658203,11857847
2017-05-23,140.98725761307128,143.21411326193004,135.04900419860707,138.94598388671875,18177361
2017-05-24,138.89957389611988,141.3583925333411,135.93044749905388,136.81190490722656,12578488
2017-05-25,137.78616467240937,140.94085907581803,133.93558054843302,139.8274383544922,18805386
2017-05-26,140.10579056128645,142.23985510340498,138.80680213977706,139.78103637695312,9285518
2017-05-29,139.59545873046767,140.89446121781555,132.72935328988217,134.63145446777344,8154328
2017-05-30,133.51802413583647,137.32222661745763,132.1262448120109,135.79127502441406,10767305
2017-05-31,136.25521844064204,140.66252018182703,134.53868473091,139.64187622070312,16851657
2017-06-01,140.10579494477,141.31200660700281,138.48205228812532,140.94085693359375,9103808
2017-06-02,142.3326288133233,142.93574169144523,140.0129965695735,142.0078887939453,7997880
2017-06-05,142.37902694458467,143.58523856540796,141.775928213129,142.7037811279297,5133407
2017-06-06,142.98214912395238,143.35328465082173,138.2964887681844,138.71401977539062,6081488
2017-06-07,138.71401194462166,141.9614971740944,138.48204871394503,141.3583984375,7023536
2017-06-08,141.77593470941093,142.10067474972388,139.87383331533138,140.3841552734375,5183430
2017-06-09,140.10579581282363,141.72953847952854,138.85318866391486,141.17282104492188,4215439
2017-06-12,140.10579801105172,140.10579801105172,136.8583126266896,137.69337463378906,6329251
2017-06-13,138.06450765694984,139.64185467888328,136.8582961138557,138.0181121826172,4610203
2017-06-14,138.80680425678636,141.68313985054326,137.60059261389574,141.0336456298828,8829217
2017-06-15,137.87894421851888,139.82742678007247,136.11601524426212,136.81190490722656,12486764
2017-06-16,137.78614762323554,138.15728309845028,136.11600966894747,136.99746704101562,6445657
2017-06-19,137.78615892601337,138.25008538704373,136.2088117900926,136.6263427734375,3972793
2017-06-20,136.30157920444253,136.95108753150197,133.1468851497726,133.5180206298828,11058383
2017-06-21,133.7036018529758,136.06961530308018,133.14688447770948,135.65208435058594,6615254
2017-06-22,136.34798440261403,137.22944184917037,134.30671080061202,135.0489959716797,4476023
2017-06-23,135.2345540806924,135.97683919882385,131.84789681147583,133.5180206298828,6011716
2017-06-27,133.98195038439476,133.98195038439476,125.81685635602496,127.1158447265625,11185507
2017-06-28,124.70343484164253,128.27567447760168,123.07969212673619,126.65193176269531,10796349
2017-06-29,128.043707670125,129.66745033985484,125.0745810484872,128.09010314941406,9372758
2017-06-30,126.97666461745597,128.6004070593267,125.72405764199148,127.39419555664062,5476662
2017-07-03,127.57977908560788,129.89941143261893,126.74471710384881,129.20352172851562,4541871
2017-07-04,129.3426830080426,130.22415455128427,126.00242120711961,126.69831085205078,4799590
2017-07-05,126.55911568531073,127.67255036661072,125.49209063329334,126.74469757080078,6423645
2017-07-06,130.31693262970435,133.79638088872767,129.66743845293558,132.96131896972656,16877517
2017-07-07,133.2396834677953,134.35310412761652,132.17264412711975,133.79638671875,6501418
2017-07-10,138.99236138932844,143.1213037886005,138.25007626905332,142.19345092773438,6633454
2017-07-11,143.21409894278102,143.90998860886273,137.97172163021855,138.6212158203125,10977204
2017-07-12,139.03876613073376,141.86870621865896,137.6933680664797,141.3583984375,7270322
2017-07-13,142.7965614249951,143.7708098409997,140.1057935692798,141.26560974121094,5383408
2017-07-14,139.17793307901024,143.7244065630933,139.17793307901024,142.56459045410156,7808933
2017-07-17,142.2862585415277,142.88935730856107,140.56972488472078,141.86871337890625,7437053
2017-07-18,141.8687149142743,147.48222827230234,140.94086193469653,143.67803955078125,12397695
2017-07-19,145.3017727427184,147.38944180995335,144.4203011435563,146.87911987304688,6062912
2017-07-20,145.62650096466828,147.2502434408928,144.6522526473514,145.44093322753906,5441983
2017-07-21,146.60076991076718,148.17811713518654,144.69866848224112,146.83273315429688,6926819
2017-07-24,147.06468302727936,151.61115652394864,146.60075658239836,149.6626739501953,8443748
2017-07-25,150.54413980553213,152.44624116778542,149.7090778210855,151.19363403320312,6869914
2017-07-26,150.77609766777707,151.88951832666444,146.69355053255276,147.43582153320312,8868577
2017-07-27,148.4100683210002,149.29152574321566,142.42541995574507,143.0285186767578,11133709
2017-07-28,142.8893722946509,147.94616867739174,141.96151922780254,147.38946533203125,7759390
2017-07-31,143.72442491747813,151.61117546580266,143.2141170906819,150.59054565429688,13159766
2017-08-01,151.98231728470753,152.3534528045782,145.67291434151787,146.1368408203125,11446128
2017-08-02,147.52861898980575,150.4977455970118,145.99766728609538,147.4822235107422,31565886
2017-08-03,146.46158759994756,146.46158759994756,137.5077985179977,138.5284423828125,19702626
2017-08-04,138.29648525902394,141.3584028306974,137.22944587000234,140.15219116210938,12895805
2017-08-07,140.38414916105623,141.96149628823198,140.1521859318271,141.12643432617188,5372108
2017-08-08,141.96150919265114,141.96150919265114,135.00261168320745,138.0645294189453,11529949
2017-08-09,137.7861536832689,139.45629171101206,135.93044790975688,137.6005859375,7478797
2017-08-10,136.85829381042092,137.6005789135172,130.03856977772037,132.82212829589844,8506146
2017-08-11,128.9715597275836,134.16754189775912,127.53338482709641,130.2241668701172,14050916
2017-08-14,131.29118320084007,133.42524766748903,130.22415804647133,132.8685302734375,5282514
2017-08-16,133.51803701945715,138.3428838006146,130.5489103403768,136.9047088623047,8003091
2017-08-17,137.41502643357836,139.2707323183915,135.00260312015635,135.74488830566406,8384523
2017-08-18,133.61082067707162,134.0747471377559,130.548903204973,131.894287109375,9195713
2017-08-21,132.68296945115156,133.51803142788904,126.93028409674002,127.67256927490234,9064019
2017-08-22,128.97156944827756,129.43549595708433,125.86325617610693,128.04371643066406,9256850
2017-08-23,128.97155778711715,132.77576047853515,128.27566808682695,132.35821533203125,9488136
2017-08-24,131.29118448065924,135.00259605608426,130.13136836333894,133.88917541503906,8742823
2017-08-28,133.88918366060295,135.42013536658476,133.56442946458864,134.39950561523438,5356187
2017-08-29,132.91493971804354,134.90981796687694,130.13138077106882,130.8272705078125,6956667
2017-08-30,131.98707668906764,133.0077205551004,131.10561925453675,132.2190399169922,4286281
2017-08-31,132.31184169761187,134.53868320473188,131.19840678613883,133.42526245117188,8964249
2017-09-01,133.70362602617564,135.2809733307284,133.5180440955936,134.0283660888672,5319966
2017-09-04,134.07474892257864,134.909810899762,131.38398107795473,132.35821533203125,4522734
2017-09-05,132.96132635083706,133.51802960843844,132.12625022756697,133.23968505859375,3193574
2017-09-06,131.9870796478052,132.31183383734427,128.36845887422882,128.9715576171875,12625243
2017-09-07,130.2705394923647,130.2705394923647,127.62616726280062,128.92515563964844,8834660
2017-09-08,129.34268640109215,129.71383604953846,127.20863609364947,127.90452575683594,4807096
2017-09-11,128.87878162588157,129.43549911318985,127.81175629277348,128.18289184570312,3593970
2017-09-12,129.34270177872412,131.75512522774957,128.0437132495031,131.29119873046875,7355454
2017-09-13,131.70871973780987,134.35310623452713,130.96643456698467,132.68296813964844,6517642
2017-09-14,132.6829759397523,135.28096711141396,132.6829759397523,134.77064514160156,6985935
2017-09-15,133.7963972122159,135.8376709416344,133.23969391759974,134.21392822265625,5237646
2017-09-18,135.46651773666883,136.67272928782413,134.07473844485375,134.30670166015625,4089953
2017-09-19,135.00259086614574,135.00259086614574,131.66231491350968,133.5180206298828,3878878
2017-09-20,133.6108184812173,135.88405526962788,132.45100234856784,134.3531036376953,9509565
2017-09-21,133.79639095062257,135.1881703588979,131.1520185696467,131.56954956054688,4955855
2017-09-22,131.47675434766697,131.47675434766697,127.16224398483658,127.76534271240234,4339014
2017-09-25,127.57976846878904,128.50762133038023,123.72918475635004,127.71894073486328,5005117
2017-09-26,127.5797802164794,128.2756699267511,125.72407432242153,126.79109954833984,4156603
2017-09-27,127.39419797499637,128.22925986921788,122.52297055691244,123.07967376708984,5049669
2017-09-28,123.21887382823638,124.23950357216607,120.80645051001648,121.3167724609375,6456704
2017-09-29,122.38379806376315,123.1724787319917,119.13631274879538,119.73942565917969,5696269
2017-10-03,121.40956441986101,121.5487366994817,118.95074560256677,120.24974822998047,6869737
2017-10-04,120.52809030058884,122.66215487748794,119.69302832428198,120.5744857788086,4823213
2017-10-05,120.992021213516,123.68280331211619,120.6208856899428,122.80134582519531,5435195
2017-10-06,123.40443210751985,127.95090552200081,123.35803663228816,127.16223907470703,7521348
2017-10-09,127.11583687788068,127.9045174413821,125.39930349045312,127.39419555664062,4262474
2017-10-10,127.57977116717039,127.85812986311741,126.3735595900076,127.1158447265625,2373107
2017-10-11,128.04369517132886,128.78598029375937,121.36315738527655,122.1982192993164,5753051
2017-10-12,122.47659788769555,124.6106626521699,120.57449637679638,124.14673614501953,5371109
2017-10-13,124.14672639657813,126.8838897422508,122.84772378381136,125.26014709472656,5481433
2017-10-16,125.67766364595992,126.51273969205212,122.47657419738317,124.19310760498047,4427314
2017-10-17,124.14672690339052,126.93028573908128,123.72919590961938,124.70343017578125,4220328
2017-10-18,123.4972202171356,124.19310985586948,120.99200619136492,121.4559326171875,6126357
2017-10-19,121.548730128387,122.01265657925872,119.50745657613385,120.2033462524414,1148287
2017-10-23,120.24974810412395,122.38379856494063,119.69303067039898,121.54873657226562,4381410
2017-10-24,122.01263741329292,131.4767326928562,121.54871103529561,128.229248046875,13692564
2017-10-25,141.03365640983543,191.64804053850048,141.03365640983543,187.4727020263672,166547247
2017-10-26,196.70482173434422,214.75155844395513,186.59123043097912,198.18939208984375,124669249
2017-10-27,198.56053491193975,198.56053491193975,181.16329178297306,182.4622802734375,39213574
2017-10-30,182.6014531460241,197.63266726105743,180.69935187366636,189.235595703125,46136900
2017-10-31,189.23561156243645,191.97277500916894,182.415900685789,182.92620849609375,27023668
2017-11-01,187.42629176125098,191.41606218973132,183.94684327558417,184.54994201660156,28141909
2017-11-02,184.68912968648746,188.81807241885542,181.9055708793299,183.20455932617188,20686765
2017-11-03,184.87468587492154,196.70481006516118,184.7355136064362,192.80783081054688,96398855
2017-11-06,191.8799720986211,192.62225720976627,185.292211204335,186.68399047851562,21545767
2017-11-07,190.02428896938073,190.02428896938073,175.0394551761691,177.0343475341797,27782722
2017-11-08,178.93642714505305,180.7921328384094,172.6270249560592,175.41058349609375,22869578
2017-11-09,177.5910408318645,182.36949180022393,176.75597887828144,178.42611694335938,21212153
2017-11-10,176.29205096579864,181.8591683647186,173.50849226633866,176.3848419189453,26367774
2017-11-13,178.1477688340138,178.56529983563598,173.04457753928946,174.11160278320312,13730302
2017-11-14,174.7147222858378,176.24567406876665,169.9826663347453,170.77134704589844,14459551
2017-11-15,171.56000445306614,173.6012922653653,166.22485000110112,167.66302490234375,15478328
2017-11-16,169.24037623791577,177.2663129313715,167.1063257310635,175.92092895507812,22146185
2017-11-17,183.7148860121291,186.40565393197002,176.10649457452246,177.0343475341797,28196846
2017-11-20,176.94156861263457,176.94156861263457,173.04458874853972,173.740478515625,13291834
2017-11-21,175.31778251124973,177.86937769353491,171.93112547792612,172.85897827148438,13806005
2017-11-22,173.50850052474266,179.02922270985655,170.26101522080364,175.54977416992188,23941016
2017-11-23,175.64254646271908,175.92090514791636,171.60638092213557,173.0445556640625,14256077
2017-11-24,173.50849334836528,175.54976690911664,171.6991830140155,172.67343139648438,11782239
2017-11-27,171.606391179649,173.18373827950268,169.65790858262207,172.44146728515625,10556535
2017-11-28,173.23015325412007,174.2971927049396,169.61153219669492,170.44659423828125,13720114
2017-11-29,170.81772490616072,171.37442815256415,167.47744879609334,168.4980926513672,9800911
2017-11-30,167.84859562321753,167.84859562321753,162.699022996317,163.39491271972656,17254860
2017-12-01,164.32275184659892,165.15781378120445,157.82778164172007,159.12677001953125,13167162
2017-12-04,159.49792038368517,161.77117149369653,157.27107891181572,160.70413208007812,12795662
2017-12-05,159.96182632468685,164.97224022972577,158.33808383061066,163.25570678710938,17498518
2017-12-06,162.74539012817604,163.11653977638093,158.6164476275379,159.68348693847656,12381441
2017-12-07,159.68348335102348,163.11653611180083,159.63708787630128,161.35360717773438,11340699
2017-12-08,161.77115433634344,162.65261173555854,159.5906944180486,160.2401885986328,8766071
2017-12-11,161.49279654077912,162.65261264038554,159.4515230370541,160.47215270996094,7926307
2017-12-12,160.4257598962984,163.53407275798358,158.01335086383537,161.1680450439453,16854655
2017-12-13,160.51855802445425,161.1680522484621,154.44111845841994,155.6937255859375,11545396
2017-12-14,156.8071284633446,158.33807997156805,154.16274223141983,157.3638458251953,12678906
2017-12-15,159.68348515245393,161.40000447325153,158.43087811037867,159.2195587158203,8768732
2017-12-18,155.87929482626748,167.57024760140249,150.17300487525657,165.8537139892578,27671940
2017-12-19,167.8022108377511,167.94138311639531,163.62687258347609,165.8537139892578,13603472
2017-12-20,159.49790192280742,160.33297799653823,157.17826975896256,158.19891357421875,63640511
2017-12-21,158.6628505915661,162.28147134540188,158.19892412784807,160.98248291015625,18059283
2017-12-22,161.35360560532362,164.3691273800366,159.7298631112474,163.25570678710938,22577624
2017-12-26,163.20931809585505,163.20931809585505,160.1010194013313,161.72476196289062,9993708
2017-12-27,161.63197662681037,164.87946186277117,160.24019723997,161.53919982910156,14740959
2017-12-28,160.75053193584984,161.91034818358324,157.735009691743,158.477294921875,18945479
2017-12-29,159.40513097781744,161.1216503472761,158.33809164856422,159.0339813232422,9789074
2018-01-01,160.47216307419723,160.88969406543987,156.7143558371889,157.50303649902344,7869149
2018-01-02,158.19893248077292,158.5700680081785,153.466876637831,154.3947296142578,13729132
2018-01-03,155.87928008559575,157.08549163212604,154.2091421102393,154.58029174804688,8534233
2018-01-04,155.27618244270292,166.7351568175547,153.46685803170058,163.71963500976562,31613344
2018-01-05,167.38465582060002,167.47744677283546,162.7453913670589,163.30210876464844,15500426
2018-01-08,164.276365060651,165.29699479494616,162.46705466802172,163.0237579345703,7302294
2018-01-09,162.6526276928643,165.06503690855212,161.49281148592416,162.0495147705078,11152776
2018-01-10,161.86394837856062,162.2814793850094,157.73500547850009,158.33810424804688,9021131
2018-01-11,158.0133537729547,161.07527121467524,157.3174640888324,160.28659057617188,8683647
2018-01-12,160.98249426196818,162.28148278881307,159.0803927950136,161.63198852539062,11223630
2018-01-15,162.32786465086005,163.16294076912362,159.45152910905063,159.72987365722656,7104648
2018-01-16,159.82267598415962,160.47217023930511,153.18853283288797,153.60606384277344,11916843
2018-01-17,153.55965786588172,164.22996641849585,150.91527138750388,162.88458251953125,25299752
2018-01-18,167.6630099711235,169.56511117705853,156.4823801098091,158.19891357421875,32923946
2018-01-19,158.47728046975703,165.1578186158963,157.13189657665936,163.67324829101562,21519974
2018-01-22,163.39489971688388,164.50832035415144,159.77626494837486,163.30210876464844,11370450
2018-01-23,163.34849986552172,174.2507710393291,162.60621474125472,172.3950653076172,28176767
2018-01-24,171.88475549328183,182.18392869207653,168.96202442336255,180.6065673828125,50753260
2018-01-25,182.78702466424338,182.78702466424338,167.01352507392795,167.8485870361328,45808402
2018-01-29,168.59085319307832,169.19396601592595,160.14740109440456,161.39999389648438,18481283
2018-01-30,160.79693009227424,163.20933943294335,159.0340008716444,160.19381713867188,16914910
2018-01-31,159.12678214368214,162.5598352533919,156.6215819910784,158.98760986328125,15313331
2018-02-01,160.3329893640507,162.003127472013,154.02358659947762,155.46176147460938,15801115
2018-02-02,153.09573525111054,156.52878830091663,148.92039701698934,150.17300415039062,17622089
2018-02-05,146.60076733906942,154.20915876179302,145.58012342227795,151.8895263671875,20688955
2018-02-06,140.33773441142526,152.81735159857828,140.33773441142526,149.43069458007812,27530912
2018-02-07,152.1214767377719,153.00293414157167,144.37391368995023,145.25537109375,22887593
2018-02-08,145.67291812575542,149.8482565433726,145.3017825962435,147.85337829589844,16358889
2018-02-09,144.7450652464056,146.6007712111031,144.09557099034404,145.4873504638672,9608396
2018-02-12,145.7192967710912,152.12147594194522,145.20897485853644,149.98741149902344,15391679
2018-02-14,147.48221090842057,147.48221090842057,134.2139120310249,135.3273468017578,68396778
2018-02-15,127.67256140146863,129.62104394633258,116.21357271964091,118.99713134765625,177112217
2018-02-16,116.53832412812599,119.13630802982065,111.85267117807294,116.49193572998047,156691203
2018-02-19,113.1980548907759,114.58983425418707,105.3577006418086,108.09486389160156,130898125
2018-02-20,105.68244664092933,109.90417308516582,102.99167181729882,108.1412582397461,146638863
2018-02-21,109.62582414157802,110.87842417038955,107.21340796035656,108.83715057373047,67541786
2018-02-22,106.33194732666016,108.37322807694311,105.49687825058787,106.33194732666016,45302555
2018-02-23,106.14638771884559,108.51240869063922,104.19789777767528,105.26492309570312,45035931
2018-02-26,106.7030838557652,106.7030838557652,102.20299869155237,103.91952514648438,42608524
2018-02-27,99.09469493721853,99.09469493721853,89.1202760220913,91.25433349609375,202069429
2018-02-28,86.84702674322021,95.01213478633342,85.3624635750966,94.08428192138672,210781693
2018-03-01,93.43478257065705,96.26473669793775,91.67186775453409,93.75953674316406,122105493
2018-03-05,92.69250689603642,95.01213916531184,91.67187011334643,92.8780746459961,59237515
2018-03-06,93.71314333788551,94.64099624222101,89.81616397125876,90.7904052734375,43475662
2018-03-07,89.07388129908377,89.90895035205389,87.26457091677855,88.60995483398438,52573179
2018-03-08,89.21306023143607,90.4192647876021,87.49653373449776,89.67698669433594,34680221
2018-03-09,90.37288172694929,90.60484497210113,88.1460331577003,88.70274353027344,30239013
2018-03-12,89.25945037954183,89.35224133710503,84.66658113841052,87.77488708496094,45021305
2018-03-13,87.40373805656809,95.24409910335625,86.56867613162926,90.88318634033203,86099105
2018-03-14,87.21817962498415,93.11004459875296,86.56868537425301,92.13580322265625,83449240
2018-03-15,92.13580828736994,93.71315559954188,90.74402874876287,91.4399185180664,42911688
2018-03-16,91.30073072726171,94.87296313107578,90.55844554355347,91.71826171875,55339873
2018-03-19,91.43991153724687,93.20282648839706,89.16666755036142,89.5842056274414,33530881
2018-03-20,89.07389043117936,90.46566996916654,88.37800066218577,89.86256408691406,27906714
2018-03-21,90.51205276471958,91.99661598135302,90.14091019082227,90.55844116210938,23276651
2018-03-22,90.60484246204317,91.06876893949453,88.79552495260907,89.5842056274414,16401398
2018-03-23,87.6356935199949,88.23879925159878,86.05834660252789,86.42948913574219,23075193
2018-03-26,86.66147228974242,89.49141971437648,86.33672515300825,88.88832092285156,26795299
2018-03-27,90.18730191690071,92.78529295111434,89.35223994350554,92.27497100830078,29403384
2018-03-28,90.88319745835038,91.99662529273726,87.72850295831222,88.42439270019531,30109801
2018-04-02,89.35224151611328,89.86255638895236,88.51717244906474,89.35224151611328,13543335
2018-04-03,90.51204953003257,91.7646494780847,87.82127481413377,88.56355285644531,25344799
2018-04-04,89.07388058235878,90.00173350509169,87.40374248985715,87.58931732177734,21491684
2018-04-05,88.98109509185683,91.02236865326034,88.28520541242983,90.0017318725586,25894057
2018-04-06,90.14090979919978,95.42966844765277,88.93469820901292,94.7801742553711,47882204
2018-04-09,96.40392457006496,97.93488337954777,93.99150827458469,97.65652465820312,50232626
2018-04-10,99.04830525542009,99.04830525542009,96.72867281384117,97.6101303100586,29470636
2018-04-11,96.03278026939975,96.63588610234181,93.99150661216407,94.82656860351562,24512955
2018-04-12,94.87295941011405,95.47606521335338,92.9708581258106,93.94510650634766,20289152
2018-04-13,94.17707624589214,95.56885569780188,93.5275819999168,93.99150848388672,15646434
2018-04-16,93.48118346258161,94.40903640017547,91.34711887453328,91.99662017822266,18763829
2018-04-17,92.59971982348678,93.11003465773209,90.55843924963852,90.88318634033203,17990215
2018-04-18,90.97597628223205,91.8574336727622,90.00172794199932,90.14090728759766,19430044
2018-04-19,90.79040673221175,90.79040673221175,88.88831249513561,89.16666412353516,15064019
2018-04-20,88.33159387437759,88.60995257793252,86.1047525617618,86.84703063964844,21889815
2018-04-23,87.12539872199072,88.51717823167442,86.52229285200313,87.31096649169922,15414423
2018-04-24,87.58930512769001,87.82126832607958,86.19752593735262,86.42948913574219,11744430
2018-04-25,86.38310911388048,87.03261043290591,85.36247227421912,85.64083099365234,12918338
2018-04-26,85.68721612054819,85.91917935156157,83.97068962684045,84.43461608886719,18724350
2018-04-27,84.66658321165647,87.77488923432053,84.52740385085974,86.66146850585938,25205308
2018-04-30,87.58932080743261,88.79552540761323,86.61507236821002,88.51717376708984,13703163
2018-05-02,88.9810941489411,89.07387802275697,85.87278836289647,86.10475158691406,10845584
2018-05-03,86.29032435327518,86.84703470750507,85.17690364481541,85.40886688232422,11643684
2018-05-04,86.05835934522047,86.42950193339,84.52740059336872,84.94493865966797,11462253
2018-05-07,85.8263963865627,87.82128161025781,85.45525379720797,87.03260803222656,13839790
2018-05-08,87.40373622221314,88.74912711107268,85.68720985403904,85.96556854248047,18546850
2018-05-09,86.47588910206386,86.75424780896914,86.01196264319236,86.29032135009766,6730710
2018-05-10,86.3831026976461,86.89342461905,84.48100851932088,84.80575561523438,11303169
2018-05-11,85.22328818656445,85.26968366354821,80.90877074844389,82.39334106445312,19914360
2018-05-14,82.57891057717691,84.2954370778776,81.65105764934347,82.85726928710938,15634508
2018-05-15,82.57890897967785,84.89854125438791,77.5221134523923,79.74895477294922,29556673
2018-05-16,73.4395561840972,74.22822970896382,68.80029182728697,70.14567565917969,98523673
2018-05-17,70.51682568474442,71.44467865428054,69.03226234927793,70.93435668945312,37034469
2018-05-18,70.88796871237886,71.44467908163932,69.12504664392375,69.35700988769531,25068232
2018-05-21,70.51682581658194,73.02202600743058,69.86733156827492,72.51171112060547,29693002
2018-05-22,72.41891966435547,77.52211047255858,71.07352874936491,75.6664047241211,47285396
2018-05-23,75.52722176841968,77.47571129538684,73.9498677102422,74.7385482788086,29450321
2018-05-24,74.877724223989,76.54786223153197,74.27462551805661,76.17671966552734,19933989
2018-05-25,76.03754470567918,78.44996798442524,75.43444596494872,77.33654022216797,19102160
2018-05-28,77.66128770076008,83.13562142408799,77.56850382320323,82.30055236816406,34946952
2018-05-29,82.11498334672004,82.76447755855803,79.09946135941111,79.4706039428711,27758350
2018-05-30,78.49635838823343,80.72320689066369,78.2180067497773,79.88813781738281,18814541
2018-05-31,80.39845745985399,80.72320456818767,77.24375609542096,77.61489868164062,17359606
2018-06-01,77.93964914165399,78.72832274693899,76.13033868959099,76.96540069580078,20636225
2018-06-04,77.56850741349092,78.86750299627975,76.26951183070209,77.1973648071289,15456025
2018-06-05,77.19736475503922,77.75408220368479,75.20248652023275,76.68704986572266,14615089
2018-06-06,76.77983142910725,79.33142703551262,76.36230043418703,78.58914184570312,18167507
2018-06-07,78.96028486461657,80.5840275319575,78.26439515004188,79.88813781738281,17624425
2018-06-08,79.79535086865447,84.62018320587444,79.23864053419923,83.9242935180664,39225458
2018-06-11,85.36246795924937,87.86766799168844,84.5273989221177,84.99132537841797,37150478
2018-06-12,84.80576130514964,86.0119658964648,84.10987159052144,85.13050842285156,21847334
2018-06-13,85.5016481156729,86.47588943568807,84.34183196401959,84.71297454833984,19488548
2018-06-14,84.4346122595139,85.64082383766066,82.85726519174263,85.0841064453125,19136052
2018-06-15,85.45526113855377,86.42950963443681,83.13562860450531,83.36759185791016,21610044
2018-06-18,83.0428432313736,84.10987559371328,81.83663150369279,82.114990234375,12204751
2018-06-19,81.92941517485238,83.18201519352795,80.21288162001096,80.53763580322266,16686961
2018-06-20,80.53763629952469,81.27991438826116,79.51699242420855,79.98091888427734,15014284
2018-06-21,80.02731396375854,80.30567266999748,77.19735973983455,77.3829345703125,17947960
2018-06-22,77.38292917865424,77.66128078654305,75.71279121549946,75.99114990234375,26172821
2018-06-25,75.99115323060224,76.4550796763581,73.76430487518292,74.04266357421875,18367654
2018-06-26,73.7643032040878,75.29526185619017,73.16119742247709,74.08905029296875,24559936
2018-06-27,74.08905792807484,74.46020053031002,69.82093569976111,71.21271514892578,23005577
2018-06-28,71.21271537056744,72.83645806631327,66.48066664447084,67.54769897460938,48215340
2018-06-29,68.24358952660006,70.84157362383597,68.24358952660006,70.656005859375,30436895
2018-07-02,71.25911102518114,73.9962744588475,69.03226247833992,72.51171112060547,27653723
2018-07-03,72.37253596025793,72.51171532981901,70.37765054043382,71.5838623046875,20767258
2018-07-04,71.35188902929345,71.58385225300444,70.14567743441395,70.60960388183594,15453638
2018-07-05,70.56321538721227,72.372525698082,69.72814636721246,70.09928894042969,20437925
2018-07-06,70.47043191998863,72.37253338541879,70.00650542392825,71.39828491210938,20777411
2018-07-09,72.37252606104967,72.92923638418965,71.86220413544712,72.18695831298828,16419039
2018-07-10,72.60449526678626,73.20760111610356,71.86221005547937,72.23335266113281,13975359
2018-07-11,72.372525698082,72.5580934452127,69.91371411434318,70.09928894042969,15332841
2018-07-12,70.60960388183594,72.09416709779515,70.28485678443171,70.60960388183594,15854520
2018-07-13,70.79517833710331,70.84156673422889,67.87244031787323,68.52193450927734,17764493
2018-07-16,69.77453449496002,69.96010932032961,68.19718741357528,68.52193450927734,19426203
2018-07-17,68.9394786485337,74.04266999433761,68.753903806767,73.02202606201172,38586630
2018-07-18,74.22823294084561,76.03754328719636,69.12504192616248,69.7745361328125,50685774
2018-07-19,70.09928804954485,71.35188802414748,68.84668099598652,69.86732482910156,22782507
2018-07-20,70.05289346416912,70.7023876580824,69.31060831773468,70.09928894042969,14332633
2018-07-23,70.09928839359763,74.04266316048798,69.54257099863676,73.25398254394531,28920645
2018-07-24,73.67151922268182,74.50658822066691,72.65088248245809,73.5787353515625,25963685
2018-07-25,73.85708809679019,74.64576163182434,72.7436674683838,73.53234100341797,17521847
2018-07-26,74.3210170522509,75.85197577730887,73.94987447057684,75.01690673828125,46087316
2018-07-27,75.24886201841902,78.35716753856636,75.0168988142445,76.08393096923828,59634047
2018-07-30,77.24375637540706,80.67680938273162,77.24375637540706,79.70256805419922,81035764
2018-07-31,79.79535040841468,80.9087710709032,78.21800329006327,78.96028137207031,37202427
2018-08-01,78.96028801410176,82.30055736150217,78.40357763602778,81.09435272216797,42891508
2018-08-02,79.88814085668945,80.44485123373774,78.35718201058928,79.00668334960938,38618382
2018-08-03,79.51699349445089,82.85726971506872,79.33142573950815,81.79023742675781,60845280
2018-08-06,83.04283208029393,84.15625269559831,81.83662051458451,83.55315399169922,49669291
2018-08-07,83.73872493338669,84.94493654517295,76.5478648975557,76.87261199951172,139034363
2018-08-08,77.42932606996862,77.5685054286626,74.27463169400511,74.64576721191406,60658357
2018-08-09,75.8055803665518,77.80046555071495,75.29526551038836,77.3829345703125,45391038
2018-08-10,77.89324570412387,78.6355308326515,76.64064574381966,77.2437515258789,51034567
2018-08-13,76.54787032193103,76.68704968376218,73.85709528270218,74.59938049316406,30972235
2018-08-14,75.15608910177775,75.94476269507923,73.76430967396705,74.13545227050781,20667786
2018-08-16,73.43955641020497,76.77982534160132,72.9756299730956,75.6664047241211,39893139
2018-08-17,76.54787141256165,77.84686700989946,76.36230364678048,77.42932891845703,25610532
2018-08-20,77.93964586922637,78.77471491933072,76.82622518839128,78.12521362304688,25753772
2018-08-21,78.17160902149209,78.77471483922952,77.24375609542096,77.61489868164062,16719748
2018-08-23,77.66128691169433,79.74895599081468,76.08393977238582,78.40357208251953,26998678
2018-08-24,79.05306197078531,81.5582689759802,78.91388970295974,79.60977935791016,62911086
2018-08-27,80.2592728690318,80.86237864742257,78.86749357072489,79.09945678710938,25336814
2018-08-28,79.3314224568693,79.60978115672134,76.54786377417213,76.91900634765625,24887374
2018-08-29,77.382944755457,78.6819404239526,76.91901823663407,78.0788345336914,23031862
2018-08-30,78.03242846034456,79.70256653303329,77.56850200448169,78.96028137207031,40695329
2018-08-31,78.40357280688232,82.0685890591719,77.6148992299416,81.79023742675781,45793988
2018-09-03,81.9294116520107,82.85726452653424,79.7953472090243,80.1200942993164,30610408
2018-09-04,80.16650032753597,80.584031344452,76.87261935779716,77.1509780883789,25579702
2018-09-05,77.19735998689778,77.80046579970835,75.52722898098695,77.10457611083984,21704587
2018-09-06,77.93964117926521,78.58913535751017,76.8726089616151,77.2437515258789,25079939
2018-09-07,77.33654257883128,78.54275425496101,76.50147350143044,78.310791015625,19594125
2018-09-10,77.70768501928198,78.86750121359962,76.08394234723728,76.73343658447266,21243030
2018-09-11,77.75408474457544,78.40357901727792,75.52723611409219,75.80558776855469,27909748
2018-09-12,75.89837869663518,76.40869360238807,73.48595521868823,75.29527282714844,35789023
2018-09-14,76.73342670460414,77.29014406936106,76.13032802437638,76.82621765136719,20505103
2018-09-17,76.45507711409212,77.98603574957008,75.15608169371824,77.01178741455078,26030699
2018-09-18,76.26950300880083,76.64064557223371,72.92923409581604,73.5787353515625,37211584
2018-09-19,73.76430422424895,74.9241203284038,73.02201908600755,73.53234100341797,24270870
2018-09-21,73.81069634722503,74.55297437279353,62.53728291113149,67.59407806396484,50163352
2018-09-24,68.6611091155613,69.03225166170674,63.69709791286245,64.20741271972656,37491629
2018-09-25,64.16102773463945,64.62495417223053,59.05783692113741,62.119747161865234,58214340
2018-09-26,63.2331725680788,64.20741380434315,61.47025075332445,62.2125358581543,43152887
2018-09-27,62.81563885542936,62.81563885542936,56.83099044799804,57.990806579589844,47047470
2018-09-28,58.03720177846906,58.825878915959464,54.23300606885512,55.392822265625,68264539
2018-10-01,55.671174548291866,58.965051667836875,54.32578712214588,58.64030456542969,39640035
2018-10-03,59.1970177507543,61.56304207529688,58.176380917258484,59.985694885253906,42231670
2018-10-04,58.593915328556655,60.77436834974085,58.31555661140283,60.124874114990234,32208001
2018-10-05,60.31044048910813,61.56304052962916,58.4547346279048,59.243408203125,31872123
2018-10-08,59.38258786398191,59.93929820941552,56.691812935604005,58.315555572509766,29733364
2018-10-09,58.872267424093444,59.28980193848689,57.06295355470714,58.12998580932617,24773210
2018-10-10,58.26916240855197,62.11974988571323,57.805235950618474,61.51665115356445,30162010
2018-10-11,59.38258718332971,61.23829303280876,58.54751813527293,59.660945892333984,27655306
2018-10-12,60.40322537639369,62.769253220573276,60.35683697646159,61.70222091674805,22188888
2018-10-15,62.166142171699434,63.047599564939794,60.635183523321686,62.67646408081055,21390663
2018-10-16,63.27956997902106,65.27445528840175,62.954822853995466,64.90331268310547,21972857
2018-10-17,65.87755917427235,66.01673853198108,61.33107832251021,61.70222091674805,24801387
2018-10-19,61.423868098944446,62.53729598856377,60.54241054708307,61.23830032348633,18158920
2018-10-22,62.07336199005123,62.58367685053775,60.68158260497813,60.95993423461914,16020570
2018-10-23,60.727974013823655,61.470259220903905,59.24341067861951,60.0784797668457,16070344
2018-10-24,61.05272674560547,61.563041619093646,59.939298961805804,61.05272674560547,17199693
2018-10-25,60.49600565290852,61.88778498920816,60.310437906317546,60.913543701171875,23250113
2018-10-26,61.238292570376984,62.39810871754322,60.54240288207725,61.377471923828125,20915568
2018-10-29,62.0269675463475,66.61984384102989,60.8671513727847,65.78477478027344,36931154
2018-10-30,65.8775524819245,69.82092710232138,65.64558926895997,67.31572723388672,43626784
2018-10-31,68.47554409127447,68.8930750478611,66.52704741665538,68.33636474609375,28632204
2018-11-01,69.0322598910419,69.58897023714786,67.91883211987385,68.9394760131836,21269555
2018-11-02,69.54257960730872,73.02202836175626,63.14039956229055,64.06825256347656,91979581
2018-11-05,63.74349235653475,65.83116141291414,62.537287815778015,65.32084655761719,33569269
2018-11-06,66.06311897624292,66.38787313144005,64.8569145389227,65.50640869140625,18682517
2018-11-07,65.87756461113528,66.06313238409098,65.5064219862671,65.83116912841797,2459502
2018-11-09,65.87755370417479,67.17654913666794,65.13526857733424,66.48065948486328,16410330
2018-11-12,66.80541472739361,66.89819860983481,64.67135003646374,65.41363525390625,15610896
2018-11-13,63.557920128958564,65.22805808801702,63.51152465494649,64.94969940185547,16257056
2018-11-14,65.41363611659398,66.8518110897471,65.04249350297802,65.64559936523438,19262384
2018-11-15,65.64558870883947,66.4342622103984,64.71773586489827,66.01673126220703,13633606
2018-11-16,66.24869986395979,68.80029539242565,65.50641469682367,67.91883087158203,29393571
2018-11-19,68.56832988525557,68.70750923434063,67.26933442538797,68.0116195678711,17064185
2018-11-20,67.08377493890265,68.93948094463765,65.55281606837995,66.15592193603516,22772511
2018-11-21,66.20231014392775,67.73326900994383,65.87756300967139,67.45491027832031,15213307
2018-11-22,67.73326550230254,68.10440809892833,66.24870219475565,66.52705383300781,12316028
2018-11-26,66.89819351764838,66.99097739302701,64.81052446632745,66.1095199584961,14534558
2018-11-27,66.10951790964901,67.8724398030308,65.50641211994528,67.22293853759766,18202285
2018-11-28,67.686865648286,67.73326112447413,64.11463342943024,64.57855987548828,21486398
2018-11-29,65.04248518621463,65.27444840519469,63.88266909131439,64.62495422363281,17242452
2018-11-30,64.94970220803842,65.41362865238155,64.02184931935214,64.85691833496094,14026529
2018-12-03,64.94970579045977,66.8054116701872,64.43938384195226,66.29508972167969,15579155
2018-12-04,66.29508803444764,66.71262609413353,64.25381445028103,64.53217315673828,17168281
2018-12-05,64.48577817725293,65.04248851550994,63.465141377289044,63.97545623779297,15370028
2018-12-06,63.557922081834434,63.697101429191626,61.09911054170956,61.33107376098633,22242427
2018-12-07,61.609442953359434,62.166153358690664,59.800125287336854,61.23830032348633,21210644
2018-12-10,60.21765631162144,61.09911375971605,59.382587262452,60.171260833740234,15452401
2018-12-11,58.91865982294029,64.16103018360727,58.779480470559484,63.743492126464844,33859505
2018-12-12,64.11463940245909,66.80541445606406,64.06825100090512,65.6919937133789,29040526
2018-12-13,66.43426424347466,67.26933324436828,65.83115846066505,66.20230102539062,18076633
2018-12-14,65.87754974307371,68.1043979107433,65.69198201199924,67.40850830078125,21183370
2018-12-17,67.54768966927922,67.96522061622679,66.7126206964287,67.59407806396484,11039826
2018-12-18,67.36212287891361,70.33125657178398,66.94459188222314,68.89308166503906,33486536
2018-12-19,69.49619052563575,71.67664364132823,69.35701116102634,71.39828491210938,29772662
2018-12-20,70.88796258187145,72.46530967152391,70.19207291073847,70.60960388183594,28834262
2018-12-21,72.14056347801271,73.11481186138816,70.23846218816763,70.84156799316406,40025985
2018-12-24,71.16632080078125,71.76942665413495,70.3776471828371,71.16632080078125,20719115
2018-12-26,71.4446818360945,72.65089358179306,69.31061707953758,72.14057159423828,22820304
2018-12-27,72.7900678756323,73.16121050599202,71.72304254691383,72.32614135742188,24709123
2018-12-28,72.37252336423148,73.30037622787547,72.2797394936582,72.79005432128906,18081826
2018-12-31,73.0220194601218,73.71790912617996,72.23334592104702,72.4653091430664,13924275
2019-01-01,72.9292358570312,74.22823132093879,72.4189210140732,74.04266357421875,18609031
2019-01-02,73.81070696542086,74.5993805780867,71.72303777244618,72.23335266113281,27192314
2019-01-03,72.46531590479667,73.25398951746249,71.49107452878233,72.23335266113281,18780736
2019-01-04,72.37253065224095,75.99115860064425,72.0477835330542,75.4344482421875,35324306
2019-01-07,76.5014629924256,76.91900101324698,74.22822639078979,74.7385482788086,21061552
2019-01-08,74.73856247468012,76.03755102008509,73.99627723820016,75.80558776855469,17598981
2019-01-09,76.08395075967785,76.22313013417597,74.042676863562,74.87773895263672,18063915
2019-01-10,74.50658132279293,75.75918116432615,74.32100651877933,75.3880386352539,15125630
2019-01-11,75.38804729316372,75.66640599167462,74.55297827658676,74.83133697509766,12150994
2019-01-14,74.55297417292074,76.91900174316146,73.39315812455871,76.54785919189453,22990328
2019-01-15,76.87262101062619,77.38294300134623,75.62002085398949,76.03755187988281,14499042
2019-01-16,76.08393891558094,78.86749765639489,75.94475956274907,78.1716079711914,30560868
2019-01-17,78.21800320299084,78.91389288601049,76.96539611039074,78.44996643066406,22181000
2019-01-18,78.44996619022884,78.72831781521005,76.5478648975557,76.87261199951172,16185024
2019-01-21,76.87261364498535,77.52211494175602,73.90348710789566,74.46019744873047,20063465
2019-01-22,74.41380060706152,74.69215931185578,72.65088573988433,72.92923736572266,17346423
2019-01-23,72.92924523767655,73.67153047794592,71.72304057093469,72.14057159423828,12687561
2019-01-24,72.1405620480304,72.88284719007476,71.67663560399163,72.4653091430664,13272022
2019-01-25,72.69727471102608,74.64576442307555,70.42403789346102,71.07353210449219,19763289
2019-01-28,71.44467290298668,72.51170514784843,70.28485678443171,70.60960388183594,19106196
2019-01-29,70.65599786797476,72.83645070907966,70.09928755860096,71.72303009033203,17793292
2019-01-30,72.1405775446722,72.60450408836785,71.16632897132845,71.67665100097656,11238545
2019-01-31,72.09417525128342,72.18696621442665,70.00650600177957,71.90860748291016,16757529
2019-02-01,72.37252422797292,72.74366679365109,68.24358176706184,68.56832885742188,25916009
2019-02-04,68.70751321678918,68.75390161653581,65.92395438956946,67.87244415283203,22905988
2019-02-05,69.1250450981401,70.98075100681501,66.80541271229647,68.10440826416016,70132820
2019-02-06,68.75389934566707,70.19207419047832,67.54769480775188,69.7745361328125,27503709
2019-02-07,70.19207763671875,71.0735351145861,69.44979243928373,70.19207763671875,23866199
2019-02-08,69.58896956664394,69.58896956664394,65.55281074756981,66.06312561035156,31290303
2019-02-11,66.24870238885406,66.29509078922054,65.22806555436003,65.7383804321289,18322730
2019-02-12,66.06312167874908,67.03737002628425,65.73837458922257,66.20230102539062,13405209
2019-02-14,64.48578076214115,67.4085190038424,63.74349556207354,67.0373764038086,18981245
2019-02-15,66.80541962539402,67.91884045423446,64.39300311026841,64.99610900878906,22508284
2019-02-18,65.18167448734891,65.97034813652905,63.74349947846528,64.02185821533203,17183987
2019-02-19,64.30021391332495,66.34148762401993,64.11463907119861,64.90331268310547,18800655
2019-02-20,65.32084274380368,66.29508399919192,65.18166339904664,65.9703369140625,14646666
2019-02-21,70.51682362289954,70.51682362289954,67.40851768162875,67.87244415283203,47884317
2019-02-22,67.68686764172149,68.61472056116364,67.26933665955494,67.91883087158203,17255280
2019-02-25,68.10441307425357,68.42916021541673,67.64048656431854,68.19719696044922,10143437
2019-02-26,67.5476860174898,67.5476860174898,65.0424792343757,66.66622161865234,24903931
2019-02-27,67.2693369938777,68.28997379454533,65.8311621300124,66.34148406982422,24053517
2019-02-28,66.3878810432356,67.45490626677086,66.29509008557497,67.08377075195312,16139027
2019-03-01,67.7332619398529,71.44467355299552,67.45490323728485,71.11992645263672,37660508
2019-03-05,71.44467913665717,77.3365441172006,70.74878940480662,76.68704986572266,50845208
2019-03-06,76.73343739660302,77.75408132156984,75.52723278912022,76.45508575439453,27381377
2019-03-07,76.50146788270227,79.98091621719065,75.43444272329043,79.28502655029297,48792690
2019-03-08,79.19224181184687,79.65616825137609,77.5684992734946,77.75407409667969,26190794
2019-03-11,78.03243105651211,80.21288405582091,78.03243105651211,79.65617370605469,23446148
2019-03-12,80.49124759269826,81.04795797581897,78.63554159632481,79.2386474609375,28275260
2019-03-13,79.05307202127618,79.74896176469923,77.290157001103,78.72832489013672,26167126
2019-03-14,78.91389515999786,79.56338938461636,77.66128803130255,78.357177734375,23309588
2019-03-15,79.14585380650449,81.00155957379458,78.96027898240206,79.84174346923828,47765635
2019-03-18,80.21288554883661,80.8159913885408,78.91389706818919,80.3984603881836,28960560
2019-03-19,81.32630850389492,85.31607174629717,81.18712915241389,83.97068786621094,76686943
2019-03-20,84.43461613177722,87.35735425982224,82.90365739051971,86.80064392089844,65416389
2019-03-22,89.02748589266452,89.02748589266452,84.06347412789584,84.94493865966797,69603817
2019-03-25,83.08922844130437,84.66657550962748,82.76447426933576,83.78511810302734,30226076
2019-03-26,84.62018152758152,86.38310345085527,84.156255078244,85.8263931274414,24611358
2019-03-27,86.75425238673841,88.19242731671073,86.10475814162879,86.66146850585938,44404743
2019-03-28,87.12539544181924,88.88831750350458,86.61507347589892,88.47077941894531,43461013
2019-04-01,89.16665706590463,92.69250071153928,89.16665706590463,90.46565246582031,51690683
2019-04-02,90.6048409509244,92.59972618648558,89.120277663631,91.20794677734375,52878919
2019-04-03,92.22858016738148,92.59972274515088,87.12538919018081,87.63570404052734,52523325
2019-04-04,87.21817208508456,88.84191465049837,86.1511398405929,86.89342498779297,45741687
2019-04-05,87.49653785718282,87.91406886188362,85.36247319570758,86.38311004638672,30275193
2019-04-08,86.98621589236507,88.14603210426327,85.6408319181457,86.38311004638672,34248451
2019-04-09,86.47589068293075,87.82128168562679,84.99132740319385,87.54292297363281,35537791
2019-04-10,87.21817232722526,88.09962974788617,86.33671490656435,86.61506652832031,24772662
2019-04-11,86.66145649528082,86.80063583678842,85.3624611061355,86.01195526123047,20082380
2019-04-12,86.10475168228983,86.84702975259485,85.54803428086629,86.61506652832031,20151855
2019-04-15,87.03261397788027,87.63571276295694,86.29032874846142,87.0790023803711,17833602
2019-04-16,86.75424578258101,87.17177675423036,85.6872135363089,86.10475158691406,16776973
2019-04-18,85.87278617271302,86.1047493908144,83.22839982319279,83.55315399169922,24453025
2019-04-22,83.41398250774823,83.50676638794357,79.93453390825057,80.3984603881836,22607916
2019-04-23,80.30566899586377,82.57890570330508,80.25927352062797,80.90876770019531,26099019
2019-04-24,81.37269377990437,82.39333759897119,80.49123638593458,81.97579956054688,20354853
2019-04-25,81.6510576143732,82.71808989671588,79.84174723745531,80.49124145507812,20631056
2019-04-26,81.14073612654607,82.02220065991426,80.21288319392025,81.79023742675781,20387608
2019-04-30,81.79023349495928,81.79023349495928,77.5685000228754,78.77471160888672,26321705
2019-05-02,78.1716112705565,81.51188048472375,77.93964803236494,79.88813781738281,27331709
2019-05-03,80.67680615560792,81.46548677724422,80.0737074387648,80.86238098144531,20112657
2019-05-06,80.12008946909488,81.233517098771,79.4241998551555,80.02730560302734,17151414
2019-05-07,80.4448529115113,80.86239101222316,77.38294223440768,77.89325714111328,16356567
2019-05-08,77.70768937121245,79.2386482492426,77.24376286750372,77.89325714111328,23380690
2019-05-09,78.03242861835952,79.19224476036533,76.82622407804705,78.1716079711914,22934344
2019-05-10,78.86748957979506,80.95515842161316,78.3107793044346,80.02730560302734,21821500
2019-05-13,79.93452801952711,79.98091641672923,73.34677390558494,74.04266357421875,34293332
2019-05-14,73.53234755328666,77.5685065394739,72.60449458731458,76.96540069580078,31711482
2019-05-15,76.96539578433614,77.4293222377172,75.99115447960943,76.36229705810547,21976945
2019-05-16,76.96539241061431,76.96539241061431,73.67151898336682,75.15608215332031,23116401
2019-05-17,74.78494569199059,77.38293676056796,73.62512951476072,76.77983093261719,26209661
2019-05-20,80.25927316868406,82.903652429549,79.37781577471428,81.97579956054688,34758878
2019-05-21,82.06859084059225,82.57891279619618,78.7747171056458,79.88813781738281,23867211
2019-05-22,79.42421375983224,79.51699764214331,76.68705029739509,78.4963607788086,31628934
2019-05-23,80.72320282176402,83.27479831325657,77.01179119777487,77.66128540039062,47589021
2019-05-24,78.31078732130607,82.4397299551211,77.9860402173469,81.83662414550781,32158634
2019-05-27,81.558267371099,84.62017754525603,81.3263041573467,82.81086730957031,34857012
2019-05-28,83.69233056482769,84.34183185629759,78.96028208791721,79.98091888427734,86522613
2019-05-29,78.86749640881834,79.23863898418041,75.43444351436975,75.85197448730469,51078577
2019-05-30,76.40868505532943,77.05818633403003,74.87772635141016,75.57361602783203,37358698
2019-05-31,76.26950470685533,76.9190059770622,73.85708860926523,74.83133697509766,35572365
2019-06-03,74.8777258740391,76.45508004457933,73.62512588025668,76.13033294677734,29457340
2019-06-04,75.99115927175738,77.846865202306,75.62001666985638,76.45508575439453,31249718
2019-06-06,75.15608330780611,76.40868328047841,73.48594529160593,73.81069946289062,35181677
2019-06-07,73.39317040107007,74.13545562776633,72.00139091023199,73.48595428466797,33275828
2019-06-10,74.59937084410137,74.87772245280387,71.16631103846007,71.76941680908203,29534574
2019-06-11,72.32613155797239,73.43955929819349,71.30549477198666,72.92923736572266,25936557
2019-06-12,72.79006453924893,74.13545562776633,72.51171288845525,73.48595428466797,23155948
2019-06-13,71.58384941121267,72.32612745024683,68.28996893369725,70.70238494873047,49608986
2019-06-14,70.88796802657863,72.1869635949236,70.70239318598287,71.21271514892578,22721581
2019-06-17,71.44467689236616,71.81581948681904,70.19207683017436,70.47042846679688,18921910
2019-06-18,70.00650024414062,71.7694222145226,69.1714382761835,70.00650024414062,26823879
2019-06-19,69.82092655352025,70.79517487189572,68.66111049781394,69.9601058959961,34490842
2019-06-20,70.33125963433575,71.67664364132823,69.58897440905652,71.39828491210938,22588627
2019-06-21,71.30549508664242,72.5117067074657,70.7487847535532,71.35189056396484,25095277
2019-06-24,71.44467557103562,72.00138591294079,70.79518135197227,71.30549621582031,17893572
2019-06-25,71.16631014518698,71.95499072399997,70.79517467157545,71.5374526977539,16276002
2019-06-26,71.58385323690054,73.71791067700013,71.11992678310204,73.20759582519531,21804139
2019-06-27,73.30038100022537,74.08905456987962,72.09416936737342,72.37252807617188,23598349
2019-06-28,72.8364511069479,75.80557749246414,72.37252466677626,73.81069946289062,47346971
2019-07-01,74.22823317657136,75.34165384263756,73.2075963861847,75.01690673828125,26338247
2019-07-02,75.06330043821265,75.2952636613969,73.9498727195548,74.552978515625,17961136
2019-07-03,74.59936518532224,75.71278569358401,74.22822265625,75.3880386352539,20020055
2019-07-04,75.62001102240578,77.29014906675289,75.62001102240578,76.13033294677734,26764988
2019-07-05,76.54785532877746,77.38292425724603,75.01689680641091,75.89836120605469,40061878
2019-07-08,70.79518436610105,72.32613610178203,67.17655637121905,67.54769897460938,87010832
2019-07-09,66.61984204888755,69.26422143768299,65.87755688619313,68.9858627319336,43627267
2019-07-10,69.40339823200647,69.4961821041838,66.8054073373067,67.50129699707031,24105866
2019-07-11,67.77965322623318,69.44978410152073,67.50129454087421,69.17143249511719,20781285
2019-07-12,69.21782078876188,70.42403231827862,68.28996794419683,69.9601058959961,22566078
2019-07-15,69.58896206783295,69.82092527472574,67.4548977328373,68.15078735351562,21449333
2019-07-16,68.56833221707201,70.65600128747637,68.2899735094357,70.28485870361328,17846669
2019-07-17,70.33125725696051,70.65600437743419,69.0322616961095,69.9137191772461,18013838
2019-07-18,69.91371606417383,70.28485864774187,67.22294118200043,67.91883087158203,19957328
2019-07-19,68.2435887013576,68.475551943607,67.08377249011056,67.54769897460938,16487819
2019-07-22,67.45490827807868,68.24358896797298,66.29509206230045,67.26934051513672,16500579
2019-07-23,67.54768744981955,67.73325518037551,63.093991126925125,63.46513366699219,35441004
2019-07-24,63.46513872811865,64.76413418246621,62.862032937283466,63.279563903808594,25494368
2019-07-25,63.465135996918285,64.02184628797919,60.86714520002682,61.28468322753906,25800387
2019-07-26,61.70222231921028,64.62496058170099,61.191900355664345,63.09400177001953,58777562
2019-07-29,63.88267099145334,65.2280619489286,62.76925033881356,64.30020904541016,37353477
2019-07-30,64.20742575802741,64.62496386183676,61.51665767972068,62.073368072509766,27726952
2019-07-31,62.166139334359556,64.48577139907447,61.794996788214114,64.20741271972656,27462579
2019-08-01,64.02185295952691,64.20742071623293,61.609436727567854,62.63007354736328,21663053
2019-08-02,62.63007342037422,63.92906895155098,61.88778823714288,62.76925277709961,29730137
2019-08-05,62.16614839860036,63.32596460006679,59.753732115341464,61.795005798339844,32274653
2019-08-06,61.88778370300175,63.41874235690478,61.3310733958431,63.04759979248047,26632468
2019-08-07,63.325965240456355,63.74349624562406,58.96505557094687,59.428985595703125,40538912
2019-08-08,59.93929508193337,62.07335955352753,59.56815251135755,61.84139633178711,27336537
2019-08-09,61.934183019135276,62.6764681940182,60.82076233576696,61.74861526489258,21976833
2019-08-13,61.887781340021455,62.67646191391832,60.35682982352837,60.63518142700195,17405138
2019-08-14,61.14550591020846,61.563036872594154,60.21765303472414,60.82075881958008,18151481
2019-08-16,60.82075845142687,63.51152611087946,60.264041066341605,63.1867790222168,25110812
2019-08-19,63.047606365113666,64.11463869446197,62.073364995761494,62.44450759887695,20209221
2019-08-20,62.63007521931893,62.862038460871965,59.93930020151248,60.86715316772461,17727108
2019-08-21,61.006332814066006,61.60943866071877,58.686700387675664,59.428985595703125,19166301
2019-08-22,59.47537156320299,59.66094639709456,56.69181276543415,57.016563415527344,18829140
2019-08-23,57.062954382337516,59.38258667430246,56.55263598600083,59.011444091796875,20845415
2019-08-26,63.09399367647933,63.09399367647933,58.825871990626226,61.006324768066406,31694402
2019-08-27,61.98057745052452,63.279565866199874,61.51665099379591,62.30532455444336,22567673
2019-08-28,62.44450238689263,63.047601102791184,60.21765403302206,60.913543701171875,17166214
2019-08-29,60.82075702094644,61.377467313982486,59.15061906288286,60.35683059692383,14663681
2019-08-30,60.542402284092546,61.145508090453234,58.77948034202127,60.217655181884766,25573307
2019-09-03,57.52687993606722,57.89802251273624,54.78971316669747,55.114463806152344,68369998
2019-09-04,55.578392028808594,55.99592301652262,54.4649678027891,55.578392028808594,34213414
2019-09-05,57.20213253299553,57.43409575731509,56.13510028533437,56.691810607910156,30641680
2019-09-06,56.92377994243633,57.155743191654864,56.41346150205122,56.87738800048828,19597727
2019-09-09,56.877379635834274,58.31555086158931,56.2742774002481,58.083587646484375,21700960
2019-09-11,58.08359175029465,60.31044018842781,58.08359175029465,60.171260833740234,24414845
2019-09-12,59.892906188964844,60.77436359269649,59.61454749359923,59.892906188964844,21906448
2019-09-13,59.89290807967698,60.49600680708176,58.26916195020421,60.217655181884766,21379499
2019-09-16,59.52176362146258,60.9135429403793,59.19701299002865,59.892906188964844,16196194
2019-09-17,60.032079095641826,60.31043779396551,57.66605847571356,57.89802169799805,16357780
2019-09-18,58.31554923226811,58.918654990481436,57.99080215598566,58.4083366394043,16492807
2019-09-19,58.36194878577757,58.45473265992279,56.64541879826769,57.48048782348633,18163200
2019-09-20,57.480489311414416,61.98057811350423,56.970170911449884,60.95993423461914,47299267
2019-09-23,62.16614162507591,63.09399448515167,60.217652034707925,62.02696228027344,33276056
2019-09-24,61.70221902924348,62.258929364092076,60.82076158897953,61.377471923828125,19184229
2019-09-25,60.774366590001094,60.8671504667137,58.12998716943347,58.733089447021484,18395852
2019-09-26,59.01144669737016,60.867152612878385,58.08359373961605,58.2691650390625,48382199
2019-09-27,58.361951050860945,59.1042326912651,57.85162910482241,58.315555572509766,22426450
2019-09-30,58.68669588476376,58.77947975890898,56.64541879826769,57.48048782348633,22597574
2019-10-01,58.408340636799245,58.408340636799245,52.284509386333085,54.4649658203125,34976291
2019-10-03,54.279392630418236,55.624779993255785,53.676286852066916,54.789710998535156,22655441
2019-10-04,55.30003641520939,55.6247870832059,53.53711786978725,53.769081115722656,25074289
2019-10-07,53.81546900053733,54.00104029119339,52.841224148940434,53.11957931518555,19987686
2019-10-09,53.11958501445963,54.55775647726112,52.330911368900914,54.233009338378906,26996456
2019-10-10,53.8618635815986,54.00104294129036,52.145337022617,52.37730026245117,22677919
2019-10-11,52.56287090005089,53.35154448976045,51.68140989188966,52.79483413696289,24739349
2019-10-14,53.07318978353455,54.186614038471554,52.65565524549841,53.16597366333008,17778101
2019-10-15,53.16597287858778,53.954650003121245,52.60926252907552,53.722686767578125,14261673
2019-10-16,53.95465324134517,54.55775556626714,52.93401282001229,53.21236801147461,15653116
2019-10-17,53.25875589418439,55.021674214904465,52.93400526758069,54.789710998535156,21574463
2019-10-18,54.65053720822503,56.32067171979262,54.27939463255316,55.90313720703125,16943401
2019-10-22,55.903138965245624,57.75884482301311,55.57839185592753,56.3670654296875,19791117
2019-10-23,56.36706956010317,57.48049386424778,55.53200044712514,56.87738800048828,16038768
2019-10-24,57.155735378141934,57.38769859564977,54.88249867814729,55.439208984375,17901412
2019-10-25,55.20725064590617,56.83099331196223,54.46496899217616,56.320674896240234,26581062
2019-10-27,56.59902713016417,56.97016970746461,56.3206719669278,56.552635192871094,2135895
2019-10-29,56.18149234858576,58.08359008438608,55.9495291237448,57.48048782348633,17171226
2019-10-30,57.434094502667485,59.52176347593843,57.38769902723475,59.10422897338867,23374034
2019-10-31,59.660940196411396,62.02696068123592,59.47536538180699,60.63518142700195,36722788
2019-11-01,60.8671497070023,62.862034886726505,60.40322325027369,62.30532455444336,29095991
2019-11-04,62.90842841309991,64.6249548339726,62.44450197075834,63.279563903808594,39302621
2019-11-05,64.02185488667727,64.5321768514145,59.61455328215964,60.0784797668457,80019705
2019-11-06,59.80011930107139,60.40322512937193,58.733090541087925,59.61455154418945,33999037
2019-11-07,59.61454878412761,59.93929588311379,57.294916535717974,57.48048782348633,30285269
2019-11-08,57.38770246487636,58.08359216431857,56.69181276543415,57.016563415527344,18136704
2019-11-11,56.877384932335154,57.666062060821304,56.691813635075,57.24852752685547,15124948
2019-11-13,57.38770290379361,57.9908087303808,55.71756832025426,55.94953155517578,16397965
2019-11-14,56.04231897283124,56.55263738176297,54.60414408473533,55.94953155517578,18317596
2019-11-15,56.506248121070016,59.19701965001539,56.41346069901644,57.43410110473633,38997998
2019-11-18,57.758842348836204,58.54751588881229,57.341307840828556,57.89802169799805,18394808
2019-11-19,57.57327339287353,60.171260879694344,57.57327339287353,59.521766662597656,30508426
2019-11-20,59.846512883229316,60.54240256791803,58.82587609481039,59.28980255126953,21268472
2019-11-21,59.38258862401186,60.0784783344495,58.54751955569545,58.68669891357422,13725241
2019-11-22,58.64030771520366,60.03208361419011,58.64030771520366,59.05784225463867,14442645
2019-11-25,59.38258818199707,59.93929853041207,59.057841068668004,59.75373077392578,14112251
2019-11-26,60.078475866698305,60.63518619639004,58.269161985983224,58.64030456542969,19618525
2019-11-27,59.011441562001046,59.28980025668611,58.31555190424406,59.10422897338867,13339079
2019-11-28,59.66094270579696,62.6300690747977,59.42897948700141,62.119747161865234,45071597
2019-11-29,62.21254421610601,62.81564298097882,60.63518992617158,60.86715316772461,23394380
2019-12-02,60.91354089903915,61.609430535176784,60.403219000956035,61.006324768066406,12741871
2019-12-03,61.23828854612005,61.23828854612005,58.222766761652025,58.36194610595703,16420022
2019-12-04,58.26916234453241,59.336194612398316,57.01656232527937,59.1506233215332,26007180
2019-12-05,59.38258750490078,59.80011849171219,57.61966552255783,57.80523681640625,18691755
2019-12-06,58.03719962688527,58.17637898112918,55.578391504574164,55.856746673583984,22533285
2019-12-09,55.949533293574405,57.341312746347285,55.25364356718796,56.41345977783203,18832854
2019-12-10,56.32067277248133,56.69181181561223,55.11446468821941,55.34642791748047,15190374
2019-12-11,55.57838985831527,56.13510017984488,54.27939438877563,55.253639221191406,14808042
2019-12-12,55.624786170385335,56.645423019960845,55.34643098772639,56.41345977783203,13593777
2019-12-13,56.83099099861617,59.985692322901976,56.69181164568552,59.80011749267578,29859768
2019-12-16,58.54751512349639,59.66094282328096,58.08358868499173,59.10422897338867,22898690
2019-12-17,59.19701609257437,60.91354613288924,59.15062415407463,60.032081604003906,18888141
2019-12-18,59.98569199157566,59.98569199157566,58.17637811086059,58.64030456542969,15891877
2019-12-19,58.36194988162908,59.28980279841505,58.0835911750109,59.011444091796875,15124580
2019-12-20,59.24340969055354,60.63518912139954,59.05784193135658,59.985694885253906,20145673
2019-12-23,59.47537325459553,60.03208361419011,58.68669965525685,59.05784225463867,13309646
2019-12-24,59.1506224354421,59.42898113730888,58.73308792211987,58.91865921020508,10561775
2019-12-26,58.82587893740185,59.150626056824535,58.08359373961605,58.2691650390625,16804192
2019-12-27,58.73308382077774,61.65581813098246,58.686691886865475,60.63518142700195,30080465
2019-12-30,60.542404357426705,60.58879983602635,59.104233007789574,59.75373077392578,12929929
2019-12-31,59.753731905259315,60.17126290473674,59.38258930630366,59.70733642578125,10660714
2020-01-01,59.84651385000492,60.35683579193622,59.336195447551646,60.032081604003906,8568946
2020-01-02,60.31044345200036,62.16614940436959,59.892912444299846,61.88779067993164,26059066
2020-01-03,61.748609868991664,61.748609868991664,59.93929256793021,60.35683059692383,14906983
2020-01-06,60.21765822624964,60.21765822624964,56.59903028409802,56.97017288208008,24078755
2020-01-07,57.619666176970064,58.547519117272174,56.599029358428965,57.38770294189453,20436567
2020-01-08,56.599029668879254,57.15574002032289,55.81035608108775,56.4598503112793,22182671
2020-01-09,57.80523249625401,58.45473020644338,57.34130606604414,58.083587646484375,18885640
2020-01-10,58.40833866478037,59.243404121096816,57.573269668986136,57.94441223144531,17939103
2020-01-13,58.22277004842191,58.77948037811365,58.083590696259996,58.64030456542969,13131132
2020-01-14,58.6403076379554,59.47537317624722,57.89802597964774,58.2691650390625,13837799
2020-01-15,58.31555241024783,59.104229486235795,57.434095001022854,58.82587432861328,13919689
2020-01-16,58.82587545719416,59.33619384587225,58.22276965454317,58.77947998046875,12146474
2020-01-17,58.3619517978279,59.28980474507808,56.87738495854074,58.68669891357422,18351080
2020-01-20,59.475371145759496,59.475371145759496,56.9237755990471,57.155738830566406,16226531
2020-01-21,57.10934729299508,57.805236992437294,56.83099212111381,57.016563415527344,13678963
2020-01-22,57.61966247936247,57.71244989112511,56.274278633843736,56.59902572631836,15241802
2020-01-23,56.645422686161545,57.85163083022782,56.5990307459048,57.341312408447266,14136138
2020-01-24,57.2949170213081,58.269161866001554,57.20213314637652,57.851627349853516,10845058
2020-01-27,57.48048858996691,57.758843755592245,56.69181149130417,56.92377471923828,11436816
2020-01-28,57.06295423271242,57.34130939912274,55.90313808977111,56.135101318359375,12294470
2020-01-29,56.69181100475031,57.06295358205076,56.413455841513944,56.552635192871094,11064733
2020-01-30,56.691815171021275,56.83099453260669,55.346431193260486,55.624786376953125,13591961
2020-01-31,55.995923367466766,56.7846004881009,55.4856049596906,56.08871078491211,15449355
2020-02-03,54.55775556626714,54.882506239205085,52.98040476200963,53.21236801147461,18930405
2020-02-04,53.722685782026595,54.6969306455394,52.23811897809839,52.70204544067383,48174279
2020-02-05,52.19172830520044,53.16597319233523,52.052548947262,52.79483413696289,23905101
2020-02-06,53.2123636567765,55.0216775624316,52.79483267349133,54.418575286865234,26534154
2020-02-07,54.5577507019043,55.11446457467068,53.95464843075486,54.5577507019043,14094876
2020-02-10,54.5113586858891,54.650538038750646,52.841224148940434,53.11957931518555,12866342
2020-02-11,53.58351016916558,53.815473416651145,52.65565717922332,52.84122848510742,10942526
2020-02-12,53.30514815728587,53.30514815728587,51.17108726146346,51.49583435058594,16371273
2020-02-13,51.86697974459303,52.14533491323841,51.0319106991789,51.403053283691406,12379436
2020-02-14,51.681410322973676,52.006157441568014,50.104059590919476,50.28963088989258,15654307
2020-02-17,50.1968392659316,50.428802485348065,47.92360254723253,48.20195770263672,18893364
2020-02-18,48.15556817416711,48.712278512808,46.299862326060136,48.24835205078125,22621843
2020-02-19,48.712274942817544,49.268985240658644,47.96999336587016,48.89784622192383,13554123
2020-02-20,48.71227834515035,49.82570255807796,48.29474382286775,49.037025451660156,14961174
2020-02-24,48.109171313857786,48.109171313857786,46.48542874342605,46.71739196777344,20135592
2020-02-25,46.76378836579634,47.042143532603156,46.16068255481659,46.299861907958984,15899668
2020-02-26,45.88232856260463,46.485430849545914,45.46479403196646,45.603973388671875,18056503
2020-02-27,45.55757616942181,45.74314745811256,43.423515198173,43.56269454956055,26564325
2020-02-28,41.98534546551035,43.005982282029876,41.10388446607364,41.799774169921875,28222955
2020-03-02,42.95959158261458,43.237946764290285,39.06260842072018,39.665714263916016,24375256
2020-03-03,39.66570912050397,41.753378021583124,39.66570912050397,41.289451599121094,30389904
2020-03-04,41.5214162207104,41.706987503894055,39.94406562286606,41.24306106567383,24911682
2020-03-05,41.28945337931315,42.634840770354884,39.61931889433763,41.753379821777344,29076191
2020-03-06,38.6450766909854,40.08324805215463,37.99557891964114,39.29457092285156,23178204
2020-03-09,38.18114802549936,38.50589512279198,36.51100998377184,36.88215255737305,23193045
2020-03-11,36.88215336332773,37.71722240243955,35.165626886737634,35.67594528198242,29799814
2020-03-12,32.79960006419828,33.681061066464196,30.71193094595284,31.31503677368164,45668907
2020-03-13,28.94900987602027,35.397587946687196,26.026271957678112,34.701698303222656,46283310
2020-03-16,33.40270385321726,33.77384642293305,32.057316462344886,33.217132568359375,26750745
2020-03-17,33.86662845485414,34.51612614681537,32.42845726946135,32.753204345703125,28305181
2020-03-18,33.40270871532206,36.41823102989975,31.454218789386296,34.09859848022461,41726476
2020-03-19,32.47485504407052,36.55740966540213,31.82535723529345,34.51613235473633,38504085
2020-03-20,34.79448355664936,36.18626289891533,34.052201948669754,35.30480194091797,34438012
2020-03-23,33.35631528699985,34.7944866958667,32.196499063804296,32.84599685668945,18562456
2020-03-24,34.33055855260925,34.7944850195364,32.84599527423358,33.681060791015625,26934600
2020-03-25,33.40270425340979,33.727451351193444,30.758324915806007,31.825353622436523,24605185
2020-03-26,32.05732042107194,33.217136670311,30.804720287685075,30.990291595458984,29576021
2020-03-27,32.010928993374975,33.3563165720067,30.851112725499068,31.036684036254883,30678500
2020-03-30,30.990289846313548,31.45421631982436,30.016041420358363,30.526363372802734,16722670
2020-03-31,31.26864437836329,31.26864437836329,29.87686498650271,30.016040802001953,18297010
2020-04-01,30.15522215756516,30.15522215756516,28.067552931272186,28.253124237060547,26645369
2020-04-03,28.29951481939145,28.485086116266686,27.13969863826885,27.510839462280273,20693435
2020-04-07,28.299513502314905,28.299513502314905,27.510838181909158,27.88197898864746,21958544
2020-04-08,27.742800780755804,29.320151385942214,27.278874340376145,28.29951286315918,29665371
2020-04-09,28.485086510946818,29.598508998408306,28.392300861223593,29.13458251953125,23013811
2020-04-13,29.45932896981455,29.45932896981455,28.11394158455737,29.08818817138672,16584216
2020-04-15,29.273758716691063,30.24800356809233,28.392299510599198,28.856225967407227,22095245
2020-04-16,28.85622723617539,29.22736806399256,28.3459070494051,28.809833526611328,19994392
2020-04-17,29.923256566347725,30.38718302474071,28.763440420365253,29.505722045898438,28207182
2020-04-20,29.784077424773024,31.454215518443146,29.134581440248983,30.47996711730957,41209050
2020-04-21,29.969648401903104,30.016040339688313,28.717048384312616,28.856225967407227,21855708
2020-04-22,28.763440322097825,28.995403550501837,28.02115869910057,28.856225967407227,18792906
2020-04-23,29.227366007844825,29.459329230129306,28.76343956327586,28.949010848999023,19387746
2020-04-24,28.485086606160184,28.85622743655458,27.9747664158462,28.021160125732422,14350195
2020-04-27,28.20672810213071,28.670654557000425,28.113942457208974,28.531476974487305,11950694
2020-04-28,28.577868774526284,29.088188934270057,28.485084899790117,28.995403289794922,11779908
2020-04-29,29.041795448849964,30.155219651572864,28.856225928222138,29.969648361206055,18718847
2020-04-30,30.340790941939677,31.268643854295764,29.784077070839242,29.969648361206055,31458387
2020-05-04,28.670655482352462,28.856226778185295,27.742802542666368,27.97476577758789,21840848
2020-05-05,28.299515651036206,28.531478894077487,26.95412813350114,27.093307495117188,19121106
2020-05-06,27.09330532940451,27.46444613465547,26.44380759291111,27.23248291015625,18005225
2020-05-07,27.046911745025746,28.067550291387636,26.81494851947709,27.557231903076172,14824828
2020-05-08,27.6964115730767,28.02116046728231,26.95412813350114,27.093307495117188,14357669
2020-05-11,27.278876275957803,27.371661924565153,26.62938027518443,26.722164154052734,16324765
2020-05-12,26.443807982233878,27.093305728289604,25.887095881291685,26.629379272460938,21778045
2020-05-13,28.1139446034332,28.763442397729182,27.32527098573837,28.392301559448242,38941451
2020-05-14,27.974765823330944,28.345906645864446,27.00052094296312,27.18609046936035,22669889
2020-05-15,27.18609062735045,27.464447573172507,26.536594626577077,26.722164154052734,18837162
2020-05-18,26.81494896323186,26.86134267095273,24.8200655444483,25.37677764892578,28519760
2020-05-19,25.608740112077342,25.74791769159765,24.58810157936352,24.68088722229004,25287021
2020-05-20,24.68088722229004,24.959242381330654,24.402530293510484,24.68088722229004,17209079
2020-05-21,24.680889723771138,25.65513464889483,24.40253276677928,25.052030563354492,26589981
2020-05-22,24.77367337036466,25.655132571792645,24.49531643590926,24.727279663085938,27654790
2020-05-26,24.86645788871017,25.098421121887462,24.541710778053176,24.77367401123047,17284784
2020-05-27,24.773675204633037,25.655134471325173,24.634495842230866,25.51595687866211,27037903
2020-05-28,25.60874181473016,25.887096992277822,24.680888863252537,24.820066452026367,41838377
2020-05-29,24.727280802930796,25.376778576860755,24.448925625383133,24.820066452026367,35142537
2020-06-01,25.42317108337651,27.928374816117977,25.05203024845828,27.093307495117188,72815551
2020-06-02,27.186089966871528,27.557232552284127,26.53659398187749,27.139698028564453,40249766
2020-06-03,27.650016139825222,29.3201524475041,27.464446618798004,28.067550659179688,86251403
2020-06-04,27.78919620854633,30.24800437122758,27.5572329739833,28.76344108581543,127139095
2020-06-05,29.2273676554362,31.639783887395257,29.13458200734415,31.31503677368164,96114143
2020-06-08,32.938779898276294,32.938779898276294,29.92325779491297,30.248004913330078,103763917
2020-06-09,30.619146253937206,31.083072712330193,29.227366878758243,29.505722045898438,63883963
2020-06-10,29.69129146835311,31.63978105517268,29.36654261397022,31.407817840576172,83659985
2020-06-11,32.010927334318566,32.66042511856269,30.201613342309273,30.433576583862305,97137720
2020-06-12,28.763439190319232,30.804716227850356,28.67065354866074,30.665536880493164,51625110
2020-06-15,30.619147954245403,31.68618028359371,29.73768692645482,31.222253799438477,50672408
2020-06-16,32.01092559741148,32.33567270217374,29.598507662209485,30.758325576782227,62031926
2020-06-17,30.526362347815475,31.454215263682475,30.155219765677483,30.758325576782227,48129227
2020-06-18,30.71192895934775,31.732569252601007,30.5263612146452,31.454214096069336,41940209
2020-06-19,32.010929107666016,32.15010847609939,31.454218712889258,32.010929107666016,47807176
2020-06-22,33.26352450470438,33.40270385321726,32.474850968405676,33.217132568359375,89826409
2020-06-23,33.40270153900877,35.16562331380305,33.30991767274701,34.74808883666992,83901309
2020-06-24,35.258409892043026,35.62955246459253,33.63466733122525,33.86663055419922,70619520
2020-06-25,33.68106199277442,34.88727014192757,32.98517226755396,34.423343658447266,57452358
2020-06-26,34.93366383278766,35.212019000724695,33.77384768348499,33.959415435791016,37644978
2020-06-29,33.58827578481003,33.77384707324106,32.61403094489456,32.799598693847656,29067559
2020-06-30,33.217134275523904,33.541884925584945,32.057318109901715,32.242889404296875,22906001
2020-07-01,32.47485391491674,33.91302530896742,32.01092743041794,33.77384948730469,39413754
2020-07-02,33.95941738219498,34.376951927770776,33.49549089588369,33.63467025756836,26984117
2020-07-03,33.866634048087676,33.91302598957297,33.217136248858836,33.35631561279297,19474324
2020-07-06,33.63467005232202,34.608914959735024,33.40270681058187,34.423343658447266,36388175
2020-07-07,34.60891550445404,34.655307445636616,33.495491218681195,34.144989013671875,33765918
2020-07-08,34.005816279162794,35.95430630165458,33.95942079428749,34.56252670288086,81536214
2020-07-09,35.072841443215324,35.25841274450308,34.19138041670711,34.423343658447266,38093561
2020-07-10,33.26352177337867,33.495484975534666,32.10370576259869,32.521240234375,101789230
2020-07-13,32.845988978000605,32.89238090790486,31.825348822720095,32.05731201171875,28822642
2020-07-14,31.918142217578062,31.964534156196677,30.99028928729356,31.129465103149414,22087745
2020-07-15,31.268647994281885,31.686182568019525,30.387186902942076,30.619150161743164,22966651
2020-07-16,30.619147221844898,31.036681755492946,29.923257512257514,30.851110458374023,17806805
2020-07-17,31.03668172584763,31.36142884088698,30.804718489540065,31.175857543945312,15740313
2020-07-20,31.45420984400867,32.24288327081315,31.175851185628385,32.05731201171875,19422869
2020-07-21,32.428460698692035,32.660423931816474,31.82535487677728,32.242889404296875,25336284
2020-07-22,32.33567149457895,32.5676347148829,31.45421408900624,31.778961181640625,26175681
2020-07-23,31.63978233535533,32.1964961965989,31.59339039845451,31.825353622436523,18325343
2020-07-24,31.63978350691028,31.732570923625552,30.758326054722435,31.129465103149414,20991861
2020-07-27,31.22225191657355,31.22225191657355,29.923256423483842,29.969648361206055,22869574
2020-07-28,30.01603991580206,30.294398617538278,29.45932959128547,29.784076690673828,24366835
2020-07-29,29.7840783091685,31.129465795917444,29.7840783091685,30.387184143066406,28066086
2020-07-30,30.43357444320247,30.71192960559132,29.366543961059936,29.45932960510254,26795059
2020-07-31,29.59850756814546,29.830472566114018,28.995403528696375,29.644901275634766,30715605
2020-08-03,29.691294304692033,30.943894367379986,29.5521167165866,30.526363372802734,36462460
2020-08-04,30.479967139365797,30.52636261715088,29.73768550801861,30.15522003173828,21120742
2020-08-05,30.294400392656634,30.758326870097143,30.108829093784802,30.248004913330078,17765292
2020-08-06,30.248004033978717,30.526362743933255,29.92325692500246,30.016040802001953,21224081
2020-08-07,30.155221401894302,30.572755944585396,29.923258160341266,30.433576583862305,18254674
2020-08-10,30.619146471608083,30.8975016407271,30.340791302489066,30.47996711730957,18269324
2020-08-11,30.43357517903607,30.711930348155086,30.155220009917052,30.47996711730957,16076250
2020-08-12,30.619143832937926,32.19649437465148,30.619143832937926,31.361425399780273,60046401
2020-08-13,31.54700016796141,31.825355343900743,30.526363343024485,30.851110458374023,24293216
2020-08-14,31.083072041356285,31.083072041356285,29.644900759278666,29.923255920410156,27201356
2020-08-17,30.201611466008046,30.24800340354088,29.552115491853506,30.108827590942383,21850726
2020-08-18,30.201611948190553,30.619146471608083,29.876864840798035,30.47996711730957,25200592
2020-08-19,31.778958766135084,32.10370583408558,31.26864042815106,31.732566833496094,64987250
2020-08-20,31.54699783312144,32.70681392992738,31.17585526635241,32.56763458251953,45593468
2020-08-21,32.70681835107926,34.05220591313279,32.70681835107926,33.07796096801758,68760804
2020-08-24,33.820236521030694,33.95941232250103,32.382065335637904,32.753204345703125,38104044
2020-08-25,32.753207154412046,33.07795779798006,32.56763586372717,32.660423278808594,24142450
2020-08-26,33.077960101328564,33.12435204236074,32.66042555308252,32.84599685668945,18538663
2020-08-27,32.845991752827686,33.820236521030694,32.614028544232795,32.753204345703125,44653828
2020-08-28,32.93877802013604,34.70169994968097,32.93877802013604,34.376949310302734,85959987
2020-08-31,35.443977997331565,35.81511699709462,32.196493167147636,32.521240234375,75996857
2020-09-01,32.66042148768342,33.17073985447205,31.361426063605293,32.196495056152344,42207150
2020-09-02,32.47485122406294,32.614030573671506,31.68617768155542,32.28927993774414,29193200
2020-09-03,32.382071730502766,32.52124755945777,31.91814522169601,32.010929107666016,13929020
2020-09-04,31.361429620998138,31.732572224113596,31.083074438400633,31.222253799438477,20522901
2020-09-07,31.407817334055853,31.593388610635866,31.083070254649108,31.361425399780273,16504375
2020-09-08,31.361429620998138,31.547000922555867,30.99029055736086,31.222253799438477,13245081
2020-09-09,30.61914725171366,30.897502427924525,30.201612717658307,30.526363372802734,14722712
2020-09-10,30.80471799334105,31.222252519864686,30.758326054722435,31.129465103149414,13592699
2020-09-11,30.8975036311809,31.40782206402075,30.8975036311809,31.268646240234375,11540634
2020-09-14,31.36142884088698,31.593392077194544,30.94389430763775,31.175857543945312,13826555
2020-09-15,31.500608739723724,31.500608739723724,30.619147718713613,30.897502899169922,23921967
2020-09-16,30.94389430763775,31.268644962155193,30.387183956290833,31.175857543945312,26126290
2020-09-17,30.851110458374023,31.12946563431336,30.619147221844898,30.851110458374023,14159296
2020-09-18,30.943894629490845,31.036682048665824,30.016041674609824,30.248004913330078,26475003
2020-09-21,30.201614340357153,30.2480062823052,28.20673075102561,28.43869400024414,28356034
2020-09-22,28.531476727743716,28.577868664933895,27.371660600599665,27.88197898864746,30887287
2020-09-23,28.299513388904874,28.299513388904874,26.814948398162073,27.23248291015625,37098972
2020-09-24,26.861342772148703,27.000520356357654,25.93348985110369,26.026273727416992,26290043
2020-09-25,26.211846591912604,27.139699568617477,25.655134451941862,26.95412826538086,31735862
2020-09-28,27.371661720739738,28.06755142550431,27.093306546729526,27.97476577758789,20887757
2020-09-29,28.02115928649748,28.206728811267322,26.629379886898047,27.000520706176758,30263021
2020-09-30,26.90773456280161,26.90773456280161,26.258236813734943,26.49020004272461,26580672
2020-10-01,25.794309998106783,26.907734189714702,25.701526123588597,25.979881286621094,62176969
2020-10-05,26.351021573822337,26.768556079869196,26.026272710201326,26.258235931396484,35375815
2020-10-06,26.39741592423164,26.5365935063981,26.072667052683933,26.304630279541016,25184933
2020-10-07,26.304629251949788,26.49019876434279,25.655131534227017,25.74791717529297,33248097
2020-10-08,26.02627283842686,26.62937863229678,25.747917679516846,25.794309616088867,31575254
2020-10-09,25.979881761542742,26.90773468159784,25.65513288557566,26.81494903564453,41073470
2020-10-12,27.18609065819101,27.603625192528234,26.211845771056222,26.397417068481445,33394203
2020-10-13,26.351022358156733,26.443808003344333,25.747918319045798,25.8407039642334,25015960
2020-10-14,25.79430974220008,26.304629895682034,25.51595458192916,26.11905860900879,32332343
2020-10-15,26.304630687070016,26.490200209587265,25.51595534958945,25.701526641845703,18354893
2020-10-16,25.794311557794067,25.933490917464948,25.37677878799865,25.46956443786621,17640916
2020-10-19,25.747917560914026,26.026272718541847,25.608739982100115,25.933488845825195,23518488
2020-10-20,25.88709604568239,25.88709604568239,25.283992003223034,25.37677764892578,19887927
2020-10-21,25.515955496789275,25.79431066704046,25.09842097167348,25.237600326538086,22428270
2020-10-22,25.237600326538086,25.423169850125873,25.19120661833688,25.237600326538086,11303327
2020-10-23,25.42317008972168,25.51595573725952,25.23760056438503,25.42317008972168,10787905
2020-10-26,25.56234677233338,26.211844512394496,25.469562897815194,25.979881286621094,32461849
2020-10-27,25.97988169138514,25.97988169138514,25.098420711817543,25.37677764892578,37298613
2020-10-28,25.469564333279692,25.655133862513733,25.00563785558599,25.14481544494629,29350576
2020-10-29,25.052028024257172,25.052028024257172,24.402530293510484,24.68088722229004,33996026
2020-10-30,24.866458391704626,25.23760098808692,24.588103214156963,24.820066452026367,25772525
2020-11-02,25.144813539561124,26.351021582266927,24.820064675836043,25.933488845825195,53642960
2020-11-03,26.02627283842686,26.30462976707581,25.33038317141289,25.794309616088867,72403902
2020-11-04,25.88709720766163,25.933490917464948,25.005637958267478,25.46956443786621,46812632
2020-11-05,25.701526641845703,26.119059394813764,25.423169703461326,25.701526641845703,34167763
2020-11-06,25.74791717529297,26.16545167522031,25.608739598563492,25.74791717529297,32382743
2020-11-09,25.93349033488692,26.814949564479697,25.84070468710372,26.53659439086914,48174136
2020-11-10,26.814949264018647,27.650016545232432,26.53659409352706,27.464447021484375,46493213
2020-11-11,27.65001642889827,28.113942890925014,26.76855721289086,27.139698028564453,49278768
2020-11-12,27.139698292188896,27.371661525455465,26.81494941166789,27.000520706176758,27200167
2020-11-13,27.04690948264354,27.418050258528933,26.30462793087275,27.371658325195312,33735974
2020-11-14,27.8355878387195,27.8355878387195,27.371661374740842,27.464447021484375,5257310
2020-11-17,27.464447893458523,28.021160021855877,27.278876594079716,27.6964111328125,30880948
2020-11-18,27.650017107420485,28.995404588209002,27.464447579899375,28.624263763427734,78369100
2020-11-19,28.62426185398848,28.62426185398848,27.603623326619466,27.835586547851562,29648439
2020-11-20,27.789194223908524,28.02115744190529,27.418051659322565,27.650014877319336,23624084
2020-11-23,27.78919511426711,27.974764632766778,27.603623826028475,27.88197898864746,21909692
2020-11-24,28.11394423811667,28.392301190514704,27.650017753859043,28.206729888916016,30470938
2020-11-25,28.43869044683382,30.248002502821596,28.34590480479213,29.08818817138672,99621016
2020-11-26,29.134580228707065,29.876863598388763,28.6706537863081,29.73768424987793,48077667
2020-11-27,29.830475825559613,31.686181854161063,29.73768840044253,31.036684036254883,71951138
2020-12-01,31.45421634612845,32.15010605697662,30.897502453763053,31.964534759521484,58487858
2020-12-02,32.05731685884673,32.52124330699061,31.083072025640156,31.500606536865234,77155079
2020-12-03,31.871745177486993,33.44909578956227,31.686177432106966,33.217132568359375,90403528
2020-12-04,33.63467135394675,34.05220591313279,32.24289184964551,33.07796096801758,120208081
2020-12-07,33.031562680512884,33.77384785133808,32.84599492728459,33.17074203491211,82840809
2020-12-08,33.40270745799651,38.13475626542139,33.309923575293375,37.67082977294922,227310533
2020-12-09,39.15539082651326,39.57292531529454,36.32544035284994,36.557403564453125,216961308
2020-12-10,36.557407699908694,36.557407699908694,35.3511960315406,35.629554748535156,63379052
2020-12-11,35.81511921529733,38.41311007193261,35.81511921529733,37.578041076660156,116536838
2020-12-14,38.04196638627486,38.50589280561967,37.763611242563506,38.273929595947266,52117435
2020-12-15,38.27393562895434,38.320327570305906,36.83576421018625,37.67082977294922,56929480
2020-12-16,36.74297216831039,36.74297216831039,34.56251934363084,35.21201705932617,214696891
2020-12-17,35.397591073548966,35.58315882994951,34.09859554187672,34.33055877685547,66872650
2020-12-18,34.469734923435055,34.469734923435055,33.077955643180246,33.913021087646484,63979156
2020-12-21,33.402703848593426,34.19137738478296,30.619145194543975,31.639781951904297,73372682
2020-12-22,31.407822613602406,32.24289172884585,29.412940788598203,30.990291595458984,118459132
2020-12-23,29.784077213038632,30.38718302474071,29.412938170011035,29.505722045898438,178237037
2020-12-24,29.876862695548063,30.248001714565167,29.13457934829722,29.180973052978516,111190598
2020-12-28,29.55211687210424,30.526363533447338,29.227367984989872,30.062437057495117,145990073
2020-12-29,30.52636473628297,31.686180971863962,30.433577313749538,30.804719924926758,160162623
2020-12-30,31.26864515434869,31.26864515434869,30.016041546901832,30.387184143066406,92597922
2020-12-31,30.433573661216393,30.943892035729718,30.062434634060267,30.665536880493164,189388220
2021-01-01,30.897500599570016,32.42845928735271,30.711929313251222,32.28927993774414,227528491
2021-01-04,32.84599265175198,33.17073973688139,31.778960447222026,32.98516845703125,213599078
2021-01-05,32.474852464433845,33.12435022161812,32.19649729406287,33.03156280517578,142225084
2021-01-06,33.217133611385236,33.77384748343986,32.242888759637125,32.660423278808594,202327890
2021-01-07,33.217134502943075,33.40270579860874,32.799599972564856,32.89238739013672,94883129
2021-01-08,33.077960101328564,33.309923345967675,32.567638131539944,32.84599685668945,80655853
2021-01-11,33.21713414634689,33.21713414634689,32.05731798523507,32.3820686340332,76603154
2021-01-12,32.196496056682236,34.28416506344794,31.82535348413273,33.86663055419922,183664727
2021-01-13,34.33055801935907,34.5161293111431,32.70681541033533,33.959415435791016,227452083
2021-01-14,34.09859554187672,35.072840420891865,33.77384842869769,34.33055877685547,184172283
2021-01-15,34.3305605418971,34.79448703570652,32.93878106046884,33.35631561279297,142841953
2021-01-18,33.40270579860874,33.91302420708076,32.5676367378523,32.89238739013672,113003034
2021-01-19,33.35631217155207,34.098593777173186,32.93877766230335,33.86663055419922,109008869
2021-01-20,34.09859314587185,34.60891151907097,33.68105864435337,34.28416442871094,132227405
2021-01-21,34.4233449905928,34.7017037230357,32.70681835107926,33.07796096801758,126279607
2021-01-22,33.21712795671203,33.44909114571069,31.73256496291158,32.05731201171875,133649890
2021-01-25,32.47484785334763,32.567631717137616,31.083068659632733,31.686174392700195,83484252
2021-01-27,31.639785072104285,31.778964434323264,30.665540155006077,30.94389533996582,69780206
2021-01-28,30.619147003200712,30.71193088135858,29.598508415812883,30.20161247253418,130283571
2021-01-29,30.619148214092487,31.91814379654224,30.15522172600018,30.94389533996582,125606644
2021-02-01,31.31503618680514,33.40270526592548,30.711930370379168,33.17074203491211,200145354
2021-02-02,33.4954884951251,34.19137817471478,32.985170104654934,33.58827590942383,199832087
2021-02-03,33.82024186043361,35.954303008528015,33.12435212478468,35.583160400390625,260980002
2021-02-04,35.722335344479404,38.041967509705344,35.258408911434216,37.578041076660156,384813812
2021-02-05,38.320324625436726,39.66571205811033,36.835761379403905,37.2532958984375,329090924
2021-02-08,37.99557826410417,38.22754149704806,35.02644817452682,35.2584114074707,208191094
2021-02-09,35.490372968966724,38.08836034768832,34.65530395390577,36.2326545715332,376625747
2021-02-10,36.00069210686842,37.06772436639616,35.86151629441564,36.603797912597656,213081321
2021-02-11,36.603801549196376,37.206903875366066,35.81512437569683,35.95430374145508,151510830
2021-02-12,36.18626557549281,36.78937141754229,35.62955521319957,36.000694274902344,158520381
2021-02-15,36.418227622170384,37.160509260713916,36.18626438890816,36.69658279418945,127928424
2021-02-16,37.11411488207081,37.71722066469558,36.279045881433085,36.65018844604492,187520683
2021-02-17,36.65019016311261,39.43374890967812,36.464618872112645,38.69146728515625,466579666
2021-02-18,38.96982652794522,41.103887748960844,38.78425521753553,40.63996124267578,365119300
2021-02-19,41.05748948463484,43.00597909523317,38.22753893991715,39.016212463378906,429882183
2021-02-22,39.48013914606425,39.7584943008288,37.29968630435114,38.08835983276367,207909169
2021-02-23,38.320320621733025,39.155389572552295,37.71721841456587,38.04196548461914,217940163
2021-02-24,38.4595050536846,39.062607340727865,38.27393375787203,38.78425216674805,76642692
2021-02-25,39.20178414021916,39.57292670763368,38.73785770068994,38.877037048339844,133293103
2021-02-26,38.04197325098692,38.691471063167725,37.438867381216525,37.902793884277344,191695436
2021-03-01,38.41311729891018,38.459509243047236,37.62444009066632,37.85640335083008,120923262
2021-03-02,38.18114482291488,38.6450712312639,37.76361034750525,38.04196548461914,115358594
2021-03-03,38.41311532037623,40.73274780253715,38.27393595565526,40.407997131347656,238140740
2021-03-04,39.89767354204628,41.10388156914281,39.38735516975287,40.454383850097656,215065585
2021-03-05,40.454385700960955,40.454385700960955,38.320324703156324,38.69146728515625,129772294
2021-03-08,39.15539232334631,39.758494572883365,38.59867847052997,38.737857818603516,89990535
2021-03-09,38.923433069000765,39.29457213588457,37.81000878939294,38.59868240356445,77359752
2021-03-10,38.96982013748353,39.2017833525876,38.32032242729658,38.50589370727539,48965330
2021-03-12,38.830641425295084,38.92342883653515,37.763612742118,38.08835983276367,59205010
2021-03-15,38.08836661099384,38.1347585551309,36.88215836603798,37.85640335083008,83777448
2021-03-16,38.041971159546264,38.41311375738187,36.74297560659977,36.92854690551758,99770550
2021-03-17,36.9749386964443,37.06772611526852,35.304804091867545,35.629554748535156,89295594
2021-03-18,36.18626093803707,36.2790448067025,34.005808169100284,34.98005294799805,126241327
2021-03-19,34.516129138481546,35.954300448527036,33.72745203721417,35.67594528198242,135987432
2021-03-22,35.675943493468864,35.76872736450628,34.794482560702185,35.21201705932617,94389245
2021-03-23,35.11923462586222,36.37183829925151,35.072842683768904,35.95430374145508,108051825
2021-03-24,35.86151754350647,36.232656595785635,34.09859554187672,34.33055877685547,118077858
2021-03-25,34.330557272467814,34.330557272467814,32.28928018620928,32.938777923583984,190748444
2021-03-26,33.58827744383719,33.77384874143415,33.12435096958386,33.402706146240234,100724564
2021-03-30,33.773848612215744,34.05220378780714,33.21713472155486,33.54188537597656,94886069
2021-03-31,33.49548786360892,34.93366267256159,33.17074076838096,34.00580978393555,117399302
2021-04-01,34.33055699272441,35.7223363302673,34.144985706489784,35.4439811706543,100007430
2021-04-05,35.76872761246797,35.76872761246797,33.58827477267274,34.28416442871094,103941329
2021-04-06,34.28416543589634,34.84087576129057,33.63466769661779,34.376949310302734,94329535
2021-04-07,34.37694967283353,35.351194522286534,34.191378382585825,34.88726806640625,96171649
2021-04-08,35.0264439749328,35.35119104632656,34.65530143093055,34.74808883666992,68360846
2021-04-09,34.6553057101845,36.18626446889031,34.51612989360637,35.119232177734375,130289882
2021-04-12,34.0985939385754,34.19137781241301,30.89750073848702,31.500606536865234,184407237
2021-04-13,31.54699783312144,32.75320586590405,31.222250741806914,32.56763458251953,147766538
2021-04-15,32.103710048630994,32.79959974800431,31.686179060589442,32.242889404296875,115658330
2021-04-16,32.47485122406294,32.845993796700526,32.01092477800489,32.28927993774414,100392762
2021-04-19,31.17585655733999,31.361427848408987,30.155219765677483,30.758325576782227,122301341
2021-04-20,31.547001427285362,31.732572731812102,30.990291053183388,31.268646240234375,117371947
2021-04-22,30.80471637117687,31.68617731642537,30.66553702317211,31.454214096069336,100459282
2021-04-23,31.08307440140668,32.19649866994972,30.990290520477334,31.547000885009766,122182836
2021-04-26,31.778963462066354,32.196497996470875,31.778963462066354,31.964534759521484,73069756
2021-04-27,31.9181407865986,32.753206262729506,31.871745310581986,32.42845916748047,97206393
2021-04-28,32.66042640883154,33.21713679476072,32.52124704261009,33.07796096801758,94894461
2021-04-29,33.217129840842986,33.58827238008361,32.38206443676795,32.521240234375,127130844
2021-04-30,32.05731910539107,33.12435142668971,32.01092716522117,32.33567428588867,95008214
2021-05-03,32.010929107666016,32.196500419084394,31.54700259885926,32.010929107666016,105720320
2021-05-04,32.289277446479616,36.37183127259396,32.19649358021786,34.74808883666992,426069700
2021-05-05,35.7687255234597,35.90790486232995,34.46973369840704,34.74808883666992,178293892
2021-05-06,34.794486337410795,35.0264495796602,33.588278185609525,33.77384948730469,114302420
2021-05-07,34.00581286240867,34.2841680462998,33.35631507367722,33.63467025756836,110980908
2021-05-10,33.91302379424888,34.05220314917337,32.474852464433845,33.03156280517578,175653730
2021-05-11,32.33566896475469,32.79959536906668,31.31503229105934,32.521240234375,231689524
2021-05-12,33.170743568841715,35.44398404579084,32.98517226755396,34.423343658447266,345869236
2021-05-14,35.07284199523621,35.62955590786175,33.86663382709822,34.144989013671875,185587845
2021-05-17,34.51612790985728,35.07283822313004,34.19137727754997,34.93366241455078,108033820
2021-05-18,35.583156843187076,35.583156843187076,34.51612814554851,34.655303955078125,91471489
2021-05-19,33.68105978424461,34.19137817471478,33.170741393774435,33.58827590942383,154514444
2021-05-20,33.86663029988607,35.16562575457696,33.35631192107103,34.79448318481445,339156585
2021-05-21,35.25841000407135,35.583157101475585,34.84087549349598,35.30480194091797,178307284
2021-05-24,36.3718365482423,37.20690208415522,35.954302010546776,36.92854690551758,277203783
2021-05-25,37.485261483150985,37.57804536455614,36.37183720889813,36.51101303100586,163516340
2021-05-26,36.650191386034535,37.346081095895954,36.232656852222064,36.41822814941406,155307751
2021-05-27,36.650189558318715,39.34096438472062,36.55740568408882,39.10900115966797,511815455
2021-05-28,39.71210444159358,39.71210444159358,38.04196988619291,39.201786041259766,335658662
2021-05-31,39.2945659831595,40.08324301331854,38.59867635980146,39.34096145629883,240394043
2021-06-01,39.480138385212186,39.57292579466407,38.13475103372072,38.64507293701172,172714836
2021-06-02,38.87703753646598,41.33584557315606,38.5986788376712,40.82552719116211,397167134
2021-06-03,41.289458045008715,41.75338453989645,40.26882117204699,40.547176361083984,265127956
2021-06-04,40.407993964096185,40.45438590220746,39.85128362780483,39.99045944213867,142152047
2021-06-07,39.89767586162778,39.990459738538036,38.830643579769784,39.06260681152344,157004801
2021-06-08,39.433748004876556,39.526531878508635,38.32032382390211,38.459503173828125,104992723
2021-06-09,38.552290816542,39.29457249660182,37.16051133912548,37.67082977294922,149730470
2021-06-10,38.13475092508666,39.75849342135274,38.04196705537684,39.433746337890625,208415707
2021-06-11,39.80488952631846,39.99045726867807,38.784249245951585,39.016212463378906,91371585
2021-06-14,38.784252717733594,40.593566683523406,37.48526070754772,39.944068908691406,192209398
2021-06-15,39.804887871870854,40.129634946980204,39.24817404949783,39.34096145629883,72824813
2021-06-16,39.24817619574344,39.804890048559784,38.59867847052997,38.737857818603516,70156923
2021-06-17,38.1347541809082,39.06260711513447,37.90279094735164,38.1347541809082,79183021
2021-06-18,38.50589943416585,38.69147074174423,36.093483054081716,37.39247512817383,117416542
2021-06-21,36.65019016311261,38.87703857615622,36.37183499635165,38.69146728515625,116450769
2021-06-22,39.01621361694871,39.66571135284408,38.08836071980616,38.3203239440918,137367867
2021-06-23,38.50589634821965,39.85128379599281,38.32032505551335,39.201786041259766,205772277
2021-06-24,39.52653291194024,39.7121042035341,38.41311224133301,38.55228805541992,109853745
2021-06-25,38.96982520299285,39.619322997605046,38.691470016581405,39.2481803894043,111022988
2021-06-28,39.8512807214683,40.547170360820566,39.52653009941727,40.22241973876953,165596285
2021-06-29,40.31520907198306,40.73274358341925,39.80489068666235,39.897674560546875,137925510
2021-06-30,40.129641429272404,40.315212733372775,39.10900456593769,39.2481803894043,88216025
2021-07-01,39.34096640182323,39.66571351775631,39.10900316487729,39.29457092285156,79292862
2021-07-02,39.48014133657561,39.61932069141901,38.87703905770294,39.06260681152344,82307112
2021-07-05,39.3409678111936,39.387359752349134,38.92343326183732,39.2481803894043,50276083
2021-07-06,39.15539334098113,39.7584956061926,38.505895598887435,38.83064270019531,60698228
2021-07-07,38.78425116091724,39.0162143897977,38.55228793203678,38.69146728515625,41710161
2021-07-08,38.78424948941396,39.2017839912997,37.94918402512031,38.08835983276367,60454510
2021-07-09,38.1347493504979,38.22753675585427,37.90278614632339,38.04196548461914,45122471
2021-07-12,38.13474832981813,38.45949893065703,37.85639320015444,37.949180603027344,38587491
2021-07-13,38.08835639812043,38.27392766438873,37.90278513185214,37.949180603027344,33738717
2021-07-14,38.041973666217366,38.13475755205094,37.62443910100956,37.76361846923828,27627264
2021-07-15,37.85640406033425,37.94919148982584,37.39247753131182,37.43886947631836,32145976
2021-07-16,37.48526286310527,38.22754456010691,37.39247543880611,37.902793884277344,41560170
2021-07-19,37.57804643575221,37.7636177433306,37.20690382059544,37.39247512817383,31864818
2021-07-20,37.25329513097425,37.48525835460553,36.6037973969111,36.88215255737305,48757312
2021-07-22,37.53165118911966,37.6708270029405,37.021332792820616,37.11411666870117,53618639
2021-07-23,37.20689913833532,37.3924704225607,36.83576010936241,37.16050720214844,42958166
2021-07-26,37.067726937871385,37.25329824015989,36.418229149600705,36.51101303100586,39507185
2021-07-27,36.6501903743353,37.11411683476993,36.232655852048545,36.325443267822266,41915784
2021-07-28,36.37183640173836,36.46462028108447,35.3511960315406,35.629554748535156,57230970
2021-07-29,35.81511845574076,36.83575871048141,35.49037137528739,36.557403564453125,63854550
2021-07-30,36.65018844604492,37.11411488207081,36.41822522803198,36.65018844604492,45647205
2021-08-02,36.882157395905864,37.99558172330058,36.74297802767714,37.76361846923828,64896737
2021-08-03,38.50589943416585,38.50589943416585,37.16051187857042,37.39247512817383,100994147
2021-08-04,37.578040279716056,37.71721962246905,36.464616156125224,36.557403564453125,79555428
2021-08-05,36.650190626861324,36.69658256532883,35.443982529315925,36.04708480834961,62226173
2021-08-06,36.18626438890816,36.92854602745169,35.95430115564592,36.69658279418945,62616916
2021-08-09,36.74297737547632,37.29969129903099,35.86151985726845,35.95430374145508,55639684
2021-08-10,36.09347863950534,36.23265444855788,34.608911899933204,34.79448318481445,64226181
2021-08-11,34.887266043230994,35.072837322717085,33.95941318527828,34.701698303222656,60555697
2021-08-12,34.74809074040425,35.212017176085276,34.70169880473171,35.072837829589844,32721153
2021-08-13,35.1192311712021,35.30480246079911,34.84087600654557,35.02644729614258,31382550
2021-08-16,34.93366010867105,35.16562331380305,34.65530143093055,34.74808883666992,19259890
2021-08-17,34.65530887635529,34.7017043589315,34.052206537126786,34.09859848022461,25157898
2021-08-18,34.05220184047397,34.33055700014715,33.49548798164972,33.86663055419922,32386126
2021-08-20,33.356313453506935,33.68106056236007,32.75320763480481,33.03156280517578,38801065
2021-08-23,33.124350842850426,34.098595727159356,32.892387606611244,33.54188537597656,54815488
2021-08-24,33.4954918891261,34.05220581289481,33.3099241206815,33.727455139160156,55044654
2021-08-25,33.82024383544922,34.23777840911717,33.63467252054363,33.82024383544922,45499400
2021-08-26,33.77384642293305,34.005809644135944,33.12434869566936,33.217132568359375,35509249
2021-08-27,33.21713472155486,33.634669254681,33.124350842850426,33.54188537597656,31396562
2021-08-30,33.54188808409393,34.23777784899647,33.54188808409393,34.09859848022461,31585995
2021-08-31,34.00580978393555,34.60891203785575,33.72745108576544,34.00580978393555,56641931
2021-09-01,33.95941428899641,34.748091367575746,33.91302235248654,34.655303955078125,41504907
2021-09-02,34.562517564668795,35.07283590806368,34.51612563153792,34.74808883666992,35910903
2021-09-03,34.79448355664936,35.76872838833996,34.79448355664936,35.30480194091797,53604232
2021-09-06,35.62955412362168,35.72233800134043,35.02644830001562,35.119232177734375,30264921
2021-09-07,35.026445387715,35.2120166672011,34.46973508873448,34.701698303222656,30962650
2021-09-08,34.65530371843655,35.58315660020971,34.56251984605037,34.93366241455078,47139154
2021-09-09,34.9336611267051,35.165624338596956,34.748089849296065,34.84087371826172,20050778
2021-09-13,35.07283935665396,35.07283935665396,34.65530483846611,34.88726806640625,21274965
2021-09-14,35.026445893917305,35.58315620094341,34.93366202257222,35.072837829589844,31674866
2021-09-15,35.21202204952715,36.13987504930663,35.02645074167559,35.95430374145508,57565856
2021-09-16,36.00069334799372,38.92343152347699,35.7223381740139,38.78425216674805,190657378
2021-09-17,39.619319304117695,39.66571124094837,36.51100998377184,36.88215255737305,135078081
2021-09-20,36.650187891369434,36.650187891369434,35.2584086043554,35.351192474365234,49454941
2021-09-21,35.443979883852826,35.67594309835516,34.65530283085822,35.351192474365234,45279748
2021-09-22,35.397586822509766,35.76872583021734,35.2584074824459,35.397586822509766,27417221
2021-09-23,35.72233581542969,36.186262254591114,35.629551943388535,35.72233581542969,31335371
2021-09-24,36.186263305895025,36.186263305895025,35.026447174295825,35.165626525878906,33176080
2021-09-27,35.39759263580016,35.86151912623278,35.3048052140267,35.583160400390625,33799535
2021-09-28,35.629553577170334,36.83576166640476,35.58315809954447,36.325443267822266,87295894
2021-09-29,36.000690613355815,38.04196763328109,35.72233546052005,36.78936767578125,103695312
2021-09-30,36.928546375649304,38.273933849151454,36.742975079394164,37.20690155029297,83665464
2021-10-01,37.06772745642234,38.227543687602775,36.51101354176878,37.67082977294922,97922965
2021-10-04,37.949186425645394,38.50589677038993,37.81000706972023,38.1347541809082,62912144
2021-10-05,38.08835983276367,38.73785755353284,37.81000467799912,38.08835983276367,62599441
2021-10-06,38.32032371153907,38.691466283934915,36.83576050091145,37.021331787109375,76749025
2021-10-07,37.53165016954525,37.624434042905264,36.97493631095148,37.021331787109375,35042174
2021-10-08,37.20690382059544,37.57804643575221,36.65019343733858,37.39247512817383,63181834
2021-10-11,37.57804248035478,37.94918505644575,37.392471192309294,37.53165054321289,42779749
2021-10-12,37.57803996693004,38.36671346402515,37.16050548162417,38.273929595947266,67999277
2021-10-13,38.50589511064416,39.062605431392434,38.32032382390211,38.459503173828125,82798525
2021-10-14,38.78425100224084,39.6193200385852,38.69146712685945,39.480140686035156,128521477
2021-10-18,39.851281878118634,44.72250949496779,39.6657105943431,42.68123245239258,405179433
2021-10-19,43.516305915198465,44.07301628404779,40.73274699199545,40.9647102355957,150882735
2021-10-20,40.73274460983114,41.28945494612249,39.57292845965916,39.99045944213867,115424264
2021-10-21,40.7327449476796,41.66059787551305,40.31521042225894,41.42863464355469,122750629
2021-10-22,41.93895673420154,42.913201686209,40.500785277478315,40.77914047241211,102347062
2021-10-25,41.0574891637963,42.35648458702955,40.03685243088287,41.66059494018555,153458794
2021-10-26,42.07812678166991,44.16579576610844,41.93895097306072,42.54205322265625,214146592
2021-10-27,42.866807032581406,43.70187256457023,42.44927249684793,42.959590911865234,111681059
2021-10-28,41.75338299543509,41.75338299543509,38.04197117361864,38.36671829223633,321343621
2021-10-29,38.505896471105885,39.990459738538036,37.67082742100153,39.06260681152344,146781564
2021-11-01,39.48014133657561,39.57292875296388,38.78425164131466,39.06260681152344,42645900
2021-11-02,39.29457004327708,39.38735745966536,38.78425164131466,39.06260681152344,52725424
2021-11-03,39.1553954280592,39.57292996590918,38.18115053272801,38.36671829223633,64044920
2021-11-04,38.69146576463259,39.016212856511906,38.55228641698268,38.877037048339844,13072027
2021-11-08,39.20178211583615,39.52652919094551,38.8770350407268,39.34096145629883,55791255
2021-11-09,39.526530985392654,40.12963676880748,39.43374711385706,39.80488967895508,55276093
2021-11-10,39.71210444159358,39.80489185768574,39.016214748553466,39.201786041259766,41151809
2021-11-11,39.34096463007617,39.38735656748045,38.645074950578206,38.83064270019531,35549697
2021-11-12,39.15539232334631,39.20178425954488,38.5522865343314,38.737857818603516,28798008
2021-11-15,39.01621695085217,39.06260889177786,38.459506580787355,38.59868240356445,29300908
2021-11-16,38.8306438815779,38.8306438815779,37.995578364461096,38.1347541809082,37098708
2021-11-17,37.94918736036375,38.413113838903755,37.57804476174049,37.71722412109375,37455760
2021-11-18,37.902787819307626,39.15539130082496,37.85639588432056,38.64507293701172,123654620
2021-11-22,38.64507434725491,38.784250157294935,36.51100986519561,37.021331787109375,66795201
2021-11-23,36.742975684577225,37.90279188092724,36.603799864702104,37.71722412109375,54899992
2021-11-24,37.81000570554216,38.18114828163313,37.29968731802552,37.53165054321289,40887058
2021-11-25,37.53165261119081,37.62443649058694,36.974938716379654,37.067726135253906,44234204
2021-11-26,36.882151913333246,36.882151913333246,35.490372595848974,35.72233581542969,55545650
2021-11-29,35.443981937149374,35.675945165089516,34.423341610525966,34.88726806640625,47437170
2021-11-30,35.026447946102515,35.72233764039594,34.376950190199715,34.60891342163086,52315588
2021-12-01,34.70170290015123,35.76873170445932,34.46973965493492,35.583160400390625,40315749
2021-12-02,35.53676453186955,35.81511968747084,35.212017440247685,35.72233581542969,32390148
2021-12-03,35.768727751450264,36.27904612663226,35.58315646789013,35.72233581542969,29288326
2021-12-06,35.72233787335848,36.09348046185991,35.11923205191316,35.2584114074707,40915598
2021-12-07,35.53676453186955,36.047082907051546,35.4439806598284,35.72233581542969,31500355
2021-12-08,35.95430266361853,36.603800451889214,35.76873136133002,36.51101303100586,41296620
2021-12-09,36.65018844604492,37.02133101065675,36.32544135661793,36.65018844604492,35479922
2021-12-10,36.650192775609305,38.0883641892882,36.418229530194054,37.81000900268555,52245056
2021-12-13,38.273933718663564,38.41311307524993,37.25329690195709,37.3460807800293,46056603
2021-12-14,37.206900421173124,37.531651064633905,36.696582026566716,37.2532958984375,40950927
2021-12-15,37.160507717835,37.5316502914362,36.78936868371169,36.88215255737305,30984077
2021-12-16,36.92854257933159,37.299685133687774,36.27904487894713,36.557403564453125,34881495
2021-12-17,36.41822757219013,36.557406927747685,35.165627530084365,35.2584114074707,47068060
2021-12-20,34.794488245127155,34.93366761389901,33.35631677222424,34.09859848022461,55096010
2021-12-21,34.237772492870626,34.88726667359069,33.959413798873086,34.28416442871094,60527831
2021-12-22,34.562517564668795,35.25840718006481,34.33055435953679,34.74808883666992,37841483
2021-12-23,35.02644817452682,35.49037464041459,34.88726881896927,35.2584114074707,35679028
2021-12-24,35.25841578152229,35.39759515434601,33.6346729494785,34.191383361816406,57414841
2021-12-27,34.144992115353034,34.65531059367436,33.63467363703171,34.56252670288086,42555204
2021-12-28,34.65530536002148,34.887268591452624,34.42334212859034,34.60891342163086,34060388
2021-12-29,34.70170124071562,34.79448511857393,34.330558650326275,34.4697380065918,32102072
2021-12-30,34.330558650326275,34.70170124071562,33.91302412100778,34.4697380065918,69851127
2021-12-31,34.56252148324023,34.887268591452624,34.376950190199715,34.60891342163086,31412356
2022-01-03,34.608913647332216,35.397590763028255,34.562521708639046,35.2584114074707,36560565
2022-01-04,35.35119715517432,35.86151912623278,35.16562939058385,35.583160400390625,40922358
2022-01-05,35.35119787580709,36.23265893349326,35.30480593371378,35.95430374145508,46559579
2022-01-06,35.443983912609106,36.279049456048966,35.443983912609106,36.000694274902344,43889477
2022-01-07,36.00069174298554,36.69658141664947,35.86151593193949,36.09347915649414,45764582
2022-01-10,36.13987731874268,37.81001211532771,36.093485373736144,37.43886947631836,77487214
2022-01-11,37.53165261119081,37.670828430285006,36.882154836983524,37.067726135253906,40117267
2022-01-12,37.16050860664145,37.53165118911966,36.97493731540235,37.11411666870117,27289110
2022-01-13,37.06772700318224,37.71722479259729,36.88215570056677,37.29969024658203,38374630
2022-01-14,37.06772460781391,37.438863649583126,36.92854525497671,37.2532958984375,28246979
2022-01-17,37.16051256466671,37.57804712955746,36.88215736789899,36.97494125366211,28509122
2022-01-18,37.114117990249596,37.29968928809647,36.18626504049335,36.279048919677734,44095230
2022-01-19,36.047084398684824,37.253296021999994,35.95430052280426,37.11411666870117,44886428
2022-01-20,37.021332792820616,37.53165118911966,36.882153439521794,37.11411666870117,38841491
2022-01-21,36.69658399750798,36.882155298098446,35.67594715347765,36.000694274902344,48283808
2022-01-24,36.00069304499553,36.23265627793942,34.608913647332216,35.2584114074707,51367085
2022-01-25,35.16562429483401,36.69657936772841,34.88726560932802,36.557403564453125,54401085
2022-01-27,36.18626336372298,38.45950369318578,36.00069207447497,38.181148529052734,120678533
2022-01-28,39.06261014192938,39.34096887534853,37.763618057046095,37.902793884277344,116265760
2022-01-31,38.13475353420321,38.830643223071725,37.90279030458038,38.55228805541992,65358800
2022-02-01,38.784250392663076,38.96982167998717,37.39247104694925,38.3203239440918,83578352
2022-02-02,38.32032539881449,39.897676091732066,38.22754152136912,39.71210479736328,111715210
2022-02-03,39.80489375625499,40.22242476041157,39.294571792102396,39.52653503417969,85013403
2022-02-04,39.433746567691664,39.80488912764928,38.36671436242184,38.50589370727539,57040478
2022-02-07,38.50589599415629,39.89767536743904,38.320324703156324,38.69146728515625,94193766
2022-02-08,38.87703424979866,39.15538938558339,37.62443082955101,38.969818115234375,82898920
2022-02-09,39.06260889177786,39.155396313107474,38.32032721853205,38.59868240356445,36405347
2022-02-10,38.691472503211,38.78425639148512,37.76361946255596,37.85640335083008,34712483
2022-02-11,37.67082610192823,37.81000545189816,36.74297320740312,36.88215255737305,38771131
2022-02-14,35.35119662540787,35.6295553470786,34.330559777542476,34.423343658447266,68821970
2022-02-15,34.70170179716162,35.768730567554314,34.14498790265062,35.629554748535156,53556498
2022-02-16,36.00068955936186,36.279044704048204,35.67594248047407,35.76872634887695,58312435
2022-02-17,35.72233645149334,35.95429967520434,35.165626130378115,35.30480194091797,37538172
2022-02-18,35.1192311712021,35.62955310246336,34.88726794407533,35.02644729614258,39630801
2022-02-21,34.840875121165304,35.0728383423974,34.51612802723151,34.79448318481445,34670090
2022-02-22,34.14498973844134,34.65530818123822,33.86663454595926,34.51613235473633,37187228
2022-02-23,34.51612814554851,35.258409748140096,34.51612814554851,34.655303955078125,36877066
2022-02-24,33.35631349244818,33.77384801823109,29.45933048427105,29.691293716430664,189980575
2022-02-25,31.361426929700116,34.098593659220164,31.12946370752855,32.42845916748047,189336639
2022-02-28,31.686178937366112,32.614031866255566,31.593391520790348,32.3820686340332,94949907
2022-03-02,31.918141267886664,32.98516998227868,31.82535385393219,32.799598693847656,69515457
2022-03-03,33.3099197160576,33.44909552398761,32.33567136315835,32.56763458251953,52337879
2022-03-04,32.24288569953723,32.845991452154166,32.01092249306574,32.10370635986328,56689130
2022-03-07,31.500603630823576,32.196493238841136,30.943889820722983,31.732566833496094,62092259
2022-03-08,31.73257087591498,32.614031866255566,31.500607643692614,32.3820686340332,64860676
2022-03-09,32.79959957328697,33.17074216010028,32.335673109509344,33.03156280517578,69650320
2022-03-10,33.68106274266826,34.14498923647768,33.12435236588826,33.35631561279297,70426564
2022-03-11,33.21713571199256,33.82024155998851,33.031564409572404,33.63467025756836,42340369
2022-03-14,33.68106252288971,34.23777643551525,33.21713603210754,34.144989013671875,54669854
2022-03-15,34.237775215687485,34.51613039234387,33.30992226718081,33.402706146240234,50789501
2022-03-16,33.21713384890354,33.72745224732748,33.07795803450319,33.30992126464844,48492102
2022-03-17,33.68106132289662,33.77384874143415,33.30992226718081,33.402706146240234,39001545
2022-03-21,33.49548670570134,33.5882741150431,32.98516834249382,33.12434768676758,28291811
2022-03-22,33.12435022161812,33.263526037064594,32.428460525951685,33.03156280517578,46470194
2022-03-23,33.26352349156358,33.820237329180856,33.031560277425825,33.12434768676758,46357008
2022-03-24,33.17073973688139,33.40270295182461,32.93877652193816,32.98516845703125,27969611
2022-03-25,33.031564620818166,33.26352786545728,32.706817494114695,32.84599685668945,29182192
2022-03-28,32.845997717300705,33.26352873700843,32.28928379189322,33.07796096801758,49502255
2022-03-29,33.40270399270547,33.40270399270547,32.335671754925116,32.42845916748047,47346926
2022-03-30,32.84599084107994,32.93877470615131,32.42845636930363,32.521240234375,46240651
2022-03-31,32.61402763892394,32.753203436530995,32.42845636930363,32.521240234375,33939694
2022-04-01,32.56763888898989,33.82024256286076,32.47485500476758,33.727455139160156,53967690
2022-04-04,33.8202393766428,34.423341646225865,33.634668086202645,34.23777389526367,56228869
2022-04-05,34.330556364551256,34.79448280191006,34.05220121003154,34.28416442871094,40801381
2022-04-06,34.14498644489339,35.1656267715168,34.052202569508516,34.88726806640625,44241731
2022-04-07,34.980052041801926,35.72233359032882,34.60890949779967,34.74808883666992,61740174
2022-04-08,34.88726794407533,35.212018585739585,34.7944840690158,35.02644729614258,28343556
2022-04-11,34.93366010867105,35.25840718006481,34.701696903539045,34.74808883666992,28770137
2022-04-12,34.65530887635529,34.7017043589315,33.63467197028958,34.09859848022461,39061333
2022-04-13,34.191377530078455,34.46973622824857,33.959414307921946,34.00580978393555,22607254
2022-04-18,33.77384719854333,33.77384719854333,33.124349456364044,33.58827590942383,29188725
2022-04-19,33.77384539424886,33.95941313397686,32.660421258492065,33.12434768676758,31729898
2022-04-20,33.26352349156358,33.44909477076934,32.89238447262982,33.12434768676758,24765890
2022-04-21,33.40270755427826,33.541886918212384,33.217136248858836,33.35631561279297,19283074
2022-04-22,33.26352786545728,33.49549111009639,32.799601376179055,32.84599685668945,29066596
2022-04-25,32.56763638822867,32.7068157433533,32.28928121745744,32.3820686340332,38812926
2022-04-26,32.79959957328697,33.12435022161812,32.6604237578405,33.03156280517578,22211380
2022-04-27,32.706817494114695,33.031564620818166,32.52124619050777,32.84599685668945,23588728
2022-04-28,32.93877804504041,32.98516998227868,32.52124353094008,32.799598693847656,26935411
2022-04-29,33.031561021241906,33.217132304626425,32.474850710566194,32.56763458251953,25617648
2022-05-02,32.38206443676795,32.66041957145963,32.15010123461195,32.521240234375,20822885
2022-05-04,32.70681509856134,32.89238638857643,31.732570250329573,31.871746063232422,35664306
2022-05-05,32.15010374991808,32.521242778717685,31.686177309310185,31.778961181640625,26554780
2022-05-06,31.50060525010143,31.68617652967419,30.990286885884665,31.407817840576172,36331439
2022-05-09,31.315039734342207,31.40782362146741,30.71193384959314,31.08307647705078,32033408
2022-05-10,31.08307419930018,31.4542167995607,30.66553965887664,30.897502899169922,29295243
2022-05-11,30.99028802057905,31.175855767468523,30.06243512822013,30.711929321289062,36363537
2022-05-12,28.763441088970676,29.088189971342345,26.397416804063862,26.53659439086914,203441446
2022-05-13,27.325269826332075,27.83558823609826,26.861343355730437,27.18609046936035,63258378
2022-05-16,27.650013976430184,27.650013976430184,27.093303687167726,27.41805076599121,34445098
2022-05-17,27.510839073029913,27.928373600221978,27.278875840087437,27.789196014404297,32624448
2022-05-18,27.97476464722038,28.02115835417349,27.464446258908918,27.557231903076172,31734195
2022-05-19,27.18609137654242,27.232485086994135,26.675772949747245,27.093307495117188,30284209
2022-05-20,27.60362472015471,27.88197989179007,27.418053425905118,27.789196014404297,24793799
2022-05-23,27.92837506916229,28.62426480459122,27.74280376515226,28.392301559448242,42055819
2022-05-24,28.299512474123322,28.7170469726207,27.974763616374126,28.113941192626953,56809933
2022-05-25,28.16033501875557,28.577867749306414,27.603622941615544,27.650014877319336,40570359
2022-05-26,27.835587430591424,28.253121949945893,26.814948870855275,28.067550659179688,43717993
2022-05-27,28.485087484426433,28.53147942600396,27.92837533680048,28.253124237060547,30100376
2022-05-30,28.48508550656787,29.505722308318667,28.39229986011625,29.366544723510742,35988041
2022-05-31,29.273757685731173,29.59850654800762,28.99540252934503,29.08818817138672,22186702
2022-06-01,29.088190579539173,29.366545758969778,28.902619280092722,29.13458251953125,19112886
2022-06-02,29.041795958488137,29.830473071517645,28.99540401995182,29.691293716430664,28608162
2022-06-03,29.784076315529134,29.923255664644213,29.227365998024577,29.273757934570312,17378205
2022-06-06,29.227364987920936,29.273756922863353,28.71704662459882,29.180973052978516,17746776
2022-06-07,29.041795227163004,29.273758453481364,28.763440063476562,28.995403289794922,15036787
2022-06-08,29.041795993719933,29.459330520009374,28.85622646961053,28.902618408203125,20451354
2022-06-09,28.902617905192436,29.041795488287047,28.57786903147902,28.856225967407227,15900909
2022-06-10,28.577870553971053,28.76344185447621,28.438692963461726,28.670656204223633,16223346
2022-06-13,28.067550921296903,28.345906090306723,27.742802044292773,27.928373336791992,21124501
2022-06-14,27.835587311245046,28.160336183824032,27.650016021274485,27.742801666259766,20714804
2022-06-15,27.835587953097185,28.021159247346773,27.6964103672795,27.789196014404297,11190067
2022-06-16,27.97476689370404,28.067552545322346,26.81495067282295,26.95412826538086,24073157
2022-06-17,26.90773632444126,27.186091509557077,26.443809836088825,26.95412826538086,25315923
2022-06-20,27.13969871870423,27.23248436741684,26.026274473631,26.397417068481445,25688389
2022-06-21,26.629377646659336,27.835585650275732,26.490198302616857,27.603622436523438,24011383
2022-06-22,27.831206197331202,28.02085557780251,27.546729413652567,27.78379249572754,24515377
2022-06-23,27.831205214624383,28.068268288328767,27.214841584722524,27.736379623413086,20714754
2022-06-24,27.831205573729257,28.25791802671437,27.736379981294426,28.020854949951172,18924714
2022-06-27,28.25791802671437,28.400157319690486,27.97344305805763,28.020854949951172,15645270
2022-06-28,27.926029579367874,28.305330118907058,27.926029579367874,28.21050453186035,18553627
2022-06-29,27.926029579367874,28.352742008106592,27.783790294473995,28.21050453186035,17307144
2022-06-30,28.16309451397382,28.352743892020953,27.40449157584201,27.499317169189453,21893458
2022-07-01,27.54672874365815,28.06826859672681,27.262253775546327,27.9260311126709,17767070
2022-07-04,27.92603085384544,28.542394484806938,27.92603085384544,28.447568893432617,19169426
2022-07-05,28.494982349303843,28.68463354246522,28.068269877662473,28.163095474243164,15961683
2022-07-06,28.06826925215451,28.494981714286492,28.020855550596885,28.400157928466797,14801245
2022-07-07,28.54239578118875,29.490648120705664,28.447570185507498,29.395822525024414,32993224
2022-07-08,29.490648609486005,29.585474206738905,28.82687123736354,29.063934326171875,20754742
2022-07-11,28.921697316725908,29.53806099617246,28.921697316725908,29.443235397338867,20450726
2022-07-12,29.2061710357666,29.585473414622825,29.06393354801941,29.2061710357666,15414252
2022-07-13,29.2061710357666,29.44323411822785,29.06393354801941,29.2061710357666,14450589
2022-07-14,29.11134674379809,29.34840982213961,28.542394994048884,28.82686996459961,16034640
2022-07-15,28.826869812536653,28.969107297061708,28.4949811428797,28.732044219970703,12066316
2022-07-18,28.92169588661868,29.86994821077011,28.77945839972552,29.727710723876953,21452288
2022-07-19,29.538058917699498,30.107010662018368,29.490647025942817,29.964773178100586,25007755
2022-07-20,30.201835944873757,30.29666153606372,29.680296097652807,29.775121688842773,20054939
2022-07-21,29.727711367334653,30.391486923419443,29.680297664912146,30.20183753967285,21957903
2022-07-22,30.249248352819404,30.581137023329273,30.059598975847873,30.154422760009766,20272480
2022-07-25,29.964773178100586,30.154422553775053,29.7277101020217,29.964773178100586,21587323
2022-07-26,29.869947585939485,30.154422553775053,29.822535694182804,29.964773178100586,19540357
2022-07-27,29.869947177451273,30.4388971053417,29.869947177451273,30.3914852142334,22430650
2022-07-28,30.43889988760645,31.71904276831438,30.43889988760645,30.96044158935547,52325898
2022-07-29,30.533725561135224,30.91302432041847,29.680297022480715,29.727710723876953,49931761
2022-08-01,29.91736179040339,32.00351774462316,29.727712400068423,31.671630859375,70456056
2022-08-02,31.529388784009505,32.80952793433683,31.244913819191815,32.43022918701172,64390245
2022-08-03,32.33540147935855,32.572464550665565,31.529388483832864,32.240577697753906,32209696
2022-08-04,32.33540462987132,32.43023203801062,31.292328461409312,31.671630859375,36881278
2022-08-05,31.67162808048699,32.1457542276961,31.576800680667905,31.81386375427246,30539905
2022-08-08,31.719043490049327,32.00351848646989,31.529392286670337,31.624216079711914,19970390
2022-08-10,31.671632202256166,31.76645599712025,31.10267858118393,31.292329788208008,22044563
2022-08-11,31.481979660392156,32.00351774462316,31.434567764970385,31.671630859375,21927939
2022-08-12,31.624215102453118,31.81386629997146,31.529391312341808,31.57680320739746,14138000
2022-08-16,31.67162808048699,31.86127564553429,31.52938878940608,31.81386375427246,17673451
2022-08-17,31.81386500318644,32.76211733483012,31.671629323817232,32.667293548583984,40936919
2022-08-18,32.52505198414926,32.90435433727857,32.28798891776727,32.382816314697266,26013767
2022-08-19,32.382820893227866,32.47764468626944,31.48198039014955,31.624216079711914,28981855
2022-08-22,31.339739077700973,31.481978375456553,30.67596171700094,30.723377227783203,24893422
2022-08-23,30.48631206208397,31.387148828726925,30.48631206208397,31.339736938476562,25441848
2022-08-24,31.33973760706335,31.86127564553429,31.2449138245397,31.81386375427246,20360378
2022-08-25,31.861277849956725,34.23190875002183,31.81386595541456,33.42589569091797,111083657
2022-08-26,33.66295654418782,34.611208841207194,33.61554465279594,33.85260772705078,62782884
2022-08-29,33.046593299989276,33.56813499184015,32.66729452635627,33.42589569091797,33867475
2022-08-30,33.80519876200976,34.42156063805052,33.71037135372181,33.99484634399414,33807116
2022-09-01,33.61554659546112,34.61121084141248,33.520719189901776,33.94743347167969,38437795
2022-09-02,34.23190875002183,34.27932426185968,33.283656389995784,33.42589569091797,24622506
2022-09-05,33.42589346993297,34.08967080130563,33.42589346993297,33.85260772705078,33308634
2022-09-06,33.900023375274834,35.55946507895962,33.80519958198261,35.27499008178711,92981035
2022-09-07,34.99051170733826,35.986175909988674,34.89568430590291,35.6542854309082,48254482
2022-09-08,35.98617594668604,36.507713994578054,35.79652476091745,36.365474700927734,51627315
2022-09-09,36.507712095211716,37.55078813672821,36.507712095211716,36.98183822631836,65772741
2022-09-12,37.36114385461447,38.21456879507279,37.02925336335654,38.02491760253906,61436082
2022-09-13,38.16715719205482,38.68869526252439,37.40855603343584,37.503379821777344,67593580
2022-09-14,36.79219027701329,38.30939619998747,36.69736648939424,38.02491760253906,65760110
2022-09-15,38.26198030477751,38.593870792703655,37.787854136850676,38.356807708740234,50606061
2022-09-16,38.30939479943566,38.49904236774044,36.88701633337684,37.59820556640625,59732960
2022-09-19,37.787853171197575,39.210231638629786,37.598205602709676,38.30939483642578,83681824
2022-09-20,38.68869487910067,39.49471154119804,38.07233302639805,38.54645919799805,85095486
2022-09-21,38.59387237215509,38.97317115164198,37.64561999749426,38.07233428955078,46208645
2022-09-22,37.930094401041664,39.067997956532054,37.78785510011949,38.40422058105469,76924094
2022-09-23,38.35680661307146,38.49904228900917,36.033587733133984,36.17582702636719,69527571
2022-09-26,35.89134636933724,35.89134636933724,33.94742997196873,34.137081146240234,65861997
2022-09-27,34.42155897837085,35.13274822840866,34.231907788234984,34.80086135864258,41297271
2022-09-28,34.42155933345156,34.42155933345156,32.76211773291179,33.046592712402344,85338288
2022-09-29,33.42589628439758,33.90002247282875,32.47764390753524,33.09400939941406,116839087
2022-09-30,33.75778228385157,34.8956858296962,33.18883231957708,34.65862274169922,90405745
2022-10-03,34.706035233358975,34.8482745355243,33.52071977296699,33.61554718017578,47921973
2022-10-04,34.468973401092924,34.75345201582103,34.27932581433532,34.56380081176758,38320151
2022-10-06,34.94309605382549,35.085335346743996,34.56379730153528,34.753448486328125,27448412
2022-10-07,34.61120919340962,34.990511562995316,34.23190682382393,34.753448486328125,28687877
2022-10-10,34.27932397128144,35.08533702355291,34.23190845984553,34.65862274169922,32747438
2022-10-11,34.848271915462036,34.89568380685392,33.75778032697158,33.85260772705078,35436582
2022-10-12,33.994844114061415,34.56379767458064,33.75778103483561,34.42155838012695,36192793
2022-10-13,34.51638923691237,34.56380113404384,33.61554872223082,34.04226303100586,30733961
2022-10-14,34.75345114111471,34.895686827602994,33.900022553001946,33.99484634399414,26022043
2022-10-17,33.994848701648024,35.322403571383525,33.662961792862156,34.990516662597656,42448068
2022-10-18,35.274989171357454,37.07666651848018,35.1327498677944,36.839603424072266,93855098
2022-10-19,36.98184145865498,38.02491759133982,36.64995458479043,37.31372833251953,104078804
2022-10-20,37.076665830099955,38.641283671061196,36.60253965008693,38.40422058105469,121051376
2022-10-21,38.404221844819425,39.636949229959406,38.30939805261474,38.64128494262695,113842537
2022-10-24,39.2102304903968,39.44729356136001,38.78351985649934,38.973167419433594,17217018
2022-10-25,39.06799767698722,41.723103542602814,38.404220306259404,41.059326171875,169573666
2022-10-27,41.24897508843,41.343798871600164,40.34813467913163,40.77484893798828,96348564
2022-10-28,41.0593258753549,42.4817043949443,40.490375914437394,40.86967468261719,118353597
2022-10-31,41.34379945111427,41.48603874515873,39.58953411680862,40.442962646484375,82205500
2022-11-01,40.96450204357274,41.343800811344565,37.835270027300965,38.02491760253906,146126391
2022-11-02,37.88267991801273,37.930091809315286,36.9818395140824,37.218902587890625,64972626
2022-11-03,36.98183936207916,39.447293872632926,36.887015579863785,39.162818908691406,104226875
2022-11-04,39.58953573764519,39.96883812576245,39.21023334952793,39.63694763183594,61162545
2022-11-07,40.68002448276829,41.29638629778272,39.49470912624585,39.684356689453125,109584009
2022-11-09,40.395544548273584,43.619603656779766,39.921418421569456,42.623939514160156,299263769
2022-11-10,42.67135590104234,42.81359520096407,41.296389265216284,41.77051544189453,97489239
2022-11-11,42.718766815623844,42.86100611228375,41.81792637713412,42.43429183959961,76514774
2022-11-14,42.57653011412896,42.62394200611219,41.43862662005398,41.675689697265625,39354002
2022-11-15,41.91275277447726,42.00757655844372,41.34379921879203,41.675689697265625,38499635
2022-11-16,41.67569379733434,42.623946199470296,41.58086638674324,41.8653450012207,60764292
2022-11-17,41.86534031474873,42.434290245422815,41.106735584122696,42.00757598876953,71836182
2022-11-18,42.05498892190686,44.2833840430562,41.865341351847796,43.47736740112305,172405604
2022-11-21,43.4299568003663,45.32646149572986,43.192893713445855,45.136810302734375,172492290
2022-11-22,45.37387048499092,45.89541213666528,44.56785748797757,45.70576095581055,123475904
2022-11-23,46.037649563116716,48.26604469278247,45.80058648234135,47.744503021240234,252150630
2022-11-24,47.934152963609094,48.550518404525185,47.69708988899451,48.2186279296875,104180912
2022-11-25,48.83499231153438,52.7702407117121,48.597929242060914,50.82632064819336,374685764
2022-11-28,51.53751362435015,51.53751362435015,49.97289942181874,50.63667678833008,124868210
2022-11-29,50.684085483125884,51.30044729953598,49.45135823301028,49.78324508666992,110088137
2022-11-30,49.78324729939135,50.16254967811446,48.26604501909003,48.64534378051758,72720109
2022-12-01,49.07205592410666,50.82632121070728,48.64534167087273,50.49443435668945,106625627
2022-12-02,50.541850065928884,51.44269053141276,50.020311991373696,51.20562744140625,96833859
2022-12-05,51.49009549267956,52.485759613179,51.015969376508856,52.296112060546875,99638073
2022-12-06,52.29611812987219,54.3822703892995,51.774576447719745,52.58059310913086,225788957
2022-12-07,52.91247998205004,53.434018046906864,51.25303838286292,52.58059310913086,111738442
2022-12-08,52.817656233028956,54.95122400495951,52.580593147258895,54.71416091918945,150791474
2022-12-09,55.47275909423828,56.326187604144735,52.153876071506076,53.33919143676758,242993671
2022-12-12,53.81332085754397,55.520174363927644,53.33919468258763,55.09346008300781,128901863
2022-12-13,55.75723612643911,56.989963428572985,55.37793736586476,56.800315856933594,148851940
2022-12-14,57.32185199507635,57.51150317766403,55.18828432987968,56.1839485168457,175015067
2022-12-15,56.18394949700996,58.791643355520975,55.85206263466313,56.231361389160156,229821550
2022-12-16,56.23136289738296,56.8951402571758,53.52884518208535,53.81332015991211,150603662
2022-12-19,54.09779223423535,54.33485530591675,52.72282569502418,53.149539947509766,85831831
2022-12-20,53.05471356739727,53.33918851602369,51.490095924009154,52.675411224365234,88046715
2022-12-21,53.102130101053945,54.14520620969214,49.83065886244062,50.39961242675781,154435087
2022-12-22,51.11080237720758,52.34352969102816,49.8780714460914,50.968563079833984,193777944
2022-12-23,50.54184628998991,50.68408558028551,46.74883713325828,47.12813949584961,174132546
2022-12-26,47.1281406542555,51.158212982341716,46.60660260584462,50.73149871826172,169993660
2022-12-27,51.77457386361542,52.67541426738599,50.54184660349038,51.3952751159668,124352547
2022-12-28,51.34786606769358,52.95989216472167,50.63667680701802,52.05905532836914,125697410
2022-12-29,51.63233980486626,53.00730639918011,50.68408748013886,52.533180236816406,130252482
2022-12-30,53.10213245290977,54.33485980425033,52.912481256404526,53.528846740722656,115251538
2023-01-02,53.86072885489507,54.619329956483234,53.43401460484692,54.19261932373047,72924744
2023-01-03,54.477095987208784,55.283109004593236,54.192621017384596,54.808982849121094,78566820
2023-01-04,55.09345673043643,55.33051980348873,52.8176533995116,53.33919143676758,96809213
2023-01-05,53.76590826649025,54.19262254187819,52.58059284446575,53.81332015991211,82173647
2023-01-06,54.0503838302292,54.6193337920502,53.10213148233044,53.4814338684082,88223106
2023-01-09,54.0503826655876,54.76157191118743,53.81331958372098,54.145206451416016,56732510
2023-01-10,53.95556012561786,54.00297201962683,51.82199233955328,52.24870300292969,82014187
2023-01-11,52.438354115342186,53.67108144415144,51.77457674835392,53.4814338684082,75395366
2023-01-12,53.48143010674974,53.57625388795185,52.43835042704955,52.95988845825195,58123134
2023-01-13,53.1021318718028,54.42968661551613,52.81765688880584,53.86073303222656,98864358
2023-01-16,54.00296950667173,56.37360026976272,53.86073021396808,55.8520622253418,166603280
2023-01-17,56.136540437000804,56.37360352700731,53.81332143147786,54.761573791503906,116738590
2023-01-18,54.85639628437542,54.998635581936604,53.52884518208535,53.81332015991211,68557704
2023-01-19,53.76590604680903,54.38226787043842,53.29177989757314,54.24003219604492,59090340
2023-01-20,54.47709782059846,55.09345967307819,53.81332045713938,54.00297164916992,60893155
2023-01-23,54.287447315369825,54.52451040408323,53.671081837796706,53.86073303222656,48030932
2023-01-24,54.05038060368718,54.38226745872148,52.43835098503041,52.62800216674805,51548951
2023-01-25,52.58059176426266,52.67541554915834,50.39961215600223,50.92115020751953,83514024
2023-01-27,50.968564040545424,51.537514006172785,47.46002960638828,48.17121887207031,111244364
2023-01-30,48.45569188332826,50.49443580891632,46.559187252007455,48.076393127441406,148179904
2023-01-31,48.3608688705098,51.205625862892724,47.93415459819324,50.77891159057617,114490184
2023-02-01,51.442687471707345,51.584926764169424,45.8005855416739,47.69709014892578,159606635
2023-02-02,47.41261771213528,49.54618550918137,46.085062969277224,48.17121887207031,121217105
2023-02-03,48.59793064453141,49.59359484159442,46.65401414220924,49.119468688964844,114130816
2023-02-06,49.21429952557259,49.593598303778236,48.45569473456985,48.74017333984375,57728571
2023-02-07,48.88240686289563,49.40394492066824,48.076393829728474,48.64534378051758,54786770
2023-02-08,48.97723270851105,49.30911956636649,48.50310655883445,48.92981719970703,43092026
2023-02-09,48.882408435883306,48.882408435883306,47.744504880392924,48.360870361328125,48710526
2023-02-10,48.171216645062245,49.92548558968687,47.93415356746125,48.597930908203125,56528450
2023-02-13,48.74016784522616,48.929815404301614,47.222962051555335,47.602264404296875,53678758
2023-02-14,47.79192010075063,48.50310936643265,46.938491535013924,48.17121887207031,44481427
2023-02-15,47.839330348517095,48.4082802945629,47.649679160736646,48.26604461669922,26711967
2023-02-16,48.31345817212498,48.59793315493866,47.79192010075063,48.17121887207031,25514798
2023-02-17,47.934152494736914,47.934152494736914,46.93848831455394,47.12813949584961,37386646
2023-02-20,47.17555491129557,47.8867441813151,46.74884062582471,46.93849182128906,52556924
2023-02-21,47.12814143065033,47.412616405624966,46.274712888430855,46.511775970458984,51854291
2023-02-22,46.22730225163707,46.322126040106774,45.0419868092874,45.32646179199219,50161602
2023-02-23,45.516106956363345,46.08505684639981,44.80491778517016,45.753170013427734,59329147
2023-02-24,46.085061650421856,46.60660332416648,44.89974624153965,45.08939743041992,43992957
2023-02-27,45.04198526527532,45.80058639891559,44.757510292322166,45.61093521118164,60479465
2023-02-28,45.753171978077205,46.085058825300564,45.18422206360992,45.84799575805664,45553040
2023-03-01,45.84800195276411,48.31346035559609,45.705766263576926,47.55485916137695,54733648
2023-03-02,47.55485473864538,47.64967852261797,46.84366550696452,47.17555236816406,39689768
2023-03-03,47.554854555664534,49.21429608986804,47.554854555664534,49.119468688964844,75460112
2023-03-06,49.356533027651736,49.735835406374854,48.50310810146809,48.64534378051758,47324177
2023-03-08,48.36086910210767,48.97723456699394,48.0289822316585,48.83499526977539,37125655
2023-03-09,48.834994562745024,49.0720576431467,48.07639342891877,48.26604461669922,26784782
2023-03-10,47.83932902409331,47.83932902409331,46.7962493288261,47.31779098510742,32660079
2023-03-13,47.31779350337989,47.649680377498946,45.51611259940198,45.65835189819336,44252288
2023-03-14,45.70576379202527,46.322125646431466,45.136810214155375,45.65835189819336,57868867
2023-03-15,46.32212794345227,46.51177914548,44.94716486766687,45.23163986206055,39104721
2023-03-16,45.23163450584586,45.94282371626075,44.37820600642984,45.516109466552734,56323397
2023-03-17,45.99023847227542,46.227301557184056,45.04198613264088,45.46870040893555,43994185
2023-03-20,45.373872685765704,45.51611198262965,43.714431103065664,44.5678596496582,51001675
2023-03-21,44.947162049907234,45.563523896237534,44.42562037270275,45.279048919677734,40735601
2023-03-22,45.46870207211611,45.84800085146677,45.23163897853604,45.37387466430664,28630222
2023-03-23,45.184225804538684,45.42128889140972,44.2833853509696,44.425621032714844,30619961
2023-03-24,44.56785960773845,44.710098904468616,42.76617872986909,43.14548110961914,41476341
2023-03-27,43.145478277203964,43.61960441211829,42.671352142289635,43.19289016723633,42307425
2023-03-28,43.19288842195195,43.38253959171356,42.10240052608927,42.5765266418457,38272734
2023-03-29,42.576528427827434,44.23596990258448,42.29204985260424,43.90407943725586,49229088
2023-03-31,44.2833840735329,44.61527093866021,44.09373288604778,44.18855667114258,32435561
2023-04-03,44.42561978078111,44.99457334361563,44.18855670059062,44.89974594116211,20028650
2023-04-05,44.899748098197456,44.9945755052066,44.04632313888947,44.28338623046875,24882531
2023-04-06,44.28338496926075,45.326461095584094,44.04632188443312,44.757511138916016,33990957
2023-04-10,44.75751182195818,44.99457491040362,44.37820943352722,44.615272521972656,20735073
2023-04-11,45.184222555168034,45.610933187013,44.71009641552218,44.8049201965332,36635159
2023-04-12,45.08939869886353,45.08939869886353,44.473036839282784,44.615272521972656,24089807
2023-04-13,44.662683456051845,45.46870010981613,44.378208479492045,45.279048919677734,32614533
2023-04-17,45.184223632087814,46.416950901088754,44.899745047683744,46.27471160888672,45304745
2023-04-18,46.32212575575871,46.93849122891525,46.08506266874399,46.55918884277344,35880230
2023-04-19,46.464361494704484,47.080726920634014,45.89541157638135,46.03764724731445,30538280
2023-04-20,46.085060119628906,46.3221231935309,45.8005851544056,46.085060119628906,23270861
2023-04-21,45.990233070492124,46.08505684639981,45.32645578725279,45.753170013427734,20293450
2023-04-24,45.99023445245578,46.79624742377658,45.753171388267866,46.70142364501953,31327255
2023-04-25,46.93849026535969,47.507440215597335,46.74883907618195,47.222965240478516,31449334
2023-04-26,47.12813924380899,47.88674034763924,46.74883688324616,47.64967727661133,30000936
2023-04-27,47.649680409365445,47.93415538984283,47.412617322751686,47.79191970825195,27678355
2023-04-28,47.98156304475539,49.783243790767976,47.88673926540539,49.546180725097656,58579598
2023-05-02,49.83065826242009,50.35219631045924,49.68842258602513,50.02030944824219,31570025
2023-05-03,49.26170802227809,50.20996032831888,49.11946872945378,49.830657958984375,30999962
2023-05-04,50.020310153129884,50.73149939701325,49.78324707183543,50.58926010131836,31540665
2023-05-05,50.589258769949005,51.06338492006022,49.49877079507047,49.64100646972656,41383424
2023-05-08,48.83499596052103,49.97289950247774,47.98156739972959,49.40394592285156,64119087
2023-05-09,49.73583302511607,49.830656806609085,47.46002609632991,47.64967727661133,51516931
2023-05-10,47.08072982049492,47.41261669040956,45.42128823633059,45.990238189697266,94616408
2023-05-11,46.27471316638061,46.70142744005341,45.89541440323468,45.990238189697266,44557782
2023-05-12,45.990235357003414,46.274710316164985,45.56352110961338,46.03764724731445,20165979
2023-05-15,45.990235972727135,46.55918589866745,45.75317290070277,46.41695022583008,22303027
2023-05-16,46.74883806712305,47.270376113132926,46.27471191306036,46.46436309814453,34288935
2023-05-17,46.606600846207776,46.93848769613096,45.99023541944145,46.748836517333984,31020370
2023-05-18,47.03331330764559,47.128140709382905,45.8479979156455,45.94282531738281,32314683
2023-05-19,46.32212129540075,47.0333104879645,45.84799516702491,46.70142364501953,46965076
2023-05-22,47.27037715669729,48.12380569976906,47.12814147771571,47.93415451049805,59690876
2023-05-23,48.123806681992804,48.31345787513467,47.69709240174753,47.9815673828125,30905073
2023-05-24,47.649677841563324,48.171215880549205,47.22296358519471,47.31779098510742,25931404
2023-05-25,47.46002920635506,47.46002920635506,46.79625184052091,47.08073043823242,27256728
2023-05-26,47.175553074297575,47.88674231662367,47.12814118160161,47.744503021240234,24170849
2023-05-29,48.028983189311305,48.692756943444664,47.69709269494896,48.17121887207031,33668195
2023-05-30,48.17122071144679,48.88241000428497,48.02898502325664,48.7875862121582,31271579
2023-05-31,48.7401671276492,49.26170514201898,48.26604100235026,49.16687774658203,36101259
2023-06-01,49.16687861405799,49.546180967907475,48.88240365731855,49.02464294433594,29135650
2023-06-02,49.1194674566772,49.783244777165145,49.1194674566772,49.59359359741211,25135897
2023-06-05,49.83065754404664,50.067720618582825,49.30911950352613,49.451358795166016,19034598
2023-06-06,49.64100802606356,49.64100802606356,48.88240688556116,49.35653305053711,18736434
2023-06-07,49.45135890351844,49.73583387012608,49.35653150311892,49.64100646972656,16129252
2023-06-08,49.735833452033795,49.92548463394312,49.072056123998884,49.2617073059082,31319973
2023-06-09,49.451361425535154,49.49877331950518,48.55052097092193,48.69275665283203,20964121
2023-06-12,48.74017245931822,49.166883124928766,48.313458176412,48.882408142089844,17394733
2023-06-13,49.214296394028885,49.49877136390569,48.88240591475971,49.309120178222656,17963382
2023-06-14,49.498771057986694,49.59359484159442,48.97723301355325,49.119468688964844,16336696
2023-06-15,49.11947082291162,49.35653390952538,47.60226851550182,47.79191970825195,33888122
2023-06-16,48.07639508783029,49.73583670790227,47.88674389350579,48.882408142089844,96884339
2023-06-19,48.69275376018024,49.783245343187275,48.55051808671981,49.2617073059082,34057742
2023-06-20,49.16687892609015,49.546181282346836,48.787580187128825,49.21429443359375,23194150
2023-06-21,49.35653028025024,50.49443373578331,49.11946721106816,50.11513137817383,52583478
2023-06-22,50.39961438230239,50.447026276844554,48.12380727132161,48.360870361328125,53046985
2023-06-23,48.79309129613073,48.88914288828463,48.168772435101616,48.50494384765625,28505207
2023-06-26,48.55296680215526,48.60099076523683,47.736548437788066,48.312843322753906,23362169
2023-06-27,48.552966602889114,48.98518959683637,48.4088947142357,48.84111404418945,19597683
2023-06-28,48.88914053083611,49.08123637789378,48.312841997682824,48.40889358520508,38263938
2023-06-30,48.55296308747616,49.705556433219016,48.55296308747616,49.6095085144043,29580748
2023-07-03,49.945682959757455,51.86667076590197,49.945682959757455,51.72259521484375,68566621
2023-07-04,51.96271913908395,55.324447828850765,51.62654773570467,54.79617691040039,177088979
2023-07-05,55.08432521883558,56.765189590200144,54.55605429206257,56.284942626953125,141211050
2023-07-06,56.04481736408454,57.38951028403589,55.708645966093414,56.66913986206055,75478926
2023-07-07,56.57309126546344,58.59012695741649,55.27642232292786,58.013832092285156,101329144
2023-07-10,58.59012782761294,59.886793125413554,57.67765789094159,58.205928802490234,103004929
2023-07-11,58.35000274506748,58.686174134791514,57.77370788725674,58.06185531616211,41506545
2023-07-12,58.20592903409936,59.26247452539423,58.061857147100156,58.974327087402344,51755516
2023-07-13,59.35852049428168,59.74271950827436,55.85272006357019,56.76518630981445,98250294
2023-07-14,57.629632618262995,58.590126495234045,56.7651866633917,58.301979064941406,50708803
2023-07-17,58.39802646602409,60.17494232096322,58.01383111705942,59.88679122924805,60868223
2023-07-18,60.415068820395845,60.7512402256121,58.87827635542298,59.16642379760742,97038714
2023-07-19,59.40654563107616,61.95185590518096,59.16642215857546,61.615684509277344,104017013
2023-07-20,61.75976037140796,62.57617871645104,61.08741024820605,61.32753372192383,97828765
2023-07-21,61.27950835830764,61.75975895875167,59.83876754895561,60.126914978027344,56213660
2023-07-24,60.60716522046011,61.27951170096469,59.45457544130203,59.646671295166016,56162634
2023-07-25,59.98284334964074,60.511114249176146,58.1579035177984,58.301979064941406,61394039
2023-07-26,58.59012622268142,61.2314843720646,57.77370789665123,60.655189514160156,166000733
2023-07-27,61.27950747204031,61.37555905633729,59.59864321877278,59.934818267822266,95604140
2023-07-28,60.03086872078208,60.36704012002108,59.070374821249565,59.50259780883789,51987753
2023-07-31,59.550623100129606,60.03087006061452,59.26247565663736,59.40654754638672,37185529
2023-08-01,59.55062255736565,59.742722072607464,58.638152607962155,58.926300048828125,30729374
2023-08-02,58.830251693725586,58.97432724510353,56.23691741687695,57.14938735961914,74149795
2023-08-03,57.245432200668084,57.62963120764972,56.42901389082369,57.10136032104492,48284251
2023-08-04,57.341484352857876,58.2059266311462,56.90926138171706,57.581607818603516,42677862
2023-08-07,57.7256809957261,58.59012695741649,57.48555752458915,58.013832092285156,31910875
2023-08-08,58.06185794404945,59.88679418570919,57.917782391079214,59.694698333740234,63023357
2023-08-09,59.69469912929829,59.83877102019508,58.494081718523944,59.11840057373047,50984674
2023-08-10,59.11840104917872,59.64667198136924,58.3019826688837,58.83025360107422,54154278
2023-08-11,58.92629835973158,60.75123820622748,58.734202513989615,60.07889175415039,63803349
2023-08-14,60.07889073572705,60.12691469634847,58.157902998923674,59.88679122924805,39105535
2023-08-16,59.454573571875954,59.83876893151724,59.11839851019722,59.262474060058594,32860991
2023-08-17,59.11839939764284,61.3755622833913,59.11839939764284,60.75123977661133,86494044
2023-08-18,61.1354375070641,61.47160890265312,59.93482014568416,60.31901550292969,52249781
2023-08-21,60.51111370930648,60.5591376699279,59.694695386762376,59.88679122924805,22537361
2023-08-22,59.88678990858125,60.270988913066624,59.83876594901889,59.98284149169922,16228098
2023-08-23,60.030867886703426,61.183461282926814,59.93481996368206,60.847286224365234,35562766
2023-08-24,61.135436759893516,61.66370399565234,59.982843374256575,60.36703872680664,40679832
2023-08-25,59.98284732626786,60.03087129050154,58.73420593622415,59.070377349853516,44154787
2023-08-28,59.310498107910156,60.75123895263672,58.92629908371903,60.03086853027344,51611750
2023-08-29,60.22296552517338,60.607160869312494,60.03086602110718,60.46308898925781,22724327
2023-08-30,60.46308955416063,61.327531834545034,60.46308955416063,60.943336486816406,36758499
2023-08-31,61.03938694289536,61.23148645673479,60.12691700015317,60.51111602783203,47388258
2023-09-01,60.55914036363392,63.584693985281646,60.03086944531386,62.81630325317383,120297728
2023-09-04,63.440631623853065,65.12149612365855,63.104452861501834,64.73729705810547,78454936
2023-09-05,65.21753696380591,65.88987975939682,64.01691959454581,64.68926239013672,70525265
2023-09-06,64.68926281455121,64.83333836540504,62.91235056198564,63.10444641113281,57072136
2023-09-07,63.24852450326981,64.49716955685692,63.104448946627116,63.968894958496094,39914471
2023-09-08,64.35309044125292,64.64124153860251,63.63272002586576,64.20901489257812,38692009
2023-09-11,64.54519184674662,66.75433090873423,64.35309598395962,66.41815948486328,97021497
2023-09-12,66.75432515921013,67.04247625655971,63.63272002586576,64.20901489257812,106038890
2023-09-13,64.16099074162045,70.21209747066221,63.680743826871755,69.68383026123047,196952754
2023-09-14,70.11605593205636,71.26864570111452,69.01148646204985,70.78839874267578,110388816
2023-09-15,71.07655127503489,71.8929696551642,70.02000941086828,71.22062683105469,85659070
2023-09-18,71.22062596079492,75.92704765601428,70.88445455284791,73.86198425292969,196740035
2023-09-20,73.76593489395815,74.63037354675721,72.32519403531042,73.42975616455078,87014740
2023-09-21,73.81395291570962,75.20667343290367,71.60482139738122,72.03704071044922,82446210
2023-09-22,72.80544147863684,74.67840167630104,72.08507104446029,74.43827819824219,96312592
2023-09-25,74.82247698732148,77.36778731213028,73.52581167558476,77.03160858154297,132629554
2023-09-26,77.03160539616223,78.13617481159073,75.92704330872039,76.2151870727539,81418694
2023-09-27,76.64742136875488,78.66445723046161,76.35927024794502,78.28025817871094,87175092
2023-09-28,78.42432950177788,79.38482341526448,76.07111501694352,76.50334167480469,153076293
2023-09-29,77.03160858154297,77.80000664004686,76.35926577634228,77.03160858154297,50000692
2023-10-03,77.03160436771533,80.2012370256731,76.64741268746664,79.9130859375,67592455
2023-10-04,79.4328421814773,80.00914438083902,76.21518909897974,76.5993881225586,103799902
2023-10-05,77.51185367260052,77.84803239510556,73.237658810897,74.0540771484375,134330537
2023-10-06,74.39025360135611,75.15865169363612,73.04556793184702,73.71791076660156,66525708
2023-10-09,72.99753498262089,72.99753498262089,69.97197779077017,70.45222473144531,73864732
2023-10-10,71.12457848846003,72.61333968402103,71.07655086073764,72.27716827392578,45297302
2023-10-11,72.80543927335513,74.77444733700408,72.51728817721784,73.04556274414062,59870131
2023-10-12,73.66988208098797,74.15012904977665,72.373216730856,72.75741577148438,28874895
2023-10-13,72.1330856878613,72.75740814746322,71.6528387693962,72.22913360595703,33454518
2023-10-16,72.18112034646816,73.09358664929628,71.8449489363729,72.27716827392578,31664409
2023-10-17,72.75740755801208,73.18962684993444,72.27716064343774,72.80543518066406,25571754
2023-10-18,73.7179086779945,74.19815564006613,71.12457801400257,71.26864624023438,79079912
2023-10-19,70.98050541391225,72.1330952396588,70.50025843185328,71.07655334472656,40169623
2023-10-20,70.9804996666442,71.65284245589243,69.01148426843804,69.39568328857422,47312964
2023-10-23,69.6358133520426,70.78840319357107,66.37013236372862,66.89840698242188,64052095
2023-10-25,67.23457281538052,68.5792657372855,65.84185959539953,66.75432586669922,56157100
2023-10-26,66.61025291054581,67.52272654536748,64.68926504101032,67.09049987792969,96629399
2023-10-27,68.9634665072771,71.22062575760995,68.09902051217448,70.2601318359375,97582651
2023-10-30,70.6443308702039,70.74037879677373,69.49173376740471,70.2601318359375,45878932
2023-10-31,70.5002573952047,71.31667578710268,69.92396249080537,70.11605834960938,44305596
2023-11-01,70.2121077647243,71.4127252276231,69.77988840927571,70.02001190185547,39344724
2023-11-02,70.93247424672603,72.42124274805084,70.5963028416489,71.3166732788086,44074000
2023-11-03,71.89296870311273,72.42124329219388,71.55679729550977,71.79692077636719,33999204
2023-11-06,72.32519328662165,72.51728913459138,71.79691871272458,71.94099426269531,22781133
2023-11-07,72.22914315873291,73.71791173406866,71.60482794454765,73.14161682128906,45263683
2023-11-08,73.47777792987358,73.81394930447834,72.51728410072491,72.80543518066406,28074631
2023-11-09,72.9975357055664,73.52581027673564,72.61333668362396,72.9975357055664,25406922
2023-11-10,72.9014918540612,73.38173882631723,72.51729281065894,73.23766326904297,19806827
2023-11-13,73.28568857602092,76.31123854300486,73.09358539641134,75.97506713867188,61511606
2023-11-15,76.93555540871454,77.60790549604347,75.63889018541893,75.83098602294922,56335226
2023-11-16,76.07111560228216,77.12766477763678,75.97506767579185,76.45531463623047,36649274
2023-11-17,74.87049954816241,75.3027262171255,73.23766278448997,74.82247924804688,52680056
2023-11-20,75.11061594990217,76.35926088295643,74.72642427325762,75.30271911621094,29074574
2023-11-21,75.68692316810191,76.21519042270944,74.43827815178047,74.966552734375,23914987
2023-11-22,74.9185261588311,75.20667726755991,72.99753830860466,73.33370971679688,35533376
2023-11-23,73.7179060885855,74.10210511034487,73.28568676909796,73.52581024169922,15646955
2023-11-24,73.71790671706187,73.91000256558583,72.75741281846823,72.94950866699219,17112957
2023-11-28,72.94950280449761,76.45530671822227,72.6133314326032,75.44679260253906,43966316
2023-11-29,75.83099099912316,76.16716972884156,74.96655234552429,76.0230941772461,38404432
2023-11-30,76.02309311163631,76.69543590567503,74.19815324897674,74.5343246459961,57665048
2023-12-01,75.01457336345025,78.28025414298828,74.96655306444923,77.51185607910156,84958693
2023-12-04,79.8650732001255,81.2577864928039,79.04865481034895,80.44136810302734,98320541
2023-12-05,80.87358496661079,82.41038109784233,80.20124215518727,81.64198303222656,84479543
2023-12-06,82.12222348510755,83.08271732703864,81.49790102225505,82.0741958618164,74935960
2023-12-07,82.45839890620377,83.7550641907745,81.16173362163303,83.3708724975586,52407229
2023-12-08,83.70703977353075,84.61950599199236,81.2577775458906,83.13074493408203,64205639
2023-12-11,83.1787686328335,85.82012680570514,83.13074833557333,84.95568084716797,58983764
2023-12-12,85.48395217689601,86.3003704792803,84.28333487104072,84.66753387451172,50356234
2023-12-13,85.09975989553816,85.67605478227348,84.47543738158026,85.24383544921875,45083954
2023-12-14,86.20432076197537,87.1167869641945,85.72407384965238,86.34839630126953,46901038
2023-12-15,88.36544339950771,88.36544339950771,86.06025645392309,87.64507293701172,57382725
2023-12-18,87.59704382910192,88.5575377628771,86.82865307887407,87.74111938476562,35997452
2023-12-19,87.83715908934617,88.74963263780032,86.49247357033835,87.78913879394531,43084144
2023-12-20,88.3174092229361,88.55753269263195,82.79456941993173,83.41889190673828,75353864
2023-12-21,82.6505044078669,86.58852799810164,81.40185938579849,86.30037689208984,58814452
2023-12-22,86.87667272747194,86.87667272747194,84.81161664772638,85.72408294677734,32589619
2023-12-26,86.44445645607124,86.68457994622699,84.76359202498097,85.00371551513672,35937581
2023-12-27,85.6280296328556,88.50951123130511,85.53198171183794,88.17333984375,62043155
2023-12-28,89.13384210004311,93.84025662480147,89.13384210004311,91.7271728515625,178967353
2023-12-29,92.59161529887295,92.7356908523852,91.05482649337866,91.96729278564453,65556029
2024-01-01,92.44753377489168,95.32901534709609,91.96728684619094,93.9363021850586,55329198
2024-01-02,93.93630576121247,94.9928475789793,92.30346174467566,93.16790771484375,50741670
2024-01-03,92.20741385744888,94.08037402023358,91.05482411542552,92.63963317871094,73009456
2024-01-04,92.68765521685691,93.98432043045918,92.63962759384015,93.5521011352539,37426897
2024-01-05,94.03235780233325,94.03235780233325,91.87124644627957,93.40803527832031,42729858
2024-01-08,93.40803674396716,93.40803674396716,91.05482949497987,91.2469253540039,47101702
2024-01-09,92.2074121880365,92.92778259575555,90.86271929469696,91.19889068603516,33881561
2024-01-10,91.19889101674777,91.4390144868582,89.66210227363835,90.67062377929688,54772377
2024-01-11,91.43901652746268,92.15938695387018,90.47852262558604,91.05482482910156,28709414
2024-01-12,91.63111660511218,94.70469405595574,90.9587664997493,93.84024810791016,78525419
2024-01-15,94.4645711523339,95.66518849623237,93.93630391781062,94.32049560546875,46701350
2024-01-16,94.51260583105547,96.14544260942641,92.97581698176742,94.3685302734375,60660256
2024-01-17,93.21593239320144,96.001358735241,92.59160991626662,93.36000061035156,98759165
2024-01-18,93.45606044583084,95.08889716288765,90.57457871362213,94.60865020751953,60733225
2024-01-19,95.47309700965762,98.45062669281862,94.99285005018045,98.1624755859375,104194911
2024-01-23,102.43668145827324,102.48470175908642,94.27248286532674,94.8487777709961,83723415
2024-01-24,95.23297352991904,98.59470224625917,93.9363082049281,98.1624755859375,65088374
2024-01-25,98.69074822384775,101.8123533988113,96.67371249946868,100.37161254882812,111791532
2024-01-29,103.25309753417969,105.1740853952807,101.28408204535629,103.25309753417969,108149443
2024-01-30,103.7333425700801,106.56679668130877,102.67680073172298,104.9339599609375,75911884
2024-01-31,105.1740793391664,110.40876802804894,104.7418600265015,109.88050079345703,113135172
2024-02-01,110.45680109657863,114.92309930216814,109.20815606603117,114.15470123291016,134380980
2024-02-02,116.89209883251574,123.18333649298154,115.35531013523764,120.44593048095703,167566465
2024-02-05,120.9261769175864,121.79062284630356,116.02765975883784,116.84407806396484,92993076
2024-02-06,117.56445256822009,117.99667188372621,114.39481982788605,117.0842056274414,53028325
2024-02-07,118.81309244097713,120.78210786621355,117.99667409197188,119.00519561767578,65831369
2024-02-08,120.68606198823854,122.22285078795132,118.18877927270688,119.38939666748047,83500656
2024-02-09,119.58149049179791,119.67753841615378,113.14618429612483,119.00519561767578,69128606
2024-02-12,119.91766576363358,120.59001591181122,112.47383780186713,113.57840728759766,65062679
2024-02-13,113.62643365357353,118.62099910577996,111.12914359948324,117.27630615234375,76885208
2024-02-14,116.12371196757864,119.58148848218917,114.77901906523378,118.09272003173828,57158902
2024-02-15,119.96568829344389,124.19186287387332,118.71704330559423,123.7596435546875,102510609
2024-02-16,124.52802333272274,127.36149195010125,124.19185927464228,125.00827026367188,111266944
2024-02-19,125.72864192970718,126.11284827193016,123.13531140758894,123.37543487548828,44582022
2024-02-20,123.90371757124382,125.34445847323502,123.1353194923203,124.38396453857422,32539004
2024-02-21,124.81617748023024,125.96876721154965,122.17481929530206,123.2793960571289,54001521
2024-02-22,123.85568941329323,124.19186815137563,120.68606383926884,123.90371704101562,41873541
2024-02-23,124.38396352511307,125.63260856119322,121.98272870802596,122.89519500732422,48191136
2024-02-26,122.8471729401067,123.18334434406425,119.38939631885317,119.91766357421875,41091685
2024-02-27,119.91766133680781,120.7821073079892,117.75655007284776,118.52494812011719,37510230
2024-02-28,119.10125012131212,120.49396342137447,115.40334986943336,115.97964477539062,52883269
2024-02-29,115.97963677945502,120.59001036523676,114.01062138119708,117.03617858886719,356428226
2024-03-01,118.18877892758549,120.06173912676827,116.2197634747117,119.91766357421875,52161604
2024-03-04,121.45445079206468,121.69457426719963,119.82161409234175,121.07025909423828,43386707
2024-03-05,120.87814993618191,124.86420089178624,120.54197855322441,124.5760498046875,60554186
2024-03-06,124.48001562052224,125.53655011963812,120.6380326827164,125.20038604736328,82989654
2024-03-07,125.39248901790623,126.44902357702445,124.38396743185838,124.72014617919922,38719979
2024-03-11,125.24839615522744,127.6976584817053,123.03927195484891,123.80765533447266,55291160
2024-03-12,123.71161852261251,124.96026353663994,119.91766318182887,120.97420501708984,43724417
2024-03-13,121.31037818822112,121.83864541764737,112.28173438362103,114.10667419433594,69647674
2024-03-14,112.37778649166549,117.46840710154254,111.70544369171354,115.88359069824219,54520717
2024-03-15,115.8355660136273,116.45988853114424,110.36075356645082,113.09815979003906,61465003
2024-03-18,113.29025425887376,115.73951667149862,112.61791145006816,115.25926971435547,31528977
2024-03-19,115.73951215210975,115.93160799627127,111.36926208156154,111.94556427001953,33325451
2024-03-20,112.61790557066138,113.62642705920523,109.64037605741818,112.04161071777344,43979002
2024-03-21,113.86654948033228,116.74803104631636,113.72247393643576,116.26778411865234,38099730
2024-03-22,116.21976279823942,118.42890171650816,115.35531681596089,117.90062713623047,35001868
2024-03-26,117.94865291303068,119.67753752248699,117.32433041739917,119.05321502685547,30860596
2024-03-27,119.10124452050981,120.20581397964419,117.37235255595279,117.90062713623047,42673023
2024-03-28,118.04470225933039,120.1577859167948,118.04470225933039,119.48544311523438,29453142
2024-04-01,120.49395545689642,121.11827795041135,119.96568821468134,120.63803100585938,24639923
2024-04-02,120.54198271650048,121.98272354578137,120.01370814790278,121.69457244873047,29181379
2024-04-03,121.69457468315018,131.29951372137788,120.63803285454253,129.8107452392578,100643107
2024-04-04,131.63568591840232,131.923837006446,128.70617672590902,129.76272583007812,81127069
2024-04-05,129.76274319633828,132.0679228972456,128.99434507737746,131.15545654296875,44560290
2024-04-08,131.10741143185314,131.39556252004087,127.26543600527869,127.64962768554688,41839925
2024-04-09,128.22593579562206,129.42655317198555,126.06482451816775,127.26544189453125,25963967
2024-04-10,127.50557250852137,131.49161655882727,127.12138078896464,130.9153289794922,48720465
2024-04-12,130.2429686359242,132.83629903429122,129.2824748101607,129.52259826660156,40533614
2024-04-15,126.97728609954551,130.00285056973183,124.14383212725542,127.60161590576172,45918093
2024-04-16,127.16938152958993,127.26543677822694,123.1353102383804,123.47148895263672,45007324
2024-04-18,124.7201350403146,127.16938268714706,123.71161354433886,124.4319839477539,37211719
2024-04-19,122.94321850633528,124.23989112640878,120.30186029623823,123.18334197998047,35611955
2024-04-22,125.6326045763925,128.61012686155527,124.72013830603574,127.84174346923828,37568034
2024-04-23,129.66667185438672,129.66667185438672,127.26543719041659,127.60161590576172,28249840
2024-04-24,127.98581286839077,128.41803219453766,126.92926371027716,127.74568939208984,18644765
2024-04-25,127.69765865085547,131.58766180324088,127.3134669605347,130.53111267089844,59269785
2024-04-26,131.1554424575762,132.6442109051817,130.62716789152606,131.05938720703125,33021444
2024-04-29,132.0679127844305,133.3645854268854,129.52260978224743,131.82778930664062,51158461
2024-04-30,132.45211161502993,137.25458142929463,131.01137067075055,135.47767639160156,95390289
2024-05-02,135.5257008557275,136.8703865099265,131.9238485791505,132.59619140625,58420041
2024-05-03,133.65271960671993,133.79680248453246,128.94630538431866,130.43507385253906,61353686
2024-05-06,131.49160934287988,131.49160934287988,121.40643069822015,122.07877349853516,144404671
2024-05-07,122.84717104139432,122.89519133951062,115.9796382038896,117.4684066772461,86243645
2024-05-08,117.66049772872685,121.16630177971074,117.27629871952553,119.86963653564453,70886836
2024-05-09,120.97419780463751,121.64654789825424,115.93160507845158,117.32432556152344,82730547
2024-05-10,119.00519561767578,119.82161396668103,115.73951489366785,119.00519561767578,45163174
2024-05-13,119.00519922155136,119.1012471488159,114.29877750571848,118.23680114746094,41922266
2024-05-14,118.66902839935757,121.59853049935116,118.18878143267136,120.78211212158203,32083064
2024-05-15,121.74260383004189,122.70309774586076,119.10124556154,119.38939666748047,47253149
2024-05-16,120.30185846927706,121.2623523492713,117.56445237689087,120.205810546875,33690165
2024-05-17,120.34988668202953,120.97420184468434,119.67753656595906,120.15778350830078,20071553
2024-05-21,121.40642547607422,122.94321418782471,120.83013062516612,121.40642547607422,30284178
2024-05-22,121.98272804478773,121.98272804478773,118.62099931914398,120.87815856933594,30665828
2024-05-23,121.5024774899732,122.94321832977526,121.07025816922733,121.64655303955078,24483383
2024-05-24,121.64655569427315,122.31889850299206,120.34989037575123,121.45445251464844,23179947
2024-05-27,121.26235124153303,125.82469712982832,120.92617985220335,124.4319839477539,57820057
2024-05-28,124.96026214339881,126.35297536598932,121.83864964313459,123.13531494140625,44999618
2024-05-29,122.22284343743986,125.39247610021447,121.93469234882886,122.99124145507812,46255738
2024-05-30,122.94322209841458,124.8642099437023,121.98272817577072,122.41494750976562,26985052
2024-05-31,123.51951886595451,124.86420443595229,121.07025654005459,124.33592987060547,74303548
2024-06-03,129.66667398049015,133.12445781569264,127.40950749695887,131.58766174316406,95948403
2024-06-04,131.01136073845564,131.01136073845564,100.08346041050658,110.79296875,169672083
2024-06-05,114.29877247830349,117.75654900364641,106.08654681862562,117.03617858886719,104945370
2024-06-06,118.33284549121088,121.50247829086292,117.18025574296662,119.00519561767578,59619303
2024-06-07,119.10124170074636,120.63803045064249,118.1887754414918,120.15778350830078,28076164
2024-06-10,120.8781519597416,123.27939396046048,120.06173363660999,120.38829803466797,36182690
2024-06-11,121.21432742340454,122.29008323102937,120.44593669908988,121.15670013427734,22932643
2024-06-12,121.31038065503901,122.92401067560154,121.02222955822945,122.44376373291016,29332963
2024-06-13,123.23136741016347,123.71161434889679,120.83013271649689,121.56970977783203,23810879
2024-06-14,121.56971143600637,124.43198645421167,121.40642923332675,123.84608459472656,38637971
2024-06-18,123.9037102592962,124.76814888708795,123.26018111976705,123.54833221435547,20304777
2024-06-19,123.90371309906867,125.04670318501589,121.95391165456122,123.22175598144531,60954903
2024-06-20,123.23136795326347,124.72013640109269,122.75112101241363,123.41386413574219,22469105
2024-06-21,123.87061915440812,124.20104832626662,121.96581527962701,122.25736999511719,24071503
2024-06-24,122.16018388023241,123.11258955400142,119.43903858218957,121.54792785644531,29824639
2024-06-25,121.57708464148207,122.38371297159829,120.26510318060264,120.6343994140625,19684789
2024-06-26,120.6343991331071,122.45174113506201,119.5362234889891,120.85792541503906,36345676
2024-06-27,120.79961711814032,120.99398199488448,114.49237528852912,115.84323120117188,136068914
2024-06-28,116.76648176708933,121.47017995238947,116.76648176708933,119.78890228271484,121916127
2024-07-01,119.68200026093487,120.129045408038,118.33114435144758,119.01142883300781,44039186
2024-07-02,119.05029784238593,119.66255384776792,116.52351749353805,117.23295593261719,41519074
2024-07-03,117.93268143784714,119.00170303868636,116.95112180306054,118.21451568603516,37154088
2024-07-04,118.75874307132916,118.93367441772016,117.09689898788692,118.10761260986328,20117728
2024-07-05,119.50706879630508,120.45946706961158,118.67128648284726,119.34185791015625,33669963
2024-07-08,119.19607915625544,119.9152380869361,117.70916636916049,117.9424057006836,23249946
2024-07-09,118.51578590697294,120.64411609948299,118.21451813161109,118.94339752197266,30994243
2024-07-10,119.34185702257976,119.4876269713065,115.2018199442124,115.8626708984375,48724410
2024-07-11,117.00943682018082,117.20380168714924,115.71688895266217,116.03759765625,25511815
2024-07-12,116.42634074557076,116.42634074557076,114.19110758865574,114.42434692382812,26896471
2024-07-15,114.77420656442727,117.93268392390095,114.19110453481797,117.5245132446289,32712545
2024-07-16,117.99100341703635,118.71016236472592,115.84323221316349,116.48464965820312,29031539
2024-07-18,116.61097894571179,117.4953561419114,114.82279844702094,115.49336242675781,21826818
2024-07-19,115.98900845010284,116.41662007596643,112.92771344990032,113.22898864746094,32480581
2024-07-22,113.1220805212643,115.34759310343087,111.5282648805541,114.83251953125,20931256
2024-07-23,115.06576374073803,115.60027085655348,109.3513444508683,114.43406677246094,28867094
2024-07-24,114.20082514403556,115.77519988447376,112.50010656375359,113.26786041259766,39917998
2024-07-25,112.78193760707939,114.62842608146194,112.09192527792621,114.4049072265625,22543073
2024-07-26,113.94814261606253,116.91225504865209,113.73433681246007,116.57210540771484,24356026
2024-07-29,121.34384109460342,125.17288985181376,120.06101366844052,123.42357635498047,144104708
2024-07-30,123.42357849416507,124.10386296886621,121.38271765551694,121.97554016113281,33365327
2024-07-31,122.45173833865944,122.45173833865944,119.27382743941291,120.45946502685547,47960947
2024-08-01,120.99397882832106,122.16018288735451,118.4477574881597,119.48762512207031,23162046
2024-08-02,117.59254148982798,118.22423844355002,116.19309068952619,116.87338256835938,29241484
2024-08-05,114.64787219894076,114.64787219894076,110.01219503899571,110.73136138916016,51711021
2024-08-06,112.73334886786513,114.48266241956371,110.29403036370344,110.60501861572266,27461434
2024-08-07,112.73334979908428,112.97630960468575,110.81882534461748,112.66532135009766,28249277
2024-08-08,112.97630964864169,113.02490457559882,110.5953065186388,110.8091049194336,27941633
2024-08-09,112.49038897800992,113.20954792002573,110.64389298919842,112.0239028930664,22149553
2024-08-12,111.71291445810168,112.62644569007297,110.60501834954044,111.37277221679688,15808638
2024-08-13,112.07249524693079,112.72362572562733,110.40093065152594,111.08122253417969,17938540
2024-08-14,111.32417840239182,111.85868549002589,109.35133868542515,110.37177276611328,20442740
2024-08-16,108.84599104815015,110.35234478293798,108.7488086104804,109.85670471191406,27059803
2024-08-19,111.12008867186326,112.60700885069458,110.64388954806593,111.96559143066406,16314063
2024-08-20,112.2474252337205,114.57984074745997,111.73235165490588,114.04532623291016,24197410
2024-08-21,114.08420368873483,114.43406639571973,112.02390190477325,113.13180541992188,31985161
2024-08-22,113.35532068976566,114.65758903880553,113.26785872306574,114.05504608154297,18399460
2024-08-23,114.36603965643707,114.57984547107124,112.84025237828251,112.99574279785156,10286090
2024-08-26,113.04433777070663,113.54969090269299,112.54869769244772,112.88884735107422,11190669
2024-08-27,112.97630752565826,113.36504469037591,112.44179299735337,112.69447326660156,9861808
2024-08-28,112.78194097098682,113.06376781130173,111.28530772856624,111.51854705810547,14645860
2024-08-29,111.51854742613428,112.62644351328264,111.27558762782026,112.27658081054688,14852490
2024-08-30,112.56813356610613,114.23969813560667,112.56813356610613,113.28729248046875,26208535
2024-09-02,113.64687896771802,114.18138608156418,112.36405151412464,113.23870086669922,14419150
2024-09-03,113.30672380094317,113.89954628011371,112.05305781271105,112.33488464355469,10681101
2024-09-04,110.8382635881992,111.30474225147499,109.56514919588953,109.759521484375,26202729
2024-09-05,110.46895917637688,110.6730445169538,108.9917668669201,110.2065658569336,18290375
2024-09-06,109.72064842782194,109.94416729425376,106.65935342962091,106.90231323242188,29092655
2024-09-09,106.31920575436779,107.08695958172237,104.18115515027361,106.542724609375,27017545
2024-09-10,107.08696228752585,107.51456648751359,106.2900544515167,106.50385284423828,12498926
2024-09-11,106.63019652396193,107.37850943372763,103.84101539483696,104.433837890625,22838612
2024-09-12,105.63891477735233,106.3872350901434,103.98679115473047,105.65835571289062,20816903
2024-09-13,106.41639447766697,109.4290945735778,105.75554351218277,107.9810562133789,28921320
2024-09-16,108.16570544572572,109.04035479020786,107.15499179246639,107.68949890136719,12834170
2024-09-17,107.68949707111959,107.776966452808,104.78370000147521,104.98778533935547,18548760
2024-09-18,105.25019057526028,106.88288076273648,104.74483002831452,105.68751525878906,24775806
2024-09-19,106.75653196065763,107.04808667916609,102.62621546420648,104.22975158691406,21178477
2024-09-20,104.95863617029602,106.08597322888443,103.31622550942129,105.35709381103516,23196144
2024-09-23,105.53201308063815,108.74880581087119,105.45427158123053,108.36978912353516,35372759
2024-09-24,107.87414725615619,108.10738657955653,104.56989261404973,104.79341888427734,79101837
2024-09-25,104.45328255110341,104.45328255110341,100.70198257150146,102.09171295166016,71227249
2024-09-26,102.23748315261652,104.462995859959,101.6155066439189,104.26863098144531,34719895
2024-09-27,104.7642695841646,106.51357570977008,104.26862951203125,106.14427947998047,40191522
2024-09-30,105.82356997560527,106.1831531491158,103.80214265857171,104.19087982177734,30911908
2024-10-01,101.071275485249,103.18016474232553,100.93521859218244,102.24720001220703,120187762
2024-10-03,100.34239857102439,103.74383581072014,100.09943876818899,102.10142517089844,99417000
2024-10-04,101.26564259449067,104.37553251148036,101.21705508277591,102.86917877197266,79454589
2024-10-07,103.17045142694046,104.37552994013201,97.96139280276465,99.19562530517578,83307848
2024-10-08,99.19562722652842,100.39099270949657,98.30153693860207,99.60379791259766,28947367
2024-10-09,100.63394993163101,102.4512844506979,99.6718238061367,101.16845703125,43366313
2024-10-10,101.89733383577894,102.38325341288284,100.22576930421442,100.77000427246094,18521599
2024-10-11,101.07127313071477,102.34438006384168,100.39098868122964,101.95565032958984,16201817
2024-10-14,102.04311308933366,102.72339754411144,101.80987376405906,102.0528335571289,15757325
2024-10-15,102.23748003465185,102.54846827951636,101.55719556605592,102.023681640625,15017858
2024-10-16,101.71269624930277,102.37353980045323,101.53776489324976,102.09171295166016,14270009
2024-10-17,102.11114696376485,102.27635785234546,99.14703436490173,99.57464599609375,18076891
2024-10-18,99.85647853969527,101.18790092279399,99.53576982182888,100.36183166503906,18567809
2024-10-21,100.37155017783083,101.50860024861186,98.89435787406545,99.40943145751953,17438662
2024-10-22,99.40943438368035,100.22577576687212,91.74162355571629,92.27613067626953,51355704
2024-10-23,93.29656177722279,94.52108122662132,89.79794219348585,93.95741271972656,38207629
2024-10-24,93.47148988815614,97.7670171583095,93.42289496476326,95.9691162109375,55363485
2024-10-25,96.11490125504737,96.5716668791188,90.60457460473,93.02445220947266,39756124
2024-10-28,93.53952560464731,99.0790062330786,93.27713227574051,95.86222076416016,70816541
2024-10-29,99.55520537267091,99.72041624946691,94.55995271105033,98.4764633178711,94263912
2024-10-30,98.5444931951012,99.03041277948084,96.98955200799521,97.1450424194336,47768641
2024-10-31,97.18391960566551,97.61153122458472,93.87966485616396,95.14305877685547,93367752
2024-11-01,95.91080944666969,98.32096642071348,95.83306053407617,98.13632202148438,23647421
2024-11-04,97.95167185888012,101.05184121627035,96.35785619656812,100.73113250732422,132269383
2024-11-05,100.80888559070064,102.20832902613353,99.43858873100666,101.76128387451172,79179075
2024-11-06,102.78171643334741,104.22975477323877,102.24720190458983,103.96736145019531,59984748
2024-11-07,103.39396781952699,104.8614470297583,103.05382559584275,103.7049560546875,42209575
2024-11-08,103.9381961541699,103.9381961541699,101.1878969410744,101.83902740478516,31981183
2024-11-11,100.69225597252529,103.11213340513552,100.34239328172087,102.17916870117188,29852507
2024-11-12,102.52903579181059,103.34537716235634,100.43958002499271,100.80888366699219,26013763
2024-11-13,100.39099421052606,100.87691381964855,97.18392182449963,97.7281494140625,38963115
2024-11-14,98.25293987535034,99.59408269261134,96.50363379544336,96.68827819824219,25816807
2024-11-18,97.86420074638019,99.399708403381,95.17220952732205,97.69898986816406,32300511
2024-11-19,98.30153334519976,100.79915971086304,97.62124147874097,98.01969909667969,25456236
2024-11-21,97.23251161944461,97.48518446438035,92.14006904614,93.65614318847656,62222678
2024-11-22,94.36558364969251,97.42687857408129,94.31699613903069,97.00898742675781,38066845
2024-11-25,100.1966172392192,102.50959921594051,100.08971433704076,101.17817687988281,57404398
2024-11-26,101.52804030274292,102.48043854682741,101.17817760484203,102.15001678466797,22370887
2024-11-27,102.14030006749252,102.48044231001306,100.92550104810145,101.4405746459961,25139229
2024-11-28,101.9459351606525,104.22975583353664,101.37254616810284,103.29679107666016,30202813
2024-11-29,103.84101389784843,104.1228481470736,100.7602855064734,101.94593048095703,30163680
2024-12-02,101.79043344609784,102.48043837285756,101.13930297621049,102.0431137084961,14773753
2024-12-03,102.49016299419795,105.25019022763341,102.34438562865489,104.92948150634766,38169064
2024-12-04,105.68751360596137,107.38823221571248,104.78370284819756,106.91203308105469,48997721
2024-12-05,107.45625512348465,107.4854091118216,105.25018350297243,106.00821685791016,20568682
2024-12-06,106.61075928970277,108.00048966855799,104.16172772180246,106.99949645996094,51861042
2024-12-09,106.99949525199487,107.38823241786442,105.45427447120798,105.70694732666016,28843979
2024-12-10,105.93047264537148,107.91302550022289,105.55145595108831,107.35907745361328,28453790
2024-12-11,107.76724686987659,107.79640085916395,105.3473693699461,105.52230072021484,23295859
2024-12-12,105.93046955307612,106.04709292273752,104.21031748420096,104.78369903564453,18431604
2024-12-13,103.98678980965607,105.10440632322947,101.22677016247452,104.69623565673828,32663054
2024-12-16,104.95862883602226,105.83328555923131,104.61848661436994,105.13356018066406,12188756
2024-12-17,104.94891214639617,105.3279288376734,102.68453246671396,103.00523376464844,18985400
2024-12-18,102.63594040677029,102.97608265016339,99.82732565989672,100.12859344482422,23131600
2024-12-19,97.19363951384874,101.42113850943524,96.75630742941554,100.60478973388672,28868334
2024-12-20,100.1480275832407,100.97408937956338,97.66983477972839,97.9322280883789,31121919
2024-12-23,98.63195783626698,99.55520952035411,97.1839195116164,98.52505493164062,23843994
2024-12-24,98.56392704495354,99.33168088058046,97.93223010024334,98.7777328491211,15719911
2024-12-26,98.83604375630578,100.38127194115296,98.77773577691164,99.28309631347656,13150281
2024-12-27,99.37055373804222,100.29379797076864,98.3501196580441,98.58336639404297,12621977
2024-12-30,98.7777324045744,100.39098898181865,97.90307567080005,98.89435577392578,78383603
2024-12-31,98.15575522692957,100.13830800442675,98.15575522692957,99.88562774658203,17390282
2025-01-01,99.46773726748759,100.39098892493801,98.9040687710919,99.76901245117188,10563476
2025-01-02,99.76901164586438,102.93720196649276,98.59307973839314,102.50959777832031,30428278
2025-01-03,102.4804424481237,104.22975600422227,102.25692358039959,103.40369415283203,34674507
2025-01-06,103.37453622443722,103.37453622443722,98.42787094369804,98.87491607666016,44287969
2025-01-07,99.12759490793599,101.64465478828363,99.12759490793599,100.20633697509766,21097404
2025-01-08,100.33267457018431,100.54648037547867,98.22378533531644,99.09844207763672,23423194
2025-01-09,99.03041711180946,99.41915427922832,97.9128005359345,99.15675354003906,25169272
2025-01-10,98.86520783134283,99.01097778376611,95.55123250808235,95.86222076416016,32253243
2025-01-13,95.24024181870952,95.72616141982539,91.98458197414216,92.73289489746094,32108507
2025-01-14,92.76204434076809,96.38700764982622,92.76204434076809,95.6386947631836,26803252
2025-01-15,96.21207946311426,97.12561067107487,94.75432068337011,95.48320007324219,22113146
2025-01-16,96.69800254049242,99.03041815503136,96.53279165232607,97.3977279663086,22309415
2025-01-17,97.31997742613339,97.86420500845018,96.5327900424902,97.31025695800781,16236187
2025-01-20,97.96139683958032,99.85648036239171,96.64940795427796,98.15576171875,28247505
2025-01-21,98.78745141785899,98.98181628270521,96.67856223464582,97.49490356445312,21920285
2025-01-22,97.49491027556843,97.9516758953975,93.53952494586781,95.43460845947266,34811690
2025-01-23,95.13334107012115,97.18392242648353,94.47249010103927,96.62997436523438,18589650
2025-01-24,96.45503631855856,96.97983035300938,93.79219910482895,94.87094116210938,26893329
2025-01-27,94.26840426635796,94.46276914438819,91.994304052316,92.82036590576172,35584897
2025-01-28,94.75432343831385,97.32969884031544,93.05360481249797,96.9701156616211,41891053
2025-01-29,97.47547542527897,97.57265786306739,94.55995780435791,95.01671600341797,34295362
2025-01-30,95.51235712900571,95.76503740167966,93.29656489898206,93.80191802978516,31403759
2025-01-31,94.25867854901925,99.00125842011846,93.64642254422897,98.3501205444336,57911997
2025-02-01,99.11787810487968,99.11787810487968,95.10418487111221,96.5522232055664,29973719
2025-02-03,95.38602049711079,96.54250412182145,94.55023817850439,95.55123138427734,27155760
2025-02-04,96.55222082755053,97.89336363816786,95.93024434694766,96.26067352294922,21734744
2025-02-05,97.3782843378761,98.35012353252374,97.13532453921418,97.43659973144531,27382286
2025-02-06,97.96139229292848,98.16547763094796,96.60081595825416,96.91180419921875,22650204
2025-02-07,97.08673547403384,97.44631122498878,95.40545043180798,96.47447204589844,29397431
2025-02-10,96.45504277691653,97.02842435887587,95.09446638330043,95.54151153564453,17224807
2025-02-11,95.49292045645508,95.95939911341438,92.33444310314505,92.53852844238281,23377744
2025-02-12,92.71345964899287,93.59782945098878,89.31202250453487,92.9758529663086,28356228
2025-02-13,92.97585433306187,93.93798047796685,91.83880425040472,91.97486114501953,13174852
2025-02-14,92.6648683807097,92.80092527869354,88.44708971412118,89.65216827392578,21224323
2025-02-17,89.6327325943593,90.857244646739,87.62102574882726,90.55597686767578,19598957
2025-02-18,90.38104365398993,90.80865526543725,88.72892001537997,89.27314758300781,12784429
2025-02-19,88.43736600701352,90.95442594207789,88.03890838140713,90.24498748779297,14782674
2025-02-20,90.0409033004596,93.37431205072946,89.40920633798879,92.9564208984375,21619032
2025-02-21,92.84951385510196,93.57839322211073,91.16822885280223,91.59584045410156,12976716
2025-02-24,90.86696341405307,91.97485948711433,90.1672380174787,91.3431625366211,12552679
2025-02-25,91.35288119831961,92.1206350257955,90.05062028064401,90.49766540527344,17127179
2025-02-27,90.86696404934018,91.20710628212399,89.02046810981366,89.37033081054688,27169438
2025-02-28,88.719197955986,88.719197955986,84.5500070627992,84.92902374267578,39944640
2025-03-03,85.32748055900555,86.20212986465789,83.08252707474338,84.83184051513672,29508306
2025-03-04,84.06409247958399,86.05636584520708,83.05337880164477,84.6374740600586,19363016
2025-03-05,84.55000760473987,87.59186153093879,84.55000760473987,87.21284484863281,26622932
2025-03-06,87.96116417903512,89.40920244694033,87.95144371139239,88.42764282226562,25378584
2025-03-07,88.34990435844021,89.17596618737312,87.95144673139393,88.60257720947266,16424249
2025-03-10,88.43736546841254,88.91356459101614,85.79396170984276,86.10494995117188,20754269
2025-03-11,85.32748174897041,86.38678288103279,84.30704765875275,85.68705749511719,11731107
2025-03-12,86.04664313883815,86.48396781038298,83.28661597191936,84.45282745361328,20128306
2025-03-13,84.98733694156891,85.37607411301938,83.90859481270265,84.74437713623047,14771127
2025-03-17,84.93874645581222,85.47325356011862,84.18071307601963,85.00677490234375,15182408
2025-03-18,85.00677490234375,85.00677490234375,85.00677490234375,85.00677490234375,0
2025-03-19,86.97961001906678,88.75807756766248,86.59087284892176,88.45680236816406,20155513
2025-03-20,89.07878268041274,90.2158327400239,88.3499032963731,88.72891998291016,16000840
2025-03-21,88.7289244820049,90.79893936840377,88.43736974778764,90.51710510253906,22838586
2025-03-24,91.54724587515929,93.57839357443406,91.01273878606703,93.22853088378906,25103209
2025-03-25,93.7824856797375,93.8796681198127,90.87668845858298,91.1682357788086,20148506
2025-03-26,91.21682667468323,92.07204248991061,90.07977660551232,90.24498748779297,19904559
2025-03-27,90.07977950507833,94.03516482645928,89.33145915494029,93.69502258300781,62010832
2025-03-28,93.69501853642056,95.22080574647273,92.81064132709723,93.42289733886719,21712434
2025-04-01,92.32472191038649,94.46276513617764,92.28584745352099,93.52980041503906,13402932
2025-04-02,93.97684705661418,94.85150381377531,92.1011971163582,94.59882354736328,14393929
2025-04-03,93.8310788075482,97.08673868217208,93.64642698476514,96.21208190917969,25310675
2025-04-04,96.29953836225519,96.54249815113711,93.32571291899472,93.8893814086914,21189363
2025-04-07,88.41792988839217,92.60655428819376,87.54327316297511,92.2469711303711,28484870
2025-04-08,93.78248109695747,94.8223487254922,92.28584786639021,94.18093872070312,22062343
2025-04-09,93.97684778176477,94.3364309554125,91.88739943100856,93.06332397460938,17823534
2025-04-11,94.65714081893249,94.65714081893249,93.1993819995892,93.37431335449219,11396866
2025-04-15,95.62897564801976,95.62897564801976,93.47149150796758,93.86994171142578,23242204
2025-04-16,94.17121746772143,96.30926068525336,93.69501834841145,96.04686737060547,29347045
2025-04-17,95.99827265357553,97.2811000697764,95.67756394588918,96.697998046875,24865290
2025-04-21,97.28110065655821,99.9925328646763,97.09645625382812,99.41915130615234,28222350
2025-04-22,99.95366114684998,101.80015712656537,99.76901673905977,100.46873474121094,31806010
2025-04-23,101.26563730375666,101.49888404016235,98.56392563068437,100.1091537475586,34299231
2025-04-24,100.00225650764915,100.99352924257923,99.5649244130415,99.8078842163086,25468633
2025-04-25,100.47845084338557,100.47845084338557,95.75531190046257,96.49391174316406,31662135
2025-04-28,96.49391432714273,100.05084191664825,96.43560634823851,99.29280853271484,24194152
2025-04-29,100.40070384777421,101.99451951829764,99.3219617590664,99.73985290527344,22707240
2025-04-30,99.44830215882861,99.44830215882861,96.74659050381338,97.38800048828125,14741011
2025-05-02,97.38800297233853,98.79717422677345,96.3092608934259,96.697998046875,13300520
2025-05-05,96.60081481933594,97.73786486684345,96.40644253693436,96.60081481933594,11864456
2025-05-06,97.15476198498506,97.39772177491868,91.36260148271276,91.80964660644531,27001134
2025-05-07,91.54724553048324,94.16149523280887,90.19638969679055,91.59584045410156,89567019
2025-05-08,92.81064520994113,93.10219994081646,88.34018629530318,88.7872314453125,65955601
2025-05-09,87.46552628636219,89.7493468787083,86.93101177101661,89.38005065917969,35798578
2025-05-12,92.81064225674594,93.24796692459864,91.88739799592598,93.08275604248047,31855906
2025-05-13,93.08275667576468,95.54150864657987,92.71346045183313,94.92925262451172,26387953
2025-05-14,95.5803846940121,95.67756713197446,94.46276812108323,95.12361907958984,17627909
2025-05-15,95.58038537441911,95.69700874953098,94.99728332794936,95.55123138427734,14979089
2025-05-16,95.92052577411258,96.74659502316412,95.77475582620434,96.12461853027344,15230863
2025-05-19,96.26067681424132,100.00225629363858,96.21208188787399,98.06829833984375,39689793
2025-05-20,99.030414919572,99.37055715307949,97.37828384825126,97.66011810302734,30343187
2025-05-21,97.68927552173685,99.25393726534273,97.19364285603177,99.0304183959961,19338345
2025-05-22,98.92351268695383,99.35112430600532,96.48419422802453,97.54350280761719,18817135
2025-05-23,97.94195218498292,98.01970109951732,96.74659413583089,97.55321502685547,14814597
2025-05-26,98.15575678100608,98.6319559011979,97.37828247434862,98.11688232421875,13008222
2025-05-27,98.35012582976297,99.76901761188996,97.29082464183556,99.14703369140625,21239984
2025-05-28,99.41915192547468,99.71069923322786,98.84576294883429,99.40943145751953,13261838
2025-05-29,99.9050700591519,100.28408674387161,98.65139663486958,99.42886352539062,20854888
2025-05-30,99.8175988567298,103.25791035987714,98.25293722187776,102.84001922607422,60718136
2025-06-02,103.5008738702661,106.12483672087755,103.01495427463105,105.40567779541016,57785074
2025-06-03,106.12483888319483,106.89259274968671,104.95863479572688,106.35808563232422,48035394
2025-06-04,106.42611486964213,108.11711303337243,105.59033254875989,106.45526885986328,46696794
2025-06-05,107.01893443779933,107.19386578885207,105.44455227832468,105.94990539550781,19273632
2025-06-06,106.30948615659736,108.65162211403306,105.25018502084207,107.07723999023438,50759755
2025-06-09,108.07823316580563,109.71092326738089,107.64090850528586,109.04035186767578,30600259
2025-06-10,109.57486504872348,109.57486504872348,108.06851138822262,108.6224594116211,22892516
2025-06-11,108.6224602600344,108.72936316139754,106.63019441958696,107.19386291503906,23164768
2025-06-12,107.3882299316794,107.72837216348623,104.56989481255448,104.97806549072266,26281617
2025-06-13,102.2374760606827,104.37552664874676,102.2374760606827,103.60777282714844,16086387
2025-06-16,103.50087296161605,103.98679255298515,101.85846237013428,103.78270721435547,19801768
2025-06-17,104.22975304698411,105.36680311891506,102.72339933782992,102.89833068847656,16226787
2025-06-18,102.89832751037811,103.49114999067393,102.04311171948883,102.50959777832031,15465092
2025-06-19,102.12086262231723,102.89832951613204,99.66211068785685,100.08000183105469,22033703
2025-06-20,101.0,104.1500015258789,100.5199966430664,103.04000091552734,27593358
2025-06-23,102.08999633789062,104.30000305175781,102.08999633789062,103.91000366210938,13950918
2025-06-24,105.08000183105469,106.62000274658203,105.0,105.22000122070312,16440497
2025-06-25,105.62000274658203,106.25,105.13999938964844,105.94000244140625,12173043
2025-06-26,106.0,106.54000091552734,104.9000015258789,106.25,15388837
2025-06-27,107.0,108.48999786376953,106.12999725341797,106.33999633789062,34112048
2025-06-30,107.06999969482422,110.6500015258789,106.69999694824219,110.5,46860515
2025-07-01,110.6500015258789,113.48999786376953,109.30999755859375,113.06999969482422,45219119
2025-07-02,113.0999984741211,114.16999816894531,112.4000015258789,113.8499984741211,33831963
2025-07-03,113.01000213623047,114.05999755859375,109.91000366210938,110.2300033569336,47921007
2025-07-04,110.4000015258789,111.0999984741211,109.86000061035156,110.8499984741211,14099494
2025-07-07,110.8499984741211,112.75,110.62999725341797,112.51000213623047,19932784
2025-07-08,112.38999938964844,112.8499984741211,111.37999725341797,112.01000213623047,15179741
2025-07-09,111.80000305175781,112.69999694824219,110.80000305175781,111.0,13299578
2025-07-10,111.30000305175781,111.5,109.25,109.76000213623047,9936541
2025-07-11,109.73999786376953,111.0999984741211,108.6500015258789,110.20999908447266,23104885
2025-07-14,110.41999816894531,112.44999694824219,110.1500015258789,110.72000122070312,17983635
2025-07-15,110.83000183105469,113.12999725341797,110.75,112.23999786376953,20906645
2025-07-16,112.37000274658203,115.70999908447266,111.86000061035156,114.97000122070312,38340707
2025-07-17,115.0999984741211,115.5999984741211,113.0999984741211,113.79000091552734,22239170
2025-07-18,113.98999786376953,114.80999755859375,113.0999984741211,113.3499984741211,15854726
2025-07-21,113.5,113.80000305175781,111.66999816894531,112.5999984741211,11198845
2025-07-22,113.0999984741211,113.0999984741211,109.12000274658203,109.33000183105469,17927369
2025-07-23,109.5999984741211,110.25,108.18000030517578,109.91999816894531,15531241
2025-07-24,110.33999633789062,111.05000305175781,108.25,110.66999816894531,18292039
2025-07-25,110.5999984741211,111.3499984741211,108.05000305175781,108.41000366210938,13476837
2025-07-28,108.36000061035156,109.37999725341797,106.52999877929688,106.79000091552734,13900856
2025-07-29,106.25,109.5,106.25,109.29000091552734,13189443
2025-07-30,109.55000305175781,111.1500015258789,107.61000061035156,108.0999984741211,49635403
2025-07-31,107.19999694824219,107.44000244140625,103.91999816894531,105.37999725341797,42679661
2025-08-01,105.30000305175781,105.37999725341797,103.0,103.18000030517578,15311997
2025-08-04,103.12000274658203,104.94999694824219,103.0,104.66000366210938,14966403
2025-08-05,104.9000015258789,105.13999938964844,103.31999969482422,103.66000366210938,12126864
2025-08-06,103.80000305175781,104.80000305175781,102.8499984741211,103.83000183105469,15512043
2025-08-07,103.5,104.94000244140625,102.58999633789062,104.69000244140625,13506257
2025-08-08,104.69000244140625,104.87999725341797,103.5,103.94999694824219,8369676
2025-08-11,103.98999786376953,106.75,103.83999633789062,106.54000091552734,18974904
2025-08-12,106.86000061035156,107.25,106.06999969482422,106.6500015258789,12072884
2025-08-13,107.0,107.37999725341797,106.16000366210938,106.63999938964844,8965266
2025-08-14,106.6500015258789,107.1500015258789,105.87999725341797,106.27999877929688,6165564
2025-08-18,107.0,107.56999969482422,106.58999633789062,106.7699966430664,9504227
2025-08-19,106.87000274658203,108.05999755859375,106.29000091552734,107.9000015258789,8566550
2025-08-20,107.5,108.05000305175781,107.0,107.11000061035156,8595474
2025-08-21,107.5,108.0,107.05000305175781,107.16000366210938,5887988
2025-08-22,107.0999984741211,107.69000244140625,105.11000061035156,105.29000091552734,9660703
2025-08-25,105.58999633789062,106.37999725341797,105.0999984741211,105.22000122070312,5672554
2025-08-26,105.18000030517578,105.38999938964844,102.48999786376953,102.7699966430664,15307243
2025-08-28,102.7699966430664,103.27999877929688,101.11000061035156,101.44999694824219,13540127
2025-08-29,101.01000213623047,102.41999816894531,100.5999984741211,100.87999725341797,15792366
2025-09-01,101.0,102.44999694824219,100.94999694824219,102.29000091552734,6263914
2025-09-02,102.51000213623047,103.94999694824219,101.91999816894531,102.86000061035156,7852890
2025-09-03,102.75,104.5,102.61000061035156,104.30000305175781,8068130
2025-09-04,104.80000305175781,105.19000244140625,103.18000030517578,103.41999816894531,6207983
2025-09-05,103.41999816894531,104.16000366210938,102.62000274658203,103.75,7493048
2025-09-08,103.80000305175781,104.9000015258789,103.80000305175781,104.20999908447266,7612044
2025-09-09,104.29000091552734,104.77999877929688,103.80000305175781,104.27999877929688,5973767
2025-09-10,104.5999984741211,106.87999725341797,104.5999984741211,106.26000213623047,13116266
2025-09-11,106.5,108.69000244140625,106.25,107.76000213623047,15257427
2025-09-12,108.0,108.2300033569336,107.05000305175781,107.30999755859375,8049228
2025-09-15,107.30999755859375,109.20999908447266,107.30999755859375,108.51000213623047,10490843
2025-09-16,108.68000030517578,109.19999694824219,108.08999633789062,108.44000244140625,7126933
2025-09-17,108.5999984741211,112.16000366210938,108.05999755859375,111.97000122070312,33492032
2025-09-18,112.5,113.20999908447266,111.12999725341797,111.86000061035156,15714147
2025-09-19,112.5,114.30000305175781,111.86000061035156,113.30000305175781,27593935
2025-09-22,113.29000091552734,115.0,112.69999694824219,113.04000091552734,16831733
2025-09-23,113.08999633789062,114.08999633789062,112.43000030517578,113.43000030517578,12673502
2025-09-24,114.19999694824219,114.48999786376953,110.61000061035156,111.01000213623047,16817280
2025-09-25,111.0199966430664,112.25,110.41999816894531,111.4000015258789,14583301
2025-09-26,111.11000061035156,111.33999633789062,107.30000305175781,107.79000091552734,18377053
2025-09-29,107.9000015258789,110.2300033569336,107.9000015258789,109.51000213623047,16244160
2025-09-30,110.04000091552734,113.69999694824219,109.8499984741211,112.83000183105469,37086442
2025-10-01,112.69999694824219,113.55999755859375,111.19999694824219,112.55000305175781,19565179
2025-10-03,112.6500015258789,114.8499984741211,112.44000244140625,114.37000274658203,23883726
2025-10-06,114.80000305175781,115.5999984741211,113.62999725341797,114.54000091552734,18071031
2025-10-07,114.54000091552734,115.0999984741211,113.75,114.16999816894531,11663822
2025-10-08,114.18000030517578,114.4800033569336,112.0199966430664,113.13999938964844,14787767
2025-10-09,113.13999938964844,114.80000305175781,113.05000305175781,114.30000305175781,12587389
2025-10-10,114.5,117.8499984741211,114.16000366210938,117.23999786376953,40846119
2025-10-13,116.87000274658203,117.5999984741211,116.0999984741211,116.94999694824219,11809783
2025-10-14,116.95999908447266,117.33999633789062,114.91000366210938,115.2699966430664,10882007
2025-10-15,115.5,117.16999816894531,115.4000015258789,116.4000015258789,10598247
2025-10-16,116.6500015258789,117.83999633789062,115.97000122070312,116.11000061035156,15188935
2025-10-17,116.1500015258789,116.7300033569336,112.75,113.69999694824219,16744153
2025-10-20,114.30000305175781,119.16000366210938,114.25,118.0999984741211,39131377
2025-10-21,118.25,118.9000015258789,117.30000305175781,117.66999816894531,4760898
2025-10-23,118.19999694824219,120.19999694824219,117.70999908447266,118.22000122070312,31320313
2025-10-24,118.22000122070312,118.69000244140625,116.2699966430664,116.94000244140625,13120416
2025-10-27,117.44999694824219,120.4000015258789,116.98999786376953,119.62999725341797,17707337
2025-10-28,120.08000183105469,121.5,119.19999694824219,121.12999725341797,37123841
2025-10-29,120.9000015258789,122.3499984741211,120.69999694824219,121.0999984741211,18350031
2025-10-30,121.05000305175781,121.88999938964844,119.69999694824219,120.08999633789062,23108567
2025-10-31,120.4000015258789,124.05000305175781,120.08000183105469,122.88999938964844,37511394
2025-11-03,123.0999984741211,124.4800033569336,122.69000244140625,123.5199966430664,19502448
2025-11-04,123.1500015258789,123.79000091552734,122.22000122070312,123.25,14185419
2025-11-06,123.98999786376953,123.98999786376953,120.16000366210938,120.45999908447266,18897936
2025-11-07,120.4000015258789,122.9800033569336,118.86000061035156,122.37999725341797,16935021
2025-11-10,122.5,123.23999786376953,121.55999755859375,122.33999633789062,10675833
2025-11-11,122.36000061035156,122.62000274658203,120.06999969482422,122.0199966430664,13743470
2025-11-12,122.5,123.30000305175781,122.0,122.44999694824219,10330951
2025-11-13,122.61000061035156,123.5,120.80000305175781,121.06999969482422,10840343
2025-11-14,121.4000015258789,122.58000183105469,121.3499984741211,122.20999908447266,7534146
2025-11-17,122.69999694824219,124.8499984741211,122.30999755859375,123.0,18039214
2025-11-18,123.63999938964844,123.77999877929688,122.16999816894531,122.37999725341797,10071535
2025-11-19,122.75,125.44999694824219,121.6500015258789,125.05999755859375,22108922
2025-11-20,125.91999816894531,126.16000366210938,123.41000366210938,123.86000061035156,17701274
2025-11-21,123.26000213623047,123.83000183105469,121.98999786376953,122.37000274658203,12407897
2025-11-24,122.9000015258789,123.43000030517578,121.0999984741211,121.75,16932622
2025-11-25,121.69999694824219,123.44999694824219,121.37000274658203,123.05000305175781,11550766
2025-11-26,123.63999938964844,126.05999755859375,123.3499984741211,124.98999786376953,19458499
2025-11-27,125.4000015258789,126.23999786376953,123.94999694824219,124.93000030517578,9718546
2025-11-28,125.30000305175781,125.30000305175781,124.11000061035156,124.5,9945691
2025-12-01,124.98999786376953,126.37999725341797,124.75,125.30000305175781,17513004
2025-12-02,125.30000305175781,127.80000305175781,124.7300033569336,125.3499984741211,26941925
2025-12-03,125.75,125.75,119.0,119.80000305175781,31754551
2025-12-04,119.80000305175781,120.77999877929688,118.79000091552734,119.52999877929688,14258192
2025-12-05,119.69000244140625,121.9000015258789,119.1500015258789,121.70999908447266,22667150
2025-12-08,121.6500015258789,121.68000030517578,115.25,116.0,24064367
2025-12-09,115.47000122070312,118.0999984741211,115.12999725341797,117.83000183105469,15676171
2025-12-10,118.23999786376953,119.19999694824219,116.5999984741211,117.16000366210938,12269041
2025-12-11,117.41999816894531,118.12000274658203,116.19999694824219,117.56999969482422,14403309
2025-12-12,117.86000061035156,118.13999938964844,116.83000183105469,117.80999755859375,9266231
2025-12-15,117.30000305175781,119.3499984741211,116.66000366210938,118.73999786376953,18895803
2025-12-16,118.48999786376953,118.88999938964844,116.63999938964844,117.02999877929688,11689949
2025-12-17,117.02999877929688,119.5999984741211,116.91999816894531,119.33000183105469,15220726
2025-12-18,119.05999755859375,119.7699966430664,117.72000122070312,118.9000015258789,9535544
2025-12-19,118.55000305175781,119.97000122070312,118.55000305175781,119.81999969482422,9725283
2025-12-22,120.44999694824219,121.83999633789062,120.19999694824219,121.30999755859375,19289471
2025-12-23,121.5,122.62999725341797,120.66000366210938,120.9000015258789,10383838
2025-12-24,121.0,121.55000305175781,120.70999908447266,120.93000030517578,10647989
2025-12-26,120.7699966430664,120.9800033569336,119.44999694824219,120.37000274658203,8339634
2025-12-29,116.5999984741211,120.9800033569336,116.5999984741211,120.54000091552734,25017997
2025-12-30,120.22000122070312,122.7699966430664,119.48999786376953,122.37999725341797,24856697
2025-12-31,122.30000305175781,125.3499984741211,121.54000091552734,123.58000183105469,19366405
2026-01-01,123.69999694824219,124.69999694824219,123.16000366210938,123.94000244140625,7729355
2026-01-02,123.94000244140625,125.80000305175781,123.80000305175781,125.3499984741211,13205239
2026-01-05,126.0,128.24000549316406,124.37999725341797,125.08000183105469,19053073
2026-01-06,124.94999694824219,126.08000183105469,124.55999755859375,125.47000122070312,10801122
2026-01-07,125.44999694824219,126.88999938964844,124.95999908447266,125.68000030517578,10185442
2026-01-08,125.80000305175781,125.83000183105469,122.36000061035156,122.80999755859375,11531254
2026-01-09,123.0,124.83999633789062,122.23999786376953,122.9000015258789,13021675
2026-01-12,122.9000015258789,123.48999786376953,121.11000061035156,123.16000366210938,14550075
2026-01-13,123.80000305175781,124.66000366210938,122.58000183105469,124.5199966430664,14480669
2026-01-14,124.55000305175781,129.0,124.5199966430664,128.67999267578125,34920863
2026-01-15,128.67999267578125,128.67999267578125,128.67999267578125,128.67999267578125,0
2026-01-16,128.67999267578125,132.7899932861328,128.64999389648438,132.36000061035156,34696416
2026-01-19,132.3000030517578,135.14999389648438,125.25,128.0500030517578,86346948
2026-01-20,127.9000015258789,130.35000610351562,125.0999984741211,125.7699966430664,46607190
2026-01-21,125.30000305175781,126.69000244140625,122.79000091552734,123.98999786376953,17178415
2026-01-22,124.73999786376953,126.52999877929688,124.5,125.16000366210938,13651752
2026-01-23,126.5,126.51000213623047,119.55000305175781,120.1500015258789,17868644
2026-01-27,121.2699966430664,123.48999786376953,120.0,122.94999694824219,16104995
2026-01-28,124.0,124.6500015258789,121.75,124.5,14507424
2026-01-29,124.80000305175781,126.23999786376953,124.33999633789062,125.25,32910164
2026-01-30,124.5,126.02999877929688,123.26000213623047,125.19000244140625,14202987
2026-02-02,121.0,122.45999908447266,118.1500015258789,122.0199966430664,15793749
2026-02-03,126.5,129.00999450683594,122.69999694824219,123.86000061035156,15962796
2026-02-04,123.8499984741211,124.38999938964844,122.6500015258789,123.6500015258789,10402322
2026-02-05,123.5,124.94999694824219,123.16999816894531,124.0999984741211,10883117
2026-02-06,123.9000015258789,124.43000030517578,121.25,122.8499984741211,14524956
2026-02-09,123.98999786376953,125.0999984741211,123.0199966430664,123.44000244140625,12646439
2026-02-10,124.0,124.0,122.56999969482422,122.95999908447266,12024413
2026-02-11,123.0999984741211,123.72000122070312,121.11000061035156,122.91000366210938,14591234
2026-02-12,122.8499984741211,122.91000366210938,120.5,120.95999908447266,15324439
2026-02-13,120.0999984741211,120.36000061035156,118.30000305175781,118.76000213623047,14737408
2026-02-16,118.0,120.94999694824219,117.55000305175781,120.56999969482422,12112770
2026-02-17,120.56999969482422,125.5999984741211,119.80999755859375,124.81999969482422,39934490
2026-02-18,125.0999984741211,128.74000549316406,124.83000183105469,128.1699981689453,37051990
2026-02-19,128.1199951171875,128.35000610351562,125.5199966430664,126.0999984741211,18850093
2026-02-20,125.5999984741211,130.39999389648438,125.37000274658203,129.58999633789062,30257099
2026-02-23,130.39999389648438,132.72999572753906,130.0,130.27000427246094,27095411
2026-02-24,130.25,132.10000610351562,129.3000030517578,131.02999877929688,20878598
2026-02-25,131.14999389648438,131.66000366210938,129.50999450683594,130.5399932861328,11964857
2026-02-26,130.69000244140625,132.64999389648438,129.08999633789062,130.47999572753906,25782446
2026-02-27,130.25,130.85000610351562,128.60000610351562,129.44000244140625,17761050
2026-03-02,125.05000305175781,128.6999969482422,124.44999694824219,126.05000305175781,22915402
2026-03-04,124.37000274658203,124.9000015258789,120.38999938964844,121.37000274658203,25000472
2026-03-05,121.5999984741211,123.08000183105469,120.19999694824219,122.19999694824219,14990776
2026-03-06,121.44999694824219,122.37000274658203,118.66000366210938,119.30999755859375,14358834
2026-03-09,116.25,116.25,111.70999908447266,115.06999969482422,25946907
2026-03-10,117.0,117.94999694824219,115.51000213623047,117.52999877929688,18305866
2026-03-11,117.94999694824219,118.44000244140625,115.5,115.83999633789062,14475388
2026-03-12,114.5,118.12999725341797,113.66000366210938,116.61000061035156,13515926
2026-03-13,116.0,116.2699966430664,111.5,111.69999694824219,18650285
2026-03-16,112.0,112.19999694824219,108.19999694824219,110.97000122070312,24727257
2026-03-17,111.5,112.44999694824219,109.9000015258789,112.0,15114617
2026-03-18,112.05999755859375,114.19999694824219,112.05999755859375,113.12000274658203,15704285
2026-03-19,110.5,111.0999984741211,108.55000305175781,109.48999786376953,14054714
2026-03-20,110.5,113.58999633789062,110.5,111.52999877929688,17182097
2026-03-23,110.5999984741211,110.69999694824219,105.19999694824219,105.55000305175781,24198613
2026-03-24,109.0,109.0,106.0,107.26000213623047,19696367
2026-03-25,108.5999984741211,110.8499984741211,108.30000305175781,110.06999969482422,20472368
2026-03-27,109.12000274658203,109.12000274658203,104.5999984741211,105.12999725341797,35661197
2026-03-30,103.31999969482422,103.72000122070312,100.11000061035156,100.55999755859375,26268614
2026-04-01,104.55000305175781,105.75,103.2300033569336,104.0,19568656
2026-04-02,102.0,104.97000122070312,99.79000091552734,104.4800033569336,23212183
2026-04-06,105.0,106.76000213623047,102.27999877929688,106.5,21348893
2026-04-07,105.0999984741211,105.79000091552734,103.5999984741211,104.58000183105469,21560842
2026-04-08,109.0,111.4000015258789,108.55000305175781,111.13999938964844,28565242
2026-04-09,110.94000244140625,111.93000030517578,109.05000305175781,109.58999633789062,21361314
2026-04-10,110.27999877929688,112.30000305175781,110.27999877929688,111.80000305175781,17478112
2026-04-13,109.0,111.05999755859375,107.81999969482422,110.7300033569336,18313227
2026-04-15,113.25,114.05000305175781,112.5,113.08000183105469,14100783
2026-04-16,114.0,114.80000305175781,113.0,113.55999755859375,18424149
2026-04-17,113.61000061035156,114.75,112.8499984741211,114.4800033569336,14471787
2026-04-20,114.9000015258789,115.0999984741211,113.33999633789062,113.73999786376953,16688164
2026-04-21,114.19999694824219,115.18000030517578,113.5999984741211,114.11000061035156,18163650
2026-04-22,113.9000015258789,115.5999984741211,113.3499984741211,114.66999816894531,18835055
2026-04-23,114.19999694824219,114.38999938964844,111.56999969482422,112.70999908447266,17507928
2026-04-24,112.70999908447266,113.44999694824219,111.5999984741211,113.08999633789062,11401908
2026-04-27,113.5,114.54000091552734,113.41999816894531,113.87999725341797,9479881
2026-04-28,112.5,113.0,111.20999908447266,111.38999938964844,20361676
2026-04-29,111.62000274658203,112.62000274658203,110.87000274658203,111.18000030517578,13295763
2026-04-30,110.80000305175781,110.80000305175781,108.11000061035156,109.36000061035156,16391067
2026-05-01,109.36000061035156,109.36000061035156,109.36000061035156,109.36000061035156,0
2026-05-04,109.5,111.68000030517578,108.12999725341797,108.68000030517578,16736881
