time,open,high,low,close,volume
2015-01-01,278.4989890957215,280.77189354380226,276.9391452427004,279.88055419921875,6138488
2015-01-02,280.1925205117761,283.7132945027229,280.1925205117761,280.9947204589844,9935094
2015-01-05,281.88607573413924,282.3763015069824,278.18702278931517,278.7663879394531,9136716
2015-01-06,276.31518502414184,277.2956637016277,266.2430617409654,267.3126525878906,15329257
2015-01-07,267.40176598309256,269.67467011334315,263.07876532606303,267.53546142578125,15046745
2015-01-08,271.85848793587155,273.1954968929332,269.4964442186993,271.72479248046875,8939749
2015-01-09,273.3738078066667,274.3988426874092,269.18450170091205,270.2541198730469,11953948
2015-01-12,271.1008240097655,274.35420679071115,268.38225021234183,273.73028564453125,8536142
2015-01-13,274.6662058799674,276.98369355110873,271.10084860175516,271.9476318359375,9484804
2015-01-14,270.9671465815206,273.64116447541716,269.4073028100809,271.5910949707031,8855660
2015-01-15,285.13941091456616,288.5265162700121,279.88051495914,285.4959411621094,30729523
2015-01-16,285.2285562869111,285.4959471778241,279.07832098227755,281.1729736328125,21598514
2015-01-19,282.15344244435744,283.4013392163271,278.54352918670435,279.1228942871094,9975658
2015-01-20,279.88056734783106,285.05032490868007,279.88056734783106,283.5796203613281,13104643
2015-01-21,285.1394589790268,292.0027830075833,284.3372589864535,290.7549133300781,22617660
2015-01-22,291.37883511918926,292.0027835598814,286.83299888398363,289.3733215332031,12232626
2015-01-23,292.58217077783337,296.4149194839567,289.37334335793986,291.8691101074219,17127278
2015-01-27,293.6071583360467,296.0583413973247,287.5460620105842,294.1865234375,13734088
2015-01-28,294.4985207686497,299.490026653173,292.5375904864747,298.2421569824219,19428852
2015-01-29,296.6376826400365,297.3507703396005,289.774386941387,291.4679260253906,14911660
2015-01-30,292.983255135608,294.58765508450784,273.64118036594226,275.3793029785156,30252827
2015-02-02,275.8695317462208,278.0087407685695,271.947644004995,274.08685302734375,17639807
2015-02-03,278.0978704766047,278.0978704766047,266.5550152925617,267.669189453125,23743882
2015-02-04,269.8084477182265,270.03128256860447,260.1819658609873,261.2070007324219,21477507
2015-02-05,261.2960992394019,265.4408213677859,257.77532547508235,259.2014465332031,15722348
2015-02-06,259.3797161644354,262.81137764333994,254.65562912177145,258.7557678222656,15985714
2015-02-09,258.0427422702632,260.98415124973144,247.79233972757575,249.1293487548828,17088719
2015-02-10,247.34664279008643,259.2014439783385,245.74224301475687,256.0817565917969,22589681
2015-02-11,259.2014527677781,261.60807971389573,252.87296561598032,254.87847900390625,17366588
2015-02-12,257.507926978125,257.5970663514221,248.05972464050288,253.4077606201172,20957180
2015-02-13,256.7057274417989,274.4879579837389,254.34368365390532,273.59661865234375,70540056
2015-02-16,276.8499971915029,279.12290156835115,271.59110066357687,273.373779296875,21372131
2015-02-18,273.46290392434065,274.44338265762167,269.1844858901379,272.4824523925781,13472484
2015-02-19,272.8389516527573,273.9085424388554,264.54948025254123,269.4964294433594,17762135
2015-02-20,269.0953434807187,273.1955099181628,264.7723422064735,269.4518737792969,15792502
2015-02-23,270.2540882988329,271.5019578861863,262.41028608979485,264.32666015625,12440505
2015-02-24,264.6386608204918,266.51047898948445,260.3602426069541,264.0592956542969,15046698
2015-02-25,266.51046488118953,267.9811693641433,262.9451074914746,263.4353332519531,12845169
2015-02-26,264.7278293850117,264.7278293850117,256.7503300431372,257.9536437988281,18707345
2015-02-27,259.6025730267139,268.2931312653765,258.5775382645084,267.3126525878906,18316053
2015-03-02,272.660727632343,272.660727632343,264.4604211540782,269.18450927734375,15085595
2015-03-03,270.5214993106315,272.2150386765557,267.1344205787831,269.71929931640625,14387971
2015-03-04,279.8805243851386,280.7718636347728,260.2710608931862,261.9200439453125,38674148
2015-03-05,262.72224092205886,264.0592497817131,258.2655447232114,261.8754577636719,16803823
2015-03-09,260.27106245798126,262.0537409679674,257.3296537971102,259.0677490234375,13199803
2015-03-10,259.156895417981,261.38524361590004,254.12083393098726,256.34918212890625,14064427
2015-03-11,257.1959535642464,259.2906064363483,252.91753564798884,254.1654052734375,16329314
2015-03-12,256.83939418314515,257.998151505305,255.01215963870135,255.6806640625,9969794
2015-03-13,258.4883722320584,259.42426752677574,249.57498008612535,250.2434844970703,13414248
2015-03-16,250.91201987364542,253.00667272674843,249.5750108867521,251.04571533203125,15132928
2015-03-17,253.05121055202858,253.14034991835928,249.12932324711767,252.33815002441406,11350496
2015-03-18,253.2294873021537,257.10681849430136,251.35766942992566,256.0817565917969,12394230
2015-03-19,258.48840456684275,258.7557954840635,250.1098203418762,251.00115966796875,11046649
2015-03-20,251.17944186710338,251.7142509683324,246.7227446927295,248.01519775390625,11482652
2015-03-23,249.04018416077244,249.57499315784236,243.82584404199298,244.8954620361328,13058026
2015-03-24,244.04870841879773,246.36619621913968,239.77029032702708,241.15185546875,17585259
2015-03-25,242.35515265144875,242.53343139383688,236.20491686029538,236.5614471435547,15824629
2015-03-26,235.75925685028383,237.0071264934978,227.4697982181939,228.76223754882812,22253318
2015-03-27,231.6145090694751,236.16034467529198,228.18284752383317,234.95703125,19423101
2015-03-30,236.2940406433953,240.08223245634568,234.5559182250826,238.78977966308594,12303870
2015-03-31,239.68111805687332,241.8649100924369,237.09623968110415,238.03213500976562,19482636
2015-04-01,237.6756166099154,244.80633094106767,234.5559290900363,243.7367401123047,12383589
2015-04-06,245.51939260990378,245.78678348830647,241.73120102395526,244.80630493164062,12925445
2015-04-07,245.38569855187737,246.32162113833084,240.92900204928958,242.4888458251953,12933524
2015-04-08,242.35516916113764,247.21297960620953,242.31061307326385,244.13784790039062,9913899
2015-04-09,245.11828644536018,251.1793822841306,242.88993838676598,250.33262634277344,13471276
2015-04-10,250.4663638084058,256.12637426715577,249.61958052346375,254.70022583007812,16880558
2015-04-13,256.5274539708799,257.1514023962962,252.56101018550478,255.19044494628906,11985436
2015-04-15,256.1709156433442,262.45487418290355,254.87848994765304,258.4884033203125,17289500
2015-04-16,258.7112200268375,262.2765770642444,255.36869780426858,260.6275939941406,15043998
2015-04-17,259.379774235821,262.85599257393505,257.7753741417747,260.04827880859375,16819018
2015-04-20,259.37972981360036,261.47438255652196,253.89799869598724,256.39373779296875,13788536
2015-04-21,256.1709328992065,260.2710994959535,251.13487083214002,257.7753601074219,15487948
2015-04-22,258.9786563731873,261.38528367639134,245.47486966448085,253.00669860839844,17741741
2015-04-23,254.03171151792668,256.17092049040565,246.232492304657,247.48036193847656,13874710
2015-04-24,248.10428673940058,249.21846080666796,244.538929724145,245.6085205078125,10049508
2015-04-27,246.49985785551934,246.49985785551934,237.1853790460993,238.03213500976562,12394191
2015-04-28,237.9875875770499,243.78129289259604,236.3386044700143,242.88995361328125,12693457
2015-04-29,242.66713778669995,243.69217259783693,240.26051066357996,242.35516357421875,8217676
2015-04-30,240.7507712193907,243.73676357328188,237.72022277724767,240.4387969970703,21635216
2015-05-04,244.227000024555,247.79235768914705,242.1323469563031,247.0347137451172,8012690
2015-05-05,246.90098624336392,246.90098624336392,241.86492463574305,242.4888458251953,7102772
2015-05-06,241.95406628335087,243.87044035719705,234.64507306970853,236.5614471435547,16335660
2015-05-07,235.313575205156,238.21042793021948,231.43624380976772,232.59500122070312,15962706
2015-05-08,235.3135780906284,238.87893533442582,232.015611759509,233.48634338378906,14044596
2015-05-11,234.7787626820315,247.0792611596923,234.06570213326114,246.05419921875,17198308
2015-05-12,245.3857067384329,245.47484611176188,237.4082360535665,238.34413146972656,12792368
2015-05-13,240.5724968743816,245.11833322170628,238.92351355604077,244.494384765625,9245732
2015-05-14,244.22693476223012,251.26850882784584,243.29103950597275,250.4217529296875,13101418
2015-05-15,251.3577046450629,257.0177151367715,251.3577046450629,256.21551513671875,18247889
2015-05-18,258.3992288870909,258.48836824747895,254.3882024832507,258.2655334472656,13266119
2015-05-19,257.77534654221273,259.6917206720076,255.1013285374243,257.1068420410156,14541041
2015-05-20,258.04272048871513,262.76680777249624,257.81988566964026,260.8058776855469,11807544
2015-05-21,262.0537961028343,262.7223006847293,257.10687307741983,258.7112731933594,12118415
2015-05-22,261.16245501777246,271.8585282608212,250.2435469154936,251.7588348388672,69490117
2015-05-25,249.75329357296877,253.40776310025794,246.14335293048748,247.48036193847656,20356833
2015-05-26,248.68369710529504,250.28809717375336,246.00967885685102,247.0347137451172,9675703
2015-05-27,246.90096244234542,251.00112826977744,244.4052235220898,250.2434844970703,12176680
2015-05-28,252.54510259130433,252.54510259130433,249.20553041076414,250.55941772460938,13024987
2015-05-29,251.50714296641735,254.21491775710888,250.10813700919053,251.05584716796875,14809918
2015-06-01,251.5071629074538,254.53085050577783,250.51430656316523,251.10101318359375,11567692
2015-06-02,251.64249950415442,252.22920601583073,239.50266034055866,240.3149871826172,21653784
2015-06-03,240.99195700554498,241.26272346736263,230.2059901487391,232.3270721435547,25967877
2015-06-04,234.58353311903304,235.93742041392346,229.0326007189638,232.50758361816406,20210546
2015-06-05,231.96604806814724,236.47900620176878,230.70242529971532,232.6881103515625,13539638
2015-06-08,233.54555795966854,233.54555795966854,227.94949323841072,230.11570739746094,17384700
2015-06-09,230.16084013137248,233.1393811621684,229.25824860144553,232.50758361816406,15275972
2015-06-10,233.77121056531178,236.97539953772252,233.31991479201966,235.21536254882812,10910978
2015-06-11,236.70465108916517,237.33647623777713,228.03976607415458,229.25827026367188,20857622
2015-06-12,229.30338417008466,230.61213915246697,227.27255319907465,229.21311950683594,11440479
2015-06-15,230.16084501436063,230.70240545278781,224.60991249652534,225.87353515625,13545280
2015-06-16,225.87352609750306,230.8377794183273,224.74528670640666,229.7998046875,9896598
2015-06-17,231.06342547903085,231.8757523252492,228.80694671458718,230.2510986328125,11241061
2015-06-18,231.46962222095328,235.30563644443822,230.34136897100316,232.95889282226562,11598549
2015-06-19,234.58352570863076,237.47182953111962,233.0039905811555,234.80917358398438,12216399
2015-06-22,235.48614796024702,241.35299348554403,235.39588328933735,240.08937072753906,11051382
2015-06-23,243.15817015874615,244.78285155652298,240.31501214377354,241.6688995361328,16180083
2015-06-24,241.62379265007021,241.80429445082794,235.12512183475377,236.794921875,8361760
2015-06-25,235.80205173386642,240.0893617653913,233.81633922761756,239.00624084472656,16506503
2015-06-26,238.37443807998167,240.90168344671645,235.62151727684738,239.36729431152344,14588452
2015-06-29,233.54558320192106,235.3958850170542,230.16086460479175,234.35791015625,15040805
2015-06-30,233.9968741985869,237.69750529759477,232.5076035554853,237.15594482421875,14181965
2015-07-01,237.47185412880094,243.24843482721866,236.97541222465682,241.6688995361328,12072024
2015-07-02,241.80428909518895,244.82797652624632,240.17963519979915,241.75917053222656,8741783
2015-07-03,241.30788597987285,243.69974837157451,240.81144403957643,243.15818786621094,7238541
2015-07-06,237.56210962670886,245.05360855727355,236.47898873666912,244.42178344726562,9458200
2015-07-07,244.0607513336824,247.8967654482583,243.69972022011572,246.31723022460938,12523410
2015-07-08,243.60945880965212,244.60231504390433,239.72832608337654,241.307861328125,12669850
2015-07-09,240.99195583995316,244.873088680086,240.99195583995316,241.6688995361328,6469504
2015-07-10,243.92538526540648,244.60232898029662,240.31501878599252,244.19615173339844,8788162
2015-07-13,245.50493555182848,247.62603149664469,241.8043041760722,247.0393524169922,8423083
2015-07-14,246.94907784064563,246.94907784064563,241.12735075345896,242.07508850097656,10337307
2015-07-15,242.57147658576994,245.23413264904667,241.12732461153357,241.9396514892578,7483918
2015-07-16,243.47409478723463,246.18186970609173,241.9848240908454,245.68545532226562,8354120
2015-07-17,245.8659545367436,247.3101066539238,244.15103594849046,244.69259643554688,5571891
2015-07-20,245.50491305029482,245.50491305029482,240.22474672754743,241.39813232421875,6418930
2015-07-21,240.99192438799147,243.51916950593315,237.83285421811144,238.55491638183594,5638653
2015-07-22,238.01338354743618,243.1581384403561,236.38870236158837,242.39093017578125,11322177
2015-07-23,242.34583661336572,245.5049071092569,241.21759715054742,243.74484252929688,6376216
2015-07-24,242.52637400893462,244.0156446403885,236.56926393820945,237.60723876953125,7796401
2015-07-27,237.56212090485582,237.7426226984927,232.91375211392233,233.27481079101562,6788558
2015-07-28,234.8994771834019,238.19393120071905,233.1845585554064,233.95176696777344,10788886
2015-07-29,234.67379706172048,235.3056221486958,227.72384505707566,228.897216796875,9997136
2015-07-30,228.89723066716104,234.22251549111792,228.89723066716104,231.78550720214844,10536937
2015-07-31,232.86862512569218,247.08444235720248,232.4624479011141,243.74484252929688,20534806
2015-08-03,243.69971440193035,255.4334043546159,243.60944973946664,253.67333984375,21901780
2015-08-04,254.98216106957446,261.7064804060118,249.4763460649302,260.48797607421875,28858887
2015-08-05,260.9392089531264,263.37618948359915,256.56163465582233,257.599609375,10169558
2015-08-06,257.78017935518966,262.4736393828658,254.53084392377625,260.89410400390625,15372143
2015-08-07,260.3976568617687,260.3976568617687,252.90615816759075,253.89898681640625,13845614
2015-08-10,254.57598422474626,258.14123254534843,252.81594689343055,255.2078094482422,14694901
2015-08-11,257.96061597978746,261.25509668800527,241.44320406542298,242.61656188964844,39233644
2015-08-12,241.39813636252924,241.39813636252924,230.20599216982612,231.37936401367188,29724325
2015-08-13,234.44816942776419,237.24620891259244,233.0040173506035,234.0419921875,16360033
2015-08-14,236.38876025445475,243.15819799109386,233.99689776315813,242.3458709716797,14852873
2015-08-17,245.50491510277033,254.44056643024953,244.4217941652354,252.5,27500063
2015-08-18,253.4477085752009,259.9463790699125,248.70910270673895,257.0580749511719,27728824
2015-08-19,256.2457406754428,258.09606991699906,248.7090955728015,250.9204559326172,15452575
2015-08-20,250.60455774334028,254.21492422275426,241.89455412073613,244.19615173339844,14577599
2015-08-21,236.02770297326774,242.70687529221001,231.24397851988044,241.44325256347656,19030056
2015-08-24,229.89009209623325,232.59788083748427,218.7882119696812,221.49598693847656,29561705
2015-08-25,225.64789774425296,229.98034013543355,216.62198183448282,228.6715850830078,23492839
2015-08-26,227.90436412551207,228.62644011287577,221.13492756732856,221.76673889160156,16325529
2015-08-27,226.68587697907233,227.45308535532425,223.93298359095002,225.15147399902344,21076926
2015-08-28,229.70955067815035,230.97317334578722,223.3462774628306,224.70016479492188,16644381
2015-08-31,224.74531314291565,226.86640895666017,221.13494666672423,223.25604248046875,21645114
2015-09-01,220.99954805483685,220.99954805483685,214.546010164234,215.8096466064453,19689080
2015-09-02,219.01383295501333,219.32974550484553,207.68632007961926,208.0924835205078,23655457
2015-09-03,209.98792320878854,212.47005002578348,208.49865262757334,209.62689208984375,14680299
2015-09-04,209.31095238923,209.31095238923,202.18048542129915,203.2184600830078,20466346
2015-09-07,204.978568684577,205.33959983464467,198.7055457156201,199.56301879882812,15424783
2015-09-08,201.2779257215399,207.82171478647788,199.60812576150488,206.10679626464844,16189253
2015-09-09,211.1613058792107,211.65773402266746,206.78374480362217,209.08534240722656,18237115
2015-09-10,205.20419795944667,207.41554454079764,202.27077537108508,205.29444885253906,14195882
2015-09-11,208.40838730887023,210.5746153331174,205.79087727358274,207.6863250732422,13650937
2015-09-14,208.99511493788685,213.01164532619885,207.5960950212955,212.33470153808594,10671222
2015-09-15,212.2895406965008,215.22296338449283,209.9879293714315,210.2135772705078,13193410
2015-09-16,213.37264345993842,214.59114759881885,212.10902076013642,213.7336883544922,11272509
2015-09-18,216.62200171100207,222.44371525249406,216.17070587410413,218.42718505859375,16049395
2015-09-21,216.21582620274216,222.03753942087155,214.13986271382836,221.360595703125,9602436
2015-09-22,223.79759933912118,224.24889516911435,213.23727967177217,214.7716827392578,13667322
2015-09-23,212.1090130232505,218.33688917324943,210.84539036954038,216.48658752441406,13614082
2015-09-24,216.1255575009375,217.9307407145974,214.86193476035757,215.7645263671875,9299508
2015-09-28,217.5245690085037,219.91643116704282,215.40347330379586,216.12554931640625,8588230
2015-09-29,213.0116139636027,221.49596934978132,209.58176318766394,218.33689880371094,24488685
2015-09-30,220.9995416038201,221.49595592729943,212.7408208418068,214.04957580566406,17011911
2015-10-01,217.705081722035,218.33689306013773,211.5674563537781,212.24440002441406,11590498
2015-10-05,214.90706027023262,217.8404828992711,214.13985191980998,216.62197875976562,18307463
2015-10-06,219.05896424013287,219.14922890321193,214.54600653525804,216.7122344970703,10087077
2015-10-07,216.75735238176077,220.45798319722593,215.76450995324967,219.826171875,10608795
2015-10-08,218.83331658273465,221.31544332300012,217.61482626462214,219.60052490234375,9230511
2015-10-09,221.58623162058623,223.66219499718443,217.20865697368248,219.7359161376953,12171416
2015-10-12,220.32261156536393,221.72161750515278,217.795352371062,220.72877502441406,7566962
2015-10-13,220.23233440005077,223.3914047705433,218.47228366240998,220.05181884765625,10200698
2015-10-14,219.9615644321595,222.75960382820986,219.51026864392261,220.45799255371094,7895820
2015-10-15,222.03752246296654,225.55762401742217,221.58622668560278,224.70016479492188,11582401
2015-10-16,225.51251223520848,232.10141976477917,224.15862486242744,231.78550720214844,11738832
2015-10-19,231.65013065697414,232.05630789849036,228.8069726010905,229.70956420898438,8969153
2015-10-20,229.70956959857742,232.0563133431442,228.536197726294,230.02548217773438,8811740
2015-10-21,229.2582430292593,230.97316138545742,224.33912206520878,225.4673614501953,8606466
2015-10-23,228.35565895750554,230.02545881064276,227.45306742012409,228.71669006347656,7544810
2015-10-26,229.93519341767723,231.0634328358209,225.9637961747931,226.776123046875,13085058
2015-10-27,225.7381759703833,227.63361016180383,223.93299268000825,224.56480407714844,6565348
2015-10-28,223.8427227050337,225.15147780506805,217.70509690863045,218.47230529785156,12310403
2015-10-29,217.97584307306028,218.24662327236214,213.41775333091354,213.86904907226562,16114932
2015-10-30,215.44859054996178,216.9829933615271,212.19926937943288,213.95932006835938,8669606
2015-11-02,214.81680035873936,214.81680035873936,210.03306213407478,213.82394409179688,7611610
2015-11-03,216.03531149540058,216.35121030147099,212.1090324078059,212.96649169921875,8323201
2015-11-04,215.8999064333686,217.0732782595327,213.91420768195115,215.71939086914062,8418352
2015-11-05,214.81681167626837,215.71940332196698,210.3941181213274,211.11618041992188,8906564
2015-11-06,212.65057059908247,220.95440994488428,210.30382710523565,219.32974243164062,30821077
2015-11-09,213.01161193198834,224.11349107107014,212.6505808105769,222.12779235839844,22806485
2015-11-10,221.0446795833264,223.165775373921,216.71225087714552,217.70509338378906,11767845
2015-11-13,217.97588053851172,218.246660784355,214.54602956022626,216.84764099121094,9082062
2015-11-16,216.1706713971575,225.06120347508264,215.8096402942022,224.1134796142578,14051479
2015-11-17,225.64788749042825,227.13715803888346,222.66933262106377,223.7073211669922,11273394
2015-11-18,223.4816921509443,224.47453467626826,216.12556213411094,217.5245819091797,10397889
2015-11-19,219.3748800272778,221.13493080367337,217.88559569920915,220.14207458496094,7325199
2015-11-20,220.18719845319896,225.5576152403592,218.42714774445952,219.28460693359375,13718619
2015-11-23,220.14206703445876,221.36057109995375,217.11839369473077,219.0589599609375,10552151
2015-11-24,218.87847644716723,220.23236393034557,217.16355781079025,217.8856201171875,6651669
2015-11-26,218.38203560893626,221.04467808350958,217.52457634050822,218.8784637451172,13629888
2015-11-27,219.32974512444406,226.099181702359,219.14922957019047,225.37710571289062,15149912
2015-11-30,225.33198919005383,228.35567658263992,221.13494372627187,224.4293975830078,12865469
2015-12-01,226.4150924203495,227.36280251562914,225.0160727844052,225.82839965820312,9501537
2015-12-02,226.14431214957523,226.23456303972299,220.00668694891974,220.77389526367188,10881754
2015-12-03,220.36771552352778,220.68362806655136,216.98299730164817,217.6148223876953,7155630
2015-12-04,216.62196620029582,218.56253247185865,214.86191547940916,217.6148223876953,11115170
2015-12-07,219.28465047745013,219.28465047745013,214.8168243227086,215.40350341796875,7531729
2015-12-08,214.90707196131652,216.57685820828777,212.37981265047713,212.96649169921875,8254434
2015-12-09,212.47003535515043,214.99729433062484,210.84538165962365,211.56744384765625,7408777
2015-12-10,213.01163924261934,213.68858301139886,208.13764961638935,209.35614013671875,11713559
2015-12-11,210.21357755874354,211.11616915628636,203.1733741158733,205.15907287597656,12872949
2015-12-14,202.9928430925614,205.5201022991836,202.18051617050108,203.94056701660156,12464883
2015-12-15,204.8882859135897,205.02366913979313,202.18051120988585,204.3467254638672,10404430
2015-12-16,205.56523634037987,207.23503630481602,203.30875734652278,205.15907287597656,13030720
2015-12-17,207.59607453267725,209.76228893186223,206.24218709007283,208.4084014892578,14539096
2015-12-18,207.55091921994403,209.71714715177305,203.80516988572523,204.43698120117188,18871084
2015-12-21,204.79800988170416,208.4986406136993,204.4369787835623,208.00221252441406,9557098
2015-12-22,209.08533751072537,209.6268979768056,205.33958789977726,206.10679626464844,9155574
2015-12-23,207.82171182555186,208.49865551228004,206.60320768045932,207.2801513671875,7914311
2015-12-24,208.3632566241997,208.49863984238868,205.42983420217476,206.0616455078125,7257958
2015-12-28,206.73859218306274,207.55091904904617,205.79086832444625,206.6031951904297,8756879
2015-12-29,206.5580978460542,207.55094036506213,205.3395936494818,205.97140502929688,7263286
2015-12-30,206.69345052641808,207.3252618128379,202.94770136428738,203.80516052246094,11702877
2015-12-31,203.94057260281926,204.48213308066335,202.1805217085085,202.58668518066406,11558305
2016-01-01,203.08312268769566,206.60322463863344,202.63182685950076,205.61038208007812,6449426
2016-01-04,204.84317857862365,204.84317857862365,198.61530150907117,199.2019805908203,14092071
2016-01-05,201.0974122570832,201.0974122570832,195.86237819597176,196.53932189941406,15074848
2016-01-06,196.67468455501051,198.4798675753317,195.32079728976964,195.7269744873047,11921123
2016-01-07,193.15460673794036,193.2448714089495,188.6416486365866,189.13807678222656,14342279
2016-01-08,191.34940349051286,191.80069925346217,188.28059781143895,188.59649658203125,11745840
2016-01-11,186.65593875570977,187.28775009793483,182.91017549027848,184.3994598388672,19287860
2016-01-12,184.89589613866187,185.03127937068282,179.25469859687274,179.9767608642578,20318816
2016-01-13,181.7368352216507,182.6845454413236,175.10278104920621,181.33065795898438,23788247
2016-01-14,177.81053845662314,181.87220050258662,175.3735439835359,176.9530792236328,20256636
2016-01-15,178.53262805684153,178.53262805684153,163.36908584289904,166.34764099121094,29090426
2016-01-18,166.889181320643,169.82260402046063,161.69927962096563,163.36907958984375,35653244
2016-01-19,164.40707426900556,169.50672568782196,163.82039516719655,165.129150390625,24501774
2016-01-20,163.05315666756766,163.05315666756766,154.79444956146247,156.73501586914062,28655794
2016-01-21,159.75872475109318,161.24799548979053,155.2908987625453,158.49510192871094,28697205
2016-01-22,162.37620196458496,167.3404551113588,160.9320638580862,166.61839294433594,21432409
2016-01-25,169.59697659523906,170.40931739673212,164.72298687610672,165.129150390625,17534650
2016-01-27,166.43788146972656,168.0625490645736,163.41420794698084,166.43788146972656,16569813
2016-01-28,166.25735427992223,167.7917571006677,164.72295145917678,167.205078125,20241030
2016-01-29,166.25736727480358,167.65638698665285,160.75156686738222,162.376220703125,24259147
2016-02-01,164.22653894409183,164.22653894409183,155.3360199433106,155.92269897460938,22915269
2016-02-02,156.23860180662635,160.11973442863933,152.1769398578141,152.8990020751953,35957332
2016-02-03,151.45487096974009,151.45487096974009,147.34807649665927,149.87533569335938,24132003
2016-02-04,152.80874240011195,153.2600381462597,144.595154311242,146.98703002929688,23811109
2016-02-05,147.75422570369577,152.80874360953624,146.40033845453706,151.81588745117188,22732245
2016-02-08,152.94413953666933,159.66844401185764,152.13181262864288,155.38113403320312,22289005
2016-02-09,151.63538281565346,155.60678018993886,149.9204643523153,150.77792358398438,19008384
2016-02-10,148.9276036676371,150.01071075800186,142.60946290597977,143.51205444335938,32294785
2016-02-11,143.96335234557017,151.18408475161758,137.3744312705611,139.22474670410156,72749830
2016-02-12,140.93968188101866,142.2935693679543,133.80921329213984,139.72119140625,41187889
2016-02-15,143.51207357890544,153.44058181392404,142.60948192117647,151.50001525878906,35956266
2016-02-16,154.1175080464749,154.1175080464749,140.48837005432037,141.16531372070312,33816243
2016-02-17,139.9017000854473,144.27927491968362,136.51698153499294,143.46693420410156,32447698
2016-02-18,146.17469716156677,147.7542323567079,141.1653113596285,144.234130859375,21024178
2016-02-19,142.51920436181507,149.19839028864365,141.7971421188753,148.65682983398438,24592575
2016-02-22,149.7850837284786,150.5522921510525,147.75425248661853,148.8824920654297,15815058
2016-02-23,148.92762145033396,148.92762145033396,142.60947993425918,143.06077575683594,20200068
2016-02-24,140.8042930011558,145.04647086913548,140.1724816203852,141.0750732421875,19440950
2016-02-25,142.24844669504637,142.699742510992,136.29133641558187,137.01341247558594,22713124
2016-02-26,140.35298865760038,143.24127891728523,137.69034628964803,140.71401977539062,30051402
2016-02-29,142.78999457341862,147.93476416260063,138.09652080385703,143.2864227294922,66981910
2016-03-01,144.86593405020608,147.03214811580733,143.1058834003484,146.26495361328125,23588231
2016-03-02,155.69704408227668,165.35477101868645,155.69704408227668,163.50445556640625,53333757
2016-03-03,166.07684785396717,166.61840830160313,161.11259424963663,164.9486083984375,33507048
2016-03-04,165.53530524145046,171.35703247719204,161.11261160824563,170.0482635498047,38860711
2016-03-08,168.7394636797533,168.7394636797533,163.73007853045115,165.49014282226562,27928279
2016-03-09,162.46647267869633,166.0768387382229,161.29310095485948,165.5352783203125,29453018
2016-03-10,166.75379998796203,166.75379998796203,161.92492936430835,162.91778564453125,20472928
2016-03-11,162.46646752013083,164.85832944964042,160.25512113337524,162.55673217773438,21869157
2016-03-14,164.67783186256761,165.53529111348206,163.0982965894525,164.0460205078125,14369755
2016-03-15,163.95574626799214,168.0625404928117,163.95574626799214,167.25021362304688,22369600
2016-03-16,166.9794270818958,167.79175392088047,163.91062149856117,167.15994262695312,19237834
2016-03-17,169.68722292013337,170.86059476928486,166.97944808630146,168.1979522705078,21560986
2016-03-18,168.6492237204357,173.2975643382353,167.88201545266546,172.62062072753906,21144216
2016-03-21,174.20019941872388,178.08134651259607,174.20019941872388,177.6300506591797,20678069
2016-03-22,177.6300294554403,178.93878451963013,175.5540660230419,178.2618408203125,16728809
2016-03-23,177.72029040285767,178.35211557591757,176.27615202611292,177.44952392578125,13362780
2016-03-28,176.72741334937348,178.93875970600374,169.37128457339765,169.95797729492188,19760603
2016-03-29,170.1385155831289,172.62064246829394,168.46871562412693,171.04110717773438,16804848
2016-03-30,173.5232380038152,178.98392002968765,171.94370267738256,178.30697631835938,20709407
2016-03-31,178.57773458169942,179.39006142634682,173.6134813095238,175.32839965820312,30132473
2016-04-01,174.83197504356104,178.03617770090713,173.29757221076892,176.59202575683594,21752206
2016-04-04,178.08130145849665,178.2166846712874,173.79399193571902,175.73455810546875,15732565
2016-04-05,175.01249969522942,175.5991924784686,165.44503732866266,166.39276123046875,36635637
2016-04-06,166.9794420918807,167.43073788131824,164.45218291653973,165.94146728515625,16350631
2016-04-07,165.89631646748364,167.56610243888147,163.3690575737309,164.2265167236328,19430601
2016-04-08,163.9557726759001,166.03173628822356,162.64701749827967,165.26454162597656,15805231
2016-04-11,165.9414597968107,170.4995360464763,164.2716599422622,169.91285705566406,18990364
2016-04-12,170.13852526487364,171.71806064531677,168.15282639823624,169.5067138671875,14563344
2016-04-13,172.89140714199303,174.92223804709292,172.21446350695976,173.20730590820312,17573045
2016-04-18,172.80113718939953,172.84626951817688,167.52098526132394,168.5589599609375,13985439
2016-04-20,170.0031285708284,170.27389502522246,166.16711437909575,169.05540466308594,20163005
2016-04-21,171.94368772926458,178.17156382307527,171.4923919609463,175.41867065429688,31008152
2016-04-22,174.74175262704185,181.8722213031456,172.89143695110428,180.65371704101562,34049763
2016-04-25,181.37578419982916,182.8199363080992,176.72744284235316,177.85568237304688,23835613
2016-04-26,176.86280534567496,181.78192636840242,175.59918272839852,181.37576293945312,21809451
2016-04-27,181.33064501565133,181.33064501565133,176.45665593611645,177.0433349609375,22801603
2016-04-28,177.58487436109533,178.89362925755051,172.5754888736742,173.3426971435547,24555479
2016-04-29,173.2073078832944,175.10275559198288,168.28818683378353,170.5897979736328,21021661
2016-05-02,169.32618634236766,170.0933809238223,167.43073851062405,167.8820343017578,14469844
2016-05-03,168.78463660081442,170.90573246280147,165.7609490992508,166.1219940185547,16247931
2016-05-04,165.62555914623024,166.43788607992735,161.69928016429952,162.42135620117188,17826594
2016-05-05,162.69212974361344,164.90347632544353,161.11259450338417,162.7823944091797,17742028
2016-05-06,163.32394163283254,166.9343079083191,162.5567470627643,166.39276123046875,18336962
2016-05-09,168.3333169316847,170.95082680662762,167.02456199421323,170.3190155029297,13863696
2016-05-10,169.3261886569659,171.7631832079097,168.51384795834815,171.04110717773438,13845979
2016-05-11,167.34046225125925,170.13850147144214,166.16710429355703,166.97943115234375,18128414
2016-05-12,168.8748965361341,171.0411109013646,167.34047977393618,170.13851928710938,17398341
2016-05-13,169.64208074496807,169.64208074496807,166.34762706388312,166.84405517578125,15546644
2016-05-16,166.9794338626873,166.9794338626873,158.08890173993566,159.57818603515625,30937008
2016-05-17,161.11259208551616,161.2028567497278,158.17916954054178,159.62332153320312,22183140
2016-05-18,159.66844905760186,162.87265200266023,156.64477545110273,162.42135620117188,25345278
2016-05-19,163.36907636259795,163.36907636259795,155.15548745638054,155.8775634765625,25480517
2016-05-20,156.5996238154291,157.68273085101637,153.9369816693116,154.6590576171875,16720624
2016-05-23,155.5165451671305,155.87757632074283,151.8159138665532,151.99642944335938,16193112
2016-05-24,152.35743132715353,153.80156930607737,150.19120370009009,152.98924255371094,14816798
2016-05-25,154.79444255053048,158.6755887625563,154.7493102209522,158.0437774658203,18900887
2016-05-26,158.04379168905095,167.43073864307723,156.59963964729866,166.2122344970703,30700988
2016-05-27,166.07685351452997,182.68453335700104,163.8203745265608,176.81768798828125,85585820
2016-05-30,180.69882172408992,184.03840763378872,175.64431741473476,179.48033142089844,46075949
2016-05-31,179.43519740698306,185.66307340253982,177.0884539397698,184.9861297607422,39457647
2016-06-01,185.88871833731974,188.00981389032032,177.44949600011967,178.9387664794922,41868032
2016-06-02,178.57776058773172,182.59429061110487,176.5017970716479,181.01475524902344,23499884
2016-06-03,183.80381877961048,184.85542708680984,178.6829107845095,179.78025817871094,24568749
2016-06-06,180.55750836957336,185.2669175138055,180.2374603784227,181.88345336914062,23623536
2016-06-07,183.30085879544524,193.08543679285904,183.02652196398765,192.17098999023438,66063192
2016-06-08,192.17098641376998,193.77126828858056,189.79343314320465,192.67393493652344,35163093
2016-06-09,192.03380801165292,194.59426157581152,190.47925140413324,191.9880828857422,27858182
2016-06-10,191.43943435583813,193.40548930406658,187.73592219551577,188.33030700683594,25598224
2016-06-13,184.26101780204633,185.26691479570513,183.07223425136314,184.5353546142578,21192525
2016-06-14,186.86718450596155,190.7535828931876,186.3642360416507,189.93057250976562,23918910
2016-06-15,191.805220642228,198.9379086343732,190.70788724805593,197.5662384033203,48362742
2016-06-16,197.5205078125,199.8066248010706,194.82289255665683,197.5205078125,48122379
2016-06-17,198.20636777978504,198.89220296241405,193.49697177374014,195.18869018554688,26486677
2016-06-20,190.2049523288277,198.16063744806496,190.1135020588672,197.4290771484375,32633757
2016-06-21,196.60606669488354,198.8921837494752,194.91433449314522,195.69161987304688,18960306
2016-06-22,195.69162710299304,196.83468567251987,193.35978483048797,194.68572998046875,16395548
2016-06-23,194.77716115265966,199.34939498253428,194.54854946116592,198.93789672851562,20666649
2016-06-24,188.28458408905556,194.1827769096963,185.17547065689718,193.1768798828125,47224652
2016-06-27,192.76539915872007,200.12669910670917,192.53678744575984,198.57212829589844,29021651
2016-06-28,198.2063625830452,199.9438060854773,196.97185370533936,197.4290771484375,21784062
2016-06-29,199.25795360196034,200.08096410001482,197.61196051255325,198.6178436279297,18019568
2016-06-30,201.17828116438506,202.9157243749194,199.25793744465784,200.08094787597656,30600995
2016-07-01,201.909848586575,202.09273514898095,200.1723913603428,200.81251525878906,15346865
2016-07-04,203.32726125117816,205.15615493833658,203.00719927458485,203.92164611816406,16534518
2016-07-05,204.15026401460037,205.887707488703,202.59570712408456,204.37887573242188,15357018
2016-07-07,204.74464149615238,205.38476544558762,200.5839195449318,201.22402954101562,12917872
2016-07-08,201.31545168010635,201.95557558447652,197.97772653692107,199.6237335205078,16017389
2016-07-11,204.47031316580075,206.1620313994755,203.00719268224594,205.4761962890625,15831791
2016-07-12,205.75052747823906,207.7623076229117,204.97324212642545,207.30508422851562,19374179
2016-07-13,207.5794182454242,208.95108841004154,204.79035278669886,208.2195281982422,18377333
2016-07-14,207.57943804510708,212.92895777871158,206.66499118147226,212.15167236328125,21208021
2016-07-15,212.97467809044966,214.34634844471194,211.0543479664939,211.6944580078125,15068302
2016-07-18,212.51741245144703,213.84337136002839,208.67673901260878,209.1796875,11816985
2016-07-19,210.3227586029064,212.2888135911151,207.57941827330325,209.9569854736328,19767339
2016-07-20,210.91716621077845,212.83751023028725,209.5912210322376,211.3743896484375,18051608
2016-07-21,211.83160599499885,212.24311823779814,205.20186637087426,206.3449249267578,13306837
2016-07-22,206.1163192065245,206.5735426421675,203.09865569396223,204.37887573242188,12341622
2016-07-25,203.92163081747157,211.2372050172015,203.64729399431158,210.23130798339844,18427070
2016-07-26,210.32276142219993,212.33454156687256,206.57352400681174,207.30508422851562,14162638
2016-07-27,208.26526215032246,211.23721429955867,207.39654046660056,209.63693237304688,17626617
2016-07-28,210.4599277648341,215.03216181537016,209.68265634825357,211.23721313476562,26838284
2016-07-29,210.32276729787324,212.7917709059172,208.8596468135911,209.7740936279297,15577230
2016-08-01,211.05432355538454,212.74604175796125,206.0248661714767,207.853759765625,16071228
2016-08-02,209.6826704056725,211.14577702792215,207.85377666284649,208.53961181640625,16145066
2016-08-03,208.9511165004032,210.78001029909382,206.48211266284133,207.25938415527344,14838944
2016-08-04,208.90537888260727,209.13399059378398,204.10453294789636,206.3449249267578,17810908
2016-08-05,207.89950163483772,213.88911747523693,207.48798938034147,212.83750915527344,21264296
2016-08-08,213.93483350231207,215.71800203359658,211.87732813082582,213.2947235107422,16972827
2016-08-09,214.20916896538077,217.63834456247864,212.74604846261184,215.03216552734375,19854185
2016-08-10,216.49530424773047,216.63246570181576,211.2829596922043,211.6944580078125,16279843
2016-08-11,211.69446348107837,211.7859137550679,206.75645565940513,207.71661376953125,16673286
2016-08-12,207.5794234385408,226.73708109296945,205.20185617904977,222.4849090576172,86616475
2016-08-16,224.2680850043485,226.69136352193368,221.89051766557148,225.63975524902344,27709873
2016-08-17,225.3654122050171,228.42881458179485,223.39935715644984,225.18252563476562,18294050
2016-08-18,225.77691982418753,228.97748377282807,225.45687180133436,227.14859008789062,14314950
2016-08-19,233.18394231150646,237.75617647447717,231.81227206261525,236.38450622558594,39822529
2016-08-22,237.5732730095654,238.1219466836824,232.26949260873968,233.0010528564453,19769886
2016-08-23,233.09249897203767,233.9155095178347,229.52616180030589,232.95533752441406,17583721
2016-08-24,233.13821771479152,234.2812902115115,231.8122725951542,232.63526916503906,11560293
2016-08-25,233.09246223124578,233.68686096841117,227.33145908549352,228.74884033203125,21230706
2016-08-26,228.8860444764929,229.25181762737105,224.81675887123066,225.50259399414062,16531983
2016-08-29,224.81675395395578,228.47454119613786,223.35363347574255,227.74298095703125,11786129
2016-08-30,228.74887598722773,231.26360484716602,228.428827958883,230.66921997070312,15323228
2016-08-31,231.58366227858136,233.91550451174083,229.70904346551782,230.8978271484375,15601566
2016-09-01,230.39487240272888,233.0467765400138,229.66331215956922,230.4405975341797,12175873
2016-09-02,230.44057864491168,233.3668054243358,230.12051670434266,232.81814575195312,11380257
2016-09-06,235.19573551046312,239.1278457112948,234.09838815331346,237.84762573242188,16620963
2016-09-07,240.40807383917303,247.17497501976388,238.12195668987184,243.9744110107422,30862337
2016-09-08,245.07172273231427,248.36373652946136,244.06582575169998,245.39178466796875,14339143
2016-09-09,245.4375271331904,245.4375271331904,240.81958173771818,241.5054168701172,11455826
2016-09-12,235.47005673190608,236.61311525973088,230.25771263569527,231.12643432617188,18989750
2016-09-14,233.18393415027944,235.92727455204744,231.35504054910078,235.51576232910156,12754966
2016-09-15,236.2473597043372,236.2473597043372,232.45239673735614,234.09840393066406,7783662
2016-09-16,235.88156242288076,239.5850607876427,231.72081275296756,232.5438232421875,18013477
2016-09-19,234.09836699617853,236.20158334947982,233.36680680864546,233.77830505371094,11433295
2016-09-20,234.46415295894914,234.46415295894914,231.94942426945698,232.6809844970703,9914599
2016-09-21,232.72670180613275,234.32698364566411,229.2060761778236,229.66329956054688,12817180
2016-09-22,235.8358154296875,236.33877789513505,233.2753756469204,235.8358154296875,20797370
2016-09-23,236.65881527790242,236.65881527790242,232.08659533556934,232.77243041992188,12730223
2016-09-26,232.223759582956,232.6809829780606,229.2060823845955,230.1205291748047,8800173
2016-09-27,231.49221447074268,232.17804960816738,227.0571556207406,227.697265625,11345387
2016-09-28,228.61170275457974,233.9154970491562,226.8285342637642,232.04087829589844,17277539
2016-09-29,233.18393225134685,234.7842141393463,222.66779413020768,226.0969696044922,27870695
2016-09-30,225.73120036426172,230.89781925334265,224.77102842422119,229.7547607421875,14826293
2016-10-03,231.35503681384535,234.69276200076808,231.03497485746618,233.45826721191406,9314647
2016-10-04,233.91549528739932,239.5850626823418,232.08660167913717,237.52755737304688,21532806
2016-10-05,239.58505547741083,242.23694554830155,237.3446497119837,238.533447265625,20868556
2016-10-06,238.9906751938407,239.5850600286019,233.77831730534703,234.82992553710938,11081154
2016-10-07,235.24142387675383,237.66470215653493,233.41253039666245,236.5673828125,11934100
2016-10-10,237.16177759113197,238.0304852867077,234.14408647798737,234.6470489501953,9399844
2016-10-13,233.13819655115756,233.5039836238412,224.8167394828435,228.2916259765625,18050638
2016-10-14,229.5261312052458,231.85797317748302,227.7886879846337,230.5320281982422,12133951
2016-10-17,232.0408666022045,234.50988403020867,230.4405847635686,231.5379180908203,16865537
2016-10-18,233.09247790572738,235.65294562567493,232.0865948229092,234.92137145996094,20218355
2016-10-19,235.92728045714713,235.92728045714713,233.04677854453405,233.54971313476562,9546481
2016-10-20,233.82401705795266,238.5791370800041,233.4582439613907,237.9390411376953,14179531
2016-10-21,237.52756476632862,237.52756476632862,234.18983940870055,236.38450622558594,8833390
2016-10-24,237.11604325296145,242.23695089649843,237.11604325296145,240.45379638671875,14483254
2016-10-25,241.41393553128364,241.9168700676274,238.44198367341747,239.0821075439453,9079178
2016-10-26,238.12194506687064,242.19124455668106,234.82993095122313,236.6131134033203,15020687
2016-10-27,235.92728045714713,236.01873072083532,232.5438300009513,233.54971313476562,10938008
2016-10-28,234.0069175973993,236.65880758940176,232.26947435482526,235.92726135253906,11430184
2016-11-01,235.01283800617398,238.5791751027481,234.5556145859285,236.7960205078125,10000632
2016-11-02,232.36093439029227,234.09837770598864,229.11464550252737,229.57186889648438,13716294
2016-11-03,229.66330748106552,231.17215306809874,223.9023038227501,224.63385009765625,12902390
2016-11-04,225.18253903227676,226.23414733880253,219.74158301181188,222.07342529296875,12657669
2016-11-07,226.78280656293387,232.1780371054698,224.49668956129142,231.08070373535156,11224419
2016-11-08,231.99514505319925,232.36093213682778,227.37718602834886,231.03497314453125,9367228
2016-11-09,214.8949948824369,238.7163225141712,214.8949948824369,237.75616455078125,31761606
2016-11-10,244.1572790122589,259.88577406636523,242.55699722098007,257.2338562011719,50227559
2016-11-11,254.9020511501438,264.0922305311721,247.3578648829198,249.64398193359375,57937113
2016-11-15,251.61005960802052,259.1999856417824,247.54078763646038,254.39913940429688,48658808
2016-11-16,259.70287638069465,260.4344226162701,252.52446382897278,253.48464965820312,27532708
2016-11-17,254.21622195369247,258.0569098509258,252.02155511528895,253.71328735351562,19500760
2016-11-18,254.35337760714685,256.04510980685404,251.33571426138985,252.2044219970703,13389671
2016-11-21,253.43892092566895,253.8504331416713,233.96121556444797,235.3328857421875,26002028
2016-11-22,238.48771040696772,240.1794425408534,229.6633045115169,235.3328857421875,25631435
2016-11-23,237.57326042914087,238.07622289824027,232.95531538882392,236.5216522216797,16190033
2016-11-24,235.74436935904828,240.49950379059217,232.77243126935923,239.3564453125,28927720
2016-11-25,240.95672126383346,241.871168023848,236.24732603109862,238.62489318847656,19303589
2016-11-28,231.766551442604,235.69867568998404,226.78281889860733,231.85800170898438,22315183
2016-11-29,232.49809906704007,234.55560436851832,230.44059376556186,231.08070373535156,12656706
2016-11-30,232.26946566066746,237.89330737780443,231.08068214023822,236.247314453125,16501691
2016-12-01,237.43609203802623,238.67060072657264,232.8638583076321,233.77830505371094,12986151
2016-12-02,232.22377125783524,239.03639739672343,231.3550495541323,232.36094665527344,21139754
2016-12-05,232.635254517169,235.74436797802585,231.53792117529895,234.92137145996094,8406973
2016-12-06,236.3845080774998,237.8933397817603,234.4184529533602,236.9331817626953,10048459
2016-12-07,238.07624277300238,240.27090962976425,230.1205440221995,233.7326202392578,22193202
2016-12-08,236.33878750698943,238.21339229132298,235.9729864602594,237.6647186279297,9047721
2016-12-09,238.48770019286928,244.3401816925986,236.6588067008789,243.83721923828125,16004173
2016-12-12,245.89473291142593,246.30624512401985,239.85937859802084,241.09388732910156,14296268
2016-12-13,242.23694640796677,243.92867853207866,239.17354411404,243.3800048828125,9084137
2016-12-14,243.242871986244,243.47148370803558,239.85940734104685,240.4080810546875,8672531
2016-12-15,237.66471083687577,244.61451189639385,236.84171432211593,242.6941680908203,12274497
2016-12-16,243.5628976039817,243.5628976039817,240.5452065829775,242.0997772216797,11017555
2016-12-19,240.81957048078996,241.87117871997125,238.53345347965603,238.9906768798828,8371299
2016-12-20,239.44789469829,240.40805265370315,231.58364681637403,232.77243041992188,12765309
2016-12-21,234.18983290814282,235.92727626050382,232.36093929372032,233.50399780273438,8778450
2016-12-22,232.49808776466867,232.49808776466867,227.10285748440972,228.42880249023438,12981595
2016-12-23,228.38308527516716,230.25770398100883,226.5999168294546,227.83441162109375,10557157
2016-12-26,226.78280775593885,227.0571445882493,222.75924739322224,223.3079071044922,8592983
2016-12-27,223.67369452164738,228.5659765659518,222.30202431146563,227.46864318847656,8756536
2016-12-28,227.92586944610875,230.89782160538599,226.0055255464661,226.55419921875,11747088
2016-12-29,226.46273803710938,227.5600853287707,224.4966830540253,226.46273803710938,10658616
2016-12-30,226.5541943161071,230.71493003972694,226.09697091688184,228.79458618164062,10538497
2017-01-02,230.89781779277487,231.94942603504518,221.84480002303218,222.75924682617188,25988990
2017-01-03,223.1250319786594,225.31969884301046,220.47314168812252,223.94802856445312,15963085
2017-01-04,224.77101405579012,225.31967373406107,221.47900017276405,222.11911010742188,11225978
2017-01-05,224.03949610112605,224.86249275036053,222.85071231073525,224.35955810546875,11970913
2017-01-06,224.95392279958514,227.6972633215313,224.49669937926078,224.8624725341797,12354302
2017-01-09,225.31966376648026,227.10284601369005,224.95389066381384,225.9140625,8329253
2017-01-10,226.50847050144088,227.69725413700303,225.3196868658787,227.05714416503906,9352013
2017-01-11,228.29165685938048,231.53794605767982,227.6972719717188,230.57777404785156,13415303
2017-01-12,231.26359239557192,232.68098774007453,229.1146507666108,229.7547607421875,11282323
2017-01-13,230.44060475161987,230.98927843951196,227.78871448462834,229.43470764160156,9333736
2017-01-16,229.57186911866626,234.46415106673066,229.25180716124635,233.86976623535156,13234727
2017-01-17,235.42436308435936,236.5216826087617,232.63528332475653,234.09840393066406,9480201
2017-01-18,235.10425605912565,237.11602208854507,234.64703270152592,236.247314453125,8048897
2017-01-19,235.19574082748036,239.58507454190266,234.5556168702215,236.29306030273438,13029151
2017-01-20,236.38449467577368,238.2133882516017,228.88603380554886,229.57186889648438,15341756
2017-01-23,229.52612984386263,233.3668033294645,228.70313336600145,232.40663146972656,9339939
2017-01-24,233.2753840430173,235.0128273800509,232.2694869826184,233.0924835205078,13540202
2017-01-25,233.68687336565088,238.67060543952257,232.45236465272703,237.0246124267578,16343545
2017-01-27,238.03047293004047,245.25462443070742,237.29892670787905,243.6543426513672,18039379
2017-01-30,243.10568366871428,244.98028841755954,240.865277880064,241.3682403564453,11884795
2017-01-31,238.80777919653653,241.27679674979848,237.43610897954701,238.07623291015625,8899165
2017-02-01,239.58505802172598,248.63807562517613,239.21928488852924,247.54075622558594,27253142
2017-02-02,248.59237329997217,251.47287519817445,245.71187140176988,249.91830444335938,20139955
2017-02-03,249.6439959150095,254.7191648890617,248.72954904352596,253.80471801757812,15366890
2017-02-06,256.04508692856234,258.33120377613875,252.38729997244,253.3474578857422,14725291
2017-02-07,254.07902942678106,256.045084314283,252.66162025173585,254.12474060058594,10981984
2017-02-08,254.30764614990053,255.35925432855277,249.27818903689413,253.48464965820312,13622088
2017-02-09,254.9477692961788,256.3194395640708,247.677933620373,252.2501678466797,16080181
2017-02-10,254.9020489706902,258.60554739843553,251.4728734239993,252.70738220214844,37580487
2017-02-13,254.03332749189607,254.44483974311083,247.08355365536266,248.40948486328125,19853043
2017-02-14,248.72953498305947,249.6439818028501,245.16319796721635,247.0835418701172,13306738
2017-02-15,247.7693997893558,249.1867813278045,244.20303453856647,245.9405059814453,12201568
2017-02-16,253.30173744864473,253.30173744864473,246.58054858121278,247.3578338623047,21794688
2017-02-17,247.9522522860139,250.2383693602104,244.79742746764424,246.30625915527344,17830528
2017-02-20,246.80917809917378,248.31800969113058,245.0717348142932,246.58056640625,9229363
2017-02-21,246.90063231246572,248.2723024919794,245.66612356956313,247.54075622558594,7754157
2017-02-22,248.63810255960172,251.1985705827513,246.44343561597654,249.00387573242188,12617613
2017-02-23,248.4552228809795,249.64399263561054,246.5348788947495,247.31216430664062,13146194
2017-02-27,247.6321975841514,248.22661036625504,244.70598438729505,245.3003692626953,9645350
2017-02-28,245.89470138190543,248.04365661502484,245.0717049689462,246.16905212402344,7941592
2017-03-01,246.9006639636758,249.91832758277215,246.71776342028005,248.50094604492188,7656892
2017-03-02,249.64396785161946,251.1985385210681,243.70006385515234,244.43161010742188,14220808
2017-03-03,243.471462321123,245.89474077790834,241.6425687074432,242.37411499023438,10120034
2017-03-06,243.79150634837896,247.22068162173377,243.56289466348863,246.76345825195312,9515073
2017-03-07,247.63219552725533,247.72364579348886,243.60863497330897,244.88885498046875,11599142
2017-03-08,244.88881467715044,247.174931423228,243.242821782654,246.8091583251953,9122987
2017-03-09,245.98617517413726,250.46695865730754,245.4375015440817,249.87257385253906,15594429
2017-03-10,251.01564383511243,251.9758018018558,246.44340988547467,248.77523803710938,9557026
2017-03-14,254.58196145745276,254.58196145745276,250.37550096096047,251.1527862548828,15734886
2017-03-15,249.3239300390596,256.5023434495591,249.3239300390596,253.62184143066406,20055974
2017-03-16,254.21622901493012,256.228023284924,252.4330464616763,255.40499877929688,18005184
2017-03-17,255.54218754471367,255.58789872527467,250.1012175361811,250.6956024169922,14265642
2017-03-20,251.2442500575199,251.2442500575199,248.5466209233394,250.4669647216797,9678185
2017-03-21,250.92416509074738,253.34744322763308,247.03776667472565,249.049560546875,11898233
2017-03-22,247.17495707051705,247.81508098851853,243.97439329391258,244.61451721191406,9887203
2017-03-23,245.9862151474482,246.35198832469086,243.88299844827455,245.52899169921875,7998170
2017-03-24,246.44340090208416,255.08493391457765,245.6661155776392,252.8445281982422,20133467
2017-03-27,252.38730752740685,256.7766408434641,251.65576127696417,255.5421600341797,15966114
2017-03-28,256.6394950468067,258.697000396578,254.67343996058784,257.9654541015625,18673371
2017-03-29,258.92557161823765,265.09808670245855,258.92557161823765,263.77215576171875,31008407
2017-03-30,264.2751145366015,268.618736661338,264.13795310347626,266.14971923828125,19683170
2017-03-31,267.0184556461733,269.761795943908,263.8178919654829,268.2986755371094,20185269
2017-04-03,269.57893065654076,270.40195517877424,267.20139107983505,268.0700988769531,10509610
2017-04-05,268.2072402488918,273.1909865639527,264.869514948363,271.9107666015625,21936647
2017-04-06,270.1733438540882,272.0936599909077,266.51555630707304,267.7957763671875,18413111
2017-04-07,266.74415087066114,269.57891371189066,263.0406244735121,264.6866455078125,10765502
2017-04-10,265.0066992027792,265.509661739421,262.0347467918484,264.59521484375,10307875
2017-04-11,264.5494611889111,269.89898081538416,264.0922377662502,269.3045959472656,11682024
2017-04-12,268.847377712754,270.17333682673984,264.3665936655488,265.3267517089844,13251421
2017-04-13,265.4181943861471,268.0243734524162,265.1895826769428,266.6069641113281,9944020
2017-04-17,266.1954613043757,267.70429289906787,263.81789411231796,265.0981140136719,8146800
2017-04-18,266.1497022159624,271.49922101930883,263.72642403006836,265.4638671875,13457050
2017-04-19,266.6069783514329,266.78987889124653,258.69701837181645,259.7486267089844,18149995
2017-04-20,259.61142124837005,262.35476144030076,258.0568785502957,260.4344177246094,14514929
2017-04-21,262.4462180157519,262.4462180157519,255.35925568257395,258.056884765625,12042308
2017-04-24,259.0170443694986,263.2235050403345,256.8680889054813,261.5774841308594,10077853
2017-04-25,262.9034430934893,264.092212716971,260.61732619702417,261.5774841308594,11531902
2017-04-26,262.53768318149224,264.7323499311876,259.10850766424886,261.94329833984375,13836891
2017-04-27,261.94329648911867,263.3149666863246,257.0052614538158,257.9197082519531,22622372
2017-04-28,258.78842213114757,265.8753842213115,258.3311987704918,264.9609375,14152004
2017-05-02,265.4181922457191,267.475697611965,262.5376903143154,263.635009765625,9754789
2017-05-03,264.6408797191066,268.11579405864023,261.34886588938514,265.00665283203125,13950914
2017-05-04,268.8473863869452,274.33406774178076,268.02438976506073,273.46533203125,24534923
2017-05-05,275.2484727807947,278.8148095378105,267.1556134316472,270.6762390136719,34756331
2017-05-08,270.7677065567715,275.0198786503239,268.7559124081199,273.7853698730469,11560550
2017-05-09,275.1570443394476,275.1570443394476,269.9904253543127,271.13348388671875,7843574
2017-05-10,271.5906780902972,272.64228624567056,267.9328911799902,269.25885009765625,8699405
2017-05-11,270.58479407501204,273.7853577749013,269.25886300050695,272.5965881347656,11934889
2017-05-12,274.33404015146306,276.7116074141161,270.67625294944355,272.4136962890625,13376269
2017-05-15,272.87091743366284,276.1629314696077,272.047920901352,275.6142578125,10383539
2017-05-16,276.1629255589431,282.0153793271964,273.7396471908422,281.1923828125,17533439
2017-05-17,281.64959074305074,282.3811369589244,279.3634739350714,281.32952880859375,14120513
2017-05-18,278.76912063507336,281.55817229316943,276.1629415982527,277.03167724609375,15471393
2017-05-19,278.4033525550992,288.3250784777504,276.1629466267375,281.6496276855469,55250969
2017-05-22,282.5183411065541,282.9298254095469,268.1158044610904,269.1216735839844,35771221
2017-05-23,269.76181234156826,270.58480889957497,262.67484947496774,264.1379699707031,19846852
2017-05-24,265.23530655694657,265.6011076345521,257.5539583412011,258.9256286621094,16435958
2017-05-25,259.8400365731021,266.4240642887013,259.29136294568553,265.281005859375,15018467
2017-05-26,268.0491503851594,268.51050864744025,263.2510131938094,266.1575927734375,12304394
2017-05-29,266.5728193674971,268.37212799612803,261.40560079003933,262.051513671875,10619968
2017-05-30,261.49788600875615,267.3571422119111,259.3294963072325,266.5267028808594,9643418
2017-05-31,266.6651084670775,268.97190006281346,265.00422978177846,266.0191955566406,10697171
2017-06-01,265.6962520916359,268.87960741656434,262.60514589800863,265.2348937988281,12186700
2017-06-02,267.49553158283413,268.04916716404136,264.21989897922725,264.86578369140625,12004368
2017-06-05,265.7885160499469,267.35714559662955,264.5889956853616,265.05035400390625,7917410
2017-06-06,269.4332453177875,270.30983734529417,264.4505813444107,265.0964660644531,12346121
2017-06-07,265.9269448366653,268.9718984612754,265.00422820386507,268.0953063964844,10864355
2017-06-08,269.43328224159325,269.43328224159325,265.5117361815701,266.2960510253906,8370299
2017-06-09,266.0191682761921,267.034162106043,263.7123769170192,266.2498474121094,10804887
2017-06-12,264.5890405860746,264.8197197844931,262.3283731779401,262.92816162109375,10326846
2017-06-13,263.3433466270385,264.8196990129335,261.1288321277358,261.91314697265625,9171049
2017-06-14,263.8046546985352,264.1737356848811,260.7597013623393,262.2360534667969,11566255
2017-06-15,261.91311181407474,263.7123922836298,259.6063203204843,262.051513671875,11925641
2017-06-16,262.69743429733074,264.4967148199238,261.3594839279787,263.850830078125,19246907
2017-06-19,264.4505904736918,267.4494195062672,263.2510419652157,266.5267028808594,14848661
2017-06-20,265.3732927893851,268.51052351478756,263.52785963808077,267.6800842285156,14927701
2017-06-21,265.97308037977757,269.84850166108464,265.97308037977757,268.41827392578125,10537576
2017-06-22,268.7412221808182,273.0318489374691,268.5566675886512,271.74005126953125,26110402
2017-06-23,271.9707022285066,272.70886420247757,265.5578109632208,266.61895751953125,20648597
2017-06-27,266.89577412015467,267.08032870210485,255.40794129111066,258.0376892089844,25523129
2017-06-28,256.14612000096827,256.93043470055613,252.59365565041693,255.03884887695312,17241351
2017-06-29,255.7308853974177,257.71472034187144,250.65594438835842,251.39413452148438,30457363
2017-06-30,250.97891181217096,253.516382427919,248.85667492444827,252.5013885498047,12235472
2017-07-03,252.9166051842384,254.20840268767864,251.48637767476188,253.608642578125,8951033
2017-07-04,253.74707511929802,255.08502550628512,251.02504977711473,251.90164184570312,7856082
2017-07-05,252.7320837688155,254.3007133310265,251.30188423079994,253.65480041503906,10048734
2017-07-06,253.79321073882574,260.85201584496053,253.37800512963315,259.28338623046875,16115817
2017-07-07,258.914269652114,260.5751481790635,257.62247211347835,258.4529113769531,5914038
2017-07-10,262.143828127766,264.81970100787635,261.3133887041566,263.48175048828125,2095795
2017-07-11,265.28100254580437,267.3109901767409,261.1287781581309,261.6362609863281,12400820
2017-07-12,262.6974364244806,266.1114710678302,261.3133614763202,265.41943359375,7524835
2017-07-13,266.572850115952,267.5878441220238,264.4044602300439,266.4344482421875,8434324
2017-07-14,266.4805549734838,270.90961175098744,265.050355441867,269.0641784667969,13750192
2017-07-17,270.1714024522402,271.37095089765336,267.2648508668251,270.35595703125,10549310
2017-07-18,269.29487390704196,273.493223618748,267.5878423841549,268.51055908203125,11913832
2017-07-19,268.9719032772738,271.27869490057805,268.87962598052616,270.6327819824219,9006728
2017-07-20,270.3559743440478,271.5093701390309,267.63394900425675,268.46441650390625,6256500
2017-07-21,268.55664202528106,269.6177885906175,265.97304693533266,268.18756103515625,7266604
2017-07-24,268.32597607926704,273.40091738045663,268.2337269465062,271.7861633300781,11195781
2017-07-25,273.12415335881445,274.32367384979887,271.878480135666,273.2164306640625,10846999
2017-07-26,273.3548089535565,276.4920399477059,272.432092298861,272.9395751953125,12527914
2017-07-27,274.04686828895865,276.6766165962747,273.3087061699941,275.29254150390625,22286060
2017-07-28,274.04681718807916,277.50700427378723,272.75501964122975,275.9845275878906,15766196
2017-07-31,276.26134487599734,289.5946110322058,274.969547265625,288.34893798828125,41547584
2017-08-01,289.73302906616607,290.4711911249966,284.15060457868145,285.11944580078125,14888804
2017-08-02,286.0421281412921,287.7030066539667,281.7053491284235,283.9198913574219,17005571
2017-08-03,283.27398176073285,283.6430627501046,275.98452662411194,277.32244873046875,14459919
2017-08-04,277.09178231217203,282.62808188411617,274.6004644002427,281.65924072265625,9615344
2017-08-07,282.1667219493979,287.7030214892219,281.5669617977321,287.1494140625,11420767
2017-08-08,286.96486453320665,287.7030265545491,277.9222530559193,280.1828918457031,13578680
2017-08-09,279.35242852496214,283.6892074651145,276.9072353604395,278.93719482421875,15852734
2017-08-10,277.92221314537124,279.02945601838115,269.43321032360154,273.7699890136719,14519518
2017-08-11,271.74004300674676,279.5831342310501,256.00773599103934,258.4990539550781,67652562
2017-08-14,259.69862787511,260.57519184937615,255.13116892191778,256.6997985839844,23773509
2017-08-16,257.4840502928353,261.9592313360421,253.00889740870386,261.2210693359375,21074533
2017-08-17,261.86695552605215,262.69742297970686,258.3606437671284,259.14495849609375,12134114
2017-08-18,256.5151894750604,258.0376660829359,254.66975645725424,257.1611022949219,12653217
2017-08-21,257.43791003308877,258.9603866649106,252.2245673076026,253.42408752441406,9247153
2017-08-22,254.66978141324577,255.59249801256914,250.24075300012404,252.73207092285156,11814388
2017-08-23,253.51638175937012,258.08384011930195,253.008898901189,257.43792724609375,11317821
2017-08-24,258.08384374030123,259.69859778690176,256.0538559609445,258.637451171875,14138226
2017-08-28,260.2983346756449,260.2983346756449,257.4379078455464,257.7608642578125,10505317
2017-08-29,256.93043377729543,259.1449478582936,254.71589153722292,255.5924835205078,10335964
2017-08-30,256.51520147172835,257.6685971617991,254.6697683676152,255.22340393066406,7648702
2017-08-31,255.45410655704467,257.8993000130091,253.0089131010802,256.2845458984375,14222467
2017-09-01,256.1922459624086,258.729716489634,255.22340484291607,256.3768005371094,8255209
2017-09-04,257.391817126346,257.9915773085143,255.0388728068097,256.2845458984375,7168751
2017-09-05,256.6074889605321,257.89928655295364,254.62365392655528,255.17726135253906,9565430
2017-09-06,254.62365264998394,255.26953736341872,252.5013876110757,253.05502319335938,7306781
2017-09-07,254.11613886746412,255.5002137285713,251.9939020107298,253.00889587402344,16102724
2017-09-08,253.6547843537929,254.1161426476918,250.14847258379157,250.7943572998047,7077895
2017-09-11,251.5325475392791,252.3629868367256,248.71824505022494,250.01007080078125,14489224
2017-09-12,250.97891368810133,254.3468236259978,249.594838796439,252.31686401367188,8375133
2017-09-13,253.7009491099045,255.22342592015625,251.440282098962,252.27072143554688,10150073
2017-09-14,252.2707057193212,254.30069344590845,251.25571185602757,253.00889587402344,8015217
2017-09-15,249.82551018309198,253.28569730474146,249.0411954703698,250.51754760742188,18404860
2017-09-18,251.9016168673728,252.82433341267452,248.62598439518135,249.50254821777344,17538678
2017-09-19,249.5487373541106,249.87166566482782,245.85787063434014,247.103515625,14331316
2017-09-20,247.4264552652264,251.02504444041637,246.78057052864565,249.1796112060547,12355806
2017-09-21,248.90283130667063,250.42530823891784,246.68831684530383,247.7494354248047,8509419
2017-09-22,246.59600618906026,246.7344080443485,240.9213048496397,241.61334228515625,12860892
2017-09-25,241.29040043780194,241.56720416511314,234.73910668702516,238.7529296875,13937050
2017-09-26,238.5222440943021,239.58336256580773,236.21545256534367,238.29156494140625,11728345
2017-09-27,239.81404080901729,239.81404080901729,230.21779371676686,231.04823303222656,17080769
2017-09-28,230.90983815472998,233.95480586938137,230.21780067774276,233.03208923339844,17776419
2017-09-29,235.0159138168273,235.75408990837755,233.49343706762946,234.2316131591797,10073641
2017-10-03,236.58452343781724,236.58452343781724,231.23277858364747,231.87867736816406,10547836
2017-10-04,232.20162241832318,234.9697721665863,231.92481870712703,233.6318359375,14063896
2017-10-05,234.09321411882476,234.46230923100964,229.9409891436324,232.155517578125,13476692
2017-10-06,232.66298398959333,237.9686044152253,232.61685942343556,236.90748596191406,11932139
2017-10-09,236.9536031355813,238.61450985158146,234.6006871534247,236.999755859375,8009211
2017-10-10,236.9997484712001,238.24542142959916,235.9386160045357,237.09202575683594,9742878
2017-10-11,237.27656344749596,238.47611189963223,231.0943651635342,232.2938995361328,14192548
2017-10-12,232.52456826039418,233.4011461581668,229.29506036788868,231.78639221191406,13404759
2017-10-13,231.6941352410919,235.61568064467386,230.86368188437564,232.61685180664062,15697555
2017-10-16,234.9236546599354,235.01591787326052,230.77142991277697,232.5707244873047,12171830
2017-10-17,232.57071826752335,235.01591158808588,231.27890659967667,231.74026489257812,13505216
2017-10-18,226.98826735276444,228.64915992978962,223.8048981265294,224.9121551513672,20677891
2017-10-19,224.95832675405953,226.29626310841553,222.51311913309533,223.98947143554688,3458869
2017-10-23,225.14285930540154,227.9110092148942,223.57424383926343,226.94215393066406,8901335
2017-10-24,226.98828020642094,235.56954727403462,226.94214156120313,234.7852325439453,17197805
2017-10-25,258.2222471653475,302.6971705661901,258.2222471653475,299.7906188964844,262677081
2017-10-26,304.49645900875095,324.1503100993225,292.9625022281165,295.73065185546875,112804243
2017-10-27,295.4999902869624,298.59109651974967,286.13442245613066,287.010986328125,27580765
2017-10-30,287.8875732421875,297.43769548636357,286.5957756607363,287.8875732421875,28530254
2017-10-31,288.810319372755,289.5946341785861,280.7826730339065,282.166748046875,16455750
2017-11-01,285.4885203410427,296.6072726533374,285.4885203410427,295.13092041015625,34907283
2017-11-02,295.269312403592,298.17586406574964,289.3177790618267,290.05596923828125,23110527
2017-11-03,291.070941899522,302.18966487004207,288.4411941459374,299.88287353515625,26898400
2017-11-06,298.5910969849331,304.49647758507075,296.60726192945157,303.5737609863281,17143407
2017-11-07,303.52765051931755,306.06512128372896,291.1171004261108,292.68572998046875,21883541
2017-11-08,293.4238894233395,294.6234097831375,282.95105000235776,285.6269226074219,20242447
2017-11-09,288.94869625241415,293.42387737245707,284.3812660000808,289.4562072753906,21846178
2017-11-10,290.6557427670455,312.3395838941108,285.58080122666854,307.7721252441406,82984969
2017-11-13,310.7247970933584,318.1526540304757,304.26578126662196,305.4653015136719,38777555
2017-11-14,304.81944192087786,308.8332648611764,302.1896939145391,303.6660461425781,25647162
2017-11-15,302.6510357568894,305.5575873282275,297.3454154654196,299.8367614746094,17389606
2017-11-16,302.0973981130965,308.3718876580998,298.63721099017835,307.6336975097656,22506014
2017-11-17,318.33721381293407,319.9058432315842,310.03276475694446,311.4168395996094,26518142
2017-11-20,311.0477305967696,311.09385515707504,305.64983356464376,307.26458740234375,13507662
2017-11-21,309.1100754711304,309.47915649659393,304.4964922551434,305.09625244140625,14189920
2017-11-22,305.2807992754577,313.40069426560996,301.72833465761244,309.3868713378906,22861716
2017-11-23,309.57144775676903,310.63256631249516,306.0189828884003,309.06396484375,13338423
2017-11-24,310.03275314740074,310.95546967462514,305.8805287748909,306.7109680175781,11716981
2017-11-27,304.4041881190323,310.95548133990764,302.6971568478143,309.7098083496094,13114683
2017-11-28,310.0327854386295,310.67869833859066,305.60375691027974,306.3419189453125,16054996
2017-11-29,306.6648592768749,308.9716507139522,301.91287454831064,303.4814758300781,11264624
2017-11-30,300.62107401516016,301.26698693531404,293.88525371790973,295.59228515625,27276288
2017-12-01,296.65339071516223,297.3915527410251,287.195545443528,288.5796203613281,16425620
2017-12-04,290.3789159784303,291.5323116914697,287.1032552579534,289.3639221191406,13887727
2017-12-05,288.34893808680704,295.91522548583526,284.93487539622885,294.4388732910156,15130931
2017-12-06,292.2243819435842,292.8702667199907,287.4262439747564,288.2566833496094,18658202
2017-12-07,288.348951006458,293.19321338336647,288.3028264379278,291.9475402832031,12278558
2017-12-08,292.13209615605405,294.2082086124013,287.9798712433595,288.902587890625,16418832
2017-12-11,291.5323299066413,294.6234080834599,290.74801514095486,293.79296875,14014369
2017-12-12,293.19319844714454,295.73066908673434,290.3327713670646,293.839111328125,17658856
2017-12-13,291.71684508842117,294.30046844287864,287.1032621258996,289.08709716796875,17540585
2017-12-14,290.0098054151401,291.02479926950247,285.5807771621996,289.7330017089844,13894451
2017-12-15,293.79295701955596,294.6695490448659,287.4262181718031,288.1182556152344,16050711
2017-12-18,284.19666871297443,298.4987737943092,277.1840180090218,294.2542724609375,32119915
2017-12-19,294.761819042769,297.3454141706919,293.79294975049163,295.0847473144531,14741481
2017-12-20,294.34659933255415,294.34659933255415,292.03980780173475,292.9625244140625,9895770
2017-12-21,292.1320754394623,293.60842760220675,291.02480427763516,292.2704772949219,9916409
2017-12-22,292.5934496718713,298.8217869385707,292.03981406079373,295.13092041015625,13821639
2017-12-26,293.97753784270384,295.2232109838876,291.855272597963,292.63958740234375,9329690
2017-12-27,292.03978010091106,295.54609163154214,288.85639682670296,290.5173034667969,14276027
2017-12-28,290.93253485338863,292.0398060451524,283.87375844335423,284.5657958984375,20353152
2017-12-29,286.0421369080227,287.8875700493648,285.16554490225525,285.9498596191406,11939569
2018-01-01,286.5957800553425,288.57961510289175,282.6280818011682,283.36627197265625,12182400
2018-01-02,285.1194327685426,285.1194327685426,278.0606563269619,279.8138122558594,14797364
2018-01-03,281.7054022432455,282.76654899433123,278.798850218505,279.44476318359375,13857373
2018-01-04,280.96721452561536,286.2267105931739,279.7215414402381,284.6580810546875,24517099
2018-01-05,287.33399427673567,287.33399427673567,281.98224831663777,282.6742858886719,14580575
2018-01-08,283.4585739195748,285.58081100916183,281.42858597025645,282.166748046875,13557197
2018-01-09,283.73535823105146,285.5807914553185,279.85993719646024,280.78265380859375,15574755
2018-01-10,281.10561938813856,282.2128906223059,276.814992634125,277.8299865722656,13064599
2018-01-11,277.64545260141637,279.5831633255878,276.8150131936513,278.8450012207031,12298455
2018-01-12,281.1056276556379,281.1056276556379,277.3224836798913,278.89111328125,17594228
2018-01-15,280.4597233414811,281.65924366429977,278.2451809623142,279.21405029296875,18189668
2018-01-16,279.02949088841837,279.9060829116194,272.47819747454747,273.26251220703125,18040940
2018-01-17,273.12411213575047,284.5657922825951,269.9868813443847,283.36627197265625,26277307
2018-01-18,290.6557324339512,293.2393276808447,277.27634157588045,279.8138122558594,40000111
2018-01-19,280.45971112657963,286.04213507983025,279.1217608440279,285.35009765625,18461642
2018-01-22,284.5196840183606,284.8887650457136,280.5519855368524,282.8126525878906,12622645
2018-01-23,282.7203487673452,295.77678247870296,282.67422420290734,293.5161437988281,35252217
2018-01-24,293.14710891609076,305.97286550451156,291.763033856353,304.40423583984375,38070520
2018-01-25,307.0339510865047,307.0339510865047,287.7491796252833,288.9486999511719,42466150
2018-01-29,288.94869957122154,292.40888684413034,286.9648644999024,287.9798583984375,23600898
2018-01-30,287.9336742652471,294.2081633978207,286.964833198143,289.3177490234375,25810404
2018-01-31,288.81030594931536,292.1320914578641,284.0583209241372,289.0409851074219,16409938
2018-02-01,292.4088804929918,292.87023878602554,281.42855875060303,282.39739990234375,19515991
2018-02-02,279.49084726442976,282.1205951569061,272.66275018435243,274.3697814941406,23274673
2018-02-05,270.0330217612061,277.184075792629,267.58782827259955,275.01568603515625,18940578
2018-02-06,262.9742682684969,274.32367279329486,261.036557502071,269.2026062011719,30577218
2018-02-07,273.6777264022168,274.87724661870044,267.58779171752064,270.17138671875,21463818
2018-02-08,270.26368981003907,279.85993693546277,269.9407333642783,278.1067810058594,18932796
2018-02-09,274.0468301718364,277.3686155633102,272.20139697202603,273.4931945800781,15750824
2018-02-12,265.973089890253,269.80235857949367,263.1126624764431,266.4344482421875,50839665
2018-02-14,266.3882653554926,266.3882653554926,253.7470380161498,254.85430908203125,45641149
2018-02-15,253.56248538294128,260.4828591997145,253.05500256667383,257.1611022949219,26058237
2018-02-16,258.82202342388473,259.46793635024926,249.17962305230498,250.65597534179688,30338112
2018-02-19,250.51758554128295,250.97894389402933,236.8152368328997,247.7494354248047,43847791
2018-02-20,248.2107562214156,253.00889362761566,244.3353353810944,248.81051635742188,33458021
2018-02-21,251.163470543487,252.9166264569757,246.734413954642,252.17843627929688,23714454
2018-02-22,249.50257437970868,252.45527889791381,248.62601046520328,251.53256225585938,25584062
2018-02-23,252.31685606374614,255.77704318387939,251.44026406301577,254.7158966064453,15482147
2018-02-26,258.36064403484505,258.36064403484505,252.68594266375197,253.2395782470703,15306032
2018-02-27,251.90165556717136,254.57752832782742,245.39651418703517,246.9189910888672,20824909
2018-02-28,243.82785303201248,248.856669589964,240.64446960959182,247.2880401611328,26810799
2018-03-01,245.7194202502778,249.13348294688404,241.05971266619798,241.89015197753906,22859175
2018-03-05,240.32154418010992,244.5198933494611,238.75291473272856,243.1358184814453,18484565
2018-03-06,245.30421212716465,245.44261398443848,235.29273145124742,236.72293090820312,20778164
2018-03-07,235.33887108204266,235.615688877287,227.03442170193986,227.58804321289062,31262500
2018-03-08,227.9110018013453,238.01475990596657,225.41966977974832,236.95361328125,33133336
2018-03-09,237.13815027445938,237.50723125785774,232.20161116416847,233.67796325683594,21536191
2018-03-12,234.46231001486868,235.52342854692762,228.14169523301803,233.3089141845703,25332474
2018-03-13,231.8786841126399,242.1208299124051,230.31006871046372,235.0159149169922,37647221
2018-03-14,232.98593131271065,237.92247053867607,230.6791399135749,237.1842803955078,25471485
2018-03-15,237.13816830655048,238.79904693767404,233.0320822159828,234.09320068359375,18339890
2018-03-16,231.2789159842761,235.9386377475656,230.77143310512258,232.80140686035156,25728297
2018-03-19,233.35502683626666,234.00093973187688,227.08056510352333,228.78758239746094,18167594
2018-03-20,227.77261189172899,232.7552761963264,226.38853690939206,229.84872436523438,20556571
2018-03-21,232.2939123492087,234.6468425791799,228.00328563773186,228.83372497558594,19533972
2018-03-22,227.91102050944204,228.2339769800363,222.05176394550102,222.88221740722656,26828240
2018-03-23,219.42201954559704,221.12903687983322,214.39321667951648,216.65386962890625,27150262
2018-03-26,216.60772575084385,228.695319060342,216.14636744253534,227.44964599609375,30373940
2018-03-27,230.67913997903426,235.754081058573,228.83370685920198,234.69296264648438,31205051
2018-03-28,232.52457874078777,236.39999965009773,229.4796112032747,230.5868682861328,36673566
2018-04-02,232.34003554404268,232.52457604245458,225.97328275230058,227.12667846679688,14993188
2018-04-03,230.26392499596147,233.26275387628675,229.06439062792384,231.1405029296875,19883309
2018-04-04,232.24778341641957,233.44731790535886,226.52694286863874,228.18783569335938,18824449
2018-04-05,233.07822208230888,241.6594753198248,230.67915325662472,239.26040649414062,22880821
2018-04-06,239.58337913113553,241.24428604227018,235.15435035293294,239.62953186035156,24868860
2018-04-09,240.5060729980469,242.44378346440146,237.6917986686555,240.50607299804688,20208874
2018-04-10,240.92131898534853,244.51990822936148,238.5222501029809,242.95127868652344,21201141
2018-04-11,242.6744551890808,242.6744551890808,236.49224297576708,237.1842803955078,14885838
2018-04-12,237.59950362642735,237.59950362642735,232.75524190200503,234.18545532226562,18660913
2018-04-13,234.37002895308896,236.16932360355338,230.4023445446683,231.5557403564453,25654020
2018-04-16,230.07941093920246,231.8787056582832,228.00329839883102,229.75645446777344,16408377
2018-04-17,231.97095118866991,232.9859450961516,227.54192270393798,228.9721221923828,15922452
2018-04-18,230.21777641827646,230.58685740196188,226.3423697714313,227.4034881591797,16142387
2018-04-19,228.0032704734441,229.2489293973776,226.2501005396872,227.12667846679688,13166927
2018-04-20,226.84989068480016,226.84989068480016,220.99063441199857,222.5592498779297,15546939
2018-04-23,223.2051495166209,225.9271748674278,220.80609470107024,223.712646484375,12111837
2018-04-24,223.29742816478122,224.58922583639838,221.08291384785505,222.00563049316406,9486349
2018-04-25,221.17518463658135,222.14403996323225,218.4531732556396,218.86839294433594,13124853
2018-04-26,219.97562893457714,220.3447240174783,214.5316066975092,215.17750549316406,24495144
2018-04-27,215.22363820971765,226.80373388535483,215.22363820971765,223.85104370117188,31401889
2018-04-30,225.88102275203613,230.40232838528243,225.60420496071666,227.35736083984375,17263193
2018-05-02,226.89601598400043,227.265111087463,221.2213142838221,222.3747100830078,12887066
2018-05-03,222.32856120900152,224.5892140555178,220.29858751171219,223.20513916015625,12939642
2018-05-04,224.6814953045877,225.05057631803663,221.7749436049473,223.25128173828125,12777310
2018-05-07,223.7126408828872,229.01826142843504,223.34355986805568,227.44964599609375,15122614
2018-05-08,228.83370898044868,233.0782108272236,225.6964782794672,230.72528076171875,23293920
2018-05-09,230.49461773083254,230.49461773083254,227.26510951545131,228.83372497558594,11429823
2018-05-10,229.06440019850274,230.86369478596703,227.26510561103845,228.78758239746094,13160967
2018-05-11,228.46463507089757,232.1555014592511,227.034421529503,231.00210571289062,11958589
2018-05-14,230.6330068146986,236.0309044502706,228.97211415148124,234.0009307861328,18673849
2018-05-15,233.44730814041628,237.55340842074608,226.89601441454178,228.83372497558594,18026861
2018-05-16,226.52692262934224,229.47961289862366,222.00561697446173,224.31240844726562,17222004
2018-05-17,225.3273731306704,226.98826569556974,222.51308490674884,223.94329833984375,11721064
2018-05-18,224.22013746133877,225.142854076406,219.46815252555777,220.390869140625,11873041
2018-05-21,224.7276204223468,226.75759403318608,221.72879161010732,225.5580596923828,18780730
2018-05-22,224.81988063040674,239.62949807790818,222.37468741717794,234.27772521972656,68713602
2018-05-23,234.96976534026498,248.90279096689005,234.64682299340566,242.8590087890625,71202072
2018-05-24,243.4588083760792,248.85670673502764,240.5061036548707,247.7494354248047,34679642
2018-05-25,247.1034851624011,247.65712073393087,242.25922318989677,246.31919860839844,22317308
2018-05-28,246.7344131162652,253.00890288937322,245.4887400749141,251.02503967285156,18959368
2018-05-29,249.59483164641824,250.01006536565222,242.48990280911943,243.8739776611328,16107543
2018-05-30,240.36767853697484,247.28805315896068,239.8601956616598,246.5037384033203,19320209
2018-05-31,246.2269285535006,253.56250857477767,242.81286589466615,248.71824645996094,31935892
2018-06-01,248.4414629939768,248.94894589802132,244.15083611726135,246.0885467529297,16574717
2018-06-04,247.28805205486574,247.61100850093177,241.10583948986357,242.67446899414062,12933824
2018-06-05,240.73675247140991,244.75057526592735,240.73675247140991,243.18194580078125,14102731
2018-06-06,242.6744779731764,250.425292170162,241.93631591977865,249.2718963623047,18315171
2018-06-07,250.10231391783734,251.8093451965282,247.6571206500733,248.81051635742188,18773700
2018-06-08,248.1646507303043,252.7320811870054,246.36534202491842,251.90164184570312,14096549
2018-06-11,252.17842795604665,256.8842881067799,252.04002610201113,252.8243408203125,18219428
2018-06-12,252.82433970201424,262.4205863800567,252.82433970201424,260.9903869628906,31358021
2018-06-13,262.0515134999704,267.2648566402497,261.7285570592644,265.465576171875,26748300
2018-06-14,264.40444903797885,264.40444903797885,259.5601865477208,260.7597351074219,18513730
2018-06-15,260.89813855430833,261.54405148721634,255.22343666319202,256.00775146484375,16949917
2018-06-18,256.51520472019894,258.12995870674695,254.1622887462875,255.45408630371094,13542420
2018-06-19,254.66979320702907,255.31570612009807,248.90281419418872,251.53256225585938,20726975
2018-06-20,252.08618714627852,253.516386616975,250.1484766486011,252.17843627929688,14002946
2018-06-21,253.51637886066115,253.51637886066115,247.3803192716449,247.88780212402344,12954943
2018-06-22,248.21077800883438,252.54755751276838,245.21194890649716,251.94776916503906,20784133
2018-06-25,250.84050833343625,252.0400286258558,246.54988186091975,247.70327758789062,10934401
2018-06-26,246.596034164167,250.24077633499564,244.8890026644235,246.73443603515625,16867009
2018-06-27,246.68828821757867,246.68828821757867,240.8290321858398,241.47494506835938,16277655
2018-06-28,240.27539917139032,241.75175137649714,235.9386339282539,237.13816833496094,21349738
2018-06-29,238.29157040323327,243.08970815707437,238.2454458352274,239.3065643310547,16244724
2018-07-02,238.9374768775655,241.5210721160359,234.37001840486386,238.84519958496094,21896701
2018-07-03,239.53724364285148,240.73676400254254,236.58453915258235,237.5995330810547,16099030
2018-07-04,235.98477623960395,238.38384509027742,234.83138046130676,237.55340576171875,14206935
2018-07-05,237.9685984041449,238.70678855755338,235.43112782989562,236.63067626953125,11215032
2018-07-06,236.30772948571533,240.64448065787337,235.80023253423704,237.32272338867188,16174019
2018-07-09,238.24545429067635,242.12084739024738,238.01477512430625,241.33653259277344,13220744
2018-07-10,243.4587934099738,245.2119494108227,242.12084300562526,243.36651611328125,11487165
2018-07-11,242.35151469653076,242.35151469653076,237.96861074998728,239.0758819580078,12857179
2018-07-12,241.1981135794271,244.05854067090124,240.9674344294546,242.44378662109375,10642215
2018-07-13,241.8440384951327,242.1208422252408,236.95362337696378,237.83021545410156,11976239
2018-07-16,237.13818191654025,237.59954024711718,231.60188194961714,232.155517578125,8965623
2018-07-17,231.3250637207799,239.7679296029296,231.09438455590487,239.0297393798828,16067598
2018-07-18,239.9985846154967,242.21309874362342,236.35384291362934,239.49107360839844,17641125
2018-07-19,239.3526607153674,243.13580409592325,236.39998473374533,240.09085083007812,9958284
2018-07-20,239.81405299367742,242.67448025588553,238.56837987765869,241.2904052734375,6120163
2018-07-23,241.75175626452477,246.82669771282588,240.45995861859078,245.7655792236328,17013119
2018-07-24,246.54986987181078,248.39530294522532,245.0273650589846,246.22691345214844,9320281
2018-07-25,247.28805056948372,251.7632317433213,245.11966091215248,250.84051513671875,13099277
2018-07-26,253.83934141999072,267.034177491042,253.0089021146581,265.465576171875,53496546
2018-07-27,267.1264291379175,274.04680294978067,263.0664821334391,264.5889587402344,32175436
2018-07-30,266.8496348168794,276.3997284852499,266.8496348168794,274.4158935546875,40949610
2018-07-31,274.04682987349605,279.02949387574444,269.24869229558226,270.81732177734375,36510328
2018-08-01,271.7400655254065,274.9695739442144,266.06536350703124,272.293701171875,33885474
2018-08-02,270.35596206433405,273.49319285237806,268.095295145217,271.1864013671875,15665209
2018-08-03,271.8323285656148,276.76886823577314,271.74005126953125,276.1229553222656,18254462
2018-08-06,277.36862529158543,287.28782908846676,277.36862529158543,284.6580810546875,31576923
2018-08-07,285.90374461994236,287.6107759646123,279.62925483400375,280.5519714355469,23928622
2018-08-08,280.55199626304903,286.8726111747784,279.62927957984994,284.8426513671875,20498279
2018-08-09,288.7641673386427,295.1309061609499,286.1805439980463,292.8702392578125,46464355
2018-08-10,293.10092382862763,301.1746941191325,277.27633969105324,280.92108154296875,111510771
2018-08-13,273.1240843818574,279.39854532700065,268.6027791573507,271.41705322265625,58127432
2018-08-14,273.7700377028855,275.84615013796576,270.678931334395,272.109130859375,25294933
2018-08-16,270.817324620897,275.33863037116834,267.8184956429825,270.07916259765625,31083900
2018-08-17,272.2014219716254,279.3063517070586,271.3248298575769,278.7527160644531,21931134
2018-08-20,280.5981162003804,284.8426180788755,280.13675791269776,283.8737487792969,20240462
2018-08-21,284.4735377398456,284.98104880315464,279.90610712453275,283.2740173339844,14139592
2018-08-23,283.2278778675636,283.2278778675636,275.2463565746271,279.0756530761719,22721004
2018-08-24,277.3686264729893,282.0744869494155,275.89227422325683,277.230224609375,18869585
2018-08-27,280.5058498630276,286.3651059771791,279.859936971423,284.19671630859375,28111768
2018-08-28,284.2428438603791,286.27283169038793,279.9522172041676,281.75152587890625,16890236
2018-08-29,283.0894798308918,287.8876180622275,282.12063853373735,285.765380859375,24320824
2018-08-30,285.39625097591016,286.5035222288314,282.3512972689932,284.7503662109375,19935935
2018-08-31,284.1044357008527,286.6419063525735,281.0133294569413,285.6730651855469,18100140
2018-09-03,288.34898834753517,288.34898834753517,281.24405801101955,282.6742858886719,14708076
2018-09-04,283.0894415872767,283.68922990447584,272.6166307056138,273.4931945800781,42859084
2018-09-05,273.58546723129245,275.7538568361043,267.95689043552835,273.631591796875,22922686
2018-09-06,274.96953657137055,276.6765678496856,271.74002859150545,273.5393371582031,18001336
2018-09-07,273.0318670362681,273.0318670362681,267.08036119190774,269.1103210449219,23716678
2018-09-10,268.18759130582026,270.58666025102946,261.86697655987155,262.8358459472656,23354395
2018-09-11,265.14263926527445,268.92578322281537,259.8831430122202,260.7597351074219,28361400
2018-09-12,262.05148688963504,264.54283271172204,258.36062087710496,263.2510070800781,22717796
2018-09-14,267.6800781936189,269.2486794414181,266.3882806486447,268.18756103515625,15149585
2018-09-17,266.2037111537314,266.2037111537314,262.1437641717629,263.2510070800781,16089996
2018-09-18,262.9742543868742,264.727410450971,251.34801856111247,252.6398162841797,33901000
2018-09-19,254.11613658212235,260.9903862607626,249.5948310416487,250.51754760742188,40759431
2018-09-21,253.00891939636247,257.8531818606106,233.81639597589464,249.6871337890625,39308482
2018-09-24,251.62482463424266,251.90162834681774,242.30538147018265,243.92013549804688,24633374
2018-09-25,243.59720400849355,251.8555295746856,240.64449936294105,249.9639434814453,28948831
2018-09-26,252.82433823353367,252.82433823353367,242.44377690095246,243.45877075195312,23951904
2018-09-27,244.05855021783236,247.84169405718316,243.3665127408442,244.84286499023438,24829383
2018-09-28,245.81171684236335,252.3630108734533,242.21312743795792,244.9812774658203,33803139
2018-10-01,244.9812544512926,253.93161663084578,243.68945685812918,252.68594360351562,17711738
2018-10-03,252.2245793657399,257.1611186338326,249.68710880503644,250.7021026611328,19714943
2018-10-04,247.24193470831688,251.62483874400363,245.16582227036002,250.37916564941406,17754204
2018-10-05,250.05617797553467,250.05617797553467,236.21543011711023,238.38381958007812,36628643
2018-10-08,239.67561496795625,247.74938448083253,238.3838174777107,245.2119140625,21100804
2018-10-09,247.28804924964712,247.4264511080836,239.9063164362248,242.6283416748047,16010883
2018-10-10,241.3826825332885,258.77589710850145,241.01360150317515,257.114990234375,31772330
2018-10-11,247.28804973987008,250.5175578521445,240.45995250573367,241.89015197753906,46291120
2018-10-12,245.44262857301538,247.1957845738643,241.2904036535471,243.36651611328125,42967696
2018-10-15,243.966251760755,245.16580017893173,240.92129838975742,242.8590087890625,21965859
2018-10-16,244.15078087768802,249.9177587510316,242.9973853030193,249.41024780273438,33597068
2018-10-17,252.59368868949466,253.74708452825948,239.9063344630817,240.9674530029297,21631573
2018-10-19,239.62951281376203,243.781737522948,238.15316061868072,240.9213104248047,28474307
2018-10-22,245.44262185550858,245.44262185550858,239.3988392351032,240.22927856445312,19933462
2018-10-23,238.06087615354122,238.98359272777975,235.2927264308256,235.89248657226562,20206307
2018-10-24,240.13699244907744,241.567191899361,233.2627566723025,235.93862915039062,25636533
2018-10-25,234.83137564692404,235.29273394878442,229.20279873241242,230.26393127441406,33066232
2018-10-26,232.5245839935122,232.98594229508663,228.28008198721224,228.92599487304688,20543437
2018-10-29,230.67914883864037,248.44144329921568,229.20279665425792,247.19577026367188,37768359
2018-10-30,246.82666590619445,257.53018303151134,245.44259114410363,252.04000854492188,33401683
2018-10-31,253.7470549289306,260.8981082951095,247.8416745551268,259.6524353027344,28137370
2018-11-01,261.12878460940544,266.6650839297462,257.2995165446513,263.8046569824219,29144808
2018-11-02,265.65012696751296,270.1714330749703,261.31337545998383,263.2972106933594,27760214
2018-11-05,264.31218230857,276.81498102105735,261.5901570648992,272.1552734375,44619891
2018-11-06,273.21640483687764,275.2463645650419,261.9592504786781,264.31219482421875,40688243
2018-11-07,266.5728084926431,266.5728084926431,263.8508115366959,264.4044189453125,3312160
2018-11-09,264.819653665083,265.2810119467295,260.62130456572993,261.3594665527344,19201007
2018-11-12,261.77473719833455,261.77473719833455,255.45412221631534,256.4691162109375,24044907
2018-11-13,254.94658627595354,258.0838452550225,252.22458919115388,256.56134033203125,25633628
2018-11-14,258.7297296906128,265.4655777838249,256.51521547658695,261.68243408203125,52674807
2018-11-15,261.9130928773381,264.86576888020517,259.42174698075837,263.3432922363281,18445463
2018-11-16,263.8046905714052,269.2487132977533,260.7597368211483,268.41827392578125,24805910
2018-11-19,270.8173069886261,270.8173069886261,263.943057438573,265.8807678222656,13799970
2018-11-20,263.8046756858722,266.24986909390253,260.66744481373456,261.5440368652344,12900924
2018-11-21,261.5440265223136,267.17257514720694,261.17491736212514,264.86578369140625,16167419
2018-11-22,263.8508186462282,264.86578436209027,259.83699587115626,260.85198974609375,12066797
2018-11-26,262.14381513989554,265.05036705806384,257.99159006848987,264.26605224609375,16846820
2018-11-27,262.60518126132524,268.04920421775296,262.09767017544823,267.0342102050781,21242956
2018-11-28,267.03417150463537,269.8484739573237,261.1287910491205,262.5589904785156,19837609
2018-11-29,266.9419249936284,267.2648814643312,262.28221701046004,264.26605224609375,27919104
2018-11-30,266.4805439086462,268.41825440840387,261.3133534547272,262.6512756347656,17583510
2018-12-03,264.54288269545276,265.6501258129747,261.3594988945358,264.6351318359375,15772176
2018-12-04,265.69628524053394,265.69628524053394,260.11383230563433,260.7135925292969,11897307
2018-12-05,260.62131906415897,261.3133565251269,255.63862681792867,258.4990539550781,14893748
2018-12-06,256.51522197788233,257.66861776015696,253.8393493948205,254.34683227539062,11083451
2018-12-07,255.59250211678304,255.9154585635473,251.07119633931225,254.11614990234375,10165275
2018-12-10,250.05619157336474,255.03885544153556,249.27187685358896,253.00889587402344,11947887
2018-12-11,247.61102895538343,261.3595019802517,247.61102895538343,259.5140686035156,30927239
2018-12-12,261.8208505561956,263.7585611612904,260.39065100621565,263.2049255371094,21765939
2018-12-13,267.5878167069907,271.2786831443285,263.6662711173193,266.66510009765625,24097152
2018-12-14,266.20375748192424,268.32599454483875,264.86580705590563,266.84967041015625,12156361
2018-12-17,266.94194075029617,268.925804262109,265.09650727629736,267.1264953613281,12728014
2018-12-18,265.6039691172591,271.2786703655396,264.8196544044553,270.1252746582031,13606582
2018-12-19,271.9246370097499,278.66045800925536,271.9246370097499,277.4609375,26124125
2018-12-20,275.29246580224793,278.33741890450625,270.4943288711606,271.32476806640625,19222232
2018-12-21,270.9556962677923,273.5854439408597,268.3259485947249,269.3409423828125,15777301
2018-12-24,270.8173333602703,272.20140831781856,267.7262269899305,270.402099609375,12048877
2018-12-26,270.2175330346083,272.2013678805674,264.9580377136258,271.41705322265625,12684324
2018-12-27,273.770032795681,274.6004721230124,268.9718951014246,269.5716552734375,15304564
2018-12-28,270.90960266519187,274.1391108042137,270.8634499391886,272.016845703125,12876558
2018-12-31,274.23140893264116,275.2002501843276,272.66277931087615,273.0318603515625,9526067
2019-01-01,274.5082121925056,277.4609168309807,271.1403019436401,276.4459228515625,11837127
2019-01-02,275.9845389200142,279.1217697080582,270.44823935555684,271.1864013671875,25559853
2019-01-03,272.20137198054465,272.70885480026885,267.6800666879367,268.602783203125,17548347
2019-01-04,269.5255702275287,275.89231021608373,268.97193454176727,274.6466369628906,19514041
2019-01-07,277.7838131473024,278.1990468689458,272.3859437203889,273.4009094238281,14579399
2019-01-08,272.93951594879593,282.3512350473357,271.9706749353013,281.705322265625,22949961
2019-01-09,282.3512350473357,283.3662287789934,277.50697366171966,281.705322265625,21109911
2019-01-10,281.52082959746826,283.73534372152864,280.0444774617364,281.93603515625,16295468
2019-01-11,281.7976408404637,282.5358310076112,277.69156891206615,279.3524475097656,12702551
2019-01-14,277.7376870865231,280.13675579616194,276.3997367987222,277.1840515136719,10372933
2019-01-15,278.66038927541564,280.1367413404776,277.8299500385288,278.3374328613281,9444374
2019-01-16,279.58309474120153,282.9510042770616,278.7526555371511,279.72149658203125,12111480
2019-01-17,280.4135510688511,280.82878477576907,272.75501504516416,274.4158935546875,15974634
2019-01-18,275.66158526680294,276.67657916236203,271.5093605514871,272.1552734375,9082501
2019-01-21,273.0318973459769,273.81621226313007,268.92582445348717,269.8485412597656,10188647
2019-01-22,270.3559827911351,270.3559827911351,265.9269540636487,267.8185119628906,11297989
2019-01-23,268.0030440285335,270.3098354966425,263.43558565804744,264.4967041015625,10304608
2019-01-24,264.4966851681601,267.4955138620374,263.4355668006029,265.7884826660156,11532528
2019-01-25,267.2187129289913,268.5105104401877,261.3133327641834,263.3432922363281,11121223
2019-01-28,263.57399665960395,264.4505887115309,255.86930725697349,259.8370056152344,18905470
2019-01-29,259.2833876816658,263.8969710923716,255.17728718250623,258.914306640625,17435611
2019-01-30,259.46791513873075,267.0341742453332,258.5913231187658,265.2348937988281,18908654
2019-01-31,267.5877789594051,272.01680679579397,265.7423460010644,270.9556884765625,25546487
2019-02-01,273.9545506673769,279.3063237990477,260.20607907164754,262.42059326171875,60015958
2019-02-04,260.5751739215908,263.1587974131757,256.3768244664965,262.0054016113281,20642919
2019-02-05,262.2360700585093,264.81966528546883,261.12879887034035,262.6512756347656,13291133
2019-02-06,263.7585662219594,267.35715560956504,261.59017641177456,266.71124267578125,12149759
2019-02-07,267.0341537325957,271.27865533219295,264.45055875496604,265.188720703125,19733315
2019-02-08,263.52786113812516,265.7423753004808,260.3906303948651,263.8969421386719,19781908
2019-02-11,263.8508385130322,263.8508385130322,258.3606631573084,258.822021484375,15420017
2019-02-12,258.9604121265788,260.39063977394164,253.42411244173874,254.11614990234375,15326106
2019-02-14,247.288050397534,247.61100684143554,243.27422752978865,246.45761108398438,26372671
2019-02-15,248.07236399288846,248.07236399288846,241.10583675477557,242.6283416748047,23366091
2019-02-18,243.9662555582566,244.98124941741307,238.79903713270332,239.8601837158203,14781744
2019-02-19,240.7367809588367,246.82671679953827,240.1831453080313,242.58221435546875,19064306
2019-02-20,244.05852625982186,247.56483786873403,243.873971687111,247.01123046875,15514595
2019-02-21,249.41027700336332,250.0561898644291,246.64212730006705,247.2880401611328,13760702
2019-02-22,247.19576831172708,250.88663466400095,246.91896459893675,250.01007080078125,12536918
2019-02-25,250.33301487371796,250.425292170162,247.19578390816156,249.2718963623047,20793897
2019-02-26,246.1807848103205,247.47261061533126,242.90515204822958,245.7655792236328,15274303
2019-02-27,247.28804432659794,251.62482353177666,245.95009401717087,246.965087890625,20571652
2019-02-28,247.0112520547625,249.87165106822772,246.96509932801442,248.25689697265625,31636468
2019-03-01,249.6409720949821,253.3779913286369,249.22576650840494,251.8555145263672,20024726
2019-03-05,250.7021330051942,256.3768349505247,250.24077466558884,255.0850372314453,21533972
2019-03-06,255.8693231909112,260.7135857436928,255.08503654296152,256.6075134277344,22161376
2019-03-07,257.8531659092777,260.66744028411296,256.192259128836,259.97540283203125,14899105
2019-03-08,260.06771678750965,262.28223131455,257.99160413858186,259.46795654296875,19943319
2019-03-11,263.2509925028788,266.66505463904883,261.5901141528385,265.142578125,22931245
2019-03-12,266.8496823088103,267.49556710676404,263.66629841341563,264.7274169921875,20828136
2019-03-13,265.83467687009846,271.64778059709965,262.6974458403029,270.494384765625,23725641
2019-03-14,271.74001092945423,271.924565494224,268.27982403306896,269.3409423828125,16164017
2019-03-15,269.98687812305076,278.01449550878715,269.89460083283126,275.338623046875,37928480
2019-03-18,275.8000081595362,277.6454415070862,271.8784622959924,275.8461608886719,23782967
2019-03-19,276.9533695540548,282.9049026232781,276.03065299504806,279.6292419433594,27218691
2019-03-20,279.3985420544395,281.1055731936464,276.8610717056129,280.3212585449219,18820555
2019-03-22,280.7826650927554,282.72037568792416,274.00072024828074,275.01568603515625,17865957
2019-03-25,271.2786865234375,272.6166368872688,269.6178078695777,271.2786865234375,16895511
2019-03-26,271.97075382842263,281.4286002295807,271.97075382842263,280.0445251464844,18303791
2019-03-27,281.6592428141873,286.8264614181874,280.8288035040442,284.93487548828125,35956450
2019-03-28,286.13441622927843,313.4006798226462,285.1655469277471,294.3465881347656,63244736
2019-04-01,296.93020114816846,302.32809908144134,296.23816367362264,297.8067932128906,22372357
2019-04-02,298.6372215512398,305.4191941838134,297.2070220868191,303.5737609863281,27897583
2019-04-03,305.4191755512017,306.757125801385,294.807935313018,295.73065185546875,30552104
2019-04-04,296.653402567839,300.57494832495667,293.70069802826066,296.9302062988281,27832294
2019-04-05,298.68335933036207,298.68335933036207,290.65571405937806,292.5472717285156,23117232
2019-04-08,293.65454900227616,294.5772655741607,287.0571311451162,288.625732421875,17394139
2019-04-09,289.68688681435265,291.301640858671,284.2889890915302,290.425048828125,25556039
2019-04-10,290.5173000879711,292.54725952348963,286.0421193628982,286.87255859375,19237974
2019-04-11,286.96488714649786,291.02483490196386,284.8426500485956,290.5634765625,14897935
2019-04-12,290.2866229501942,291.9475014232879,287.14939241264307,290.8863830566406,14751964
2019-04-15,291.11713431437613,294.06983917485775,289.50238000359906,291.20941162109375,13864791
2019-04-16,292.1320930940828,294.71568841571525,290.3789371144696,291.3477783203125,14940726
2019-04-18,291.393886889742,291.393886889742,284.242833341013,286.7803039550781,15691168
2019-04-22,284.93486114129325,288.1643690862972,282.6742224752352,286.0882568359375,15665440
2019-04-23,286.0882691165812,289.5023317829104,281.0594805675108,281.65924072265625,17324274
2019-04-24,282.21285601682234,287.8414324753448,280.1367438266433,286.7341613769531,15228591
2019-04-25,286.9648559504591,287.88757252907794,281.79763747837853,282.53582763671875,30842477
2019-04-26,283.18171938771604,289.27165458984376,282.9049156708777,288.34893798828125,14987906
2019-04-30,287.88759055582653,287.88759055582653,281.4285741010484,285.99603271484375,18178758
2019-05-02,284.2428362339431,287.33394246344324,282.0283220345809,284.3351135253906,16640100
2019-05-03,285.1194585984753,287.70305407942544,284.9349039959451,286.04217529296875,12452689
2019-05-06,283.08945471087566,286.3189629602589,282.2590153642783,284.8887634277344,10639216
2019-05-07,286.6880734309674,289.1793914819381,280.27518147192933,281.84381103515625,15219845
2019-05-08,280.45972171141665,281.70536659361306,273.81615093068126,275.2002258300781,22103678
2019-05-09,274.6004660567447,277.73769686795623,273.2163911554094,276.1690673828125,12654440
2019-05-10,278.47587970009425,286.7342051589718,269.8485013641664,284.24285888671875,60739833
2019-05-13,286.0421594035857,289.91758056881355,281.7053799167391,283.1817321777344,40101505
2019-05-14,284.0583022475499,292.27047410438206,281.52083167521505,290.332763671875,30521436
2019-05-15,291.7630021152997,293.3316034502393,286.9648644999024,287.9798583984375,27932459
2019-05-16,288.34894924813193,292.5934514128798,285.6269239035987,291.3477783203125,18147559
2019-05-17,291.25551533502704,297.0686473329329,289.2255555280282,294.5773010253906,25838962
2019-05-20,306.34194205821444,319.0754211572437,305.41922536526806,318.0604553222656,53207071
2019-05-21,319.1676715459899,320.6901483291598,310.26346184167966,311.4629821777344,33457162
2019-05-22,312.7086596155886,316.1227224030181,307.7721200236859,314.7386474609375,32002499
2019-05-23,325.71895960211214,335.86884219594566,312.98548179347864,315.7536315917969,74413322
2019-05-24,318.2911419375202,329.4098670838619,316.9531914378335,327.88739013671875,35703403
2019-05-27,327.6104945451723,334.484743995749,326.64165344688314,333.74658203125,31374994
2019-05-28,333.05455801845994,333.7465954476499,329.0868598623257,332.2240905761719,23501608
2019-05-29,330.33257639701407,331.25529309086045,320.32109463696474,321.7051696777344,28370210
2019-05-30,322.7201286373579,327.56439075414454,320.6440163015922,326.2264404296875,25712604
2019-05-31,326.9645995272601,330.2402318598742,318.01423815558564,325.257568359375,32588069
2019-06-03,325.1191872748034,328.90233082271385,322.6278412859398,327.9796142578125,18380919
2019-06-04,326.64169652103936,329.59440108655554,324.24262758144215,325.16534423828125,18130636
2019-06-06,322.02809682542,322.5817324231242,309.9405036050288,310.86322021484375,41941144
2019-06-07,310.9554962601802,316.2611167453316,310.03277965406687,315.6152038574219,29739710
2019-06-10,319.25997485202566,320.4594952858151,313.86207658181587,317.69134521484375,20500542
2019-06-11,318.38337730056816,321.38220649295664,316.3534175119367,320.27496337890625,16281297
2019-06-12,320.1365455818893,320.1365455818893,315.84589073129627,317.4145202636719,11564970
2019-06-13,316.49177505030775,320.5978749406834,313.53907084160227,319.7212829589844,15509948
2019-06-14,318.7985794058002,319.58289413311434,316.0765542224968,317.2299499511719,10347594
2019-06-17,317.1838294054316,317.1838294054316,310.9093678255508,311.73980712890625,13779496
2019-06-18,309.5714561421867,317.4145481755953,308.0028264718733,313.7698059082031,21957480
2019-06-19,316.5840823100548,318.5217928705332,309.57143026974444,312.66253662109375,16416903
2019-06-20,314.64634834602504,319.49061030736414,309.66368453189125,318.4756164550781,20626861
2019-06-21,318.1526841311932,323.5967347989115,316.6302073169487,322.3971862792969,24749090
2019-06-24,322.9507991336879,327.33370283621656,322.62784270273926,325.90350341796875,17919504
2019-06-25,325.4421317539307,329.4098015736817,324.10418152032406,328.99456787109375,15922634
2019-06-26,328.2564330399675,331.25526201362845,326.9184826957806,330.470947265625,15835579
2019-06-27,330.42481330955417,334.9461189249352,329.6404985838377,334.16180419921875,29658120
2019-06-28,334.208013061318,336.7916086586289,330.9785044851394,333.3314208984375,22708464
2019-07-01,334.7615805967726,334.9461351855744,330.7939103692243,333.6081848144531,12348793
2019-07-02,334.1618105567511,336.7915584946202,332.50093194287376,336.3302001953125,14482172
2019-07-03,337.0222523073215,338.3602026971552,334.94613987011,337.8526916503906,12626285
2019-07-04,338.86767113994784,342.235581096045,337.89882997417874,339.0060729980469,19252646
2019-07-05,340.8976398505773,344.7269078921576,337.7142564970167,342.0048828125,30019347
2019-07-08,339.5596982427269,339.97493196344715,326.18030795870635,327.8411865234375,27247892
2019-07-09,326.18031423513014,332.17797206406465,325.2575976460633,331.71661376953125,16579914
2019-07-10,332.6854297627469,333.56202171969215,324.15030195940756,326.8262023925781,18681819
2019-07-11,330.7938970391396,335.86883827683914,329.4098221561307,335.13067626953125,20048321
2019-07-12,334.94615074390794,338.2217836542185,333.5620757408339,335.4997863769531,14661748
2019-07-15,335.9611095892428,336.7915488724558,329.9634518695963,332.2240905761719,15665939
2019-07-16,330.79390517028156,337.7142797554339,330.00959041881566,336.1918029785156,16251836
2019-07-17,335.9149999432199,344.6808085037613,334.99228325263664,343.61968994140625,17545177
2019-07-18,343.2044633977759,344.9114666440004,334.5309045079361,335.5458984375,21691056
2019-07-19,336.8838485801289,337.7604124866573,327.7028068116071,328.48712158203125,22213173
2019-07-22,328.48712299136105,331.7627557912677,321.7513028003938,323.7351379394531,19682038
2019-07-23,324.0580809867516,325.71895960211214,314.6463604088392,315.7536315917969,27956145
2019-07-24,315.43069622770184,318.0604443436428,310.2634772937451,313.3545837402344,20823143
2019-07-25,315.29226589666,316.6763407633546,311.3245677166903,314.92315673828125,19857643
2019-07-26,314.4618347718939,319.3983746651241,314.1850310302123,316.12274169921875,16139052
2019-07-29,317.3683799658732,319.7674205542571,310.77093387059125,317.2299499511719,17060483
2019-07-30,317.78362166594695,319.90588694346394,300.6672383698412,302.23583984375,24437235
2019-07-31,299.975195264291,307.4492059284753,298.86792399586443,306.5264892578125,22741445
2019-08-01,305.23466436525075,305.88057730040623,287.28784195905996,292.63958740234375,40853304
2019-08-02,291.16320362384226,297.34541593246064,283.320112745872,284.6119384765625,64472348
2019-08-05,275.3847757095997,279.4447230466647,269.15643876870405,277.045654296875,48815899
2019-08-06,275.70771218473436,280.7365289798026,274.2775127008918,278.1067810058594,30442970
2019-08-07,279.0295022667004,279.07565499347885,266.480550512465,267.49554443359375,30820114
2019-08-08,267.58780088999146,272.6627419413534,263.5278536807169,271.60162353515625,32929233
2019-08-09,273.4009265220951,274.96955605854305,267.6339475779143,268.83349609375,23377581
2019-08-13,268.4182507078656,269.01801086024017,260.66743697476727,261.4517517089844,24231272
2019-08-14,263.0203377100108,268.7411915052544,262.512854878094,267.35711669921875,18523649
2019-08-16,265.69627664214624,270.1714299686285,262.3283382661893,268.41827392578125,20047399
2019-08-19,269.43322842350887,269.80230940597284,263.89692920932714,264.6812438964844,19831459
2019-08-20,265.0964456747466,265.1887229588197,258.96038643137786,261.7746887207031,23204417
2019-08-21,263.4355727321143,263.527850018126,254.94656928237094,255.96156311035156,28226325
2019-08-22,256.7919874713489,256.7919874713489,246.64210609842482,247.79550170898438,27728925
2019-08-23,246.45761676741031,253.9777516475946,242.39766923937313,250.1484832763672,35212444
2019-08-26,265.7424059482482,265.7424059482482,249.13350557648266,258.54522705078125,64066440
2019-08-27,262.051548534697,265.7424154154674,260.7597507582433,263.62017822265625,45164811
2019-08-28,264.49671208422296,264.49671208422296,260.3906400425107,262.8819580078125,18979998
2019-08-29,261.3133984413134,262.328364352945,252.17847996398143,253.28575134277344,27083514
2019-08-30,254.6236540727986,256.46908725133943,246.2269274786228,252.68594360351562,45702652
2019-09-03,250.97892047134877,250.97892047134877,246.3192128071106,247.65713500976562,21241863
2019-09-04,248.85669120191244,254.531392954674,246.59602415092965,253.83935546875,27309675
2019-09-05,253.7470657676729,254.99273881325666,250.10232392301592,252.17843627929688,25085139
2019-09-06,253.7931638721709,255.59247232363802,251.07116707319335,252.7781982421875,16675146
2019-09-09,252.77820703586926,257.16111059461406,250.05618198312442,256.51519775390625,18616889
2019-09-11,256.9765881229972,263.7585611612904,256.9765881229972,263.2049255371094,20999669
2019-09-12,264.5889799803403,266.4805377104667,262.1899112344925,264.86578369140625,21964832
2019-09-13,262.97422086021277,269.89459509337627,260.20607116694737,269.15643310546875,27303181
2019-09-16,265.9269570941285,268.00306961362406,261.86698119540796,262.69744873046875,18267680
2019-09-17,262.97420437630626,264.3121545744816,251.9016062973039,252.7781982421875,21533362
2019-09-18,255.77706002003393,261.0826806201397,253.1934365714929,258.729736328125,25478758
2019-09-19,258.31451850299464,258.31451850299464,251.94775155726097,252.87046813964844,23387797
2019-09-20,253.28570349134432,283.87375276203585,247.65712667083267,278.38360595703125,84481749
2019-09-23,283.7814953417833,291.57846232258464,277.18407690522383,289.5023498535156,54178171
2019-09-24,288.9486992116753,290.794132421597,277.55314350859356,279.21405029296875,40096711
2019-09-25,274.04681053467885,274.50816880157225,257.16110923001,258.59130859375,73063465
2019-09-26,259.74473153572876,267.49554560160476,255.5925066976798,260.06768798828125,79005946
2019-09-27,260.85203164225396,263.9431101700603,258.3606851999086,259.46795654296875,37851718
2019-09-30,259.65244462103675,260.06767835308847,249.2718829105016,249.87164306640625,41094131
2019-10-01,251.67096951705858,254.20844033712058,226.57307913089858,236.16932678222656,79350077
2019-10-03,234.3700057408831,240.5522179433473,230.77141679636165,234.50840759277344,56207921
2019-10-04,238.5222405934097,240.36767378949023,229.3412132588166,230.6330108642578,60029186
2019-10-07,232.06323870515794,233.81639471763586,227.77261189172899,229.84872436523438,39160623
2019-10-09,230.77141762670198,241.7517390750116,225.4657973989107,240.78289794921875,60328507
2019-10-10,238.060871973023,238.060871973023,233.07820819144908,234.50840759277344,37577511
2019-10-11,236.39999320844535,241.19810241024118,232.06321412615574,234.87750244140625,43272106
2019-10-14,237.09205107076258,239.35268993529874,234.37002572878563,235.7079620361328,28265136
2019-10-15,236.6306867683307,239.8140421890916,235.10819590850892,238.4761199951172,23444973
2019-10-16,239.26041046297897,241.70563205532144,235.29274022478006,236.26158142089844,30892295
2019-10-17,236.58451795024158,245.4426024681241,235.84635597336572,244.93511962890625,37061013
2019-10-18,243.96625438655784,250.3791457830459,242.8590114029481,248.81051635742188,33203721
2019-10-22,249.50254083162108,253.74704244617172,247.74938507926223,249.59481811523438,27574295
2019-10-23,249.82549830510843,256.3306385208918,247.88778797729842,254.1622772216797,31789622
2019-10-24,254.6697621372768,256.19223877910883,229.43345942410508,242.2130889892578,63943183
2019-10-25,245.25804690566235,262.1899011733181,243.18193467510966,259.79083251953125,105518180
2019-10-27,262.92812543749824,262.92812543749824,258.59134584041493,260.02154541015625,12183625
2019-10-29,261.2671795056622,262.97421071580766,257.02267784124143,258.96038818359375,51033578
2019-10-30,261.12880534153425,268.5105383547225,257.6686179916022,267.49554443359375,51469048
2019-10-31,270.67894197208784,293.23934775780555,270.1253063358264,288.2566833496094,128449327
2019-11-01,288.2566306739728,290.6556992199841,284.750319216853,289.3177490234375,44894016
2019-11-04,291.57845620081673,294.3466061014574,288.210546120186,290.00982666015625,31535656
2019-11-05,289.64071342042706,297.11472295260234,288.62571960461275,294.5311279296875,50080853
2019-11-06,294.3004928561155,294.3004928561155,289.7330340807025,293.0086669921875,32157080
2019-11-07,293.6545636705659,298.31427132770943,292.3166133108715,293.5622863769531,33926772
2019-11-08,291.76301528654307,296.19204393217836,290.1943857217137,291.5784606933594,25423362
2019-11-11,290.3789085381535,294.9463385493148,288.90255643147606,293.654541015625,20491942
2019-11-13,291.6245442967671,293.9774883134863,282.02829813985176,283.08941650390625,32675829
2019-11-14,283.22787990101483,285.5807960360658,276.5381843557435,282.3512878417969,43617772
2019-11-15,287.8876020227116,298.6833983621945,286.08829324643835,297.0224914550781,95199897
2019-11-18,298.9601648456093,304.35806234269216,298.7294857060679,299.97515869140625,39009263
2019-11-19,300.6210378298625,306.1573370765198,297.2070035232016,304.86553955078125,41372145
2019-11-20,306.3419257149402,306.80328403680005,299.9751865050897,303.38922119140625,29972583
2019-11-21,303.8044767771228,307.1262625650438,301.31313039641213,305.7421875,34116162
2019-11-22,305.8344185738738,308.00277998741655,302.8817142844698,303.8505554199219,28974967
2019-11-25,303.57376741356495,311.4168586689306,302.97400724349933,310.12506103515625,27561300
2019-11-26,311.8782025719542,313.72363572326753,306.8955386952232,309.5714111328125,36464072
2019-11-27,309.98661430396334,318.84467002997883,308.23343045574507,316.9992370605469,33971305
2019-11-28,320.04429262391824,323.87356129228186,317.8759027498322,322.304931640625,42538227
2019-11-29,321.8897111740165,321.8897111740165,314.277298759732,315.4306945800781,23081823
2019-12-02,317.32223309985085,317.7374668334703,310.21733217548297,312.3395690917969,20648850
2019-12-03,314.6463621231703,316.44567076551095,307.5875857308147,310.2634582519531,26482178
2019-12-04,308.27964049393205,316.44568853379826,306.203528017309,315.4306945800781,26789483
2019-12-05,316.49177695627014,317.96812906951374,309.24844639994586,310.2173156738281,30429507
2019-12-06,310.67866429402494,311.55522809468675,293.4238540649414,295.269287109375,47027528
2019-12-09,294.3004776323358,302.32809534233814,290.42505655917836,292.224365234375,52435239
2019-12-10,292.685722366547,297.71451103702447,288.11826384579336,289.17938232421875,52155809
2019-12-11,287.14940843411966,291.3477575725646,284.1967041404589,288.625732421875,52557951
2019-12-12,289.73298802688805,297.99131216580616,289.3177543281883,296.976318359375,37804216
2019-12-13,300.06745123195935,307.6798632237758,299.8828966473152,306.8493957519531,40955226
2019-12-16,309.98666557336844,311.1861859382617,305.2346523638769,306.2035217285156,35027613
2019-12-17,307.4953197364946,309.80211133241727,305.09625084491955,307.17236328125,26734601
2019-12-18,309.1100782396189,309.6175611342917,300.6210737825416,301.6822204589844,26449075
2019-12-19,302.051266738321,304.1273789652635,299.4215189523789,302.7894287109375,27516289
2019-12-20,304.81943266915135,313.26228387823716,304.81943266915135,311.73980712890625,51839714
2019-12-23,309.75594945286286,312.66250088180504,304.81941040039754,306.7109680175781,30150335
2019-12-24,307.44919626156013,308.3719129032106,303.7583296949584,305.8344421386719,21747782
2019-12-26,307.2646142743806,307.67984798973265,302.7433087652212,304.3580627441406,24616942
2019-12-27,307.6337230380036,312.2011816829051,307.2646420127467,311.1861877441406,33477173
2019-12-30,311.6475640830366,311.7398413844551,306.8033014288962,308.55645751953125,22775554
2019-12-31,308.55645577384905,310.355764584553,306.84942426404143,307.9566955566406,23801635
2020-01-01,308.83330980446414,309.98670575061305,306.4803651788719,308.6026306152344,17379320
2020-01-02,308.64869989536055,313.58523929231825,307.587581446818,313.0777282714844,20324236
2020-01-03,311.8320986851032,311.8320986851032,306.34192343224976,307.9105529785156,21853208
2020-01-06,306.06509992915284,306.06509992915284,293.14706784800325,294.3465881347656,35645325
2020-01-07,299.3754212453518,301.72833738333424,291.02481886574924,293.79296875,50966826
2020-01-08,287.9798466331275,296.65337674438314,286.96485277605956,295.0847473144531,44527485
2020-01-09,301.63604862108,305.7882732895965,299.88289272618823,304.6810302734375,40348407
2020-01-10,305.41917512432985,311.8320663490293,302.7433027867774,306.57257080078125,42377838
2020-01-13,308.18733594783396,309.5252862447705,303.6198776394681,305.1885070800781,23615129
2020-01-14,304.31191003749075,306.0650940276739,301.26695665499057,302.6510314941406,26296117
2020-01-15,303.5737607745639,303.75831535781407,297.4377010290209,299.19085693359375,32625740
2020-01-16,298.96018291291193,301.63605546149,297.4377061317448,298.31427001953125,26653623
2020-01-17,288.8102759595187,298.4987995939435,286.13440363515906,293.4238586425781,58396326
2020-01-20,296.19201767064965,296.60725138895805,289.1793661375981,289.7330017089844,30682902
2020-01-21,289.5484564076811,292.455036210801,287.8875777993918,289.4562072753906,30591772
2020-01-22,292.5011726800728,292.5011726800728,289.456219054605,291.71685791015625,24994911
2020-01-23,291.5785042950279,299.6984007459404,289.8714726095857,298.2220764160156,33293610
2020-01-24,298.49883424824856,302.0051462308104,296.33044450365605,299.0063171386719,22706879
2020-01-27,296.099751617364,297.114745510239,291.3938913206351,291.76300048828125,23309355
2020-01-28,293.3777335966756,295.26929122998814,287.01096697726985,290.74798583984375,26488426
2020-01-29,293.2855111377094,294.9925426785575,291.1632458148164,291.99371337890625,23914114
2020-01-30,292.2704732964817,292.2704732964817,282.0283137464633,286.68804931640625,35802330
2020-01-31,289.45620749610634,296.837940265822,284.75034722359743,293.839111328125,92656638
2020-02-03,279.5831343957873,283.1355989959979,272.5243579215703,275.06182861328125,56060158
2020-02-04,279.490863847617,283.78149057988,274.1391186141177,282.58197021484375,51141567
2020-02-05,283.18173042194576,289.41006772518097,281.059493419289,286.9648742675781,35014841
2020-02-06,287.14940063719996,298.4988028995822,286.1344068038718,297.068603515625,57757656
2020-02-07,296.6534170739644,299.88292550245234,293.7929896912022,295.7768249511719,37126803
2020-02-10,295.08474364907744,297.85289331992834,292.0397902747713,293.8852233886719,24816396
2020-02-11,296.23816034065493,300.62106429679994,296.23816034065493,299.28314208984375,30188757
2020-02-12,304.40419126888776,304.40419126888776,294.57726541542695,295.453857421875,38930849
2020-02-13,297.11476808412243,305.3730935538186,297.11476808412243,302.1435852050781,62516057
2020-02-14,302.7433445205458,306.24965659668044,293.9313834422664,294.7156982421875,48205947
2020-02-17,296.14590917971327,296.3304356074742,287.56462775515206,289.9175720214844,36950692
2020-02-18,291.02483178555246,294.5311720233772,285.4885317712715,293.0086669921875,38588583
2020-02-19,297.39156573254576,298.9601953048752,292.7318579026903,295.59228515625,39846727
2020-02-20,294.6695875554246,303.7583527987875,294.1159518965094,302.328125,40150409
2020-02-24,300.5749281875442,305.6959939812919,296.97633913039095,297.9913330078125,45273936
2020-02-25,300.7133533638012,302.78946584536044,297.29931862290607,301.5437927246094,39050709
2020-02-26,299.7444955400933,305.2346424585748,299.1447353771097,302.8356018066406,43915281
2020-02-27,302.6510273603182,304.4964604539787,293.42386189201585,297.068603515625,47010040
2020-02-28,287.8875792852723,290.3327726441814,277.8299739741084,279.5831298828125,59705346
2020-03-02,286.9648360826939,287.88755259742925,262.0976147469469,265.188720703125,66711413
2020-03-03,270.35595340186495,271.64775096036607,263.2510245914966,267.44940185546875,61949382
2020-03-04,269.24866435043947,270.3559354178277,253.83931564357022,263.2510070800781,73675736
2020-03-05,268.41828030001443,275.3386554959193,249.13350705257528,266.2037658691406,149245973
2020-03-06,247.28802682026918,253.1934069035654,234.3238569266574,249.59481811523438,106043172
2020-03-09,239.95243939304547,242.44378546449363,231.7402673250167,233.86251831054688,101286241
2020-03-11,233.4473079350557,238.52224941190474,224.3124189085428,226.15785217285156,90845604
2020-03-12,213.97797485961541,213.97797485961541,192.47868924765146,196.1695556640625,99767083
2020-03-13,184.54332588132746,229.57190021227905,170.37961998812023,223.29742431640625,155701316
2020-03-16,210.2871096858224,213.51661781926572,203.55128969969968,206.08876037597656,75583409
2020-03-17,209.6411982277753,212.13253010736935,195.66204806816506,198.5224609375,65403057
2020-03-18,203.9203624501333,205.90419744848927,184.63559172354203,198.568603515625,101356399
2020-03-19,187.26532558036638,202.76696681488636,182.83628321628387,187.91122436523438,93533467
2020-03-20,189.66441091160948,199.02997931127717,184.5433306696198,193.63209533691406,77391650
2020-03-23,175.31615184780065,184.08195944019067,166.31966510824245,167.56533813476562,61750037
2020-03-24,176.19272512579263,177.115441690033,160.137462539825,169.0416717529297,67491360
2020-03-25,164.24356933219534,180.16043209051202,162.8133556597431,175.22389221191406,71567553
2020-03-26,176.74635018241844,185.46601837989422,170.7948315130008,177.85360717773438,107260359
2020-03-27,186.38877432791827,195.52366407157965,179.9297573957627,180.80633544921875,114740377
2020-03-30,175.31614595468997,179.9297287429713,171.855958863479,172.45571899414062,60081554
2020-03-31,177.1615834785573,183.15924125257095,173.51685580102577,181.6367645263672,59543412
2020-04-01,179.00704947045745,179.4684078453813,170.9332779092899,172.1328125,52954239
2020-04-03,173.05550571777286,173.65526589180243,161.4754092659366,161.936767578125,64448494
2020-04-07,170.14893629719376,172.82482289889774,163.87447464804077,171.99436950683594,72130500
2020-04-08,168.76486991983558,179.3761114116015,166.50421693967147,168.85714721679688,80435759
2020-04-09,173.4707151532332,175.3161482931612,169.41076787720655,173.2400360107422,62416005
2020-04-13,172.36346431087313,174.11662022531291,168.94941569459994,169.31849670410156,51847146
2020-04-15,172.54801200620224,177.11545656692928,166.2273973784377,168.25738525390625,72190004
2020-04-16,167.93443982354526,175.2238961401141,166.3196855944727,173.93209838867188,61165773
2020-04-17,180.8524578928485,182.69789113665306,171.90210947630396,178.3149871826172,89851063
2020-04-20,179.00703029880276,182.0981367115512,175.36230234316272,177.62295532226562,81958510
2020-04-21,173.47072228623986,173.65526279191334,168.8571392467122,170.47189331054688,53042420
2020-04-22,171.16393256439926,174.8547990347906,167.3346642331835,174.1166229248047,61503413
2020-04-23,173.24004974921073,175.22388490014256,170.84098084523578,172.2711944580078,50955312
2020-04-24,169.77985238829973,169.77985238829973,165.16626944296547,165.85830688476562,65137305
2020-04-27,169.3185024759052,169.3185024759052,166.55035257166696,166.91943359375,42996571
2020-04-28,167.93443522818015,171.02554172820683,167.19625907060998,170.0566864013672,49590230
2020-04-29,170.70257169583817,176.97704741732252,169.31849679019624,175.40843200683594,57470466
2020-04-30,178.54564588651883,180.76015989360673,175.03932030901578,175.77749633789062,63063889
2020-05-04,168.34963372034667,169.31848892519943,164.24354784024794,165.02786254882812,58118177
2020-05-05,167.0116971517105,167.2423762914228,155.75455794965737,157.23089599609375,91050439
2020-05-06,157.92294036224004,159.90678949875755,153.67845245254153,157.87681579589844,73156432
2020-05-07,157.6461255518668,159.2147408446166,155.75455384022567,157.55384826660156,42942399
2020-05-08,159.12248072904654,160.36815381685318,153.2632385504405,153.77072143554688,55932236
2020-05-11,154.9702590394891,155.8468370438411,152.24824772932706,152.66346740722656,54591827
2020-05-12,151.51005664857394,155.47774068066454,148.41896461392113,154.0013885498047,70752542
2020-05-13,164.75106001506725,164.75106001506725,157.32318819634108,160.6449737548828,81720683
2020-05-14,157.73841060706613,158.47658675282696,154.55504093798262,154.9702606201172,48136531
2020-05-15,154.97023723034584,155.2470550031682,151.97140853043322,153.54002380371094,35495540
2020-05-18,153.54002726939575,153.54002726939575,143.02106430100747,143.29788208007812,77349435
2020-05-19,145.32786947863775,145.65082593151678,140.62200902560934,140.99110412597656,71522334
2020-05-20,141.17562727650898,143.25173944233998,139.46859608612212,141.54470825195312,66168767
2020-05-21,141.77538711255318,144.08217840354516,139.79155223411473,140.20677185058594,61147471
2020-05-22,140.25292142325807,143.57470677299244,137.89999130715768,139.19180297851562,87064198
2020-05-26,140.62201169305865,141.36018782825707,138.59203788091705,139.6992950439453,48275988
2020-05-27,140.20679087584358,148.3728387858558,139.14567236981424,146.34286499023438,88195120
2020-05-28,147.12716594562738,149.84917722722062,144.58969517677056,145.97377014160156,76968678
2020-05-29,144.03605948200084,149.38780422305445,143.20560613700002,148.8341827392578,58363280
2020-06-01,151.32550608166596,158.15360255353633,150.7257459881569,156.90794372558594,92740893
2020-06-02,156.76954234235546,158.06135401058333,154.27821037586006,157.09249877929688,70419104
2020-06-03,159.168603605262,165.99670038897725,158.7072453339424,161.38311767578125,113168889
2020-06-04,161.38311652590156,163.92058700007948,158.24588593509637,160.59881591796875,83494674
2020-06-05,162.90563128585023,175.13162719197732,162.39813430025413,173.28619384765625,201321234
2020-06-08,181.77515480359824,182.23651306452106,171.44073257483402,172.3634490966797,151741826
2020-06-09,173.19389720903436,176.23886470305752,169.18008858105895,170.195068359375,96654191
2020-06-10,170.2873419350615,174.3934277622331,169.59530452330662,173.1938934326172,67333317
2020-06-11,173.47072474383924,175.68523900237082,162.7210817412624,163.45924377441406,91726802
2020-06-12,156.86183551442178,166.08900230938778,156.6772949944303,165.3046875,92758901
2020-06-15,164.10514581897712,164.10514581897712,158.70724831145287,160.27586364746094,63613412
2020-06-16,164.24354934448982,165.12012726946583,156.30818121625563,159.53768920898438,63925976
2020-06-17,157.7845372484296,162.58266071142162,156.16978321226145,159.58383178710938,73866905
2020-06-18,159.07635606120735,166.6887689612505,157.87683559513533,165.76605224609375,58261857
2020-06-19,166.36580407352952,170.65643058729367,165.62762798526424,170.2412109375,76895151
2020-06-22,170.702561566207,176.93089827200103,170.0105241544521,173.1938934326172,80023958
2020-06-23,174.94707879463772,178.17658700175733,173.3323246910779,177.57681274414062,65487085
2020-06-24,179.74518683309515,179.83745004041245,169.6875679860538,170.33348083496094,74668987
2020-06-25,168.1189544729916,172.36345628224308,166.45806184852202,170.93324279785156,73620385
2020-06-26,173.47071147449327,174.0243470365459,169.5953047787365,170.33348083496094,49176958
2020-06-29,168.85712921270266,168.94940649982505,164.70490472386572,165.39694213867188,50966428
2020-06-30,167.10400600839043,168.76488486445933,163.55154095388085,164.65879821777344,43613239
2020-07-01,165.58149629073483,171.07165741845782,164.79719560365348,170.51803588867188,54012853
2020-07-02,171.30233836341696,173.47072809643785,169.7798615411945,171.1177978515625,52127276
2020-07-03,172.2250606803052,172.4096152777828,169.22623150530177,170.42576599121094,38048810
2020-07-06,172.17892469613219,175.17775367233276,171.76369095887392,173.51686096191406,43773740
2020-07-07,172.54800086407138,174.57797452891762,169.82598976260454,174.02435302734375,55124494
2020-07-08,174.30115569008754,182.19038523602293,173.8397974017818,177.06930541992188,143063102
2020-07-09,177.89977291478255,185.4660466279763,177.66909375230995,183.712890625,89539723
2020-07-10,182.69789751679596,186.85012246035953,179.745207039503,180.48338317871094,111406477
2020-07-13,183.43607229748184,184.35878894477347,176.79251525288993,177.8074951171875,61949761
2020-07-14,177.43841145504763,177.43841145504763,170.333496192321,171.6714324951172,62239932
2020-07-15,173.4245744853408,175.27000760373662,168.85713033321858,169.59530639648438,58527305
2020-07-16,170.7025765028576,172.50187111495302,167.61147016139589,171.85597229003906,46546803
2020-07-17,172.3634605937754,174.85479255302977,170.70256792775993,173.65525817871094,47035238
2020-07-20,175.31615650981936,178.3149855027505,174.16276074330742,176.00819396972656,45672856
2020-07-21,177.57680410655942,181.03699130302215,176.70022616602975,179.3760986328125,59281860
2020-07-22,180.57562369248745,181.5444788734118,175.40841952678602,177.1615753173828,62276152
2020-07-23,177.53066083206824,183.71287305883752,176.37726512998998,182.92855834960938,70801412
2020-07-24,180.5756507940737,181.1292864318474,175.91592876135235,177.11546325683594,65265493
2020-07-27,178.0842989623697,178.2688394614491,172.08664122529507,172.6864013671875,50697767
2020-07-28,173.47071854842963,175.77751001848856,171.39460622537663,174.80865478515625,51488617
2020-07-29,173.1016447306434,180.1604212902248,172.54800912303222,176.4234161376953,73763368
2020-07-30,177.62297434568586,178.54569109553358,171.67145412507614,172.1328125,48472816
2020-07-31,173.47071392404175,179.79132801532313,172.2711795756808,176.65408325195312,145892485
2020-08-03,177.1615937906372,179.5606626717008,175.36229916960875,177.39227294921875,72454278
2020-08-04,178.40726508011934,178.82248474547225,175.77751706698686,176.79251098632812,43866676
2020-08-05,177.8536176003141,181.63676114217463,176.23886361431903,176.65408325195312,68888892
2020-08-06,177.43840681926415,179.46838054421656,175.54683495391876,176.19273376464844,59740172
2020-08-07,176.65408488695675,177.25385910645707,174.90092903203663,175.91590881347656,44822338
2020-08-10,177.0231847004732,180.3910946464563,176.88476876325188,178.82247924804688,48784530
2020-08-11,179.92973720853112,181.59062990636363,178.77634145719438,179.9758758544922,43890305
2020-08-12,180.85245336631175,188.46486530647536,179.5606557597961,187.58828735351562,157818228
2020-08-13,189.6182637054387,191.27915642241587,185.23535979983853,186.29647827148438,70443118
2020-08-14,187.3114701676308,188.23418676944178,179.56065634423368,181.31381225585938,56169088
2020-08-17,183.11309989241292,183.29764038989248,176.7002225681197,178.17657470703125,54787889
2020-08-18,178.82248400911834,180.62177860459747,176.88477347273263,180.0220184326172,46294169
2020-08-19,181.22154530694652,184.82014870711976,180.76018697970935,181.82131958007812,59296062
2020-08-20,179.00702868009867,181.17541842221428,178.314991198088,179.69906616210938,37504602
2020-08-21,183.6206064261346,185.92739796415137,182.37493336379026,183.0669708251953,68041871
2020-08-24,184.5433047015477,187.12691378327673,183.25150720045158,185.88124084472656,53850253
2020-08-25,188.23419361499467,192.34027982647288,187.03465917310908,191.87892150878906,105394375
2020-08-26,192.38642222307863,194.09345366358812,190.2180324558951,193.63209533691406,66749637
2020-08-27,194.23182601399662,199.76812509278037,194.23182601399662,198.9838104248047,80997993
2020-08-28,200.22950819672133,208.44168055085444,200.04496768710206,207.47283935546875,95974037
2020-08-31,213.65501686838843,213.65501686838843,194.09342910812396,195.61590576171875,119986476
2020-09-01,196.63090868064836,201.98265357695834,194.87773873225575,201.24449157714844,75048313
2020-09-02,201.38290888615427,202.07494637373557,195.89274763391714,199.5374755859375,47608088
2020-09-03,200.69087077684455,201.38290826228194,195.89274702705302,196.6770477294922,38594129
2020-09-04,193.7704858099913,195.89273680381783,189.9873421218858,190.6332550048828,54435758
2020-09-07,191.46369791589447,193.4475330094728,189.52598738950869,191.83277893066406,35687359
2020-09-08,191.83278511279622,192.38642073233063,187.21920188180508,188.28033447265625,34146789
2020-09-09,185.5583148390082,185.83511855679077,177.62294640668645,179.7913360595703,72715826
2020-09-10,182.42105357438746,185.88124053171475,180.11426226950258,182.83627319335938,67789617
2020-09-11,183.20538443732445,188.09578525168843,181.77517088601925,187.03465270996094,48487971
2020-09-14,189.9873377676556,190.2641555569475,182.09812228983122,183.15924072265625,63605531
2020-09-15,184.4510530148446,185.4660469633751,181.86745765411018,184.68173217773438,51761038
2020-09-16,184.40492189901656,184.58946240686893,181.08313643952087,182.88243103027344,52404964
2020-09-17,181.77516898064965,182.69788557446006,179.92973579302884,180.34495544433594,41223296
2020-09-18,180.85245607077164,181.95971318999116,175.03933859544634,177.71522521972656,55286316
2020-09-21,178.13044559015256,178.54566525157415,170.0105365509175,171.4407501220703,57611375
2020-09-22,171.7637063202661,173.74755565274378,167.15012286734958,171.80984497070312,51210889
2020-09-23,173.6091149812729,174.3472910445387,167.01169721482276,169.59530639648438,44320497
2020-09-24,167.10397295144406,167.74987172097968,161.9367546360846,162.7210693359375,46114798
2020-09-25,165.16628227973013,168.62646975765742,162.5365341646898,168.1189727783203,46550127
2020-09-28,169.7798575183578,173.60912584687503,169.18009734915717,172.7786865234375,41921548
2020-09-29,173.93208787644082,174.34730755148482,169.08782548200415,170.74871826171875,35688726
2020-09-30,170.74871290499627,172.36346698581715,168.30350542060168,171.0716552734375,37641083
2020-10-01,172.54800420574875,176.4234111099703,172.4557269139305,175.5929718017578,43588724
2020-10-05,177.16157905629137,178.82247167585157,172.59413491215383,174.16275024414062,41694686
2020-10-06,176.33115267381635,177.2538692988399,173.74754330784273,176.79251098632812,31098726
2020-10-07,177.6690673128974,178.2226887727225,174.4856981604089,175.9620361328125,34578053
2020-10-08,176.56182397429785,180.6679099570527,175.82364789121505,176.70022583007812,43351606
2020-10-09,177.16158364836488,183.43605921848533,175.82364742109465,182.97470092773438,64907230
2020-10-12,184.26651242756134,190.0334914975247,182.00585944804345,183.3437957763672,69122798
2020-10-13,183.29764900182371,184.5433220575273,180.02201629893312,180.5756378173828,34948525
2020-10-14,179.05316257126972,185.37376295799268,178.13044595310242,184.58946228027344,40548275
2020-10-15,185.4660424897722,186.85011743372573,177.16159282605108,177.94590759277344,49184123
2020-10-16,179.00704069116904,181.5445116288016,176.7925262319601,180.80633544921875,36893126
2020-10-19,181.036984713174,188.78781219883868,180.8985828621685,188.2341766357422,60220779
2020-10-20,185.46604827428396,188.55715471067091,185.1892304609519,187.3576202392578,39316753
2020-10-21,188.8801028161018,191.27917183161674,183.4822186505022,188.00352478027344,54515523
2020-10-22,186.29647566746206,188.78782174787324,185.55831365204625,187.58828735351562,33721637
2020-10-23,188.23419502101507,189.71054728044632,185.9735420633861,187.12693786621094,32707020
2020-10-26,187.03466736423664,188.23420185865552,180.4833874139383,181.4983673095703,45470123
2020-10-27,182.00584980365429,182.28266760025187,177.39226679215483,179.60678100585938,37794381
2020-10-28,179.92974787704932,179.92974787704932,174.43958659106764,175.73138427734375,46458319
2020-10-29,174.71639717396621,175.96205616000037,171.5330135796231,174.1166229248047,44822673
2020-10-30,174.71640754807765,177.16160109808453,171.76370293281164,174.62413024902344,41519686
2020-11-02,177.34614054759314,182.00586253096023,175.36230534573792,180.8986053466797,52600119
2020-11-03,182.69787195226647,189.89506366326313,182.32879097407664,188.92620849609375,69890201
2020-11-04,187.77281152107867,192.8477523729997,182.74400931099152,191.0023193359375,117577856
2020-11-05,199.3067902276194,203.92037333474022,198.1533944508392,201.75198364257812,138023646
2020-11-06,202.07495044896135,204.7046985866196,200.27565576087153,202.25949096679688,73147085
2020-11-09,205.30445055429377,205.4428524172341,200.2756477274109,202.5363006591797,60359458
2020-11-10,205.85808714957562,216.8384094875556,205.7658098541485,213.79344177246094,135294550
2020-11-11,214.7622986688433,220.85223414475914,210.14871545361572,216.10023498535156,107094861
2020-11-12,215.17750578313985,215.315921719241,208.21099271884975,209.27212524414062,58859905
2020-11-13,207.6112297240816,212.8245727497824,203.08992413079443,211.71731567382812,70676525
2020-11-14,214.07026046318416,214.9006998073035,210.1487147434922,211.90187072753906,7753219
2020-11-17,213.93184536662977,222.9283320494611,213.14753063938838,221.6365203857422,80501583
2020-11-18,220.89834718190556,233.4472985040574,219.514272289589,232.5245819091797,104514060
2020-11-19,228.83370993955293,232.34003573034067,220.52926078852076,221.22129821777344,82284278
2020-11-20,222.83607559911255,226.43466497697204,215.8695619311414,223.98947143554688,84411129
2020-11-23,224.68149930293478,227.12669273950866,219.6988351350136,220.25245666503906,57538324
2020-11-24,221.91333417892324,226.0655587269696,220.9906176126907,225.0044403076172,47636611
2020-11-25,226.48077603915337,230.58686190079743,222.92832574337612,224.22012329101562,74767232
2020-11-26,225.1428680841768,227.2189805972481,221.59040326332806,226.48080444335938,64248318
2020-11-27,226.48079228788583,227.21896840215584,223.34356140166125,225.37353515625,54355703
2020-12-01,226.06557895892675,229.7103069058262,225.37354147231778,228.87986755371094,37003272
2020-12-02,229.15667988925853,231.4634714561746,225.2351342255012,227.8648681640625,56723083
2020-12-03,230.03326138732302,238.98360998795255,228.83372693827116,236.4922637939453,79266442
2020-12-04,237.13816072004343,243.92013320513598,233.95479133951457,243.1358184814453,79252024
2020-12-07,243.41263105032633,250.47143566136964,242.67446902414954,248.764404296875,76053084
2020-12-08,250.01009377108753,252.54756462141233,244.7505974722376,250.88665771484375,65617502
2020-12-09,251.07120554999878,253.6548009007409,248.39533290264214,249.45645141601562,48495641
2020-12-10,248.2107635972771,250.05619678387393,245.0273800867672,248.71824645996094,38676657
2020-12-11,249.17959228118087,254.90044613684105,249.17959228118087,251.39413452148438,50255223
2020-12-14,252.8243412955791,254.8081762980177,251.30186458017621,253.00889587402344,31946501
2020-12-15,252.8704767041671,252.8704767041671,247.42645431551162,249.73324584960938,34890948
2020-12-16,251.71709553849243,252.50141033739675,247.74942513332184,248.57986450195312,24844177
2020-12-17,249.13346725955353,251.11730220036102,246.08851392334424,247.01123046875,25904699
2020-12-18,247.0112633004785,250.9328091396888,244.51991703311367,250.47145080566406,29816205
2020-12-21,247.703282231031,248.2107650967807,231.64800496292168,235.0159149169922,55160758
2020-12-22,235.10819826400575,238.70680154001593,229.06440156982083,237.55340576171875,51189571
2020-12-23,237.09204475429377,243.5049083132559,235.84637169608274,242.67446899414062,29056404
2020-12-24,244.5198822274252,248.07234652556298,244.19692580776288,246.22691345214844,28585509
2020-12-28,247.98012169937215,254.66981800568078,247.28808415044367,253.93165588378906,36870242
2020-12-29,254.94656054926315,258.2683456183793,253.47023665994325,256.42291259765625,45032526
2020-12-30,256.5152074859213,257.1611203511346,251.4402663306243,255.50021362304688,30971894
2020-12-31,253.74708282156226,255.82319531737502,251.5325684578442,253.70095825195312,29467966
2021-01-01,253.65478222568382,258.3606424157864,253.1934239356556,257.8070068359375,24531791
2021-01-04,260.0676884924348,261.9592463253599,256.2845446675077,259.3294982910156,31450608
2021-01-05,256.561340138131,260.6213157176046,255.59249896884702,259.97540283203125,27393072
2021-01-06,261.12879746069757,266.8034989115089,259.65244527080074,263.0203552246094,40765708
2021-01-07,266.66509648412483,269.24869169162093,264.81966329046304,265.465576171875,30546600
2021-01-08,267.68008575219517,268.8796060437408,263.15878013757845,263.8969421386719,32543357
2021-01-11,265.74239145464605,265.9269460456759,257.9915773357009,260.6674499511719,29703173
2021-01-12,258.36066456330127,271.1402959244087,256.42295394726096,269.8946228027344,44307145
2021-01-13,273.12408937154675,284.19668758931215,271.74001459432606,283.08941650390625,78042133
2021-01-14,282.99715587116043,285.35007163312395,280.32125555009156,283.504638671875,40123498
2021-01-15,283.08942858992594,286.8725721076587,278.0144875234509,280.367431640625,35307601
2021-01-18,280.0444824905079,284.79646725350705,269.61779638299225,271.69390869140625,54969750
2021-01-19,274.64657087036596,279.12175169464024,273.49317520220626,275.5231628417969,35803901
2021-01-20,275.707720320465,281.15177101488257,273.9084397708344,279.16790771484375,33759304
2021-01-21,280.5058078619117,281.5669261743118,268.9718519465371,272.0629577636719,29995203
2021-01-22,272.6627324235646,274.96952373002455,260.5751403458998,261.7746887207031,44440810
2021-01-25,262.51284546125044,265.7423532261516,255.63859624090307,259.2372131347656,34034630
2021-01-27,258.5452098183164,262.83583649656276,251.6248351246685,254.34683227539062,39211107
2021-01-28,250.88662305405947,261.45173876216603,248.67210897698834,260.5290222167969,48717297
2021-01-29,263.5278786085926,268.1875863874432,257.5302204351015,260.2983703613281,42300984
2021-02-01,263.06649951287875,289.6407254424253,260.8981099434261,286.68804931640625,103414068
2021-02-02,290.65572709388283,311.32457316652153,290.65572709388283,307.3569030761719,121434166
2021-02-03,307.9566759641038,313.63137761971683,300.6210674752607,309.9866638183594,66420168
2021-02-04,308.5564319570743,330.33254981107206,305.5114783760777,327.65667724609375,145203439
2021-02-05,357.0913326430714,376.79133815067377,355.38430126089514,362.71990966796875,214955688
2021-02-08,367.24121607921705,376.2838277240696,364.24238705344453,366.3646240234375,79389205
2021-02-09,366.08779120209425,372.3161279144172,358.9367379397975,364.2884826660156,63869990
2021-02-10,363.5964253102236,367.1488894645844,358.01400175270874,361.935546875,54163507
2021-02-11,361.52037112323245,366.2723843837571,358.2447382891774,359.9978942871094,36392708
2021-02-12,360.78218669182075,368.4868758501748,355.75337001266513,362.7660217285156,53589755
2021-02-15,366.7798588564866,377.80633380146327,365.11898019322,375.4995422363281,56608937
2021-02-16,380.15921384717547,383.61940086641556,369.3634190835168,371.2550048828125,80365431
2021-02-17,371.85475826668755,382.788954681282,369.2250105478752,379.92852783203125,74161370
2021-02-18,392.2006743381445,394.6458958228092,381.7278635950129,383.1119384765625,67154539
2021-02-19,382.9273686965026,382.9273686965026,364.4730376749844,368.67138671875,66155518
2021-02-22,369.64029268979243,370.0093737150493,355.84566761808173,359.39813232421875,52535049
2021-02-23,361.7049173954127,368.8098466793104,358.93676751738656,365.0267028808594,45462768
2021-02-24,366.3185087139423,378.7751834435096,364.6576300136309,374.8536376953125,39632090
2021-02-25,379.2364931334887,382.83508196206475,375.13039331890053,375.77630615234375,46988836
2021-02-26,368.62530057057666,370.00937554142985,357.09134248013305,359.9978942871094,64450414
2021-03-01,364.5653733085438,366.96444235711357,360.78222921184675,364.4269714355469,29677890
2021-03-02,364.4730558127933,368.67140506548753,360.36695569253783,363.7348937988281,30534337
2021-03-03,365.8571224284956,377.2988023404721,365.3957641404395,373.746337890625,46268223
2021-03-04,367.8871174497629,372.3161458392388,363.96557192357517,365.07281494140625,43603653
2021-03-05,364.4730839570286,364.4730839570286,348.8791778954929,354.000244140625,72179228
2021-03-08,358.42926852250156,362.9966987204568,356.21472619238034,359.4903869628906,39147858
2021-03-09,363.04285621835277,364.38077838806,352.7084190721633,357.64495849609375,28054083
2021-03-10,360.87444373292726,362.62759952374637,355.89178005830894,357.7372131347656,22677399
2021-03-12,361.4281101210432,362.8121850464609,348.3255228967916,351.6473083496094,35336355
2021-03-15,352.9391287982521,356.16863716634066,340.80541013282067,354.2309265136719,42722585
2021-03-16,355.7995106754586,357.87562293258566,347.03370336758877,349.2943420410156,38196452
2021-03-17,348.9714704515201,350.3093927835248,337.7604399149155,339.6981506347656,33143064
2021-03-18,342.78919519802463,346.01870309356457,333.19294879737794,338.729248046875,39405038
2021-03-19,335.8227351098441,344.081032209242,329.6405223081732,342.4662780761719,60309145
2021-03-22,343.2505764246637,343.98873844366693,335.40748529668076,338.6369934082031,28461974
2021-03-23,340.20561801480284,348.74074647275876,338.68311311396104,343.896484375,41032380
2021-03-24,340.0210744290516,340.5285573063599,330.93231009133086,332.0395812988281,42318999
2021-03-25,332.177960088989,332.96227479323625,318.52176632673815,327.7489318847656,57495003
2021-03-26,332.17798616456764,334.0234194210375,327.14916927705667,329.5943908691406,40718848
2021-03-30,332.2702529713809,336.145645792198,328.7639129993168,332.9161376953125,39405124
2021-03-31,332.45479384355264,339.4213213650306,330.286432268672,336.1456604003906,38651025
2021-04-01,339.28288589191675,343.1582784972576,335.038384140194,342.0048828125,31883453
2021-04-05,339.09834817506515,340.66697764794066,322.0742157581561,326.2264404296875,51743981
2021-04-06,328.21029533523836,329.4098156130564,322.3048867577723,323.4582824707031,44147709
2021-04-07,324.10417701864145,335.1306506747912,320.7362673590169,330.8399963378906,48023602
2021-04-08,333.10070620386483,335.2229432069068,326.9184934677523,328.1180419921875,33370259
2021-04-09,327.0107612463938,336.33020464759375,324.05808498718307,325.7189636230469,46473100
2021-04-12,317.41448289897403,317.41448289897403,297.62220228016156,303.4353332519531,75501713
2021-04-13,306.34191285969575,315.79975806093637,304.9578379521971,314.6463623046875,49773360
2021-04-15,315.66136073512536,320.6901494091417,310.1250610256256,316.2149963378906,52992349
2021-04-16,316.49177457430494,318.79856593417594,312.4779519763145,313.63134765625,37766793
2021-04-19,301.86672038815544,306.38802595150435,296.46882281925707,305.5575866699219,53304377
2021-04-20,309.2023444267609,313.6313729310078,301.4515304647906,304.0351257324219,41296147
2021-04-22,300.805611680967,311.5552544420452,298.314265596666,310.6325378417969,49105833
2021-04-23,306.0189416609871,313.63135328518615,306.0189416609871,310.447998046875,44223940
2021-04-26,313.03163719234016,320.5979253166266,313.03163719234016,317.69134521484375,49234985
2021-04-27,317.414501939796,327.518259704126,315.9381497873308,325.76507568359375,46003023
2021-04-28,329.4098652733721,336.1456859887197,328.53327313576364,335.31524658203125,56696255
2021-04-29,336.7915780144027,341.3590367059003,328.02576981950733,331.6243591308594,63692926
2021-04-30,326.13417328805616,334.4847467360436,323.3660236598958,326.1802978515625,53832840
2021-05-03,322.5817693684905,325.25764221160694,315.01548103780857,323.5044860839844,43691860
2021-05-04,327.564408151727,334.8538639970908,323.13537953048944,324.33489990234375,57749307
2021-05-05,328.94849617632946,329.82508828531144,321.10540440213924,327.9335021972656,40872501
2021-05-06,330.3325357820869,331.57820879743775,323.45828599449993,328.0718688964844,36294427
2021-05-07,329.87116449626274,334.02338894446746,325.718940048058,330.5632019042969,38357618
2021-05-10,332.6393109254276,338.63696840397205,331.07068155202484,333.74658203125,41739324
2021-05-11,329.27141930581604,338.0833514374127,327.33370884363694,336.4685974121094,41892770
2021-05-12,334.76156417703226,344.63464285305236,333.9311248863098,339.28289794921875,53436590
2021-05-14,341.40516403631597,343.71195568521,331.76276368030784,332.5932312011719,51722170
2021-05-17,336.23792504859455,355.430447317675,335.5458875952183,353.49273681640625,106555796
2021-05-18,359.8594578704934,362.21237383140135,350.6784168483727,352.7084045410156,70917710
2021-05-19,352.47774650069994,359.3981211047713,351.73958447322957,354.6922607421875,48189573
2021-05-20,357.0913248970275,357.82948691483796,352.47774188802197,354.8306579589844,42898608
2021-05-21,359.85950124299035,373.14661565706973,348.7869012047445,370.1939392089844,192810772
2021-05-24,384.7727802007013,386.8027677627514,373.97698589546974,380.205322265625,142964052
2021-05-25,383.0196482649486,383.3887292557626,376.929713359757,380.482177734375,56048127
2021-05-26,381.8201261765352,386.38758471017263,379.05197631592506,381.5894470214844,52357719
2021-05-27,381.7278703809433,395.9377004523106,380.15924089033814,392.339111328125,73392997
2021-05-28,397.2294920856757,400.13604371302404,387.5870924543444,389.4325256347656,65137568
2021-05-31,388.46373348888295,393.0773170220051,385.6955833690097,391.5548400878906,38291043
2021-06-01,393.12343525366754,401.7047173823289,392.70822963783024,399.12109375,59299647
2021-06-02,397.506291500896,404.1037375768247,395.98381477532604,403.45782470703125,38657806
2021-06-03,406.9499862943344,411.55961421151557,403.6906614613134,409.4177551269531,38909199
2021-06-04,407.4155963050927,411.51302747554973,402.0609913250829,403.7837829589844,36898769
2021-06-07,405.1806386250888,407.32246926106285,401.1763082625826,402.526611328125,20201197
2021-06-08,402.5265808669364,402.759389762753,394.8438873049879,397.8238525390625,31113823
2021-06-09,398.1032020538051,402.57312137591043,389.4427227100807,392.46923828125,27784834
2021-06-10,395.6820235893415,403.5043973969269,393.3539344549972,402.526611328125,27397712
2021-06-11,404.94776323501065,405.55306062676254,396.007896742895,400.05877685546875,26831924
2021-06-14,397.6376181071387,402.7128637105549,388.04590238693095,400.75726318359375,30106015
2021-06-15,399.6863389241924,403.0387644163562,398.56884481410066,399.9656982421875,16413658
2021-06-16,398.5688115304069,402.99218034996164,395.7751049075302,396.6597900390625,19701175
2021-06-17,392.05017227817336,396.6597996856452,387.9527414821173,391.35174560546875,23048331
2021-06-18,394.75079451015887,394.75079451015887,374.9620365386517,384.5072021484375,45748727
2021-06-21,378.40758769339516,392.0501834035559,372.9598538078958,390.8861389160156,33128978
2021-06-22,393.9126973464614,396.1942361573442,388.6046425394178,389.86181640625,28442965
2021-06-23,392.14331475681763,395.542318994917,386.4627719432385,390.04803466796875,27564829
2021-06-24,391.4448915940095,393.6798513584784,387.6733703486039,388.5115051269531,19214547
2021-06-25,392.0502159360691,401.3625726091348,390.23429501719835,399.3138427734375,29886797
2021-06-28,401.08317707774927,403.36468720530377,395.3560555054559,397.40478515625,29370660
2021-06-29,398.1032217439807,399.45352474091,391.63112291174883,392.51580810546875,22275961
2021-06-30,393.9126462015444,395.6819881011448,389.5358276539056,390.37396240234375,18337773
2021-07-01,391.3983258308594,394.56454972355107,388.46493926585975,391.491455078125,16161469
2021-07-02,391.39829811384624,396.1476051975036,390.1877032422914,395.21636962890625,16423811
2021-07-05,397.1720151723822,404.62190056834714,395.076734904767,402.89910888671875,16483761
2021-07-06,402.0144377138472,406.48435742443144,398.75511296932143,400.1985168457031,20195278
2021-07-07,399.8260026130876,404.1562423833844,398.1497615149035,403.0853271484375,14473774
2021-07-08,403.0387646564403,405.45998295037754,393.07456058158573,395.2629699707031,21433043
2021-07-09,395.7751284799041,398.10321747096236,392.09673650641,394.611083984375,16844494
2021-07-12,397.17198594927765,400.6641194716922,395.402643981732,398.0566711425781,12886781
2021-07-13,400.4313376193544,402.1075504557195,398.8482256146317,399.5932312011719,12831125
2021-07-14,399.50009692278303,402.57316322379705,397.07887853034873,401.40911865234375,12767351
2021-07-15,402.94567044903,403.17847935767423,400.1053847121368,402.0144348144531,11030732
2021-07-16,402.29374545784884,402.75936321879544,398.056635200856,400.4312744140625,8713863
2021-07-19,394.285147803063,399.9191402408816,390.04803718588283,398.4757080078125,14426686
2021-07-20,397.6376356206919,397.6376356206919,390.0946209239352,391.95709228515625,14623321
2021-07-22,396.2872785397621,397.3582221618421,391.9570388985362,393.0279541015625,11799761
2021-07-23,393.8195381819172,400.3847663571468,390.65334275637986,399.4069519042969,17704661
2021-07-26,398.3825767855014,398.3825767855014,393.26078100513166,394.1920166015625,14037519
2021-07-27,394.9835819851428,403.45783179906704,394.8439023261499,400.384765625,24119619
2021-07-28,400.4313134306606,400.8969312369754,392.09674333000487,396.2407531738281,17636515
2021-07-29,396.7063409246574,413.0960921490173,396.24072315361906,411.1870422363281,35263606
2021-07-30,411.1405099517132,413.8410874589781,401.08317702153556,402.1075134277344,35196813
2021-08-02,404.8547050997758,406.67062601298704,402.1075485221602,404.994384765625,16926025
2021-08-03,405.04093217283224,417.1004160397289,403.7837584396201,415.79669189453125,40922962
2021-08-04,417.79883437777056,435.30608021145605,411.1405057108842,425.5281066894531,129761158
2021-08-05,429.2996493224006,430.69650284514165,408.2537172292914,411.46649169921875,58595639
2021-08-06,413.1892120186161,416.26227787017075,404.15621609766015,405.6927490234375,38236066
2021-08-09,407.7880638652858,411.4198770242276,401.36254390422636,403.5975036621094,22196404
2021-08-10,404.5287331076257,406.3912042806986,392.7020582100456,397.12542724609375,27794251
2021-08-11,400.2450186195273,403.13185444051834,394.05230804132174,398.6153564453125,23827946
2021-08-12,400.4313405922518,400.85040801398293,395.7751622132721,397.7773132324219,16847144
2021-08-13,398.19634380101513,402.52658360889035,395.77512558421836,401.5487976074219,20908992
2021-08-16,400.43132539380673,404.1562679556096,394.84391155110245,395.6354675292969,17608693
2021-08-17,395.6354530707824,396.566688677201,386.6955855653521,392.51580810546875,22957877
2021-08-18,393.12110981834735,395.1698395422523,389.25648769371605,390.839599609375,17668574
2021-08-20,386.46279556915096,388.6512050351009,377.2901187133971,378.7335510253906,25541790
2021-08-23,382.83095552349494,384.60029745509485,373.6582793071593,381.3409729003906,26559937
2021-08-24,381.340988439202,389.9549179704905,380.130393494319,388.8840026855469,19012313
2021-08-25,390.1877290376314,392.3295596193802,385.81091020825033,387.6268310546875,16410980
2021-08-26,385.997138220148,387.2077330761361,381.8065782153454,382.5050048828125,15897679
2021-08-27,382.13253432090767,385.857476722634,379.47850717586664,384.088134765625,15090541
2021-08-30,385.903998306072,394.1919888469476,385.0658920121054,393.6332702636719,20308691
2021-08-31,394.70422834831925,397.637614905615,389.9083705268286,396.7529296875,26262421
2021-09-01,398.10323594943776,402.80596456203665,395.91482651245417,400.33819580078125,18776721
2021-09-02,401.73504997002544,403.6906505005522,398.33604556311695,400.1985168457031,14372717
2021-09-03,401.595366725582,404.4356240385694,398.75510941259455,401.73504638671875,14233624
2021-09-06,402.29380389427104,404.0165955438334,400.47788299518106,401.40911865234375,10694099
2021-09-07,401.40912370405783,402.0144496240771,395.868288525643,399.5932312011719,14928735
2021-09-08,399.50006724691684,405.45996932623007,397.9635342105474,401.6884765625,22817464
2021-09-09,400.6641289649027,403.97000407682805,400.4313200578923,402.5731506347656,9662128
2021-09-13,400.52442929923404,403.96998389945685,399.31380599181415,403.0853271484375,9567921
2021-09-14,405.087507921884,406.7171703100755,402.5266098832974,403.22503662109375,9981562
2021-09-15,403.2250067157923,414.39983369174956,401.781602932353,413.32891845703125,22181568
2021-09-16,414.2601678659449,434.04892462973123,412.3045673960655,431.81396484375,42637448
2021-09-17,435.818284861057,439.4500982177545,419.38198129743745,422.8741149902344,41529478
2021-09-20,418.4972981096885,422.3153699829822,405.69280784008316,407.3690490722656,18376916
2021-09-21,409.88333338026194,411.00082743986803,402.89906655536015,408.62615966796875,17279588
2021-09-22,408.7193104234268,412.3511236797346,406.1118620391689,408.6727600097656,14321143
2021-09-23,411.97864340921683,420.12695529792387,411.6527052498572,418.8697814941406,20516770
2021-09-24,420.08040270798216,420.8253798520407,409.7436814245959,410.4421081542969,10731274
2021-09-27,414.3067196290846,419.5681951725557,411.83895093195804,415.88983154296875,11746892
2021-09-28,418.3110316843447,424.4571637444938,409.3711644799627,414.30670166015625,19241170
2021-09-29,411.4664864763132,430.51023887651775,408.9055883837945,428.368408203125,38635938
2021-09-30,428.3218303042038,432.93142952353054,420.3597487850941,421.8497314453125,26530369
2021-10-01,417.6591733111292,424.22437302899965,413.28235455317855,420.5925598144531,14777309
2021-10-04,422.5947292639287,432.4658328999094,420.5460278724598,431.3017883300781,16246765
2021-10-05,430.23086117096346,436.74951058264475,427.1577949587933,432.7452087402344,16487568
2021-10-06,433.0245515644931,438.6119651330672,422.45502188012944,425.76092529296875,19056690
2021-10-07,430.3239508995921,432.0932927507522,425.66777317598485,426.4127502441406,9984651
2021-10-08,430.13770292182636,432.0933032972844,423.0137565146367,426.5058898925781,16521128
2021-10-11,428.36837061301276,442.29035402555763,427.11119688501145,436.9822998046875,20686981
2021-10-12,437.6807411462377,451.0905283826517,435.91139915307474,449.78680419921875,33763609
2021-10-13,452.720183784286,452.720183784286,445.1306192857151,448.5762023925781,17638983
2021-10-14,448.8555648330264,459.9372629282879,448.8555648330264,456.86419677734375,23431826
2021-10-18,460.0303788249014,466.54902791756194,457.8885483477919,463.7087707519531,20084248
2021-10-19,465.94374906474116,469.52901189258466,450.0196142476955,454.6292419433594,20645100
2021-10-20,455.1879376380479,472.60205425609115,449.8799119126141,465.524658203125,34080545
2021-10-21,470.18085209827126,471.6708347526732,457.9351095550386,468.3649597167969,20808243
2021-10-22,469.90149278390766,473.71956445485785,465.6178033096478,468.3649597167969,24080485
2021-10-25,471.6708068847656,480.00537643919586,463.6156250472472,471.6708068847656,35619415
2021-10-26,472.6951800421617,482.56628274764023,472.6951800421617,477.3047790527344,21107457
2021-10-27,478.37574333682795,490.62145748273514,477.4910581413476,483.45098876953125,29463032
2021-10-28,483.8700222367135,484.75470747408866,463.3828663036088,466.875,28140401
2021-10-29,467.01466712563064,477.3979671060415,454.8154747232835,467.6199645996094,31355893
2021-11-01,473.5333123886215,481.40226473890624,466.54904524424654,480.23822021484375,20679604
2021-11-02,479.4000742009274,488.898688662565,476.83917630793303,485.82562255859375,26797820
2021-11-03,487.9674832371662,505.009084356643,479.7726208405007,491.36651611328125,80775924
2021-11-04,494.9516934278215,499.04915257149787,491.73891942176925,493.9739074707031,9796046
2021-11-08,497.6988933831952,497.6988933831952,480.93665205794434,487.26904296875,36802110
2021-11-09,490.0627302299277,495.41733488327134,486.291237450412,492.7633361816406,25451967
2021-11-10,489.4108832297653,492.1580397578148,485.6393902245987,488.3399963378906,15805538
2021-11-11,486.8965217838589,486.8965217838589,472.22958916977734,474.55767822265625,23086898
2021-11-12,476.79261433438705,477.7238499092589,468.1321348557006,476.18731689453125,19836221
2021-11-15,477.1651390129126,480.4244635776508,470.73959070718485,471.7173767089844,13328183
2021-11-16,472.50893498024186,472.50893498024186,459.56476590009873,461.05474853515625,19553216
2021-11-17,459.89068746912005,470.6464468307084,457.23666043654316,463.8949890136719,20488483
2021-11-18,464.77970377663814,471.39148236459494,458.44728450714973,469.156494140625,22471070
2021-11-22,471.2051951409038,471.2051951409038,444.66498158059596,452.9529724121094,28800269
2021-11-23,451.882094803241,461.3341308757469,446.99310768790457,459.1457214355469,20000371
2021-11-24,461.7065992231875,465.61780011174824,455.4207589216789,459.23883056640625,13963769
2021-11-25,456.3054282408574,461.3806734531988,452.8598452722333,456.8175964355469,12894211
2021-11-26,452.8133234232822,454.3498565233238,434.98016685813536,438.1463623046875,26305817
2021-11-29,437.68072445881825,444.897800234469,423.06031442310393,433.11767578125,22407465
2021-11-30,435.8183019596321,444.4322320731505,426.5059450801528,428.8805847167969,23026652
2021-12-01,432.5123883871725,444.43219277119266,432.0933209970317,442.61627197265625,17156956
2021-12-02,441.8712823895789,445.27028657030314,438.56540745059795,444.1993713378906,12962679
2021-12-03,443.0353540809868,448.3899589910565,437.7272995851212,440.6141357421875,16653993
2021-12-06,440.6140988616885,444.1993614460597,431.90704070508804,433.30389404296875,14353300
2021-12-07,436.9357465608352,446.71372017449403,436.9357465608352,443.9200134277344,13644942
2021-12-08,447.83118703791257,458.540396262907,447.22588959161516,457.74884033203125,20397660
2021-12-09,458.4472523831347,459.56474641681535,452.6736089932615,455.0482482910156,12560970
2021-12-10,454.9085790357137,461.84629544697117,451.09050748896226,460.6822509765625,13261408
2021-12-13,463.5225194457287,466.03686693088656,452.9064392999439,454.2567138671875,14047645
2021-12-14,452.580499757446,456.63138028476504,448.6692988857473,454.95513916015625,11642447
2021-12-15,456.3054492385272,457.2366848492181,450.2524177690366,451.4630126953125,8639835
2021-12-16,454.7689339050586,456.81763527706426,445.36344818636536,448.06402587890625,11107781
2021-12-17,447.0396555810828,448.296829373176,434.42142408409757,435.63201904296875,12648603
2021-12-20,427.4371636833221,432.0933419369531,412.537393271703,418.3110656738281,22336114
2021-12-21,425.6212274058776,426.738721513962,413.93423177950046,415.3310852050781,16617447
2021-12-22,419.05601972191346,425.8540282297802,418.1247841225314,424.5037536621094,13102553
2021-12-23,429.29960907364676,433.02455145172615,426.2730933914573,430.0445861816406,14471377
2021-12-24,430.78958199605336,431.72081756957743,421.10473771521373,425.5281066894531,13221159
2021-12-27,422.5016075492638,428.8339983285121,419.5681926430426,426.5524597167969,8856482
2021-12-28,429.4858703613281,431.0689538309039,427.483691084808,429.4858703613281,8832210
2021-12-29,429.2996338629338,430.37054917465906,420.35976595551256,423.1534729003906,11757303
2021-12-30,421.6169156458221,423.6190664913065,417.6591643669822,420.6391296386719,28879190
2021-12-31,423.0138030647614,429.67213242093464,421.94288772815577,428.7874755859375,10005842
2022-01-03,430.23085809494336,439.54321433076467,428.4615160939485,438.42572021484375,13124509
2022-01-04,440.00884915088545,451.3699355653671,438.6585460768737,450.25244140625,23296671
2022-01-05,448.7624015742661,460.9615928465408,446.20150383622973,458.5403747558594,24694169
2022-01-06,454.1636377234888,460.402899525006,452.0217786777581,457.8885803222656,18190843
2022-01-07,459.5182120822768,467.4337145771082,455.7932697317679,457.469482421875,22746330
2022-01-10,459.42506975618335,470.22740794884083,458.6335138454312,469.01678466796875,15832274
2022-01-11,468.4115045144542,472.88142400502176,464.91937103149354,471.1586608886719,16107950
2022-01-12,474.83699522744035,478.18944884865147,473.53327115781747,475.1629333496094,14489616
2022-01-13,474.9301431846433,477.5841418377846,472.1364364600278,476.18731689453125,10450974
2022-01-14,473.99891316961197,475.2560868942461,470.4136504804906,473.39361572265625,8724574
2022-01-17,473.0677069875517,483.2181982388684,472.6486395802748,478.6551208496094,17422211
2022-01-18,478.6550721143395,481.86784612553,470.2739521745942,471.9501647949219,12592506
2022-01-19,470.27396597295876,482.05411874693084,465.8971473972718,480.331298828125,16079457
2022-01-20,480.5176070136723,483.45102211731563,473.0677216336154,476.2339172363281,17724642
2022-01-21,470.5533309050689,472.60206056479433,463.75532248525633,468.13214111328125,16947941
2022-01-24,467.85276830324335,471.95019933428694,454.4429811020752,460.1700744628906,20233933
2022-01-25,456.3054561264398,481.9144358070053,455.374220501692,479.26043701171875,21791739
2022-01-27,468.9236801670863,494.34640095892695,468.5977704387478,492.57708740234375,35409230
2022-01-28,497.2798160724936,499.51480427323236,485.5462701138926,487.4552917480469,24715250
2022-01-31,492.6236388269775,503.70536534679854,490.80771801566414,501.28411865234375,28674232
2022-02-01,506.54563417332946,506.54563417332946,484.2425293849942,495.69671630859375,32245356
2022-02-02,499.7475505004152,506.8249175183001,494.8119569126202,502.680908203125,21661864
2022-02-03,500.21319723533884,507.2440142535979,500.21319723533884,502.9602966308594,22717677
2022-02-04,504.86937330585766,508.8271243709229,491.04049136388323,493.8341979980469,25332894
2022-02-07,495.3242754795101,511.2483826971255,489.13153554037376,496.5814208984375,52289545
2022-02-08,498.6766314255199,500.67881057078097,483.3112450230529,494.8119812011719,26567546
2022-02-09,498.16445784745775,499.60786155048567,491.459550667789,498.4438171386719,14856155
2022-02-10,500.16665065163033,506.54564903061146,497.6523598381064,503.3794250488281,18659370
2022-02-11,499.3751127986441,500.7254158465614,490.8542839429186,493.182373046875,14607095
2022-02-14,479.5863182160546,480.1450368224222,465.33842537259744,466.9215087890625,26153332
2022-02-15,467.4802724903449,490.62145447897535,462.91722372156096,488.7124328613281,23842951
2022-02-16,490.2955308729563,491.6923842372667,478.6550861703695,481.16943359375,19773807
2022-02-17,484.2425376060202,484.2425376060202,476.0010964264141,477.6773376464844,16408356
2022-02-18,475.02328408194904,485.08064558878283,475.02328408194904,479.8656921386719,15111223
2022-02-21,476.37356636628556,481.9144296301384,469.94804632169485,476.6529541015625,16866932
2022-02-22,466.45592723899205,470.55335837861924,461.42726045767427,464.1278381347656,27108772
2022-02-23,468.41152846004275,470.5999379050491,463.0569235124379,464.4072265625,13899433
2022-02-24,446.9931168381296,454.39645170338395,435.8182889171764,440.1485290527344,32356037
2022-02-25,446.99307804853817,458.07477575801397,446.34120177542894,449.740234375,21792287
2022-02-28,444.1062516511127,451.92862500192814,440.56756774116565,449.9730529785156,18069367
2022-03-02,445.13062231278,446.80683504591724,434.8870305859169,441.63848876953125,22003848
2022-03-03,446.99306459625944,450.1592597866722,432.6520427909402,435.2594909667969,20358590
2022-03-04,428.64773418310085,438.5188372009064,426.1799655334132,430.1842956542969,20684268
2022-03-07,416.72794874460675,422.73442998798953,403.6440993751081,410.0230407714844,33720472
2022-03-08,407.8812101679056,411.6992819742931,395.7751468524198,410.0230407714844,42510207
2022-03-09,411.60613299934477,423.06031945048284,408.39335882889986,420.6391296386719,32331325
2022-03-10,437.58758892426,443.8734290255677,429.90489546710614,436.4701232910156,34553299
2022-03-11,434.32829125108464,442.1506648431163,430.2308601713591,438.0066833496094,22091309
2022-03-14,438.61196252593584,452.5804963643414,438.1928951431617,451.7889404296875,27750689
2022-03-15,455.3742129012,456.7710663150074,447.5983898805279,452.4408264160156,27204899
2022-03-16,459.099141903301,460.30973679221927,455.74668812445583,458.8663330078125,16211288
2022-03-17,464.68659875780867,468.8771592676486,464.0347224219884,467.3871765136719,22947673
2022-03-21,467.4802770667619,467.4802770667619,455.3742141148338,456.86419677734375,19064060
2022-03-22,456.86420148785135,461.706609667117,444.43220025984135,459.75103759765625,26157969
2022-03-23,464.22097214767933,467.85278550373954,455.56049195868536,456.9107666015625,15800195
2022-03-24,451.649257989312,460.77535533982467,450.2524046140873,453.6048583984375,18174877
2022-03-25,457.9351224726912,459.3785263360452,453.1392646471291,456.95733642578125,11541196
2022-03-28,457.1901517730187,464.31409878113385,448.80903095898765,463.28973388671875,16738684
2022-03-29,465.6177867542614,466.9215108733624,457.88854286176235,460.96160888671875,14301429
2022-03-30,464.96593149591325,465.99029635687214,458.44728218679097,460.30975341796875,16461225
2022-03-31,460.30975483884754,463.3362705988537,458.354182775319,459.611328125,10240982
2022-04-01,457.2366733006267,474.6973405600702,457.2366733006267,473.2539367675781,18527226
2022-04-04,474.27829656735247,479.4932502155485,471.2052303457634,477.1651611328125,16257176
2022-04-05,479.0276052463827,480.8900764070014,472.7883154906881,474.37139892578125,13602384
2022-04-06,472.1364521966896,479.7725955327789,471.20521659077895,478.6085510253906,13738275
2022-04-07,474.9767176387794,484.1494226184488,474.9767176387794,479.539794921875,19620958
2022-04-08,483.77691114198547,483.77691114198547,477.11855363356403,480.6106872558594,13572638
2022-04-11,478.18947254437523,486.1049750110299,477.9101132367034,479.49322509765625,12370288
2022-04-12,477.49103614159725,481.169427992416,469.66866307633074,477.5841369628906,14460680
2022-04-13,478.93448405839547,485.08067345936144,478.42231581784336,482.1007080078125,15440525
2022-04-18,476.79265824337585,479.58636522527064,469.3427729583231,474.4645690917969,14492183
2022-04-19,477.9566873090639,485.12721303086033,470.36712260501565,476.60638427734375,20362934
2022-04-20,476.7926373359957,478.37574925727273,472.13645923701137,474.2782897949219,11881305
2022-04-21,478.0963565118487,482.3800173281685,476.978862478602,480.7969055175781,10035638
2022-04-22,477.6307590507531,478.18947767208795,464.68656155476515,466.1765441894531,16760456
2022-04-25,460.9616602376713,464.8728614497352,456.3520322676716,460.7288513183594,14057444
2022-04-26,464.6865922605249,472.97458391362466,464.1744240174396,470.7396240234375,12137213
2022-04-27,465.6177825697587,468.2252307845277,458.0282183976824,463.056884765625,12367342
2022-04-28,464.8262281042895,474.9301397013547,462.3584595327894,472.60205078125,12154792
2022-04-29,473.16083892009266,477.25827009170274,460.03041058595346,462.1722412109375,12894773
2022-05-02,458.7732274416462,460.96163685598583,448.20369735719777,457.2366943359375,18590895
2022-05-04,458.1679412917248,462.31195131533974,444.6650243227614,446.66717529296875,14645323
2022-05-05,451.64925034840905,460.03037045796714,445.7358988095211,446.9930725097656,14130385
2022-05-06,438.61196592978445,452.67362912004927,438.61196592978445,450.6714782714844,16710020
2022-05-09,444.29251240309696,450.438673074012,441.21941785811185,443.1750183105469,13544947
2022-05-10,444.19937553278925,449.3677216792281,440.9400509743726,442.5231628417969,10884328
2022-05-11,442.5697090695901,446.06184249202244,431.76737066572184,443.7803039550781,14771351
2022-05-12,440.47441421123784,440.47441421123784,424.96934802059377,430.83612060546875,18947096
2022-05-13,437.1685740476676,444.19939162505403,409.51086471093816,414.07391357421875,61403008
2022-05-16,414.39986277150587,429.7652509416853,408.6727692282503,423.71221923828125,27940958
2022-05-17,426.78529141730706,437.354821837337,424.78314043302424,435.1664123535156,16880698
2022-05-18,435.72511632653266,436.37699259137,425.667783565683,426.5058898925781,15644497
2022-05-19,418.17133961998803,419.0560248177811,413.887678545984,416.7279357910156,14201420
2022-05-20,423.5725451792933,432.0933457753184,422.9206688503715,430.6033630371094,13596860
2022-05-23,431.25521161919863,438.9844557239664,427.9027577786884,429.20648193359375,13499415
2022-05-24,430.6033429344007,434.70077395889433,428.5546416316817,430.27740478515625,17175179
2022-05-25,435.99930806214456,439.26222115340613,427.53466786818933,429.4735107421875,12728644
2022-05-26,432.0743862620898,444.6058200838844,427.96028712166645,443.47088623046875,17055257
2022-05-27,445.83530418702605,449.24007685783033,442.1468124863909,443.5181884765625,10977001
2022-05-30,447.34855034754094,451.0370421360326,445.5515957698212,448.8617858886719,9365470
2022-05-31,448.2942925870972,450.56413133401236,439.7823756392409,442.7142639160156,15441579
2022-06-01,442.61969283792894,446.402767135689,439.4986680873034,442.9034118652344,9424008
2022-06-02,441.57935583626335,446.7338062777731,440.87002938261895,444.369384765625,9370989
2022-06-03,447.5849844251947,449.7129637489278,438.36374068901796,439.30950927734375,11306291
2022-06-06,439.0258017870629,440.3498720730131,431.7433719204855,438.55291748046875,10661432
2022-06-07,436.8032352488327,440.68089229525094,435.52644186174086,438.2691650390625,7672515
2022-06-08,441.2955974101394,449.7602083505448,438.079990213154,445.7406921386719,17168871
2022-06-09,443.51818510053766,445.3624165055338,437.3706893587511,441.62664794921875,12635601
2022-06-10,436.9450821701556,438.97847883631295,433.7294747838409,436.80322265625,8621104
2022-06-13,429.3789371422775,429.4262140264515,418.12429676502626,421.6709289550781,13426836
2022-06-14,420.867031215852,424.8865478061158,419.3065187827337,423.7989196777344,11351101
2022-06-15,424.6028417046836,430.75033785355936,424.2718169087689,426.8726806640625,9920926
2022-06-16,430.4665814742764,432.92558565795474,416.2800521790949,417.65142822265625,10780703
2022-06-17,416.13818525457054,423.27872666107095,413.5373215967295,417.0839538574219,14326050
2022-06-20,417.55685609982976,419.4011164996582,407.3425662951897,411.1256408691406,12368534
2022-06-21,415.665279547109,430.27741525368896,413.868325066745,426.30517578125,13801891
2022-06-22,424.41364220635995,426.7307867283347,420.5359853295658,423.373291015625,11066447
2022-06-23,424.6500831053022,431.6960704167751,421.8127774275385,426.919921875,12229833
2022-06-24,431.08128612756275,435.38455027355786,428.62231102992564,429.6153564453125,10833364
2022-06-27,435.0062658485541,439.64052607470876,433.2092824733034,436.1884765625,9509175
2022-06-28,434.0131914547224,440.491711938516,433.1620055133448,439.07305908203125,13261290
2022-06-29,435.05354801240566,437.6071347305486,433.1620108471343,434.2023620605469,11800876
2022-06-30,434.10777801307705,443.84918283740706,433.7294763537707,440.6335754394531,16926328
2022-07-01,438.22188389491066,443.37630541575845,435.57371451361155,441.5320739746094,9405495
2022-07-04,441.5320610921888,448.4361600833809,441.5320610921888,447.7741394042969,9186358
2022-07-05,449.3819223593166,453.96890561565453,445.45698863536103,446.54461669921875,12003244
2022-07-06,449.3819244644131,454.91467630003484,448.1997137671677,453.921630859375,12059857
2022-07-07,457.7520110566737,461.7715276826879,455.48217214626163,460.3528747558594,11497832
2022-07-08,462.4808442303567,463.33203019569055,458.8396293570521,462.05523681640625,9057231
2022-07-11,458.6977720918318,464.6561027409874,458.6977720918318,461.7242431640625,7704792
2022-07-12,458.69775906147703,464.7033952876818,456.9008045407598,458.6504821777344,7364457
2022-07-13,461.2986047162549,465.74372839283694,458.27213384761626,460.11639404296875,8208853
2022-07-14,460.21100940450947,462.38626565305754,450.9424597491278,453.35418701171875,9385630
2022-07-15,456.3805903939709,458.13026793850156,448.9563305595152,453.1177062988281,6945602
2022-07-18,458.272157767472,464.8452609990571,455.9550420444267,463.7103271484375,9934786
2022-07-19,461.53505638903056,471.5129031327425,461.53505638903056,470.9454650878906,11724183
2022-07-20,473.8300667144491,482.9094510108322,473.26259978419387,481.0179138183594,19280117
2022-07-21,482.15281292081585,485.55761446071546,479.2682302825926,484.2807922363281,13814893
2022-07-22,485.60486645969866,491.98880407908524,483.47688725323644,485.84130859375,14699129
2022-07-25,485.55761646836356,490.85389747437273,481.5380711043207,489.7189636230469,10229778
2022-07-26,489.624398970835,492.556258440218,485.2738289249796,486.314208984375,8862656
2022-07-27,487.3545247120165,501.2100571289965,484.46994216508864,499.5549621582031,15101546
2022-07-28,504.2838504057992,508.35064401287485,500.83177177965706,503.57452392578125,12160734
2022-07-29,506.0334689140187,507.8777291963506,498.1836012182079,499.6968078613281,11921058
2022-08-01,500.35886167166035,505.98619633480314,497.85260953984863,504.8039855957031,8295631
2022-08-02,503.0543776407157,515.349370325729,502.2977165261426,512.701171875,16845027
2022-08-03,512.511993525269,516.7679519437197,505.655171628876,511.5188903808594,24262125
2022-08-04,514.1671635560723,514.4981595024614,495.7719512714804,504.3311462402344,18072293
2022-08-05,506.5063861474402,513.4578203213883,500.3116130693966,502.25042724609375,21110734
2022-08-08,495.58272221944645,495.58272221944645,485.98314830777673,492.177978515625,32566317
2022-08-10,493.2655702633671,495.10983046053855,485.5575913010178,486.7870788574219,16904151
2022-08-11,491.7996827916567,497.47429451617586,489.15154219857493,496.2920837402344,13862195
2022-08-12,497.1905298884075,502.9596948559826,496.67036873971307,501.91937255859375,12154012
2022-08-16,504.3783780065253,504.8985391865189,496.52851024669945,497.427001953125,10721167
2022-08-17,500.16971280275317,501.7775310056564,495.9137540024929,499.5077209472656,12054183
2022-08-18,498.27816163878566,505.79703352089945,497.6634466865571,503.4798889160156,9013662
2022-08-19,503.14887253569157,504.7094137454508,490.38099701081967,492.1306457519531,11087222
2022-08-22,490.853901910903,491.7051167383744,482.3419845367255,483.57147216796875,9676954
2022-08-23,480.68688485359866,495.5827401146792,480.68688485359866,493.5966491699219,8597965
2022-08-24,490.85391523552954,494.63698972674746,484.5172539177123,491.13763427734375,11930650
2022-08-25,493.6439082290722,499.64951545599195,490.38099517324997,492.177978515625,15473450
2022-08-26,495.3935546875,500.7844469647244,493.88034809833897,495.3935546875,12855886
2022-08-29,483.57148799346,488.9623807185564,481.1597895368773,486.928955078125,9421339
2022-08-30,490.0972765840888,503.62175537109374,489.8608344454169,502.4395446777344,14835308
2022-09-01,493.92762598529777,511.5662325595548,493.92762598529777,504.37835693359375,16670228
2022-09-02,507.8777131616108,508.68159334192575,502.4395439797127,507.593994140625,10017930
2022-09-05,507.8777297346641,511.4716388097338,507.21568018067234,509.6747131347656,7819994
2022-09-06,508.8234731138315,513.2685967845732,505.1349527279727,508.6343078613281,8657868
2022-09-07,505.4188074634972,508.30339040263664,502.72333208091305,503.95281982421875,8445359
2022-09-08,506.9319331126886,516.6733374465072,506.4590488467253,515.1128540039062,12240707
2022-09-09,519.8417059673161,526.7930817113361,518.2811647716557,523.3410034179688,18587927
2022-09-12,524.8070068359375,528.3063043931888,521.3549284374099,524.8070068359375,9677415
2022-09-13,529.6304288474462,529.6304288474462,523.7193749540595,527.7388916015625,16707275
2022-09-14,520.1726982673808,543.6750234535912,519.4633718606526,540.7431640625,21632641
2022-09-15,541.4997937964107,547.1271284429683,537.1020044950002,541.1215209960938,12749947
2022-09-16,538.2368625915752,542.871151610006,529.9141108366572,531.332763671875,14739280
2022-09-19,530.2925088124447,543.2495512341687,529.2048517436883,541.2161254882812,11194003
2022-09-20,546.6069776867555,546.6069776867555,541.7835231583919,542.91845703125,8484017
2022-09-21,543.8169443532304,545.9922005856165,534.7375888940823,538.8043823242188,9392526
2022-09-22,536.0143846837367,542.8712074256107,531.5219835769916,536.5345458984375,11869435
2022-09-23,534.1700991407816,537.1965702364364,519.6998509593694,520.7401733398438,12563239
2022-09-26,516.2004810276811,519.2269520381395,504.09465471098065,513.8360595703125,16158750
2022-09-27,515.0182717607147,521.0239369145561,504.2838214038483,507.40484619140625,11066799
2022-09-28,504.0000796305769,510.52584794188544,492.13063823639163,496.3865966796875,12233485
2022-09-29,500.3115953811916,506.64825662197285,491.37407045931724,493.45477294921875,17310168
2022-09-30,495.5827187447877,507.7831560940152,488.15845873914054,501.82476806640625,17466950
2022-10-03,498.98746190216895,502.817870694515,490.3809912215064,491.5632019042969,9351162
2022-10-04,504.0946626378347,506.74280316670263,499.17665438414605,503.8109436035156,8745887
2022-10-06,505.6078513199719,512.4173965270862,505.6078513199719,508.16143798828125,9507322
2022-10-07,506.45906451480334,506.5536182808691,497.99442434716724,501.4465026855469,11065307
2022-10-10,497.1905550114877,504.94586892749584,493.88036497509313,501.9666748046875,9649292
2022-10-11,501.9666720027099,504.75670084855227,497.0013869758343,498.7983703613281,10825440
2022-10-12,501.2573482590859,505.9861911671905,497.4742739326023,504.85125732421875,8522604
2022-10-13,504.0946668770426,504.8512702166341,491.9888402681743,493.1710510253906,12972765
2022-10-14,501.4464668577873,505.84425571800364,497.4742276395939,498.6091613769531,8545479
2022-10-17,497.852606168704,515.1601597269055,495.77190373695043,514.1671142578125,13485349
2022-10-18,517.4299285082948,532.940555155672,517.0989326199887,531.947509765625,20440781
2022-10-19,532.4677221755691,532.8933295908961,521.6386601529041,523.3883666992188,9540583
2022-10-20,522.0642708738797,526.6039486407994,515.7276096642603,525.2799072265625,11225588
2022-10-21,527.0295821096737,535.1158925512549,527.0295821096737,530.434326171875,11767639
2022-10-24,536.250784095811,541.4525112783982,535.2104617493467,539.5609741210938,3692065
2022-10-25,541.4525497145627,554.4095917069079,537.1965908085093,547.1744384765625,19899324
2022-10-27,552.2815145924133,553.274559949862,546.2758501185651,548.2147216796875,13613533
2022-10-28,548.4984448958112,551.0520313525482,536.2507314594284,539.79736328125,10043644
2022-10-31,543.769663807375,546.1340852886444,537.5748910714758,542.6820068359375,9894639
2022-11-01,545.0936727265695,553.9839200565388,543.438577788287,545.6138916015625,12069579
2022-11-02,544.6681809673819,547.552763764299,538.9935691471632,542.7293090820312,10241440
2022-11-03,538.1423698961975,556.064697626696,537.1966012320565,553.1801147460938,17557998
2022-11-04,554.2203860808812,564.5765635432895,548.9241051401274,561.7392578125,25759031
2022-11-07,579.7561540508798,588.9301210515242,574.7435919964456,580.8438110351562,44265903
2022-11-09,587.3222354881241,587.3222354881241,577.4389431687815,582.1677856445312,18939854
2022-11-10,579.8507294333699,581.742266711215,569.541885904196,572.8993530273438,11618405
2022-11-11,583.7756325837807,585.9508886854824,566.0424724202394,568.6906127929688,15525267
2022-11-14,571.1970082557938,571.1970082557938,559.564064987439,560.4152221679688,12957268
2022-11-15,562.0702421422246,569.447225345239,560.5097586575258,568.2650146484375,10286417
2022-11-16,567.4138356593622,570.7713023635337,563.6780384567788,567.2246704101562,11555749
2022-11-17,566.6099599916786,570.062038562034,563.8199887288042,566.5626831054688,8167131
2022-11-18,568.4068914128185,572.8992919689098,564.7657056310915,570.0147094726562,12933675
2022-11-21,569.4472590238177,569.4472590238177,563.0633208835276,565.6641845703125,7412419
2022-11-22,565.7115512979567,568.1232498539574,563.8200139638168,566.6099853515625,8048595
2022-11-23,568.9270662065175,576.5404915759619,568.4069050431018,574.6962890625,12435924
2022-11-24,576.6824076810045,578.1483374757161,572.9466101411601,576.3040771484375,8960032
2022-11-25,577.4389751568668,580.4181691716772,573.3721819474615,574.4598388671875,9994513
2022-11-28,572.7574208626024,577.7700404458606,569.6836730210467,575.5947265625,7934274
2022-11-29,574.1761092999211,578.6212333836287,574.1761092999211,575.5474853515625,6942919
2022-11-30,575.500208955112,578.2429610607289,565.9479689220002,569.7783203125,15606230
2022-12-01,574.8853840368389,576.7296442351469,568.927053778954,575.121826171875,14209313
2022-12-02,574.5544076867228,576.5404985985498,571.4806598266704,574.6016845703125,7533838
2022-12-05,575.5001849939731,584.4849865674205,574.6016932916017,583.8229370117188,11585602
2022-12-06,581.411289017972,586.1874092493424,574.8381852262181,575.9258422851562,12996244
2022-12-07,577.7226931086815,579.6615648076655,571.717085932937,574.1287841796875,7613892
2022-12-08,576.6823867404484,580.512737911779,574.2234115434572,578.4793701171875,10020015
2022-12-09,581.0802542336061,584.484998122909,576.067634445001,583.0663452148438,11202267
2022-12-12,581.4585007462825,585.147021230506,577.864591753399,579.8034057617188,9285187
2022-12-13,580.2290474002932,583.9175681021829,579.2832787818738,583.3027954101562,7455415
2022-12-14,584.9578670071755,592.7604577958726,584.0120984267273,591.5782470703125,14010673
2022-12-15,591.6255594401115,595.4086339888136,580.985662271887,582.5462036132812,10622271
2022-12-16,578.8103769582387,582.2151207914691,569.447244829155,570.6294555664062,9435071
2022-12-19,571.2441924209372,576.4459193386776,570.298423890439,571.6697998046875,8322012
2022-12-20,570.298423890439,573.6086137471829,567.0355109151941,571.6697998046875,6753785
2022-12-21,573.0411615139539,576.1149091618787,557.6250886688739,561.2190551757812,9217253
2022-12-22,564.6237987111235,566.5153357252311,555.6862747744393,561.2190551757812,8740149
2022-12-23,558.003451782652,558.6655013213187,540.5067333792975,542.8711547851562,13047046
2022-12-26,542.8712118284932,569.0690153032233,539.7501867898378,564.7184448242188,13201587
2022-12-27,567.8394648399637,570.39299376433,561.1244734486816,569.2581176757812,9638618
2022-12-28,568.3123929733651,574.0815585274914,566.0898020573286,568.4542236328125,7988631
2022-12-29,567.4611579261255,584.4849926639092,564.7657405160301,578.6212158203125,20130392
2022-12-30,581.8841427047076,586.8967048392173,578.1956220014096,580.418212890625,13052895
2023-01-02,581.6004365130118,585.6199532316294,578.0538041142315,578.9995727539062,6726084
2023-01-03,581.1747504525312,583.1608412370937,576.9187921497869,579.1886596679688,6818062
2023-01-04,578.6685384549529,581.6004559711173,571.2442774751737,572.3792114257812,7011191
2023-01-05,574.0815292943545,578.4320416816555,569.3054095001119,572.2845458984375,8241475
2023-01-06,574.4598657287963,574.5071426133578,564.6238492843752,568.075927734375,7972036
2023-01-09,572.1900045367088,575.9730789468689,567.555715294209,574.7435913085938,8878905
2023-01-10,575.4529798030562,575.9731410455076,558.5709737925,562.874267578125,10622660
2023-01-11,564.103706770016,566.9882895253261,560.1314670081308,564.3401489257812,7419630
2023-01-12,565.4750621129492,565.4750621129492,558.0980209430805,562.6377563476562,8183715
2023-01-13,565.4750803162366,570.2039234106185,561.455563686012,567.5557250976562,7877610
2023-01-16,570.2984619140625,573.2303214640315,568.0285941994754,570.2984619140625,5483191
2023-01-17,570.2984812081821,573.1357870848398,554.2676914600394,560.7935180664062,13461999
2023-01-18,563.5834984603628,564.7657091403643,555.7335733650482,559.3748168945312,11538075
2023-01-19,558.9492292196419,559.6585556526618,555.686316082724,557.861572265625,7475688
2023-01-20,561.597374126141,564.2455146186342,558.7600683716555,560.0841674804688,6750607
2023-01-23,566.0425194299563,569.116267446911,560.7935151306456,567.8867797851562,6604469
2023-01-24,570.7713596355657,571.811682022892,560.888066055424,562.1175537109375,7609623
2023-01-25,563.5361628309502,563.5361628309502,536.6290939830234,537.8585815429688,25686294
2023-01-27,537.1965521891551,537.7167133619173,503.3853255328834,510.6677551269531,40163464
2023-01-30,506.93193196678243,524.2867613983544,496.7176433900897,509.01263427734375,40797825
2023-01-31,515.4438772089544,526.7931001933717,508.6816087573524,523.48291015625,21911943
2023-02-01,530.9544714403144,534.3592150301004,472.2695173216822,498.7510070800781,38218810
2023-02-02,491.98879055290683,503.7636200499666,475.2486763772784,499.4603271484375,39287056
2023-02-03,506.931942213324,516.3423508199595,490.99576525431956,514.687255859375,32317232
2023-02-06,528.4954688768345,528.4954688768345,507.45211805473997,515.8222045898438,25338586
2023-02-07,518.2811463944632,521.4967824365973,511.7080436679747,517.429931640625,16195947
2023-02-08,520.1727214429854,524.4286800729735,515.9167628129974,519.936279296875,15502847
2023-02-09,522.064316295977,522.064316295977,513.3632328126829,520.9293823242188,15061047
2023-02-10,516.8625392347192,527.0295516716327,516.8625392347192,523.0573120117188,13824475
2023-02-13,523.95582962391,526.6985817860033,504.3784071164007,508.35064697265625,18488732
2023-02-14,510.6677333322475,515.065522396235,501.96665124283317,511.5188903808594,18559909
2023-02-15,510.7150382520747,515.1128852826321,507.68856722110974,512.843017578125,12796579
2023-02-16,517.1935080193455,517.1935080193455,509.2963637238928,510.8095703125,12767016
2023-02-17,509.29642042601847,510.38407746870104,499.1294073905873,502.2031555175781,14192008
2023-02-20,503.1489020645839,504.9931624047725,493.8331043175399,496.67041015625,12570032
2023-02-21,498.514612351846,500.264318919326,494.0695460550484,495.0625915527344,10223218
2023-02-22,492.50900015934036,493.596657143169,484.7064091822601,488.34759521484375,14763050
2023-02-23,488.915071220071,495.58272805827136,483.6187614835763,492.74542236328125,15535085
2023-02-24,495.7719188324995,498.89294371259393,489.5298113471756,492.792724609375,12253035
2023-02-27,492.8399548727526,501.06815257835507,490.8538640619757,499.0820617675781,11048799
2023-02-28,498.6565275542565,499.7914614948557,492.79275029877584,494.4478454589844,15768010
2023-03-01,494.8733955527241,508.2560436730128,494.7315071796655,507.593994140625,13510198
2023-03-02,506.8846880415459,510.62048552212866,503.62177485660317,504.8039855957031,10376913
2023-03-03,512.6066111339563,533.6972406005289,512.3701689701492,530.765380859375,27656538
2023-03-06,534.2646912003962,537.1019969258892,528.6846335168734,531.2382202148438,16162268
2023-03-08,529.630427149925,534.8321545594332,526.2729600942696,534.1701049804688,12637578
2023-03-09,534.122811050497,535.0685796402279,527.7388730698138,528.590087890625,8993423
2023-03-10,523.1045508837578,524.8542572994388,515.4438488803586,517.6663818359375,11522371
2023-03-13,517.3354208316443,523.151920773827,499.7914249608996,501.2573547363281,14373729
2023-03-14,499.0348091167667,503.9054826178335,491.79965646525375,496.9068298339844,14750800
2023-03-15,501.06817844737753,503.1488808530747,487.5909762816702,489.4825134277344,11282329
2023-03-16,490.28649830454526,500.6426189909445,486.40881214866874,496.0556640625,20040008
2023-03-17,499.9805770503511,502.7705481485633,491.8942096059672,501.06817626953125,18787379
2023-03-20,498.04174414100294,498.04174414100294,487.07085097606284,491.0430908203125,14275315
2023-03-21,493.69120478503487,495.0625807877978,488.4422006470023,493.54931640625,29485180
2023-03-22,493.88036715337415,498.42004482113964,491.8942184876975,493.2655944824219,11619538
2023-03-23,491.2322247385441,492.7454313801766,483.7606298482924,484.9428405761719,22097792
2023-03-24,486.5979294788206,487.02353688053415,476.14719832075485,477.94415283203125,14416984
2023-03-27,479.50466048857436,486.26692879064547,474.3502102854361,482.48382568359375,15674218
2023-03-28,483.7133438915386,483.99706291588154,476.5254970283352,480.5450134277344,15833599
2023-03-29,481.39620708749925,489.90812430515643,478.8426203771755,488.4894714355469,24203789
2023-03-31,492.4144235150555,496.4339398922883,491.1848782077965,495.3462829589844,17356345
2023-04-03,496.29205661188894,499.8386887458472,493.78574681383884,498.18359375,14210949
2023-04-05,498.4200371765954,498.9874752294379,490.90116548820276,494.636962890625,13574801
2023-04-06,495.58274210649415,504.7567089920419,493.3602090058029,499.0348205566406,25125879
2023-04-10,500.54802448109393,501.6356814457874,495.9610699259261,497.75799560546875,17335453
2023-04-11,502.0611975488937,506.64820952238887,498.56190019247276,503.243408203125,26414406
2023-04-12,504.2838049318985,505.0404082306634,497.47425979275084,499.5549621582031,21292441
2023-04-13,500.5953152716292,505.27688145059244,498.56194738894,504.0473937988281,28597560
2023-04-17,499.36581061868105,515.4438764908734,499.36581061868105,514.4981079101562,32476990
2023-04-18,515.7749184018437,518.7541127868462,511.1879634663453,516.247802734375,22283456
2023-04-19,514.4981347732645,517.8083249786072,509.0599651502015,510.998779296875,21156372
2023-04-20,511.85001661448604,515.8695334687824,507.5467807037376,515.2547607421875,25588577
2023-04-21,515.4438626043238,516.7679616717087,510.43130080659256,513.6942138671875,22599418
2023-04-24,514.3089049807553,525.421684990277,514.0251859723464,524.523193359375,23335611
2023-04-25,524.9015490305807,537.1019865035063,524.9015490305807,531.332763671875,38142390
2023-04-26,531.521976860201,536.250820070701,526.2729724415733,535.6360473632812,23143882
2023-04-27,534.3592448781264,536.6291125481928,530.6707243455518,534.122802734375,17845169
2023-04-28,537.0073577193658,548.971352667809,534.8321016537752,546.9379272460938,16183423
2023-05-02,548.5457707982896,549.3496509930271,542.0672791815007,544.1006469726562,13667511
2023-05-03,539.7028624979448,543.8169327250288,538.1423212531155,539.5609741210938,9699527
2023-05-04,539.2771958248946,549.3023185667743,537.6693778728617,548.5457153320312,12533761
2023-05-05,548.7348896271685,556.3483144291979,543.864158811983,545.2355346679688,18163461
2023-05-08,546.3232238183328,555.733574673191,546.0394470743597,551.9505004882812,12990869
2023-05-09,553.2745925384495,554.6459684581436,541.0741553565239,542.3982543945312,18959065
2023-05-10,543.8169025352203,543.8169025352203,532.7041223529789,541.1687622070312,18561315
2023-05-11,541.1688024380219,548.5457859453637,540.9796371737035,542.3510131835938,16016715
2023-05-12,543.5332293428207,549.2551178633527,540.5540351442528,546.796142578125,11319335
2023-05-15,547.3635792465793,552.3288644146909,543.4859510624889,550.3427734375,11410243
2023-05-16,552.3288332353558,558.3817750457957,550.4372961352346,554.5040893554688,22178229
2023-05-17,554.2203703354769,558.4763288107494,548.0728747600833,554.5040893554688,23739774
2023-05-18,558.287215759265,561.6920174929332,540.4122231267693,543.0603637695312,45656620
2023-05-19,547.599987074534,554.4568090197679,538.9935164126377,543.9588012695312,42293962
2023-05-22,546.1813376993675,548.8294780947019,542.3509866163723,545.850341796875,21484049
2023-05-23,547.5054310821739,552.0451085306911,545.5192825124204,550.0589599609375,16120548
2023-05-24,548.3566132517542,553.5110635776405,546.8906834921327,551.099365234375,17616658
2023-05-25,550.4372927167339,551.2885074965544,545.7084499957997,549.7279663085938,16479436
2023-05-26,549.7279971125996,555.875492994289,549.0659475495447,554.2203979492188,9788076
2023-05-29,558.0033964269302,564.05633771551,556.1591363682904,562.7322387695312,18432231
2023-05-30,562.7323750429217,563.2052593916974,559.4221846014929,560.6516723632812,15031640
2023-05-31,562.8691231871136,563.8332703864224,556.7950076008431,559.0607299804688,28797643
2023-06-01,560.9408598639765,565.3759725346222,560.169553831175,561.8568115234375,17820226
2023-06-02,563.7369097033585,567.7863399289043,562.0978476064854,566.1472778320312,11323908
2023-06-05,567.4006574895654,568.6540371470996,564.9902893608927,566.1472778320312,12920507
2023-06-06,566.9186002547972,567.7863563449595,562.0978638580726,564.3635864257812,11199940
2023-06-07,566.9185730743186,569.4253323416787,564.9902786080794,568.0755615234375,11113781
2023-06-08,568.7986599936411,572.6552488450642,565.3276947192347,567.400634765625,15971917
2023-06-09,566.9185840392489,567.9791224774418,556.0719274568654,557.9520263671875,18870272
2023-06-12,559.2054449706885,560.651665949061,556.9879179065606,557.9038696289062,8786066
2023-06-13,558.6751344061959,560.5552333084419,553.6615569491656,555.7344970703125,12612098
2023-06-14,556.3129673905737,557.8073838698208,554.6257096905156,555.8790893554688,8948696
2023-06-15,555.348852603707,556.023767492567,544.9842689830649,546.189453125,17934877
2023-06-16,548.3587359338673,554.0954237099354,546.7196738768654,550.7691040039062,12660226
2023-06-19,550.7691160969515,552.215336970729,545.6109518525627,548.4551391601562,17903691
2023-06-20,548.4551564192141,549.0336800950572,542.3810403275806,547.0571899414062,14549152
2023-06-21,547.0571403988516,549.0818259637434,545.3698828124838,546.0447387695312,14946871
2023-06-22,546.0447890802325,548.5998029137497,540.9348202600779,542.7667236328125,14979063
2023-06-23,541.8507779506582,541.9471691410787,533.9447583891194,534.716064453125,12215712
2023-06-26,536.0658432444474,538.4762112446472,534.6196224443274,537.0781860351562,8360264
2023-06-27,538.2352390818655,547.5874798151365,535.7284795993684,545.8037719726562,10694768
2023-06-28,551.7332662924933,553.4205239875774,548.1659096820828,549.37109375,18028934
2023-06-30,553.4204993748917,553.4204993748917,549.7567517407397,552.3117065429688,8718232
2023-07-03,553.9025977654534,565.3277191936658,553.3241329514472,564.4600219726562,15421985
2023-07-04,567.1114364319501,574.5835777803604,561.3747484015366,568.123779296875,24799250
2023-07-05,568.6540479574438,572.4142458484074,567.1114358645187,569.4253540039062,13598114
2023-07-06,569.2325774351127,572.2214104632285,567.9791388940837,571.2572631835938,11323509
2023-07-07,568.8469033396802,574.1497134555585,564.5082405175979,572.3178100585938,11707209
2023-07-10,573.3301866383733,578.2955096754295,569.0879151930579,571.3536376953125,11417363
2023-07-11,573.6676140744553,574.5835657318489,566.2918640690325,567.4488525390625,13221177
2023-07-12,567.8827424791843,573.1855524683788,567.1114364319501,568.123779296875,16029716
2023-07-13,573.571193644083,576.5600264296337,562.4352463905591,564.65283203125,20024503
2023-07-14,565.71341543592,570.1002737819823,559.88033617268,563.4476928710938,12190152
2023-07-17,565.9544364569268,581.2361468497637,563.2548359229304,579.5488891601562,19378986
2023-07-18,581.4289973858464,582.3931446524997,567.6417032420812,571.1126098632812,25757209
2023-07-19,573.3302236106615,580.8023652915784,570.7752096906919,579.8864135742188,17556585
2023-07-20,579.8382008421577,588.9011500146614,577.2831869976956,588.1780395507812,34038351
2023-07-21,588.1298087141655,597.2892073744681,587.1656614867653,593.0469360351562,21040281
2023-07-24,592.9987361181354,599.6031798857839,592.2756257028592,595.5055541992188,11756364
2023-07-25,599.5067488556581,599.5067488556581,582.537780778133,587.744140625,18503305
2023-07-26,590.0581274138974,594.2521444866661,587.310331241653,593.09521484375,9999125
2023-07-27,594.3003595167257,598.9764499129095,591.1186266690645,594.4449462890625,17444742
2023-07-28,594.3003774643948,597.6748927770809,591.6007181367443,593.962890625,11930586
2023-07-31,594.5414611882713,598.7354784405272,592.4685209367213,597.9641723632812,8605483
2023-08-01,597.9641167316927,598.590777115643,588.7082681252145,589.9134521484375,13493453
2023-08-02,587.9851391205248,588.6118583315358,572.7998209080405,576.993896484375,14977497
2023-08-03,577.2349991054857,579.3078804881416,564.0261693529716,569.3289794921875,27774877
2023-08-04,573.4747712992396,577.2349691049168,550.9137610058102,552.74560546875,52725616
2023-08-07,556.3130240355339,556.3130240355339,546.3341224464406,547.539306640625,32736325
2023-08-08,550.528048802567,553.6615271889215,548.0694852226486,552.552734375,25038671
2023-08-09,554.3846884999659,554.3846884999659,547.9730855203012,553.1795043945312,15769111
2023-08-10,553.1795210754018,556.8914646933206,549.6603598426617,553.0831298828125,27325801
2023-08-11,554.8185652442073,558.241276326227,551.492245351644,553.565185546875,18221179
2023-08-14,552.4081996934482,552.456395288408,538.5726508209419,540.6937866210938,28084093
2023-08-16,538.7654746862926,546.0930291373386,534.1375796285616,545.0806274414062,15725767
2023-08-17,545.4662752373399,552.6009880147222,543.7790176471228,551.6368408203125,27910162
2023-08-18,549.5639568421426,554.6257301288466,547.0571974198606,552.408203125,18253227
2023-08-21,552.4081870104123,554.9149463595685,550.2870512589609,551.2030029296875,9380810
2023-08-22,551.9742645290513,553.8543633129792,547.1535285942997,548.11767578125,14073413
2023-08-23,550.5281210292501,557.2289566885623,545.7073844177855,556.2166137695312,18579297
2023-08-24,557.4217589831178,561.1337023758908,554.9149408121432,556.2647705078125,24131644
2023-08-25,553.2276905127146,554.6739114144629,546.8643420837741,549.5157470703125,12271885
2023-08-28,552.2635109517712,554.1918053746803,548.7926045292852,552.3117065429688,9711932
2023-08-29,553.0831215882818,555.6380766224023,551.3476093726454,554.2400512695312,13144855
2023-08-30,556.0237478716156,556.9878951511408,545.8037514005196,547.0571899414062,15281416
2023-08-31,548.8890428168341,549.8531901110308,539.3440199124148,541.2240600585938,27898476
2023-09-01,542.5256806565127,550.7209324523909,541.9471569863232,549.1300659179688,18121168
2023-09-04,551.4922061534426,555.6862229936563,548.0694953146975,554.9149169921875,12108655
2023-09-05,554.9631191092507,557.5181327939658,550.8654934034583,552.4563598632812,14444729
2023-09-06,553.6615727898534,553.6615727898534,547.6356523197853,550.0460205078125,20609936
2023-09-07,547.635673708293,560.1695887755602,547.635673708293,558.2894897460938,12390597
2023-09-08,560.169565692688,567.4006702412167,558.9161860069856,562.53173828125,14032068
2023-09-11,565.9543973420567,571.0643656508981,564.3635309487681,570.4859008789062,10946134
2023-09-12,572.3660702665688,572.9445351099214,563.6887445349923,567.2560424804688,16093060
2023-09-13,567.304299765373,576.560090386674,562.531758819719,575.065673828125,19377172
2023-09-14,576.9939246952075,582.0556976801864,573.8604461806968,575.8851318359375,13178911
2023-09-15,577.8616290798742,579.163263171742,573.8604533120565,577.3313598632812,11756389
2023-09-18,577.331370972233,586.587220031729,575.6441132571398,582.2967529296875,19305055
2023-09-20,579.3078523473552,585.0445402613964,577.9098859106114,579.5488891601562,21314600
2023-09-21,578.4883538720975,584.8517022259392,563.6887170242877,567.063232421875,23453425
2023-09-22,572.2214035789467,580.4166553572468,570.1967178548243,576.7047119140625,18784139
2023-09-25,579.9345565537149,579.9345565537149,569.2807414736828,572.7516479492188,9712784
2023-09-26,572.7034899087656,573.6676371981744,570.0520848628917,573.0891723632812,8327427
2023-09-27,572.1731915193855,572.9926931348808,567.1114185078637,568.6058349609375,9865347
2023-09-28,570.052085763523,573.8604793320803,567.738108726534,568.7987060546875,21960816
2023-09-29,571.5946808672312,578.488357330842,570.1002643801689,577.09033203125,12189735
2023-10-03,575.2102103849722,583.2126794228604,568.4611798159711,581.3325805664062,15322196
2023-10-04,578.48834788113,578.9222259114165,563.4958699679197,565.2313232421875,24914612
2023-10-05,568.8469205566893,573.0409378728881,566.0508697813017,570.9198608398438,13248028
2023-10-06,572.1250173967202,577.4760230117589,570.9680288955789,572.9445190429688,8216780
2023-10-09,566.9186092871498,567.8827565818558,560.6998474669198,564.12255859375,9189597
2023-10-10,565.9544358882783,573.6676138901629,564.749251825484,570.437744140625,10373508
2023-10-11,575.4995490029714,575.5959401945697,566.5329320028374,567.2560424804688,14220119
2023-10-12,569.6182128568753,571.7393486854555,564.0261702883498,565.0385131835938,11983797
2023-10-13,557.0360813206687,560.4587923356951,554.1918351248179,555.4934692382812,19064577
2023-10-16,555.3487805162515,558.0001852843412,551.0101181684682,555.0113525390625,11290293
2023-10-17,556.9878989513794,559.1572303451123,554.6739219259789,555.78271484375,10765224
2023-10-18,557.0360850561344,558.4823059606506,548.9372244520923,552.1189575195312,11777454
2023-10-19,549.371117512421,553.420547925152,546.6715168528941,550.720947265625,11441499
2023-10-20,549.4675645730006,549.5639557633297,541.9471686271559,542.9113159179688,11110988
2023-10-23,542.9113036124381,545.7073542311729,531.2451451967778,533.125244140625,11875035
2023-10-25,538.5726461874272,540.6937819693302,533.7519097953203,536.2587280273438,12134624
2023-10-26,531.6790168695493,533.0770421621733,523.7248019958954,527.3885498046875,19424825
2023-10-27,530.2810445032903,542.3328864238197,530.2810445032903,541.0313110351562,10415296
2023-10-30,542.8148994458782,546.3822560251111,536.5479423474799,544.93603515625,8593704
2023-10-31,546.6715239018123,549.0818921729843,542.95958030296,545.2734985351562,13039696
2023-11-01,545.9483719540883,549.2264960926518,543.6343950507638,546.093017578125,13575575
2023-11-02,550.6244757883788,554.8185516709641,547.2499603836425,551.588623046875,11148516
2023-11-03,555.3488128153236,558.7233281709723,552.8902491112981,557.4217529296875,11371371
2023-11-06,561.1337462208361,561.6158198859742,552.697457080918,553.7579956054688,16499138
2023-11-07,554.1918149204695,560.3623807188147,552.0706792493585,558.96435546875,17923281
2023-11-08,561.0372997909418,561.7121557781876,558.2412492696659,559.49462890625,15434808
2023-11-09,560.1695768517445,560.9890785114845,555.8309140361974,557.6145629882812,12434363
2023-11-10,557.0842655533097,560.1695485020424,554.7703474769183,558.7233276367188,6773038
2023-11-13,560.1695300224528,561.6157508400668,554.5774879637208,560.5069580078125,11282362
2023-11-15,566.1955023239185,566.9186127994279,561.7121938370072,563.7369384765625,11397676
2023-11-16,563.7369162968865,566.9185904945721,562.0014629933197,563.688720703125,8622660
2023-11-17,553.902595942704,553.902595942704,541.9471464863035,542.8630981445312,37173221
2023-11-20,543.7790617204822,546.4786623142577,540.5009374550467,543.5380249023438,12714585
2023-11-21,545.7073762644006,546.3340955532802,540.8866397249625,541.3687133789062,14280013
2023-11-22,542.7666840578206,544.2611004650989,535.246347583391,538.9100952148438,14909071
2023-11-23,541.6097208689436,543.2969785663546,538.2834010675289,539.874267578125,6376210
2023-11-24,541.802558602573,542.2846322273022,539.1993492596594,540.2598876953125,6529851
2023-11-28,543.3933911524404,544.9360621303805,540.9830229183594,544.2129516601562,8153314
2023-11-29,547.6356465078894,548.5997937728681,544.8395959006997,548.214111328125,10299034
2023-11-30,549.3229338505354,549.7568119125536,543.4416587556975,544.502197265625,19758998
2023-12-01,546.6714604840198,553.6133320690648,546.2375824761655,551.2511596679688,10614230
2023-12-04,566.9186192117567,574.6317977044337,563.5922992174134,573.37841796875,26077882
2023-12-05,573.7158104246026,589.3832032666363,573.7158104246026,586.4425659179688,36430152
2023-12-06,591.9864427624263,591.9864427624263,582.8752389993938,586.6354370117188,21439069
2023-12-07,588.1298587031671,590.5884225726319,583.3091221564198,589.7689208984375,10725706
2023-12-08,588.1298685759048,594.6860586201612,583.6465599734173,592.131103515625,17722136
2023-12-11,592.9505885011256,597.6749338019196,591.1186850954592,592.2274780273438,11706255
2023-12-12,594.8789018296793,595.7948535613543,588.9011766221438,590.44384765625,14494836
2023-12-13,592.4202881197557,598.2533671989761,589.7206875955662,597.6266479492188,13977914
2023-12-14,603.5561888461816,605.2434465626046,600.0852822254344,601.2904663085938,15813797
2023-12-15,605.4844420374566,626.6956804527815,597.6266188130294,625.0084228515625,29813572
2023-12-18,623.4658627876797,632.1431883165444,619.3682368434937,625.24951171875,16221796
2023-12-19,625.2495207706708,635.9515322057881,617.2953055873893,631.9021606445312,19964008
2023-12-20,635.0838071346933,636.7228692336894,611.2211626299238,613.6315307617188,22542056
2023-12-21,609.4857151061817,625.6833773355924,605.002406799909,620.6697998046875,19915516
2023-12-22,621.6339545547611,626.1172629150401,612.3781642684246,613.9207763671875,14998068
2023-12-26,615.9454393216356,618.3076118235898,612.8602152382182,615.1741333007812,10153089
2023-12-27,617.777331902043,626.1654244947468,616.0900742651665,625.2976684570312,14417646
2023-12-28,626.9367393678991,629.8773766643785,623.3211872377498,628.0455322265625,16982092
2023-12-29,622.3570816705638,626.3100620587661,616.6203934706069,619.03076171875,13221898
2024-01-01,619.1753954576906,623.7068994465233,615.1259651092256,618.3558349609375,8295548
2024-01-02,618.355831330922,624.7674342489258,611.1247267678557,616.5239868164062,15164482
2024-01-03,616.4275152016644,624.7674123778669,613.0048042643401,620.3805541992188,14571772
2024-01-04,619.4645906357115,623.2247883433014,615.7526473667616,619.7056274414062,13883388
2024-01-05,621.875024779636,628.3830192250042,614.8849566716478,618.9343872070312,15984585
2024-01-08,617.0542389354067,621.8749751770896,602.6402258033993,604.5203247070312,14739531
2024-01-09,609.3410705687005,611.6067930993104,602.1099660920149,602.9777221679688,13400235
2024-01-10,602.399194493818,602.8812681223897,596.0358461354228,599.4585571289062,12742464
2024-01-11,603.5562149819164,604.6650079251884,596.3251101698327,597.9641723632812,15533860
2024-01-12,601.4350358209014,613.6797175235832,598.8318265066497,610.8836669921875,16620797
2024-01-15,615.9937051364175,622.3570534845726,613.2940457432574,617.150634765625,16844018
2024-01-16,617.054262733865,621.7786079716733,610.7391097830742,614.0654296875,15025543
2024-01-17,601.627918767472,613.9689925112747,600.6637714617549,603.5562133789062,30016308
2024-01-18,603.3633136101857,610.7390633220803,596.8553199279997,605.773681640625,14695436
2024-01-19,610.3052425771916,612.7156108338156,602.3028317345762,605.2434692382812,11675202
2024-01-23,604.5203041005418,612.137090641516,579.1150485116219,583.4054565429688,30954343
2024-01-24,588.0815965650563,600.0369865400962,581.4771529351829,596.1322021484375,19221835
2024-01-25,596.3250968992248,601.4350657500038,584.514292635659,590.78125,22684904
2024-01-29,596.8071461540897,606.9306922520184,593.5290219741044,600.6155395507812,19572140
2024-01-30,603.0259172029118,610.7872908979857,601.8207331245812,604.279296875,16966577
2024-01-31,603.9418631812425,620.1395252720102,599.6995917267393,617.5363159179688,23270745
2024-02-01,619.7056475917949,629.5399613532924,610.5462486775638,624.4299926757812,26587707
2024-02-02,628.623998836513,636.8674459475857,623.5140302472481,626.3582763671875,27471811
2024-02-05,623.8996743944258,631.3236201370446,615.8490682349207,619.8984985351562,28339525
2024-02-06,621.3447251345781,631.5164671490533,614.8367310074694,626.936767578125,14079390
2024-02-07,631.5646198105808,653.6436145166939,631.5164242193285,651.0404052734375,41696232
2024-02-08,656.0058526209428,693.1255240196265,654.1739491949825,674.46923828125,74222434
2024-02-09,678.4222453850707,702.2366357119648,669.3110419771705,699.247802734375,43235061
2024-02-12,699.9708774628965,699.9708774628965,679.2417123589678,682.5198364257812,22873137
2024-02-13,683.1465652829623,692.2577691391986,676.9760578021069,687.8709106445312,23351472
2024-02-14,680.2540625529531,721.6641976192514,680.2540625529531,716.7470703125,36782182
2024-02-15,720.8928694462425,736.6084569548306,715.0597906860668,734.3909301757812,33941282
2024-02-16,736.0782565173563,746.8284634371934,726.3403336305333,727.6419677734375,27365121
2024-02-19,731.4985393690836,737.5726553496461,723.1104464212216,732.02880859375,13979584
2024-02-20,731.8359847570562,736.1264519437863,726.967052738199,732.8483276367188,12528399
2024-02-21,733.3786255385841,749.6244830800896,732.3662238537067,743.839599609375,21465311
2024-02-22,745.2857902765477,745.2857902765477,729.8594349797497,738.4403686523438,18799244
2024-02-23,738.4403812825284,742.8754349674641,727.9311530180862,731.8359375,14143636
2024-02-26,727.9312082579945,738.8742565255047,725.7136812472469,731.69140625,11355186
2024-02-27,731.6914003457339,735.0176614115741,715.590128867995,722.9658203125,13969393
2024-02-28,722.965792248516,729.6184318157158,714.4331126203441,715.8793334960938,11263318
2024-02-29,717.2291322182092,726.8706043069235,710.721138558327,721.2785034179688,19217113
2024-03-01,725.0387042946561,744.3216485578118,724.9905087033734,741.5738525390625,17348526
2024-03-04,746.635654393883,749.1424137066598,741.4292357019581,744.369873046875,9789141
2024-03-05,741.9113219415058,758.7357035196916,741.525639495962,755.84326171875,18088847
2024-03-06,755.5540071356407,761.9655509647814,745.1894243197579,755.7950439453125,26710525
2024-03-07,761.6763024583448,764.954426539321,754.9272719302329,759.7962036132812,15497868
2024-03-11,761.6763431224929,764.375943708488,742.9236669559873,745.9607543945312,16778340
2024-03-12,742.3934128308799,749.8655543236582,730.1969260813347,732.4627075195312,21529705
2024-03-13,731.450347794911,736.3192797248611,716.3614195245849,720.4590454101562,27950252
2024-03-14,723.0140618967187,723.8817591322932,707.7322923467271,714.4813232421875,19730882
2024-03-15,712.7458828582031,719.7841462932436,697.0784894237145,705.659423828125,29792241
2024-03-18,701.0314668855465,711.4443046336356,696.2107304639793,704.7434692382812,18145126
2024-03-19,703.8275174114212,708.0215345586139,695.294837485665,697.8497924804688,15205043
2024-03-20,699.1514430237444,712.4566640874273,693.9932196245381,709.8534545898438,25405455
2024-03-21,715.3972193126948,723.6888616581621,713.999194109353,717.61474609375,15161161
2024-03-22,717.1809169690966,721.9534576831707,714.8188032557894,719.9287719726562,15535921
2024-03-26,716.4096538721063,721.0375492356,712.0227953384497,713.5172119140625,14678342
2024-03-27,716.3614570597734,719.1092533764988,704.0203831624405,707.0092163085938,30088789
2024-03-28,711.299633363139,732.3180316341789,710.480131739764,725.3761596679688,21705116
2024-04-01,731.8359644474378,734.1981369990166,725.1351292346699,731.1128540039062,9949971
2024-04-02,731.0164660314755,741.1882078791733,726.3403165012812,738.9224853515625,15713063
2024-04-03,737.4762911492417,744.9001782599978,732.8965914876521,743.40576171875,19136981
2024-04-04,747.2141506069232,747.5033830248789,730.9200378484845,732.0770263671875,15889530
2024-04-05,730.7754145215962,740.1758501398218,725.6171914639816,737.3316040039062,9939620
2024-04-08,738.5850021452578,742.3933956194346,734.4873762603453,740.7543334960938,9797174
2024-04-09,740.8989563252226,744.7555452746966,733.8124388224375,736.8013305664062,7465892
2024-04-10,739.0188603767406,752.7097629710994,736.2710642780829,751.118896484375,14530669
2024-04-12,749.3834123957522,751.5527435992136,737.3797679672235,738.8259887695312,14408722
2024-04-15,732.5590796729715,735.9335950981468,721.9052641714367,730.341552734375,11356572
2024-04-16,724.315633679616,727.8347947397396,717.7112484453821,724.74951171875,13338991
2024-04-18,725.0869303823578,732.7037172254089,715.3972622519597,718.0968627929688,14589648
2024-04-19,708.166151201757,725.0387279832828,705.8039786829678,723.5443115234375,10886554
2024-04-22,727.1116662441453,741.4292292520696,723.5443096786286,738.6331787109375,17452186
2024-04-23,742.7308138738571,749.8173315016863,738.1029188222026,745.2858276367188,12292429
2024-04-24,750.5886207443748,750.5886207443748,742.5862104814081,745.3822021484375,7842615
2024-04-25,743.0201189674838,785.2015621323537,742.0559716951439,783.5625,36732974
2024-04-26,786.6478140668245,787.611961377191,770.257309790593,772.5712280273438,14964358
2024-04-29,778.0668646229158,801.4474364532822,770.0644538689087,796.8677368164062,27302732
2024-04-30,796.8677458100889,804.91835225018,790.5043971499949,796.626708984375,27449073
2024-05-02,797.2534375772727,804.0024687760509,795.4215341417088,800.2904663085938,19943724
2024-05-03,804.8700673212338,806.2198969341655,790.6007005921169,801.6401977539062,22667634
2024-05-06,805.0629516671522,806.0270989146577,774.2102397469739,778.838134765625,35283557
2024-05-07,782.8875213212029,785.4425349233778,764.7615658481657,773.149658203125,16725013
2024-05-08,773.8245110587671,792.5289900811847,770.8356783088896,781.7305297851562,27908322
2024-05-09,782.7911700385396,809.5462560286481,774.7405052523084,790.4078979492188,49290254
2024-05-10,797.3498214011286,802.2187535230167,786.3585185830859,788.0457763671875,20543142
2024-05-13,790.456122787604,790.456122787604,769.9679931182314,779.8023071289062,15398505
2024-05-14,783.8517179173241,792.9147256484775,778.9345904580701,788.8652954101562,10912462
2024-05-15,791.5648684373534,795.7106897182591,788.7206223660413,790.8899536132812,9755062
2024-05-16,795.7107594941345,796.5303200119738,768.7628305348695,782.8394165039062,20536990
2024-05-17,785.2979013861104,792.9628834636741,782.1162273671808,788.5277709960938,12492509
2024-05-21,791.5649127770058,806.3163543151672,790.2150830532505,800.8689575195312,14037801
2024-05-22,810.2799344229562,810.3780018937406,797.5358302513197,802.6334838867188,19239277
2024-05-23,808.4663420586099,819.0537392891404,805.8194777925474,815.7206420898438,17497488
2024-05-24,813.6620166705683,824.6905681013441,810.7210696223614,812.28955078125,12252075
2024-05-27,816.2108014350272,822.876995845969,806.7997949535047,817.2891845703125,12295193
2024-05-28,819.2498532378913,824.151431802395,807.093914464433,814.7894287109375,13818893
2024-05-29,812.0935412900568,818.0244392460639,803.1726326134542,806.4567260742188,14518232
2024-05-30,805.2313320096405,819.5439171556648,803.1726331596147,809.5936889648438,17818705
2024-05-31,814.3482733523172,818.5636189442075,801.0159437782618,814.005126953125,22267336
2024-06-03,846.5516101706216,894.0479177688353,839.8854753820721,887.8229370117188,64269020
2024-06-04,879.3431739398783,879.3431739398783,717.542081270305,759.9407348632812,122381193
2024-06-05,775.1846003180706,779.3509418310036,729.4038474915685,774.2042846679688,74256082
2024-06-06,784.2525339544707,816.9460375302097,780.3312712846982,800.868896484375,40555649
2024-06-07,803.7608761709042,815.1325144961712,794.545884544975,813.613037109375,25061284
2024-06-10,817.7303524667053,828.8079077389773,812.877777859861,815.4265747070312,16725508
2024-06-11,819.5439372413512,823.0730498797147,812.730731059502,819.102783203125,14754408
2024-06-12,820.5242466911467,828.905934018559,816.6029838634709,822.5828857421875,15071442
2024-06-13,828.3667754966601,829.2490835697314,819.6419417384134,827.2884521484375,12523972
2024-06-14,828.3667270254315,833.1702976600134,818.6615781244269,822.680908203125,12903496
2024-06-18,824.9846443812804,834.7387973148866,823.7102459704445,828.2687377929688,14929083
2024-06-19,830.1313196004876,843.6596642417119,824.4455005291003,835.817138671875,32925140
2024-06-20,836.209277488426,836.3072851232247,825.7688915323681,827.141357421875,13985352
2024-06-21,828.2687636644131,831.3567222370788,812.2895697948148,819.8380126953125,18990090
2024-06-24,815.1325081138934,819.543928783181,804.8881970373593,816.3088989257812,12715254
2024-06-25,820.5242410117988,829.2000110244921,817.8773766546938,825.6708984375,20917530
2024-06-26,823.3181026095383,832.0919399410025,819.5439111626723,828.7098388671875,16281760
2024-06-27,827.288405942117,830.7195107377448,821.7495985528304,827.3864135742188,20378887
2024-06-28,830.2293784821371,846.992752780768,827.386439058991,832.239013671875,23636388
2024-07-01,832.6311314704473,833.7585184800706,823.4161996179325,825.3768310546875,10967797
2024-07-02,827.3864282167037,829.6411422984175,806.9468703630849,809.8878173828125,21142840
2024-07-03,812.6817296590598,827.2393941277866,808.760466789776,823.4161987304688,23598009
2024-07-04,826.4061106133324,828.2687343216311,817.8773523092979,822.7789306640625,13372587
2024-07-05,821.5045497192135,844.2968895533086,820.5242340274244,842.826416015625,24873722
2024-07-08,842.8264296839359,847.9730871492928,836.6994565108919,839.3953247070312,10359800
2024-07-09,842.9734801738035,852.8256408262188,839.1502250746712,844.3458862304688,13585081
2024-07-10,843.1695051813592,843.3165764690709,826.8962885808327,832.2880249023438,17343236
2024-07-11,837.5817726337938,841.4049680302959,833.0232806157347,839.8364868164062,8501366
2024-07-12,839.8364577356562,846.0124345728623,838.4639918457344,842.7774047851562,11446064
2024-07-15,842.7774216383809,869.8831149197468,842.7774216383809,864.001220703125,25392820
2024-07-16,864.9324947942838,870.6183136551655,857.0899695148005,863.364013671875,11893692
2024-07-18,863.315023261012,877.2845216320075,860.2270049507774,875.9610595703125,19435183
2024-07-19,877.3825576774864,881.3038205050954,865.912851939986,871.84375,14562742
2024-07-22,864.0992633045507,877.382528728047,850.914005515022,859.540771484375,14614111
2024-07-23,865.618719345537,867.0891928212089,832.385994861864,846.8947143554688,18279212
2024-07-24,847.1888058977289,850.9139934414429,830.5234396667329,835.2289428710938,19624845
2024-07-25,830.8175358859385,834.0035618347636,824.6415590903446,831.7978515625,9522375
2024-07-26,828.0236595382181,847.2378228513442,827.386430415429,845.4732666015625,12081506
2024-07-29,849.0023752250042,871.5986394833856,846.208499495082,854.443115234375,26582781
2024-07-30,857.4821305468374,863.2169532964333,851.8943192478578,855.6195068359375,13528447
2024-07-31,856.6488268509507,857.727209991399,850.9140040978348,855.2274169921875,11636874
2024-08-01,860.5211196893349,864.0502921513843,842.5323503146797,845.6693725585938,11787203
2024-08-02,839.8364743996533,841.4049555903533,829.494155703777,831.16064453125,12609331
2024-08-05,813.6620483537691,814.9854506435058,784.2525767265245,795.6732788085938,27676951
2024-08-06,806.4567530115417,810.2799484288843,779.988228505242,781.9978637695312,17900930
2024-08-07,793.0753863597355,794.7419349850848,784.7917068840424,792.7322998046875,17692355
2024-08-08,796.01636305695,801.7021822548979,786.9974464841414,792.1441040039062,14769069
2024-08-09,799.9376104147318,813.6130263830515,793.6145621891944,808.07421875,15320885
2024-08-12,804.4470175738744,806.799799123275,795.2320861451166,796.6044921875,16120449
2024-08-13,797.4868163142143,803.8588683191833,779.3999798102883,781.8507690429688,17585172
2024-08-14,785.183846292551,793.2224467373169,784.6446846418667,787.1934814453125,11788665
2024-08-16,787.1934703278642,798.85925054641,787.1934703278642,796.1143188476562,11427335
2024-08-19,798.9572597142997,809.1525664711355,796.6044782061931,797.682861328125,10151482
2024-08-20,801.8492361476191,806.7998184496117,797.3397480422,804.1529541015625,10347493
2024-08-21,804.1529595522029,804.8391925113443,795.2321105845307,799.4964599609375,14607257
2024-08-22,802.8785556624933,807.6821265102021,801.0159319051235,804.1529541015625,7832917
2024-08-23,805.3293192807621,805.8194771135562,798.4671096216442,799.3003540039062,5537747
2024-08-26,801.8982298568817,807.2409623037237,797.7808920155667,799.0062866210938,8523795
2024-08-27,801.702163529934,803.3197083604263,795.0850325876467,799.839599609375,12833290
2024-08-28,798.7121942115388,801.1139795760346,790.6245899129868,793.467529296875,10371300
2024-08-29,793.6145275853862,799.937575535221,791.0657308125117,798.4671020507812,18247268
2024-08-30,801.0650084127782,804.5451172254517,798.3200765507661,799.5454711914062,8911426
2024-09-02,801.2119858304522,809.1525786646832,797.04564422928,805.966552734375,11813750
2024-09-03,805.966591337859,809.6917790988241,800.3297759604034,808.5643920898438,10548350
2024-09-04,799.3984149013352,802.5354369721819,797.6338586845211,800.427734375,10789570
2024-09-05,802.2413336710257,805.9665812189434,798.369134501237,802.6334838867188,8395074
2024-09-06,795.5262015930762,796.8986675256167,761.7053094735923,767.0970458984375,40220096
2024-09-09,769.5477977846319,772.6848198824725,755.8233784610844,768.8125610351562,21322103
2024-09-10,772.4887444671417,773.2729850328517,762.1954299786836,767.2440795898438,12824701
2024-09-11,764.6952691046852,772.4887910829905,750.3336796377038,753.4706420898438,20060665
2024-09-12,759.7446278215249,774.3513549221617,757.5389176117205,772.24365234375,17578964
2024-09-13,775.429725098296,779.3509879306515,769.6458384870828,775.2826538085938,12950936
2024-09-16,775.2826362662203,779.3509702962235,768.9596479590956,770.0869750976562,9553736
2024-09-17,770.1360013393838,771.9986251303302,765.1854189481497,767.4891967773438,10665630
2024-09-18,768.3714262748396,779.1058950529456,766.6068699986203,777.145263671875,18324412
2024-09-19,779.3999767062683,785.5759535812824,768.6165041254203,774.400390625,10645478
2024-09-20,779.203920907502,779.203920907502,764.1560986394321,766.3128051757812,21372244
2024-09-23,770.5281215390131,789.1541193879206,769.0576480246257,786.0661010742188,17309545
2024-09-24,783.5173029793567,788.4188813527027,780.8214348740164,782.5369873046875,15180653
2024-09-25,782.1939054186181,782.2919130531816,773.1749891911104,777.4883422851562,18465571
2024-09-26,780.331278301596,787.193488035404,776.0178653925714,786.0661010742188,23198842
2024-09-27,786.0661024227028,792.095067775522,782.7330650179391,786.8504028320312,15193681
2024-09-30,786.1151665701419,786.8013396781569,770.9692773696576,772.3907470703125,15484573
2024-10-01,772.4887361629332,784.5956105690549,772.4887361629332,781.2625732421875,13280535
2024-10-03,774.3514108096929,788.1738385219239,768.861606879953,778.4686889648438,15944135
2024-10-04,776.4100140404223,793.9086248930724,769.7928832389414,780.968505859375,20097454
2024-10-07,784.2525262685198,788.1737888998624,750.3336284408941,755.4802856445312,24267990
2024-10-08,757.0487719081607,768.9596311652928,757.0487719081607,766.0676879882812,8560960
2024-10-09,771.214345767345,788.5168813576186,766.6558539907494,781.7037353515625,18758697
2024-10-10,783.2722306646576,788.6149631033948,779.3509679329196,781.4096069335938,10241015
2024-10-11,781.5076533317213,786.8993894424932,777.3903156076607,784.0074462890625,14322720
2024-10-14,786.2131901126612,793.3204789260238,785.036799307843,789.3012084960938,8967564
2024-10-15,789.6442795500336,791.6049109083206,785.821024467886,788.81103515625,6252104
2024-10-16,786.9974153952073,793.0753845737652,786.2621786357137,789.5952758789062,6494240
2024-10-17,793.5655446321986,803.3687014528558,790.1344397449686,795.0850219726562,18580553
2024-10-18,795.1340535689559,806.4076843065691,787.0955125621578,804.2510375976562,11704698
2024-10-21,808.4663723240905,810.1819248045383,793.0754038184709,797.927978515625,10359618
2024-10-22,797.9769793065807,800.7708551163644,771.9986132726441,774.841552734375,16645356
2024-10-23,774.4493999917999,776.9981968684108,764.4501679238956,770.5281372070312,13866198
2024-10-24,770.5771069894755,781.3115753553931,769.2047009756573,778.9097900390625,5607500
2024-10-25,782.2919467905059,784.9878150281925,756.8037379978327,765.5775756835938,9717125
2024-10-28,768.3714408102454,788.1248262816986,768.1263618829754,776.4590454101562,13757251
2024-10-29,780.3313006117369,818.4165417897631,774.9395642381633,816.3088989257812,28274791
2024-10-30,811.701360020144,816.6029382811352,804.8881542706223,806.2606201171875,15977682
2024-10-31,803.8588565381399,811.7013819677803,797.5358084437482,804.054931640625,13402324
2024-11-01,806.2116691468042,809.3486315724846,802.7805641392085,805.0352783203125,1637141
2024-11-04,806.5057323110566,821.0143925955531,791.2127716054617,813.5149536132812,14498161
2024-11-05,813.5149259169897,834.6407762413705,809.9858134770826,832.4840698242188,26254561
2024-11-06,832.48407214421,844.4439351874554,829.543125158185,837.9738159179688,15002433
2024-11-07,844.0517871528804,845.4242530166981,830.0332851169691,842.6793212890625,15283847
2024-11-08,842.6793683716584,846.5026236103943,817.7793850018238,826.55322265625,26139105
2024-11-11,829.3470548242794,837.1895801654074,825.4257921537154,830.964599609375,12621337
2024-11-12,835.7191350712344,836.6014431355901,808.0742203373242,810.427001953125,11350729
2024-11-13,807.1428924562375,815.3775681145983,788.8110370785578,792.7322998046875,13756706
2024-11-14,792.732297195377,801.8982248540469,785.2818621400214,788.4188842773438,9461484
2024-11-18,795.0360273075926,800.623838726437,783.5173179107193,798.2710571289062,9322451
2024-11-19,802.8785321341356,804.1529305358586,784.3505420744752,787.1934814453125,13677029
2024-11-21,782.7820731049121,782.7820731049121,746.5593966407021,765.3814697265625,29486577
2024-11-22,770.5281578092952,803.8098885516449,768.6165301838633,799.9866333007812,20665405
2024-11-25,810.721055354177,832.8761654605977,809.3976531392633,827.8275756835938,23434605
2024-11-26,827.3864424008906,830.0333067307656,819.1027628532369,822.8770141601562,8893744
2024-11-27,821.9946872850031,825.9159499554146,815.7206430788567,817.6812744140625,8375108
2024-11-28,817.6812691634748,829.1509743675217,814.1521567162539,822.3377685546875,13505677
2024-11-29,824.5434948634407,827.4354380874087,815.181492082223,822.4358520507812,10822949
2024-12-02,822.4358281017708,825.4257788732257,816.308855277593,819.93603515625,6651119
2024-12-03,821.5045173305319,839.7383645454308,820.4261940455666,837.1405639648438,12186182
2024-12-04,837.1405896069477,846.9927502560289,833.562413429901,842.7774047851562,10749716
2024-12-05,843.0715130039896,854.2961398822408,838.7580999342011,848.4142456054688,14716036
2024-12-06,848.2181393525192,858.2173712226388,840.1305350189066,846.649658203125,14520568
2024-12-09,842.0911629301171,849.7866170280626,840.0815277676334,841.1598510742188,9630346
2024-12-10,844.8360169417576,851.8452977871689,841.1598332466929,850.423828125,7379849
2024-12-11,850.4238399742597,852.7275578551114,844.0027843308235,844.6399536132812,7006973
2024-12-12,844.5419581482005,847.2868300848979,834.3957147957527,836.8955078125,8845103
2024-12-13,835.8171052852829,845.91440442009,818.5635736543202,844.5909423828125,9379370
2024-12-16,842.8754206370667,849.3455401092758,840.9147892516194,844.0028076171875,6432713
2024-12-17,841.6500206085419,845.6202871717958,830.37639021472,833.8074951171875,8791216
2024-12-18,834.2486438857434,835.2289595659852,820.5242243623587,821.651611328125,8295338
2024-12-19,808.3682600646816,821.5045136920517,804.0549071102052,816.4068603515625,9453398
2024-12-20,818.4656111397987,819.5439344885314,794.0557259996536,796.016357421875,10244198
2024-12-23,801.2120157160039,807.780142922531,796.2124295415985,804.9862670898438,4933200
2024-12-24,808.0252324059893,809.9368600271976,793.2714927831553,796.0653686523438,10602771
2024-12-26,796.9966812110812,806.6527671299033,792.0951026058469,796.45751953125,8318714
2024-12-27,800.2317056059302,802.1923370345046,781.507699396533,783.9094848632812,10649800
2024-12-30,786.2131736679016,792.0460639180922,769.5478071437691,772.7828369140625,21515438
2024-12-31,771.4594156879419,783.4682824464205,770.5281038501324,779.3019409179688,9086044
2025-01-01,779.8901437444632,782.9291583169418,773.9592457218257,777.58642578125,7273098
2025-01-02,779.3509857383269,786.6053458912669,771.508460095677,785.428955078125,11398319
2025-01-03,785.4289209052785,793.5655289387714,776.557076124776,777.782470703125,13336514
2025-01-06,781.7037559768974,781.8997712481304,757.9311004689307,761.1171264648438,11419367
2025-01-07,764.4991607191188,768.4204234473491,759.5975823088309,763.4208374023438,9669152
2025-01-08,765.5285368443842,768.5184876953866,745.1379228760546,755.970458984375,15641490
2025-01-09,755.9704689607948,756.1664842319951,711.9542705064919,745.4810791015625,15351029
2025-01-10,745.3830030949237,748.3730137848589,727.4432381239155,728.61962890625,11779296
2025-01-13,726.9041084985033,729.3058939862478,708.2781097642194,715.1403198242188,10414733
2025-01-14,718.5224071080802,742.0989878190752,718.5224071080802,733.4232177734375,11960975
2025-01-15,738.3247909702291,743.9616062267667,735.2367725918546,738.8639526367188,7792299
2025-01-16,745.4320548303559,761.4111881866247,745.4320548303559,751.2158813476562,11816079
2025-01-17,751.215910613101,752.8334554551853,744.4517681682984,749.0592041015625,5766573
2025-01-20,753.8627747972309,769.5478260283826,752.735387806503,763.9110107421875,9198929
2025-01-21,769.3517095093413,769.4497769744905,741.1676345954302,744.1085815429688,13751780
2025-01-22,747.0005222558178,747.9808379018228,723.4729467516976,738.6188354492188,9908339
2025-01-23,735.2367384986907,740.7755458622017,728.4725365710152,731.2174682617188,10986405
2025-01-24,735.138768408009,738.8639561065576,724.4533033293378,729.501953125,10579213
2025-01-27,725.4335984843208,740.4814201410142,721.4143281559363,734.4525146484375,11433353
2025-01-28,742.0989667504426,744.7948348595096,730.7273288420482,737.5895385742188,14140860
2025-01-29,738.1777143020389,745.8241647145189,735.0406921284334,743.5204467773438,9251973
2025-01-30,743.6184784127346,749.9415267817568,739.8932906386025,747.5887451171875,11085824
2025-01-31,749.8435094869757,762.2444673012822,744.5497807267266,757.68603515625,10083763
2025-02-01,759.548580017539,763.4208389361906,737.3444656745553,750.9218139648438,9363077
2025-02-03,747.7848125737272,747.7848125737272,738.3248018604113,745.9712524414062,7862190
2025-02-04,751.9021360972733,765.8716347144651,750.5787338459753,763.8619995117188,12020807
2025-02-05,764.6462410892296,766.6068724766379,749.9415056836675,750.9708251953125,13419162
2025-02-06,753.8627308990996,755.6762909086074,735.2857374622155,737.4424438476562,32745391
2025-02-07,744.8438308139157,744.9418982807152,717.3459883584466,722.688720703125,37240692
2025-02-10,725.4335919181764,729.256846944206,718.963532464286,722.2965698242188,12667049
2025-02-11,722.9338420118377,725.5807064311172,712.2483766958933,716.7088012695312,13017060
2025-02-12,718.7184448242188,724.1591847308209,703.0333943785369,718.7184448242188,12697743
2025-02-13,719.9438519637431,722.9828066071801,711.8562476864424,713.3267211914062,12370571
2025-02-14,716.5617636405941,718.4733911976853,702.1021072520733,707.9349975585938,10417539
2025-02-17,704.8959778549706,714.4050519193028,697.5436102537428,713.375732421875,9093600
2025-02-18,713.3757463206829,713.9149079885333,703.2294429330741,711.5131225585938,8562003
2025-02-19,707.8369242269698,720.3849529544706,707.8369242269698,712.9835815429688,6766606
2025-02-20,710.6308614417115,717.100921006022,709.1113242684337,715.3363647460938,7423268
2025-02-21,712.983563836215,717.2969766512275,705.8272715222472,707.7879028320312,6571602
2025-02-24,696.5142704603655,705.5821902376468,696.5142704603655,702.2981567382812,6912148
2025-02-25,704.7979622750793,704.7979622750793,696.0241250697796,696.9064331054688,8599635
2025-02-27,701.9060466163252,703.5725952859297,687.2993186401222,690.0442504882812,12033139
2025-02-28,687.1033111747046,687.5444053811439,669.1634856554016,675.241455078125,15780609
2025-03-03,676.5648746220754,683.6721631354309,666.6146467698901,681.6134643554688,10598479
2025-03-04,679.3587530706169,704.3077986097232,678.4764450422322,701.9550170898438,14386214
2025-03-05,703.425482394221,716.9048225760387,702.8863207536921,715.9735107421875,10409805
2025-03-06,721.5123345545368,722.2475713084986,712.6894935069948,717.6400756835938,10928847
2025-03-07,717.6400610222238,720.3849328808595,713.6697945986864,718.3262939453125,7246729
2025-03-10,718.3263154629034,723.9631306303024,712.2973500895013,714.5521240234375,7400109
2025-03-11,710.6308835302965,719.6007363944591,708.4741769972491,715.4833984375,5538789
2025-03-12,716.2186323712558,722.4926768362947,704.8959979099689,708.8172607421875,5547762
2025-03-13,711.6111983443574,717.0519385721029,710.2387324158618,713.5227661132812,5908337
2025-03-17,714.5520981665495,716.8558160007225,708.0819790039528,708.915283203125,5149563
2025-03-18,708.915283203125,708.915283203125,708.915283203125,708.915283203125,0
2025-03-19,725.0414304316936,734.5505041985215,724.551272606947,730.4331665039062,7604850
2025-03-20,733.2761159507572,737.8836115337692,729.5509283979652,734.7955932617188,6963197
2025-03-21,735.1877533491547,740.7265010195747,732.2958101375568,738.373779296875,9577327
2025-03-24,743.0792951283579,767.5381836299999,740.236355685803,765.4304809570312,12095064
2025-03-25,768.4694992151382,770.52813824643,754.05884649493,757.636962890625,15190143
2025-03-26,756.8037071028305,760.7739736513279,746.4613886162912,748.961181640625,7711852
2025-03-27,748.765095143516,760.528883157817,745.5300654063271,757.0977783203125,15648616
2025-03-28,756.9017030647627,763.2737549045355,751.9021170931981,756.3135375976562,7628185
2025-04-01,751.7060726537488,767.3421201573958,748.1769600397238,756.5096435546875,7011125
2025-04-02,757.0977881876627,761.7052838533914,749.2552627425828,760.6759643554688,5458436
2025-04-03,754.8430831745769,769.2537358201085,754.7940793566994,763.8619995117188,7956680
2025-04-04,763.7639032041603,767.4891505617313,749.9414763962274,752.34326171875,8231194
2025-04-07,715.6304557983397,738.8639496862081,715.6304557983397,732.1978149414062,14923235
2025-04-08,745.0399507907015,758.764370936846,743.2263906334504,753.4706420898438,12911288
2025-04-09,751.9021496759307,752.8334615673064,726.4139412123398,727.59033203125,11319387
2025-04-11,744.0595747998677,744.7458077183372,731.3154714106737,739.0109252929688,9360327
2025-04-15,754.8430601068783,755.5292930373557,742.1969641274441,748.4710083007812,7859090
2025-04-16,748.4710501178707,759.4996019368964,745.5301029661306,756.5586547851562,12536694
2025-04-17,756.8037006997325,785.2328552596965,752.0491936119853,781.7527465820312,27034818
2025-04-21,787.1935033394458,808.1232195009724,785.6250221604275,800.6238403320312,16398507
2025-04-22,804.986275275127,819.0537818863039,797.9769939622398,806.211669921875,25117557
2025-04-23,809.740755044151,814.6423334645151,794.1537117339047,797.4378051757812,12104382
2025-04-24,796.7515648231008,802.8785377915959,795.1830836766543,797.3887939453125,12713521
2025-04-25,798.9572755447768,802.8785382468371,771.508436630355,782.9291381835938,13131038
2025-04-28,782.9291312258807,806.6037186789465,781.7037366423766,801.260986328125,11317611
2025-04-29,803.858844621864,812.6816855994211,793.075372315961,796.5554809570312,11283059
2025-04-30,795.5261656735474,795.5261656735474,769.0576426012298,773.1259765625,25635764
2025-05-02,774.7924765987593,787.5856441366993,773.4690743593894,781.0175170898438,14720184
2025-05-05,766.606876267059,783.2722431424297,766.606876267059,774.4494018554688,23986447
2025-05-06,778.3216684290833,783.4193220780548,755.9214185982945,758.8623657226562,18869468
2025-05-07,750.2356003532819,766.9990348823832,749.5003635713141,760.822998046875,15586266
2025-05-08,763.6658883956691,771.0182557422255,748.9611537025561,753.8627319335938,14491673
2025-05-09,741.6088285228935,766.312796178702,740.6285128209466,763.9110107421875,13578216
2025-05-12,783.272256608189,788.0758275471601,777.390362315762,785.8701171875,15096824
2025-05-13,782.880060357833,791.7519649275839,781.5076543371932,785.9680786132812,13909596
2025-05-14,789.8893639857823,791.6049164362635,780.6253687864404,784.9387817382812,9281719
2025-05-15,788.6149458696933,793.516524177251,778.8607930709097,791.8499755859375,17058854
2025-05-16,804.0,804.0,791.0,792.0999755859375,14733924
2025-05-19,792.0999755859375,801.4000244140625,792.0999755859375,795.0,10666184
2025-05-20,798.1500244140625,799.4000244140625,783.7999877929688,785.6500244140625,11324667
2025-05-21,787.0,791.0,779.0999755859375,787.0999755859375,8206040
2025-05-22,788.0,788.2000122070312,780.2999877929688,785.25,7355826
2025-05-23,787.9000244140625,794.9500122070312,786.2000122070312,790.5,5534158
2025-05-26,792.0,797.5499877929688,789.2000122070312,794.4000244140625,4965466
2025-05-27,794.4000244140625,801.3499755859375,790.0499877929688,793.7000122070312,11995043
2025-05-28,794.5,798.9000244140625,792.6500244140625,796.5499877929688,6873519
2025-05-29,799.0,800.4000244140625,791.3499755859375,797.3499755859375,14034127
2025-05-30,798.0,814.5,792.5999755859375,812.2999877929688,22037314
2025-06-02,812.8499755859375,822.5499877929688,809.2000122070312,813.6500244140625,26891575
2025-06-03,816.2000122070312,818.4000244140625,805.1500244140625,809.7999877929688,14247597
2025-06-04,817.0,817.0,805.25,806.5,9607927
2025-06-05,808.7000122070312,811.7000122070312,802.8499755859375,806.0,13595507
2025-06-06,806.6500244140625,816.4500122070312,803.0999755859375,813.0499877929688,17163935
2025-06-09,817.4000244140625,824.5,815.7000122070312,820.0499877929688,12793040
2025-06-10,821.0,822.0499877929688,814.5999755859375,817.0499877929688,6560513
2025-06-11,817.0,820.5999755859375,813.0499877929688,815.0499877929688,7197825
2025-06-12,816.0,816.5,801.2000122070312,805.9500122070312,13448521
2025-06-13,786.25,796.2999877929688,786.25,792.3499755859375,11377117
2025-06-16,792.5,795.4000244140625,786.1500244140625,792.5,8085001
2025-06-17,794.0,798.8499755859375,790.5499877929688,792.2999877929688,7753156
2025-06-18,792.5,795.5,788.3499755859375,791.9000244140625,5710169
2025-06-19,792.3499755859375,793.25,781.7000122070312,785.0999755859375,11824333
2025-06-20,787.5,799.4500122070312,786.0999755859375,796.1500244140625,11367669
2025-06-23,790.0,794.9500122070312,788.5,790.2000122070312,5549253
2025-06-24,799.0,806.6500244140625,793.6500244140625,795.4000244140625,11402190
2025-06-25,799.5,803.7999877929688,796.0999755859375,800.0499877929688,6528324
2025-06-26,802.0,803.3499755859375,791.4000244140625,797.0499877929688,24704402
2025-06-27,805.0,809.4500122070312,802.6500244140625,805.4000244140625,19375990
2025-06-30,809.0,821.0,807.0499877929688,820.3499755859375,19652607
2025-07-01,820.0,824.9000244140625,813.25,820.2999877929688,11456405
2025-07-02,821.0,824.0499877929688,809.0,812.9000244140625,6661200
2025-07-03,813.5,814.5,805.7999877929688,807.0999755859375,7020403
2025-07-04,808.75,813.8499755859375,804.0999755859375,811.8499755859375,4319538
2025-07-07,811.2000122070312,812.6500244140625,805.1500244140625,806.8499755859375,4461783
2025-07-08,807.9000244140625,813.5499877929688,805.3499755859375,812.6500244140625,5935770
2025-07-09,810.0,812.4500122070312,809.0,810.9500122070312,4099112
2025-07-10,811.2999877929688,815.5,806.9000244140625,808.0,12178137
2025-07-11,807.5499877929688,812.5499877929688,804.5499877929688,808.6500244140625,6202372
2025-07-14,809.7999877929688,815.5,808.0,808.8499755859375,6938635
2025-07-15,811.0,821.0,810.5,816.4500122070312,9297645
2025-07-16,816.0,834.2000122070312,815.2999877929688,831.7000122070312,16458920
2025-07-17,838.4000244140625,842.5,826.3499755859375,829.0,23073718
2025-07-18,832.0,832.6500244140625,820.25,823.3499755859375,15387801
2025-07-21,823.0,827.3499755859375,817.9500122070312,824.2000122070312,8852594
2025-07-22,827.5,828.0499877929688,814.0,815.0,7851163
2025-07-23,812.5,825.2000122070312,811.5,820.6500244140625,15470390
2025-07-24,820.0,821.9500122070312,810.6500244140625,815.7000122070312,10118309
2025-07-25,815.0,819.2000122070312,805.5,806.5499877929688,6734439
2025-07-28,806.5499877929688,808.9500122070312,796.0,797.1500244140625,7734158
2025-07-29,796.2000122070312,800.0,793.0999755859375,799.2000122070312,7833759
2025-07-30,798.9500122070312,803.4000244140625,796.2000122070312,801.6500244140625,8743723
2025-07-31,795.0999755859375,803.7999877929688,792.5499877929688,796.5499877929688,11359112
2025-08-01,795.7000122070312,801.0,792.0,794.0,15468391
2025-08-04,794.5,797.2000122070312,786.5499877929688,795.7000122070312,8820724
2025-08-05,798.0,804.0499877929688,796.2999877929688,800.5999755859375,7381537
2025-08-06,800.9500122070312,810.2000122070312,799.0,805.1500244140625,7409396
2025-08-07,801.0999755859375,806.6500244140625,793.4000244140625,805.1500244140625,7091392
2025-08-08,805.0,807.7999877929688,790.0,804.2999877929688,15708181
2025-08-11,808.0,825.0,808.0,823.4500122070312,15236297
2025-08-12,824.9500122070312,825.5,820.0,820.5999755859375,7986728
2025-08-13,822.6500244140625,824.9500122070312,820.6500244140625,821.8499755859375,4447508
2025-08-14,822.0,828.0,819.0999755859375,826.5499877929688,7087573
2025-08-18,836.0,838.0,825.1500244140625,827.6500244140625,6138124
2025-08-19,827.5,831.0,825.7999877929688,830.4000244140625,5076681
2025-08-20,828.7000122070312,831.9000244140625,827.4000244140625,828.9500122070312,4493888
2025-08-21,828.9500122070312,833.25,824.0499877929688,825.7000122070312,4402511
2025-08-22,824.0,826.0,815.7000122070312,816.25,5097647
2025-08-25,817.4500122070312,820.5,814.2000122070312,816.4500122070312,5672898
2025-08-26,814.8499755859375,815.8499755859375,806.75,807.8499755859375,6997817
2025-08-28,807.25,811.0,800.6500244140625,801.9500122070312,7898436
2025-08-29,800.7000122070312,806.7000122070312,798.5,802.5,6861440
2025-09-01,803.0999755859375,808.2999877929688,802.6500244140625,806.0499877929688,5619805
2025-09-02,806.2999877929688,810.5,802.6500244140625,803.9000244140625,5075460
2025-09-03,804.2999877929688,813.2999877929688,803.0,812.1500244140625,4261589
2025-09-04,814.6500244140625,816.75,808.0,809.4000244140625,4471950
2025-09-05,811.5,812.5,803.6500244140625,806.5999755859375,5194842
2025-09-08,808.0,813.8499755859375,806.7999877929688,808.7999877929688,4614227
2025-09-09,812.0,812.3499755859375,805.5999755859375,808.8499755859375,4567272
2025-09-10,812.0,824.5999755859375,810.4000244140625,818.2000122070312,7285853
2025-09-11,819.0999755859375,825.7000122070312,819.0,823.6500244140625,7425055
2025-09-12,824.0999755859375,825.7999877929688,819.7999877929688,823.5499877929688,5078018
2025-09-15,823.5499877929688,827.7999877929688,821.0999755859375,824.75,3852494
2025-09-16,825.0999755859375,833.0,821.6500244140625,831.5499877929688,9467531
2025-09-17,834.2999877929688,858.1500244140625,831.0,857.1500244140625,17243938
2025-09-18,858.6500244140625,860.7999877929688,851.0999755859375,854.3499755859375,10400847
2025-09-19,852.0,864.4500122070312,849.2999877929688,862.3499755859375,15206426
2025-09-22,862.0,868.2000122070312,854.0,855.25,6594034
2025-09-23,854.5999755859375,874.25,851.2000122070312,870.5999755859375,14357863
2025-09-24,876.0,880.5,864.4500122070312,866.2000122070312,12840160
2025-09-25,866.5499877929688,870.1500244140625,859.9500122070312,861.1500244140625,8678821
2025-09-26,862.0,864.3499755859375,853.0,856.9500122070312,6959545
2025-09-29,858.0499877929688,873.5,856.0,870.75,22641712
2025-09-30,869.9500122070312,877.5999755859375,867.5999755859375,872.4500122070312,12831593
2025-10-01,872.2999877929688,876.4500122070312,862.7999877929688,864.0999755859375,10832384
2025-10-03,865.1500244140625,873.0,863.7999877929688,867.2999877929688,8019442
2025-10-06,868.0,875.2999877929688,862.7999877929688,874.0499877929688,7820352
2025-10-07,874.1500244140625,877.0,863.0,864.7000122070312,9242580
2025-10-08,866.7999877929688,867.7999877929688,857.25,858.25,7156112
2025-10-09,861.5999755859375,865.7999877929688,858.0999755859375,862.0999755859375,7020501
2025-10-10,862.0999755859375,883.75,861.2999877929688,880.6500244140625,13713015
2025-10-13,879.0,888.0999755859375,876.0,882.9500122070312,11923143
2025-10-14,883.0,884.1500244140625,872.0999755859375,876.9500122070312,7681973
2025-10-15,878.0999755859375,887.5,877.0499877929688,886.0999755859375,8269225
2025-10-16,888.2999877929688,891.8499755859375,882.4500122070312,886.9500122070312,8493686
2025-10-17,887.5,894.75,883.0,889.1500244140625,8511854
2025-10-20,894.5999755859375,913.6500244140625,891.0499877929688,907.5,13546463
2025-10-21,908.0,910.0,906.4000244140625,907.8499755859375,1783576
2025-10-23,912.0,918.0,904.7999877929688,911.5499877929688,13382769
2025-10-24,910.9500122070312,914.0999755859375,900.9500122070312,904.5,5313227
2025-10-27,906.9500122070312,928.0,906.0,922.75,9150761
2025-10-28,927.0999755859375,935.8499755859375,917.7000122070312,930.25,22066289
2025-10-29,933.9000244140625,942.0499877929688,930.25,939.75,12314222
2025-10-30,939.4500122070312,944.9000244140625,933.0499877929688,934.3499755859375,13044473
2025-10-31,934.9000244140625,946.7000122070312,930.25,937.0,12078252
2025-11-03,938.75,953.4000244140625,937.5,949.7000122070312,11744735
2025-11-04,951.0,959.2999877929688,941.5,957.5999755859375,19154518
2025-11-06,969.6500244140625,971.4000244140625,955.2999877929688,960.75,23088096
2025-11-07,958.75,964.8499755859375,944.0,955.8499755859375,13371323
2025-11-10,956.0,963.2000122070312,949.0999755859375,951.1500244140625,7343249
2025-11-11,953.5999755859375,954.9500122070312,945.0499877929688,953.2999877929688,8648917
2025-11-12,957.7000122070312,961.5499877929688,951.4000244140625,957.1500244140625,7043323
2025-11-13,954.25,963.9500122070312,952.4500122070312,954.0,8894441
2025-11-14,952.9500122070312,969.0499877929688,952.0,967.8499755859375,11032927
2025-11-17,971.0,976.0,968.5,973.3499755859375,7415026
2025-11-18,975.5999755859375,976.7000122070312,968.8499755859375,972.4500122070312,6594686
2025-11-19,972.4500122070312,984.4500122070312,968.7999877929688,982.75,8291226
2025-11-20,986.0,986.5999755859375,979.3499755859375,981.5499877929688,6440857
2025-11-21,979.7000122070312,980.5999755859375,971.0499877929688,972.5999755859375,5377241
2025-11-24,975.5499877929688,977.7000122070312,968.0499877929688,970.5999755859375,9901946
2025-11-25,975.5499877929688,988.9500122070312,971.3499755859375,983.5999755859375,9140201
2025-11-26,986.5999755859375,999.0,982.1500244140625,983.9000244140625,13943490
2025-11-27,986.7000122070312,988.5499877929688,968.9000244140625,972.8499755859375,11909168
2025-11-28,976.7999877929688,983.0,973.0499877929688,979.0,8117842
2025-12-01,985.4500122070312,991.2000122070312,969.8499755859375,973.0999755859375,8808306
2025-12-02,976.0,980.4500122070312,964.9000244140625,967.2999877929688,13444314
2025-12-03,970.4500122070312,972.5499877929688,947.5499877929688,951.0499877929688,14051968
2025-12-04,951.0499877929688,952.5499877929688,944.4500122070312,948.0999755859375,13622724
2025-12-05,948.8499755859375,973.2999877929688,946.7000122070312,971.5,17347847
2025-12-08,970.8499755859375,972.5,951.7000122070312,956.4000244140625,15386438
2025-12-09,954.7999877929688,964.0,950.4500122070312,959.3499755859375,9580294
2025-12-10,960.0999755859375,963.9500122070312,955.25,959.75,6989178
2025-12-11,962.0999755859375,966.5,958.4500122070312,963.25,5979035
2025-12-12,966.0,967.0,958.0,963.1500244140625,5681930
2025-12-15,957.25,968.8499755859375,957.25,967.25,4416952
2025-12-16,966.0499877929688,969.0,958.0499877929688,961.1500244140625,4764786
2025-12-17,965.5499877929688,978.5,964.2999877929688,975.8499755859375,8013382
2025-12-18,977.9000244140625,981.4500122070312,973.5,977.5499877929688,4926879
2025-12-19,979.9500122070312,982.0,977.0499877929688,980.2999877929688,5376584
2025-12-22,981.0999755859375,983.0,972.5499877929688,974.2999877929688,5959037
2025-12-23,976.2999877929688,977.5499877929688,970.7000122070312,971.9000244140625,5123287
2025-12-24,973.2000122070312,977.2999877929688,967.5,968.9500122070312,4105643
2025-12-26,968.9500122070312,971.0,964.75,966.2999877929688,3286321
2025-12-29,966.9000244140625,968.9000244140625,961.4500122070312,965.0499877929688,5267233
2025-12-30,963.0,976.2000122070312,959.5,973.4500122070312,15030644
2025-12-31,975.25,985.6500244140625,973.5,982.2000122070312,5807630
2026-01-01,983.2000122070312,987.6500244140625,980.3499755859375,984.75,4328348
2026-01-02,984.5,1009.5,983.9500122070312,998.9500122070312,7357435
2026-01-05,1000.0,1015.5,1000.0,1005.5499877929688,11259060
2026-01-06,1007.9500122070312,1024.0,1004.9500122070312,1018.9000244140625,9575742
2026-01-07,1022.7000122070312,1022.7000122070312,1004.0,1007.1500244140625,7896720
2026-01-08,1006.5999755859375,1011.5999755859375,995.8499755859375,998.0,6854268
2026-01-09,996.0,1008.0,994.0,1000.5,7809460
2026-01-12,1008.0,1017.25,996.0,1015.1500244140625,7617922
2026-01-13,1022.7999877929688,1029.5,1016.0,1028.449951171875,11016895
2026-01-14,1030.0,1030.4000244140625,1020.5,1028.3499755859375,7370514
2026-01-15,1028.3499755859375,1028.3499755859375,1028.3499755859375,1028.3499755859375,0
2026-01-16,1032.0,1047.449951171875,1028.4000244140625,1042.300048828125,11051580
2026-01-19,1035.0,1043.5999755859375,1034.0,1038.4000244140625,5460164
2026-01-20,1039.75,1052.0,1033.050048828125,1036.4000244140625,8905718
2026-01-21,1032.0,1040.5999755859375,1022.0,1028.6500244140625,7408949
2026-01-22,1035.0,1055.5,1034.050048828125,1048.3499755859375,12001641
2026-01-23,1051.9000244140625,1053.0,1025.5999755859375,1029.5,10917698
2026-01-27,1034.0999755859375,1055.0,1030.25,1053.1500244140625,14420630
2026-01-28,1059.4000244140625,1065.5999755859375,1044.1500244140625,1063.5,12171257
2026-01-29,1063.0,1075.0,1060.300048828125,1066.199951171875,14800724
2026-01-30,1064.0,1082.5,1060.4000244140625,1077.1500244140625,9480769
2026-02-02,1019.9000244140625,1031.300048828125,990.0,1028.699951171875,14434549
2026-02-03,1087.0,1089.800048828125,1040.300048828125,1064.199951171875,16129381
2026-02-04,1064.199951171875,1073.9000244140625,1056.300048828125,1068.199951171875,7312276
2026-02-05,1068.199951171875,1081.0,1067.5,1073.5,9551567
2026-02-06,1070.0,1073.5999755859375,1051.0,1066.4000244140625,7041557
2026-02-09,1120.0,1150.0,1100.5,1146.0,40852966
2026-02-10,1151.0,1154.0,1138.0999755859375,1144.0999755859375,17280036
2026-02-11,1144.699951171875,1187.5,1142.800048828125,1182.9000244140625,29491859
2026-02-12,1183.0,1203.699951171875,1174.800048828125,1192.4000244140625,33214985
2026-02-13,1189.0,1201.0,1184.5,1198.5999755859375,18141390
2026-02-16,1194.0,1212.300048828125,1185.300048828125,1208.0999755859375,14972739
2026-02-17,1206.0999755859375,1225.5,1204.0999755859375,1213.4000244140625,20107196
2026-02-18,1218.800048828125,1224.0999755859375,1214.0,1218.9000244140625,10417264
2026-02-19,1222.9000244140625,1224.9000244140625,1199.199951171875,1205.699951171875,9630899
2026-02-20,1206.199951171875,1218.0,1201.800048828125,1216.0999755859375,9958162
2026-02-23,1222.0,1231.0999755859375,1217.0999755859375,1227.800048828125,9733835
2026-02-24,1232.0,1234.699951171875,1219.699951171875,1223.300048828125,15788449
2026-02-25,1228.0999755859375,1228.0999755859375,1197.5,1200.0999755859375,19581100
2026-02-26,1201.0,1215.4000244140625,1188.9000244140625,1209.5,16196052
2026-02-27,1207.0,1211.800048828125,1198.5999755859375,1201.699951171875,10700355
2026-03-02,1185.0,1197.300048828125,1179.4000244140625,1189.9000244140625,16270835
2026-03-04,1172.0999755859375,1182.699951171875,1157.5999755859375,1174.5,13855065
2026-03-05,1181.0,1183.199951171875,1150.5999755859375,1169.5,22100665
2026-03-06,1168.5,1169.300048828125,1138.0,1143.0,20333328
2026-03-09,1115.0,1115.0,1064.300048828125,1098.5,24631198
2026-03-10,1111.0999755859375,1119.9000244140625,1104.5,1112.199951171875,17491459
2026-03-11,1113.4000244140625,1115.9000244140625,1088.0,1091.0999755859375,8364878
2026-03-12,1075.0999755859375,1098.0,1070.5,1085.199951171875,14614140
2026-03-13,1077.5,1081.300048828125,1042.300048828125,1047.0,15978675
2026-03-16,1048.699951171875,1073.0,1036.0999755859375,1066.699951171875,15322269
2026-03-17,1073.9000244140625,1073.9000244140625,1047.0,1064.699951171875,16427877
2026-03-18,1067.5,1075.4000244140625,1061.300048828125,1069.800048828125,10749915
2026-03-19,1049.5,1059.699951171875,1041.0,1048.9000244140625,13431191
2026-03-20,1058.4000244140625,1085.0,1054.0,1058.0,17748625
2026-03-23,1039.0,1045.5999755859375,1014.2000122070312,1031.9000244140625,16039603
2026-03-24,1055.199951171875,1059.0,1020.0,1030.800048828125,30416734
2026-03-25,1043.0,1065.5,1043.0,1060.5999755859375,16205333
2026-03-27,1051.300048828125,1055.300048828125,1013.0,1019.5,20445349
2026-03-30,1005.0,1009.4000244140625,975.7999877929688,979.4000244140625,21438137
2026-04-01,1008.0,1031.0,998.4500122070312,1017.7999877929688,17424479
2026-04-02,1000.0,1026.0,977.9000244140625,1018.4000244140625,20777629
2026-04-06,1020.0,1035.699951171875,1005.0499877929688,1032.75,23576634
2026-04-07,1025.0,1033.699951171875,1012.0,1030.4000244140625,15021291
2026-04-08,1074.0,1077.800048828125,1059.449951171875,1061.449951171875,28533742
2026-04-09,1060.0999755859375,1064.3499755859375,1038.300048828125,1040.949951171875,24772948
2026-04-10,1049.0,1069.449951171875,1046.1500244140625,1066.699951171875,17861336
2026-04-13,1042.0,1067.25,1030.0,1063.550048828125,17763348
2026-04-15,1076.0,1088.0,1068.199951171875,1071.5,16195810
2026-04-16,1078.0,1084.1500244140625,1062.0,1067.1500244140625,20313165
2026-04-17,1067.0,1082.1500244140625,1060.0,1080.25,16823879
2026-04-20,1080.300048828125,1120.949951171875,1075.8499755859375,1107.8499755859375,31179584
2026-04-21,1113.4000244140625,1114.75,1105.949951171875,1111.8499755859375,16963734
2026-04-22,1110.0,1117.8499755859375,1100.0999755859375,1103.300048828125,12412659
2026-04-23,1095.0,1101.9000244140625,1082.199951171875,1094.25,13669001
2026-04-24,1091.3499755859375,1106.0,1090.050048828125,1101.0999755859375,13774745
2026-04-27,1110.949951171875,1114.800048828125,1103.4000244140625,1111.8499755859375,11624385
2026-04-28,1102.300048828125,1110.5,1089.1500244140625,1091.300048828125,10727835
2026-04-29,1094.0,1105.0,1084.25,1086.9000244140625,10611104
2026-04-30,1075.0,1077.699951171875,1063.0,1068.449951171875,14269539
2026-05-04,1063.5999755859375,1089.0999755859375,1063.5999755859375,1068.4000244140625,11693211
