time,open,high,low,close,volume
2015-01-01,249.7548315468928,259.9165568231185,247.70385704605755,258.751220703125,3402919
2015-01-02,261.03530636589005,261.03530636589005,248.6361406937465,249.33534240722656,4469469
2015-01-05,249.6615210821243,253.437226003378,247.051180367903,252.5515594482422,2662119
2015-01-06,250.31415511332548,256.93326881574995,246.2587804297526,249.89462280273438,4281631
2015-01-07,251.61935630495802,260.84881220710156,250.96678518191828,259.4504089355469,5465436
2015-01-08,262.8998026145383,277.72287090162376,262.8998026145383,276.1380310058594,6558340
2015-01-09,277.8160359220199,279.77380562366676,271.2901558835832,276.4176330566406,4546016
2015-01-12,273.9471949804139,284.3419865017542,270.870690842994,279.2145080566406,2950576
2015-01-13,281.73169015614315,291.33404903200164,280.61295602762397,288.0245056152344,4856296
2015-01-14,288.0710641318145,292.2662738036371,285.3674902556462,287.0455627441406,3127154
2015-01-15,290.86781702314124,295.9952945668184,282.6638643334902,294.64349365234375,4089886
2015-01-16,294.6435731841514,299.5846154030295,291.98662959117047,298.46588134765625,2772948
2015-01-19,299.5379424174284,300.4236091232389,286.99894461514134,287.93121337890625,3061675
2015-01-20,288.81691146812886,292.266317988904,284.90139891949315,288.0245056152344,2235687
2015-01-21,289.0033404390451,290.68141297103693,278.00257950579373,280.28662109375,2976914
2015-01-22,281.54513012660533,284.3419360550153,276.9303889644964,280.2399597167969,3300030
2015-01-23,282.8970406442479,288.4440241476967,279.68070120020866,285.69384765625,2822168
2015-01-27,286.2064872416433,293.3383370153658,286.2064872416433,287.51165771484375,2597322
2015-01-28,287.6982111000241,295.0631303053636,287.3253092004989,290.867919921875,2605964
2015-01-29,290.867893333538,292.26629666687234,288.44398853230746,289.0965881347656,1590269
2015-01-30,290.8678355235289,293.384972403485,285.46068842287605,287.3252258300781,2215039
2015-02-02,287.185339829216,287.5116395395344,263.4591202877142,265.92962646484375,4440110
2015-02-03,266.1626936221311,278.65508756261585,261.4081179233534,265.92962646484375,7571501
2015-02-04,268.3069506186421,277.48980403526707,265.3237075138846,274.4599304199219,3918011
2015-02-05,275.85828868608155,283.2698358564147,270.68420904303633,273.620849609375,2726129
2015-02-06,275.0696177178496,276.5183535718169,266.56425954764654,274.4153747558594,2151139
2015-02-09,270.67666997395816,278.06045448931707,267.9661704079995,274.83587646484375,2036620
2015-02-10,273.8078849033868,277.92037158091864,268.38685510363575,276.0977783203125,1880898
2015-02-11,277.54647123357165,284.1357931858942,274.32189243440774,281.42529296875,1926071
2015-02-12,284.7900744516879,286.00511746289163,281.425302659194,284.9302673339844,1536518
2015-02-13,284.60314529806755,290.6316962384026,282.82730214868633,287.7342529296875,1833969
2015-02-16,288.902474858683,290.0707960700789,281.51869050735405,282.68701171875,1963435
2015-02-18,284.135723578604,285.0703805640599,280.16343139041624,282.0327453613281,1414691
2015-02-19,283.2011356201021,283.2011356201021,271.4244490282346,275.7705993652344,1595252
2015-02-20,276.6585388183594,280.2102248667727,273.3872385282774,276.6585388183594,1225568
2015-02-23,277.8735341689741,278.5278055242244,268.80737774753607,270.5364990234375,1685643
2015-02-24,271.05059555415875,271.6581170463955,250.30119372648488,251.9368438720703,4453989
2015-02-25,251.93680764288658,257.4045573336902,249.60016491377996,253.80612182617188,3876175
2015-02-26,255.06797269043577,255.62877277782482,243.9455564717085,253.29212951660156,4082520
2015-02-27,257.07739517760484,264.4612082601029,254.36689559561498,263.5732727050781,2221382
2015-03-02,262.077891445681,263.4798773434184,251.4228043275721,254.22677612304688,2338796
2015-03-03,268.2466178260536,277.96704705303455,264.92859615780395,274.04150390625,7675974
2015-03-04,275.6303558901192,276.6584843406736,265.8164569523588,270.3962707519531,2015273
2015-03-05,272.4526058942193,274.5088633858308,266.4240548346818,273.2470703125,1646495
2015-03-09,264.6014542765955,276.65852623554446,264.6014542765955,268.19989013671875,1605505
2015-03-10,270.06921224195065,277.4997199474502,268.3400906987362,275.723876953125,1532750
2015-03-11,277.59315205874094,277.59315205874094,265.02200295511017,266.6109313964844,2219295
2015-03-12,268.947606748573,272.2656283677062,264.55470654085747,270.72344970703125,1353664
2015-03-13,272.12541178278934,272.5460188915403,258.24574799913535,259.5542907714844,1532733
2015-03-16,258.9000766640763,258.9000766640763,251.60976100494827,256.2362976074219,1987381
2015-03-17,258.7598679462466,265.44266164565863,257.63826782567736,264.7416687011719,1641187
2015-03-18,264.5079718347439,265.25568614078884,258.8065575498659,260.629150390625,1109210
2015-03-19,263.01262934270045,264.50808713011185,253.66605382573536,255.4886474609375,1789604
2015-03-20,255.62869800388106,256.0960265194275,247.02984190843972,250.90869140625,1757867
2015-03-23,251.8433560496629,253.2453416386791,244.88014954816123,249.13282775878906,2058386
2015-03-24,248.61883450090374,249.55349177346352,234.97283261683555,242.91741943359375,3054024
2015-03-25,243.94551512178973,244.8801722678502,239.36570081078779,242.45005798339844,1821346
2015-03-26,242.076206151528,254.2267493174348,241.14154898491978,249.03941345214844,2812025
2015-03-27,253.29205708105408,256.5166352687799,248.61877189505677,254.17999267578125,2210673
2015-03-30,255.62879068905553,256.3765051756464,245.3942810784018,248.8992462158203,2205124
2015-03-31,250.0208071237059,251.42279295804445,243.9455351749056,246.60931396484375,1863590
2015-04-01,244.88017880330253,246.0952217162197,236.09440710055046,238.15065002441406,3411924
2015-04-06,240.06667303846103,240.4872516039593,231.42109518042193,236.2345733642578,3157618
2015-04-07,234.78585367177723,241.60885315082052,234.78585367177723,238.71141052246094,1796361
2015-04-08,240.20689835835367,241.88926989466464,233.43063371594874,234.64569091796875,2286056
2015-04-09,236.37479778512295,237.12252638990947,232.44924043716495,234.22509765625,2432885
2015-04-10,234.5989499316962,241.1415501289945,234.5989499316962,240.16017150878906,1932969
2015-04-13,241.60889617018472,243.85206783805617,236.93560997733783,238.19740295410156,3447397
2015-04-15,239.27225012852782,240.86117882392756,234.03816395227128,234.87936401367188,3397244
2015-04-16,235.53360185559848,235.9541947208505,226.56088750878592,228.71060180664062,2792944
2015-04-17,226.46742162012734,233.0567571275007,221.7474003411302,228.4769287109375,2479115
2015-04-20,229.4115948691893,231.79497345667576,215.81233046928304,218.99017333984375,2053951
2015-04-21,218.66305037728125,225.85990800737937,210.90539271918078,222.58860778808594,2717826
2015-04-22,223.85038497148557,225.15889926244907,217.1208564175919,222.16799926757812,2385390
2015-04-23,223.19611910347666,227.4488117755166,215.53193370934446,218.28916931152344,2601630
2015-04-24,218.28919577445131,220.9996959977123,211.98025956282981,216.9806671142578,1720122
2015-04-27,218.52286043783033,220.29870344747422,206.18538801161333,214.12997436523438,2428785
2015-04-28,214.97113612660192,215.95252894822266,209.45666486109207,213.10182189941406,1817196
2015-04-29,214.03651844594108,224.31774858963257,212.68126823389306,221.467041015625,5715580
2015-04-30,224.31771745863227,225.4860389037293,218.70977452216647,220.251953125,4551737
2015-05-04,224.17752929087754,234.22509392940773,220.67256488208793,233.337158203125,2812312
2015-05-05,234.6517354658825,234.6986874593204,223.57175274590173,225.68446350097656,1661252
2015-05-06,224.18205901931003,224.18205901931003,211.03630477315153,212.4447784423828,2971373
2015-05-07,211.27110849324882,211.74059984545605,195.6839898688735,202.16297912597656,4412971
2015-05-08,206.57616162197465,212.67954821535116,203.94700760851126,207.13955688476562,3553277
2015-05-11,208.73581691974863,213.99411043153484,208.45411929839275,213.19598388671875,1396761
2015-05-12,214.0880326540819,216.81107646113094,207.98464575824184,209.0175323486328,2052333
2015-05-13,210.51987895475344,213.43073050941143,203.94700128864235,206.67005920410156,2330921
2015-05-14,204.69820816759025,211.17718241978133,202.2099099920609,210.5198974609375,1711307
2015-05-15,211.6466488604669,213.1490265851127,206.10665786534025,207.7968292236328,1084375
2015-05-18,209.1114394089847,211.27110243273367,205.73111036670412,210.47296142578125,1229626
2015-05-19,210.14428749909814,212.0222525092282,207.5151336193689,208.50106811523438,1658986
2015-05-20,209.39311376096907,210.61379397131134,206.01277076736534,206.90481567382812,1097207
2015-05-21,208.07853130878564,218.59513262406037,204.69818851956987,215.6373291015625,3140021
2015-05-22,216.62324578710258,217.13968899404082,211.36495272594195,213.33680725097656,1602898
2015-05-25,213.61854246721464,219.0646444374208,212.30397255235755,216.20074462890625,1310422
2015-05-26,216.52937069736956,221.36512485168853,215.77818183020477,220.7078399658203,2134624
2015-05-27,217.23364710096774,224.8863501538121,217.23364710096774,221.78770446777344,1515556
2015-05-28,221.88160069499457,226.7643075573908,220.19142907746644,221.412109375,2349545
2015-05-29,222.53881313208004,225.30880815151073,219.62796216592574,223.61863708496094,1068596
2015-06-01,220.66088966899034,225.73138948773655,220.66088966899034,222.210205078125,910187
2015-06-02,222.53887151827973,224.3229326896521,204.36955285942662,210.84854125976562,2469444
2015-06-03,210.33207228886798,212.58562447515456,201.78732612103857,208.12545776367188,2248021
2015-06-04,208.1724054468343,213.99409374744317,204.46342765007228,212.4447784423828,1617317
2015-06-05,211.22415302902212,213.43076807930962,208.26636328971134,209.5339813232422,1025840
2015-06-08,209.8626173411672,210.70769597520427,203.1958349518068,205.44940185546875,1316073
2015-06-09,203.66532696282226,206.85787650533553,201.41177437918526,205.40245056152344,1115650
2015-06-10,205.63716459274292,211.9283443882523,204.79208608578483,210.3320770263672,848524
2015-06-11,213.1490318952034,219.06462463273206,211.27106685647914,213.19598388671875,2461454
2015-06-12,213.00817252894822,214.55748782591883,205.68410662164118,210.8954620361328,1323415
2015-06-15,211.97530953567983,214.0410682691513,209.20531389345192,212.86734008789062,868874
2015-06-16,212.30393514678738,214.93307451327675,209.15833824566877,214.18190002441406,889606
2015-06-17,214.69834480369482,219.01767007321055,214.08801190436014,217.37445068359375,1180154
2015-06-18,216.67017970599468,222.02237629580728,216.2006885257,217.5622100830078,1169734
2015-06-19,218.3134151808544,226.38866981756274,218.3134151808544,224.83934020996094,1246683
2015-06-22,226.2947743956464,231.78782755501663,226.24782240678073,230.09765625,1200444
2015-06-23,231.31835799728083,232.86767348087747,227.04598450940287,228.1258087158203,1012795
2015-06-24,228.64223083681273,228.8769764536883,221.412068702592,225.21495056152344,1391070
2015-06-25,225.12105338721446,228.59528575642307,222.91443879080228,224.04122924804688,2133914
2015-06-26,224.04123412088086,232.3042688021543,222.1163170969134,230.23851013183594,1310125
2015-06-29,225.355805418452,228.3605466251508,220.6608928055676,226.90512084960938,1129446
2015-06-30,228.17277136983665,230.66106952405062,224.7454906173929,229.20565795898438,1237069
2015-07-01,230.2854945525905,232.82074483808057,228.12583159541816,230.94277954101562,910674
2015-07-02,235.6845810670502,243.85373936303577,233.85356826295265,241.60015869140625,3674989
2015-07-03,242.6800668060236,246.3890309190188,240.37954795133058,241.92886352539062,2072543
2015-07-06,240.33257763457902,249.6285133535153,236.90529710341357,248.5956268310547,2088781
2015-07-07,249.76939438670792,255.4032905006938,248.73650770138167,253.76007080078125,2130307
2015-07-08,250.70831424180935,256.1074633312865,246.2950852630051,248.2200164794922,1609598
2015-07-09,248.73648942536124,249.4876927119842,241.5063404702708,242.6331024169922,978448
2015-07-10,243.19650472550734,243.57209205190324,238.8771788332641,241.45938110351562,791249
2015-07-13,241.3185143272526,255.8727437905694,241.08376869074746,254.18258666992188,1765710
2015-07-14,255.73189939147713,255.73189939147713,249.81629222183793,250.2388458251953,829584
2015-07-15,250.2388525652202,255.7788439453255,249.20596601678312,251.4595184326172,1430294
2015-07-16,252.4924107483508,253.14971001840817,248.87732207398383,250.42666625976562,761018
2015-07-17,252.11679172787572,253.5252654246795,245.49697681508627,247.1871337890625,1051770
2015-07-20,248.83038860285245,252.21073168855222,243.94766762845563,247.70359802246094,1278798
2015-07-21,249.11207674093504,250.1449633503695,240.47345386083634,242.6331024169922,914013
2015-07-22,242.7269450817864,249.29982173777287,239.8160939744702,247.6096649169922,1184053
2015-07-23,248.78341847770506,254.9806798949112,246.1073126900182,247.04629516601562,2244281
2015-07-24,247.84447337712055,251.17785020740246,234.3231150870701,236.20108032226562,4173349
2015-07-27,236.1541153478352,236.1541153478352,224.55767492669762,226.38870239257812,4121860
2015-07-28,227.98495653754006,228.17275017419385,214.46359978242768,218.17259216308594,3326656
2015-07-29,221.03650510381308,223.85345299040918,217.84396989676597,220.75482177734375,1824345
2015-07-30,224.08820915077203,224.83939815462057,219.95669112121286,221.78770446777344,4168436
2015-07-31,221.27122954096833,226.57648948192235,219.25242281360786,223.47784423828125,1355682
2015-08-03,221.59986641762765,223.2900377558516,215.21478265530143,216.05987548828125,1573588
2015-08-04,214.8391997051662,220.09749312907473,213.24293231447496,219.0646209716797,1611404
2015-08-05,221.13037992436836,222.5388536818484,217.9847828015685,220.660888671875,1451994
2015-08-06,221.13037646922788,225.63749528828797,219.25241148859752,223.2900390625,1337074
2015-08-07,223.33699000027661,226.858174322368,222.30410353470222,224.98020935058594,1247676
2015-08-10,223.8065044980321,225.1210743837768,218.26649865899444,219.6749725341797,995722
2015-08-11,220.47308861713935,220.66088224712172,208.73580764654778,209.62783813476562,2238455
2015-08-12,207.1395674554939,213.38379601935475,206.57617216395178,209.76870727539062,1906887
2015-08-13,209.76873046842752,215.02703934507966,209.76873046842752,211.7875518798828,982107
2015-08-14,212.72649753256067,216.85801498193334,211.08327808578392,216.15377807617188,934036
2015-08-17,217.13972723315774,220.1914206969751,214.13498576510045,216.20074462890625,896480
2015-08-18,215.73122790582264,219.58106186069878,215.63732392536778,216.7641143798828,1106748
2015-08-19,216.81106813458783,220.66090237520746,214.83921334830256,215.87208557128906,870703
2015-08-20,215.49645175525797,218.54814442717338,213.57153505050303,217.5622100830078,1326677
2015-08-21,215.9659664511421,216.95190090266178,209.01750195728644,215.49647521972656,849388
2015-08-24,206.57615546693944,209.15835741027618,188.73548749479468,202.58547973632812,2556175
2015-08-25,203.38364616787507,215.96600785068958,200.9422855654242,210.0973663330078,1507013
2015-08-26,209.86258570414213,215.9190198756944,208.45411197458415,214.41665649414062,823734
2015-08-27,217.84393862962196,218.59512749044367,209.39309618278318,212.67953491210938,1018074
2015-08-28,214.8861537806817,216.62326283268212,206.57615281148875,207.60903930664062,793142
2015-08-31,206.57616779715207,212.02226963189713,203.33668075860777,210.00344848632812,1048835
2015-09-01,210.14428798655007,212.11614265511895,189.67446646310356,203.6183624267578,1878887
2015-09-02,206.10665280430507,210.33207393241156,203.14886374572473,208.07852172851562,1011683
2015-09-03,210.80158133533655,211.2241206150048,204.69819479333347,208.03158569335938,1005268
2015-09-04,205.73106726633216,211.17715419257078,202.44462858366063,209.5808868408203,1128234
2015-09-07,210.3321170561181,212.63262172087173,203.85314239575268,205.02687072753906,701610
2015-09-08,205.26158947173806,208.5480283696898,202.25683387427864,207.2334442138672,832198
2015-09-09,210.09732298629345,215.44952008062072,207.56207323926844,213.242919921875,940053
2015-09-10,208.45414056642755,216.8110801102929,208.45414056642755,215.2617645263672,827567
2015-09-11,217.70308104602657,221.59985238009105,214.83918178319453,220.050537109375,998844
2015-09-14,220.14441157462855,221.41204349251768,216.7171316895709,217.5622100830078,509548
2015-09-15,218.5482259999384,219.15855903103377,215.54348419008429,218.1256866455078,638886
2015-09-16,217.93787286874888,226.6703998140562,216.38854294174374,219.15853881835938,4586697
2015-09-18,222.35107598830234,224.79242207966337,216.90497420336314,221.45904541015625,1011560
2015-09-21,217.4214230691629,222.49192335879576,217.4214230691629,219.5341339111328,516615
2015-09-22,220.4261410820478,222.2571540849138,214.08800922984835,216.7171630859375,561201
2015-09-23,210.33210198739843,218.64210371219195,210.33210198739843,216.29464721679688,539354
2015-09-24,216.294653882945,223.57176924294865,213.75938932759217,221.55294799804688,1261571
2015-09-28,222.35106431597555,223.4778404780487,216.9049628169296,217.9847869873047,431335
2015-09-29,215.9659664511421,219.06461144403164,212.2569885885065,215.49647521972656,570692
2015-09-30,218.26649185204633,218.26649185204633,214.0880223515223,216.012939453125,495259
2015-10-01,216.57631161770732,219.7219087778869,214.08801368101803,215.6373291015625,423877
2015-10-05,217.65616715697809,217.65616715697809,213.5715871607075,215.5904083251953,536789
2015-10-06,218.3134554884721,220.56700800758068,215.07396836935195,216.20074462890625,666173
2015-10-07,216.6702213093356,229.815976881733,214.08801932190042,226.67037963867188,4895587
2015-10-08,228.45444138366835,232.86765619602986,224.46376582385736,225.77833557128906,2069303
2015-10-09,226.10698990536258,228.3605421846318,222.67969516795966,224.74546813964844,956881
2015-10-12,224.74550756988006,229.3465169171638,223.38397123755666,224.27601623535156,763140
2015-10-13,224.9332730727052,230.52021638846693,224.27598815221617,228.17276000976562,1209582
2015-10-14,227.84411854370373,230.52022464233696,226.3887069989867,227.75022888183594,647563
2015-10-15,228.26666026978444,230.9897038935323,227.46851938296015,228.3605499267578,920175
2015-10-16,228.64226227155194,233.75971455746222,227.4215820304274,232.4451446533203,1031615
2015-10-19,233.52496389352467,236.62360926130344,230.28547687037567,231.88174438476562,802454
2015-10-20,232.16345984965548,234.4639644730124,229.76905123035002,230.94277954101562,702116
2015-10-21,231.36528166556164,239.01799761724675,230.2854575244719,237.7973175048828,1599074
2015-10-23,240.09784397486214,241.22462021063848,233.90056751422364,235.02734375,1342204
2015-10-26,235.6846042901917,237.09307802100955,228.17274439249633,229.8159637451172,689974
2015-10-27,229.76898353751386,265.8259152149778,226.20084765876058,259.957275390625,12287024
2015-10-28,259.5347985486888,259.5347985486888,249.769384726565,255.12159729003906,6943408
2015-10-29,253.52523630315608,255.0745514605819,245.35607833786742,247.89134216308594,4831553
2015-10-30,247.56271197820493,252.49236973649744,246.2950799664072,249.29983520507812,2209161
2015-11-02,250.33275863402713,259.06528506380033,246.34208271565706,257.0464782714844,3519564
2015-11-03,260.1921275741457,274.65245629408895,260.1921275741457,270.3331298828125,9209143
2015-11-04,271.69452194044453,271.69452194044453,266.20147000294173,268.2672424316406,1521212
2015-11-05,268.1263897634219,268.92453046576986,262.58639981168875,264.0418395996094,1380939
2015-11-06,263.9009919930962,270.2860895048117,262.21083513569823,266.0137023925781,1541927
2015-11-09,260.09819224294245,279.34733643420714,258.7366559477113,272.0702209472656,5770018
2015-11-10,271.8823538743712,281.45998621873116,269.8166097009102,278.502197265625,2947433
2015-11-13,278.7839752433129,283.2441433458001,276.15483498193345,278.3614501953125,2255776
2015-11-16,277.93875396248797,279.8167185162885,274.6523159933369,277.7509460449219,1088647
2015-11-17,278.8308618583774,281.4130637057911,274.41763269333615,276.06085205078125,1170928
2015-11-18,276.06086881046065,278.59613314948075,266.9057889774607,268.73681640625,1222024
2015-11-19,269.95755239784756,276.9999233299653,269.488061002373,276.2017822265625,1606898
2015-11-20,277.5632414643603,280.5679683656181,274.37070659500455,275.403564453125,2168672
2015-11-23,276.06094502734277,279.2065431592608,273.66655033368585,275.967041015625,1304581
2015-11-24,274.229859197306,278.17359761299673,271.7415610172637,272.63360595703125,1892748
2015-11-26,273.2439236902907,283.10324052447646,272.58662443915557,279.91070556640625,5014432
2015-11-27,281.0374909143424,288.5024143173728,279.8637626217575,286.67138671875,3716288
2015-11-30,288.1737656829005,290.38038061185455,286.9530997164881,288.2676696777344,1979621
2015-12-01,290.89676762134474,290.89676762134474,283.7135572130297,285.5915222167969,1391452
2015-12-02,280.7557581876696,280.80269584892403,267.6569412849529,271.5537414550781,4169062
2015-12-03,268.5489943300816,270.38002166270263,262.9150993441358,266.2015380859375,2352362
2015-12-04,262.9620312781169,268.4550845008404,262.9620312781169,266.5301818847656,962933
2015-12-07,270.0983412614044,270.0983412614044,263.1029380302357,264.558349609375,1235150
2015-12-08,261.36584008436193,267.1405779540301,256.38921458472595,258.361083984375,846591
2015-12-09,256.3422350635796,259.11224503652915,251.17783106046718,254.18258666992188,1262809
2015-12-10,255.45019929795257,262.3047893217794,251.74123530210804,261.74139404296875,1729108
2015-12-11,263.00901878593544,263.90103501786416,255.49715836309102,257.2812194824219,1232711
2015-12-14,254.65215564816958,261.74146457168524,254.65215564816958,258.0794372558594,866104
2015-12-15,260.09812453656207,268.4550621570041,257.3281149971802,267.65692138671875,1980982
2015-12-16,269.01857593870244,269.01857593870244,263.43161673886493,264.6992492675781,992112
2015-12-17,266.67101826512413,271.1781226046,263.9479748660462,270.00439453125,1258680
2015-12-18,268.9715326501684,270.2391360256833,266.67101419928935,268.5959167480469,935652
2015-12-21,269.4879729379486,273.7133941164182,268.92457771639175,271.3190002441406,1343765
2015-12-22,270.4269087816255,274.1828380702592,269.7696096939281,270.4738464355469,1661851
2015-12-23,270.89648379671684,275.68530085316115,270.89648379671684,272.5397033691406,1470158
2015-12-24,272.9152539927818,274.3237277226487,267.4222007152066,268.0325622558594,1087369
2015-12-28,267.61003006819436,270.192232112712,265.87290659806047,268.4551086425781,1068883
2015-12-29,269.0654055053776,277.70405537657484,268.3142310189561,275.2626953125,2686225
2015-12-30,275.96698417481514,276.4364754812219,271.92937040190685,272.5397033691406,1482887
2015-12-31,273.57250522194045,275.12182032201207,270.9903038366656,272.1170654296875,1754040
2016-01-01,272.3049294326903,274.41764009208185,267.93866646770886,269.1593322753906,970577
2016-01-04,272.3049868879176,273.1970319278452,266.2015992507746,269.44110107421875,1356574
2016-01-05,269.8166226563571,271.5537459838033,264.93390227469274,269.6288146972656,993192
2016-01-06,270.8025256350516,276.4364201849714,267.60999112119094,268.9715270996094,1278055
2016-01-07,267.3752467945555,267.3752467945555,258.2671057664074,260.75543212890625,893479
2016-01-08,260.33295940113186,270.0514362947225,260.33295940113186,267.7039794921875,923022
2016-01-11,261.13097154350237,271.60061798360107,261.13097154350237,268.2672424316406,1095794
2016-01-12,269.81663069092934,274.22983130628086,267.56307839208256,272.4457702636719,1707329
2016-01-13,275.7791595765085,276.48339642051855,256.342211219644,270.00439453125,1970432
2016-01-14,264.0887829058803,267.23437947336373,259.39387120977574,265.3564147949219,1009369
2016-01-15,265.9199149635025,268.03262606123536,256.76483353999333,261.41278076171875,1569900
2016-01-18,261.0371777986076,263.1029510994922,247.28108764930866,257.46905517578125,1930661
2016-01-19,259.11224620377874,266.7649482572246,251.45951549485957,265.45037841796875,1252771
2016-01-20,261.0371346080679,261.0371346080679,249.29985337569073,258.0323791503906,1642004
2016-01-21,261.78832285146973,262.9151133709631,251.69426046312023,257.3751220703125,1314652
2016-01-22,261.7883310470722,270.42698221903663,257.79765509418706,268.2203674316406,1025528
2016-01-25,270.42697423183813,274.6523957042106,269.48799168242203,270.2391662597656,1173133
2016-01-27,272.21102486913856,275.30968435625,269.7227269400377,272.49273681640625,1525383
2016-01-28,273.47862728832166,277.938793741951,272.39880324643156,273.99505615234375,3102150
2016-01-29,274.18282645089283,277.18758121665036,261.78824886147464,274.4175720214844,4792489
2016-02-01,275.59139675989996,284.27698592524604,273.2439402287253,277.42242431640625,2038180
2016-02-02,281.6947591015151,283.00932891289426,272.30493379813123,275.4505310058594,1504189
2016-02-03,274.0420644315369,276.4364584848045,267.14053692059554,270.1922302246094,998524
2016-02-04,271.9354347079659,273.3959218713716,259.8274238907168,264.7271728515625,1749740
2016-02-05,264.8684689909264,275.09196398481157,262.23013193308935,272.64208984375,672536
2016-02-08,271.4170985391072,278.06002718200483,268.16632936762085,270.2864074707031,947931
2016-02-09,265.7165295866272,271.652738426293,262.84265663758737,269.3913269042969,1012018
2016-02-10,268.2606028936208,273.2545539287782,263.9262145629801,270.4748840332031,988626
2016-02-11,270.4277525697432,271.6055737917368,258.696641696526,262.9367980957031,1623701
2016-02-12,260.4398685014757,267.3654642516752,254.4565298940134,260.2514343261719,1196848
2016-02-15,262.6541794943304,272.31231524255236,262.6541794943304,268.4961853027344,858056
2016-02-16,271.7469409224202,271.7469409224202,258.69667438275405,260.29852294921875,768983
2016-02-17,260.2985376871818,267.41256766751064,255.96414904610586,265.85784912109375,723539
2016-02-18,266.6588203296327,272.26526285992907,265.2454343561541,268.5433349609375,938367
2016-02-19,267.4125336776419,273.06607585903305,265.99914813229407,271.13446044921875,1372073
2016-02-22,271.37000405624804,274.9034676507305,268.8258987660606,270.3806457519531,1015086
2016-02-23,270.42779561537276,271.9825141247981,261.09945580341486,264.2088928222656,909889
2016-02-24,261.0051943061532,262.8897083444648,252.99600964332905,254.88052368164062,1958435
2016-02-25,254.40945491944169,255.11614784977345,247.05985994615472,252.1951446533203,1851480
2016-02-26,254.40938096984266,255.35163793639762,245.4579397875704,249.1327362060547,895038
2016-02-29,247.7193945577251,254.36232459977447,241.2178260899749,252.66624450683594,1478269
2016-03-01,253.3258400272909,269.48554436673226,251.2057614439862,267.4125671386719,2210816
2016-03-02,273.0660607814896,277.0235515921087,270.28641994902705,271.7940368652344,1975333
2016-03-03,271.79406695304465,273.4901181994065,269.1557298687657,270.4748840332031,778173
2016-03-04,270.851827126019,278.107189870353,267.3654641964491,271.6056213378906,1930123
2016-03-08,270.8989222156095,273.16033355432836,264.16178955332845,266.6116638183594,803480
2016-03-09,266.14054655741035,269.06152075142563,263.4551078981773,268.3548278808594,738681
2016-03-10,269.53264572197656,271.27582719710836,266.3289771693974,267.4125671386719,621809
2016-03-11,266.1405530193152,272.9719176006547,266.1405530193152,271.3229675292969,890517
2016-03-14,272.31226670108646,275.84573036935313,270.0508557044759,271.7940368652344,1627429
2016-03-15,271.79403153548816,272.2180299141252,268.0721050424053,269.2970275878906,1005353
2016-03-16,269.297131844009,270.89898079784786,266.6117214734726,267.4597473144531,859581
2016-03-17,270.7277915141182,270.82252360893665,268.0754663082612,268.8806457519531,779319
2016-03-18,268.92792707289703,273.5221578434159,267.60176481650217,272.24334716796875,615719
2016-03-21,272.81176241269804,290.8097606274247,271.8644993487651,289.19940185546875,2844198
2016-03-22,290.8097199905191,301.703243703519,289.8624570589539,300.5191650390625,5133647
2016-03-23,299.76130174030413,301.13481535055394,291.1885567098243,293.1304626464844,2388530
2016-03-28,294.5987718405494,303.88193701052035,293.60415732525627,298.5299072265625,3373334
2016-03-29,302.17689010327643,302.65052159246653,296.25649648840033,299.0509338378906,2689887
2016-03-30,300.56653271316236,309.1392800476707,300.28236538174815,304.2135009765625,3551028
2016-03-31,305.91860183640534,308.61827829890063,301.41910252134915,305.7764892578125,1860426
2016-04-01,305.9659579717785,312.1231676523251,302.50845370202927,307.4342041015625,4109527
2016-04-04,309.28129914649577,310.6074612631936,305.492248008407,307.24468994140625,1317694
2016-04-05,305.9659499575813,305.9659499575813,296.0196884264525,297.6773986816406,1422528
2016-04-06,298.4825702692281,301.70325861408634,297.4405752113756,299.0509338378906,1445094
2016-04-07,299.3350768799801,301.4190668265896,293.74623154265237,297.2037353515625,1179146
2016-04-08,296.1143257992919,299.9981086508939,295.35649829439984,296.49322509765625,933012
2016-04-11,297.44056613039805,300.708634869303,293.7935979933434,298.4351806640625,1208469
2016-04-12,301.22959749533766,305.35019682761526,300.7086144717423,301.9873962402344,1606340
2016-04-13,306.91321519940703,312.40732909341125,303.55044307762097,309.5181884765625,2029123
2016-04-18,310.1812613473744,317.0489176641702,306.9605442239956,316.3384704589844,2220871
2016-04-20,317.2382952797267,322.8745203136262,314.77540630084206,317.5224914550781,2406647
2016-04-21,316.3383748476103,317.8066203979575,305.25539023320954,307.6708984375,2598664
2016-04-22,305.06601182197045,316.10164796647905,303.266218055609,313.9703063964844,2720399
2016-04-25,312.02834621822194,312.02834621822194,304.0713448450317,306.15533447265625,631548
2016-04-26,305.06600852417387,313.63875520238224,300.8033254302646,312.7862243652344,1571013
2016-04-27,312.3599131954803,312.54937732171635,307.29205135442066,310.56011962890625,1480109
2016-04-28,311.64949657967577,312.0283959610566,300.99278886988446,301.8927001953125,1691417
2016-04-29,302.176863113484,305.8238310361427,297.7247159494846,302.9346618652344,1020863
2016-05-02,299.33510969009376,306.4395822302067,298.00894726424053,302.1295471191406,1172656
2016-05-03,305.96585800307923,308.23928274530834,264.3336499715928,272.2906799316406,14135554
2016-05-04,264.28624888695356,280.0581644098658,262.86535507573336,275.3692321777344,10887415
2016-05-05,275.74826805187445,282.4738412059539,271.5329360931997,280.5793151855469,3220948
2016-05-06,280.38986196852744,286.1681723380272,278.5900679604994,284.6051940917969,2149934
2016-05-09,287.0206366900915,288.1099831599221,283.7999488587009,285.4102783203125,1137336
2016-05-10,286.0733809486447,286.54701237405635,279.4425409928814,283.3263244628906,1471002
2016-05-11,276.127169399426,286.26289524253696,276.127169399426,281.2897644042969,1477346
2016-05-12,282.2844201227867,283.2316832775611,279.2058148697697,280.863525390625,753323
2016-05-13,280.3424861385652,282.2843636541253,278.02168031035495,280.53192138671875,1280536
2016-05-16,281.52655661579263,282.37908747799185,275.22723495426516,279.67938232421875,1008405
2016-05-17,280.8634638442687,282.28435826506603,277.78485926587456,278.63739013671875,806278
2016-05-18,277.1692133447457,283.1843403431474,277.02712964881994,281.952880859375,901827
2016-05-19,281.28973252895133,285.97866658590203,278.4952953827611,280.81610107421875,1051112
2016-05-20,278.9689108968783,285.55239930474085,278.49527946920955,281.8106994628906,824972
2016-05-23,285.12613790697816,285.12613790697816,276.5060395839704,279.53729248046875,1865679
2016-05-24,277.6427646245518,281.33708419087884,276.22187025995134,278.82684326171875,1122095
2016-05-25,280.389851020237,282.284377040644,276.600798979423,280.5793151855469,1258461
2016-05-26,280.3898038437047,287.4469236456057,279.8214403515771,283.3263244628906,2039276
2016-05-27,283.231632292021,284.1315436903314,273.8537345295384,275.7482604980469,1292327
2016-05-30,276.6955091791058,278.4479513910217,268.78585788782124,272.7643737792969,1431010
2016-05-31,272.81173393131274,273.3327169988157,269.02268207115566,269.6383972167969,1305250
2016-06-01,272.8117147784201,276.6007663725648,271.8171002982249,273.66424560546875,1484499
2016-06-02,280.5792915274702,282.2843532387988,277.1217587052237,280.95819091796875,3300600
2016-06-03,282.5211583336735,291.75697155665193,279.72672123114563,281.8580627441406,2547088
2016-06-06,283.4684136065754,284.0841286899184,277.7374848112137,279.2530822753906,946952
2016-06-07,280.20035576928814,282.094881579515,276.8375840194033,278.35321044921875,1998900
2016-06-08,278.77947507357237,279.44257070291553,272.9538137032645,274.4220886230469,1984224
2016-06-09,274.5641901606555,276.7902640233345,272.4801999683236,274.6115417480469,1324754
2016-06-10,275.08514722031833,276.9323214845293,270.6330288244864,271.5802917480469,1277187
2016-06-13,269.969881584166,273.7589325537683,268.83315473001943,272.6695861816406,782959
2016-06-14,273.0485587239163,276.6007949605674,272.33811147658605,274.9430847167969,764507
2016-06-15,275.41670205542505,277.453311611432,274.70625484462,276.64813232421875,611196
2016-06-16,275.17992440581065,278.4479935911118,275.1325728151382,276.790283203125,1167469
2016-06-17,277.78489328315675,278.9216205222655,273.3801258209155,277.8322448730469,1113631
2016-06-20,273.75897823800756,279.06365626231565,273.38007885945046,277.87957763671875,585520
2016-06-21,278.16378875600196,281.81075727889305,276.7428941814866,280.6266784667969,1211122
2016-06-22,282.0948289591124,284.55771783462774,277.02699648861665,279.4425048828125,1577127
2016-06-23,279.82142994665384,280.62660912154735,276.6007421552467,279.7740783691406,1013807
2016-06-24,275.7482407217951,283.2316119790731,264.38108572597946,281.52655029296875,1312545
2016-06-27,279.39518182066183,285.83655746794005,278.77943785782594,280.7213439941406,905363
2016-06-28,283.8947790491742,285.12620958711,280.10572643007634,280.863525390625,947269
2016-06-29,282.2843197770784,287.21009799417345,282.000152494932,284.4630126953125,1450888
2016-06-30,289.2467514492228,295.3565802138859,288.15740482372524,293.1778869628906,2819375
2016-07-01,296.1616980815142,299.80866551314926,292.8462783996942,295.1670837402344,1616284
2016-07-04,299.3351013935809,301.13489527222436,295.35658531811896,297.0616760253906,1545969
2016-07-05,297.25110360822106,297.4879193468854,289.57829680203315,290.2413635253906,1547151
2016-07-07,289.8624579337846,289.8624579337846,282.37908653346807,283.42108154296875,2366617
2016-07-08,284.1789106216899,284.6998937278935,278.1637845652294,281.1950378417969,1109583
2016-07-11,283.23160823912286,286.0733969505522,281.8580654653308,282.8053283691406,1186617
2016-07-12,283.23163797353675,289.81512740943487,282.8527385538689,288.77313232421875,1255214
2016-07-13,295.2618182395507,295.2618182395507,290.2413081921029,292.1358337402344,2858917
2016-07-14,289.38879113909843,290.33605395788436,286.4049190415562,288.4415283203125,1650978
2016-07-15,288.820460138915,294.3146024504921,285.7418556317264,291.1412658691406,1790590
2016-07-18,292.98848982601913,295.07248038397654,284.60523381484666,285.931396484375,1172056
2016-07-19,284.1788406243431,285.8365505279851,280.8634208170591,284.7945556640625,1036818
2016-07-20,285.1261373711557,288.15739026195763,284.03679080070725,285.9786682128906,1174490
2016-07-21,285.8839816294865,288.44160346982875,283.23165660912576,284.5104675292969,809845
2016-07-22,284.652516495919,287.2101380243754,281.5739119081927,285.07879638671875,1988406
2016-07-25,285.55235338428554,285.93125268385506,283.32628025058983,285.0313415527344,1840573
2016-07-26,287.4469705717438,298.19838255723784,273.6169249103145,275.8903503417969,12078740
2016-07-27,275.9376378619302,280.1056172447997,270.72769254150944,272.9537658691406,5166259
2016-07-28,274.2326374694667,275.6535319641271,271.72239631053435,274.9430847167969,3398855
2016-07-29,276.17454948569326,279.8215182583712,273.90112379239275,276.364013671875,1817346
2016-08-01,277.9268787357135,281.95274533148284,277.1690801162462,279.4425048828125,1953335
2016-08-02,284.1314869299634,286.7364596162725,279.06362519496514,284.0841064453125,3357305
2016-08-03,284.0840904127172,284.7945374688885,279.77405650187745,282.6158447265625,1489230
2016-08-04,284.2262319106928,286.54703766330016,278.1164033285595,283.42108154296875,1303006
2016-08-05,284.1788778087825,288.8204603646919,284.1788778087825,287.1627502441406,1080750
2016-08-08,288.678344025009,291.70959660839077,287.11536615564563,288.4415283203125,794415
2016-08-09,288.39422946398395,288.6783967983015,281.33710861064986,283.37371826171875,712570
2016-08-10,282.2843845508786,283.7052791039871,278.4953324092561,281.1950378417969,922823
2016-08-11,280.3898252483349,284.7472404763958,277.9743163576055,282.23699951171875,714388
2016-08-12,282.23705654493847,286.45236005980263,281.14768083665933,283.5158386230469,772899
2016-08-16,284.65249911347144,285.5050299348397,281.1949953384858,283.6105041503906,1167469
2016-08-17,283.23164002872494,297.44058518066765,283.23164002872494,296.3985900878906,2981948
2016-08-18,297.4405266406331,299.80868369987377,293.3199275759208,295.3565368652344,1514753
2016-08-19,295.546080906676,300.28239630582146,292.98845902786746,295.30926513671875,894774
2016-08-22,295.54605338948755,295.59340497580024,288.1100331235342,289.57830810546875,1130620
2016-08-23,289.81505087826076,293.983001210326,288.29942469164655,290.0044860839844,1134199
2016-08-24,291.283358557148,293.1778844664628,289.10466532470446,290.2413635253906,865345
2016-08-25,290.90444743149783,293.5567720343634,287.54164673310504,290.1940002441406,1286991
2016-08-26,290.4782020116939,291.09391719880426,285.7892673638474,287.39959716796875,767674
2016-08-29,287.446914731786,296.96689452407566,284.9840256143867,295.1197204589844,1223678
2016-08-30,298.3404764460099,310.84432998998557,297.9615481410223,308.8550720214844,3263919
2016-08-31,310.4180790091309,315.3912094762984,307.4815580945026,308.8550720214844,2253745
2016-09-01,309.75498672909544,312.0284120427206,305.871202826393,310.0391540527344,1645756
2016-09-02,319.27491950355545,321.0273614889379,313.7334551749906,314.7754211425781,2323193
2016-09-06,317.9961644782465,318.84869529960184,312.21785505413015,315.34381103515625,885742
2016-09-07,314.87017340773116,315.20172119512983,311.1758539822695,313.21246337890625,2067143
2016-09-08,313.5440192458107,324.24807843020955,311.55476137832727,320.03277587890625,3294803
2016-09-09,320.1748860865193,320.1748860865193,310.03916067376605,312.4073181152344,2094798
2016-09-12,299.33512219224764,306.34486294296295,293.6515439227746,304.6398010253906,1833521
2016-09-14,306.9132629090193,311.1285955215036,305.06608818935143,308.99725341796875,971448
2016-09-15,309.47081309956593,310.70224335447085,302.93467570734083,305.2081298828125,741373
2016-09-16,307.8604431673593,321.7852193908123,306.15538150693095,320.50640869140625,5043289
2016-09-19,322.8272253485652,325.5269307346562,317.85409449825084,319.6065368652344,2173004
2016-09-20,318.8013505779372,320.17489348901415,313.1651530818359,315.0122985839844,1017386
2016-09-21,315.39116930495874,323.4902548994977,313.8755430025663,316.1963195800781,2098496
2016-09-22,320.6484728930219,332.11035909416967,320.6484728930219,330.73681640625,3858785
2016-09-23,334.2890193049481,336.0888127516078,329.6474376030893,332.0155944824219,3228823
2016-09-26,329.5527295748364,334.85740715295225,327.2793045865488,329.88427734375,1441653
2016-09-27,331.77885749067696,333.19975195530515,328.037157170554,329.50543212890625,1712135
2016-09-28,329.6475352728506,338.93070142703493,324.43758859468767,332.39459228515625,2532489
2016-09-29,335.70994704538685,337.69920480483296,319.8432943652159,330.9736328125,4628395
2016-09-30,326.8530370664113,349.1610946815019,324.9111597738871,346.5561218261719,4329352
2016-10-03,350.297764848117,362.61218100103207,346.6034457838757,357.6864318847656,3278206
2016-10-04,360.8597309163653,364.9329488929829,354.65514299327407,357.5443115234375,2588516
2016-10-05,359.91255247021587,364.6014865070469,353.80269516711434,359.39154052734375,1838703
2016-10-06,359.9599011570025,367.49065275763394,357.2128445350698,364.41204833984375,3096282
2016-10-07,363.6542550790118,368.6747662571046,359.95993520980875,365.8329772949219,1961307
2016-10-10,368.10634044719995,372.74792251904375,366.164434306457,368.0589599609375,1247661
2016-10-13,367.4432965271448,367.4432965271448,360.1967406623183,364.74359130859375,1586464
2016-10-14,367.537989596277,370.9954932528557,363.1805746596359,369.8587951660156,1242560
2016-10-17,370.2851463287935,373.22166777055236,364.69629972503213,368.72216796875,2062493
2016-10-18,373.2215416333012,380.61017987901874,371.32701604125396,374.2161560058594,2231607
2016-10-19,375.1161435573719,375.49504297125,368.6747667969284,370.75872802734375,1378425
2016-10-20,373.97933462370946,374.31088237891265,369.4324848351585,372.3216247558594,1198309
2016-10-21,372.3690378471373,376.25282137353963,369.9061486176015,375.0213623046875,1509614
2016-10-24,376.3001973675688,377.95790748813073,372.60587773766474,374.8793029785156,905922
2016-10-25,373.97941167024106,387.43055750381336,371.8007183869114,386.1991271972656,2310529
2016-10-26,386.0096732211866,389.56190947782324,375.2108807826456,378.85784912109375,2155079
2016-10-27,379.80505968232643,397.8504058112103,366.8275467866457,390.3670349121094,9380056
2016-10-28,393.96660811599617,394.0139886027455,381.0364761729299,383.6414489746094,3136287
2016-11-01,389.89341703840637,389.98814911043314,380.79968737906347,382.4573974609375,1954407
2016-11-02,380.7523699485296,386.8621988819816,376.3002223374669,379.6629943847656,1576538
2016-11-03,384.03403052513715,385.3168420876667,371.5385579686256,372.9638977050781,3592297
2016-11-04,373.43898699362154,377.8100343713858,367.97518502106857,373.1539306640625,1141253
2016-11-07,378.1901029374021,379.1403293266921,368.68783904450254,370.2557067871094,995524
2016-11-08,374.38923754844603,374.38923754844603,366.4073408217547,371.4910583496094,1211557
2016-11-09,336.8552767197583,364.83945728788177,334.3846821486079,360.8009948730469,3266911
2016-11-10,364.8868930722481,370.4932223483767,357.9027240848161,360.2782897949219,1595511
2016-11-11,356.3349323712564,356.3349323712564,334.38469473746477,343.79193115234375,3159026
2016-11-15,343.0316990255452,343.0316990255452,321.17649382447166,330.2036437988281,2398759
2016-11-16,335.0973647966476,344.8847150106238,328.3982796636252,340.84625244140625,1737436
2016-11-17,336.38011918926674,349.6832877447745,328.0181391252472,344.8371276855469,2130082
2016-11-18,344.93222895835135,346.6426251058073,338.850784991315,343.74444580078125,1217518
2016-11-21,342.5091399371742,342.5091399371742,324.6448650466796,327.49554443359375,1811722
2016-11-22,329.01590442151615,335.33490443956487,327.1154515439912,332.056640625,747137
2016-11-23,334.432210813582,339.2308427885986,329.348493504283,337.52044677734375,1202353
2016-11-24,336.3801380298269,345.88240181598024,330.67877975813497,342.03399658203125,1757289
2016-11-25,339.99102076515555,341.5113889231319,335.47744501408835,337.8055114746094,1231110
2016-11-28,331.1539185706263,338.75573018774253,331.1539185706263,336.5702209472656,665969
2016-11-29,336.4752048020603,344.3620730436761,334.7172800016199,340.84625244140625,812566
2016-11-30,343.5069062232609,360.6109845414316,342.08156636341334,355.4797668457031,2131541
2016-12-01,354.90961116868624,357.76029077646683,346.2625438920292,349.208251953125,1167302
2016-12-02,339.46838650199066,347.3077544198113,338.51816008770936,340.5136413574219,1409758
2016-12-05,340.181041883868,344.50456028602156,335.23985313974305,339.0882873535156,910021
2016-12-06,341.1313035626681,342.7941998892271,336.38017120107105,337.28289794921875,747985
2016-12-07,338.28053439782076,344.9796176509207,336.47511037912597,342.6515808105469,916952
2016-12-08,345.83489445242736,346.64256365751214,343.126743533511,345.21722412109375,787129
2016-12-09,347.59281112319957,348.59056625844687,342.5566227214676,345.35980224609375,592786
2016-12-12,345.2647732483791,350.4434898043402,339.75344264926275,349.2557067871094,738597
2016-12-13,349.8258457780179,365.219525163851,348.73309121018724,363.1765441894531,3136157
2016-12-14,363.36655545961133,368.1176872752407,359.5656500071079,361.2285461425781,2958083
2016-12-15,357.4751924989465,362.03626773713603,355.05209771728835,360.5158996582031,615476
2016-12-16,360.1358103998287,364.50685769780694,355.4321780576961,359.3756408691406,603536
2016-12-19,359.5657280157575,362.0363228956077,355.76482173863826,357.3802185058594,550972
2016-12-20,357.85524043547287,358.7104383297829,351.2511558654556,352.1063537597656,664140
2016-12-21,351.58377346434537,354.48195242994575,351.53627374305046,352.6290283203125,797108
2016-12-22,350.63353495798395,356.09733665448374,346.83262942998414,348.8756103515625,1246719
2016-12-23,347.78286897185194,353.2941705965525,346.0724730189749,352.201416015625,683545
2016-12-26,352.2014020670373,352.2014020670373,347.0701854130141,348.3529968261719,381140
2016-12-27,344.02950594163224,345.882459287259,331.9616463272058,334.14715576171875,1510214
2016-12-28,331.7240531669387,338.94577984890304,329.1584302014351,335.8575439453125,1529496
2016-12-29,335.8100433003961,349.588327714521,330.4887690372876,346.5000915527344,2550664
2016-12-30,345.78737400080774,348.73308157953903,340.60865762719726,342.5566101074219,917360
2017-01-02,339.42086015663307,351.0136041023676,337.7104353459268,349.3507080078125,1099942
2017-01-03,338.89824962416316,365.02947638473194,338.89824962416316,358.6154479980469,2784655
2017-01-04,358.23540621356597,358.9955758474653,353.48427350516323,356.572509765625,818943
2017-01-05,358.1878409382885,370.3032271276247,357.5226708813918,365.6470947265625,2392687
2017-01-06,366.69241917934437,373.2965052892962,365.5996644485515,367.83270263671875,1746493
2017-01-09,367.7851492073714,369.8756590726083,363.79421537184317,365.5996398925781,671414
2017-01-10,365.83712750370273,369.40047614821935,363.2715048802086,364.3642883300781,950940
2017-01-11,364.60192418138104,367.1200186379582,360.42090433052255,361.5611877441406,943941
2017-01-12,362.8914904659995,370.58833082909524,358.9005566100836,369.0679626464844,1098757
2017-01-13,369.87563546823634,371.3009751039521,363.27155022330976,364.8394470214844,450184
2017-01-16,363.0815163492757,365.12449732705085,360.753450049894,363.69915771484375,564377
2017-01-17,363.93673573471625,366.0272455550909,356.8100372542714,359.5181884765625,789144
2017-01-18,358.3303957962962,365.74215041794304,358.3303957962962,364.0792541503906,638437
2017-01-19,366.2648434667299,372.2037595367014,360.5634840395572,370.5408630371094,1368799
2017-01-20,370.1132151012663,372.72633792932396,359.32813872028765,360.2308654785156,716544
2017-01-23,362.4163701890154,364.8869648129921,359.75574767003155,362.0362854003906,735089
2017-01-24,362.51136905561737,382.70367991389224,359.6131901554024,380.47064208984375,6170046
2017-01-25,382.94122180639516,384.84167452007455,372.10864713814414,373.2489013671875,2272445
2017-01-27,374.3892179263059,378.0950952481895,370.44578399406294,372.82135009765625,844522
2017-01-30,372.7262984324701,372.7262984324701,367.1199685769933,369.21044921875,690580
2017-01-31,367.73758645000606,369.0678975004916,364.6968506215197,366.9774169921875,581606
2017-02-01,366.4074067439608,376.6223433626085,362.51147162921836,374.6268615722656,989115
2017-02-02,374.86430542872006,379.23535255916937,368.5453058264112,370.065673828125,1502951
2017-02-03,371.5385120207836,373.81904951735333,369.0679176500799,371.96612548828125,760775
2017-02-06,371.58602615158395,386.6471205546909,370.49327157945123,376.337158203125,2338422
2017-02-07,376.7648036689515,378.66525665088824,370.87338782550324,372.9638977050781,956138
2017-02-08,374.8643061366311,381.9910039719283,373.2014099750618,377.8575134277344,1251734
2017-02-09,379.6154581705729,389.117722455193,375.38693896447325,387.6923828125,1544159
2017-02-10,391.49327115213015,398.1923555760426,389.73534653776915,391.0181579589844,2344071
2017-02-13,390.5906198158655,394.7241111931496,387.3598552791035,390.9707336425781,948627
2017-02-14,392.4435444901629,393.86888424012716,388.9752235649721,389.5928649902344,765068
2017-02-15,390.54311754067965,395.9594205512731,388.64266441396103,389.92547607421875,1262376
2017-02-16,389.92545355885136,402.8010111494547,381.37341498243575,401.37567138671875,1668124
2017-02-17,403.84618252134976,408.122200924517,402.46834276977586,404.5113525390625,1547785
2017-02-20,407.3620314745073,407.3620314745073,401.61314488886353,404.5113525390625,778571
2017-02-21,404.79647251426724,411.9231709740255,404.3213592836167,407.0295104980469,1342149
2017-02-22,406.7443919195818,411.92313730988747,403.276071419001,405.9842224121094,1452388
2017-02-23,405.8416986400864,414.5837640649237,404.3213306101035,411.4480285644531,1516412
2017-02-27,407.64712897348323,421.28288372604754,407.64712897348323,414.0611572265625,1480789
2017-02-28,416.5792702382067,417.814582023434,406.26930744712627,407.3620910644531,503685
2017-03-01,407.3620941491161,408.7399051140672,402.04082018452783,404.08380126953125,1017861
2017-03-02,402.9434934986988,410.6403331418233,401.09056941704466,405.22406005859375,775887
2017-03-03,406.69692985553473,409.54760927040996,402.991052415919,408.1697692871094,429125
2017-03-06,410.4977588441508,411.8755985693429,403.37106164199537,404.7489013671875,949800
2017-03-07,407.5046805630169,407.5046805630169,400.56800902890126,403.98883056640625,1139860
2017-03-08,404.6063498247611,404.6063498247611,393.39369100427473,397.2420959472656,876197
2017-03-09,398.4299077250294,401.47064372666256,394.5815025029506,398.6199645996094,900745
2017-03-10,401.9457646645983,407.50459486925587,398.6199722855768,404.1788024902344,921706
2017-03-14,411.61239747288,418.6647921754987,407.89559761053437,416.3775329589844,1975637
2017-03-15,419.09370108850317,420.1420368000263,413.6614345459349,418.6171875,1092268
2017-03-16,420.71387938796187,422.61993383469115,416.8064619553502,417.80712890625,627698
2017-03-17,416.9493905577649,424.71655624505325,415.0433362009294,422.1910400390625,1045042
2017-03-20,423.4299587869914,424.04944971298545,416.9493856831486,418.80780029296875,438610
2017-03-21,420.85679261368455,420.85679261368455,415.61514332160397,417.9977111816406,385767
2017-03-22,417.3782377129427,422.57221805249895,409.8493002179669,411.231201171875,1424841
2017-03-23,411.374240953706,411.374240953706,401.60571082652456,407.6574401855469,1748756
2017-03-24,409.75409747712916,410.5641474113194,405.131909275521,407.0379638671875,848812
2017-03-27,409.2298519927221,411.80303692883626,405.79894843926337,409.5157775878906,573399
2017-03-28,409.7064189271883,413.99504165653934,409.7064189271883,412.1842956542969,378301
2017-03-29,412.6607600835888,416.80643404443174,404.6553377602152,410.5164489746094,1516598
2017-03-30,407.8956513045652,421.23803242200427,406.942624081891,415.424560546875,2675672
2017-03-31,414.56678178528404,416.2822189038676,409.7540066418679,410.5640563964844,907573
2017-04-03,410.56408151460835,416.90173528195567,410.3734935364826,415.6151428222656,427113
2017-04-05,418.9507371865933,432.57901367531747,417.4735276669387,431.2447814941406,2007411
2017-04-06,431.4353819507172,431.4353819507172,426.6225776213183,429.4816589355469,644462
2017-04-07,425.0500869431739,451.73484576471844,425.0500869431739,446.39788818359375,3580698
2017-04-10,446.0166661239317,455.118062955009,445.06363905956437,451.9254455566406,1519332
2017-04-11,447.9703381359546,452.68783350825015,445.0636173649533,451.544189453125,481618
2017-04-12,452.0207334911518,454.7845352970228,439.6790502260898,452.7831726074219,958661
2017-04-13,449.8288090058017,453.4979693028557,446.9697275926292,451.73486328125,277980
2017-04-17,447.9227523531321,452.6878880164633,445.0636709551334,450.6388854980469,361253
2017-04-18,451.73491789506676,457.3577728706148,446.1597026485324,448.3993225097656,826647
2017-04-19,446.77911994014124,453.4503100446985,446.5408631506928,448.9710998535156,484579
2017-04-20,450.4959405600591,469.7470713311338,448.8757827889721,466.1255798339844,2390246
2017-04-21,471.3672132846379,481.8505114693246,458.12014230444055,459.50201416015625,1853886
2017-04-24,461.59875285883595,467.17396807009015,457.88195241269426,462.8853454589844,744361
2017-04-25,466.4115008098354,467.41219680944255,462.55175232528677,466.3638610839844,362335
2017-04-26,468.88933186086246,481.8981459218938,468.88933186086246,478.9437561035156,2699912
2017-04-27,478.8961103439904,494.19218342880885,459.9785168847305,479.1820068359375,8208561
2017-04-28,468.8893078219506,478.65783506824124,466.9832537251134,472.701416015625,4104692
2017-05-02,471.2718570220362,476.03699207787076,467.55505749530056,472.2248840332031,1126915
2017-05-03,482.23180052970713,482.5176970782057,472.22501415507884,474.3216857910156,1086064
2017-05-04,473.46385687951874,479.3249968765645,468.46046454921674,473.8927307128906,734467
2017-05-05,471.7484224781278,477.37127664640474,467.93631401365803,468.9846496582031,693024
2017-05-08,468.98470190425047,481.27874725493626,468.41287975406175,478.89617919921875,1077602
2017-05-09,479.37263259296844,479.37263259296844,474.08334380733373,475.2746276855469,961445
2017-05-10,475.7511489263909,478.37197350082016,468.74639379246406,471.3195495605469,2435729
2017-05-11,474.1310488313004,480.3257258512068,471.84378928692075,476.2753601074219,1317052
2017-05-12,482.23179585459434,495.0500241962206,475.1317311001767,492.42919921875,1865039
2017-05-15,493.76333079305124,502.1500160377329,493.6680513476997,500.0533447265625,1441277
2017-05-16,501.1970707311089,512.299803662407,499.3862956285469,507.6300048828125,1005827
2017-05-17,506.72449616992026,509.8694738140206,502.2452573831567,507.5345458984375,431565
2017-05-18,504.15136695619674,508.3923494460768,500.5775151110441,502.9600830078125,766380
2017-05-19,505.1044183181196,510.3460679421756,495.38352919987386,500.8157958984375,1309845
2017-05-22,501.4829007660091,505.6761853485453,498.7667384724341,503.0077209472656,900113
2017-05-23,501.292208952536,504.67544321582847,492.9532225868807,500.0056457519531,674249
2017-05-24,500.4821191534897,504.3895063273112,496.5270340983073,500.3391418457031,607178
2017-05-25,504.0560825731394,520.352823560234,503.19833487143507,517.5413818359375,2032139
2017-05-26,519.3997866852018,523.2118952113317,508.24935761263976,509.48828125,1008828
2017-05-29,509.15482534389,516.3978094189033,503.00778774213626,508.8212890625,860400
2017-05-30,508.67816834287265,518.8755690186929,503.81775384236107,515.63525390625,690977
2017-05-31,516.5406771602993,519.3521186788437,509.86948760287845,513.0144653320312,1075853
2017-06-01,511.77556078015226,515.4923897960985,505.4379071978272,508.67822265625,654239
2017-06-02,527.9770151740654,538.0314394792179,512.7285815228289,514.9205322265625,6006074
2017-06-05,515.4446365956665,520.6386454489567,509.96473127217223,516.921875,1090942
2017-06-06,517.7796514693778,517.8749890875774,507.62994697758785,511.0608215332031,649833
2017-06-07,511.77562605572086,513.1575271824282,508.72592726495856,510.965576171875,669965
2017-06-08,514.5870254192099,520.1622110243328,509.86952935509584,518.5420532226562,600509
2017-06-09,521.6870738263366,527.9770296122147,514.3011135745412,526.4522094726562,1438806
2017-06-12,525.1179446673501,531.5032380237974,519.3997819305006,526.5474853515625,850817
2017-06-13,528.4535854310965,536.5543166775606,528.1676889030895,529.5018920898438,995312
2017-06-14,526.2140254446228,527.8341252538385,517.875036910616,521.2106323242188,553223
2017-06-15,521.2105707702992,521.2105707702992,513.2527591796049,515.1588134765625,972200
2017-06-16,515.5876651972607,525.5944498267824,515.158791365221,524.4508056640625,865807
2017-06-19,527.9769811842923,530.4548282258377,524.1648730168966,525.8803100585938,794122
2017-06-20,524.2124496591823,528.5964084250775,520.9721930076745,522.4017333984375,629893
2017-06-21,521.3059937194154,523.9744588360804,518.0180375184455,520.3529663085938,540789
2017-06-22,519.3997797109015,523.5931223006017,515.0635179542863,517.0172119140625,543280
2017-06-23,517.398348325256,518.8755284467193,506.05730448663894,511.1559753417969,391856
2017-06-27,515.1112713038757,515.1112713038757,499.8628340404863,508.9642333984375,685399
2017-06-28,509.3930567528268,512.4427555363367,505.15207392639644,509.7265930175781,562204
2017-06-29,511.2990095956506,522.3541000493758,511.2990095956506,519.82861328125,1515966
2017-06-30,521.115177640363,525.1179028711973,516.5406594486187,523.4024658203125,582670
2017-07-03,525.8803876988537,531.789167864312,521.4964859263773,526.404541015625,1146087
2017-07-04,529.8830141637642,530.35952766571,521.5440278797121,525.5467529296875,334628
2017-07-05,524.7367751337082,525.73750027035,517.6367687294704,521.591796875,910169
2017-07-06,521.5918132707973,532.3610097888538,521.5918132707973,529.3590087890625,764505
2017-07-07,528.2628756500999,548.6576775352072,526.1662045323915,546.5133666992188,2051538
2017-07-10,549.2772283330694,552.4699044985848,542.6060376308878,544.321533203125,113144
2017-07-11,546.0370115439573,548.8484537557143,538.6986895877653,540.31884765625,650900
2017-07-12,544.1785100866489,544.7026633926797,534.7435179054476,537.6979370117188,657227
2017-07-13,538.5079846444827,546.0845621933632,537.5549574853319,544.94091796875,628416
2017-07-14,544.9410357789461,546.0846802508025,537.4597942295163,542.7490844726562,456553
2017-07-17,544.9408562416434,549.3248155780493,540.3663380295218,545.0361938476562,585191
2017-07-18,545.9415962931664,552.9940206859394,539.9851764236496,544.5597534179688,777195
2017-07-19,544.1784953464752,548.9436310325214,539.413359660429,546.7040405273438,392617
2017-07-20,546.1798618597174,548.8006866443959,543.320780276432,545.3698120117188,303172
2017-07-21,545.1315875060334,548.7530794257617,539.3181445429037,545.3222045898438,412816
2017-07-24,549.8965986406065,553.3751705821111,544.7502293895334,550.1824951171875,487586
2017-07-25,551.1356932485896,553.4229821076228,541.9866541488009,543.511474609375,988773
2017-07-26,545.1315024211897,546.513403352917,541.8435472851925,543.7972412109375,757099
2017-07-27,546.0844491016135,551.135480365433,540.0803908760109,548.228759765625,3503291
2017-07-28,543.4160436041375,558.4738595838595,543.4160436041375,555.567138671875,991118
2017-07-31,555.614888908881,558.8552048387382,553.6611946724231,554.7571411132812,354678
2017-08-01,558.1403947619655,571.4827753662953,554.8047996108829,568.3854370117188,1291424
2017-08-02,567.0511631819971,568.004190347009,558.5691981461277,562.8101806640625,520377
2017-08-03,562.85782330802,568.0041932930405,554.1852993286965,559.1410522460938,426796
2017-08-04,560.8564881451963,575.0089183171093,559.6175644609209,571.149169921875,1478231
2017-08-07,571.816276189487,577.5820786740991,569.910221935522,574.580078125,598149
2017-08-08,574.6754184568553,581.775482938753,566.0981734052604,567.3370971679688,568562
2017-08-09,566.860574338986,571.721048023443,560.3800009278749,562.9531860351562,580251
2017-08-10,562.0000627108345,563.5725224415803,544.5596793390172,553.470458984375,1369241
2017-08-11,543.7497568978066,547.8001232395096,502.86491743187446,511.5850830078125,4190408
2017-08-14,517.5414240265924,533.6952471590578,517.5414240265924,527.8341064453125,1734931
2017-08-16,531.3126784819525,561.7619099855378,531.3126784819525,557.8068237304688,2147466
2017-08-17,558.855101570198,564.5732640357805,549.8966237735227,552.8033447265625,692157
2017-08-18,548.0858905155102,559.4269368640039,544.0832230213698,557.1396484375,1496970
2017-08-21,560.1417426661636,561.3330266786396,542.9872528865109,547.3711547851562,684100
2017-08-22,547.5140850729122,558.473897045651,545.036237807209,555.2335815429688,1819737
2017-08-23,557.092008713648,560.0940675024143,547.2282009816919,557.1396484375,905000
2017-08-24,557.139609535243,568.4330153713231,551.4691449250971,567.194091796875,613152
2017-08-28,567.1464083591314,578.9639677584184,565.6215882545207,576.2478637695312,1123058
2017-08-29,573.7223169810167,573.7223169810167,564.6209197655309,566.6222534179688,600362
2017-08-30,568.0041938365838,585.5875567727078,568.0041938365838,581.8707275390625,2623217
2017-08-31,578.4875687757614,582.6809121461815,573.2459186468212,575.3425903320312,2173093
2017-09-01,577.057886514848,583.2525624229347,577.057886514848,579.6787109375,1585376
2017-09-04,591.8298730520457,595.3560852175503,577.2962086977082,585.5399169921875,2530325
2017-09-05,584.2056029625982,588.7324816152448,580.4887740647413,583.9673461914062,855733
2017-09-06,581.346580132222,593.7359334793022,578.1062644511051,591.2103881835938,1112978
2017-09-07,593.73588730266,610.2708843318673,589.0660312139152,602.6466674804688,1813127
2017-09-08,606.7924313932392,610.8904367298692,601.5984215065989,605.1246337890625,912634
2017-09-11,605.1722983406405,616.7039046952979,605.1722983406405,608.936767578125,2072229
2017-09-12,613.2729574831662,615.6555253055561,609.1273127394717,611.700439453125,512102
2017-09-13,611.8433624266307,618.2762949755089,606.1728398795443,607.8406372070312,420179
2017-09-14,608.8891122899197,613.4636312984978,605.696436211644,610.6998291015625,397591
2017-09-15,609.8897368072172,624.7092973689897,607.5548086540517,620.7542114257812,1047697
2017-09-18,629.4743093832345,634.23944420067,623.2796341205684,631.666259765625,886661
2017-09-19,633.7631299276189,635.0020537359492,626.6154254547511,627.5208129882812,609649
2017-09-20,628.0448388901201,631.8569471686641,622.0407799850447,624.137451171875,454850
2017-09-21,625.9958192726328,628.9978778660746,618.3239628504735,619.9917602539062,677657
2017-09-22,615.2743387728972,619.4676817318864,598.1198491249372,606.31591796875,1081607
2017-09-25,610.8904744085366,616.4180208896762,590.9245416534385,613.2254028320312,907950
2017-09-26,618.5146113492643,621.0877962504511,610.8903942602133,616.3703002929688,864423
2017-09-27,620.4206898099604,631.2852228526995,608.7937466622243,614.2260131835938,1938157
2017-09-28,619.4675967892877,619.4675967892877,600.9788483255448,614.4165649414062,941380
2017-09-29,614.7024372354125,629.9508697869886,613.749410200939,626.1864013671875,1120919
2017-10-03,632.9054109070396,640.4343498947973,617.752311636324,622.8033447265625,1186931
2017-10-04,626.1388378745934,627.425401260496,620.6589317592526,623.2321166992188,511430
2017-10-05,623.0415041392087,627.2824866231957,618.5146251416388,624.2327880859375,343756
2017-10-06,624.8045855851726,634.7160913601637,621.2307337194059,628.9026489257812,1299620
2017-10-09,629.4745325420671,647.9632854555367,629.4745325420671,645.6283569335938,1574492
2017-10-10,648.916249014284,657.3028768087223,648.0585012600562,654.0625610351562,2074706
2017-10-11,653.5383376064782,658.684707243519,649.106738298573,652.0611572265625,980420
2017-10-12,654.7296682968863,661.4008585124296,653.7766411232374,659.7807006835938,710236
2017-10-13,662.830311318984,670.4545276964848,660.5907210253549,666.8806762695312,2920539
2017-10-16,669.8827347354342,670.8357617826217,664.0692348466969,666.8806762695312,912654
2017-10-17,667.0236592131499,667.0236592131499,655.9685104717477,656.9691772460938,575302
2017-10-18,659.9713454565012,664.4982247213653,656.6357502087067,657.5411376953125,655674
2017-10-19,657.588686002813,662.3061816882037,646.1047213084242,651.5369873046875,152258
2017-10-23,653.7766148954963,659.1612414778617,649.2973757254082,653.6813354492188,495589
2017-10-24,655.6827683852479,663.9264776213125,652.3471729065438,661.6868286132812,431587
2017-10-25,663.3545072535317,665.6894353030438,656.8739345492096,660.400146484375,434209
2017-10-26,660.4001488845219,691.8976833020365,659.3994820505679,687.9902954101562,2276124
2017-10-27,684.7499425077468,688.6573301859012,678.1740325274666,682.1767578125,570527
2017-10-30,685.2265958548462,694.185075312705,683.8923344315336,688.657470703125,570610
2017-10-31,689.9917156566697,697.997167669124,686.2748861862804,689.3245849609375,604965
2017-11-01,693.8037720869969,695.6621866815765,669.5015795207628,675.8392333984375,3493208
2017-11-02,676.6492349005498,685.4170957751462,670.0733247025632,675.267333984375,2463976
2017-11-03,680.4614016987957,680.4614016987957,656.4451052993234,662.2586059570312,1078546
2017-11-06,661.4007847735011,676.1250645984155,656.1591359028178,673.5518798828125,882302
2017-11-07,676.5539056857065,684.1781218560792,667.118914907609,674.8861083984375,1044290
2017-11-08,678.7569126292343,678.7569126292343,660.4547284210561,662.9874267578125,643421
2017-11-09,659.4511951674676,668.5305956806428,650.3717946542923,663.6085815429688,1637061
2017-11-10,662.2227186015183,681.5283415042868,656.392753682401,677.3231811523438,729337
2017-11-13,678.5657812347287,683.0099325717553,661.9361176290503,667.8616333007812,572856
2017-11-14,668.8173018573514,677.5144468214688,666.3324366292655,670.53759765625,337637
2017-11-15,669.0084828328078,671.3022495356844,660.406945196386,667.0492553710938,1217171
2017-11-16,659.4512329913792,678.0878982715705,659.4512329913792,675.2684936523438,949726
2017-11-17,678.5657255062071,691.9458947415408,674.4083391126776,676.9409790039062,826909
2017-11-20,677.5144519221155,682.8664962996279,675.6029991683027,677.6577758789062,345594
2017-11-21,679.3780377216427,682.3885989915324,668.1482533544852,676.8453979492188,487068
2017-11-22,678.4222962193178,689.5565310377038,676.6542258831522,686.9282836914062,956260
2017-11-23,687.8840241921162,706.1862066962113,684.6345313455766,703.8446655273438,1777759
2017-11-24,707.1897079659349,711.0126132773713,704.3703036321693,707.0463256835938,1040640
2017-11-27,705.8994653632033,713.9275901112721,697.8713989480419,711.7294311523438,649679
2017-11-28,712.971875459868,715.265642092098,706.8074286770448,710.3436279296875,592592
2017-11-29,710.0090824735812,710.3435633411186,701.0252320359375,703.940185546875,477368
2017-11-30,702.3632749792488,702.936687421006,681.0983649926854,684.5867309570312,3049436
2017-12-01,692.0413815122205,698.6359162297667,689.3175849257445,692.5670776367188,1140314
2017-12-04,684.395666967099,697.680287556476,679.5214855515813,694.0963134765625,913020
2017-12-05,697.5847688144951,708.6711724543168,688.2664357984066,704.8482666015625,689508
2017-12-06,706.5684419705381,712.5417313459363,701.0252410967491,702.36328125,1632049
2017-12-07,708.1932495640636,720.092054694981,703.8924808420147,716.2213745117188,886519
2017-12-08,723.293650933467,724.4405341580817,712.2550238539715,715.5045166015625,655292
2017-12-11,716.794824470925,726.160931844096,714.2143514362473,722.1947021484375,803294
2017-12-12,724.4406640258778,732.0864757834069,720.6177581471134,726.5432739257812,831834
2017-12-13,726.304376265472,726.304376265472,711.0605266946155,712.7808227539062,373929
2017-12-14,713.0673490405105,718.0371373273069,709.3878262221655,715.9823608398438,446894
2017-12-15,719.0885140254717,735.8137248004789,718.7062001603091,726.5909423828125,677844
2017-12-18,723.4370528745337,736.8649960649071,712.5417494439138,728.8847045898438,707003
2017-12-19,731.130547907642,756.9351554808529,729.3146447822937,750.2928466796875,1714447
2017-12-20,751.2009629799775,757.0308707844439,742.5994252359319,743.8418579101562,1905554
2017-12-21,743.8418537761966,748.094847970365,740.2101050821433,742.4082641601562,379595
2017-12-22,742.4082389353239,750.6275207877679,736.9128122605543,740.7357177734375,711022
2017-12-26,738.3463871362477,742.2170672244412,732.8509605708264,735.7181396484375,911181
2017-12-27,735.7181605936207,743.1728147410549,729.2192328325988,732.7554321289062,755153
2017-12-28,735.9093582091787,736.4827707395532,726.3520938168516,728.7891845703125,1182558
2017-12-29,728.788933866574,743.6026885787421,728.788933866574,736.578125,539203
2018-01-01,739.5889427976374,741.7871604558959,728.9326271191446,732.5166015625,240613
2018-01-02,749.2894135410222,759.276764967174,732.0863402709477,740.5444946289062,2759168
2018-01-03,749.2416449780376,749.2416449780376,732.898690238993,735.765869140625,663896
2018-01-04,738.3942551194847,738.6810197298186,726.2565754897403,732.6121215820312,692455
2018-01-05,732.612131870244,740.6880324062893,731.274149779195,732.9944458007812,472957
2018-01-08,735.9093705298342,736.8173223288888,729.5537662693657,733.0899658203125,506381
2018-01-09,736.6260775814267,748.3337252627402,733.089878451918,736.3871459960938,1195107
2018-01-10,736.3871215464477,741.5002339696434,730.7005383377494,733.47216796875,652353
2018-01-11,733.4720981235864,735.9091883144115,719.8529995086769,721.9077758789062,698032
2018-01-12,720.6177157788725,720.6177157788725,707.2375459898749,717.1771240234375,1787748
2018-01-15,719.7097314714042,723.4848623005847,704.3703348950211,707.6676025390625,661617
2018-01-16,706.4729255638023,707.6198088438531,684.5389942896164,690.56005859375,835847
2018-01-17,690.5601242411525,703.4146564640411,677.6100427078874,697.6802978515625,578686
2018-01-18,707.2374969067015,707.2374969067015,672.7835737577605,688.0751953125,1016503
2018-01-19,687.167148339749,689.6520131647027,676.7019346226543,683.535400390625,465416
2018-01-22,683.3444213867188,690.9424584379511,678.7091713720164,683.3444213867188,434972
2018-01-23,686.115953780659,688.8875251304039,673.404746959784,674.8861694335938,799914
2018-01-24,674.6472348073223,684.8734597981356,672.4490175978748,675.4118041992188,493029
2018-01-25,678.3267378734852,686.2114798072031,671.7322031048506,673.4047241210938,1653212
2018-01-29,674.7428951515267,689.3177239773918,674.7428951515267,687.6452026367188,788187
2018-01-30,692.3281101308871,697.2022906114604,663.3217838082438,682.3407592773438,3974959
2018-01-31,678.8524404918143,680.4771870150331,653.2389850067067,665.9501342773438,2395174
2018-02-01,665.185648263458,665.9502178017751,638.8076200275565,641.483642578125,1412636
2018-02-02,641.0056816221311,641.9614079825836,611.8082529768861,616.6824340820312,1585891
2018-02-05,607.8419918553038,631.7351519125091,592.5503694186924,629.2024536132812,1045696
2018-02-06,595.035250819217,635.3191430979695,573.2446999244851,621.6044921875,1433863
2018-02-07,629.2023940213777,638.9030394190169,617.6859036311163,619.7885131835938,532708
2018-02-08,617.9247899989412,640.3365820368097,616.1089451391741,636.704833984375,792373
2018-02-09,627.6733569694612,642.2481855858058,622.0345474830868,635.366943359375,914427
2018-02-12,636.3226648161677,643.9207018327622,630.7794630198488,631.97412109375,345065
2018-02-14,633.3598131567343,639.3808770136002,621.2220778159045,625.0449829101562,272224
2018-02-15,628.7724783642735,632.2130703801148,619.310762821337,627.0521240234375,641082
2018-02-16,627.1954756421067,631.7351762277067,618.4027807360462,625.714111328125,606815
2018-02-19,629.5369544922644,629.5369544922644,608.3198179877749,623.7548217773438,631963
2018-02-20,623.7548842845164,625.7141118195738,615.4878272468708,621.9867553710938,664601
2018-02-21,626.00076393316,626.00076393316,600.2439269413898,609.03662109375,1024992
2018-02-22,608.8931494102459,614.0540943142961,597.4722677854276,603.445556640625,1832814
2018-02-23,606.7906057229013,640.3365730053973,606.6949981003248,638.28173828125,1229159
2018-02-26,638.9031609999636,655.6283746387061,637.4695712595,650.7063598632812,898086
2018-02-27,654.6725441328356,656.5839968164352,643.4905342671971,647.0267333984375,690656
2018-02-28,639.8588013374941,652.7133326127229,638.4252117900613,650.8018798828125,742459
2018-03-01,647.9824090090555,656.4405631386235,645.4019364216425,647.4089965820312,790120
2018-03-05,651.8053325519855,655.7716200055147,631.8306296728762,636.2747802734375,1246641
2018-03-06,637.6633934967848,644.6538347310309,612.8616261833612,617.0750732421875,1045478
2018-03-07,612.8136333638923,616.8355486567557,603.3334086340736,606.8765258789062,596530
2018-03-08,610.9464301089399,621.4321211238852,594.6194251316433,619.0859985351562,911104
2018-03-09,621.7671250151706,625.3102422117481,608.4565745294151,618.750732421875,731117
2018-03-12,626.2679127064854,628.9013022476823,614.7767583448984,622.5332641601562,438550
2018-03-13,622.1503025767328,630.52926986204,608.5524239785981,614.3937377929688,588964
2018-03-14,608.3608662914899,618.8944247013591,604.243214238857,615.2077026367188,975347
2018-03-15,612.861562048566,624.1611854094299,612.861562048566,616.3568115234375,665551
2018-03-16,617.6016909580593,617.6016909580593,601.9928843327457,605.00927734375,737419
2018-03-19,604.2431485477299,607.8341339788773,579.8244476159277,588.2512817382812,1083263
2018-03-20,587.0066351168896,600.9875201764163,581.7398545408,596.3432006835938,700933
2018-03-21,598.6891746967074,601.6576996309492,586.6234271302583,589.4962158203125,550930
2018-03-22,589.8791834261551,598.1624128709335,576.5207064627323,580.30322265625,696831
2018-03-23,569.7697942248973,587.5331937672067,522.2730414800914,580.6384887695312,1189441
2018-03-26,582.2185139378882,595.3375941156985,576.8559983725379,592.943603515625,696742
2018-03-27,598.4975440038213,601.3224641009244,589.0173195279905,590.8846435546875,409706
2018-03-28,584.6603400083179,595.6248280337148,582.2184814220235,593.039306640625,739538
2018-04-02,594.6672166869532,636.8014478209724,593.7096205248164,632.4443969726562,1719311
2018-04-03,630.0982982378052,630.1940344787848,614.6330962624256,620.7138671875,736777
2018-04-04,626.2678691866504,627.1297290826915,615.7343117538475,618.6549682617188,811872
2018-04-05,621.3842721235569,628.6619807380524,616.452627722957,621.5757446289062,737235
2018-04-06,628.949261434802,628.949261434802,610.9464620177317,618.08056640625,532375
2018-04-09,617.8410863907483,622.8205983722305,614.7767668292951,620.1392822265625,721067
2018-04-10,622.4375573663764,624.4484860959762,610.9464024611509,613.3403930664062,374068
2018-04-11,618.3199344960929,618.3199344960929,601.4662047687435,603.23779296875,1042835
2018-04-12,601.3704110382705,618.6071425648452,598.9764205484685,614.154296875,912161
2018-04-13,618.4635703994707,642.8344088468838,610.9943306659934,633.7372436523438,2919234
2018-04-16,626.2679700027916,648.7714826863781,625.3103737183836,646.9520263671875,2118216
2018-04-17,648.8673313002163,660.6936825288443,642.6908809538417,644.7975463867188,2193470
2018-04-18,643.7920182272879,649.6333910650986,636.8015765203082,644.989013671875,1117965
2018-04-19,643.8877858847329,653.0328190078344,642.6907904904253,645.802978515625,419597
2018-04-20,645.7070600228582,648.1010503525047,634.4553054735194,639.2432861328125,560711
2018-04-23,639.6743735605405,652.1231263394133,632.9711989873012,635.3173217773438,834179
2018-04-24,636.035404678112,642.6427833581937,632.5401551860665,634.7426147460938,726574
2018-04-25,633.9287196030248,639.8179599388767,626.4116123944018,628.8056030273438,540235
2018-04-26,630.0983637085786,634.599077995905,617.0750774423539,621.43212890625,1509499
2018-04-27,622.3418054681074,642.0682641804451,621.4320773715842,638.525146484375,745160
2018-04-30,644.414501786149,644.414501786149,635.8918705436545,639.099853515625,404364
2018-05-02,645.9944641504559,645.9944641504559,605.823344658678,611.52099609375,992251
2018-05-03,616.5004331079208,616.5004331079208,598.6412987206118,611.56884765625,899907
2018-05-04,612.8616279826655,616.6441450322789,582.2185465835322,589.9271850585938,1794176
2018-05-07,597.2528664806782,603.1420490763388,585.3786481372755,601.083251953125,755242
2018-05-08,602.3281140048573,611.5689423123662,595.4334084826424,599.2637939453125,983685
2018-05-09,599.5510545848155,602.8547736995148,593.4224729800383,595.0982666015625,393257
2018-05-10,596.5824961592837,600.5565441914881,587.9641294410918,592.46484375,610367
2018-05-11,595.4334058581402,603.237839582748,592.8000158641618,599.455322265625,609262
2018-05-14,603.2855975261099,605.0092589724923,590.3580490076932,593.039306640625,402871
2018-05-15,598.0188361160817,602.5195500148491,586.9586115250391,593.9011840820312,434876
2018-05-16,596.5824271664261,605.2007928879315,555.5015271817707,585.3785400390625,8271451
2018-05-17,564.9818533510033,581.6919215505392,559.0926123482728,565.2212524414062,5218310
2018-05-18,564.9816777768342,564.9816777768342,533.6682747936961,550.6177368164062,3687168
2018-05-21,549.8517662134806,551.5275596137194,530.1252488338766,540.1321411132812,1353643
2018-05-22,542.9570329092602,551.1444685415013,539.1266481973784,541.8557739257812,605520
2018-05-23,542.95701891324,552.4372442095851,538.4084371851308,541.9036865234375,1161912
2018-05-24,543.9146590012823,546.2607814557479,515.1867720822005,519.5438232421875,1459929
2018-05-25,518.1074303621016,545.255318645664,514.0376463703838,539.9406127929688,1655069
2018-05-28,546.3087663914396,565.9394933169864,539.5577232113318,560.7205810546875,1322798
2018-05-29,560.0981861447083,575.7069965669142,555.1665410557771,570.3444213867188,1618721
2018-05-30,565.9394277659319,583.8943588498764,555.597399150988,580.3991088867188,1886295
2018-05-31,584.0858638726136,584.0858638726136,559.7150268072528,562.4441528320312,1046499
2018-06-01,565.8435953924204,573.9831627678066,559.236158497118,571.5891723632812,1562971
2018-06-04,575.0365612915467,578.3881482432877,539.1267010943228,542.430419921875,1204756
2018-06-05,543.9146649606394,551.4796986443641,535.3441669131375,541.5685424804688,736851
2018-06-06,546.3086054497414,553.2990456793241,534.5301844537281,541.9036865234375,864218
2018-06-07,543.9147642317312,554.0173947300766,543.9147642317312,550.3785400390625,970963
2018-06-08,550.3783986544618,560.9598246425356,544.1540235500615,558.0870361328125,751995
2018-06-11,560.8641505996726,567.8545917257762,552.6767141284473,558.996826171875,759852
2018-06-12,560.1938785108324,563.7369967822756,553.5864401547074,557.3689575195312,482285
2018-06-13,559.1403464185524,561.151274706781,550.9528535879934,553.5862426757812,399291
2018-06-14,551.5754335277327,562.9708521478319,545.3031898532395,559.427734375,765201
2018-06-15,559.2361937937856,566.4181654606579,552.2936211824757,558.182861328125,618934
2018-06-18,562.1089469825483,576.4728894097004,560.4810218180648,571.5891723632812,1786122
2018-06-19,572.3073308051496,572.4988032669459,556.9857932516962,559.8585815429688,629311
2018-06-20,558.326445807308,565.9393471924506,553.9693948406644,560.2416381835938,574776
2018-06-21,558.3264909899332,565.556331106081,551.0966508737854,558.4701538085938,446125
2018-06-22,555.1185000770662,561.5344059741614,552.9639087386631,557.9434204101562,265494
2018-06-25,554.9270088258135,579.2978442850513,554.831272582742,572.2116088867188,1368272
2018-06-26,569.769664615759,571.2060587282357,555.453591605336,560.6246337890625,1315036
2018-06-27,556.6027716971552,559.9543582794176,535.0089898351277,546.0692138671875,951698
2018-06-28,538.3128292591178,549.1815248107303,529.167737057816,534.051513671875,1531928
2018-06-29,535.296345265246,538.3606651923086,524.6191228708526,529.4071044921875,1242629
2018-07-02,539.74911001899,546.7874185603496,526.1991006986201,532.567138671875,1510101
2018-07-03,528.7846653754129,541.0418857888321,528.5931344343988,537.3551635742188,567046
2018-07-04,539.1266663153349,560.1937829386694,536.4454086163173,556.7464599609375,816786
2018-07-05,558.2306772924953,559.044610626545,543.8667353008213,546.30859375,788747
2018-07-06,545.3032430713838,563.8327087210001,544.3935148663676,552.341552734375,988596
2018-07-09,555.8846837895578,568.8122345753616,554.4482892578019,563.5933227539062,1164347
2018-07-10,563.5933976566381,569.9614376392326,557.416888659808,560.0982055664062,968599
2018-07-11,560.2896219393483,563.3060739333641,552.533114593372,556.0762329101562,614873
2018-07-12,557.3210082058259,567.5194314770664,550.6178345676116,553.9694213867188,1000782
2018-07-13,556.3634727999824,561.6302526629771,544.5371813955295,559.6193237304688,715831
2018-07-16,557.5603847698128,564.0720272091046,539.1266580084235,546.0213623046875,2288068
2018-07-17,543.9146201932151,555.2142432190905,541.2333626281478,548.9898681640625,931648
2018-07-18,551.0966429968448,554.1130945693,537.2114973435794,545.0159301757812,681368
2018-07-19,545.8298662191297,550.7135837485913,537.2593680338255,539.174560546875,358637
2018-07-20,539.1745179541866,545.3510250102589,536.828395621628,540.9461059570312,1541208
2018-07-23,538.6479195293025,540.7067749560971,500.9665284486019,519.0650634765625,2653013
2018-07-24,516.1443915675528,531.8968619606455,507.5260251035306,529.3113403320312,1488081
2018-07-25,526.6778371493627,528.5930292844513,512.7926941699704,517.43701171875,1602857
2018-07-26,516.1922475018555,517.676510001756,493.49720465980374,500.20037841796875,2100956
2018-07-27,501.30163750949134,508.7230084563845,500.82283938388537,503.0252990722656,898526
2018-07-30,506.85565519010055,506.85565519010055,489.47529006585796,491.72564697265625,2219226
2018-07-31,492.20448692304586,496.9446001888525,485.50131297662307,494.6942138671875,1458118
2018-08-01,496.0348932423739,500.8228748373775,487.0334936884712,490.7202453613281,3754297
2018-08-02,494.1196698919344,496.4179242935025,486.4588998160904,490.6244201660156,874705
2018-08-03,494.98155676827975,498.90767826641616,493.018437572171,498.28521728515625,1108636
2018-08-06,501.7804875989812,510.1115875366935,492.4917913108892,505.4193420410156,5350621
2018-08-07,512.2181938116478,537.4508284827616,496.0347958201702,525.7202758789062,11652903
2018-08-08,519.9748000290971,519.9748000290971,506.1375215617507,510.2073059082031,2573080
2018-08-09,511.3564216135521,519.0171919748038,506.3769091893306,515.6177368164062,1089845
2018-08-10,513.2715434912934,515.1867358177534,507.57383463066844,511.45208740234375,717256
2018-08-13,506.5684141759443,506.616282298841,496.0348554690721,497.5669860839844,848721
2018-08-14,495.17293988728557,501.9240394219855,492.30015147150857,497.3754577636719,1083003
2018-08-16,496.22642207109703,500.7750045668767,492.68330401655527,497.2797546386719,990486
2018-08-17,497.9500470038116,499.86523949228786,492.58753141489285,494.02392578125,654154
2018-08-20,496.03481532986666,518.251058130572,494.3111539158101,514.1812744140625,9542807
2018-08-21,518.8256024578462,526.6779028811167,512.74489004885,518.1552734375,2441763
2018-08-23,518.1552668307677,525.7202999908699,506.9514383426863,522.3687133789062,1644473
2018-08-24,524.6669496758188,529.550666622093,517.1976530092394,526.2469482421875,1674082
2018-08-27,529.0239413066859,543.914547963826,527.5396791416118,539.365966796875,2176554
2018-08-28,539.3660975482194,548.4153939634692,539.3660975482194,545.35107421875,1652597
2018-08-29,545.3511081449756,550.6178879426883,529.6944315796827,533.9556884765625,1069352
2018-08-30,534.8653335160033,548.3674746936064,534.1950045020175,541.8557739257812,4510797
2018-08-31,538.216836072711,547.6012654616245,534.9131180853269,545.207275390625,1045290
2018-09-03,550.6177934263787,556.3633704012627,539.6054375578511,541.5206298828125,1183487
2018-09-04,539.7012558017038,546.7874918596112,530.3646917988472,534.7218017578125,2215676
2018-09-05,529.6464412458496,541.0418595424603,525.0978592408466,538.8872680664062,1294221
2018-09-06,538.647777230791,549.6122636744938,535.4398538474263,545.54248046875,1051260
2018-09-07,549.6602573110259,568.3333845193273,549.5645210631318,564.838134765625,2700483
2018-09-10,569.3389377621496,569.7698678390002,557.4647772653296,564.2158203125,1200299
2018-09-11,564.0240806316908,567.8544648804628,545.7818873363187,549.7080078125,855074
2018-09-12,550.1390200067244,556.2676591001473,544.6807099464937,554.0172729492188,828613
2018-09-14,556.7464844219171,563.6411306803012,554.5918928544129,561.7738647460938,652246
2018-09-17,562.1090931438265,568.6686051790372,556.555045650554,563.4976196289062,819932
2018-09-18,564.9817393979093,576.233494377444,563.3538142221022,567.5672607421875,1515167
2018-09-19,574.2704406234616,575.1801686835323,564.5508160212358,573.7437744140625,1300582
2018-09-21,579.0584352606195,579.0584352606195,550.6178163609184,568.2376098632812,1917666
2018-09-24,564.9817654341323,567.854554071933,539.3660667470763,549.995361328125,2014143
2018-09-25,553.8737825160688,572.0681141613104,544.9680892162874,567.51953125,1475209
2018-09-26,566.8971085200632,568.8123014542526,553.5864942486269,559.5714721679688,1276937
2018-09-27,559.2361922134161,566.4181638599925,554.017281127497,562.0132446289062,2358039
2018-09-28,562.1091158876787,562.1091158876787,511.2128412151111,536.3018798828125,2287435
2018-10-01,535.9666321171526,542.2867439801158,503.6956268447275,537.546630859375,1501195
2018-10-03,540.9940386380525,545.1116910178175,511.11702253976296,515.6177368164062,2737454
2018-10-04,512.2661563496654,512.3140244756289,492.49176922239747,505.03631591796875,1417053
2018-10-05,502.2592498628692,502.4986489333472,476.499915724139,482.5806579589844,1830748
2018-10-08,474.0101155025487,491.2468469753686,458.40130924712395,483.44244384765625,3016546
2018-10-09,483.58606826634616,486.36309132851903,468.3602949319704,473.72283935546875,1213662
2018-10-10,488.37397058267914,518.9213070234244,484.2084220477128,510.4944152832031,2326545
2018-10-11,478.79812377114274,499.865241217073,478.79812377114274,490.0977478027344,1274000
2018-10-12,496.0348125531529,514.2770077732786,493.40142310427035,511.45208740234375,1034777
2018-10-15,518.059578185656,518.059578185656,498.5245910453117,506.37689208984375,687024
2018-10-16,506.3769446938847,534.8175683435503,506.3769446938847,528.258056640625,1064026
2018-10-17,535.296277050347,535.296277050347,505.6107947810076,510.30303955078125,1308785
2018-10-19,504.3660105053667,509.92005765995384,482.3891625280784,494.2154541015625,1054028
2018-10-22,502.73805130097804,507.33450179489347,492.2044921308623,494.4069519042969,612295
2018-10-23,490.28924984122534,517.1019431919174,475.9253069747832,512.5054931640625,6497120
2018-10-24,517.0063045155036,518.0596371456699,491.4384696989426,505.65875244140625,3620494
2018-10-25,502.73805385154566,512.8406830538212,494.11968721409056,497.1361389160156,2025850
2018-10-26,499.8652569824531,506.75996187161877,492.49175395441534,503.1689758300781,876937
2018-10-29,502.7380528126792,534.721792313292,501.8761927718989,530.5562133789062,1275868
2018-10-30,526.8072866069451,528.6817153315465,515.032102947288,518.73291015625,1262296
2018-10-31,519.0693968518793,527.576344054743,514.3112489801882,523.5391845703125,1354172
2018-11-01,519.453964205841,528.6337917281544,514.2632462895447,524.5485229492188,1401683
2018-11-02,530.6041769021447,542.9080301399086,523.8755007457769,531.9979858398438,5205371
2018-11-05,538.0058271324114,539.880256125588,530.7965299812787,537.90966796875,559934
2018-11-06,539.7360504455289,542.3794594192159,526.7112652363355,529.1624145507812,640629
2018-11-07,533.4880303036664,533.4880303036664,529.6430715267031,530.9888305664062,65678
2018-11-09,530.6041853932585,537.3328616573034,526.422817182648,534.689453125,694470
2018-11-12,534.8817078381998,537.8134764495765,518.1080675716206,519.5499267578125,536419
2018-11-13,515.3205254749352,528.5375699591025,514.2631853839654,524.356201171875,653028
2018-11-14,526.7593726932148,535.7950496341865,524.3562733652349,532.6710205078125,628898
2018-11-15,527.9608319254061,538.726726804603,522.2894950150217,528.489501953125,1109188
2018-11-16,527.7205878805596,533.9686458427157,524.4042992283016,530.2197875976562,497783
2018-11-19,529.2585138375889,534.3531307835032,525.1251951856864,533.43994140625,469539
2018-11-20,531.5654602162855,532.5266997465138,511.4755305667507,517.2910766601562,698154
2018-11-21,515.2244158626152,524.3561918900309,509.601187776654,521.4724731445312,427138
2018-11-22,519.0694824804677,520.5593924092591,505.32376532644315,506.765625,795625
2018-11-26,505.13144079959585,516.6663167074838,502.0074119078762,515.5128173828125,721923
2018-11-27,514.4554052014316,524.2600600843577,510.5623968614269,521.5685424804688,695845
2018-11-28,521.136039885066,524.8367886449283,510.46624579338845,514.1670532226562,455977
2018-11-29,514.7438541909922,532.622888964034,508.3515867822925,530.6043090820312,1961841
2018-11-30,530.50822547989,538.2942437521092,523.9236981894866,535.7950439453125,1270341
2018-12-03,534.8337820075333,535.8911221889297,525.7981055378377,529.258544921875,2129752
2018-12-04,528.6818231351673,535.8430704733355,523.8756247430293,533.5360717773438,826232
2018-12-05,531.5654628767477,534.9298012493853,527.2879352119417,532.2383422851562,1001174
2018-12-06,528.6817684441012,530.6522978471476,508.25542739057903,511.6678161621094,719297
2018-12-07,513.1097341659973,523.6353204926186,513.1097341659973,520.5112915039062,655734
2018-12-10,516.1855660455344,533.3436661418586,512.4848177641776,526.614990234375,955001
2018-12-11,518.9252536189185,533.4880592444393,515.1764538096625,530.8927001953125,553327
2018-12-12,527.8166255672376,552.7608041968726,526.9034949092774,548.4832763671875,9249233
2018-12-13,556.6057614245539,557.4709005055498,541.5142884376072,543.436767578125,3391984
2018-12-14,547.906494140625,553.0972107107702,539.832059180266,547.906494140625,944532
2018-12-17,548.9159506847599,556.3655587904328,547.8586104213996,552.8089599609375,1057663
2018-12-18,549.444498560564,553.6739760117493,543.1964415395981,552.2321166992188,1064867
2018-12-19,555.5965535876092,560.9794725075427,550.0694252430957,554.4430541992188,3036073
2018-12-20,552.7127222090811,562.2290168940078,546.945285107769,557.32666015625,1256741
2018-12-21,557.7113133263802,563.6710114957576,547.9066561663617,550.6942749023438,1985113
2018-12-24,550.8383188032368,553.0011078159032,534.0646767266755,536.852294921875,1063558
2018-12-26,531.2772082104028,544.9748743037453,531.2772082104028,537.1407470703125,1057134
2018-12-27,539.1593755972712,545.4074336982549,525.5097600120081,528.6337890625,2597760
2018-12-28,532.1421855439995,547.3778674451305,527.7205071305224,542.3313598632812,1235690
2018-12-31,545.6957045910851,552.1840715574161,542.139106520104,549.1080932617188,1059089
2019-01-01,547.9064913925347,551.5111393622224,539.4475958908808,542.667724609375,525625
2019-01-02,542.5236358914989,553.3375810363732,510.41821083806485,514.5034790039062,3650090
2019-01-03,514.2631762068075,523.491052723316,512.1003871479938,517.002685546875,1447966
2019-01-04,516.185757185128,524.7408146174165,514.8881069616483,519.982666015625,857655
2019-01-07,522.6259945397165,524.5484737849099,512.6771292441941,514.0228881835938,629458
2019-01-08,514.0228293600131,519.4057471627818,503.7375548413691,514.4073486328125,1321223
2019-01-09,515.1282620971713,523.3468479379903,511.86002438917905,518.73291015625,1068861
2019-01-10,519.0694136308791,524.6445918952543,516.9066244074172,519.213623046875,653168
2019-01-11,519.2135940665777,523.2988623717613,514.5995970451958,519.6942138671875,599137
2019-01-14,518.6848164129361,519.5499554401725,510.89879984542404,514.215087890625,587034
2019-01-15,515.9934304873665,528.4895458913833,514.5035207692315,522.9143676757812,963793
2019-01-16,523.8755320977746,528.681729639956,522.9142925893383,527.6243896484375,535038
2019-01-17,530.844559142467,531.4693883385102,521.1360628323417,525.9422607421875,726877
2019-01-18,528.5857270555822,528.5857270555822,511.2834126991889,514.8880615234375,479977
2019-01-21,514.2631783775546,519.598046344599,511.9561799039854,517.38720703125,320401
2019-01-22,515.6090001950022,539.2074231715098,500.90198580248483,532.7190551757812,10304861
2019-01-23,532.4785627818569,532.4785627818569,502.92045204131114,510.94677734375,4608503
2019-01-24,507.3422209210212,511.860058523561,495.99960600592954,501.5267333984375,1479385
2019-01-25,499.7965740034898,499.7965740034898,473.55471362939875,476.8710021972656,2404333
2019-01-28,474.94848121448666,476.53452065077084,450.96554201668835,459.2322082519531,2314265
2019-01-29,461.3950508860353,478.6973652942616,460.9624812919467,476.2462158203125,1291358
2019-01-30,479.1778969183201,480.13913643069384,468.12364252602185,472.9298400878906,878292
2019-01-31,472.4493052062988,487.30047007433694,468.4601663802471,480.6198425292969,1301064
2019-02-01,488.98261436425935,511.427536387785,481.6291076841449,496.6244812011719,2508725
2019-02-04,495.03838929973625,495.03838929973625,469.6616699676227,480.2833557128906,2229833
2019-02-05,478.69727906663525,487.5887445914673,473.8910814856449,478.0724792480469,885677
2019-02-06,482.9748247270353,482.9748247270353,467.3546820041002,469.5655212402344,1498346
2019-02-07,470.04617540832794,496.86478434417467,470.04617540832794,485.1856994628906,2117165
2019-02-08,480.6197897921455,483.0709389862039,472.40120312058144,473.79498291015625,868085
2019-02-11,472.44922327308785,472.88179279022995,461.01047887156494,469.0368347167969,700436
2019-02-12,467.3547636166719,479.41831036927357,467.1625039387809,471.3439025878906,538196
2019-02-14,465.09576637133665,477.9283203476783,463.22133749787986,475.18878173828125,978670
2019-02-15,475.81361129829395,475.81361129829395,457.40587846551307,460.5299072265625,940652
2019-02-18,461.8756054257173,464.18257448702167,449.0911310989075,451.1097106933594,938425
2019-02-19,453.7050961292446,461.39501301279114,452.0229268109688,454.7143859863281,879465
2019-02-20,456.9733616258353,461.0586304770013,446.2555445067769,448.22607421875,1029510
2019-02-21,450.6290547258735,450.82131435500116,437.6523217966784,444.52520751953125,1885032
2019-02-22,447.6011693025341,457.26164392140134,445.053890483124,453.22442626953125,1215856
2019-02-25,454.185778202188,459.8570868143846,443.2757012609714,444.9098205566406,1533842
2019-02-26,442.65083508497713,443.61207468342445,430.9237002500384,438.42138671875,1555842
2019-02-27,443.17950513024135,451.1578113981766,435.97020814188664,438.42138671875,1715937
2019-02-28,440.2477728131271,445.7749009652569,433.1826553082457,435.3935241699219,2106648
2019-03-01,438.32527620969915,450.62913187819436,438.03691605133827,449.5237121582031,1416873
2019-03-05,453.60891286122063,474.8523116162566,451.25389369390416,470.8150939941406,2166690
2019-03-06,476.7748253059936,480.13916379101573,469.1810385924558,471.6802673339844,1010273
2019-03-07,475.81357149680866,475.81357149680866,461.3949784211478,467.35467529296875,865720
2019-03-08,466.3934377838362,472.9298549393609,464.0383891706839,468.1236572265625,825189
2019-03-11,470.9112591281337,490.23218033779943,468.12367024413396,486.2430419921875,1683814
2019-03-12,490.23219885720573,491.57792843810813,475.0926750689685,477.736083984375,1423160
2019-03-13,477.7361169688095,484.0803046707491,473.5547185288011,478.6012268066406,1078365
2019-03-14,479.17791046935173,482.5422488578026,469.565515073778,472.4972839355469,874219
2019-03-15,471.39190044443444,489.27096311682317,467.40276191661155,474.1314392089844,2780053
2019-03-18,477.64992416966703,478.42109290558665,469.93811913766433,472.733642578125,1023245
2019-03-19,470.0345457367851,470.0345457367851,455.0447063165516,461.3587646484375,1950904
2019-03-20,462.51548893656053,462.51548893656053,455.38207525953294,457.213623046875,1017006
2019-03-22,457.7920412635088,462.2745222597045,444.103604356651,448.296875,1200614
2019-03-25,445.8387823908169,451.14064899222126,442.4648672808324,446.3207702636719,1050718
2019-03-26,448.7306752387622,449.9356448285548,441.5972611508306,443.86260986328125,961569
2019-03-27,447.2846895271269,448.24866515110773,440.82604107917444,442.3202209472656,685928
2019-03-28,442.9467886381665,459.23797041064176,442.9467886381665,454.5144958496094,1307109
2019-04-01,457.84030632216684,466.5642753228004,454.0325902418161,462.56378173828125,1367833
2019-04-02,464.53983248383463,472.1552337865466,457.165425079425,469.3115234375,1861714
2019-04-03,469.31156069351846,476.5895652327272,466.6606276017506,467.6246032714844,1381451
2019-04-04,475.14357990342813,476.8787536801691,465.98581146159984,470.4682922363281,1113778
2019-04-05,470.9503342369624,474.806237182448,466.7088468805693,467.76922607421875,934753
2019-04-08,471.2876681384624,471.2876681384624,460.39475555219445,463.3348693847656,685901
2019-04-09,463.6722918868219,466.564218863247,458.0812448330144,465.070068359375,862802
2019-04-10,463.72050595563366,470.80573334486314,463.72050595563366,464.8291015625,766345
2019-04-11,464.925502812337,470.4201764769941,464.925502812337,466.8052673339844,671127
2019-04-12,468.29938718291373,483.91580541992187,467.9620192196742,481.98785400390625,1500868
2019-04-15,485.7473616505261,492.3024142274904,482.46985007114625,486.9041442871094,1993384
2019-04-16,487.2897064432293,501.17097977558115,486.0365498259879,498.279052734375,2755860
2019-04-18,501.3636845900923,504.97859307974323,495.86907075494383,499.6767272949219,1600018
2019-04-22,498.80923851616234,503.0506963009833,487.04872319039913,494.8087158203125,1104711
2019-04-23,496.44745931643,504.8822462465635,492.6879601683538,495.0978698730469,1310774
2019-04-24,496.49569666768804,501.74937625551297,490.90464910301625,498.616455078125,994767
2019-04-25,499.3394331653887,503.339956019714,495.5799042459888,500.4962158203125,926815
2019-04-26,501.2673471517813,501.2673471517813,483.72297823418785,487.0487060546875,1160732
2019-04-30,484.397779535436,487.53070049760544,466.56422944308656,474.51702880859375,1544751
2019-05-02,447.28468914124767,466.5642016042325,435.7169816634568,461.6961364746094,6592885
2019-05-03,461.74437950639606,469.35978196952027,452.10462210542744,467.913818359375,1646387
2019-05-06,461.7443301705134,466.13040755203406,456.77986152309296,460.0091857910156,580661
2019-05-07,463.7686655606254,474.2759936833855,461.02132922577056,471.5768737792969,1441619
2019-05-08,466.8534237107935,481.31305933369487,457.45466055590765,475.48101806640625,1866654
2019-05-09,473.3120675643225,473.3120675643225,461.8407626454878,468.5885925292969,1687859
2019-05-10,468.58859627851956,472.2999086279499,456.5388999610212,458.0330505371094,600347
2019-05-13,457.8884167801879,460.7803436230102,446.802697216036,448.4896545410156,663701
2019-05-14,445.3567622528058,450.22482764867755,439.09092035963863,446.1761474609375,1134671
2019-05-15,447.2847258530479,451.7672069849603,445.35677444850893,447.0919189453125,782812
2019-05-16,446.32073144195937,453.02037405917906,442.46482879451264,447.9112854003906,439403
2019-05-17,447.14010524623126,455.96047644390535,443.5251966063483,453.5987243652344,939162
2019-05-20,460.78039027245075,481.0238802216588,458.85243884871664,475.6256103515625,1035060
2019-05-21,477.16794655522455,489.21764217530597,469.35973790977135,471.2876892089844,1648690
2019-05-22,474.22787361726813,474.22787361726813,458.03306365192356,463.2867431640625,1609609
2019-05-23,474.27603818379765,477.5053626201125,459.18982456016914,461.7443542480469,1273300
2019-05-24,464.636231702659,475.1917761196157,462.4190996257148,473.3601989746094,2026997
2019-05-27,473.36026127082636,484.3977949325919,470.85394795598717,477.7463684082031,2269177
2019-05-28,478.131907128703,488.1090606711781,476.2521429039609,480.97564697265625,1618100
2019-05-29,476.6859343099585,477.7463133538432,468.0101539079572,469.5525207519531,1023711
2019-05-30,467.5763883178405,471.28770054170934,461.59975679748555,463.38311767578125,1094420
2019-05-31,465.60026065692574,466.46783289873275,456.0569071606419,462.0335388183594,810249
2019-06-03,461.69614637013075,483.9157731926729,457.4546300028047,481.89141845703125,3095584
2019-06-04,481.98784379539853,493.3145581245904,473.3602496241796,476.9269714355469,2088842
2019-06-06,477.6499013471072,480.6864185497303,466.94976649282563,471.0948791503906,934200
2019-06-07,472.54088012360785,474.37242799328646,460.9731722079083,462.99749755859375,1245883
2019-06-10,465.31106067053764,469.0705598432939,456.9244607005255,458.5150146484375,745126
2019-06-11,462.3708912927386,464.1060650260472,456.1532663151014,458.80419921875,760657
2019-06-12,458.85242009958023,458.85242009958023,450.2730424981656,456.87628173828125,969860
2019-06-13,452.4901516253189,456.68345146968346,448.73065257865466,455.2856750488281,884137
2019-06-14,454.03252268000415,454.9964983120212,443.6697846358215,446.89910888671875,518756
2019-06-17,447.28470479294657,450.1284447480275,438.6089238810144,441.211669921875,738945
2019-06-18,443.71793001400175,444.77830899336044,435.09036656793546,437.5484924316406,590233
2019-06-19,437.74133755578777,441.2598427062883,420.67895721198875,425.16143798828125,1144457
2019-06-20,427.04123111728984,444.39279355546415,424.7276953425073,442.3684387207031,1120925
2019-06-21,436.72914602921327,439.8620668168495,429.2583349202345,435.9579772949219,1121397
2019-06-24,427.0412557991545,435.62063406136554,413.01542045158845,433.2589111328125,4014282
2019-06-25,430.89715112320243,430.89715112320243,416.9676900634591,421.88397216796875,2127986
2019-06-26,417.40148932866003,425.1132951361179,413.20818903721386,415.2325439453125,1962828
2019-06-27,419.3294204531899,423.1853231700009,411.2320306315276,413.8347473144531,2666027
2019-06-28,414.50955858697773,419.2330337197931,410.70184273500166,412.7744140625,903773
2019-07-01,418.2690650633016,423.9083289903618,412.7262045932741,419.859619140625,1243635
2019-07-02,417.40148592604436,419.1366304512959,408.72570446337835,414.9915466308594,2193421
2019-07-03,414.5095284999102,420.29338238595545,412.58157720456177,419.32940673828125,690459
2019-07-04,420.24518999706356,423.860098629617,414.7023300938149,416.7748718261719,998691
2019-07-05,419.2330099724103,424.1492917375543,405.83375413979627,409.0148620605469,1012459
2019-07-08,409.0148035182337,409.49679128076673,390.0245033253521,396.29034423828125,1536260
2019-07-09,392.3380723180511,413.59372269969714,392.3380723180511,411.665771484375,1328288
2019-07-10,409.1112682606435,412.00319526920345,395.80841578854876,402.65264892578125,1247870
2019-07-11,404.62878145602286,417.3050554440839,402.02603541850664,415.28070068359375,1464224
2019-07-12,414.5095652034245,422.7033589341898,408.2919099580912,417.59429931640625,1909623
2019-07-15,419.5222442730889,421.16098534289216,411.66581863622235,414.9915466308594,654862
2019-07-16,412.38879740659587,414.50955573811905,405.25538302869694,408.2919006347656,914197
2019-07-17,409.6896426573426,412.5815695466885,406.8941192146151,407.9544982910156,954175
2019-07-18,407.95452912027264,408.6775108972451,397.78456780660446,399.3269348144531,850228
2019-07-19,400.4836853294922,401.7368418751996,377.87844514715835,381.9271545410156,1683306
2019-07-22,379.46902247429284,385.5902739570009,363.41883320447334,366.2625732421875,4502957
2019-07-23,371.1306263640042,373.82974642482515,347.80240379670016,356.76739501953125,10258580
2019-07-24,353.9718870104346,359.0809464272183,343.512744834887,347.0794372558594,2843008
2019-07-25,344.6695180111811,353.7791006256355,343.6091682196194,350.6943664550781,1816332
2019-07-26,351.85110036633273,366.3107346279628,349.05557695939115,362.31024169921875,1930642
2019-07-29,357.7313755839031,359.03274861681706,343.0307466754445,346.3082580566406,2059939
2019-07-30,343.271785725492,350.7907851426139,330.0653055958579,332.08966064453125,2104167
2019-07-31,326.0647663997681,358.5989448653769,326.0647663997681,354.7912292480469,3873901
2019-08-01,349.44116842007577,353.58625189198494,341.24737550539817,345.5370788574219,2026382
2019-08-02,339.56042255248275,361.3944651310531,338.7892538001271,358.88812255859375,3385984
2019-08-05,353.7791379509101,368.52795673035405,344.4767768557336,362.1175231933594,2130910
2019-08-06,357.5385990698082,373.5887893912762,357.3458215711204,365.82879638671875,2204210
2019-08-07,365.8287832507832,371.70904098641296,353.73089981438284,356.2372131347656,1725732
2019-08-08,358.98456269189006,371.9018318321806,348.47723292173606,365.82879638671875,1884649
2019-08-09,370.1666568488894,378.89062488494795,366.69633855729046,374.552734375,2694721
2019-08-13,374.5527083238801,375.5166839257104,352.3330824689722,355.4178161621094,1451202
2019-08-14,357.7314011807294,364.9612191940093,354.2128956312408,358.9363708496094,1913308
2019-08-16,358.93633919165046,365.8769462213191,348.5253845198442,363.22601318359375,2216366
2019-08-19,366.31076896822253,368.2387203838448,357.29759021654786,358.21337890625,1277298
2019-08-20,361.1052681862946,362.3584247078382,352.14027739224895,355.5624084472656,1941747
2019-08-21,356.67098964427475,361.2016869556856,352.3812862447857,354.453857421875,1619073
2019-08-22,355.89978569908305,356.62276736335406,339.80138220736916,343.4644775390625,1442014
2019-08-23,343.1753606634374,354.2128945644169,339.89784905759603,352.3813171386719,1518152
2019-08-26,365.3468178682498,365.3468178682498,342.8861941307031,353.3935241699219,2495889
2019-08-27,353.4416404043274,362.2620110747169,353.4416404043274,357.00836181640625,2386485
2019-08-28,357.6349791420094,358.5989548270283,343.56092825709294,346.7902526855469,1168044
2019-08-29,346.06728781107984,346.06728781107984,337.3915062225012,341.4402160644531,1233361
2019-08-30,343.8019218726642,346.54925845616594,331.7040388037149,340.2352294921875,1603068
2019-09-03,336.52393415917334,350.7907632354259,332.6198147909319,348.0434265136719,2351596
2019-09-04,348.28436827496523,356.5745642177343,340.81355746586644,352.95965576171875,2925355
2019-09-05,351.8511200058038,365.1539725017558,348.6217956234798,357.2493896484375,2917481
2019-09-06,356.67102338758394,371.7572378174989,352.62231351698347,367.7567443847656,3461995
2019-09-09,359.56293077640487,379.66182970746655,358.02056379559997,374.9865417480469,2809696
2019-09-11,376.23970482784296,392.048929879598,373.2514036853758,388.43402099609375,3854277
2019-09-12,389.3980254515122,389.3980254515122,373.3478052890419,375.2757568359375,2227773
2019-09-13,377.87848742579644,380.2884267588691,368.2387300935057,376.2879333496094,2665247
2019-09-16,371.13061515144113,376.52888452819326,364.3827857850513,373.2513732910156,2080705
2019-09-17,371.1306877113867,376.38436765536323,357.15303843394486,358.79180908203125,2443493
2019-09-18,360.0931154287067,363.70802434848974,355.1768628323651,360.4787292480469,1698602
2019-09-19,360.47869397878685,364.8647712717079,357.0083758716905,360.1894836425781,1512314
2019-09-20,361.6354966432029,417.88348752602116,357.0566118317874,409.4005126953125,5367498
2019-09-23,417.4014688891856,428.00520135519264,400.0499066720832,415.95550537109375,2631802
2019-09-24,412.48516256609884,416.43746849798384,399.3269012159486,403.4237976074219,1759021
2019-09-25,400.0498679115935,400.0498679115935,376.9626408756805,387.32537841796875,2621967
2019-09-26,387.3254139943747,408.29188490108453,383.66231820094333,402.7972412109375,4482199
2019-09-27,399.9534892779363,402.5080188538721,391.47051536813376,397.63995361328125,1557592
2019-09-30,398.41115935128715,409.0148924321104,388.86780546218716,406.7977600097656,2447415
2019-10-01,402.94182495841835,409.2076667340875,396.29039880327156,404.48419189453125,1593936
2019-10-03,390.41012938158417,399.76070474146076,387.51820249727615,390.6993103027344,1993787
2019-10-04,389.3497821641405,400.04991839521966,378.60145891499405,382.07177734375,1763359
2019-10-07,375.950490366383,386.07223433778563,366.98552890184976,379.5172119140625,2029657
2019-10-09,380.7704125650464,386.26508598200104,374.2635764009601,382.6501770019531,1916445
2019-10-10,382.4091660084903,382.4091660084903,368.28689868861454,370.6004638671875,1165519
2019-10-11,372.2873983720157,382.6019199149598,368.43149586963625,379.806396484375,1604685
2019-10-14,378.11948622217716,386.07228612359967,372.7694326012296,383.18035888671875,1350640
2019-10-15,383.66227526587164,397.0615297495574,377.5410245381657,395.3263854980469,3185751
2019-10-16,397.73634658818787,401.59224906714616,392.0006798834569,396.8687744140625,3745656
2019-10-17,393.302096137174,435.52422116108875,382.79476660930703,423.9565124511719,7521706
2019-10-18,416.91945572150104,443.42878527604734,412.8707463495262,440.05487060546875,7430853
2019-10-22,435.3314208984375,446.3207377144618,431.909289599813,435.3314208984375,2647500
2019-10-23,437.6448985382018,452.1045317498164,430.2704914839182,446.2724914550781,2572546
2019-10-24,444.39280012378435,450.7550456621257,434.22286820059753,442.80224609375,1837569
2019-10-25,436.0544308273349,450.1766695008402,436.0544308273349,448.2005310058594,1773165
2019-10-27,453.0685953636256,454.99654683325804,444.3928137502796,448.1523132324219,236050
2019-10-29,447.0437547897724,465.4556975283669,445.7905980800158,461.7925720214844,2250861
2019-10-30,460.7804096700358,482.75904505856295,456.972693680585,477.0234069824219,2995598
2019-10-31,483.9157759984027,485.8437272972011,461.2141612223322,469.1187438964844,4501628
2019-11-01,467.23904837692953,470.90214438583223,446.51357016956945,452.3456115722656,2628138
2019-11-04,453.068529293828,454.70729957131994,436.4881373055822,439.2354736328125,1646975
2019-11-05,443.42878703120334,451.42977294296406,438.60890891129895,442.3202209472656,1972191
2019-11-06,442.3202766825921,447.3811493461957,438.1751633262414,444.1036376953125,1168437
2019-11-07,444.9229911482234,447.2365564594036,431.42733078462885,433.1142883300781,1537259
2019-11-08,433.78903394932206,440.006688536543,428.9691557943296,436.1025695800781,1322514
2019-11-11,433.78907299725563,438.0787767086213,422.8961591537174,430.22235107421875,2385247
2019-11-13,430.89711586976495,446.51353317863465,429.9813272343045,443.2359924316406,2650866
2019-11-14,444.8747587967619,445.3085596029561,428.9691607032699,432.1502685546875,1799094
2019-11-15,434.84943511440173,443.3324093307842,434.0300499027936,435.5242004394531,1315879
2019-11-18,435.71700734272673,439.524723045857,429.16198448626784,435.5242004394531,1664570
2019-11-19,436.63280416005375,439.57291827156234,429.49936046055757,431.7165222167969,843871
2019-11-20,431.8611147399668,436.10260194752215,426.84842931945354,431.9093017578125,911015
2019-11-21,433.78900987404285,444.19993434373987,430.75249268856453,432.24664306640625,2749884
2019-11-22,434.75306557141903,437.5968058163856,425.3061149382579,426.9930725097656,1622778
2019-11-25,428.9691674643892,442.41663964993586,426.41463785638786,439.0909118652344,1799285
2019-11-26,441.2598227359864,447.91124836928424,435.13857190559924,436.6809387207031,1516097
2019-11-27,443.04317056356115,459.4307549838368,437.6449015767717,455.0928649902344,2602641
2019-11-28,456.34605189956227,472.34805304978715,453.30953458502535,470.227294921875,3469572
2019-11-29,466.56423954991163,468.4440039352145,453.405977107403,460.0574035644531,1527483
2019-12-02,457.5992704788347,466.08224475887096,445.4531709365347,450.8996276855469,1811823
2019-12-03,445.88695763250485,451.09245005639673,435.23503769106827,438.94635009765625,897136
2019-12-04,438.31981148870136,438.31981148870136,428.2462525318676,435.28326416015625,1294687
2019-12-05,437.9823317522474,443.42878815793824,433.78903189363524,435.9097900390625,1093627
2019-12-06,435.71696397400365,438.3678968300402,422.3177092398591,428.1497497558594,1043581
2019-12-09,430.84896881417325,436.68101027462075,419.90783828016373,424.3421325683594,2205088
2019-12-10,426.9930093372807,427.6677746151308,417.9316150449413,420.3897705078125,1212047
2019-12-11,422.9925313023734,425.30609654925934,414.9915446478726,423.5227355957031,946769
2019-12-12,426.12542527968407,431.76468872858806,423.5708956850428,428.1015930175781,962777
2019-12-13,427.5231976977213,444.6337653620607,427.5231976977213,440.8260498046875,1858870
2019-12-16,441.5008855908504,443.4288370563126,430.1741707312598,432.873291015625,1094491
2019-12-17,432.8250144086374,440.44041523731,431.3790511088313,435.1385498046875,1259701
2019-12-18,435.1386228301305,436.6328028082709,426.3664381221758,429.4993591308594,1153002
2019-12-19,430.8971019767795,447.09188061936453,429.1619576287173,440.0066833496094,3818286
2019-12-20,440.5368905626161,446.03156376579886,437.7413669437807,444.48919677734375,1398625
2019-12-23,445.3567824662454,454.94835264378503,442.8504397115824,449.79107666015625,2089293
2019-12-24,450.27303595109254,452.0081803690426,443.42880289237405,447.81488037109375,1169554
2019-12-26,449.1162513858505,452.056394781936,440.5368739475367,443.3323974609375,1552187
2019-12-27,445.0193581762824,450.2730372978937,442.0792441764612,447.86309814453125,944750
2019-12-30,447.38114388312306,464.34712267947873,444.44100024448545,461.1659851074219,1541504
2019-12-31,464.0096817699661,464.53985660648186,446.32072283238557,451.57440185546875,2123698
2020-01-01,452.97221191912575,454.75557299096687,447.57394168201466,451.71905517578125,902225
2020-01-02,450.99603958844017,452.68299707264106,439.572921597496,442.80224609375,1474570
2020-01-03,441.45265518556766,441.45265518556766,430.8971101822781,436.2953796386719,1890542
2020-01-06,433.7890231324058,435.62057090199136,424.390260964537,430.9934997558594,1673703
2020-01-07,433.7890674881146,437.98236769080717,427.0412375494106,431.95751953125,1309468
2020-01-08,427.81240814152176,433.2106779987752,422.7033486480628,432.10211181640625,1186784
2020-01-09,434.41562452319585,446.9955245147569,434.41562452319585,445.64593505859375,1127745
2020-01-10,445.4049296573284,454.51451116048736,443.09139402074567,453.4541320800781,1177820
2020-01-13,454.0325591401435,454.65913746763033,447.38113262873765,451.6708068847656,1067092
2020-01-14,451.2370181215967,457.3582695248079,448.92348239154126,454.70733642578125,911176
2020-01-15,453.98437143010335,472.2999098813054,451.3334382332188,466.7570495605469,1222665
2020-01-16,470.42010996826514,475.62557251460146,467.0943822596104,470.75750732421875,1423802
2020-01-17,472.3480781695392,481.50584703200985,464.49168234484966,467.6246032714844,2613095
2020-01-20,468.01019965277777,469.35975974135926,451.76720331774817,453.3095703125,1227450
2020-01-21,450.9960054252814,453.40594450587156,442.2238212882929,444.7783508300781,1139830
2020-01-22,445.83874203852827,451.62259598929836,439.0427254136544,447.81488037109375,1201196
2020-01-23,447.3811376547204,452.5866006604651,442.94684345789926,447.6703186035156,1172659
2020-01-24,447.67028826377265,456.7316535364321,446.03154730132064,452.0081787109375,1446483
2020-01-27,452.00825010864014,459.6718695430986,446.176208242412,448.34515380859375,1354540
2020-01-28,448.730661835229,457.79202699616684,436.10257502776153,445.1157531738281,1440700
2020-01-29,447.2846869439522,454.5145040820549,445.16392881616156,452.9239501953125,989238
2020-01-30,451.3815783418405,458.6595824132807,446.8990976493151,452.5865478515625,1629705
2020-01-31,454.03260019704277,456.2979492026863,448.2487454174626,450.2248840332031,843524
2020-02-03,440.5368761525032,456.7316554560363,438.2233404545988,454.32171630859375,1694927
2020-02-04,454.9964750437603,463.52766483447084,433.78901222392403,438.8498840332031,2614003
2020-02-05,439.71747062859953,465.60022175909637,439.71747062859953,446.368896484375,4906286
2020-02-06,447.2846806010414,463.67226588168296,446.32070499629776,456.77984619140625,2689597
2020-02-07,459.0452441453445,462.66015305214364,448.0077105159696,449.4054870605469,1261340
2020-02-10,449.40547334329665,450.94781089522417,438.12694613105754,439.7657165527344,862786
2020-02-11,444.4142003194997,447.07739288244034,435.21408055661385,436.7635803222656,1022942
2020-02-12,440.443604265863,440.8310013622856,430.37190039810537,433.90667724609375,899763
2020-02-13,436.6183186811806,437.2477946452352,427.66030738446204,430.75927734375,895235
2020-02-14,430.75926422243316,433.42245668898295,423.30234304864285,425.3360595703125,814225
2020-02-17,422.23706907614087,426.5950204771561,414.63485905463114,416.8622741699219,1104464
2020-02-18,415.45800947562464,429.0160797149224,410.6158415330183,424.561279296875,1737719
2020-02-19,428.9677025468633,432.59932878056765,420.8328361399655,426.7887268066406,1353692
2020-02-20,426.59501630087726,433.76141929042814,423.49601684657193,432.3572082519531,1211994
2020-02-24,432.3087755325703,434.2940822480031,422.47917989402345,424.7550048828125,1050427
2020-02-25,408.6789526260747,427.95077410209484,396.525123558064,422.6243896484375,8613028
2020-02-26,411.39056027248876,423.98019642414704,410.1800183348293,421.5591125488281,1585956
2020-02-27,414.489583446866,429.98452114581426,409.59900555733475,425.7234191894531,2638164
2020-02-28,407.7105473986234,427.0792194840687,405.6284210602877,421.946533203125,2258696
2020-03-02,421.80124713481126,432.5993055328078,399.52727409842106,406.1126403808594,2266674
2020-03-03,408.6790206412761,416.4264902268927,395.6051657155481,408.82427978515625,1973306
2020-03-04,410.6158668321176,414.48960142487346,387.9545253753459,396.91253662109375,2691474
2020-03-05,400.6410092654333,404.4663044163808,393.3777569549958,400.88311767578125,1096006
2020-03-06,391.92514075128105,403.35264689688705,383.7418639445174,401.0284118652344,1049346
2020-03-09,389.45562222288936,394.8788570720687,376.09124844656566,387.0829772949219,1370754
2020-03-11,384.7102386855584,396.4767007420583,379.3838540089805,391.053466796875,1745488
2020-03-12,375.70390595338074,383.45137638269745,354.4467721412412,375.9460144042969,1669093
2020-03-13,339.92018468623263,395.7503743513413,338.3706850560157,390.3755798339844,1617971
2020-03-16,371.3942885187121,383.79022687443,364.6636631241183,368.6342468261719,601755
2020-03-17,369.36324159043215,389.5810071595173,362.02458905048707,374.36907958984375,1202231
2020-03-18,376.70187843129855,380.4441170504391,342.7787880632254,353.1792907714844,1727058
2020-03-19,331.45496447542286,375.72994859792846,331.45496447542286,353.0335693359375,1936284
2020-03-20,354.88034516312206,372.765297438725,344.0910437895923,369.1688537597656,1987327
2020-03-23,335.34301720340363,359.64323584133143,297.4346761282363,322.0751037597656,1619498
2020-03-24,301.8086760918689,344.82005746728015,301.8086760918689,329.89971923828125,2368738
2020-03-25,320.7628797947016,338.1132414980855,316.0486315377757,323.1929016113281,2560659
2020-03-26,322.7068105746933,332.42689523055753,303.8498522749855,313.3269348144531,4672157
2020-03-27,318.8187779033265,323.67882024941383,289.65852382680276,295.4419860839844,3061148
2020-03-30,286.7425569103869,292.33160674847073,278.9664875704442,284.6041259765625,1633641
2020-03-31,288.6865679984591,294.42141307989993,279.0150701008476,289.2211608886719,1026802
2020-04-01,289.02671666351966,289.07530522036666,267.30232201440725,271.3361511230469,2763943
2020-04-03,267.3509154522142,270.16976372104955,244.46012805077007,245.86953735351562,3325462
2020-04-07,246.8901416793602,270.4127575944633,233.37923040989062,256.9990234375,7046196
2020-04-08,253.79141850589002,279.93844052503897,253.6942117258166,277.897216796875,6025235
2020-04-09,279.93846346682494,304.4330908855109,279.0636617011605,297.2402038574219,5330945
2020-04-13,298.4066395848598,298.4066395848598,279.0636744174034,281.6880798339844,2420206
2020-04-15,281.8825094175947,290.53338049808536,265.94157343837315,268.56597900390625,5152168
2020-04-16,259.6235260567028,272.1624321779451,257.7767154853084,268.46881103515625,6728570
2020-04-17,281.8824654997754,295.29617095821965,275.2728195533947,292.5259704589844,9091489
2020-04-20,312.93813830426814,312.93813830426814,294.5671545186283,298.9411926269531,7127300
2020-04-21,294.6158706589015,305.2107605543927,285.09016670345886,302.34332275390625,3939565
2020-04-22,299.3786663207571,302.7321080523524,287.90897603484734,294.0812072753906,6813699
2020-04-23,294.51863236729906,298.3094603165842,289.41558675697456,290.48480224609375,2771134
2020-04-24,289.6585625542535,293.54659695095484,280.9590737262948,288.6865539550781,4163580
2020-04-27,290.0473783141412,296.851438936553,286.98555696672594,290.92218017578125,2658365
2020-04-28,292.5746482856701,296.2196812792623,283.1947693148303,288.0061950683594,3994514
2020-04-29,292.4773731078495,302.2946656085125,283.92370954761003,299.28143310546875,4271122
2020-04-30,304.72469357647515,324.7480765033246,302.4890856803283,319.1590270996094,8219947
2020-05-04,298.406629386957,304.04426719733254,295.5878104817692,301.76007080078125,2608605
2020-05-05,306.18269246090637,312.8895455059521,297.4346155334519,299.7188415527344,2536044
2020-05-06,294.51862445175226,320.7628583137896,293.1092000271546,314.34759521484375,5164142
2020-05-07,312.0147917250219,319.69365449835686,307.44633898395676,311.77178955078125,3475639
2020-05-08,314.93076457994397,317.55519948344875,301.4198519087206,304.67608642578125,2425590
2020-05-11,310.3623270374067,331.8437225402319,306.1827020180549,324.4564514160156,6946543
2020-05-12,319.79081988997063,334.8569527419298,312.50075560676464,328.6846923828125,4095396
2020-05-13,339.1338233032056,349.9231256088142,332.47555789714545,335.24578857421875,4259118
2020-05-14,325.6228817204301,341.661023655914,325.57429315566196,332.76715087890625,3315226
2020-05-15,333.9335546869957,336.31498770807184,324.2620865668108,326.6921081542969,2133151
2020-05-18,331.45491681315036,331.45491681315036,294.03258749553663,297.2402038574219,4232255
2020-05-19,302.2946858168364,305.1135049287608,292.62318802262996,294.85882568359375,3170929
2020-05-20,295.4906341651497,302.1974880210965,292.1371924055011,300.3506774902344,2697725
2020-05-21,303.3152343133451,317.798184395767,303.3152343133451,306.96026611328125,5528405
2020-05-22,303.2667240265679,310.0707851425486,299.37868910315035,305.3565368652344,2202572
2020-05-26,308.0781123803048,315.70835553412866,301.6142319895096,313.4727478027344,3176276
2020-05-27,312.98681844624,315.90284470505594,299.6216980933338,314.0074157714844,4252529
2020-05-28,315.9027866277124,327.9556870156079,314.00735804260705,323.77606201171875,4800567
2020-05-29,320.7628358943781,334.3709562050487,313.3269760858599,326.4976806640625,8202596
2020-06-01,332.4268882057884,344.9172026573003,331.50346831765705,342.14697265625,4624929
2020-06-02,339.2310191521478,362.51063820572256,338.84222162447145,353.9083557128906,7608313
2020-06-03,360.7123763799452,362.07318240800396,342.8760136763044,345.5976257324219,2931428
2020-06-04,345.0630281409439,352.8390963807398,340.5431944092318,345.3060302734375,2252910
2020-06-05,349.7773112164553,352.74192567073635,343.75084584893557,349.0968933105469,2134564
2020-06-08,354.63731616134817,358.0393459977203,339.7655679357709,342.8760070800781,2262737
2020-06-09,344.5770578187555,347.1528747442513,337.3841999210762,341.41802978515625,2208068
2020-06-10,343.1190313329476,351.2353089699518,332.57273222757976,334.22515869140625,3234792
2020-06-11,335.3430058067912,338.93944990832074,320.13107538909554,322.90130615234375,3377816
2020-06-12,298.60104538925367,338.55057399527124,298.60104538925367,335.68316650390625,4669968
2020-06-15,330.8231296469549,340.6890109059997,327.08089064156604,334.56536865234375,2571638
2020-06-16,338.258969854423,348.3678526760238,337.28696132035856,344.23681640625,3865548
2020-06-17,342.1470131319397,350.895090172245,339.1337806631651,349.38848876953125,3022861
2020-06-18,349.9230831185567,354.68591915055646,348.12486134208353,353.568115234375,2226018
2020-06-19,354.78317342106385,363.5312516698024,351.72135196667557,358.62261962890625,2520273
2020-06-22,356.82437390437144,376.16733970321036,356.82437390437144,372.1820983886719,2751254
2020-06-23,375.0981258527556,376.1673412826112,368.7314811666713,371.1128845214844,1973241
2020-06-24,376.7505322406096,380.00676692232867,368.0996617952072,369.94647216796875,2327148
2020-06-25,365.5724480651137,381.80497422778444,364.6004394447137,372.5708923339844,4289771
2020-06-26,377.04212520583957,377.04212520583957,368.43984327271676,370.9670715332031,1593624
2020-06-29,370.23810499772145,372.91112890178704,363.53125095291807,367.71087646484375,1486836
2020-06-30,371.30728591336526,375.53552926415836,364.94064143647284,367.75946044921875,1360237
2020-07-01,367.905217341044,375.68128534296835,366.59299993305024,373.10546875,1458024
2020-07-02,376.16730235058975,379.034739388885,370.5296647233355,374.70928955078125,2343722
2020-07-03,376.4589302171582,386.56784369133874,374.2719108014969,384.4294128417969,3171494
2020-07-06,388.75479048077165,400.75907107788913,386.37335791882754,396.82244873046875,3153490
2020-07-07,398.5235449480595,399.5927603915657,386.42202543734555,388.9006652832031,2369235
2020-07-08,391.0390063018759,391.1848313070365,372.279254183552,374.1746826171875,3319380
2020-07-09,379.0833387498052,379.90955195923704,370.8212659821813,378.791748046875,2337567
2020-07-10,378.0141266647395,386.66499699876306,373.0568770286841,374.9037170410156,2589115
2020-07-13,376.7505361026515,380.7843658258266,373.29988780385975,378.64593505859375,1218851
2020-07-14,372.2792782054228,378.25712491234435,366.4472268497243,371.79327392578125,1859411
2020-07-15,374.02887784761833,385.44997830013193,372.37648111207125,378.84033203125,2249374
2020-07-16,383.748967701681,383.748967701681,371.550272136508,380.5413513183594,1778220
2020-07-17,381.1731606101111,389.2894382261473,377.868337354344,379.0347595214844,3084182
2020-07-20,377.5281105373498,388.6576201719513,376.41030665039875,387.6369934082031,1187494
2020-07-21,390.16423682774627,399.4469365349775,389.775439329663,391.6708679199219,4863486
2020-07-22,394.1495139240619,394.1495139240619,379.0833796063727,386.7136535644531,2266844
2020-07-23,387.5884564130011,397.21133629472274,384.7696372081221,394.39251708984375,2166455
2020-07-24,391.7194352634511,393.2260366106644,383.94336706963566,387.00518798828125,1473770
2020-07-27,387.00524689865944,388.9978824746535,379.6665932889864,385.9846496582031,883920
2020-07-28,385.8873997896635,397.55150255408654,384.33218015507094,394.87847900390625,2396705
2020-07-29,394.6354822140728,402.89755511756937,386.32482074707116,391.6708679199219,2809274
2020-07-30,386.85938958316626,396.4822679642492,372.9596796619737,390.8932189941406,6070910
2020-07-31,393.32326133043534,394.5868902675567,374.22329889112905,376.6533203125,2415056
2020-08-03,381.0273544403229,387.9772096919604,377.18790877386346,385.10980224609375,4124285
2020-08-04,386.2276172451404,392.8858819861412,380.78436323558685,387.7828369140625,2926555
2020-08-05,393.4690667349241,400.4675404726001,388.9492327083763,397.8917236328125,2215778
2020-08-06,403.38355454843054,410.18761450466917,392.15686748597585,407.12579345703125,3667202
2020-08-07,407.27157777399356,417.8664649146811,403.52933896678996,409.70159912109375,5894342
2020-08-10,413.1036260773274,414.9990545799619,403.57795432958875,406.9313659667969,2082987
2020-08-11,407.46601476308183,412.1316441522968,401.5853449671451,405.2303771972656,2206472
2020-08-12,405.0359602941744,410.9651885083403,397.60007141955583,405.9593505859375,3892666
2020-08-13,409.5072493314212,424.184586486667,406.29963251898016,418.0609436035156,5840412
2020-08-14,419.9077342899255,422.2405491033107,403.96679845788526,406.3968200683594,2673256
2020-08-17,417.96364947342875,417.96364947342875,403.43211072523553,414.85321044921875,2228221
2020-08-18,414.56167071701736,423.7471639147737,411.8400584838629,421.2685241699219,2195998
2020-08-19,422.8237294411818,429.82220303520245,420.8797122943258,422.4835205078125,1802766
2020-08-20,419.4702947168153,440.27130225205434,415.5822603608227,437.45245361328125,3305777
2020-08-21,439.8824438054041,448.5819319236496,434.24480625545067,440.6114501953125,3250392
2020-08-24,443.2359002053409,443.2359002053409,434.6336185778968,436.2374267578125,2651957
2020-08-25,437.40388041410483,447.1725552113469,429.3848092731796,433.07843017578125,2428613
2020-08-26,456.3094606656561,463.6481139157545,445.37436363934114,454.4140319824219,15082269
2020-08-27,454.36541843040357,454.8514227159583,442.2638998547532,446.2977294921875,4260029
2020-08-28,446.1519375048855,450.0399718186536,435.8000520771476,437.1608581542969,2669472
2020-08-31,440.3199160102115,442.1667265023084,417.47771286177885,420.73394775390625,3073232
2020-09-01,425.2051633005072,430.1137947423977,416.0196703949067,428.07257080078125,2704221
2020-09-02,422.9209425409372,429.0445847795559,415.047667046036,424.8649597167969,4147271
2020-09-03,429.14175630394595,433.0783788962091,421.56010180649645,423.1639099121094,2264579
2020-09-04,417.3319196289016,429.62782311339083,411.5484562985736,421.7545471191406,2765538
2020-09-07,422.72652363449157,429.1417861667087,418.98428468541925,428.07257080078125,2519913
2020-09-08,428.07259490753387,428.94739674224866,418.49830396515466,421.85174560546875,1759550
2020-09-09,417.9636650319813,429.62776731194356,413.68683346199765,425.8855285644531,2166228
2020-09-10,433.22423226455965,433.22423226455965,418.1580994034694,425.6425476074219,2276992
2020-09-11,422.8237398112162,434.43925441389814,422.8237398112162,431.8148193359375,2483654
2020-09-14,435.6542561980491,446.05473017683653,433.75882760703223,443.8191223144531,2660226
2020-09-15,445.17993450363053,447.1239516848691,435.11963965805137,442.7013244628906,1761274
2020-09-16,442.7013357101701,458.78806642827976,441.0974977642227,449.2137756347656,4488424
2020-09-17,447.12393735994,452.56719122568694,441.4862995803057,444.2565002441406,1436996
2020-09-18,448.29036891100253,454.9000153889213,441.7778995603947,444.49951171875,2203254
2020-09-21,444.4994983123913,446.8809311266376,433.80740425607155,440.8058776855469,2557312
2020-09-22,435.94588351746904,437.6468986705472,420.49095177360005,430.45404052734375,2365716
2020-09-23,436.43189527062384,437.40390394605953,421.8517651390885,430.0166320800781,2798035
2020-09-24,427.24633622702714,427.24633622702714,414.0756325499892,423.06671142578125,1872522
2020-09-25,426.22575527163065,438.2786555313631,419.51890211336683,434.4392395019531,1880888
2020-09-28,439.3478700873627,460.97506059498176,438.3272729624544,458.2534484863281,3661492
2020-09-29,461.7040769018308,467.4875398357297,455.0944304031016,457.0870361328125,3186583
2020-09-30,455.2402075806838,465.9323015662248,451.8381776761934,455.19158935546875,3188567
2020-10-01,459.76006557050545,476.18700489817735,458.788056975219,466.4669189453125,4887073
2020-10-05,471.424157226979,471.61857080663844,451.93539723169755,460.2946472167969,4368513
2020-10-06,462.6760625776003,469.43153375998577,456.64959779633506,458.39923095703125,2769253
2020-10-07,457.3300200858253,469.28571331518515,453.9279901808298,465.3490905761719,2103051
2020-10-08,468.07072941380693,472.39617954867634,457.135632664995,461.89849853515625,3911153
2020-10-09,461.6554738419251,465.7378919641225,454.5597936111786,458.3020324707031,1863792
2020-10-12,461.21805629445544,465.1060904887185,449.7969558488077,455.87200927734375,1938913
2020-10-13,456.7468670802576,459.17688874983054,444.64537696379466,446.4921875,3433208
2020-10-14,449.0680004787071,451.98402645584156,441.2919312063485,448.6305847167969,2796831
2020-10-15,447.60996349669153,454.70561446202714,443.28451333046115,445.7631530761719,1757817
2020-10-16,445.6659485950254,453.53922428477193,443.28451563032314,450.2829895019531,1468252
2020-10-19,452.956023892073,454.80283436583005,438.3273058012418,442.1181335449219,1527861
2020-10-20,442.2638788502121,446.54071042730317,436.5776230466116,439.5422668457031,1835671
2020-10-21,441.29189902314334,445.1313448117015,430.21100705082654,433.613037109375,1483363
2020-10-22,433.41866244410306,439.93113243486243,425.73979984083127,430.0166320800781,2944292
2020-10-23,433.0298265147896,438.1328716083982,428.70437642724875,432.20361328125,2775948
2020-10-26,436.38325333700055,436.38325333700055,413.6868476084445,417.6720886230469,3303472
2020-10-27,418.449721506393,427.10059251078906,409.99323443291,420.73394775390625,2575999
2020-10-28,418.0609104115431,427.1005786476998,413.10366055224637,415.2906799316406,1920024
2020-10-29,412.71485134869243,416.0196746068247,409.36140986327484,410.52783203125,1353650
2020-10-30,413.10364674003927,451.54657423603794,413.10364674003927,442.7499084472656,22255239
2020-11-02,446.6379715436895,449.06799315165296,434.487863503872,445.5687561035156,3838425
2020-11-03,444.1107350094681,457.6216489697633,439.88249155633804,452.6644287109375,2871768
2020-11-04,453.879421705484,459.7600617933151,450.03997592030635,457.7674560546875,1942382
2020-11-05,460.63488557668614,466.4669373788725,455.2402495250035,463.113525390625,1983243
2020-11-06,463.2593373061201,468.26517601586136,458.8852982981878,466.4183654785156,1130841
2020-11-09,467.0501194897438,469.48014092309313,461.80127912637874,465.54351806640625,1081709
2020-11-10,466.07811923135085,469.23714715106286,461.3152830696855,465.4463195800781,1101526
2020-11-11,465.44631633871285,477.0618011184471,460.3432712731772,464.08551025390625,3449743
2020-11-12,464.03688889544327,470.35494464823495,460.5376520843045,468.313720703125,2209189
2020-11-13,468.89696592894705,471.424194346775,462.96770724263723,464.42572021484375,2090223
2020-11-14,467.5361321173718,469.28573571525766,463.64809775464937,465.4463195800781,218944
2020-11-17,466.07808362060604,467.9735120929521,456.16358488784294,461.9956359863281,1778137
2020-11-18,459.12826491163435,472.10458556298545,458.2534631104603,466.126708984375,3313169
2020-11-19,464.6200884026974,476.284191040422,459.0796277844394,461.80126953125,3076393
2020-11-20,464.5229031077919,468.16793535073333,456.50383217332063,465.0575256347656,2018666
2020-11-23,464.71730784718267,465.64069819980944,458.10763170778375,463.40509033203125,1686145
2020-11-24,462.4816573808129,464.52288127358514,454.6570003990909,458.3020324707031,2305050
2020-11-25,461.0236707839576,465.5921231056574,455.48323951787023,461.8498840332031,2734379
2020-11-26,463.1620522317695,465.2518645830423,459.37122499821845,461.36383056640625,2110962
2020-11-27,461.80126463848575,490.6699005629841,461.7040578515319,485.6640625,7543390
2020-12-01,487.9482905917482,492.613919751988,478.7627979573019,486.344482421875,3381249
2020-12-02,490.8643261045804,494.6551535814315,471.569950126018,474.6803894042969,4884416
2020-12-03,478.1310313666541,487.51090856051104,473.85419939707333,484.2060852050781,2282894
2020-12-04,485.08089161487123,489.6493440099313,478.8600423581345,484.1575012207031,1655404
2020-12-07,486.9763075230355,502.8200358026572,483.08827313163397,496.55059814453125,4592922
2020-12-08,495.9187780454088,504.95844576743696,491.6905348863903,493.6345520019531,2930920
2020-12-09,498.3488101897402,499.6124094767743,482.65084791227235,484.0602722167969,3009637
2020-12-10,483.08828580235405,488.48292179657795,479.20025130897494,484.1575012207031,1881353
2020-12-11,491.350347239861,498.98059101824833,465.20332183573095,470.6465759277344,8424113
2020-12-14,476.0897819587393,476.18698874764067,464.13408850754865,473.9999694824219,2539870
2020-12-15,474.19438736910416,478.7142212922908,468.60533808498093,470.4521484375,1957171
2020-12-16,474.3401642577968,481.4844329103325,471.4727272191785,480.46380615234375,1927424
2020-12-17,482.0676376742987,486.0528488782257,473.5625631187419,476.332763671875,2845803
2020-12-18,476.33281422271557,480.90126661986596,469.2857517002415,475.409423828125,1773848
2020-12-21,475.3122244334539,475.3122244334539,440.7087109551174,451.8868103027344,2474224
2020-12-22,449.06799118252695,458.4478686154661,433.02984864029384,451.8868103027344,1771722
2020-12-23,451.9840263358809,472.6877989027006,447.12398304194676,469.9661865234375,1817407
2020-12-24,472.9794014689802,481.14426796233795,464.23132386966495,466.3211364746094,1694333
2020-12-28,470.1606037105203,474.82623344298224,466.32115761365554,469.577392578125,1113366
2020-12-29,476.4300063922313,478.3254350157743,468.7997329970492,473.12518310546875,2399446
2020-12-30,475.7496087918018,475.7496087918018,466.5641158947842,472.8821716308594,831686
2020-12-31,472.8822073081105,480.1722721689755,470.0147699308303,471.4241943359375,2661140
2021-01-01,472.3961733226805,478.22822484518275,472.3961733226805,477.0132141113281,816315
2021-01-04,483.57433205957585,485.37255410141245,473.90283355304365,481.58172607421875,2066399
2021-01-05,478.81144732433586,482.8452771240563,474.38879034985064,477.9366455078125,962886
2021-01-06,478.42261429115314,481.3386399052886,468.3137017648066,474.4859619140625,1049245
2021-01-07,479.6862450310377,492.22515006270515,476.18700813157625,485.3238830566406,4298543
2021-01-08,492.2251488518281,502.5284459391496,486.1987133329653,498.9805908203125,3684918
2021-01-11,499.51527274919175,512.6373896235835,493.7803979400738,507.04833984375,4116819
2021-01-12,506.36783116303656,518.9067049996753,502.0423815476751,504.2294006347656,4967838
2021-01-13,503.5004725793283,511.81113453745036,492.80837760177496,497.03662109375,2964843
2021-01-14,500.58445921185887,504.81267314636625,489.892363966557,498.64044189453125,1989436
2021-01-15,498.54322875984064,500.82742521208,484.3518677720785,493.0999450683594,1219504
2021-01-18,492.61394482376306,492.61394482376306,474.92340616608607,485.71270751953125,2431492
2021-01-19,487.9483330486692,500.58444525909294,486.0043157855271,498.4460144042969,2052245
2021-01-20,501.0218178894193,507.291284888826,492.80833379417766,495.0925598144531,3038458
2021-01-21,499.56381448488014,503.451848749844,490.6699123730975,495.3355712890625,1652594
2021-01-22,499.6123944338558,520.0245739729822,497.71696589702674,507.3398742675781,9749796
2021-01-25,518.031945683999,532.7092504093912,504.8125943924523,527.5576171875,9581971
2021-01-27,527.8007195832475,539.9994167985144,512.054166912661,516.6226196289062,9576082
2021-01-28,509.2352761204605,519.6843674798615,506.51360486317105,514.2896728515625,3502868
2021-01-29,537.0348265592512,573.242151969807,536.6459993342276,545.0053100585938,33901681
2021-02-01,544.9566649519325,570.5204801874916,537.3749501374551,561.0433959960938,6530121
2021-02-02,566.4379911245902,608.8661887078435,566.4379911245902,603.5201416015625,13069121
2021-02-03,611.1503688706209,631.6597253119837,595.452407235752,626.7996826171875,6701068
2021-02-04,628.0187912936078,641.6713737130341,621.4850435173468,636.7467041015625,5611431
2021-02-05,636.3078494631908,637.7218788105494,606.7597727255588,612.7083740234375,3608600
2021-02-08,613.4884649703321,628.7013768946124,613.4884649703321,624.7518920898438,2309238
2021-02-09,626.1170635006506,643.5241388453543,625.6782186646366,633.96728515625,4238824
2021-02-10,633.8210901638373,640.2572831669404,622.7039645906266,636.600341796875,2337229
2021-02-11,630.8466793089007,639.6720843661219,620.8022344878827,622.9963989257812,1448318
2021-02-12,620.217222050296,633.479704877123,616.9991257267818,620.6560668945312,2704746
2021-02-15,625.0932157881601,626.6047397412634,612.7571090162646,615.048828125,1622219
2021-02-16,617.2916675968094,626.0683263778067,607.7348732727177,613.24462890625,1943169
2021-02-17,613.2934496995272,615.8776524648888,600.4697519360436,603.3465576171875,1891118
2021-02-18,610.4653654544114,610.4653654544114,594.8624168165991,596.7640380859375,1585892
2021-02-19,596.7640680061112,602.9564647490032,583.8428755175883,591.2055053710938,2299305
2021-02-22,594.6674154099377,594.6674154099377,566.0945253456911,573.018310546875,2439920
2021-02-23,570.4828657378855,586.0858159119131,569.8002247636655,582.2338256835938,2343076
2021-02-24,588.3774194978675,589.9864973898684,570.4828115257404,585.0618286132812,1181173
2021-02-25,587.0609845776922,594.5699160519779,578.1380238776433,581.307373046875,2113293
2021-02-26,575.7488775479663,583.1602549735314,572.9695663729815,579.9909057617188,2088159
2021-03-01,594.8624325660752,605.443158583015,580.8197546120423,601.2498779296875,5284375
2021-03-02,604.6142344711185,619.1445035916174,593.8872077305018,616.70654296875,2775784
2021-03-03,616.9503071050179,619.9246070068972,607.5397557795189,611.14794921875,2198525
2021-03-04,606.3209412780187,618.8520378484493,600.6161359644376,602.95654296875,1548477
2021-03-05,597.7879735648111,613.0008247771734,597.4954301800591,603.59033203125,2112801
2021-03-08,605.394368761615,610.6603875047387,584.3791601384221,586.475830078125,3408853
2021-03-09,591.9369181533649,594.8624712908609,580.2347056033807,582.9652099609375,1766755
2021-03-10,587.5973487644214,602.322668927981,584.7205428781191,588.1824951171875,2342196
2021-03-12,593.8872572449993,593.8872572449993,566.0945038271299,569.7026977539062,1975870
2021-03-15,573.0183863369235,579.2595909227576,566.5821924682192,577.6505126953125,1440746
2021-03-16,581.2099495420103,583.6479107397537,572.4332892301344,579.5521240234375,1378743
2021-03-17,579.2595067510038,579.2595067510038,559.1219260161788,563.364013671875,1292779
2021-03-18,567.55722681904,572.3844007038219,550.9790947641884,556.8302001953125,1285083
2021-03-19,549.0287193903278,575.4561881140513,547.5171957437127,569.5563354492188,2357434
2021-03-22,571.2630107961953,575.748894757783,561.7062155605562,565.802001953125,1537729
2021-03-23,565.6069179854234,571.799314744811,560.9747923639911,564.6804809570312,1240534
2021-03-24,562.096262644685,565.460600913041,548.1510793319386,552.636962890625,1340156
2021-03-25,555.5625402760236,555.5625402760236,527.721038778307,544.3966674804688,1982891
2021-03-26,548.1510791349318,559.3656987468268,545.1767788810998,556.4889526367188,801258
2021-03-30,565.0428840935829,568.8065541779565,551.0634613512955,562.3056640625,2100267
2021-03-31,565.7270666941394,575.7961556144572,559.2749856867703,571.9346923828125,1575132
2021-04-01,579.5110342383857,579.7065627190602,569.1975483021464,575.9917602539062,1284339
2021-04-05,577.3603364292198,579.7554260509286,555.7557819645579,571.1527099609375,1782479
2021-04-06,575.7962290794459,577.2626031772713,555.2669917098901,558.0042114257812,1462689
2021-04-07,559.2260888574062,566.0202995505038,554.3381760806316,556.4400024414062,1971063
2021-04-08,561.5724240253343,561.5724240253343,549.5481681047163,551.4544067382812,1133942
2021-04-09,548.6682846176792,558.4441115150988,545.0023495311468,555.2669677734375,1638045
2021-04-12,547.250778375019,547.250778375019,520.7583113211734,526.8193359375,1066608
2021-04-13,528.8722312935521,537.4749469671629,521.8336240453572,535.6664428710938,1372141
2021-04-15,533.9556737936522,539.8700370969132,520.2206490204494,530.4363403320312,980528
2021-04-16,527.8946830353054,546.8598121814882,524.9619347962204,538.6969604492188,1867109
2021-04-19,530.0454193719078,530.0454193719078,515.9682028324823,527.1126708984375,1029456
2021-04-20,531.8049707703047,535.2753773042655,520.8560329681221,524.9130249023438,1292480
2021-04-22,516.310273211708,524.3264027850624,511.91115151890807,521.8824462890625,1465204
2021-04-23,521.0515465275658,525.9394597220082,516.1636333331234,520.8560180664062,1411440
2021-04-26,521.0515466012297,542.6560990569561,518.3631943439063,540.3099365234375,2031184
2021-04-27,539.6255620801273,558.7372888037512,534.0533296687454,553.60498046875,2743217
2021-04-28,591.4375149977029,649.1148924933467,583.6168536423614,631.3228759765625,39663387
2021-04-29,637.3838510848126,637.6282467332347,616.854616617357,619.54296875,7575455
2021-04-30,613.9218227618073,625.6528130056636,608.1051948325149,616.7568359375,3096434
2021-05-03,604.146066120068,623.0622661682289,599.942472739022,602.2886352539062,3974544
2021-05-04,609.2784145734499,609.2784145734499,593.2460345109296,594.8590698242188,2206509
2021-05-05,596.32545096881,603.950584146176,589.0913150738984,590.3132934570312,1664630
2021-05-06,590.8998947148659,616.1703844884364,590.4599705517672,611.8201293945312,4754587
2021-05-07,617.8322201234823,617.8322201234823,599.6492071321811,604.292724609375,1724619
2021-05-10,610.0116149939594,610.6470676263436,596.3743241676827,597.8406982421875,1429005
2021-05-11,597.2542250945894,615.5839026406613,591.926386887814,610.304931640625,2354770
2021-05-12,615.1928110697353,615.1928110697353,597.3030587238286,600.4313354492188,1330572
2021-05-14,604.146105975105,606.0035369638,586.5496174515583,589.09130859375,850697
2021-05-17,594.370243710386,617.05017283798,581.6616694205259,606.0523681640625,3724394
2021-05-18,608.5452135696746,630.540823698699,603.9505630760073,626.0928344726562,4020797
2021-05-19,623.6978039116672,635.4287970886892,619.0054185742417,623.404541015625,2664926
2021-05-20,620.6671744145027,630.4429997499531,612.2599288258739,613.8240966796875,1230302
2021-05-21,615.8282431492031,621.5470781642736,609.4739555027187,610.9891967773438,1073140
2021-05-24,614.3618209366302,622.6224061631577,604.8792574123,607.127685546875,1806155
2021-05-25,614.3617991079689,627.6080314521206,610.0604117857711,619.6896362304688,3680651
2021-05-26,623.6977533872426,645.2534396704569,616.7569401865318,636.8462524414062,4272201
2021-05-27,640.3166573661605,651.0700668791799,630.4430961346072,635.7708740234375,4517344
2021-05-28,635.4287259194547,640.4143735945203,600.7245416576999,605.8079833984375,4857631
2021-05-31,610.1092006960805,614.8993787053781,599.6979831047855,601.4087524414062,2432413
2021-06-01,605.5636494154436,613.8731028315344,596.5698761375854,598.9649658203125,2654612
2021-06-02,596.2764790288358,605.6123803027043,593.6858614448798,602.8262939453125,1687313
2021-06-03,605.1236569873189,613.9219007884269,601.3110608067416,610.8914184570312,2252658
2021-06-04,610.9891572038028,616.7079918484665,606.2967724098596,609.425048828125,2035626
2021-06-07,630.5408130752209,647.9906396168175,616.4635989630565,634.255615234375,6743832
2021-06-08,634.2556525462301,637.8238533170501,622.3780583780871,632.59375,1390321
2021-06-09,633.4736120345744,636.4063602384382,614.41074870946,620.2762451171875,2266356
2021-06-10,623.0622950874631,627.510343999688,618.8098343108592,623.5510864257812,802033
2021-06-11,629.5632544769983,629.5632544769983,617.9789234283091,622.2313842773438,726583
2021-06-14,621.5470203365073,624.5775622707143,602.679687628793,615.29052734375,1098798
2021-06-15,616.7568841310627,620.7649489108109,612.6998924879539,615.3882446289062,998942
2021-06-16,614.4107169441681,618.5165761506858,606.296792599688,608.3985595703125,768101
2021-06-17,606.0034764256967,608.3985060575036,591.8773959498463,597.0097045898438,1120821
2021-06-18,601.1156137589272,601.2133481601561,579.6087948003526,596.7164916992188,2217548
2021-06-21,594.3702244629104,609.8648849016363,589.4823114327878,602.924072265625,1519504
2021-06-22,608.4963399225531,614.0685730295851,601.4088656227356,603.803955078125,1713686
2021-06-23,608.8384595149615,613.9219012035319,603.6084162297526,605.6613159179688,1351230
2021-06-24,606.1012592714549,607.9097633557421,596.7653566467042,600.8712158203125,999657
2021-06-25,601.2133507090906,612.7976816486718,601.2133507090906,608.3985595703125,814313
2021-06-28,612.4066952168394,616.6102888994179,605.1236921581287,607.6165161132812,684351
2021-06-29,609.9139094199154,610.6470964918257,597.3030679162908,598.5739135742188,560987
2021-06-30,603.6572789415826,608.3496636704187,598.8182329502885,606.5900268554688,1514826
2021-07-01,610.9892515357288,622.7202451652148,606.9811859124221,610.304931640625,3533434
2021-07-02,611.4290771191282,614.6550879135631,594.56577649645,598.2805786132812,2301039
2021-07-05,604.048417514438,604.048417514438,595.4456414039832,597.6452026367188,1711592
2021-07-06,598.2806202315813,605.1236992211583,593.3927066675978,594.6146850585938,1106888
2021-07-07,598.2805942835906,598.2805942835906,588.1626375117354,590.8020629882812,1209816
2021-07-08,589.48236941137,597.4985595025855,582.6392904961468,585.4743041992188,1249216
2021-07-09,588.2603802255054,588.4070414949022,579.9509274096902,586.25634765625,1568512
2021-07-12,589.4334868166518,594.2725329994282,585.2787604409094,587.18505859375,1347493
2021-07-13,591.046408578326,597.3029610055391,586.2074225033771,596.3253784179688,2005083
2021-07-14,598.2806398786265,600.186938164564,592.4151434092282,599.35595703125,1252814
2021-07-15,603.1196446285528,603.1196446285528,592.9038937184876,595.64111328125,1115932
2021-07-16,597.7429480910007,601.6044116521902,593.685956058312,597.9384765625,1218379
2021-07-19,596.1299330050736,596.1299330050736,579.7065551795747,587.9182739257812,2316952
2021-07-20,589.9711303861917,589.9711303861917,568.8553689731848,569.9795532226562,1729971
2021-07-22,568.9531186361556,575.8450645831597,564.7495250538412,568.268798828125,2264989
2021-07-23,570.4194709545591,571.6414492556614,561.6212271866224,569.2952270507812,1447539
2021-07-26,572.4723226614091,575.3073359491607,568.2687295912531,571.7391357421875,729372
2021-07-27,572.863460345215,582.541552910645,566.6558340870788,568.0244140625,1280032
2021-07-28,570.908274761569,570.908274761569,559.1772828144135,562.7454833984375,1004507
2021-07-29,564.6028195178942,568.4642827268925,545.7843544405208,549.2547607421875,2236686
2021-07-30,551.4054042809838,591.4374201040516,551.4054042809838,566.3135375976562,9883338
2021-08-02,571.8858486867895,573.6943527175822,557.4176374397193,559.372802734375,2139088
2021-08-03,561.1324442637892,561.1324442637892,553.6050458829661,558.9817504882812,1797756
2021-08-04,562.1099913164157,566.9001698917876,553.8982736634655,555.9512329101562,1226478
2021-08-05,559.3727480645916,559.4216152588002,551.3565592065763,554.8269653320312,489849
2021-08-06,556.7821608645903,565.9225940234581,554.9736569117126,557.1732177734375,1609275
2021-08-09,558.1996744431978,562.3055333689812,549.6458265423607,553.1651000976562,675406
2021-08-10,554.2893300375666,558.199660408202,539.1367998513545,543.3403930664062,1311127
2021-08-11,545.1001386542389,549.8903181816105,531.8539038118699,548.2772827148438,1737537
2021-08-12,548.4239160288935,552.6763770725119,538.7458230557352,539.6256713867188,1066784
2021-08-13,541.580765062233,544.4157784934011,535.2264781075318,540.9453125,1898186
2021-08-16,535.2265390838184,540.4565827679174,492.21289941315536,526.1838989257812,3196518
2021-08-17,528.1390294891514,529.5565362726201,511.86225441277264,517.9232788085938,1687108
2021-08-18,517.1412266322545,518.2654705569148,509.320565359933,513.2308959960938,2265646
2021-08-20,511.2757217452061,512.7420957081465,497.58956475776273,499.0559387207031,1591038
2021-08-23,502.67303550162234,503.6994854016638,488.79134924955247,490.06219482421875,1343003
2021-08-24,491.72407765791263,498.7137877056432,483.9034163830353,496.6608581542969,1716068
2021-08-25,496.66089424973404,512.5954808219801,496.66089424973404,507.6098327636719,2806811
2021-08-26,509.5161182021557,511.03135946278036,495.1456404933491,497.7851257324219,1187899
2021-08-27,499.15372574654185,501.98870957100144,495.0478665294239,499.64251708984375,1162494
2021-08-30,501.4998504650379,511.52007164879353,493.7280572232808,508.14739990234375,1986619
2021-08-31,524.9618318472516,524.9618318472516,506.58329175320534,513.3775024414062,4309112
2021-09-01,517.1411246688482,521.9313026204419,511.3733642509617,517.9720458984375,1619926
2021-09-02,521.0515284519487,521.8335826025476,513.4752632633885,518.2654418945312,1142560
2021-09-03,518.9008760128977,533.5157490517753,517.6300304588457,528.2857055664062,2265705
2021-09-06,533.3690921549828,537.5238185902695,527.4547288098983,534.2000732421875,1460001
2021-09-07,535.7153469255771,545.6867029075751,529.4587934596799,541.3853149414062,1930617
2021-09-08,546.4687290282368,546.4687290282368,531.8049885355291,534.3466796875,1941273
2021-09-09,532.5869531308691,535.8129635629658,526.5259294805312,532.5380859375,1421480
2021-09-13,526.5259636968983,534.4444185450662,526.5259636968983,533.41796875,773914
2021-09-14,534.2489100072461,538.5502974678466,532.0982162769459,537.62158203125,1274163
2021-09-15,537.6705305756817,542.3140487942899,533.0758795628333,536.0574951171875,866324
2021-09-16,537.6704336947223,541.580764121593,531.5116752057824,532.4892578125,1160127
2021-09-17,536.6928801388179,548.3750048548209,529.3610101915663,534.83544921875,3038827
2021-09-20,532.5869986131438,537.4260445079889,523.153362144981,533.173583984375,1363420
2021-09-21,533.17356786668,535.3731286917622,508.3429462412122,521.1981811523438,2119176
2021-09-22,523.1045177773831,528.8722800027755,519.0964522762916,527.992431640625,789554
2021-09-23,530.8274516833296,532.6848828395965,525.3530119599925,527.6014404296875,1058373
2021-09-24,529.5565315775101,531.3650356068911,521.1004178179612,525.1574096679688,1374432
2021-09-27,527.4058465126358,544.5135431094311,525.9394725186247,542.75390625,2327317
2021-09-28,547.4951521947303,549.3525830998719,531.8538297662868,543.1448974609375,1555165
2021-09-29,537.8660279573417,544.8557086504161,530.8762875973529,538.4036865234375,966528
2021-09-30,537.6704710376554,546.2243194405272,535.9108341567326,537.1328125,1339499
2021-10-01,538.5502977971278,556.9777066106825,532.73366918216,551.3077392578125,3518568
2021-10-04,561.1323614605402,562.1099439717956,545.1977784604592,547.9349975585938,2842764
2021-10-05,546.4687410945146,556.2445683055078,541.9229575746372,549.4014892578125,1910687
2021-10-06,552.8229574315689,553.3117487290326,527.9434684572796,531.804931640625,2025110
2021-10-07,535.5197451384893,550.5745412924134,532.0004715874744,545.2467041015625,2873448
2021-10-08,555.2668994598594,556.000086386963,542.6071932518213,547.2018432617188,1781059
2021-10-11,548.4238762592835,554.191637862108,543.927019857255,546.517578125,1680108
2021-10-12,546.4687003494379,566.9979359618496,546.0287762243613,560.9857788085938,4445077
2021-10-13,566.0693075330979,573.4500457283247,561.1325263340998,564.2608032226562,1587573
2021-10-14,566.0692507278319,575.502947653367,558.2485891247065,570.7127685546875,2413386
2021-10-18,570.7127875310828,577.6536607347906,561.034754275565,572.7657470703125,2022170
2021-10-19,578.7288965387912,585.376446254842,564.2606860587027,570.175048828125,2398150
2021-10-20,567.9754398024032,577.555736492196,558.0529534330706,566.3135375976562,1094973
2021-10-21,569.8330308507209,575.0630748984572,553.3118578708487,564.1141357421875,1429062
2021-10-22,600.2357938406092,618.6632043612954,585.5231857458143,605.90576171875,18455677
2021-10-25,605.123715461941,606.1012982009748,578.7778487115962,586.0608520507812,2875675
2021-10-26,590.2644645733969,615.2416924127002,586.5496619809013,611.8690795898438,2525727
2021-10-27,613.7264276566824,614.7040103893839,606.7856141212669,611.8201293945312,1380261
2021-10-28,610.7936291012658,641.783011106348,608.3496724710054,637.3350219726562,7408494
2021-10-29,638.3614851068412,666.4181197394063,623.9421406882717,647.6973876953125,6069828
2021-11-01,647.697432759245,663.4854178844608,640.4144294094252,656.2512817382812,3395775
2021-11-02,661.8723527425819,690.9554379639245,661.8234855411387,682.3527221679688,6921074
2021-11-03,684.3079046813201,698.9716454959198,680.348706594761,690.7110595703125,3662182
2021-11-04,696.0388379078483,697.8962687858829,689.1957594452712,692.8616943359375,273871
2021-11-08,693.1060596919972,703.3706769370832,689.7822550030163,696.283203125,1531643
2021-11-09,738.0749164078302,795.7034267812675,710.409338759303,715.0528564453125,25844281
2021-11-10,715.0528351920938,739.8833984906854,705.4725372369866,736.6085205078125,3682913
2021-11-11,734.1645639542318,748.6327751187495,726.3927700189375,730.3031005859375,3344306
2021-11-12,735.1422002376776,735.1422002376776,702.6864422299718,712.7066650390625,4094224
2021-11-15,716.0792605505874,727.3214605455796,714.4662253801952,719.6474609375,2138789
2021-11-16,723.4111417899402,733.9201549983751,716.9591203380364,721.5537109375,2419607
2021-11-17,721.4560174334292,732.4538225772314,719.7452477443933,723.117919921875,1754996
2021-11-18,724.3887975420332,725.366380264762,703.3707690033642,707.6232299804688,1834193
2021-11-22,707.6231686507739,714.8573040387502,689.1957597912053,693.93701171875,1714646
2021-11-23,680.5441259567632,703.8594462469309,680.5441259567632,696.77197265625,1642526
2021-11-24,717.252324254302,717.252324254302,684.601043427586,686.4096069335938,2966210
2021-11-25,686.2629612047845,697.016369428791,683.6723435386028,685.774169921875,2020161
2021-11-26,684.1123307768621,684.2101248426142,659.8682928399754,661.6279296875,1323904
2021-11-29,659.1839515896608,678.9799997304609,639.3390362510303,668.9597778320312,1687675
2021-11-30,669.644160593676,679.1755920765787,659.0374119897242,671.1105346679688,6521283
2021-12-01,674.3364551138898,682.3526442432518,660.3570360835481,662.9965209960938,1802639
2021-12-02,660.8459446636117,667.6890239722586,654.2472610445593,665.0006713867188,1032008
2021-12-03,662.8010539844755,670.3284525191564,654.6871297112632,657.2288208007812,784522
2021-12-06,656.4467530018144,658.4996527110798,643.7870456829171,646.3287963867188,1068384
2021-12-07,648.3816443581071,661.8234047952334,648.3816443581071,651.3143920898438,644440
2021-12-08,659.3306881784247,669.2042499445075,648.8216737672241,667.2490844726562,879154
2021-12-09,669.6441320224303,670.5728474965737,658.8907226030921,669.302001953125,871861
2021-12-10,669.6441630261771,675.5096593446546,663.3387425504311,666.955810546875,1066005
2021-12-13,668.6666029772829,676.3895305918863,658.0109271040071,660.16162109375,780239
2021-12-14,661.4813722254503,661.4813722254503,643.0539021290464,645.3512573242188,1294853
2021-12-15,648.1373695948716,692.9106480497918,648.0396351856813,658.6952514648438,14240307
2021-12-16,663.2898391513601,663.2898391513601,618.8586950301676,622.3291015625,6951407
2021-12-17,619.7874509019232,620.813900835176,596.3254653788221,601.7510375976562,3261223
2021-12-20,591.4375785559993,600.2358235262537,576.7738369389084,593.490478515625,2559927
2021-12-21,594.8589593937988,605.4168386049593,593.4903200083015,600.9199829101562,1412370
2021-12-22,605.221406904091,610.6959056541921,599.7958350210006,603.4129028320312,1160140
2021-12-23,609.0339772058009,609.3761072588161,602.7774245202299,606.443359375,504198
2021-12-24,608.5940057665147,608.8384014044955,592.4150264655636,596.8141479492188,1040322
2021-12-27,594.1747650940596,594.1747650940596,586.5496318138622,592.072998046875,868742
2021-12-28,594.3702960894916,600.9201122725449,593.0505832790849,596.9119873046875,713046
2021-12-29,596.325471084662,610.6470820848549,589.3357306305921,609.2784423828125,1165031
2021-12-30,610.98915067158,611.9667333126545,599.013763318417,601.8976440429688,756389
2021-12-31,601.897663666586,616.365875292813,601.897663666586,612.9443359375,728420
2022-01-03,610.9891943766761,618.7609888625301,602.4842128575701,615.1439208984375,1188070
2022-01-04,616.8546140573222,621.3026029067632,612.4554924039816,616.3169555664062,574936
2022-01-05,618.6143183030242,629.7587849079293,615.2905729356564,624.382080078125,1056096
2022-01-06,620.7650308354978,635.4287717213757,615.8771172068718,634.3534545898438,1042775
2022-01-07,636.259556981996,639.3389657756578,622.9644586246757,626.6792602539062,715951
2022-01-10,630.5407698038092,638.3614305145542,628.0968133317015,635.233154296875,771849
2022-01-11,632.4960131517606,638.1659809344216,626.7771781669993,628.2924194335938,389969
2022-01-12,630.5407959159762,643.3960313583909,628.0968393426584,640.12109375,810304
2022-01-13,642.7117830359795,648.1862225020517,628.5857005383976,645.64453125,1892618
2022-01-14,644.1781334542628,649.2615754383452,638.0682415664027,643.9826049804688,697133
2022-01-17,642.2718678205711,655.5669693759656,638.7525937814713,642.7117919921875,1356881
2022-01-18,645.2045659837758,645.8888857901711,625.8484409376448,628.7811889648438,900906
2022-01-19,625.6529171396464,634.4022940861535,616.9035401931393,628.39013671875,519529
2022-01-20,624.6753078526237,633.1314215674706,615.5349340223263,621.8892211914062,545287
2022-01-21,615.9259427189747,637.3838940295797,613.2375904051997,616.952392578125,3144751
2022-01-24,616.3658237029157,616.952349390827,593.7836897147419,598.47607421875,712987
2022-01-25,593.3926291126578,609.3272133152508,581.6616380923086,606.7855224609375,1227614
2022-01-27,595.3478333463509,621.7425648740216,586.5495895037939,615.7304077148438,2490371
2022-01-28,625.6529433302351,625.6529433302351,571.9347607156078,588.4559326171875,6413288
2022-01-31,594.3702153263579,599.7469195768431,583.8612024731369,592.7083129882812,2066796
2022-02-01,596.325462356537,615.7793824542782,593.0016572241774,612.211181640625,1547133
2022-02-02,611.9668030758247,626.1417529873254,607.6165478937396,612.1134643554688,2011120
2022-02-03,613.9218828006134,648.1372743579724,612.3088476175748,642.5161743164062,4972594
2022-02-04,640.3166154332768,640.3166154332768,629.0744153149825,638.3614501953125,1376064
2022-02-07,638.3615789855468,638.6059746895994,614.5085344032392,622.67138671875,1305798
2022-02-08,654.0028033405429,654.0028033405429,624.1865320372746,641.7830200195312,10100060
2022-02-09,639.3390269265086,650.9233569880013,634.2555854212344,645.057861328125,1943723
2022-02-10,653.0252247900704,661.8234688366432,650.0924767745462,653.4651489257812,3502156
2022-02-11,645.1068726774793,658.0598439560699,626.2394781004151,645.64453125,6277578
2022-02-14,639.339074398116,653.41628889383,622.8668300636449,627.3148193359375,2853430
2022-02-15,630.6385263177455,651.0700270080341,616.4147110845101,648.4305419921875,2567801
2022-02-16,650.0924511503076,661.5790470916853,642.2717900838378,650.190185546875,2258102
2022-02-17,650.0924788993594,664.1696932866514,648.2350479500252,656.1535034179688,3282622
2022-02-18,655.9579068998152,666.3202583134376,647.0130024844193,648.6260375976562,1962790
2022-02-21,648.6260895525875,656.2512223042246,642.2718023150716,643.6404418945312,1757845
2022-02-22,625.6528471175584,651.5587853185199,623.697681970316,648.6260375976562,1225239
2022-02-23,650.092485897361,656.4956405543962,634.3045016588032,636.8462524414062,1558086
2022-02-24,622.7201900282491,630.4919845530362,601.995424517788,605.221435546875,2115554
2022-02-25,612.7487510266293,623.5999534969324,610.3536617651498,617.7833251953125,2854919
2022-02-28,610.9891401691789,615.8281860927004,596.3254008051185,603.7550048828125,1615551
2022-03-02,596.3254529814951,598.1828839968914,582.6392950442149,584.5455932617188,3546669
2022-03-03,597.009751072319,597.3030139411992,570.126227531594,572.4235229492188,2284162
2022-03-04,565.5804195408888,565.5804195408888,540.5543280403697,542.31396484375,2215341
2022-03-07,531.8048505277625,531.8048505277625,501.49979470724656,518.2164306640625,2581507
2022-03-08,513.230953416657,525.4018708167782,507.80538098535004,523.1534423828125,2002029
2022-03-09,526.9170446040671,546.4198302663008,523.0555812306368,542.998291015625,1835596
2022-03-10,562.1101065580426,565.2383834322711,547.1531017430124,552.5786743164062,2099008
2022-03-11,552.3341645560773,571.0059681990866,545.051162311293,568.56201171875,1993394
2022-03-14,568.5131213585377,579.9997163481002,561.6211762981809,578.9732666015625,1892847
2022-03-15,578.9733017619027,586.5495670023497,573.0589388946772,581.4661254882812,1578493
2022-03-16,589.4824100727527,598.1829205890178,587.0384531487363,596.0322265625,1238848
2022-03-17,604.0971961043927,609.5227677492117,596.3254022887236,597.9873046875,1019241
2022-03-21,607.6653456967382,607.6653456967382,592.0729503084223,595.0545654296875,780297
2022-03-22,592.4152036778727,600.9690535659607,586.109782398412,598.818359375,821505
2022-03-23,602.19095938693,603.1685421132075,594.3214303737791,597.44970703125,382090
2022-03-24,599.600277936267,602.9729499189198,591.7307497546826,595.2989501953125,789555
2022-03-25,600.512249087813,604.7418892853655,590.6266786162965,593.1349487304688,784429
2022-03-28,595.1021916785189,601.0040315959918,591.6594517266598,597.4629516601562,696633
2022-03-29,599.0367912293243,606.9059116395617,598.5941411989236,603.4140014648438,1488760
2022-03-30,608.8731394362798,616.7422591705127,605.9222195359424,611.6273193359375,1536320
2022-03-31,613.2995177378996,617.578327567935,607.1025979701652,615.4143676757812,990282
2022-04-01,611.1356139828267,619.5949553058115,608.8732536422092,618.4637451171875,1025492
2022-04-04,624.3163540458105,624.4638640318803,616.5455736074897,623.2343139648438,750972
2022-04-05,623.2835650751177,631.5461057830526,621.7097049141113,626.5787353515625,747815
2022-04-06,634.7920848719141,639.3660351379352,619.693234056768,637.3004150390625,1725636
2022-04-07,636.9069340892081,640.251334282859,625.004913466824,627.51318359375,742601
2022-04-08,629.4313082021364,645.267889399892,628.0050180856194,642.71044921875,1370697
2022-04-11,644.2842061046407,650.3336161766077,638.3823660487203,640.3004760742188,975863
2022-04-12,637.3986875540658,641.7758973385739,629.0377479796683,639.6118774414062,1061190
2022-04-13,646.2023627364374,649.10411298054,637.2512019840639,639.4152221679688,884084
2022-04-18,633.5133725046692,653.8255638823697,630.3165422901454,645.2678833007812,5207648
2022-04-19,645.9072207801468,649.2023907183874,623.6769210759995,630.1197509765625,690068
2022-04-20,631.4969480081064,646.5957996195059,626.5787474784483,641.0382690429688,605933
2022-04-21,641.8742945384499,652.1533449388531,641.3333045250863,647.431884765625,634287
2022-04-22,640.2513039283523,650.8254339929895,618.7587337750007,635.0379638671875,1266650
2022-04-25,629.6771833724803,643.4481436646143,626.9721733150968,638.7266235351562,1120487
2022-04-26,644.2842461410377,673.7934482543676,642.4153059925433,670.3507080078125,7352944
2022-04-27,668.7276780578605,678.711648790222,661.0061275174336,675.3672485351562,2798687
2022-04-28,678.6625272694748,682.3511777981117,666.7604455417618,670.2031860351562,1424197
2022-04-29,668.875228794465,674.7770690485338,640.4972375874669,644.1366577148438,1769821
2022-05-02,644.1366184451521,648.9073083816542,632.5296786604234,638.4315185546875,853787
2022-05-04,638.3823919167081,643.7924121871887,613.9881307044114,617.234130859375,2056479
2022-05-05,620.6768431906652,637.546293292033,613.9881031636052,620.7260131835938,1563698
2022-05-06,610.6436980531191,626.5295080173103,609.0698980727663,618.7587280273438,3963203
2022-05-09,613.1028370734487,616.2013272754954,597.3154261259422,605.3812866210938,981633
2022-05-10,605.381227546902,617.8242370632777,601.3974977020277,606.1189575195312,1204286
2022-05-11,607.0042443813745,613.6930446795001,598.8400440605725,610.00439453125,1977793
2022-05-12,605.4303850084482,608.873124809471,579.4130965048233,592.3971557617188,1947444
2022-05-13,600.0204008306897,631.005060873586,596.1841808107303,624.2671508789062,2489259
2022-05-16,628.349196356893,644.8251657371381,622.0539366156661,642.8087158203125,1247350
2022-05-17,644.2841862307437,671.1375456495256,642.8578962539012,665.0881958007812,2524634
2022-05-18,666.1210403590604,681.6625408265696,663.2192902630802,669.0719604492188,2014804
2022-05-19,660.1699785658785,678.3180876720531,654.907468794598,667.9898681640625,2516859
2022-05-20,682.4985474301009,684.515057333664,666.5636284529742,673.3507080078125,1957573
2022-05-23,674.1376861330082,698.3844374477816,674.1376861330082,684.51513671875,2656671
2022-05-24,683.5806740052348,700.8435451090161,681.0231738186515,697.2532348632812,1995805
2022-05-25,700.3516716669451,703.2534216397431,685.7446418553936,690.662841796875,1126056
2022-05-26,690.6628085879443,700.3024680024228,682.449379058622,696.712158203125,984399
2022-05-27,705.6633704430886,717.958870624794,697.4499402997362,711.8602905273438,1809438
2022-05-30,721.9917872172508,730.352727532437,718.057227068928,727.5493774414062,1080849
2022-05-31,724.893541066664,737.4841215988054,721.0081508928635,724.5000610351562,1712518
2022-06-01,724.9427253124098,732.6642757803954,716.1391347548189,725.1394653320312,1950546
2022-06-02,720.0244923857867,728.5821725403193,718.549032360406,726.6640625,719240
2022-06-03,730.8445972853855,731.9758074196573,716.1883357208661,718.3523559570312,831010
2022-06-06,717.8604223113697,727.3034018376698,711.4175926568854,716.7784423828125,897590
2022-06-07,712.6471696232685,733.992169319792,704.3353997369705,731.8773193359375,2341860
2022-06-08,734.779087350286,742.6482074290038,724.155787251341,738.7628173828125,3376027
2022-06-09,738.7628029792426,753.468232846961,733.9921730391809,751.6976928710938,2206938
2022-06-10,749.5337082055257,753.6650083683139,741.6645879094046,751.15673828125,1330054
2022-06-13,746.3860386476658,750.0746887398591,736.1069883834296,738.1726684570312,1450884
2022-06-14,731.4346728630769,748.3532927056576,730.8445128834719,737.6316528320312,1342735
2022-06-15,738.9103578734904,745.5007576834012,737.3364978986622,741.5169677734375,694564
2022-06-16,747.7139918097187,753.8125119581872,727.0083211768734,734.87744140625,1719322
2022-06-17,728.8772687487971,738.3694191378404,719.9753384050063,728.0411987304688,1829920
2022-06-20,727.7953260996112,734.6808067248237,711.1226145783785,718.6966552734375,1866728
2022-06-21,719.2867889720201,736.7463999180076,718.0572389054013,732.2216796875,1053612
2022-06-22,728.8772782341536,734.3364685131978,722.3852779082561,731.7298583984375,1294272
2022-06-23,733.7462469643715,763.107876027635,732.6150369852483,759.3700561523438,2403326
2022-06-24,765.2718450459703,792.5186823846216,764.2882051423122,785.682373046875,3909837
2022-06-27,797.584522801409,797.584522801409,782.9774918487797,788.3875122070312,2192974
2022-06-28,785.8300347891918,810.1258952166861,780.1248746526311,806.7815551757812,3330788
2022-06-29,800.5845600558946,827.241178044833,795.3712204170441,819.71630859375,2359911
2022-06-30,818.7819701063871,836.0940103051149,811.6997500117724,828.1757202148438,4098480
2022-07-01,823.7985563584417,871.8001796350474,813.7654156647213,846.3731079101562,3263584
2022-07-04,826.2576442738515,837.5695048799817,807.7160532949749,827.1429443359375,4102568
2022-07-05,826.2084629683128,832.897203227831,796.945171800875,799.1091918945312,2427183
2022-07-06,803.6339190223013,821.9788299277292,801.7649789169021,811.6013793945312,2184396
2022-07-07,822.4214103466023,826.6511105320467,807.0766497947698,812.4375,1581958
2022-07-08,821.2410996225973,828.0773499230086,811.5030391382883,825.4215698242188,1066301
2022-07-11,824.0444528435157,843.4713438535539,816.2736724248508,840.9630737304688,1110345
2022-07-12,841.9958799380884,844.6517200713861,829.9954593615525,834.9628295898438,808629
2022-07-13,836.9793485489589,851.5372093858082,835.8973084642415,842.9303588867188,891323
2022-07-14,842.9303684688315,848.4387288362159,818.9295267896026,822.7657470703125,923118
2022-07-15,823.5525914680045,859.7013615324407,822.765691473926,857.3898315429688,1584738
2022-07-18,861.668682522602,867.3246128017173,856.750482279893,863.8327026367188,1456093
2022-07-19,856.2586431853589,874.160903677432,856.2586431853589,865.7507934570312,1289938
2022-07-20,867.5704595551755,875.4395793697349,858.865269774967,863.0949096679688,679275
2022-07-21,861.6687099159678,872.7346608138613,858.7177896765296,865.1114501953125,815859
2022-07-22,860.9801049679392,883.9973056502693,860.9801049679392,871.2591552734375,2263170
2022-07-25,870.3738790343331,878.3905695007535,853.5044881056493,856.75048828125,980576
2022-07-26,855.7668686532918,858.4718788702993,846.4222879036294,850.3076782226562,1080149
2022-07-27,850.3076529146197,853.7503930883435,823.3558915399609,835.9464721679688,1305629
2022-07-28,843.9139841475022,859.9473047887991,835.1103937840326,856.3569946289062,1418272
2022-07-29,884.2432354917147,937.6057082366151,882.3251253857253,893.1943359375,9480378
2022-08-01,894.0304408623936,928.1627016290212,893.1943108209233,911.4900512695312,2767083
2022-08-02,915.7688660007859,925.4576962612257,902.391385635617,922.9985961914062,1898797
2022-08-03,919.7034115741209,928.1135216726346,901.309331335314,912.572021484375,1237195
2022-08-04,919.7034152637161,929.1955654358997,909.0801150947324,918.818115234375,1265730
2022-08-05,919.7033910795155,935.6383709322815,919.7033910795155,932.8349609375,2153657
2022-08-08,934.3597214813689,945.1797621931637,926.6872809473416,941.0484619140625,1356911
2022-08-10,944.2452677488034,953.1471980972893,934.5563773395659,950.7864379882812,1247420
2022-08-11,955.1145313162422,958.9507516976627,939.4746298062997,942.5731201171875,1035579
2022-08-12,944.2944389029781,948.7208190853357,935.3925085435611,936.96630859375,653263
2022-08-16,942.3271289961945,965.639409226076,934.0153589095196,963.0819091796875,965828
2022-08-17,964.9508025379507,969.8690023470126,952.4093930248428,954.6717529296875,1182141
2022-08-18,955.1145094728568,974.688970911307,955.1145094728568,958.0654296875,2149414
2022-08-19,965.3443511032452,975.2299214142826,938.9335802307223,943.0648803710938,1831816
2022-08-22,937.4089932576983,943.9993937800566,918.326351751758,921.62158203125,1465242
2022-08-23,914.7851733809916,943.5074725525359,909.8669735241045,939.5237426757812,1292054
2022-08-24,943.3107692413336,950.8848093228584,934.9498291594239,944.2452392578125,1250754
2022-08-25,949.1634848287055,952.1635749946591,930.4251537537491,933.57275390625,1538844
2022-08-26,943.1140763543398,951.4258468583857,935.9826859281591,938.8352661132812,1280541
2022-08-29,919.7034150759039,944.2944154790029,919.2115950678419,942.1795654296875,680203
2022-08-30,948.228925685856,973.5576547692697,946.9502057394541,969.4755249023438,1055038
2022-09-01,967.8034005678396,1011.968859695038,961.9999006698054,998.492919921875,3390887
2022-09-02,1005.2801484287455,1020.4773394339113,1003.2145283027886,1009.067138671875,2684334
2022-09-05,1009.067206322921,1025.8874285808945,1005.2802158258999,1021.0676879882812,1159599
2022-09-06,1025.7889474068586,1041.576417396471,1024.7069674242268,1037.297607421875,2050061
2022-09-07,1030.8546705725103,1045.5600398381193,1021.067501071083,1024.3626708984375,1263932
2022-09-08,1031.6907008619223,1045.3140896704065,1020.2312718372058,1027.70703125,1430694
2022-09-09,1038.72389661208,1041.379676727527,1027.2644659728744,1036.5599365234375,1205966
2022-09-12,1041.7241360519342,1053.8228377039122,1029.920454397365,1033.31396484375,1677576
2022-09-13,1035.3304204278,1042.1174409618059,1017.6248988818659,1021.7069091796875,903787
2022-09-14,1014.1328177018601,1032.330157301748,1007.7883878706544,1020.8707275390625,893907
2022-09-15,1024.7562859971922,1044.3798576141376,1014.5264051243481,1024.5103759765625,1604996
2022-09-16,1022.985568928753,1026.4283088241862,995.7387297489997,1008.1326293945312,1601671
2022-09-19,1002.8209785364444,1023.9692385055798,999.5258085559019,1010.3949584960938,1895834
2022-09-20,1016.5919351361815,1070.1510848506343,1016.5919351361815,1064.446044921875,3241244
2022-09-21,1058.3966226812124,1076.4956223997028,1049.1996128463536,1050.9700927734375,2001040
2022-09-22,1042.6583777816797,1068.2330172367022,1042.6583777816797,1049.0028076171875,2452415
2022-09-23,1050.5275350280776,1053.0849750500142,1010.1982944511572,1020.5757446289062,1935689
2022-09-26,1017.8706635240593,1017.8706635240593,977.7872757125945,1008.0833740234375,1652899
2022-09-27,1018.0674308589652,1025.9365510974885,1004.0505604340954,1017.9198608398438,1417788
2022-09-28,1007.4933396375602,1024.2152207933705,1000.46028913679,1004.5424194335938,1241220
2022-09-29,1009.5589487472287,1020.0347393716256,993.1813778159367,995.3453979492188,1056799
2022-09-30,994.4600760011125,1019.1986469113385,968.1477050485609,1015.3624267578125,2086641
2022-10-03,1018.2149731828782,1019.0018131413811,970.4100330121579,979.213623046875,1747293
2022-10-04,999.9683352761729,1021.805213907027,990.5745858913782,1017.968994140625,1378191
2022-10-06,1022.7395608478685,1065.0853055297207,1020.5756011504315,1057.2161865234375,2710620
2022-10-07,1062.3310552350595,1069.4132142406695,1051.806156698595,1067.1016845703125,1271663
2022-10-10,1048.953674971497,1059.0359845385524,1038.1336354361208,1049.1995849609375,1019624
2022-10-11,1052.4948098134726,1052.839059802034,1031.5924596185787,1037.9368896484375,928746
2022-10-12,1033.2155702762373,1075.3152939101187,1030.0678499573075,1069.9052734375,1218634
2022-10-13,1069.905199147798,1078.4137093149538,1049.1504187904354,1059.970458984375,1370021
2022-10-14,1073.1511994270218,1088.7910988503675,1055.1014301240837,1060.7081298828125,1723553
2022-10-17,1053.4783684444196,1063.1180878189564,1042.658329179351,1057.462158203125,966318
2022-10-18,1074.1348271165286,1116.4313450341208,1071.970867252365,1110.5787353515625,3359533
2022-10-19,1116.4314040780207,1157.6459442432147,1113.3329140520543,1152.2850341796875,3440709
2022-10-20,1137.3338271450177,1145.989907761454,1114.2675156097334,1123.5628662109375,1988428
2022-10-21,1129.2187594415257,1137.432129713755,1116.4314389948881,1123.1202392578125,965954
2022-10-24,1136.0059341095061,1136.0059341095061,1123.513633250763,1127.349853515625,110280
2022-10-25,1131.2844283555048,1142.4487192129536,1126.8089380498477,1138.0223388671875,952625
2022-10-27,1140.9239916518768,1145.9405313366435,1100.6930940478146,1106.15234375,1269462
2022-10-28,1101.6767889232526,1116.97243879876,1096.0208589801198,1108.7098388671875,885662
2022-10-31,1114.2675499641275,1136.891272196208,1112.5461797942953,1127.30078125,1201542
2022-11-01,1131.1860042632359,1137.087844285479,1110.2836541844588,1119.38232421875,1150562
2022-11-02,1121.7921336354161,1124.9889634748745,1093.414145075179,1096.758544921875,1142831
2022-11-03,1093.463557633018,1125.9727913832323,1092.135667492688,1116.0872802734375,1493565
2022-11-04,1118.398634420924,1122.8742442678224,1093.8076354231025,1095.9224853515625,1182660
2022-11-07,1096.758600156566,1104.4801501430197,1063.4131801371573,1094.54541015625,2256933
2022-11-09,1101.7751014199962,1146.924199854294,1096.807791637812,1126.0218505859375,3041336
2022-11-10,1125.9727422380104,1125.9727422380104,1080.0860289439684,1087.856689453125,2235744
2022-11-11,1119.3824056488868,1123.8580160206325,1082.1024227817825,1089.3321533203125,2217061
2022-11-14,1091.7912620227498,1106.2999532460192,1073.3480104677465,1082.7418212890625,1178046
2022-11-15,1084.9549313553634,1111.4639816035158,1078.8071812910198,1085.151611328125,1691513
2022-11-16,1087.6106544430627,1117.4149932247428,1086.6762445114744,1100.2012939453125,2034541
2022-11-17,1100.397997921136,1111.5131777277093,1082.2498883140813,1090.955078125,1597488
2022-11-18,1094.7914136111476,1102.8081043112704,1048.5603296581162,1064.1510009765625,2508863
2022-11-21,1052.4948544063025,1062.2329149243376,1028.0514231574039,1031.29736328125,2657824
2022-11-22,1030.8546269361534,1039.5107061839938,1020.5756378934204,1026.2315673828125,1994682
2022-11-23,1032.2318665894322,1038.133706741375,1028.543216494468,1034.789306640625,1095450
2022-11-24,1040.0026611329229,1041.3796611287519,1026.2317005886587,1035.4287109375,1035756
2022-11-25,1036.3138714029726,1038.3794911917385,1018.0673031102075,1020.4771728515625,1461816
2022-11-28,1017.6739673542139,1045.6093686691493,1012.165607112469,1043.1502685546875,2723439
2022-11-29,1036.0188743088386,1042.2649645613253,1020.5757736776592,1022.8380737304688,1325447
2022-11-30,1027.9531809731475,1048.806304005907,1015.3625390950504,1031.00244140625,27363975
2022-12-01,1041.5272116508086,1045.560111720051,1026.920181361607,1032.822021484375,1621405
2022-12-02,1032.8222133964596,1036.6584342037283,1014.1330495349998,1031.2484130859375,1040471
2022-12-05,1032.8219615025155,1036.2647013741905,993.9190129599111,1001.1487426757812,2896073
2022-12-06,1000.3619728238015,1029.2810155218542,991.6075519968285,1023.9201049804688,1970222
2022-12-07,1023.969258998377,1030.018669125264,1002.5750886014367,1008.4769287109375,1319008
2022-12-08,1013.5427365969056,1019.4936868851793,1004.6899761026895,1009.1654663085938,988773
2022-12-09,1017.6248693564902,1024.2152097114079,1006.2637786648455,1019.1986694335938,1253296
2022-12-12,1018.0674760734905,1028.5923768306504,1014.919875867588,1020.8217163085938,903199
2022-12-13,1026.1332127149028,1030.6088227997852,1015.1164926073761,1019.8380126953125,1040540
2022-12-14,1028.887468199423,1031.592478273561,1010.2475377178424,1011.919677734375,747736
2022-12-15,1011.1819986564689,1035.1828405380627,1008.1327384339256,1022.05126953125,1711006
2022-12-16,1015.1165234148791,1034.3958442247758,1006.7064130625166,1022.8380737304688,1308612
2022-12-19,1022.9855641247121,1042.0682034701476,1016.9853843497821,1038.8221435546875,1806966
2022-12-20,1037.0516150491312,1054.3144235906022,1029.3791756485448,1038.7237548828125,1747561
2022-12-21,1034.8385375049788,1046.00282778675,1012.3622668496243,1016.4443969726562,1417265
2022-12-22,1016.3953016074416,1029.2809621199128,1004.6899611139576,1022.100341796875,1373045
2022-12-23,1010.1982603681848,1016.6902602273733,989.5418207696143,993.9682006835938,931666
2022-12-26,989.0500981713133,1006.4113695581402,981.5744575951113,998.9356689453125,1043410
2022-12-27,1003.9521610020735,1031.8383301815604,1001.4930610731375,1026.9693603515625,1356572
2022-12-28,1027.8546477374628,1067.642960791764,1023.2808174500037,1064.987060546875,2613737
2022-12-29,1060.2656102648086,1116.9232518666447,1054.1669700468647,1082.9876708984375,2629509
2022-12-30,1084.9549853642714,1087.3648554801598,1064.3477741520649,1067.6429443359375,1035831
2023-01-02,1067.2495690197495,1074.9220102641268,1042.6585651252851,1055.4951171875,913740
2023-01-03,1057.4130887075091,1060.1673289678622,1017.7723453527082,1024.5103759765625,2199825
2023-01-04,1029.6743820283268,1033.3138019354049,1001.3455024942809,1008.2802124023438,1391583
2023-01-05,1013.0999762289497,1015.0672562411022,997.4109661613305,1013.3458862304688,987083
2023-01-06,1015.1164969001647,1021.9527469846812,1001.8865266725815,1007.7391967773438,873454
2023-01-09,1012.7557153523769,1018.9034653242533,1000.9028654139235,1004.394775390625,1045256
2023-01-10,1009.4606316781413,1013.788672042983,993.4764803848211,999.6734008789062,1107876
2023-01-11,1005.2801454954414,1010.1000058241106,994.4601047905002,998.0504150390625,1194680
2023-01-12,1003.0668201281086,1004.4931100360799,984.9186513849543,989.09912109375,834703
2023-01-13,994.3125030679307,994.3125030679307,972.3281723511205,985.7548828125,1944766
2023-01-16,985.754872654933,992.886262818723,963.2786621167389,972.52490234375,1237660
2023-01-17,972.8691839957864,992.4928150924012,961.557323367875,970.5084838867188,3049007
2023-01-18,974.787283661113,991.4599944152145,974.5905436449766,985.656494140625,2202723
2023-01-19,977.885743789215,1004.0505441431258,977.885743789215,997.4601440429688,1285537
2023-01-20,988.5582110752847,997.7060511704481,951.7208806552545,954.032470703125,1697151
2023-01-23,952.7045744423482,968.8854655442963,952.7045744423482,965.6394653320312,948214
2023-01-24,967.9018424881624,976.6562632488949,955.0161814046473,967.7542724609375,1062016
2023-01-25,978.7219198005475,1026.5760356727835,975.7709994393398,1020.9201049804688,5461484
2023-01-27,1022.9855274429339,1057.314585022733,1015.8541379487402,1033.60888671875,3629172
2023-01-30,1033.805717595627,1039.6583280056166,1001.8374151961427,1016.7886962890625,1451127
2023-01-31,1020.6741795041474,1026.8219301636273,1003.312907627125,1019.7888793945312,1311390
2023-02-01,1024.9528680440687,1040.6418778317618,983.6399885259776,1001.6897583007812,1354579
2023-02-02,1006.6322673814407,1010.2402925594364,978.6579151824219,990.5198364257812,1224788
2023-02-03,993.7325563489719,1027.835644246076,988.0981310326553,1023.6838989257812,1252136
2023-02-06,1023.6837584425659,1052.2512423250666,1014.3918961902567,1044.98583984375,2089402
2023-02-07,1038.9559683422615,1064.8049725280262,1028.0330687208266,1038.560546875,1669515
2023-02-08,1032.9757424676438,1043.5032227321556,1025.7596914070864,1027.5885009765625,582218
2023-02-09,1027.588522128148,1042.5641029357766,1018.7414324221298,1037.7205810546875,539534
2023-02-10,1032.9756874209852,1074.4924136139819,1032.9756874209852,1062.9764404296875,1989509
2023-02-13,1065.5465712087662,1073.2073962015131,1052.4490317050374,1056.847900390625,710879
2023-02-14,1058.7258434553012,1075.5795825567247,1042.860477031344,1065.9417724609375,1083378
2023-02-15,1071.9717362924664,1110.078209285331,1071.5269624802304,1093.76806640625,3016998
2023-02-16,1097.6724646041057,1119.963039382365,1097.2276908335614,1110.9677734375,2188324
2023-02-17,1107.0139290020106,1107.0139290020106,1079.5337605862878,1091.1485595703125,1382070
2023-02-20,1092.2357477559142,1122.9285164769558,1091.8404469235172,1117.689453125,1635712
2023-02-21,1120.9515450926067,1125.8445392850635,1101.6759232854586,1112.845947265625,1622529
2023-02-22,1107.1126357392675,1113.9332645033014,1095.3001875795799,1101.478271484375,746146
2023-02-23,1107.0139066506597,1112.895394772427,1097.1289715446903,1104.44384765625,871201
2023-02-24,1108.1012087975441,1114.5264165202773,1090.308325873052,1092.5819091796875,979359
2023-02-27,1085.3659002663455,1088.331380868166,1046.7158272224262,1072.713134765625,1555124
2023-02-28,1078.1003897621285,1080.769273772195,1060.3568601921754,1067.8695068359375,1418799
2023-03-01,1071.5268281378083,1072.712971932199,1047.802986924425,1050.718994140625,1907551
2023-03-02,1048.0007131385137,1060.5546524213935,1037.967601098866,1054.57421875,1068509
2023-03-03,1060.1592205884215,1066.584427985927,1051.7570262993756,1058.033935546875,847485
2023-03-06,1062.5316850050342,1089.3198346644572,1059.6650297280382,1085.860107421875,950986
2023-03-08,1086.3542522550229,1100.1931599270613,1074.6406295371871,1097.030029296875,1206161
2023-03-09,1095.2507436789813,1098.1173988199464,1070.9831811912925,1074.047607421875,906722
2023-03-10,1074.0476490016201,1075.3326181382085,1055.859344666435,1059.8626708984375,1066823
2023-03-13,1054.7225354588259,1064.014398236122,1033.9641725303954,1036.633056640625,972966
2023-03-14,1039.7963693643248,1045.23308378468,1025.2160897824635,1033.9642333984375,1076802
2023-03-15,1035.0514335595533,1045.1834910911643,1018.4941688127739,1020.8665771484375,590578
2023-03-16,1023.0412574214924,1045.5789565594894,1014.6390630175637,1041.4766845703125,747118
2023-03-17,1047.8030340044277,1052.7949740836539,1028.6757102998456,1034.8043212890625,1797251
2023-03-20,993.4359268836618,1034.8043540341837,993.4359268836618,1029.7630615234375,816115
2023-03-21,1031.1469066760376,1045.5788860755888,1031.1469066760376,1041.9215087890625,972168
2023-03-22,1046.2708685120424,1063.8166276625127,1038.9561133424404,1042.6629638671875,658312
2023-03-23,1044.8375872846436,1060.851133071352,1030.8503806916372,1035.4468994140625,1063113
2023-03-24,1036.8801127599263,1051.6086886822748,1028.3790935784893,1030.0101318359375,753161
2023-03-27,1030.3068886588762,1043.750376978327,1018.1483695714926,1034.6068115234375,521344
2023-03-28,1030.504524615053,1037.9182262309887,1017.3575121498407,1022.39892578125,435620
2023-03-29,1018.1482740374577,1069.0556877393306,1018.1482740374577,1066.7821044921875,977216
2023-03-31,1066.7820405322839,1072.5153505804685,1052.6466571590763,1064.8050537109375,911502
2023-04-03,1064.805136450097,1084.8221295716219,1060.6535120689532,1072.268310546875,842497
2023-04-05,1077.9521669595367,1087.0462589372028,1070.9832394845732,1077.408447265625,739800
2023-04-06,1071.2302166397558,1088.3806731392024,1068.0670861225149,1086.0576171875,630530
2023-04-10,1087.0461898929868,1098.2162140537846,1084.2290077164485,1094.90478515625,1236292
2023-04-11,1094.9048263513318,1124.5596307268527,1092.8783664527214,1115.86083984375,1112123
2023-04-12,1118.9745805250282,1130.83650187335,1110.7700366594906,1122.6319580078125,1393983
2023-04-13,1122.6319140349383,1156.0430394569642,1121.5940683570343,1149.568359375,2035284
2023-04-17,1152.5833809671758,1159.5028352268416,1142.8467444635019,1156.19140625,2075441
2023-04-18,1159.1568533061286,1159.3051514548545,1129.1066286810606,1131.7755126953125,1071740
2023-04-19,1133.8020207661923,1170.7717010254505,1133.8020207661923,1156.6856689453125,2292305
2023-04-20,1154.5604042178463,1154.5604042178463,1111.5609371087057,1114.97119140625,2592124
2023-04-21,1115.3171164208184,1117.4917535661689,1071.526811911302,1080.373779296875,2877179
2023-04-24,1077.4579207542345,1104.6414921494102,1075.5304066852248,1089.1221923828125,1329750
2023-04-25,1090.3082550501856,1105.1356565241229,1089.4680597664697,1098.71044921875,908834
2023-04-26,1100.1931489650433,1115.8113928770076,1093.8174148316598,1112.54931640625,1009517
2023-04-27,1110.5724307028663,1122.6320029568988,1109.485112002209,1119.4688720703125,733407
2023-04-28,1125.8446588995373,1128.4641908899077,1113.0437159389935,1125.2515869140625,713046
2023-05-02,1135.2846403714302,1153.571767795785,1123.966439502094,1144.6258544921875,932329
2023-05-03,1146.6523167463276,1153.275174102636,1129.9962274853497,1143.9339599609375,642953
2023-05-04,1146.6523529951055,1166.4222211501935,1134.3950106058112,1155.5982666015625,632211
2023-05-05,1176.3072289701363,1220.7399621678935,1176.3072289701363,1200.9700927734375,5319185
2023-05-08,1209.9161032156164,1229.1422544652971,1207.494342288375,1215.6494140625,2132720
2023-05-09,1215.8470803662258,1224.8423476406697,1206.2092681438105,1215.797607421875,848071
2023-05-10,1216.8353685105917,1231.168522729441,1212.0905519511764,1226.769775390625,801636
2023-05-11,1230.6248242235154,1231.6627905717376,1217.0330398171257,1225.5341796875,555502
2023-05-12,1224.150322825382,1235.567349868704,1217.08257046578,1223.211181640625,482504
2023-05-15,1222.7665219621747,1226.1767764450956,1213.0792369010383,1220.2952880859375,436418
2023-05-16,1225.089324115777,1238.1868622319653,1220.7894017730368,1229.78466796875,673132
2023-05-17,1220.7893620207667,1242.3385666368868,1211.448147557414,1237.59375,691664
2023-05-18,1237.5938368442835,1239.0765770641449,1205.962045487241,1226.275634765625,516649
2023-05-19,1221.2837300745553,1230.3778220888744,1207.1482246329845,1225.8802490234375,615310
2023-05-22,1214.018380752631,1232.7009330298188,1210.9046019288135,1224.941162109375,418657
2023-05-23,1224.9903989714405,1251.333771204308,1215.8468353720975,1246.638427734375,793692
2023-05-24,1248.417835106078,1264.2832042703606,1232.6514118257544,1258.25341796875,1070539
2023-05-25,1250.4442299633104,1272.6853328677962,1247.824698154752,1268.3359375,1004944
2023-05-26,1263.3441226689527,1286.029999450627,1255.7326505802362,1278.3197021484375,1409077
2023-05-29,1281.433618915169,1289.8358142836348,1263.8385057194605,1284.843994140625,875198
2023-05-30,1284.1025168569925,1291.9115188978953,1265.3211405410514,1267.9405517578125,531133
2023-05-31,1265.2716270487863,1301.8458850181653,1263.3441130707363,1287.809326171875,3346979
2023-06-01,1271.2522041877246,1275.6509523087084,1255.3868341201546,1257.462646484375,727641
2023-06-02,1272.092282441786,1294.926457676839,1266.853218736047,1290.5277099609375,1923687
2023-06-05,1294.877016157087,1297.8424966664727,1272.33943668518,1279.802490234375,551021
2023-06-06,1281.087455130912,1323.5926716205952,1271.202521063544,1316.6732177734375,1703583
2023-06-07,1327.4971797547225,1338.9143269328326,1312.6697785705271,1331.994873046875,1067501
2023-06-08,1334.4167320111083,1335.850119964,1302.7355882114962,1310.8411865234375,511069
2023-06-09,1316.6733453259496,1335.5535470904995,1315.6848518234526,1320.6273193359375,805323
2023-06-12,1352.2590289067718,1368.8657670017328,1319.7870434641907,1324.185791015625,2237766
2023-06-13,1330.1167152065195,1337.4315906112956,1324.9271247773183,1330.6109619140625,651920
2023-06-14,1331.4512102683682,1334.4661635708658,1317.6617748444178,1330.3638916015625,663045
2023-06-15,1333.1317955187103,1341.3856921886447,1314.696367436181,1317.5135498046875,808772
2023-06-16,1323.5927151944404,1341.187946679886,1307.727347227733,1337.2833251953125,1182213
2023-06-19,1336.5420165117712,1345.1419822279709,1320.6272955414568,1322.5548095703125,445580
2023-06-20,1317.6617470642898,1333.5271149407597,1311.7307864623501,1328.3375244140625,1139873
2023-06-21,1328.3375555506057,1340.9408471251518,1321.170977988609,1335.3558349609375,846723
2023-06-22,1330.4133708184372,1333.428203469456,1307.7768464705007,1310.890625,558699
2023-06-23,1312.3733507778184,1314.6468133095018,1280.3956118582305,1286.277099609375,705445
2023-06-26,1286.277043657249,1299.7700027728451,1274.3162975861599,1275.50244140625,607694
2023-06-27,1276.1450498998222,1294.4816517490954,1274.1680629906048,1289.193115234375,882785
2023-06-28,1294.8275609019963,1323.4443972753513,1282.1747968019565,1314.7457275390625,1266056
2023-06-30,1314.745757605146,1324.6306920763227,1303.2297848130843,1310.3963623046875,875476
2023-07-03,1319.6387377021115,1323.0984647297948,1297.8918820995298,1303.1802978515625,651040
2023-07-04,1306.6895944175533,1314.6963677118288,1285.0910353668585,1288.7484130859375,576982
2023-07-05,1292.9493769863711,1308.6169733618199,1278.616222577883,1304.6136474609375,1700571
2023-07-06,1308.2216365557645,1312.4722067493847,1289.0449597417376,1299.3251953125,1151516
2023-07-07,1304.6136927724156,1327.4478671451786,1295.8160770071302,1306.788330078125,1205329
2023-07-10,1311.681344516591,1317.3651818944134,1291.2690511618448,1294.18505859375,588008
2023-07-11,1300.9563229275932,1339.4087457391518,1295.9645029536034,1327.447998046875,1492542
2023-07-12,1329.3260852301564,1338.8155985411352,1315.882477318419,1323.246826171875,831708
2023-07-13,1323.5926606159817,1332.4891012026462,1310.0997015930675,1314.4490966796875,841814
2023-07-14,1320.6272412317232,1337.3328045690675,1307.430877886987,1335.20751953125,1109229
2023-07-17,1330.6604437316184,1347.3165337538358,1324.0869383442869,1327.4971923828125,739899
2023-07-18,1330.9077679239622,1352.3086778659824,1323.148117525943,1330.66064453125,1011369
2023-07-19,1333.082301163156,1337.6293470999851,1312.1262873678343,1318.7491455078125,810110
2023-07-20,1318.6502708978082,1332.48917928804,1315.6847905284728,1329.6719970703125,898508
2023-07-21,1316.1789909708234,1329.4741792261784,1315.8330424063745,1327.4971923828125,768440
2023-07-24,1329.424916577997,1357.201559466716,1280.0990673775652,1292.059814453125,2508323
2023-07-25,1317.6617846185761,1372.4736988107336,1298.5344602653186,1368.074951171875,5467323
2023-07-26,1376.9713401461267,1384.7804623317827,1349.6889457666803,1356.262451171875,1745448
2023-07-27,1360.1669822415522,1362.094496195744,1330.7098292726557,1340.199462890625,991461
2023-07-28,1340.1994908701306,1354.9279469963626,1329.96848695377,1342.225830078125,722899
2023-07-31,1338.420133630953,1363.5772437109842,1331.7972757707005,1360.85888671875,771838
2023-08-01,1359.1785167649948,1363.4290869382517,1343.4120942368033,1353.939453125,325587
2023-08-02,1359.1785572602882,1379.9369206802637,1346.8718614990155,1363.8739013671875,1941995
2023-08-03,1366.0485002946443,1375.3898359698023,1338.8155776415313,1347.563720703125,1042110
2023-08-04,1356.2131052196107,1369.0140479974905,1330.9570475959197,1343.1650390625,539333
2023-08-07,1341.7810213299772,1341.7810213299772,1316.3273152169534,1324.8778076171875,866160
2023-08-08,1329.4250024840103,1329.770951094136,1303.1310981286913,1316.2286376953125,1246119
2023-08-09,1315.7836824863482,1334.070812358229,1301.8459481765974,1324.581298828125,1333966
2023-08-10,1327.003048137336,1339.8041113359925,1315.9814421670917,1334.07080078125,960273
2023-08-11,1336.443174784985,1346.3775824496327,1326.8053634283626,1334.1202392578125,724490
2023-08-14,1337.0362784098943,1337.2340495084986,1305.602257639966,1329.4249267578125,951927
2023-08-16,1318.6502690785944,1330.0674167510665,1307.233121406122,1324.3341064453125,1426246
2023-08-17,1323.4940078974673,1325.5203472290996,1308.8642554264525,1321.2698974609375,702360
2023-08-18,1326.558159805088,1329.5236400431022,1314.053694001654,1325.965087890625,727872
2023-08-21,1324.6307089005015,1344.7958789452575,1313.8561060569295,1333.971923828125,1480040
2023-08-22,1330.709818492158,1341.3855958930337,1320.2812851165825,1337.975341796875,819736
2023-08-23,1339.30990072261,1351.0729977994495,1333.7743611175426,1339.705322265625,919117
2023-08-24,1349.293621434203,1367.2841547870419,1339.0132649472766,1346.8223876953125,1183583
2023-08-25,1339.4086141583887,1342.3740944849387,1305.8986623352337,1324.185791015625,1437121
2023-08-28,1321.566335211733,1336.3937376966205,1320.5778417127408,1333.724853515625,784438
2023-08-29,1339.4087016876845,1372.770357541529,1327.596252547941,1364.714111328125,1231116
2023-08-30,1375.4886469568528,1404.7480291836996,1369.1622646918227,1399.261962890625,2457022
2023-08-31,1404.6492083225833,1419.8720317577427,1393.0838830931764,1403.5618896484375,2229952
2023-09-01,1403.3147354109485,1443.595843067463,1397.7791962833167,1437.3682861328125,1801951
2023-09-04,1444.1890589675616,1452.0970072712853,1427.0387202170036,1436.1328125,1530060
2023-09-05,1440.1854926063395,1447.1544197381638,1435.2924982649001,1441.1246337890625,554308
2023-09-06,1443.1015451867477,1466.973685035652,1442.360175133463,1461.042724609375,1249970
2023-09-07,1461.0428414820847,1469.1979127205611,1457.0393946078218,1462.772705078125,645256
2023-09-08,1466.9244146058602,1469.7415970641098,1457.1383044184058,1463.51416015625,515325
2023-09-11,1467.5173040469513,1478.6378549980668,1459.0657577235238,1471.86669921875,754214
2023-09-12,1481.3068924611937,1481.3068924611937,1445.1774089706464,1454.7657470703125,623844
2023-09-13,1449.1315400759331,1458.5717017172026,1422.639864746867,1437.6650390625,801352
2023-09-14,1438.702664534815,1450.5645852834587,1434.6498657455015,1447.1048583984375,285610
2023-09-15,1446.1660180589984,1491.0930002238695,1446.1660180589984,1485.60693359375,1369061
2023-09-18,1490.4010682062642,1513.5811924151499,1472.4105348500286,1508.3916015625,1464894
2023-09-20,1506.958393769078,1515.756010361745,1491.5872710369938,1494.7010498046875,537988
2023-09-21,1488.6711112779726,1492.6250850131066,1474.9310284152411,1481.65283203125,542059
2023-09-22,1472.805687257408,1481.2573540603678,1466.034531627242,1476.907958984375,1048434
2023-09-25,1480.7632194440027,1503.6468674290325,1472.1633745132476,1498.111328125,1238681
2023-09-26,1505.2779465073233,1526.2339603914925,1499.7422863878433,1513.383544921875,1247558
2023-09-27,1514.1742388999699,1517.139719100976,1501.5709480456942,1510.6650390625,1087855
2023-09-28,1512.296195239526,1528.8039880461736,1495.145857539413,1506.365234375,4734327
2023-09-29,1499.0502433464944,1517.3868442102532,1482.6906292856984,1504.289306640625,775781
2023-10-03,1519.3639468090985,1526.8270001596484,1504.3387735620433,1512.39501953125,791678
2023-10-04,1512.3951229972286,1512.3951229972286,1475.7713889093427,1478.8358154296875,797755
2023-10-05,1489.6595192068344,1496.924921394976,1472.311412173416,1480.911376953125,586529
2023-10-06,1486.6943094296419,1499.149304112199,1477.7978674184274,1483.9759521484375,537906
2023-10-09,1481.7517264630799,1516.200700106615,1477.847225483513,1504.9813232421875,1131037
2023-10-10,1512.4938326409383,1541.0118450857542,1504.981306410389,1510.516845703125,1691714
2023-10-11,1548.9692527698405,1552.0335583645785,1524.899461137222,1532.4119873046875,1007780
2023-10-12,1547.9808608170754,1582.4793089875848,1535.2292702059376,1579.46435546875,1822514
2023-10-13,1561.0287465560907,1587.4709453032401,1561.0287465560907,1582.4791259765625,810988
2023-10-16,1588.410135757707,1598.6904916855426,1575.955142524198,1583.2698974609375,582454
2023-10-17,1592.4630352000747,1597.3560297793772,1582.8252235345249,1590.8814697265625,456174
2023-10-18,1588.5091220600186,1588.5091220600186,1565.4278219865025,1582.1827392578125,359998
2023-10-19,1570.7161051735277,1597.355955607325,1566.366709824047,1580.6505126953125,830994
2023-10-20,1580.650501771901,1591.2768063747499,1572.396484919915,1578.080322265625,597980
2023-10-23,1565.7736605030752,1589.942277640391,1561.9679847669383,1567.00927734375,950311
2023-10-25,1567.1081859200378,1589.942362217228,1551.934834442548,1556.72900390625,890501
2023-10-26,1547.832521399007,1564.93350719935,1530.6821833231363,1558.854248046875,988912
2023-10-27,1566.762168976725,1581.5895712067886,1560.8312080846995,1573.5333251953125,737466
2023-10-30,1566.2184177436468,1597.0594861603065,1545.1635794005342,1590.288330078125,912901
2023-10-31,1615.1983536622704,1615.1983536622704,1567.2069467238307,1572.4954833984375,2389756
2023-11-01,1573.6816104944573,1580.0573451350144,1540.0728323808823,1542.8900146484375,1697994
2023-11-02,1551.9346579224605,1556.382878279563,1536.613010025774,1551.984130859375,802352
2023-11-03,1559.7438165282615,1582.8745870598086,1554.4059278416423,1580.6998291015625,552856
2023-11-06,1588.4595185093717,1598.3939260563382,1581.7871876492106,1596.6640625,505748
2023-11-07,1598.4927828367436,1603.4352502381716,1586.1366143331732,1591.96875,342837
2023-11-08,1596.219418826835,1629.9763767311233,1593.4515886447887,1627.9993896484375,589975
2023-11-09,1633.9796147992,1634.819810068709,1615.7419595609153,1627.9498291015625,442148
2023-11-10,1626.0717630889642,1626.0717630889642,1610.058217092608,1613.171875,390701
2023-11-13,1630.3222867278394,1632.9911707624408,1616.8786793463846,1629.086669921875,364986
2023-11-15,1634.2267835131574,1657.4069064692462,1628.0981724370638,1653.8978271484375,1011532
2023-11-16,1655.2322544675458,1669.0711625371462,1649.0541705079029,1664.771240234375,468330
2023-11-17,1677.2758136976558,1734.460138356478,1670.5540096528869,1727.4912109375,1721816
2023-11-20,1734.7565760246903,1744.5921585022909,1686.3698686802475,1699.4674072265625,1110928
2023-11-21,1711.9718755539707,1718.2487849946629,1695.8100313513362,1704.8052978515625,521686
2023-11-22,1709.9948803992652,1723.9326142136076,1704.7064644601344,1719.2867431640625,2016499
2023-11-23,1733.817562123859,1764.4113870318824,1728.4303209297232,1755.6138916015625,1599755
2023-11-24,1762.4838535142646,1797.476546416001,1758.2827562750972,1779.23876953125,1298959
2023-11-28,1779.288292793689,1808.8936247324998,1778.2997992976925,1803.1109619140625,957141
2023-11-29,1808.943102259439,1854.1172068747157,1801.57887396188,1842.2059326171875,1212566
2023-11-30,1831.9254692979907,1876.1605507770598,1828.7623385534782,1843.0460205078125,2171737
2023-12-01,1861.333156515255,1901.8613877511157,1846.209158543884,1887.8248291015625,1269657
2023-12-04,1935.4702351543788,1935.4702351543788,1868.2526784687313,1882.0421142578125,818769
2023-12-05,1895.9304290306425,1901.4166159210743,1873.4422031388556,1881.10302734375,970173
2023-12-06,1867.362916341142,1878.6812385253445,1850.2125794466879,1867.0169677734375,1053331
2023-12-07,1872.552570611211,1906.8038932941934,1872.0089716050816,1898.1051025390625,720562
2023-12-08,1902.3557249419032,1907.7924391467254,1864.8917974700769,1880.8065185546875,493461
2023-12-11,1885.2053349433945,1917.6773211188902,1881.1030629326021,1910.164794921875,674733
2023-12-12,1913.723349042846,1928.8966996038203,1903.9867125416524,1915.502685546875,716644
2023-12-13,1917.677334544117,2003.676266557178,1909.8188597126546,1999.0303955078125,2224533
2023-12-14,2002.6877986291183,2034.813836859842,1983.0167541639335,2025.176025390625,1066303
2023-12-15,2028.3885437085548,2030.5631810154503,1980.743208053417,1995.323486328125,902030
2023-12-18,2000.7107830697669,2011.8808075458758,1973.5766855874008,1976.6409912109375,936244
2023-12-19,1981.929481714255,1986.476527713724,1935.5691120986196,1946.047119140625,1139789
2023-12-20,1961.1709822351745,1975.7512604549167,1920.7910494004184,1926.7713623046875,743248
2023-12-21,1913.7233073683742,1949.2595984098887,1902.5532831861512,1923.3116455078125,733570
2023-12-22,1927.5622046736023,1965.9157983456967,1912.141731169354,1944.86083984375,1070784
2023-12-26,1944.8608768674856,1987.7615170392792,1944.8608768674856,1973.2305908203125,890867
2023-12-27,1985.5867778031013,2002.6877630390659,1967.645717919497,1990.430419921875,477198
2023-12-28,1992.2591013526815,1998.7337818003646,1972.390406883356,1981.484619140625,1261169
2023-12-29,1989.8373476697152,2006.6417365968812,1976.9869326077646,2002.4901123046875,476136
2024-01-01,2008.618690938085,2023.0013189057197,1988.848821932789,1995.8177490234375,474552
2024-01-02,2001.6992796044603,2016.3290312476054,1929.6875543454116,1946.491943359375,1407673
2024-01-03,1954.2515951044056,1992.704015317244,1937.7931546543757,1974.9111328125,837553
2024-01-04,1984.8948673884533,1990.9246533604264,1956.5251533569026,1959.787109375,982876
2024-01-05,1966.9043277763924,1988.1074641495172,1946.5907389814477,1956.525146484375,2259906
2024-01-08,1971.8468313739756,2039.1630921945543,1957.2170796837936,2014.35205078125,2195125
2024-01-09,2015.5381276389035,2025.4230620559654,1981.9293506208935,1995.66943359375,1424396
2024-01-10,1991.9131408139572,1999.6727903172782,1969.8698091250867,1997.00390625,650058
2024-01-11,2001.254353561172,2071.38791175592,2000.0187368159106,2063.331787109375,1305313
2024-01-12,2075.8363642173517,2075.8363642173517,2039.0644540317862,2061.7998046875,765951
2024-01-15,2074.155900609751,2084.6832595542182,1987.8603722359599,1998.33837890625,1349721
2024-01-16,2006.641730585034,2020.3818138586344,1990.1832902872422,2010.249755859375,1347953
2024-01-17,2000.3647838940747,2023.9403284216698,1980.3971439077818,1993.5936279296875,727553
2024-01-18,1992.8028348713647,2002.7372425079138,1957.2170699629473,1988.3546142578125,815604
2024-01-19,1992.6051443572512,2021.4691048248997,1987.8603275319672,2013.5611572265625,747716
2024-01-23,1992.259063519316,2022.408113562463,1955.8331042396708,1964.482421875,910575
2024-01-24,1952.27454678204,1991.8142844383851,1937.2494947389102,1977.9259033203125,903005
2024-01-25,2031.3539494504007,2031.3539494504007,1900.9222927872495,1918.7645263671875,2078701
2024-01-29,1918.6657712648205,1951.286054856649,1905.7658835781342,1942.093017578125,1563040
2024-01-30,1950.3963551376291,1973.8730740103072,1931.0219081168964,1935.07470703125,1011435
2024-01-31,1937.496702621111,1983.7581252977327,1929.5887547448635,1978.3214111328125,1064182
2024-02-01,1993.7914826766305,2001.551132881123,1962.1596891983697,1972.291748046875,588605
2024-02-02,1974.5651837701157,2025.0278237950383,1974.5651837701157,2021.7657470703125,830770
2024-02-05,2025.6702934361253,2053.743412145029,1987.0695742128178,2000.859130859375,829877
2024-02-06,2010.5957675137363,2044.204546321734,2000.8591307275026,2023.9404296875,707510
2024-02-07,2030.464412433112,2051.0248823204934,2016.4770858661052,2040.200927734375,413546
2024-02-08,2044.204534803319,2049.6907219323484,2003.182055018823,2010.3486328125,223855
2024-02-09,2021.2715223521923,2022.4576662655368,1982.621330633417,2014.154296875,235265
2024-02-12,2020.4805100047586,2030.8102177705487,1992.3579210354042,2012.325439453125,309481
2024-02-13,2011.5842185732465,2036.494205839173,1997.7453099442414,2020.727783203125,436456
2024-02-14,2007.6301522302394,2080.778665900864,1997.942868369741,2063.9248046875,597383
2024-02-15,2080.778914741848,2093.826981285344,2027.8450370767844,2068.9169921875,754820
2024-02-16,2074.600642584974,2160.846696696011,2072.969724913719,2114.140380859375,2287490
2024-02-19,2128.226200720816,2135.1456542298943,2068.8176533460314,2096.001220703125,981429
2024-02-20,2109.3462041352273,2113.893370813104,2069.7572321308944,2093.826904296875,611276
2024-02-21,2097.583197434022,2114.387586857386,2057.05496411885,2069.4111328125,407855
2024-02-22,2080.235000822198,2109.197907288148,2066.7916346478187,2104.156494140625,482482
2024-02-23,2110.43363273574,2114.3876067549168,2080.1364033463647,2091.602783203125,345944
2024-02-26,2082.805307598924,2142.0654455156878,2063.974457884982,2137.221923828125,661221
2024-02-27,2142.0655846339328,2143.2022557166447,2102.9211423923102,2108.60498046875,626537
2024-02-28,2110.43373468417,2117.501367052295,2048.010463373509,2070.44921875,808633
2024-02-29,2067.9281223140906,2134.5524786706223,2060.8604912775513,2114.5849609375,1749636
2024-03-01,2115.326417170721,2248.8224999972786,2097.236939563804,2216.79541015625,1643917
2024-03-04,2237.3561045088904,2241.606674850141,2194.4555828894763,2206.66357421875,794390
2024-03-05,2213.2367633260496,2263.5509817793295,2206.3667823359137,2254.654541015625,942601
2024-03-06,2268.790189363925,2268.790189363925,2205.4279020295853,2253.76513671875,1248715
2024-03-07,2257.719170965535,2286.8302564930045,2229.151805133435,2233.69873046875,873474
2024-03-11,2249.8111461192902,2277.8350326309783,2229.10225611176,2242.249267578125,715668
2024-03-12,2245.5604234892444,2253.6167895518097,2206.712584343891,2216.79541015625,471203
2024-03-13,2216.7953904909523,2231.5238455859603,2101.2898404227485,2121.553955078125,999329
2024-03-14,2115.2277710210483,2175.2787471292686,2084.633706177333,2125.063232421875,970661
2024-03-15,2128.2263975631895,2134.15735826239,2031.3045665374696,2042.6722412109375,1517532
2024-03-18,2037.2851044470501,2043.9574355751517,1988.8983958658414,2008.0750732421875,1291028
2024-03-19,2016.2128654804771,2040.3778217773481,1994.7273452200727,2026.2857666015625,895151
2024-03-20,2040.0302130980144,2089.0053280352913,1990.5591396557725,2019.487548828125,1492834
2024-03-21,2064.3440710676673,2065.1380407969855,2007.9261860326437,2039.4349365234375,1087462
2024-03-22,2046.3321348125737,2069.157372009804,2019.0410903376242,2035.21728515625,833468
2024-03-26,2037.6984337498134,2072.134723854847,2012.9379389567778,2067.123046875,1066097
2024-03-27,2084.0433341436283,2117.7849881250013,2068.313672064565,2107.017333984375,1315796
2024-03-28,2123.7394556691656,2148.5494960391325,2088.4098612681123,2135.49951171875,934714
2024-04-01,2157.4811557137987,2178.32159006062,2112.0291123479055,2122.846435546875,591922
2024-04-02,2158.7711671854763,2158.7711671854763,2100.814770568929,2134.209228515625,899959
2024-04-03,2133.663523760091,2133.663523760091,2085.23427532182,2088.409912109375,718065
2024-04-04,2102.750093059114,2102.750093059114,2052.0382776169245,2070.84423828125,797799
2024-04-05,2070.149744781367,2078.0889576089085,2044.3473030918583,2053.67578125,586351
2024-04-08,2064.195304263244,2122.746997989942,2050.599450956696,2116.742919921875,935056
2024-04-09,2127.7089885224073,2127.7089885224073,2080.0737126599656,2083.1005859375,546070
2024-04-10,2084.9859645449483,2126.1209598722894,2073.2261516811477,2081.462890625,592948
2024-04-12,2081.9592714642686,2093.123789741717,2022.9114959396538,2031.2972412109375,770726
2024-04-15,1995.8188978505927,2031.0988243246666,1973.688414143059,1984.9521484375,1014530
2024-04-16,1974.978446586809,1986.1926333888337,1945.8018146290083,1960.588623046875,1225387
2024-04-18,1964.9551666621169,1973.3905802563736,1912.8044141605155,1925.9537353515625,2514361
2024-04-19,1903.4263237337645,1906.8500608954657,1858.7682504449117,1884.620361328125,2046537
2024-04-22,1884.5210557300338,1935.1832081755356,1875.7383253984083,1928.4844970703125,1222136
2024-04-23,1935.7289701151676,1957.015935766677,1903.9224506938995,1938.259521484375,1278413
2024-04-24,1944.1148565215549,1956.122892407297,1926.2019580592284,1949.3746337890625,1129487
2024-04-25,1953.046360853172,1998.7960506669604,1936.4733024880013,1990.509521484375,1052042
2024-04-26,1991.750041103765,2023.3084609146867,1980.4863070032081,2001.1778564453125,809102
2024-04-29,2004.651279349756,2026.4841150654463,1996.9601667680922,2021.1251220703125,420629
2024-04-30,2033.4308724708928,2089.402225633472,2028.1710955491199,2044.3472900390625,1223892
2024-05-02,2101.7579545573712,2101.7579545573712,2050.8477008935192,2057.198974609375,1595338
2024-05-03,2068.065556058929,2070.0009329687473,2020.3807328161115,2037.15234375,527068
2024-05-06,2044.347281580295,2054.2712975102963,2015.0714345867907,2041.2213134765625,304143
2024-05-07,2047.3742156167305,2049.3093503233636,1958.0084010595624,1964.5582275390625,725249
2024-05-08,1964.558142309795,2009.6131982421482,1903.922430038302,1981.4786376953125,2130967
2024-05-09,2008.5216276382419,2106.8686022228203,2008.5216276382419,2047.9200439453125,5353261
2024-05-10,2064.195319120793,2071.4895677636355,2007.3803277651848,2047.870361328125,1125560
2024-05-13,2047.870403459467,2069.554233400972,1960.4397241626016,2052.882080078125,1593052
2024-05-14,2059.0350022621797,2123.6898731715532,2049.3094175860156,2118.5791015625,1387841
2024-05-15,2123.7393841347825,2133.5640628761425,2069.157297159356,2083.99365234375,724319
2024-05-16,2103.8913256931774,2117.735279119758,2074.6154794158433,2111.731201171875,535364
2024-05-17,2111.7312052239104,2175.9892069220373,2098.978990412672,2167.8515625,1090700
2024-05-21,2182.291161404603,2182.737693676293,2125.8236061660623,2139.5185546875,772583
2024-05-22,2150.5342434484146,2153.511448215533,2104.983107425723,2126.02197265625,609077
2024-05-23,2127.4610001005676,2164.427960918642,2120.811957618589,2158.622314453125,457984
2024-05-24,2148.599354349558,2236.873437325497,2143.5876772950637,2221.4912109375,1224582
2024-05-27,2242.8278246181394,2247.1942951500705,2191.669468922501,2232.457275390625,809083
2024-05-28,2232.903649862655,2253.694415389821,2209.7309750709705,2234.541015625,678357
2024-05-29,2213.651028837346,2247.8888828458407,2198.2191360372794,2236.724365234375,518041
2024-05-30,2227.8918868807855,2242.0832779848715,2205.8109516433556,2213.899169921875,741013
2024-05-31,2210.227101292456,2221.78872517179,2129.4457088889258,2162.691162109375,2814422
2024-06-03,2217.5710084343223,2237.865572374132,2190.5280652648344,2232.903564453125,895334
2024-06-04,2233.896016371647,2235.880819584772,2053.278923977316,2194.646484375,1169349
2024-06-05,2206.2081358861974,2352.0911738641926,2185.1690277371204,2333.93017578125,1794260
2024-06-06,2342.0678452782427,2391.6382582074234,2317.7540053590405,2379.9775390625,1606531
2024-06-07,2381.763937254848,2411.188548982128,2369.0114792599065,2389.355712890625,747356
2024-06-10,2401.264482684226,2426.3722921248836,2393.672707206188,2418.333984375,1482253
2024-06-11,2421.460021840663,2433.368841620207,2399.627185578165,2423.891357421875,937870
2024-06-12,2429.4985363003734,2429.4985363003734,2397.2454832061167,2402.108154296875,630482
2024-06-13,2422.2041034804724,2442.300235036543,2392.680157120319,2423.09716796875,990069
2024-06-14,2427.811044404283,2499.859493533884,2423.0971370623674,2484.82470703125,813619
2024-06-18,2490.927944847918,2491.4738141694347,2434.658824192326,2452.373046875,1090211
2024-06-19,2451.281671585908,2455.2512780685765,2411.684701549959,2419.22705078125,674896
2024-06-20,2413.1733023806732,2430.689336345163,2370.3512693915054,2409.50146484375,759638
2024-06-21,2421.4599196944323,2450.189897743533,2406.57389559795,2416.894775390625,1274845
2024-06-24,2416.8947340831664,2444.2851148667805,2408.608326182411,2421.162109375,838611
2024-06-25,2422.1544919044527,2464.6789965928706,2388.5618437365315,2396.35205078125,709617
2024-06-26,2401.5621290214935,2401.5621290214935,2335.120892418087,2358.6904296875,1328074
2024-06-27,2350.8506483357583,2384.9394982327362,2316.81122469079,2326.338134765625,2892926
2024-06-28,2345.044819626971,2357.9460395402807,2309.4177015498126,2346.880859375,531757
2024-07-01,2346.881101123693,2370.5000661848976,2322.567261090231,2336.708984375,531888
2024-07-02,2336.7090465128936,2351.396397258495,2297.1617434313766,2320.58251953125,879900
2024-07-03,2332.1436128212113,2355.1672800311057,2283.714369340413,2297.0126953125,745901
2024-07-04,2302.3718484839073,2375.7599026972193,2300.138944751541,2347.97265625,1348615
2024-07-05,2351.049217963037,2420.4676661214194,2351.049217963037,2411.684814453125,1253460
2024-07-08,2427.364855721063,2427.364855721063,2363.3052784245615,2380.02734375,752377
2024-07-09,2384.840432456889,2428.9029675172405,2379.2828864647945,2419.673583984375,761404
2024-07-10,2433.368726628931,2457.6328973260133,2388.164785228124,2421.7080078125,1400944
2024-07-11,2425.6277794328716,2472.965284118042,2425.6277794328716,2456.888427734375,2112524
2024-07-12,2461.1559962998354,2472.0724140253587,2406.673244747579,2420.9140625,742628
2024-07-15,2426.421892834139,2436.8917780885486,2405.879228333511,2432.2275390625,320518
2024-07-16,2440.3156627840544,2454.0605225813847,2418.3834893559924,2436.742919921875,424872
2024-07-18,2441.3078984701156,2446.22023785749,2364.8929764448317,2389.30615234375,894461
2024-07-19,2392.233706427934,2399.329280897629,2351.991773408913,2386.279296875,858204
2024-07-22,2386.52732560848,2422.4025451733996,2352.9841043437727,2407.66552734375,510664
2024-07-23,2407.4670388654745,2471.0800808324525,2342.018199237887,2453.415283203125,836325
2024-07-24,2466.1180898875623,2466.1180898875623,2402.7531478870933,2430.9375,542901
2024-07-25,2426.9679468711706,2439.8195000106157,2402.604437472321,2430.689453125,395417
2024-07-26,2430.8878623560854,2509.585362327726,2420.2195445278235,2488.943359375,1328315
2024-07-29,2509.783726946124,2520.6504763577595,2447.0143237316743,2465.72119140625,715525
2024-07-30,2465.6714214892645,2492.863128169694,2451.8274677512886,2477.72900390625,635216
2024-07-31,2473.164227746589,2537.6206659062113,2473.164227746589,2511.7685546875,1913288
2024-08-01,2512.760893058525,2582.377769544011,2500.8520736601436,2564.564208984375,2477455
2024-08-02,2555.2358232791375,2565.2589345979145,2505.814172528202,2549.876708984375,907741
2024-08-05,2496.2870480128768,2541.5406607928394,2442.7966952524694,2474.40478515625,1605272
2024-08-06,2495.7906395999635,2510.7263318538585,2408.558637528298,2459.965087890625,2149602
2024-08-07,2515.7380176887327,2598.752313350319,2515.7380176887327,2554.987548828125,2338106
2024-08-08,2559.4036621720516,2570.9650436077013,2485.1223073619153,2509.833251953125,608596
2024-08-09,2522.288144478639,2569.923423941612,2514.7954635226633,2561.835205078125,554497
2024-08-12,2558.808240686996,2563.472722130519,2515.738107283232,2558.411376953125,788200
2024-08-13,2569.2284358328843,2634.826279286014,2536.0823189135253,2615.772216796875,2005430
2024-08-14,2615.7722097917563,2632.990232338765,2574.7859748777378,2585.702392578125,1364898
2024-08-16,2605.0543728705475,2615.127152864755,2553.300722910411,2580.492431640625,1089926
2024-08-19,2602.622731658536,2605.0540669972934,2565.6061054113343,2587.786376953125,464963
2024-08-20,2604.06193774238,2627.284039510767,2592.2027864449105,2616.169189453125,546115
2024-08-21,2616.169122004722,2616.169122004722,2585.8017775740163,2611.5048828125,968366
2024-08-22,2626.8872129402425,2694.56895818261,2609.3714204293087,2685.68701171875,1415927
2024-08-23,2739.028530306966,2796.587825509069,2730.2953474053975,2745.975341796875,2526589
2024-08-26,2760.5634031839663,2767.807983113548,2719.8749387495254,2754.11279296875,694903
2024-08-27,2763.8385516300714,2765.674591567818,2701.4660119977343,2720.272216796875,917102
2024-08-28,2735.4555648471332,2741.211542355981,2701.267379540027,2716.451171875,615924
2024-08-29,2729.104307240175,2744.486531517347,2704.840137402002,2730.642578125,545401
2024-08-30,2757.884159254351,2802.5422330817873,2736.8949614696785,2791.923583984375,1691050
2024-09-02,2837.7723962306095,2838.268597034287,2759.2239059227086,2769.4951171875,1086763
2024-09-03,2784.678887618633,2784.678887618633,2756.246678713082,2761.456787109375,732254
2024-09-04,2735.7532818027303,2762.4490286482724,2725.1843022968515,2753.81494140625,512770
2024-09-05,2749.944959932984,2781.205611769104,2731.3870976175417,2740.715576171875,472195
2024-09-06,2740.666017417882,2761.9035588555985,2712.0850427084097,2731.38720703125,638798
2024-09-09,2732.925325413628,2750.5404543443483,2695.412495346307,2744.08984375,420546
2024-09-10,2757.6856127719916,2767.9073977025582,2726.7721575804503,2734.06640625,361187
2024-09-11,2743.7919216832147,2758.8763771587733,2705.6835558504167,2738.680908203125,451598
2024-09-12,2758.92604309974,2806.5116500959925,2744.3377884251613,2801.40087890625,640298
2024-09-13,2813.3098221378714,2821.993336290545,2796.935195449972,2807.15673828125,372568
2024-09-16,2819.214737565387,2828.2951160120942,2783.686709007571,2820.157470703125,237258
2024-09-17,2828.3445814855877,2828.3445814855877,2761.9530108554613,2797.33203125,998069
2024-09-18,2798.522819596226,2813.4585120059587,2751.135643600358,2763.59033203125,537825
2024-09-19,2788.4501917463112,2795.4960980574283,2707.371025772955,2749.548095703125,541355
2024-09-20,2763.838468674026,2803.435195781384,2745.925571254774,2794.2060546875,1029376
2024-09-23,2811.3744662442095,2857.1242780659827,2792.072303097158,2823.5810546875,1352527
2024-09-24,2810.977696327593,2863.9718479513713,2806.561557406538,2846.902587890625,716361
2024-09-25,2843.2305420389494,2876.8728588682297,2824.474248989978,2849.68115234375,901475
2024-09-26,2848.1925538251903,2879.949404599548,2809.8857556644043,2869.13232421875,717570
2024-09-27,2865.5101064340065,2935.524091557578,2847.349107714723,2927.287109375,1294096
2024-09-30,2925.004578178489,2925.004578178489,2785.0265167915536,2818.27197265625,1318103
2024-10-01,2835.291477503868,2853.402807382918,2789.64100219229,2817.080810546875,853088
2024-10-03,2740.020812235121,2778.7244745593403,2695.6108407220745,2704.889892578125,1164231
2024-10-04,2708.2640128088665,2730.394617325206,2637.8034980014536,2667.079345703125,1039593
2024-10-07,2667.5757324125925,2679.4845526465774,2601.2335827782085,2617.806884765625,658074
2024-10-08,2604.557827666503,2726.474453111418,2601.53095452874,2719.72607421875,1114457
2024-10-09,2739.0285211661508,2783.2897311397974,2700.3248572801076,2761.4072265625,884279
2024-10-10,2758.876503909746,2806.511781675094,2741.0132747477405,2772.27392578125,498243
2024-10-11,2770.338658779905,2778.7244036122697,2743.6429111024486,2773.117431640625,272568
2024-10-14,2773.068000220361,2823.382715802327,2767.8082229780985,2808.8935546875,446302
2024-10-15,2824.4743562253993,2826.359822394939,2779.369508630156,2812.0693359375,671968
2024-10-16,2802.5917859755887,2808.3971899622684,2733.570206262159,2753.07080078125,336618
2024-10-17,2723.149845893207,2728.955491859343,2574.8851516352465,2658.891845703125,2812222
2024-10-18,2658.5942368101505,2732.8755940137576,2630.9559974245067,2695.263427734375,570397
2024-10-21,2694.7179177087414,2735.406385365793,2645.842136437771,2716.89794921875,685233
2024-10-22,2728.1120263901116,2728.1120263901116,2637.853148401175,2642.269287109375,453367
2024-10-23,2669.411748283941,2750.838112068324,2467.01123239409,2543.475830078125,2474437
2024-10-24,2605.0542767463967,2628.871915848078,2456.3427956910523,2463.48828125,2651875
2024-10-25,2483.088200266087,2483.088200266087,2356.9538569444394,2431.185546875,2013642
2024-10-28,2431.1357798489876,2462.8429619934404,2390.199214518333,2443.64013671875,887553
2024-10-29,2441.3080139520903,2455.598500534173,2391.8863642369247,2428.605224609375,817875
2024-10-30,2406.5739897339604,2477.0841750861637,2406.5739897339604,2440.21630859375,844370
2024-10-31,2441.3577344225746,2481.6987646945854,2429.7466835419514,2474.751953125,1006395
2024-11-01,2505.813919158001,2505.813919158001,2482.740583070705,2490.630126953125,84638
2024-11-04,2504.672735430611,2504.672735430611,2386.4279460118123,2393.8212890625,791508
2024-11-05,2393.821397188928,2449.3958862007125,2376.8018068432866,2439.719970703125,496975
2024-11-06,2459.171354139352,2493.9054128136368,2443.689791073159,2467.01123046875,606094
2024-11-07,2478.026804020982,2494.897631281037,2424.6355492938173,2460.610107421875,626252
2024-11-08,2467.1102701701675,2471.3776453214546,2426.4218063419385,2449.147705078125,229547
2024-11-11,2436.345990279224,2474.6527899326625,2422.5020360624467,2441.80419921875,304447
2024-11-12,2441.307830578035,2466.1178695066737,2411.5357838636687,2421.757568359375,488274
2024-11-13,2403.3981957411124,2407.516565385335,2339.040856341402,2367.6220703125,1158274
2024-11-14,2356.953917264329,2396.649983239307,2342.067892523712,2377.943115234375,308515
2024-11-18,2390.6955225862416,2424.7349468942066,2376.8515683285004,2397.642333984375,369073
2024-11-19,2401.413357565822,2451.132530644927,2395.260516314493,2410.79150390625,349283
2024-11-21,2396.6498241711133,2410.791546736098,2363.454039659889,2370.301513671875,526062
2024-11-22,2360.6755019937773,2406.8718487663127,2343.060372131291,2395.90576171875,483482
2024-11-25,2446.27002824994,2469.9389041393188,2427.464065739369,2439.670654296875,1152942
2024-11-26,2444.483558113804,2449.9914354181315,2394.714715084237,2406.177001953125,522817
2024-11-27,2411.5357567774495,2427.414181513433,2386.725718127476,2422.104736328125,560953
2024-11-28,2422.9485461076524,2440.5140062584087,2391.687895195348,2397.096435546875,920475
2024-11-29,2383.7487633514174,2426.4220343023376,2378.6874180220843,2415.9521484375,598013
2024-12-02,2438.3804480589497,2477.5306434976874,2432.3763698028565,2474.4541015625,886621
2024-12-03,2481.1529375660302,2553.2510642404864,2481.004174229802,2536.777099609375,1504046
2024-12-04,2550.2239158123393,2550.2239158123393,2484.4773122818137,2499.561767578125,565355
2024-12-05,2514.547300261805,2514.547300261805,2453.861795174687,2493.111328125,518320
2024-12-06,2500.7527727970532,2518.6160021532987,2486.214185818553,2502.390380859375,328425
2024-12-09,2508.2455234931776,2512.7609994967793,2462.198183449799,2469.93896484375,343525
2024-12-10,2478.8208375325685,2504.821711756928,2465.0759780558137,2501.050537109375,549109
2024-12-11,2501.0503263637866,2524.1236622952943,2493.9547522280955,2512.21484375,394565
2024-12-12,2510.7762409453935,2518.3185905992186,2477.6301218724357,2504.57373046875,282735
2024-12-13,2498.9169479620523,2510.776098865195,2446.2699935583814,2502.737548828125,286975
2024-12-16,2502.7374849625676,2527.746198979471,2492.7640427634606,2508.69189453125,311223
2024-12-17,2494.8977201035104,2508.6920059694944,2414.5628558945996,2434.410888671875,934501
2024-12-18,2419.524724390402,2473.0647412586973,2409.997572293166,2460.41162109375,671227
2024-12-19,2430.3914693064603,2447.510396560661,2404.589028227666,2440.96044921875,622765
2024-12-20,2451.2320606423023,2451.2320606423023,2363.652615560649,2373.477294921875,575609
2024-12-23,2377.2484066836478,2401.4631515270758,2361.9158501471557,2370.15283203125,624465
2024-12-24,2370.84749425797,2415.1581301267615,2354.5225359002866,2408.70751953125,377743
2024-12-26,2412.62765255156,2429.3991428572285,2398.4362610622366,2420.02099609375,384423
2024-12-27,2420.963648116336,2470.8814959176757,2399.378913807449,2402.058349609375,456684
2024-12-30,2400.421089984043,2410.444200987535,2315.7195146944614,2335.716552734375,2546678
2024-12-31,2341.9686664653173,2356.8546919116043,2328.2240483412543,2350.50341796875,649708
2025-01-01,2347.0297183831003,2401.85990525019,2329.1664900825103,2388.313720703125,330907
2025-01-02,2400.9174147521885,2488.9433946464055,2383.7984859014505,2482.443115234375,1247379
2025-01-03,2494.8976141287017,2494.8976141287017,2448.750939881691,2464.08349609375,766578
2025-01-06,2469.095273552588,2476.042085013548,2383.50063233719,2395.5087890625,592677
2025-01-07,2401.661516785072,2432.227534219888,2348.7664635710858,2366.381591796875,529516
2025-01-08,2363.00764820696,2376.8019341254485,2325.1970487081107,2343.854248046875,678020
2025-01-09,2342.067827953816,2348.419101420487,2293.4401484751143,2308.772705078125,956229
2025-01-10,2314.776905510494,2332.0942662714556,2255.381568384134,2265.901123046875,638304
2025-01-13,2259.797889037789,2260.9390540184945,2154.90084104068,2160.0615234375,896851
2025-01-14,2161.8972191341236,2246.7972245525725,2161.8972191341236,2218.017578125,707155
2025-01-15,2220.0521486739904,2244.663757930091,2208.4905241370016,2233.39990234375,1051263
2025-01-16,2252.6030772399054,2288.6270648268833,2245.8050287362635,2260.74072265625,661212
2025-01-17,2270.614839082021,2289.6192326260284,2236.9725220780215,2283.76416015625,569486
2025-01-20,2296.417447204369,2297.2114169915435,2227.9417324865203,2275.52734375,684192
2025-01-21,2285.5008619861346,2308.82229935334,2264.8588604550737,2274.485107421875,687145
2025-01-22,2286.493401517651,2291.4554097674722,2227.0486395990156,2255.97705078125,600777
2025-01-23,2245.2589807758654,2288.9743202837003,2231.5143638077507,2282.623046875,336213
2025-01-24,2283.516106325196,2289.7682849300018,2240.842837063143,2253.4462890625,576285
2025-01-27,2247.591182893762,2257.465530316044,2201.2955030728276,2214.44482421875,663070
2025-01-28,2236.873256651703,2356.8545158728816,2200.204065165033,2318.0517578125,1446186
2025-01-29,2341.075497919097,2519.9062272173987,2338.892262741015,2446.02197265625,3167978
2025-01-30,2440.3651686247103,2486.0653101192593,2411.3870907692617,2436.593994140625,879247
2025-01-31,2438.8766817528913,2473.561070370789,2422.0058539910847,2439.223876953125,681021
2025-02-01,2447.2622275263266,2667.575372096823,2417.043648721399,2535.685302734375,2148989
2025-02-03,2530.524926931747,2640.9792815004944,2508.443989726142,2633.5859375,3036331
2025-02-04,2639.68911068305,2699.3325480899994,2617.4097416016994,2624.306884765625,1473984
2025-02-05,2634.8261415221714,2639.7881493216482,2577.663714757984,2597.16455078125,594760
2025-02-06,2597.1149155327266,2607.98166429575,2566.052697852778,2571.659912109375,306299
2025-02-07,2590.763655857176,2610.562018876706,2557.220434071227,2585.85107421875,493929
2025-02-10,2596.1226352454564,2629.864290290696,2516.3336419938764,2538.960205078125,440811
2025-02-11,2526.406315750951,2538.9600987912663,2451.9265289074697,2466.117919921875,366437
2025-02-12,2481.003940891619,2483.484944832511,2401.6118147830875,2474.503662109375,527642
2025-02-13,2471.0802261471717,2505.0203157359347,2442.300576926984,2456.591064453125,396181
2025-02-14,2457.1863315404203,2466.71348369809,2350.503160845511,2383.153076171875,483107
2025-02-17,2383.153053121176,2384.74099256061,2338.1477869183755,2347.724365234375,459708
2025-02-18,2342.5641616920198,2353.927112451756,2319.342059333383,2335.76611328125,514133
2025-02-19,2324.9985124179993,2378.786630576342,2312.345392042593,2363.80126953125,631536
2025-02-20,2356.95366338596,2406.5737405098753,2327.181617111611,2400.867431640625,645674
2025-02-21,2396.2528798884778,2398.9323156167557,2285.054237737895,2307.283935546875,1384743
2025-02-24,2292.0010776827803,2357.797349749536,2257.267022986888,2344.4990234375,505656
2025-02-25,2349.0147381040583,2377.794386352904,2329.7125742011694,2342.712890625,455790
2025-02-27,2342.712801199301,2366.133576484089,2286.5926830847106,2321.177734375,558324
2025-02-28,2300.3869951977085,2300.3869951977085,2176.0886901293247,2208.58984375,1399849
2025-03-03,2251.7096320436826,2317.2578082237833,2231.018203410105,2306.192626953125,1316845
2025-03-04,2272.5500327758728,2317.2577740470383,2235.186208836615,2276.469970703125,1208564
2025-03-05,2291.0585474094655,2329.563537622955,2263.1719641143545,2312.990478515625,695924
2025-03-06,2340.0831976938052,2340.0831976938052,2275.130555188638,2301.875732421875,651917
2025-03-07,2314.280519463123,2341.174699600948,2290.165112248315,2315.173583984375,683846
2025-03-10,2315.17372100062,2323.609135057063,2227.941712554685,2240.0986328125,480419
2025-03-11,2229.926392274027,2281.6800387319004,2201.940715647858,2271.45849609375,574902
2025-03-12,2273.5920561460753,2282.474001972034,2225.162809810342,2241.835205078125,519721
2025-03-13,2237.91524280863,2270.565158042332,2228.9836285432416,2233.796630859375,413139
2025-03-17,2241.3886147804146,2295.871364068917,2238.907610854972,2249.575927734375,582066
2025-03-18,2249.575927734375,2249.575927734375,2249.575927734375,2249.575927734375,0
2025-03-19,2306.341241816198,2324.700670806559,2286.195441548045,2302.12353515625,610676
2025-03-20,2330.3078585870176,2335.1707720872882,2290.959229723236,2328.96826171875,597377
2025-03-21,2337.9494941002613,2431.384011335949,2332.193516146926,2395.5087890625,1871573
2025-03-24,2415.505618370257,2439.075157579909,2376.851622523539,2426.124267578125,703461
2025-03-25,2445.2776558951064,2445.2776558951064,2391.6879670077947,2403.1005859375,767700
2025-03-26,2406.5882784155947,2441.466369407125,2398.616143331816,2420.73876953125,512282
2025-03-27,2403.5489388987435,2452.378268026745,2361.745102721701,2447.0966796875,636174
2025-03-28,2454.4209913005893,2459.4035755297828,2393.1352052815128,2411.42138671875,582409
2025-04-01,2416.5534983869325,2450.6343279329353,2384.5652083705313,2432.348388671875,463333
2025-04-02,2441.4664780782055,2509.6780132668678,2435.038992538869,2487.406005859375,832671
2025-04-03,2461.396805194608,2492.288829875188,2432.7469435956828,2467.42578125,529522
2025-04-04,2464.4361419325587,2542.064710298947,2441.8648884140093,2456.3642578125,567198
2025-04-07,2237.4295391663168,2386.558193898423,2213.3637536761094,2359.9013671875,1050483
2025-04-08,2386.7077082430865,2440.4697431468057,2352.278002735008,2429.1591796875,692612
2025-04-09,2441.466366639102,2480.0315214051057,2408.6810584603363,2466.62841796875,898839
2025-04-11,2502.901499627581,2521.1876815111636,2487.3559824271965,2504.5458984375,912929
2025-04-15,2576.992708345919,2591.442203423651,2536.932777547085,2577.490966796875,1045478
2025-04-16,2579.982304707342,2615.657659085179,2558.4574419290198,2605.094482421875,591510
2025-04-17,2590.943934768994,2680.6304555879206,2590.943934768994,2669.9677734375,891895
2025-04-21,2685.6130931695066,2735.538688061787,2658.906391117412,2726.07177734375,454985
2025-04-22,2745.403953999395,2761.8464822175406,2713.8144181413722,2728.96142578125,1128946
2025-04-23,2728.961426789604,2806.291232602645,2711.0241232722724,2796.923828125,465708
2025-04-24,2788.2541908945814,2810.1775619452183,2740.9196397625255,2764.238037109375,605270
2025-04-25,2781.278670139333,2799.913487526285,2685.613047662308,2728.363525390625,711996
2025-04-28,2735.4387796273218,2838.9767840246204,2700.5606895409987,2783.371337890625,859499
2025-04-29,2764.3377288761817,2788.054878452491,2670.7648944181365,2693.1865234375,2948364
2025-04-30,2693.485389647593,2699.4644909542567,2645.752328198827,2662.693115234375,1551074
2025-05-02,2691.0937999949733,2742.414418658088,2690.595541561351,2710.52587890625,1412488
2025-05-05,2722.284852979689,2786.460442536094,2717.8005270336284,2772.907958984375,833618
2025-05-06,2784.2681958927687,2820.0430549949015,2748.3935877853455,2763.839599609375,961359
2025-05-07,2745.4040893182378,2801.2090363243437,2745.4040893182378,2782.57421875,779782
2025-05-08,2790.247200072311,2798.4185896430445,2670.864431925453,2686.2109375,888115
2025-05-09,2635.7870586310546,2676.7439983326867,2630.8044743992377,2654.421875,964332
2025-05-12,2715.508622921097,2764.3379522873847,2710.2270345560783,2751.084228515625,701314
2025-05-13,2754.372762891776,2771.1142957815878,2690.5956801041225,2702.952392578125,657860
2025-05-14,2710.924424659105,2728.4632190737084,2679.6338919244713,2717.800537109375,609489
2025-05-15,2717.8004603926565,2785.0653479342127,2699.564153334452,2780.082763671875,1126642
2025-05-16,2790.1475826734895,2843.959495498747,2767.3274428840678,2831.602783203125,823478
2025-05-19,2844.5575094995424,2868.8724247011432,2805.3943464174818,2815.260009765625,841294
2025-05-20,2830.1079349697816,2830.1079349697816,2734.741318354379,2741.6171875,680986
2025-05-21,2751.4827769890126,2798.2193200251863,2731.5524399517963,2757.6611328125,486324
2025-05-22,2757.461993217671,2800.2124706311324,2707.53639953907,2793.03759765625,785085
2025-05-23,2812.1707421449782,2814.363030706174,2767.8257393010904,2770.9150390625,537902
2025-05-26,2784.26821583304,2805.195070712243,2760.0528065290528,2767.128173828125,656043
2025-05-27,2780.2820771722277,2795.7280887120733,2736.2360800198794,2789.9482421875,457064
2025-05-28,2789.948164378982,2803.102138084789,2769.4200633307473,2791.741943359375,479024
2025-05-29,2807.9852893729094,2823.032548159492,2781.0793338404724,2798.8173828125,601733
2025-05-30,2785.3644982106657,2799.2159858727146,2723.580450106676,2771.1142578125,1690693
2025-06-02,2775.299520200133,2787.1579737961965,2712.61870555193,2753.774658203125,673513
2025-06-03,2754.4723258401873,2768.822071182005,2725.9718465785045,2735.239501953125,453177
2025-06-04,2740.4214777955312,2770.715494270331,2736.1364064631084,2750.78515625,440642
2025-06-05,2760.052659033512,2760.052659033512,2694.7808056364665,2708.13427734375,969443
2025-06-06,2729.459850471644,2749.390188919776,2698.56782587704,2738.229248046875,825448
2025-06-09,2755.369135879052,2759.3552033450615,2708.5328431534404,2733.64501953125,645071
2025-06-10,2735.43896484375,2754.3727864583334,2722.583993800481,2735.43896484375,570176
2025-06-11,2740.421533326473,2799.216031677841,2735.438948720425,2761.348388671875,1303148
2025-06-12,2772.3098693098095,2780.282004088558,2717.501442705913,2729.858154296875,418847
2025-06-13,2695.5781685595603,2738.2291398107163,2645.8520734131403,2731.35302734375,554368
2025-06-16,2731.3530843168387,2789.8488212022676,2710.0277198915637,2786.759521484375,568490
2025-06-17,2797.2228628046932,2798.219379677798,2759.4549706301286,2767.526611328125,480492
2025-06-18,2767.5267218166828,2815.160278910819,2750.8849380294923,2766.231201171875,792908
2025-06-19,2752.578984352178,2807.188160158504,2752.578984352178,2770.21728515625,597873
2025-06-20,2781.876580031264,2823.829794109524,2746.5002312934835,2802.30517578125,1007979
2025-06-23,2790.2472387227085,2800.1126584292347,2757.4619309838176,2768.921875,414211
2025-06-24,2791.1441544463864,2863.690635154248,2791.1441544463864,2827.21826171875,1407004
2025-06-25,2840.0730069849765,2914.811770326686,2839.0764901404204,2906.640380859375,1137136
2025-06-26,2918.797991193299,2926.670377363173,2886.5109410479263,2918.6982421875,949146
2025-06-27,2916.80480586489,2949.988865467695,2901.4585437650953,2929.06201171875,2231250
2025-06-30,2937.73168727778,2940.8209868430517,2871.961574876039,2907.836181640625,1372365
2025-07-01,2924.776940304514,2925.7734571495926,2874.851349049998,2883.521240234375,840834
2025-07-02,2894.482938795188,2905.7433845639807,2869.968526977821,2888.204833984375,606782
2025-07-03,2907.83637340009,2936.3368546364295,2883.1227051188976,2889.101806640625,787076
2025-07-04,2889.8989479430593,2902.3554089255726,2839.3755908560365,2870.068359375,494247
2025-07-07,2866.0823756372747,2882.425155607936,2852.13113892906,2866.87939453125,256130
2025-07-08,2878.937315791639,2878.937315791639,2790.247311947591,2820.84033203125,495704
2025-07-09,2800.212507467947,2834.0940822914026,2800.212507467947,2830.207763671875,316919
2025-07-10,2830.1078511295204,2834.0939185254774,2812.1705478477134,2820.242431640625,307147
2025-07-11,2800.2124488762706,2818.9470149858785,2736.4353681901207,2744.90576171875,553847
2025-07-14,2744.9056482982687,2797.920295769996,2740.91958092009,2792.439453125,1072824
2025-07-15,2790.247237868284,2891.592954957093,2789.250720997617,2874.951171875,916986
2025-07-16,2873.9547725139105,2891.892076919337,2855.020951197071,2887.20849609375,451252
2025-07-17,2887.2085121826144,2899.664973644685,2861.996585525331,2868.77294921875,586027
2025-07-18,2880.1329298275355,2888.105064568344,2835.0904172000164,2839.37548828125,410749
2025-07-21,2840.471538941836,2875.2501230669113,2821.2389583215154,2825.62353515625,485377
2025-07-22,2825.6235086626516,2833.8946471185845,2777.790700192961,2785.6630859375,355925
2025-07-23,2799.6144992368663,2825.7234368140766,2783.371468296421,2792.83837890625,545414
2025-07-24,2808.9819264718503,2818.149833424656,2772.3100553703653,2787.955322265625,395856
2025-07-25,2787.9552200330427,2790.1475085058923,2719.1955554729807,2764.736328125,909208
2025-07-28,2764.7364583932995,2822.9331927661856,2740.421542748293,2789.151123046875,601547
2025-07-29,2780.2820678984185,2815.160158355926,2775.199734544224,2792.041015625,820647
2025-07-30,2805.0952436321777,2815.1601613481425,2744.905721923348,2783.86962890625,624411
2025-07-31,2750.386561791984,2836.08701263043,2745.4039774409116,2792.041015625,1287444
2025-08-01,2815.1603156249234,2874.0545632608287,2789.35062456061,2848.24462890625,2512045
2025-08-04,2879.9338393426083,2957.6621574978763,2872.5597116029558,2932.2509765625,1942925
2025-08-05,2940.721287430989,2978.4891795400436,2902.8536463186956,2972.80908203125,1159503
2025-08-06,2969.620242133065,2991.344358334236,2929.65981873994,2942.415283203125,700188
2025-08-07,2941.717770706138,3009.580666187918,2921.089920362285,3002.90380859375,830216
2025-08-08,3004.3986139085137,3013.666269457137,2949.6899350641343,2958.558837890625,387198
2025-08-11,2974.602975023739,2988.5542117575183,2946.999505287098,2970.816162109375,569270
2025-08-12,2983.9700774942826,2989.5506693932525,2945.2056677972523,2953.476806640625,612973
2025-08-13,2967.42813469563,3034.194768373015,2953.4768978078177,3008.683837890625,1546062
2025-08-14,3023.432262112436,3029.311614482049,2975.2009416677474,3009.780029296875,1075908
2025-08-18,3144.907525927069,3244.459708265489,3121.489379234774,3208.4853515625,3748828
2025-08-19,3208.7844500758342,3246.4528379304293,3198.62002625228,3240.5732421875,1233895
2025-08-20,3240.772668225392,3261.0017664161196,3209.980150417317,3218.55029296875,886979
2025-08-21,3236.4876048749866,3296.477873011153,3216.7565217896013,3269.47216796875,1427568
2025-08-22,3269.5717852410303,3293.4881896438906,3262.0979088651366,3283.12451171875,1323997
2025-08-25,3298.4709595885456,3306.4430948383065,3248.4458595543488,3273.259033203125,733843
2025-08-26,3262.6961228518276,3285.815266580211,3241.868773391614,3260.90234375,1060760
2025-08-28,3337.3350046518685,3337.3350046518685,3234.693766825908,3244.658935546875,856511
2025-08-29,3227.817873436933,3302.357140276697,3226.7216075697747,3265.187255859375,1023381
2025-09-01,3283.6229724462696,3361.949055717122,3269.173477229315,3344.510009765625,803428
2025-09-02,3349.293139008144,3382.1781951186076,3321.4904161581235,3357.86328125,641932
2025-09-03,3355.3719880162316,3401.7100216111817,3339.527224103165,3388.456298828125,752456
2025-09-04,3487.8090753724814,3487.8090753724814,3410.4792682709785,3421.24169921875,1331870
2025-09-05,3438.2822797490917,3469.1743033887237,3434.0969574624187,3464.49072265625,786141
2025-09-08,3476.2492856837926,3590.151210410208,3476.2492856837926,3578.791015625,1406946
2025-09-09,3578.7910956600663,3584.770196899732,3532.054308329193,3553.878173828125,675896
2025-09-10,3570.8189734432794,3579.887131048383,3467.380472969108,3483.12548828125,916961
2025-09-11,3483.1254115392494,3512.721913471298,3443.463992056758,3499.866943359375,545731
2025-09-12,3507.739313953919,3544.4111827123957,3467.7788909305614,3480.2353515625,437676
2025-09-15,3496.08011430235,3516.7079644439577,3457.614466567567,3465.28759765625,561079
2025-09-16,3477.245801583075,3509.832097233786,3469.8716742038523,3487.709228515625,771880
2025-09-17,3492.6920220847774,3512.323599852653,3478.9402833529157,3487.908935546875,335818
2025-09-18,3506.5436085457454,3540.1261783849714,3478.9401399226517,3534.246826171875,637171
2025-09-19,3531.7556826815567,3533.6489674969366,3503.4544564262624,3517.106689453125,469027
2025-09-22,3524.6802636657735,3557.067062808872,3508.636244312628,3513.320068359375,364825
2025-09-23,3526.4740319909897,3587.361068220306,3484.221569725065,3500.46484375,491046
2025-09-24,3487.809195298925,3503.1554584421356,3431.306734993135,3440.972900390625,693587
2025-09-25,3440.972826855412,3450.240482605776,3387.459918432046,3396.528076171875,786698
2025-09-26,3392.1434020179067,3441.76999045871,3380.3844543751884,3402.507080078125,610742
2025-09-29,3404.0019837278496,3438.979824257936,3376.0000047928056,3427.61962890625,743356
2025-09-30,3441.3714061966957,3447.5500056826086,3391.4460548852817,3426.72265625,499575
2025-10-01,3436.2891931908093,3468.6759916704414,3418.052885696535,3445.756103515625,287239
2025-10-03,3447.9483301505084,3452.9309144426334,3355.471517030618,3444.06201171875,515537
2025-10-06,3447.9485288769365,3508.8358097521113,3415.661478119165,3498.671142578125,806627
2025-10-07,3496.7776370522847,3529.5629441987167,3482.3281426843,3501.261962890625,403033
2025-10-08,3510.5298300011386,3522.6872876824714,3462.0990107101065,3470.868408203125,281210
2025-10-09,3474.954068981056,3482.427945493771,3435.1928999592637,3474.455810546875,454868
2025-10-10,3472.562230570188,3510.728874715494,3453.927414068664,3478.142822265625,315926
2025-10-13,3462.9958250432674,3522.6870874264164,3426.7224654956185,3490.997802734375,610644
2025-10-14,3491.79523114301,3505.74646779712,3462.0989787497806,3492.791748046875,509821
2025-10-15,3510.6291217261737,3566.2348107437447,3492.8913163870548,3562.447998046875,1116729
2025-10-16,3572.5131183348553,3617.05737550374,3544.0126374247825,3564.042724609375,757797
2025-10-17,3564.0426463360463,3645.258772626103,3563.046129449052,3641.272705078125,1173044
2025-10-20,3686.1158330276003,3687.112349878919,3626.1255672362686,3639.279541015625,607833
2025-10-21,3655.2240266992394,3668.1787465321427,3627.3215532129852,3645.557861328125,60230
2025-10-23,3707.0427295644376,3707.0427295644376,3571.71569094003,3584.67041015625,870969
2025-10-24,3583.474661848148,3626.524141942,3571.6162084200905,3587.261474609375,450646
2025-10-27,3607.191836453769,3632.304013071273,3590.749307999537,3627.2216796875,363802
2025-10-28,3637.286500325704,3667.182005807833,3511.5261225889303,3549.593017578125,1390930
2025-10-29,3587.4608467198186,3601.21282862363,3477.8439875144904,3486.712890625,2288619
2025-10-30,3493.68833243042,3522.6870701257717,3468.3769017178925,3479.537841796875,1453161
2025-10-31,3484.8195608224114,3534.64540527226,3481.53100643067,3496.478759765625,838519
2025-11-03,3499.667487234934,3522.687124174352,3474.3560561340532,3498.2724609375,932956
2025-11-04,3497.874054848809,3519.000164391291,3443.0656255549716,3461.0029296875,3540359
2025-11-06,3462.8961609758485,3504.949124689936,3400.215346486085,3434.79443359375,972150
2025-11-07,3418.0528210467182,3456.9169784871915,3329.3628207338443,3444.759521484375,1074925
2025-11-10,3439.079442486584,3491.6953382096335,3439.079442486584,3478.64111328125,782233
2025-11-11,3489.1045815699176,3492.791645347755,3434.0968987520205,3462.098876953125,633478
2025-11-12,3469.5727395176423,3479.737162939148,3432.3031058753686,3442.467529296875,641642
2025-11-13,3442.9658758546443,3462.8962137756553,3430.210410927146,3438.581298828125,415874
2025-11-14,3433.0005820012598,3458.611016639997,3357.2653006566748,3374.704345703125,1156532
2025-11-17,3395.631278697272,3468.875269595071,3373.2096488305992,3463.294677734375,1333551
2025-11-18,3472.8613862254424,3485.517102159948,3448.9449806961998,3467.779052734375,727156
2025-11-19,3462.896123031095,3492.6918801261113,3429.213804169174,3465.586669921875,652297
2025-11-20,3485.8160407621863,3489.303849836705,3451.9344668954295,3474.25634765625,517982
2025-11-21,3467.978516678762,3472.8613521102466,3417.156155428368,3429.911376953125,535665
2025-11-24,3439.7771122652866,3456.9171544276887,3411.87463883664,3429.512939453125,1480534
2025-11-25,3429.2139067705293,3462.69697191832,3425.327588177598,3435.791015625,361442
2025-11-26,3445.7560472549967,3531.0577444990495,3422.3379010443923,3526.274658203125,689565
2025-11-27,3529.662742697156,3562.3485445907977,3490.8983338893377,3505.746337890625,565331
2025-11-28,3507.639769434203,3557.5653638735753,3494.1867911674544,3519.199462890625,542882
2025-12-01,3537.635015570982,3653.131227636477,3536.738247671871,3649.045654296875,1616247
2025-12-02,3647.052613843972,3671.0685252557337,3633.3006319109963,3657.91455078125,939558
2025-12-03,3657.217043620961,3662.1996281490547,3594.934737019786,3619.150146484375,506439
2025-12-04,3627.32136403267,3662.1994540714454,3610.878835871533,3633.698974609375,602960
2025-12-05,3633.4997373875285,3674.356928772496,3614.0676585580927,3652.6328125,331003
2025-12-08,3657.3166695092355,3661.003733277853,3577.6948254564945,3600.116455078125,472896
2025-12-09,3575.502459710887,3609.7825420531085,3530.6592014369207,3601.91015625,606495
2025-12-10,3619.3492729867944,3640.9736404145956,3581.9798903499536,3594.037841796875,400339
2025-12-11,3582.577998581911,3629.8128022476994,3576.499148185859,3624.73046875,446958
2025-12-12,3618.3528456589997,3647.251835613313,3610.3807104991893,3642.468505859375,290853
2025-12-15,3639.179990474698,3641.173024286024,3578.9904666887555,3626.6240234375,327503
2025-12-16,3626.3250063638707,3638.681718632519,3585.3680643757266,3606.99267578125,266040
2025-12-17,3605.198737924302,3646.4544385339095,3598.4223746311122,3626.22509765625,423064
2025-12-18,3626.2252792270797,3639.578751768517,3548.9952188566117,3579.68798828125,835779
2025-12-19,3579.7877101265076,3661.900605407069,3579.7877101265076,3653.23095703125,602861
2025-12-22,3664.7906583353974,3721.890882222443,3657.2170325594975,3696.67919921875,592689
2025-12-23,3701.0636376231264,3701.0636376231264,3662.6977383101244,3673.659423828125,261018
2025-12-24,3673.659451799978,3703.1564485527474,3638.3828518168193,3652.43359375,644417
2025-12-26,3652.134664348345,3662.2993312905664,3613.7687639625005,3621.442138671875,223878
2025-12-29,3621.441993765964,3651.138001361059,3556.4689003008966,3561.75048828125,462957
2025-12-30,3562.5479250062567,3641.2727602721293,3536.7382345579795,3621.9404296875,1497535
2025-12-31,3636.2900627258546,3712.0253449311613,3628.3179277568747,3706.843505859375,602873
2026-01-01,3723.983621524885,3786.6644366502906,3709.434377600738,3781.18359375,611579
2026-01-02,3829.614375389143,3883.924545427839,3812.3745846821116,3834.397705078125,1002294
2026-01-05,3849.544706917838,3895.3844833916205,3829.116110880609,3850.740478515625,528557
2026-01-06,3855.523834858615,3868.478554386442,3821.742009713692,3852.634033203125,382299
2026-01-07,3837.3871505793554,3868.8769371960225,3807.2923902423845,3826.823974609375,341204
2026-01-08,3826.8241526221755,3840.576134507056,3778.692337670224,3788.458251953125,367668
2026-01-09,3786.7641384746007,3835.2944618017373,3738.2338151474637,3746.106201171875,567897
2026-01-12,3732.952282368253,3758.0644594218084,3641.5717319090672,3741.7216796875,588225
2026-01-13,3745.2093808189397,3757.865096341089,3686.614140523431,3742.3193359375,1075385
2026-01-14,3756.868741597412,3756.9684906042744,3669.1752537298858,3677.5458984375,601520
2026-01-15,3677.5458984375,3677.5458984375,3677.5458984375,3677.5458984375,0
2026-01-16,3696.4796144038664,3707.4413000751124,3628.1187024646124,3655.024658203125,1324087
2026-01-19,3647.2518980765126,3697.974511583385,3618.3529076272725,3689.005859375,589483
2026-01-20,3688.1088937290424,3706.4447066114335,3584.670395146898,3603.10595703125,533454
2026-01-21,3587.3610746253203,3597.326243579851,3512.9213111930294,3589.453857421875,965963
2026-01-22,3614.9647601208508,3652.134645409976,3534.74515063916,3557.6650390625,436109
2026-01-23,3557.665133033827,3600.4156113408953,3523.883063665134,3537.435791015625,618661
2026-01-27,3587.460806123879,3587.460806123879,3495.282993744307,3555.572265625,963692
2026-01-28,3565.6370419999503,3735.941674525519,3483.822911213981,3715.413330078125,2151909
2026-01-29,3703.953586201498,3744.3125208466226,3589.85240059985,3642.269287109375,950498
2026-01-30,3652.2343525001943,3696.9778629405073,3614.466460195625,3664.591064453125,994421
2026-02-02,3597.425965116512,3642.2692250694877,3546.404349116955,3633.101318359375,594725
2026-02-03,3803.4058270440196,3806.694381319439,3683.2260404560934,3713.32080078125,895529
2026-02-04,3705.8470928298607,3761.851293898187,3692.9918788580135,3714.4169921875,889710
2026-02-05,3714.416815467231,3725.976508262293,3678.9409615231825,3699.76806640625,593814
2026-02-06,3687.112453958527,3759.8581861582497,3654.3271459407815,3745.40869140625,735378
2026-02-09,3766.8339155670437,3771.8165001114444,3702.857578674989,3751.587158203125,545338
2026-02-10,3738.9312438882107,3765.837199001479,3731.955625895882,3749.294921875,816771
2026-02-11,3766.833768227168,3875.454107046417,3746.5049213972807,3851.637451171875,1125178
2026-02-12,3861.5030402779826,3890.302281765499,3840.0779266351497,3867.681396484375,445270
2026-02-13,3848.1496095718376,3880.4366585673924,3818.8518678704454,3851.13916015625,260604
2026-02-16,3846.555067582082,3876.2513185753505,3780.386445600914,3794.13818359375,333076
2026-02-17,3794.1382784379607,3870.0730594630986,3773.809431365403,3864.293212890625,377690
2026-02-18,3871.467981615178,3884.7217044445224,3840.675708112253,3871.667236328125,245619
2026-02-19,3874.45775336577,3883.326656565343,3806.694603358344,3816.759521484375,309698
2026-02-20,3816.75944561762,3854.427589505505,3778.493050988136,3802.90771484375,386586
2026-02-23,3821.64229181674,3881.234050787866,3800.9146917454455,3815.762939453125,605954
2026-02-24,3816.6596966123107,3821.64228107264,3730.361236443303,3802.90771484375,896496
2026-02-25,3798.822164592368,3931.2591630347747,3786.9634675307316,3918.304443359375,647290
2026-02-26,3937.1384475879736,3956.172017330021,3904.4528885253594,3940.427001953125,642743
2026-02-27,3940.427114388986,3954.378351120223,3842.5692025465023,3856.221435546875,1408870
2026-03-02,3766.833797549028,3893.5906957291354,3732.9522237086403,3799.818603515625,1002069
2026-03-04,3712.0252910715762,3752.6832274814974,3632.6029462535444,3733.649658203125,1217791
2026-03-05,3761.851119419065,3820.3466100219157,3722.9869621588414,3805.099853515625,711113
2026-03-06,3793.639963153868,3811.6770157602323,3754.7758053461166,3770.81982421875,571666
2026-03-09,3686.116017200884,3693.2908902308145,3570.021798221727,3615.1640625,1049321
2026-03-10,3695.084708557983,3779.88839505917,3648.746672164254,3771.916259765625,957425
2026-03-11,3766.8338341963254,3784.2728797250124,3577.9938840428326,3588.258056640625,1248097
2026-03-12,3541.7206783573606,3552.383360128151,3390.947628401783,3410.6787109375,2588732
2026-03-13,3387.758926122596,3394.1365369204955,3270.8674459375998,3312.92041015625,1447445
2026-03-16,3318.3014127849397,3377.89316999401,3275.8499402929783,3363.045166015625,985489
2026-03-17,3378.1921932050045,3492.791633387475,3340.5238068174112,3479.8369140625,1460188
2026-03-18,3497.7741615883187,3566.4340755922867,3487.808993036785,3560.35546875,1218633
2026-03-19,3487.7092284502087,3495.681363255812,3408.3866331086056,3442.16845703125,1045013
2026-03-20,3457.016737310075,3519.697550505526,3438.082916964773,3450.140625,744363
2026-03-23,3428.017983058608,3428.017983058608,3370.220005437271,3400.61376953125,748254
2026-03-24,3446.4537242057745,3488.5066890395497,3398.720661657933,3467.579833984375,1302031
2026-03-25,3507.739499083129,3577.4956823035322,3490.7987117296025,3530.858642578125,1068845
2026-03-27,3508.7359803207855,3508.7359803207855,3425.0285613071687,3433.199951171875,950570
2026-03-30,3395.10009765625,3415.10009765625,3350.0,3363.800048828125,1324384
2026-04-01,3434.699951171875,3502.0,3394.300048828125,3425.800048828125,1234217
2026-04-02,3400.0,3405.89990234375,3293.800048828125,3391.39990234375,920766
2026-04-06,3467.89990234375,3504.10009765625,3410.39990234375,3487.800048828125,959786
2026-04-07,3465.0,3478.89990234375,3410.10009765625,3470.60009765625,617694
2026-04-08,3640.0,3736.0,3573.89990234375,3701.39990234375,1532962
2026-04-09,3705.300048828125,3768.5,3663.699951171875,3727.10009765625,796908
2026-04-10,3761.0,3850.5,3755.0,3839.89990234375,1331891
2026-04-13,3769.800048828125,3779.39990234375,3711.0,3738.10009765625,625221
2026-04-15,3790.5,3824.0,3747.0,3783.300048828125,567723
2026-04-16,3828.0,3828.0,3739.89990234375,3757.199951171875,784975
2026-04-17,3760.10009765625,3787.0,3722.0,3735.800048828125,574208
2026-04-20,3735.800048828125,3782.0,3701.10009765625,3761.89990234375,724613
2026-04-21,3781.0,3807.89990234375,3748.10009765625,3752.699951171875,439113
2026-04-22,3724.10009765625,3770.5,3648.39990234375,3660.699951171875,571597
2026-04-23,3636.0,3636.0,3482.199951171875,3513.0,2250372
2026-04-24,3513.0,3543.300048828125,3462.699951171875,3488.199951171875,734340
2026-04-27,3500.5,3564.10009765625,3483.60009765625,3552.60009765625,1025395
2026-04-28,3557.89990234375,3565.0,3482.800048828125,3495.89990234375,446619
2026-04-29,3513.0,3602.0,3501.0,3553.89990234375,753712
2026-04-30,3462.0,3519.0,3415.10009765625,3492.89990234375,947815
2026-05-01,3492.89990234375,3492.89990234375,3492.89990234375,3492.89990234375,0
2026-05-04,3400.0,3536.800048828125,3367.800048828125,3495.5,1154996
